territory_id,municipal_district_name,year,housing,income,health,education,mobility,environment,ecology,safety,activity,leisure,satisfaction,work_business,social_protection,family,ikz8
1.0,городской округ город Майкоп,2023,57.63423199707831,43.72548217381576,70.3567988183231,51.05970112245703,58.00045267132357,83.64049285343863,54.36577512444811,64.62948247759374,68.01661067894494,57.95087751759647,59.12349516430041,,,,60.426552154809784
1.0,городской округ город Майкоп,2024,54.87304069277811,48.92666554723426,64.29346791782059,52.8319285028258,63.27925307769391,73.52415100811871,52.58142374108999,61.9784641967679,60.55258962765962,58.22378636647917,38.74548657680757,,,,59.03604933554116
1.0,городской округ город Майкоп,2025,57.48989946910385,38.88387973736225,69.96432844983026,41.98899997663204,38.72089995495017,47.7187662749315,68.34080880711214,67.23942940381077,,45.32285102704568,,50.92450602297885,61.892734776052215,40.43202705682584,53.79337650921662
10.0,городской округ город Горно-Алтайск,2023,40.84517218865047,42.60953543813372,40.74650013043954,39.60524639239689,49.36384044543675,53.88504121929973,66.86178647154348,53.67859738494796,67.78362197690173,46.05533114483927,45.05703668194326,,,,48.44946495885607
10.0,городской округ город Горно-Алтайск,2024,40.5349618643486,44.94005324677766,34.68655534653755,45.57227650508264,50.08652205474423,66.68664652371288,70.24695867037059,51.31955183022287,61.501299099097,64.28736911330772,47.51683169041853,,,,50.50919075522462
10.0,городской округ город Горно-Алтайск,2025,47.66075924113856,39.99264939069619,53.51573941265277,49.532328952890495,38.37412526317804,49.96218918365032,69.31794437234609,61.94564336677859,,48.5268099536921,,48.49487255861001,68.37211716523176,56.47213875253991,51.28767239791638
21.0,городской округ город Уфа,2023,55.49475051290351,62.33297104008403,63.71567454894304,53.92366476734428,45.8505185840137,67.5977706999807,52.55211395976794,56.57320068681594,52.28888894907774,49.87796404641684,65.08457286523338,,,,57.25508309998164
21.0,городской округ город Уфа,2024,56.39039587842366,64.80040141976822,64.3310459209074,58.78462218863208,54.45237488901851,58.98322672972731,53.33129737518627,62.127496099617,52.91091565477983,55.26449594507418,63.33930798875755,,,,59.150107562660054
21.0,городской округ город Уфа,2025,56.51777768425319,54.58204447588312,43.892357582738576,66.18143594966187,47.37593150502189,65.03433114698547,64.64938219348878,64.09834566342226,,47.94164706624687,,64.50941342586574,56.16189130136311,60.224699806060194,57.7914507751819
23.0,городской округ город Кумертау,2023,47.83674498573312,33.09537008787076,46.88426998163302,54.78291317574043,47.17089038486579,53.34042554886391,39.57984273347017,51.77266045744115,50.54106334267821,49.40010414937366,48.19805315599447,,,,46.807889669452294
23.0,городской округ город Кумертау,2024,51.27703950150537,40.14574839451785,51.93887284359435,69.12084816531272,36.29840529860572,61.31190857753358,38.18531367612736,58.02204655049235,50.56589947508191,43.99858945684498,49.74962883032317,,,,50.78752287596116
23.0,городской округ город Кумертау,2025,50.48138567464767,25.865430566304568,46.04163120427386,63.15337786697136,54.21768332266182,58.231306027547696,58.16105950258826,51.87207130568214,,37.07171444567297,,40.8261128160592,39.35489885350988,32.571064893118844,51.002993183834676
25.0,городской округ город Нефтекамск,2023,57.3127836687099,38.9093586547495,57.0633469804442,57.40786955192593,47.62995810808063,60.58930879340706,57.43200822195313,63.47601286232638,48.26673768696503,46.52023070011272,56.79336918248652,,,,54.97758085519959
25.0,городской округ город Нефтекамск,2024,56.59805596106104,41.67489921255541,47.28958564992832,61.70934586685262,53.87664784174873,80.1243894993895,56.79635436260409,64.87793763553724,49.07386932889072,55.11496787606225,66.13561365536745,,,,57.86840200370962
25.0,городской округ город Нефтекамск,2025,53.157074517262586,38.1364940412105,39.19186778905393,51.38951888794809,37.33410558951353,77.06867272789933,59.7070467965298,61.14002878306916,,32.44408708108198,,58.19180185878164,35.88217530795849,46.63736082546528,52.140601141560865
26.0,городской округ город Октябрьский,2023,65.63932378031333,54.6723601002032,46.30319179201182,51.08171148890729,54.5434044115694,49.70431435021485,45.71355777039592,52.10805780919795,45.72134005498885,58.40209672290207,55.86100491306939,,,,52.47074018785172
26.0,городской округ город Октябрьский,2024,59.14241389183905,51.01000116432474,48.99932105341967,56.5628126362,61.93391624286515,58.98315455224959,54.44235442143737,64.85311360413527,46.32014178397561,50.71895092376146,66.39731423791996,,,,56.990885945808856
26.0,городской округ город Октябрьский,2025,56.61104055323497,37.07771505543663,50.54434808520932,55.45145434160538,43.02626812614332,58.24829744251844,66.09020091046489,56.26822139450088,,36.83793585958702,,56.56646222590962,39.67931386487645,39.0516050701627,52.91469323863923
27.0,городской округ город Салават,2023,52.00695775010789,48.15373784233666,42.22402023510406,65.51326244166373,48.44488914280624,52.95021359565472,50.61783286920963,66.46084605154068,52.72620390913258,43.41893820709957,53.50170938784775,,,,53.29646999105295
27.0,городской округ город Салават,2024,48.94350420095648,49.42756283881505,41.80970239276667,54.38601201906045,54.96102508044684,49.95393023834602,36.30247358533156,58.20243194320837,41.73201137880967,40.12165472639057,42.28045306521008,,,,49.24833028736643
27.0,городской округ город Салават,2025,60.30953863485525,35.82940248121108,40.90345125957231,53.55019140093684,40.870960255629,50.78440898502494,53.67505206614386,61.20700670560925,,35.55367667599175,,39.80514994999141,38.80125436071904,33.56594242486506,49.641251473622816
29.0,городской округ город Стерлитамак,2023,58.71454570781865,48.24179883623822,56.34148008763582,61.47954222755017,55.84124487651609,75.0639364436958,49.81759628573066,67.4266525164381,46.46035601683542,48.40649511366566,64.74313302370908,,,,59.11584962270294
29.0,городской округ город Стерлитамак,2024,57.67374718381819,46.63609577273419,59.08233926515247,61.42685889311123,61.805704050024,66.66867295916217,50.82562420825889,65.70896413628672,47.56580292876287,55.47969011353064,58.04323656395633,,,,58.728500808568484
29.0,городской округ город Стерлитамак,2025,56.266970154872055,31.41369119234777,43.14602101113612,50.49773271926741,46.06871080180703,62.5204012120931,69.5618245338657,69.59358136517308,,44.87177473830448,,47.19694974003474,34.821597628668286,45.57863766989933,53.63361662382029
40.0,Белорецкий муниципальный район,2023,54.20624538431321,35.71366879323884,46.4355381888691,43.95975463252771,51.92546788213491,53.93439784501529,56.49360319564981,56.46854795188123,45.8838031511667,54.72487718618172,44.66585984556014,,,,49.89215298420376
40.0,Белорецкий муниципальный район,2024,49.72375931899293,39.18840508170118,33.99992868083517,41.0427798654604,53.74604542801133,40.15210777136613,58.52474068061685,41.34268557583463,50.4172791298272,44.15828597333206,26.62904590125846,,,,44.71505655035233
40.0,Белорецкий муниципальный район,2025,50.52744485954611,29.924760540555734,51.38472373149124,69.02061885052721,53.00140834485224,45.268906030041975,63.3190045711952,56.77716926915463,,39.05473804448789,,35.01214518666687,54.27369393704205,37.27085068941772,52.40300452467054
44.0,Благовещенский муниципальный район,2023,48.83769179241669,49.95283143655866,66.5341490421313,47.07639194206872,49.59602232720253,59.45886365750779,46.07762992506994,53.87649737624403,53.66902530299682,53.30661038569296,43.41302278586641,,,,52.67625968739996
44.0,Благовещенский муниципальный район,2024,40.91091595888931,48.84578120426837,63.40682320859417,55.55283663337344,49.56079134166811,59.37658365814143,47.82638441889754,53.19922977941667,49.40978130502381,59.39354509788289,53.4113041337154,,,,52.33491827540613
44.0,Благовещенский муниципальный район,2025,50.0494137720896,75.66573256785883,52.490762962164034,58.40971664010558,52.531792687651496,68.60801631717406,56.5542067822601,54.17430624961384,,67.2205052736011,,60.90286513344154,57.51235739551258,53.27449830381605,58.560493497364696
85.0,городской округ город Северобайкальск,2023,52.02846875610154,38.20190383106751,41.10616403564063,59.91426403458852,49.64583837903217,55.91175973446191,50.35325828380341,50.86760722719027,51.25355650712163,58.21807668385249,45.59672620198106,,,,49.753658035235745
85.0,городской округ город Северобайкальск,2024,49.27129686277082,51.30991929381256,42.51217616229525,43.49675358314445,30.80830566735652,50.28305142069921,49.23052783411135,52.94559724038399,38.27883451502189,36.28370995261522,51.92855244940489,,,,46.23220350807177
85.0,городской округ город Северобайкальск,2025,50.470181572187535,55.038528957055846,55.26874601484876,56.17149664878394,39.08634386855783,44.23661333282514,27.592182992622508,35.55000472554455,,48.80790619073808,,44.80864909017743,59.07999755671593,43.88294950362365,45.42676226405327
107.0,городской округ город Махачкала,2023,51.9883048571848,50.26898592077038,64.84769351395782,19.36943818321313,58.09188824531735,29.89913678767241,46.47995793222842,71.14961713773955,30.81119207137555,45.68245301511409,44.47513390686429,,,,49.01187782226049
107.0,городской округ город Махачкала,2024,39.00909073978488,58.8796149438308,62.93678394432978,52.18469981939108,54.54087340623177,39.9911041603102,47.04618881828205,57.9331959369886,31.23397495656756,46.37445562917542,38.51152365321103,,,,51.56519397114364
107.0,городской округ город Махачкала,2025,50.08864743737468,47.2811992765804,49.37857819544234,45.56209021860558,34.9752950664103,23.127876526069127,48.37773404986554,77.16356263211311,,38.4776065003531,,52.96855443084203,57.26626504305612,62.18564975560905,46.99437292530763
128.0,Дербентский муниципальный район,2023,44.59781309730111,40.73648151290624,40.78041540855373,24.7669387356882,57.4447454473726,46.66428116828261,55.27772627603319,65.24728308368906,30.14274319304114,48.41283417769537,39.76793759598888,,,,46.93946059122834
128.0,Дербентский муниципальный район,2024,48.88087817912371,46.04639175079016,52.50405652373384,33.69772838511663,63.51341896219662,55.18701159963295,42.60643985694671,67.1114482342087,31.35076326825642,67.82001881514451,51.04506858480894,,,,51.19342168646867
128.0,Дербентский муниципальный район,2025,43.76973566618076,54.08069561329805,51.93569429387416,41.52902163336049,56.03120040517037,48.52719566394217,17.28978785639732,68.52735783714964,,45.33357003690747,,35.66659528044531,31.769860154435744,60.52495723235196,47.71133612117162
152.0,Хасавюртовский муниципальный район,2023,43.01301073563098,39.46119679326318,60.31607662452784,13.76603434243829,62.01517256031524,33.16661085324363,47.36905871284728,53.66683845343264,36.33276450059115,55.40910421512537,40.216442684422,,,,44.09674988446238
152.0,Хасавюртовский муниципальный район,2024,32.82578074063733,29.01091445330186,43.4210000723686,14.20128138732202,47.23428883385307,34.61064905985572,40.51594210721846,69.41135184021412,33.17710739728972,37.97486646091418,44.97502071875527,,,,38.9039010618464
152.0,Хасавюртовский муниципальный район,2025,38.89144435152631,51.44812808741841,56.114044340890544,41.45446886514559,39.04710976180446,22.631076686492907,40.86725574694795,77.07904664069059,,40.808676679586725,,50.8834916652741,50.05679326295282,70.54378736607589,45.941571810114596
158.0,городской округ город Магас,2023,51.72827201166613,45.45980232564416,40.60732093591243,49.96125230860729,46.14794583207714,47.82771708043795,54.60739195783013,53.39557875001027,56.95059095286556,42.31357317697412,38.56384069103269,,,,48.716910150273186
158.0,городской округ город Магас,2024,66.8925871445147,42.22080596119292,47.75036654049656,60.48814018031315,50.59979964623263,52.65464670699655,68.04265027682055,68.74540107042314,41.40635747046471,68.16845723395213,81.92234848484848,,,,57.17429969087378
158.0,городской округ город Магас,2025,58.138669723324696,67.98213490775974,46.69607200000549,47.83282156290264,43.109834043375486,48.34356388451094,57.92643622585636,68.69523489375715,,61.01313957728035,,34.14543945510604,53.15907703961451,67.1330277890735,54.84059590518656
160.0,городской округ город Назрань,2023,51.92688714935902,37.60669909933124,49.07151691592706,15.1206360447904,61.07197373812004,36.90163920312533,68.5360547120637,58.85021450773437,42.58474384581033,38.78160293178052,50.83586930383508,,,,47.38570267130639
160.0,городской округ город Назрань,2024,47.7030987103298,50.03948351103259,39.48433157606399,7.686580245625915,38.37967565034724,46.25661717258045,66.5256378584333,55.10341967995725,35.06881775050141,38.13611062904123,54.11749177414956,,,,43.89735555054632
160.0,городской округ город Назрань,2025,38.49593319906897,37.760947316243175,54.010671953437885,49.49114431343931,35.766728450404074,33.539707038306304,59.683779224296245,52.71530657185479,,37.34153968910925,,37.64089918682617,40.93885407371437,66.80374898069618,45.183027258381344
167.0,городской округ Нальчик,2023,54.75949916787929,46.92445595660504,62.79209456502403,54.42365505480639,50.29587510503409,68.25370597327546,47.19074876869811,66.91452971487949,41.81162978507937,48.43381967517619,49.61883984252448,,,,56.444320538275235
167.0,городской округ Нальчик,2024,49.14818067105401,43.67665667854916,64.46989395128436,56.74183356644848,58.99432850988678,64.70512588452722,38.36103619425059,71.05735250620357,48.36725811874421,61.65221750162675,43.22605493081331,,,,55.89430099527552
167.0,городской округ Нальчик,2025,45.32739639520504,35.556153056722856,69.50131433172797,58.1586363536995,49.5867056944469,56.44156697061015,38.775265965418576,71.26022669896126,,58.92874376510352,,42.453333493855375,50.39450686459569,52.66481762834222,53.07590818334903
194.0,городской округ Черкесский,2023,46.67158108306632,40.53935587027889,64.9714836251475,42.15551565845444,59.52000006963967,54.08050222784833,46.61419623825447,38.71049631387719,53.12434003597505,49.47955653043253,45.8454197701029,,,,49.15789138582085
194.0,городской округ Черкесский,2024,57.4221552386165,44.39553218602094,65.38043494504858,55.77041586325021,63.14513851859478,58.62788220498624,40.11965473267495,54.20270126235104,51.57840751232265,58.73114508691297,43.60022759359133,,,,54.8829893689429
194.0,городской округ Черкесский,2025,57.111891393459786,42.01393250810805,63.32817556733436,51.20983123387728,37.74140809277559,43.02016015494217,58.20287441379041,49.177025686862265,,56.44646148947592,,38.81519969495042,41.975655277400186,37.24821205611958,50.22566238139374
206.0,городской округ Петрозаводский,2023,62.16852808298162,46.72259243314584,49.72394683781955,68.0520052098719,35.81866608958618,56.17503951407948,45.75780833506305,58.34426569868175,58.07187298691136,56.63265422294283,58.37387315114351,,,,52.845356525153676
206.0,городской округ Петрозаводский,2024,44.16784757751508,49.45106361502462,55.87353090552462,64.66820231947925,43.15892004721528,42.11593178840936,50.38653610959486,45.4814010380081,60.51207225192669,57.12890201561142,60.49951206273593,,,,49.412929175096394
206.0,городской округ Петрозаводский,2025,52.12966871847242,44.06800993237254,53.95786217486593,43.98988486178107,53.64517741048865,37.88818923666135,56.160684511662815,20.87258373076375,,54.75982072878315,,35.44930092414052,60.51950121373736,47.94306370416136,45.33900757213357
224.0,городской округ Сыктывкар,2023,54.06296444289214,50.96299569934499,51.28770900551827,58.23429299774297,55.24708870376239,29.61688364890215,47.37344526552234,63.91790534824071,61.91670758498123,47.50483054626416,40.84583835833303,,,,51.33791063899075
224.0,городской округ Сыктывкар,2024,51.60963987114283,53.75472249860644,58.7063102294662,60.3796418952999,57.11694093057654,33.05025701701292,45.26831939866209,59.04395547118734,54.26860491373321,55.79565937180598,50.88488892489539,,,,52.36622341399428
224.0,городской округ Сыктывкар,2025,39.406844477715126,45.477431695569365,67.3350473129214,54.131703814262416,38.36667621428971,41.2275573089448,58.60013082434187,63.1504627392571,,45.962573881270266,,30.87871898189853,50.22314382576612,52.31826000150738,50.96198179841272
225.0,городской округ Воркута,2024,57.62355365516454,43.11661507588069,43.78725971621282,62.77160515950887,46.38891269000142,42.23996131569409,39.49645283513852,62.58200092744929,51.35994896575193,26.7815474142481,26.39217352311374,,,,49.75079517188128
225.0,городской округ Воркута,2025,51.70964946947615,50.461554765265,57.33380709868628,45.69732221109236,23.54855052539064,37.39434765067016,48.8026061030119,51.47117102507093,,42.25937276436267,,20.62393828507846,49.44104246474745,55.67634359235955,45.802376106082924
229.0,городской округ Ухта,2023,50.55789959935299,55.98841085629485,43.67417099866026,56.09479665517412,47.73817992740528,41.07145426717891,41.27352147624057,49.29031780439048,52.38300028002715,37.3736051299928,21.02715955477082,,,,48.21109394808718
229.0,городской округ Ухта,2024,51.85187506577067,59.27867870595139,52.62857542045085,59.01736986768081,51.74733444605765,37.32087628378925,44.31722918280088,58.88095246437177,51.18666500564688,47.87035070317641,27.578762888852,,,,51.88036142960916
229.0,городской округ Ухта,2025,54.66314465512789,65.97863141618897,55.41436644694821,56.68199185319526,33.51814375037828,45.05388545507938,49.77267330806872,65.38191039189138,,45.69587822744477,,27.97239172301047,53.83122650055345,37.11218031111571,53.30809340960976
244.0,городской округ Симферополь,2023,39.07146491591111,46.26986753232046,62.44615558197736,54.45191592517509,53.11090011031391,60.46620568314465,46.80768644444069,65.04207287343125,55.85632883588971,56.57393894103033,58.27016205761737,,,,53.45828363333932
244.0,городской округ Симферополь,2024,40.21839128875977,46.5331002746986,57.40023883894048,57.46670593000444,49.9671043066118,55.82296631190052,54.31023269246585,71.09372754141238,53.7703957438595,63.73135598557131,57.38961415755214,,,,54.10155839809923
244.0,городской округ Симферополь,2025,48.716260431911024,43.34095331934775,50.48178243342822,50.93129500639921,40.77635403566726,58.44903774130468,58.22508192245928,73.26236201612929,,52.33446122998981,,47.65185996040756,53.40477672282464,59.2115857475358,53.022890863330844
248.0,городской округ Евпатория,2023,48.79797223111126,27.31866035423424,48.74808260976832,43.25208799612052,52.88484961244255,55.66124282979691,50.33679020875176,55.22492296285429,44.26287852863217,51.55822189105361,41.05221038228726,,,,47.778076100634976
248.0,городской округ Евпатория,2024,44.11385974865966,42.71714064439151,55.48406583425263,47.45374977283402,62.46985184725073,54.62355760570463,51.50129946567901,79.09679568172763,47.4678181342035,68.18775197127688,71.60605304160582,,,,54.68254007506248
248.0,городской округ Евпатория,2025,49.08712428475528,27.40821006689311,40.60320914655709,48.80649538940051,51.45539983449618,72.63258240487936,28.701151784187967,63.482085041329,,56.40013101865982,,36.72975343879274,45.65970296787016,57.01631169097823,47.772032244062316
249.0,городской округ Керчь,2023,39.3650713023621,33.45302274967003,42.08143260215367,40.81274842077536,42.91481727583615,61.02302239396514,65.55654013688127,61.14369867607135,40.88427672374164,51.70550720808997,65.9847617271944,,,,48.29379419471438
249.0,городской округ Керчь,2024,25.19078488521023,25.6428452802456,29.24236450780671,46.25706956928,58.38119366072206,60.15323808193057,56.0337735176058,64.48984634583597,39.02733835807513,56.54143197842328,44.90840951170571,,,,45.67388948107962
249.0,городской округ Керчь,2025,42.74321064023014,42.8608450820261,42.65592083532574,44.15723661145868,33.9658649036168,54.496315368389006,43.81958730403517,51.1950943758708,,40.54020883403437,,36.308482767119685,35.2862228708476,45.18695960858642,44.48675939011906
254.0,городской округ Ялта,2023,32.50879582208514,40.20249759997172,43.59641419233996,34.52071180704031,55.30161833595032,76.682386394205,52.36872444336773,77.61183552096897,39.12796829326998,75.34615468546046,82.52326421035738,,,,51.59912301449114
254.0,городской округ Ялта,2024,44.42736252047031,49.76976402770777,40.14239947183934,44.4184840462111,63.64095228242301,72.85167154106955,58.68789525359806,86.47199920027919,38.6218128348921,57.5429767639263,69.91529727389057,,,,57.55131604294979
254.0,городской округ Ялта,2025,45.90035985718937,41.37418665275129,47.88362554248136,33.97190569011668,50.21821881534455,64.370152538768,50.078968245559615,51.110420614773226,,56.7399303479175,,46.19944051210832,48.50499436696364,54.971529584278585,48.11347974462301
269.0,городской округ город Йошкар-Ола,2023,62.49827104003873,48.52502988882844,63.03916421230204,56.01643472748373,48.77767007819283,50.71208762395202,50.06789263496164,60.7617001817253,55.21829293374295,56.41736009625953,64.41865775293923,,,,55.04978129843559
269.0,городской округ город Йошкар-Ола,2024,56.36650759705178,48.65110619953,56.63906476405817,56.83351999881718,54.28671267848397,44.09939641908722,49.1582618790188,60.82277021996786,51.91671538377582,62.56690443988209,57.3609784450565,,,,53.357167469501874
269.0,городской округ город Йошкар-Ола,2025,58.55407506628416,39.30319733062383,55.24190029975825,54.70725721298049,44.682558878440126,37.78317747080332,65.69437577952081,66.41685515079489,,45.19812276096935,,62.98947891129493,62.026067027672674,51.876009654718615,52.797924648650735
286.0,городской округ Саранск,2023,59.10795949114984,45.6663585827144,61.8350565637863,76.20891737902967,44.56443372554273,51.15872557885306,54.75243787741823,52.75638263449968,47.60813257936197,51.99764631988059,50.04419586211969,,,,55.756283979124234
286.0,городской округ Саранск,2024,54.63889490894827,53.57190786123176,60.06463583848018,79.80822377455974,45.08854926402066,41.50949703538714,55.84886564586021,53.6348535445237,41.47604053975454,56.31383299113522,43.0170971035583,,,,55.52067848412645
286.0,городской округ Саранск,2025,52.57987025858866,34.73749233229828,59.26246768847297,49.55451887383908,45.52291145466905,33.85018543607684,49.68629496448563,72.27407808408259,,53.60979591021793,,37.39359443930813,32.15833019966241,41.94170024322455,49.683477386564135
309.0,городской округ город Якутск,2023,35.47665964592429,46.36775912522713,38.22330852798484,34.81417614259,38.09011100493318,23.99262423964422,32.03049870567582,27.55110939823531,49.72901002116721,39.2449839327223,38.52310357134563,,,,34.56828084877685
309.0,городской округ город Якутск,2024,31.13930909689224,52.95571310455254,41.89417950192738,35.22303614598489,54.37258903747669,41.24996331325041,39.54894515003366,42.99711423715163,48.30145865038033,47.92661015235422,49.40945179891418,,,,42.42260619840868
309.0,городской округ город Якутск,2025,32.65419977626291,62.53193886683534,72.32849535953467,44.04469283444343,38.00119775390255,42.54042835713188,28.27164776589376,53.87573291974217,,35.40830288040703,,42.17087697788966,39.86065312902648,62.10707375123879,46.78104170421834
330.0,Нерюнгринский муниципальный район,2023,46.034417041312,55.07092762341568,46.57393098215321,59.2053061919391,46.90328518067552,46.39561231187176,43.64382185879242,56.28237517685291,49.60646391928655,50.77409957658434,38.59606043011043,,,,50.01370954587657
330.0,Нерюнгринский муниципальный район,2024,25.19196701116618,44.84922730236391,40.10451539875108,71.44511192041506,40.07619006771876,27.67070256446125,49.20427121846758,41.18805539361265,35.51487152520978,36.62338426790588,31.80870443577999,,,,42.46625510961957
330.0,Нерюнгринский муниципальный район,2025,48.49592540148978,70.78386473926831,51.37199148629855,56.393884577584544,29.374044651146527,27.36502290218016,67.20053465315104,52.12796855670822,,37.92833189401399,,38.42306476069544,54.2694134264713,54.91219322862823,50.38915462097839
345.0,городской округ город Владикавказ,2023,52.60789435542029,44.4715152392262,55.88902765391177,51.75374720609258,41.5627784492777,38.00443413509917,51.78185620308668,55.71585400423123,47.62000931536448,56.59164289407723,33.62222650160215,,,,48.9733884057932
345.0,городской округ город Владикавказ,2024,49.66803808409147,42.13996183404557,58.46522534112471,64.89079376435086,48.69149871770013,40.04406816401136,47.68659468883462,56.98853301124169,45.68007471054711,63.00739067966774,46.09982144628348,,,,51.07183920067505
345.0,городской округ город Владикавказ,2025,50.49470797587123,35.45894413928175,59.07697150190269,58.811846420497126,46.98971412563554,58.33167166590118,41.3007949189424,60.739739915654354,,52.47393635823954,,42.76243962080987,46.65771536871092,57.34138824055549,51.40054883296079
354.0,городской округ город Казань,2023,55.05983302345476,66.80293426896138,61.66311554056098,66.50147323340428,45.73895036870232,74.2127397695263,47.69426602110467,65.72670417592906,47.74576083716384,58.99668925175299,59.32420142534189,,,,60.425002050205464
354.0,городской округ город Казань,2024,55.16071417914534,71.0021304508579,66.97256536737693,74.03904443119863,48.57180929676262,66.03765448289,45.04958925630827,65.08620292089348,47.4715628661647,63.73265110955678,68.88279859562138,,,,61.48996379817915
354.0,городской округ город Казань,2025,57.955407923699234,62.64293330086795,65.1422831765593,69.57121413160904,54.59753328990971,61.5543566866312,60.772469580334885,70.73048106718342,,60.34655090693701,,74.12418955611717,46.402848628182205,76.06729629733677,62.87083489459934
362.0,Альметьевский муниципальный район,2023,62.98249124166146,56.78949793047384,61.41887156625357,54.73516959060867,29.66847734088298,52.49024827447306,54.71235268687754,47.92087456666546,33.25161238324885,47.27506713535089,45.84468125110675,,,,52.58974789973708
362.0,Альметьевский муниципальный район,2024,60.33622446527281,61.38011836211873,61.52676788967258,58.40954490678322,40.69642849316926,44.8405560973359,52.47790711528543,57.20142451918368,36.08063206730357,53.05408932609701,45.9412681440657,,,,54.6086214811027
362.0,Альметьевский муниципальный район,2025,53.690000686673855,59.75947409898156,53.42953121543636,63.394070414552246,69.76252903047613,65.10780031938869,55.909714500441545,62.53590364139624,,40.54175949517716,,61.18661153348655,58.02951390707574,59.274574774411,60.44862798841833
373.0,Елабужский муниципальный район,2023,54.73744906462387,57.51457575833084,51.11526035276891,61.52349418036958,65.47874420207256,63.96437701014098,46.04091217412785,70.86715764006809,50.22402151896604,78.33842065732782,66.39668075652035,,,,58.90524629781284
373.0,Елабужский муниципальный район,2024,54.75884106828171,59.03775278379492,48.73061188587726,49.88800670098819,38.96797411765559,43.17817867578179,46.58593028895161,53.93141851089624,40.9210950889942,64.4687286132558,59.16523914676817,,,,49.384839254028414
373.0,Елабужский муниципальный район,2025,55.054774189979,67.06482574337961,53.64491095009483,60.820313459926005,39.58271703429371,32.99508517447977,53.893088510256526,48.8356194735324,,48.98307457914574,,54.72510247150971,39.78621282599161,48.67988343787858,51.48641681699273
375.0,Зеленодольский муниципальный район,2023,51.40116308469707,50.62738274239255,54.90248518575073,55.83476063209015,56.19523607100204,50.70196965283479,52.06318451365162,59.52086526551466,51.84748464916343,50.54879690149251,49.95507036179191,,,,53.905880893491705
375.0,Зеленодольский муниципальный район,2024,60.9164153905731,45.78641466585304,48.09158168891634,48.93087978973934,49.29722212457354,45.21396910531784,34.96727442909967,53.27496884278073,31.41844493428943,52.56028121573762,58.80928648234155,,,,48.3098407546067
375.0,Зеленодольский муниципальный район,2025,48.775249933981335,51.25832340568951,53.37847492415072,46.34645009070168,55.25478566826439,47.22625877092555,36.6545240973033,46.22222488883247,,42.88413175269336,,39.98663560134285,51.56938725294023,52.25688609404743,48.13953647248112
385.0,Нижнекамский муниципальный район,2023,51.31406604203322,54.25225572020932,52.63459939362987,57.95902633353853,56.67891124113316,50.60380852695529,42.30423648429247,57.50478518271314,42.64781876271969,60.36201288786621,51.32120747572253,,,,52.90646111556312
385.0,Нижнекамский муниципальный район,2024,58.00571335656794,62.08440617813677,59.25502738839896,59.19987809969376,52.89984884495973,42.71183013254716,46.56397825018286,58.63904936740244,34.90479166971266,55.12561629288518,53.2350985214098,,,,54.91996645223621
385.0,Нижнекамский муниципальный район,2025,50.54422768450941,52.84234124326687,49.29070808866611,57.98001608030397,52.08087297819739,61.48776798628243,53.612874259662256,59.16798175690468,,46.04150244371034,,57.490039193924645,45.17792661015994,43.54265921887831,54.625848759724136
399.0,городской округ город Кызыл,2023,27.68410162731832,32.67202592811464,55.05727037588618,27.62608370163113,53.15968286542,37.25230856363738,57.48102583712616,29.57776594907847,42.42928881412653,29.76350822882406,28.67658336630335,,,,40.06378310602654
399.0,городской округ город Кызыл,2024,26.1039574779749,38.07413235472796,53.16281319425366,33.7572499203799,47.27296873478168,56.67644980271332,42.06256028857374,27.23827282262617,42.97189073231181,36.65992554703378,50.15800587301671,,,,40.54355057450392
399.0,городской округ город Кызыл,2025,37.382957360647936,42.08558525358541,53.16332051689193,44.216288878782365,33.85775652816961,43.160113904784886,33.843171822548314,25.90168219014032,,32.19839824870592,,26.663970875539817,41.795658604128604,63.53866450054884,39.20135955694384
418.0,городской округ город Ижевск,2023,56.90073081315211,51.87339582735267,51.63039222941998,46.89229223976866,49.48648208301298,45.86415835844682,47.95669559098278,59.59766966449283,48.24429817859951,41.59080705924798,44.64423539419077,,,,51.2752271008286
418.0,городской округ город Ижевск,2024,55.15015505225803,54.83472047518479,58.89985283380871,58.74184542453884,43.84280109052112,39.62674476715238,48.0720808668385,52.75801107316058,53.88382820890796,55.72627421125974,49.30761588042053,,,,51.490776447932866
418.0,городской округ город Ижевск,2025,45.2125284606775,43.72993932000516,59.52012721387094,57.582968860375495,57.45078794898551,31.69836791760075,47.81834246478433,47.04115706781504,,49.24461822345483,,58.08817514259808,57.8669484078837,44.45768959406693,48.756777406764336
419.0,городской округ город Воткинск,2024,47.55941377161076,45.61479536411658,44.14294752399128,58.01569577776504,44.18079761862624,41.16321364034008,50.10143497346433,50.95491338748759,40.94001137128334,52.17006116328417,51.10104070045699,,,,47.716651507175236
419.0,городской округ город Воткинск,2025,59.56450323121855,41.887873168347056,52.85730630002803,32.83762277711929,33.72946113068129,44.37549955459226,48.35053879585544,36.42745509059801,,30.981049990531517,,51.80603332786063,47.95378075892308,35.15746597447961,43.75378250605499
420.0,городской округ город Глазов,2024,51.01217455300834,42.31175117044634,46.05552789744189,66.3796209564853,50.07714171506161,53.13690838143602,65.70246575825153,58.92829820768244,56.48904532012616,50.1554553047964,53.41791751131769,,,,54.200486079976685
420.0,городской округ город Глазов,2025,51.50332754661609,35.89328515111678,51.494453257371084,62.26407373434935,42.362345069076966,54.83057620939428,54.943546190643325,43.435488019986586,,44.386375243470304,,44.5360713008016,41.8662446370745,32.883760970313666,49.59088689731931
422.0,городской округ город Сарапул,2023,45.8261754931441,37.03326249343284,53.33641158531351,52.77983548757769,50.85853096955059,60.59663908299642,48.19378316643228,51.2700648637263,55.03576090833193,57.1582077984089,48.12283884486188,,,,49.98683789277172
422.0,городской округ город Сарапул,2024,36.78934613675921,41.24047481285047,49.2725336589293,56.33659434351521,50.91047013962974,34.88945231946666,46.15903517785299,52.78715615774772,55.14072431284396,57.10215375831076,49.01341559685321,,,,46.04813284334391
422.0,городской округ город Сарапул,2025,44.72587052736605,41.592480826643154,45.99381132633825,59.1574006492076,43.47170761155863,59.11185061005028,60.91242417795844,34.49709315682808,,40.45953624738654,,47.85059267687696,50.89758986080701,29.01841890268137,48.68282986074381
448.0,городской округ город Абакан,2023,61.08947065391202,53.07008646679891,53.59908997409953,51.46823423621797,52.08919131823361,53.28619644851621,49.52520296253242,59.54857910990145,45.1292386304655,41.36189376279398,53.5855277868932,,,,54.20950639627652
448.0,городской округ город Абакан,2024,51.31653210986163,45.94510348815442,50.53228850888517,49.10271665846664,55.45472564641906,61.44552086964538,47.96293844621274,51.24501641847471,44.343068750249,59.24805325274123,46.09378797220405,,,,51.62560526826497
448.0,городской округ город Абакан,2025,62.331609012895214,39.55970211665517,60.3702535794962,56.34864906837104,45.98812116528352,70.89088910546924,47.25312782869381,56.4258061889896,,51.471785462547146,,46.82489618984185,47.31359192347482,44.93067646944189,54.89601975823173
450.0,городской округ город Саяногорск,2025,47.89816607826517,46.29379097096757,47.422829875021066,53.34998922154341,37.73802740114458,53.3359135200629,54.273041960452495,37.01928491592795,,33.65325938319922,,25.353556965916614,27.86185508303804,40.71333382898655,47.16638049292314
451.0,городской округ город Сорск,2025,46.807325174486905,53.21516158757934,63.80744639863732,51.72939892012691,30.29532009057865,42.184686499131445,36.807355039683365,34.39309605306143,,62.00581061010565,,22.897039120114577,42.43001379812473,47.63609448112607,44.904973720410666
452.0,городской округ город Черногорск,2023,42.41999485918515,31.00648089438486,47.30512548625104,53.36684314683092,50.16048529958293,51.85768879301391,42.31389958421365,46.58457965011544,49.52295499557117,44.76144883214467,46.01420233292952,,,,45.62688721419724
452.0,городской округ город Черногорск,2024,39.99012352535955,41.87371883356405,54.82069158048643,49.71812163773557,54.96833071824808,50.18744276556777,56.63384937345576,47.5169158090405,40.10333341846071,38.73570708819544,43.57419193785027,,,,49.463649280432215
452.0,городской округ город Черногорск,2025,46.02402014924501,31.742871743319967,47.14250086019334,53.08904188212229,22.68176196903328,40.75706495473051,34.192009525896914,42.17854342151168,,32.53030452582652,,34.209020950634255,31.732752491309867,40.89196553120826,39.72597681325662
461.0,городской округ город Грозный,2023,53.4982053380737,42.61017906400727,72.96156461191266,47.36348415280359,55.80290938205187,70.80764720337865,48.66613776256881,90.69651881108771,37.47869418350099,49.41024081648926,46.26517722404462,,,,60.30083079073553
461.0,городской округ город Грозный,2024,38.86641321378072,44.40112611301321,69.67473794017332,51.21839428722424,54.56679152661902,78.87816898827978,54.5579760533567,79.04668237302957,39.00928305481246,53.19686115524094,41.46768048295898,,,,58.90128631193457
461.0,городской округ город Грозный,2025,51.33734720984806,48.87354272750893,63.90925392566903,51.2331926274137,44.59691351004506,59.97914535649592,74.05625426918112,75.41945293578809,,52.05002938604071,,49.185764601336494,51.0904474508301,77.50751940529186,58.675637820243736
478.0,городской округ город Чебоксары,2023,60.46347531428285,44.87431699376027,64.77943105993795,58.67354810800884,54.77181065471935,72.45942396041016,59.90597035501074,72.49056635797427,52.78526593775069,51.49086201340931,61.23387193267922,,,,61.052317850513056
478.0,городской округ город Чебоксары,2024,57.25305304362713,56.79618597458146,66.23104609135697,64.19586308308914,51.64835042009724,46.54541824682627,61.22976654865408,64.48060143961722,54.69831940674743,59.94646564617134,48.82505968907342,,,,58.54753560598119
478.0,городской округ город Чебоксары,2025,53.94913249149469,41.52244719921669,58.89186787388815,57.14514808420244,55.26884049552305,50.0248336210066,67.87264645166489,78.04594681544079,,48.28348741475599,,56.395288611410194,53.11636143634732,48.611257521771776,57.84010787905466
481.0,городской округ город Новочебоксарск,2023,56.68777481989632,43.57961745121177,56.22876794196718,58.96728618238133,53.39446259922335,65.30342493834358,47.8356924126799,62.7555582759386,54.76466982912599,43.82034322870848,49.79066812545601,,,,55.594073077705254
481.0,городской округ город Новочебоксарск,2024,50.01955977565039,46.92545106435659,56.85106077494799,74.97245881009135,57.16560406375753,52.33089643311666,45.61461728940913,55.52977124205321,51.45339315759659,49.39500696505225,61.30575794436703,,,,54.926177431672855
481.0,городской округ город Новочебоксарск,2025,55.478846222786565,33.06103603469671,52.62211872892328,58.01265257195806,59.28074841486706,47.38218038150431,49.7288552627431,68.68854317927365,,40.05064047574277,,60.49445555015632,21.61458285951263,49.21001522131307,53.031872599594095
504.0,городской округ город Барнаул,2023,55.37946365355566,52.1078402306056,53.31660813913289,52.75545716312857,52.15213916116513,60.92357555039435,60.17070036202657,57.64262045030691,49.26823122855085,44.81257768643005,55.46374610812148,,,,55.55605058878946
504.0,городской округ город Барнаул,2024,51.55647612351897,57.26163561558002,58.79036532531691,45.82078261662994,52.5128036571312,57.8341958314898,48.78772044449101,62.8168349119854,47.27724409280688,53.50165794093624,45.96452751221567,,,,54.422601815767905
504.0,городской округ город Барнаул,2025,46.33928183271452,33.68657345415061,50.92910367770321,56.17707194376888,50.75389840729613,46.51648108332554,49.55258451057959,55.37522138751888,,48.053227871380166,,58.43767778266332,45.717854568202,46.26065732304929,48.66627703713217
507.0,городской округ город Бийск,2023,45.90181134018387,43.71981299169275,43.18926401293453,33.69705172872079,49.15164714612597,47.26137559041262,46.09989604742748,36.59368687047556,41.93028399370584,43.88614922031372,47.28318809305898,,,,43.201818215996695
507.0,городской округ город Бийск,2024,44.95420898421703,51.88195971566088,47.70997868882903,40.93335562407813,47.52704957652107,36.40585519106276,37.24032219854229,48.02007765344764,45.57170299229984,58.09810842058782,46.69116320407302,,,,44.33410095404486
507.0,городской округ город Бийск,2025,45.62451302607384,23.588713907508595,34.09019558182937,41.5278193837916,38.40002179663304,24.809812718703213,37.85539988690712,32.01043352867517,,37.97413710081098,,48.1061921336262,42.02886904870909,35.992763906249166,34.73836372876524
508.0,городской округ город Заринск,2023,51.1356981404629,38.51921045484965,45.60968550670998,51.32323129791884,46.5231458500251,54.10773439935643,41.78545888786066,54.48536541634074,51.0383907063318,48.61032827273691,42.48276305042822,,,,47.93619124419054
508.0,городской округ город Заринск,2024,47.36170789576138,51.88337285382165,48.90802645801625,43.7886992493273,39.82082257591297,58.29016298124959,42.0378986166325,52.76174969390211,34.49310087714417,41.54898510023796,66.46807031059824,,,,48.10655504057797
508.0,городской округ город Заринск,2025,53.54905200471661,30.03433337241464,36.706697848706966,38.03912648104512,24.137711161201004,23.750219791818058,35.56121631084274,54.24558273117571,,35.157232553647106,,50.64967276196009,56.67961845491134,40.841742773273104,37.0029924627401
509.0,городской округ город Новоалтайск,2023,51.31362902446953,38.38283773923465,44.19999262010455,34.40179167493701,45.86338718061415,41.83545755772633,35.62017344833464,48.61911683833076,43.4943332633634,52.25387874070235,42.88849051849954,,,,42.52954826046896
509.0,городской округ город Новоалтайск,2024,49.98354167560535,46.89603429000417,43.18748718906299,37.65466938695616,54.54263471305351,44.11032571868058,60.53498538600851,59.34333877390272,39.44507139589366,45.07975792338562,71.64948824869961,,,,49.53162714165925
509.0,городской округ город Новоалтайск,2025,42.44056634489576,35.00593888645815,34.864732148022355,53.9132149090384,22.83379042550383,28.792865479935426,52.76856261667932,46.93899743949652,,38.68446225449277,,21.694038655857767,42.88483065053568,50.2654115351579,39.69483353125372
510.0,городской округ город Рубцовск,2023,47.07462050006723,43.8349907936365,44.92677199910172,39.05842053415051,47.86922509347926,41.83545755772633,43.35412729646812,44.81567077859083,38.05176031594112,59.67420644040261,43.40317004104276,,,,44.09616056915256
510.0,городской округ город Рубцовск,2024,41.07604193884295,38.89872323039199,42.36379025606459,44.29151511057189,48.62455405923136,45.52636363352389,39.19026546401133,50.98319762602987,39.3079513728965,46.49744086974678,32.5699147062762,,,,43.86930641483349
510.0,городской округ город Рубцовск,2025,39.88309899216732,20.9375573156827,39.51860785514052,39.41770031149618,36.08602475619925,28.819459533735525,39.1947041497212,41.57582778836253,,37.56093022282817,,33.36358785342096,39.65501458385079,25.68050155261205,35.679122587813154
573.0,городской округ город Чита,2023,53.00622847152168,49.51064725510751,57.34391901962904,40.8414096299047,50.84739586358255,30.29683557169168,38.41483992437015,40.38600807894014,51.13824989272079,46.05177231887203,45.97392697863927,,,,45.08091047684343
573.0,городской округ город Чита,2024,43.07205774079285,49.42762594594178,56.70399498302864,47.55679348431476,51.24333369711501,51.57680860805861,38.70606248714541,35.20634185084436,45.56374451909335,49.55012541617453,40.96608867438866,,,,46.68662734965518
573.0,городской округ город Чита,2025,43.64347831982244,67.32651304702154,56.530222927247465,52.72148913175442,48.362489858189726,19.892943543400943,45.89344283144322,24.46213708983775,,45.616171825335925,,53.84312162854956,47.61626518093694,54.5175155181013,44.854089593589684
585.0,муниципальный район Город Краснокаменск и Краснокаменский район,2023,52.86582760179515,45.53149416102487,45.81957095604427,52.71001944925,52.70394866175235,57.20393042661908,38.77970293903115,47.38515157156129,51.45791064859456,48.23846760290104,56.63858773754423,,,,49.12495572088477
585.0,муниципальный район Город Краснокаменск и Краснокаменский район,2024,52.6325377352417,47.67205440388954,36.15329594285834,43.15773402947018,40.53965052936912,66.39596356199954,42.28799753436044,32.03086857841581,36.35666853810527,30.71856064028443,44.51952684094629,,,,45.10876278945058
585.0,муниципальный район Город Краснокаменск и Краснокаменский район,2025,53.28910924946336,57.08233671795398,51.3225345110414,45.23919189938972,30.52040863785256,50.61685489754784,50.21900404091093,38.00324819755394,,34.06886809242128,,41.99691682989084,57.330866018744366,47.60038382917144,47.036586018964215
608.0,городской округ Петропавловск-Камчатский,2023,47.26782543628345,43.39513424564615,43.39244647380782,37.86642917477505,50.64589744064705,40.43400514244374,55.92466169309663,52.51390757070658,64.85672696328918,35.80678200182707,53.08503210965196,,,,46.43003839717581
608.0,городской округ Петропавловск-Камчатский,2024,38.48615499235095,46.25129288949861,48.92778314658853,54.30546122601856,44.43794702587228,15.9271437527541,56.02606620484739,50.81032921366438,52.381348291678,47.73639157074406,26.81039985576113,,,,44.39652230644935
608.0,городской округ Петропавловск-Камчатский,2025,38.00911026323849,67.23129164021083,70.41171844163415,54.757678422848166,36.75290011514669,35.64789793536538,64.96217509708144,51.34646394958459,,36.97050518296512,,35.2418085532388,45.56431378354918,46.68457464805,52.389904483138714
623.0,городской округ город-курорт Анапа,2024,61.20346309012776,37.87504504775214,54.39847011400406,42.68052185357585,51.38998506796523,47.37123607811249,46.3289866839578,61.69657704436754,44.26874840526537,78.03224666075333,64.554203272552,,,,50.36803562248286
623.0,городской округ город-курорт Анапа,2025,63.57496382878524,50.35574345312117,47.03682066501206,53.79621786852373,60.28626154634935,75.43887625141159,44.18165099845297,64.28827084320699,,56.303476583764656,,48.54605532686965,31.457287951130013,54.48306756327633,57.36985068185788
624.0,городской округ город Армавир,2023,48.45171667827226,43.36718081374536,61.01933806620921,44.8372221607271,45.98968623792807,70.87396837122434,57.92780121777668,54.90493131755854,46.00645913178138,51.43354161973768,56.36260463451306,,,,53.42148060793019
624.0,городской округ город Армавир,2024,45.8133212246811,42.49230709927357,50.78679227163784,49.1713725698411,49.5977317838594,61.19825690277045,52.32416119872077,39.60957482800995,45.83692899306744,51.42555884126305,42.8243377557402,,,,48.87418973484927
624.0,городской округ город Армавир,2025,56.53947238421938,31.49443445195153,51.9582077778146,60.64341443915291,39.26704255013427,59.0612365174043,50.82815121606359,61.18243806833244,,43.15806291785496,,43.02878568281957,51.46320923343804,45.98019737272744,51.37179967563413
625.0,городской округ город-курорт Геленджик,2024,49.98883265265012,39.74085499177679,41.17776514957852,50.19361057137179,42.61714207543625,54.96536901430537,53.15816335715075,62.7270455186753,48.85576878511367,61.58844502447094,56.18664766973427,,,,49.32109791636811
625.0,городской округ город-курорт Геленджик,2025,58.66427509145858,43.510553490792425,57.17494908941326,50.172484048208325,49.3492057393995,80.55448040965993,46.57225791255336,63.54944955480942,,58.10693445113639,,55.18562049708024,52.03538647066773,51.01203769217646,56.19345691703685
627.0,городской округ город Новороссийск,2023,50.71111471800312,47.66496461822086,48.99679268322964,38.33212637880953,59.4186317420742,44.78590150449674,56.1348550320167,53.96400776801431,42.76185091520491,53.06183305201024,71.84159407026398,,,,50.001049305608134
627.0,городской округ город Новороссийск,2024,52.91206037657894,52.15430398842445,53.49537775579677,47.36482314568644,60.26621974373234,45.98697448917432,52.82451402267501,57.4617446966195,49.16852887661901,55.46430756390898,74.75387294538872,,,,52.80825227733597
627.0,городской округ город Новороссийск,2025,56.8244629106576,54.63220382955809,54.80924008659443,44.546720953758125,37.81652618355445,30.21304921091613,39.62011841353301,57.68998510432361,,60.77350240757751,,40.59345846795859,40.29577611990935,58.3140637446438,47.01903833661193
664.0,Усть-Лабинский муниципальный район,2025,51.26884025126493,33.03904318557312,40.63465291315464,43.37659945752304,38.56442133572312,56.13138766511837,53.41308145555123,53.15099954149479,,44.97886623299336,,45.15632813380855,47.11668284281121,53.06633451471388,46.19737822567541
666.0,городской округ город Красноярск,2023,52.14389136251914,58.24271428597945,52.84660741203661,57.57294233150341,50.35182556392509,61.47751423722116,45.06433248993963,50.77885939836435,43.01930262117213,53.16364727504493,65.3122758254269,,,,53.559835885186104
666.0,городской округ город Красноярск,2024,48.9978127576349,57.93533463473952,60.59579463818846,63.12281623191203,53.47549218832845,56.56254648424334,46.82275475263436,50.24532812001902,43.97528465635231,58.72348861825511,68.16248837365194,,,,54.71973497596251
666.0,городской округ город Красноярск,2025,49.74365653595546,53.1605985226261,56.20463554280239,54.54480548037761,52.638680509747246,55.53216422389984,51.66353789395927,53.5227140767357,,50.95172910721394,,49.93876342231105,37.50955405212627,48.65615418786792,53.37634909826295
667.0,городской округ город Ачинск,2023,52.22996716840512,46.2610934625843,48.22832393059679,53.90883448583244,54.93955120127134,51.21403088185519,38.79023591088533,53.86863366167448,44.23379528737053,50.7582947276292,46.80897730277677,,,,49.93008383788812
667.0,городской округ город Ачинск,2024,47.66925738633945,42.27125226378157,51.58837564508924,49.5356782678648,52.39952834875413,57.89596688034187,35.23016965384537,50.9805480338265,45.22207622214722,45.13731573728899,46.26747387645858,,,,48.44634705998037
667.0,городской округ город Ачинск,2025,40.05509494995846,41.94291082813183,44.79951075807489,46.02761646506397,48.21788034701344,37.397294003107504,35.35105108686253,31.848845969036013,,41.07708368172717,,36.49048840937907,35.90994499606296,40.473637309450936,40.705025550906086
670.0,городской округ город Дивногорск,2025,54.95809909647944,45.00072333656694,42.231577137298906,49.53188048238893,35.00585699636043,45.28789012433536,55.87957916962816,37.23588068682124,,41.95867153640312,,46.43523839077369,71.38142592818704,46.00139416246424,45.641435878734924
675.0,городской округ город Лесосибирск,2024,44.9564081609966,41.18226254272343,40.24971640669595,52.55696287125465,53.12105844386095,52.22530189741921,32.91352220696559,43.39781853872899,42.72517096805783,28.46029332574854,37.87860913696178,,,,45.07538138358067
675.0,городской округ город Лесосибирск,2025,52.951712812314064,39.05705032041571,46.91940001236449,55.63676672440739,31.55908154930926,41.440855615358224,35.36397250841402,37.88626567894895,,44.25762296741024,,22.162421818902004,34.54033300344912,38.322876022777486,42.601888152691515
678.0,городской округ город Норильск,2023,40.78117026150799,64.25875868145052,54.37941899583635,60.25563856421923,43.27198596597423,24.76123707358982,30.67094846492549,56.26167521001376,34.39285130886498,40.76212094757759,24.07257093945814,,,,46.830104152189676
678.0,городской округ город Норильск,2024,29.95904645931421,70.15780292770664,56.88669326799854,59.99589804602957,49.28249066619257,32.01214104485156,27.25184077746032,62.75669637092528,40.24239817466955,51.19127878587001,36.97173708731743,,,,48.537826195059836
678.0,городской округ город Норильск,2025,57.12297281533005,63.78190522214072,55.43241300508313,50.33581082388719,45.79416089208341,38.34261243881158,34.02536843170881,45.00366970968086,,43.44640165186158,,30.640523610184587,56.850729973734495,48.50502804322932,48.72986416734072
727.0,городской округ Пермский,2023,62.62394404977103,62.81566686673398,51.96546952599106,61.53485446485893,55.85116246218862,70.47633426823577,52.86965262161015,53.7693048915129,50.21376334900969,52.3729488963016,52.77214036354078,,,,58.988298643862805
727.0,городской округ Пермский,2024,60.46369880164518,64.68251821745939,50.47904693792874,60.0905432828807,62.14136506594191,59.22108561252402,51.95367733102982,52.71142047273793,46.23714783448323,56.93469686513803,60.40031023987633,,,,57.71791946526846
727.0,городской округ Пермский,2025,60.83894856007259,56.9098892607366,49.68513454026508,55.74854198242201,60.82381710614071,75.06833904327985,62.93100206200335,57.71905547448902,,54.77119582524382,,68.12176845464877,38.85885946524322,55.60782876808146,59.965591003676145
728.0,городской округ Березниковский,2023,66.66619347347432,62.96401915016902,37.51532291059402,53.15413814015916,46.33582709105577,54.02213873194508,37.01480139498179,37.68996258508572,34.14896370252713,39.75063685501345,36.91229717932826,,,,49.42030043468311
728.0,городской округ Березниковский,2024,56.91949173457648,60.04237778448842,33.712453503811,51.81269284033457,52.21226826025585,44.06674517452774,38.57252291727914,35.32255535811993,35.42572382139457,43.74328609532044,34.05977481585744,,,,46.58263844667414
728.0,городской округ Березниковский,2025,40.3088544562706,59.39037079850616,45.18395694651302,50.6930059906197,47.92607261877864,41.90483544511263,65.29988085405559,28.719926301883454,,36.271569321139694,,53.168689382278096,45.7897234062601,41.11412099689648,47.42836292646747
767.0,городской округ Чусовской,2024,43.26798112209234,36.08497711449512,26.2373687439059,27.72019057911502,42.23341748997365,55.63848025727749,40.27393467847196,44.84103828409696,36.28282944090048,42.61095291897615,48.67371503580111,,,,39.537173533678555
767.0,городской округ Чусовской,2025,52.74819506013428,31.493709548228463,54.12440127600394,51.83713201934828,39.96931619630144,66.21561861881602,24.30848107320834,27.382595436854345,,39.45641811088782,,32.065930370936094,26.19302330230849,44.26504256394311,43.50993115361189
775.0,городской округ Владивостокский,2023,41.87928018180488,49.95773972743902,50.34929749128259,53.41090989867644,41.77827701964249,60.00950570590707,57.74058461940429,64.07064096560076,51.83352371265173,49.03404342733027,49.03264025325663,,,,52.39952945121969
775.0,городской округ Владивостокский,2024,40.36899564133825,60.86569472437247,60.56505133488074,66.24625239583602,45.81397523891643,45.75286832245128,55.39280847924489,55.99500103528825,57.62005797144243,50.35948805838694,47.41344149942672,,,,53.875080896541036
775.0,городской округ Владивостокский,2025,45.446076758207305,66.24010882645561,64.14988139784933,61.83680953396812,51.09697084399628,60.27287513665454,40.88381415219276,35.540758189338085,,58.95918278960086,,53.830029795273234,78.73084863365214,53.32690774963733,53.183411854832755
776.0,городской округ Арсеньевский,2023,52.56758767125538,33.08995546079891,46.14022432903198,58.3023859284173,48.91944779234161,53.07366323269626,44.23369456380696,51.95857654814961,44.6974694982846,55.09510769396743,45.12610791636926,,,,48.53569194081225
776.0,городской округ Арсеньевский,2024,45.33357815177693,38.42577012395247,53.65670627786947,71.25294626664514,54.68602915902629,63.27093222557615,48.38800503721268,41.0287625293679,54.0301969909633,48.23677829754006,48.7991007961475,,,,52.00534122142838
776.0,городской округ Арсеньевский,2025,53.37032630144468,55.42996564162605,55.70331505839083,61.316275804469925,36.04334525400861,52.37599117291674,22.309160821872123,39.3591964348795,,43.779122430038704,,38.98410383950557,52.398781834708544,45.377030193035125,46.98844706120106
777.0,городской округ Артемовский,2023,39.17228060548926,38.78413781327921,28.38719160948184,44.25916117520566,47.01858226497198,41.47179713389166,51.99270401198332,42.75834259517038,42.08379352658172,32.082462547597,41.42425725975183,,,,41.73052465118417
777.0,городской округ Артемовский,2024,32.19248584760259,43.98403211335435,51.33661842578265,47.59397355396514,51.50898272921604,62.39983974358975,60.37124379671362,38.33303391400873,52.92860929273761,45.72176791692405,52.72381648951642,,,,48.465026265529104
777.0,городской округ Артемовский,2025,50.14595501909595,50.695375667775785,48.963136700980485,50.36497474391759,36.25120048760439,52.90893719616088,75.52338127082109,26.78433002140465,,43.15460901610732,,62.35483841394552,54.605549830245366,52.40282881606902,48.9546613884701
782.0,городской округ Находкинский,2023,47.38556219793595,49.9748309884522,32.99946684155051,50.72652687902664,34.54692220409039,61.26526668314233,62.74495780529814,45.03422493846565,47.00340163497713,45.83393032724099,32.67961181162035,,,,48.08471981724522
782.0,городской округ Находкинский,2024,34.26811486432815,41.61982906093022,26.34195692554383,60.30336585831726,41.81755793753113,48.84212862094154,62.3311238657072,42.03192386118176,44.02535110915997,47.16563413956054,17.16565924753586,,,,44.69450012431014
782.0,городской округ Находкинский,2025,45.79007469877312,52.89141414418168,50.99457959393213,49.77313161418669,29.851365557182955,56.63740206127344,61.44050633734712,30.200590006930465,,38.21256778313517,,50.05702818152816,40.14131093509078,46.27323421336261,47.197383001725946
785.0,городской округ Уссурийский,2023,40.56626576758698,25.85761226412171,48.84486749674184,40.89898748862361,45.51947094123917,61.65396143995088,62.20030956746655,45.55622047374737,51.39400732940061,37.08881748249502,41.58552132797472,,,,46.387211929934764
785.0,городской округ Уссурийский,2024,34.15452335557521,35.6451054112754,37.82415692331521,41.8722060138381,46.81925816753907,54.01806876795253,60.34791387769547,37.80058740021969,52.00153575368198,41.09229432829341,47.48736299729604,,,,43.560227489676336
785.0,городской округ Уссурийский,2025,42.50570973383629,44.48581076507476,44.56735597031271,55.63063478472984,35.2472909214923,45.093619356979794,58.300796022507,40.021414124076784,,38.372298191382384,,44.6958589879044,62.41534066216017,57.180244261523214,45.73157895987619
809.0,городской округ город Ставрополь,2023,55.35398384277356,47.60314572359331,58.32943252940567,53.45842810390126,50.53215414244389,77.07017438404131,62.43212635396051,65.02323073878712,47.44681201557094,55.2080965313081,71.60220581709129,,,,58.725334477363326
809.0,городской округ город Ставрополь,2024,51.56901084015779,52.78805400420828,59.22077884662394,65.05142163761712,53.65890292149279,76.09365460927961,65.80038778690358,62.65559826908805,47.3319329154258,55.51246287122636,64.3853275322295,,,,60.854726114421396
809.0,городской округ город Ставрополь,2025,56.67157221221196,41.20409626054512,63.58341253925794,69.15896267396134,49.12728669769186,76.25924677928154,69.8124545999388,64.35072807194732,,59.12088084205477,,55.0757888731852,58.86320349200757,71.2671015326854,61.27096997935448
812.0,городской округ город-курорт Ессентуки,2024,47.87382523431418,39.55450398502619,49.76155971891868,47.57291425694356,53.48211325803706,52.88657389916722,60.28426088008118,61.04371369150933,43.48727117653434,60.50859019327445,83.00848259412126,,,,51.55743311549968
812.0,городской округ город-курорт Ессентуки,2025,50.236145586816406,23.286755247260324,60.968039426457054,58.34163963274926,38.5265798145535,52.083826210604194,67.3324768211625,44.58919471902302,,48.75384759725978,,43.34323746782778,46.041919831150906,51.28802809972261,49.420582182328275
820.0,городской округ город Невинномысск,2023,50.80275122333004,45.81907744255852,34.93468028885169,36.74498445796073,50.238511296504,50.95880920430081,54.96386975182268,54.03864996803507,41.96591054068676,42.82277484758936,40.5536860189813,,,,47.31266670417044
820.0,городской округ город Невинномысск,2024,52.42675478663769,44.0557354816787,36.50663059211718,42.62349887352536,57.05974787288104,53.50491191806916,58.44015559414811,58.11955409376449,43.49617435696464,50.70539485605346,41.89940961063349,,,,50.34212365160272
820.0,городской округ город Невинномысск,2025,50.93962725578081,41.19347701787191,53.65656922886182,59.21874068980097,42.71300518778631,53.30285794521677,69.22157752238095,41.55528230256552,,39.55676405716563,,37.20233700689918,49.05370449183389,40.09284577207469,51.47514214378313
824.0,городской округ город-курорт Пятигорск,2023,40.58003110056547,45.11928935394385,56.57511539619978,44.83698224751338,57.39946770127225,58.56907183430801,69.41512269643657,68.76260294327558,49.41476903003976,68.05259417837317,48.5120530392434,,,,55.15721040918936
824.0,городской округ город-курорт Пятигорск,2024,33.4994688910964,41.56787940296005,56.57661779275091,51.73283766499884,57.58007719930438,50.29835345427057,63.22083386559699,60.75861798519811,50.5541194648244,63.31250484768364,48.8017188731417,,,,51.90433578202203
824.0,городской округ город-курорт Пятигорск,2025,40.95248616936929,26.838216879037,54.12468578414717,49.47112485054024,37.614135458229214,52.95516498186382,66.23392994926263,52.65595227775026,,61.730667600139405,,53.38072755118417,61.33851618856224,50.60796684693582,47.60571204377496
841.0,Шпаковский муниципальный округ,2023,55.9708968881537,32.62608057874252,43.25175146984333,56.63233091528785,50.83884991102777,46.6137761168556,45.44050240500302,54.75703852234732,46.01107370535034,43.86489489120108,45.49618440000437,,,,48.26640335090764
841.0,Шпаковский муниципальный округ,2024,58.41933862211586,43.07856624146908,46.93863874263815,34.60722762252806,54.5004978560758,53.64686702164349,52.48748826474031,46.65183701784713,38.92090422772758,26.37154948273591,30.34109933774737,,,,48.79130767363223
841.0,Шпаковский муниципальный округ,2025,57.47419397885592,27.456170925860423,47.41677688196226,41.70183083121602,30.713475846840087,54.674455806779726,44.05356569116892,48.02017986952272,,40.68044327800396,,37.95389310413678,39.5545307954271,46.19119987383671,43.93883122902576
842.0,городской округ город Хабаровск,2023,45.5376206400723,55.92916784196476,47.79028482703939,52.20303742669802,50.5266515326092,45.79992721865841,47.82360184665502,50.50973537756872,46.87179610499152,54.44041789854923,52.47576020609215,,,,49.51500333890823
842.0,городской округ город Хабаровск,2024,45.92960272380179,59.00183279247485,49.77590657989761,57.70379001946048,47.4413730084858,40.45462034852697,45.11564408644028,41.57372101389391,50.3304332427964,54.44363275707214,47.52174845772272,,,,48.37456132162271
842.0,городской округ город Хабаровск,2025,50.32635735694239,62.70078443387187,53.45819198333075,50.958103412853966,44.27112759303443,49.77204552581929,38.57488768960282,34.622652769763576,,48.65002803027644,,59.320715816147896,24.68454273378182,42.15573479071896,48.08551884565239
843.0,городской округ город Комсомольск-на-Амуре,2023,44.6732897221797,45.42594662448403,36.06066467308489,55.27370187412819,47.7864755586499,18.4798571403248,55.14339625105016,34.00394719733223,50.40484999600252,38.24518979121893,42.10615742728888,,,,42.105909880154236
843.0,городской округ город Комсомольск-на-Амуре,2024,43.01020643174918,47.88462468531095,43.34151328394696,60.45029682473507,43.27736768623571,16.93162165116031,46.79535228381433,35.25996220853079,48.09994494202856,41.98506472725374,41.07458749539782,,,,42.118868131935415
843.0,городской округ город Комсомольск-на-Амуре,2025,47.45796020066076,48.52998004674674,41.60477724921711,50.8231155989497,39.7164518605053,23.47730307094195,33.327215172510584,32.09557028611545,,38.2707028250214,,37.0070847654416,22.3978886700651,41.5038833962132,39.629046685705944
862.0,городской округ город Белогорск,2023,46.07299864485213,34.88504923327684,52.08299896410551,49.28964341050835,49.21635480214658,54.43278675789766,47.36039731873355,52.65494507679391,48.82810457278607,46.35599049026001,43.26307720068269,,,,48.24939677603932
862.0,городской округ город Белогорск,2024,34.75586103554389,36.35832551354908,27.27060180952876,32.03683603316674,46.5125806104388,49.02500624449139,33.51664039030551,33.65446993755902,43.72189633133431,42.55577603797077,28.07968030149349,,,,36.64129019682291
862.0,городской округ город Белогорск,2025,39.09605361606429,55.9006344593341,51.33717775736304,50.71310321259206,36.023079835746664,47.6164911121629,35.72992154885784,25.46287749182658,,38.06311680162341,,24.198147960972378,37.22555618888366,45.6480786797979,42.734917379243434
865.0,городской округ город Свободный,2023,60.11849770694302,67.15486807810441,57.66271864859929,49.459534183188,49.30789354401706,52.23881790103159,50.8881317880908,58.67179316535284,54.79899704635691,43.20801377761371,43.78125649012452,,,,55.68778187691588
865.0,городской округ город Свободный,2024,50.77596102422448,62.1914232120715,40.1522166257929,32.37565360353138,34.52381870104254,40.92602976689674,30.05706733401138,23.80452895536357,36.6332001622598,38.98712941844548,51.60867414272339,,,,39.350837402866816
865.0,городской округ город Свободный,2025,49.86016867217851,60.32794488857434,42.39090583933015,58.1601746699238,32.01639407006214,38.712957860387526,39.43387354107302,21.253650856924494,,37.8726319178765,,51.3948934875547,59.175799931995,50.59844061352137,42.76950879980675
866.0,городской округ город Тында,2023,43.70351163112181,59.65799187264788,55.42640390357445,58.08642806956031,50.32527787218866,46.50126738025942,44.1096685432251,56.77024807206301,51.32281173946933,52.55312278777952,40.31731061539391,,,,51.82259966808008
866.0,городской округ город Тында,2024,37.04656848082943,52.10244273611702,43.50917347285561,49.1685949430415,34.08200505518995,29.17738003323888,46.20133017078013,29.13628620094366,48.59596674449298,41.74522189360276,33.64615655421149,,,,40.052972636624524
866.0,городской округ город Тында,2025,42.24644463106159,80.98847600271357,46.86433502593977,48.17403594561093,31.17429081566057,31.132543502181168,49.03709658478316,30.54371904577737,,38.236248465248366,,39.06074229266965,50.49752822948613,37.27744699060101,45.02011769421602
890.0,городской округ город Архангельск,2023,49.9289670409279,51.08263534931653,50.94366647474369,63.52327446853859,44.33805571159355,48.44198988858689,51.99164840803695,51.39969763617754,51.12467414093794,53.33970999105897,39.11472027764934,,,,51.456241872240206
890.0,городской округ город Архангельск,2024,46.69551364487816,45.52508677918815,58.96973859406464,66.08331825153755,51.0285935468311,23.13177274114774,58.98477592023327,58.42217414508562,56.29756104522565,63.3322017646128,46.66906049052898,,,,51.105121702870775
890.0,городской округ город Архангельск,2025,44.16855051723872,50.1592596436471,53.73335832528807,57.17298469060847,47.09519087019559,30.032766835209017,46.08827402609643,44.76225832358665,,51.87866562291508,,41.72384896904104,33.312976414361785,46.0276533222677,46.65158040398376
896.0,городской округ Северодвинск,2023,64.45640624466898,61.14039572659283,61.36479786498023,63.72303841603053,52.80159521669744,47.0651610061652,46.0280140023764,48.6596824410956,58.22440049417352,40.8549957995805,39.34073428549247,,,,55.6548863648259
896.0,городской округ Северодвинск,2024,53.67296002949067,54.92952264986115,60.57137472056882,65.07569206095928,58.02536435876688,36.70001217169813,47.25669722337359,50.64506780906064,62.36469971548664,51.83612200581446,47.91349710932783,,,,53.3595863779724
896.0,городской округ Северодвинск,2025,41.77426428936744,53.36210948774307,60.46547224501922,54.90268750640482,54.40585046096428,45.40967794173855,58.92631162950883,55.734842642061686,,45.454989592472174,,26.199021192574765,35.481985909804884,38.70523481871065,53.12265202535099
916.0,городской округ город Нарьян-Мар,2023,49.13176525088431,62.61173698880782,66.73163340623658,50.58197640315894,53.35272772846632,50.11468374257021,39.71359638851228,64.9683947178955,52.96240889826974,53.23101847831158,48.12593150560939,,,,54.6508143283165
916.0,городской округ город Нарьян-Мар,2024,54.04114969450218,59.56319763247691,64.21121095003659,60.6345323577259,54.013998463287,62.34874044695903,49.30829823948598,60.36140857513379,69.6013906622937,61.29358018915332,51.42456713190918,,,,58.06031704495092
916.0,городской округ город Нарьян-Мар,2025,39.65306026616312,48.8071011879044,52.16874771099904,46.64276797886139,41.00349930288701,68.0871130495362,40.42849434209538,44.69633875166954,,40.54224556847117,,31.756125284733,69.05337200225148,70.19933273275137,47.68589032376451
918.0,городской округ город Астрахань,2023,46.55069585844918,51.34923237630809,55.47232475099507,43.80307574558315,52.38454673253622,47.54990363678929,40.6212738164113,58.05457091805837,44.55269743368546,52.44030892265316,37.84197709555292,,,,49.47320297939133
918.0,городской округ город Астрахань,2024,47.7662354226235,50.07928100541258,50.25237671899807,50.3531776473299,47.78625130383266,23.76324486633409,35.70171183423696,52.98119741926948,47.3797925514279,54.73236215451617,32.57395505399393,,,,44.835434527254655
918.0,городской округ город Астрахань,2025,46.572242121799626,38.96585509796047,60.2886752426969,65.90723764379922,38.37592906076617,34.66854017496647,41.65872336875088,44.94267363799517,,48.22980744358805,,40.53614725691405,47.77365500980821,48.75569522712936,46.422484543591864
931.0,городской округ город Белгород,2023,52.64129183212098,58.84494316519877,59.16398053964547,65.80300518594157,62.90470000749323,55.44456283362514,52.24466720266687,76.72996399367258,58.17035624019551,55.70710834773291,55.33517335212291,,,,60.472139345045576
931.0,городской округ город Белгород,2024,53.65454195255562,61.0105284463325,64.26284783511657,75.77069515697201,62.47910818893435,41.21902643144649,62.87670990127956,66.42736393969537,64.41259292625601,57.9651917418348,28.79510182378226,,,,60.962602731541566
931.0,городской округ город Белгород,2025,58.513081492247146,49.04766065332987,59.65414591283948,57.918185529617965,56.9726232892486,63.33824956952469,66.5233716598183,51.75219204477917,,48.21378183502395,,58.43720329636525,41.17579346504834,39.30417242423669,57.96493876892565
932.0,городской округ Губкинский,2023,62.1627268040306,63.52686521856882,58.45754647380015,57.89337202223898,52.50217745191628,61.68601307532062,59.41261515793311,58.59832552847315,54.30780526109438,52.21924335807675,52.31047802895965,,,,59.279955216535214
932.0,городской округ Губкинский,2024,62.63157851276654,57.91542460250815,47.0890242008735,64.39239733582376,43.6101160115509,72.87030518490465,61.40315558707554,60.90551065674909,50.81065137178525,47.25631849024667,60.55598232758329,,,,58.85218901153152
932.0,городской округ Губкинский,2025,56.73998234730645,52.23474951005312,52.04492491653512,59.803106157429134,34.956872627682124,55.04474616204001,64.00375256497338,45.43397111412689,,37.94745512340762,,20.66100118447761,40.1438371379924,37.48280718900242,52.53276317501828
953.0,городской округ город Брянск,2023,60.50117665252615,46.86474474677986,52.56267414758437,55.81227356972262,53.17334085441393,46.56820819490981,48.44734931430202,60.34982588980144,50.87652528727794,52.69602826422199,53.35019081034012,,,,53.03494917125502
953.0,городской округ город Брянск,2024,62.17201683754391,42.38478656698336,48.1810295280565,60.91563803146957,59.7557520368541,48.78872799793405,49.84340522884121,57.45367339684415,53.1541965451294,57.04218471741514,55.78032404661263,,,,53.68687870306586
953.0,городской округ город Брянск,2025,49.73615533516784,45.00179069813126,55.29960541771785,54.40920553146748,55.87755770103614,48.13538368342739,46.53004098431873,40.80818158746733,,45.15580832275866,,51.35874489049122,41.00575532192237,44.79225371459536,49.47474011734175
986.0,городской округ город Владимир,2023,59.25944835835304,56.75827580589569,51.63614919685021,55.55481235581916,41.85229327519461,42.41152343240159,46.38999582151518,64.0878622108471,48.92432418534286,64.8480845483295,59.27113145425746,,,,52.24379505710957
986.0,городской округ город Владимир,2024,57.77887040966036,59.98812688366822,49.26693432440251,67.56407035553632,39.64335689120693,47.06156030303504,46.37853020732845,64.18511159518184,54.98083524324568,60.97079734262424,56.00375728595569,,,,53.98332012125246
986.0,городской округ город Владимир,2025,45.06226250452543,47.11363810460367,49.435776368614434,49.14928080265181,37.87518578993616,49.86151173580426,38.97039794642106,48.35422893450635,,39.718203011561165,,58.215923204265614,42.38538334456631,38.29651341258669,45.7277852733829
988.0,городской округ город Ковров,2023,59.84929028451223,50.11654699024999,52.93968996656432,58.00410927811303,53.54839643290851,63.56986163830395,53.29389151610641,59.8546493413717,45.57376181388479,49.72590100584866,54.90420506648407,,,,56.39705443101627
988.0,городской округ город Ковров,2024,55.39108889866427,60.06197889901984,42.0364025889937,53.15147150365893,59.07565484514119,49.0743938003544,42.29042251634842,57.49910825983019,42.75676760553239,48.42380588347491,47.80400965995401,,,,52.32256516400137
988.0,городской округ город Ковров,2025,58.19515498465848,43.29926542596633,48.73241153568909,39.68810454250762,42.94568934921817,42.01065951029808,37.5826574208114,45.04891530431678,,43.1428560010948,,51.717458265567245,36.52410417801844,37.28100925244616,44.68785725918325
989.0,городской округ округ Муром,2023,52.36258651421894,39.50138973802767,43.63647330217613,53.21807354325684,50.71474258139187,53.20885481064331,48.29414482334811,55.62358663004953,42.57453001763302,52.20971212511936,44.74802069615877,,,,49.56998149288905
989.0,городской округ округ Муром,2024,44.67451804409867,46.65267844712736,37.9441361846171,66.29933967142217,44.26529510216081,39.81767928898215,44.51941754392233,64.27133849897076,46.17883599477296,57.50801134330149,54.26227881240598,,,,48.555550347662674
989.0,городской округ округ Муром,2025,49.783279064977854,31.94630908485069,55.58260025013694,48.90006747946241,40.682309254061806,56.74551606050109,38.91788287545243,42.04667036243268,,42.95302677393708,,36.76713015356793,25.80809652121693,48.99816348737535,45.57557930398448
1005.0,Суздальский муниципальный район,2024,63.69353774929991,45.66772065770663,28.95969566808984,39.10654892070873,21.7907882878277,44.21187469536561,61.06562678785498,68.9342916695194,39.79491510349328,76.05247392419875,91.54732918651858,,,,46.6787605545466
1005.0,Суздальский муниципальный район,2025,53.89162814905051,33.72332054669132,44.84414455559988,45.782708914524505,53.65105561989173,65.36378564935926,26.592609326972745,50.16792653876926,,44.04057414409977,,32.76423414711962,45.7398100741412,40.90515305700153,46.7521474126074
1007.0,городской округ город-герой Волгоград,2023,57.57944531397956,52.83928877318427,50.20407910061839,55.25513446420304,45.69053392025614,49.66273311926487,40.05173632585418,42.10364585916634,52.49195151411812,50.9952113984727,54.09899565749123,,,,49.17332460956585
1007.0,городской округ город-герой Волгоград,2024,54.82503019611155,55.79484791967609,54.61288050800644,60.20984556638604,44.19838641480103,49.74382725110298,34.20866889506214,44.74727171940173,52.30740860568446,56.41846116845293,52.78569675920768,,,,49.79259480881849
1007.0,городской округ город-герой Волгоград,2025,45.59816075971397,49.42192834766192,56.25737630663876,60.83118742768416,48.83003153179859,44.2506760954976,48.29541554578186,52.87141170129518,,38.639064977236266,,51.0353702894087,40.014605698469246,41.38138688897821,50.794523464509005
1008.0,городской округ город Волжский,2023,60.06915200903979,48.88702124456643,57.1457133754422,67.38978286564377,52.5137949885015,55.59116522425965,45.41694438044632,52.98516470971245,42.88460887549729,44.57079659063671,53.50857177404265,,,,54.99984234970151
1008.0,городской округ город Волжский,2024,53.53439408653624,54.65187579368145,53.93657703065419,65.44150163356866,56.37827144394485,45.52233766496968,39.95566823598429,46.45266474867598,41.97671357610241,48.47486845139179,44.90899827671733,,,,51.98416132975191
1008.0,городской округ город Волжский,2025,48.04748369588357,38.99225873853466,47.21218700990458,52.7474366372013,44.17680599149228,49.028642398220704,58.29716569364523,49.68666582323173,,34.38732938097966,,43.28928920867673,44.84430377636842,32.149772388519395,48.523580748514256
1009.0,городской округ город Камышин,2023,60.5189818972386,34.6263858836817,49.17277461136253,74.50101954488916,54.14600121357195,63.33618090094977,44.70787044654858,56.66065107453488,47.82775589311056,55.42395064755712,49.29056487105999,,,,54.70873319659715
1009.0,городской округ город Камышин,2024,54.22725729479235,44.0357295263891,50.62169711942055,63.89780473157843,54.3637248950345,50.92676147216653,44.43996143177021,46.07418532353127,45.88109500509461,48.41947284763967,33.00686581409821,,,,51.07339022433537
1009.0,городской округ город Камышин,2025,53.49794094489974,30.49061716471417,57.756876879765,59.74254949445228,37.508102601088574,43.37369977395627,47.99054411252261,49.24686138927358,,40.27722879194765,,37.61695005785559,43.99175830217906,43.24268482399199,47.45089904508403
1010.0,городской округ город Михайловка,2024,36.24419530304905,39.0298926334488,41.6462111885666,48.62208797733103,39.26518346147115,49.64893400206368,52.39536582934992,31.76696727494535,33.94366529427776,40.06900773476315,49.60870169135841,,,,42.3273547087782
1010.0,городской округ город Михайловка,2025,60.66347961974003,30.23898746579781,52.55881163422056,58.65936395398482,20.540473543105065,53.8318709739205,46.76677035950624,48.11066170296363,,35.7218796603303,,37.56324882448199,39.65642779239421,33.98191422380111,46.42130240665483
1071.0,Череповецкий муниципальный район,2023,66.80471200408361,60.41686390866793,57.67195415583953,54.93645791385207,58.13334776825061,59.04595987524169,46.64608817849997,67.40647577879977,62.10482987446978,54.81607163515656,53.94156560775788,,,,58.8827324479044
1071.0,Череповецкий муниципальный район,2024,67.60620755195319,54.07129430343716,51.07782562444844,48.6649206585305,58.91046610384443,44.79215733425384,48.91236625151291,67.80843588356798,59.08836616684843,55.28441602246528,42.01446488952807,,,,55.230459213943554
1071.0,Череповецкий муниципальный район,2025,46.92638297506591,58.37379682948898,48.399684689701104,54.64297047687298,57.621226090454485,47.99773481391987,55.09999521746364,56.77665402944291,,53.12195568939043,,40.087583219919566,37.78669644852098,42.63401054206034,53.22980564030124
1073.0,городской округ город Воронеж,2023,62.29305406574399,55.2838737679209,46.66092284855786,66.67289910089447,40.10889601333494,62.56287745541426,42.88200699531566,59.45937885064103,48.61612878049783,53.38874310561371,58.63465656253331,,,,54.490488637227884
1073.0,городской округ город Воронеж,2024,62.49173795163476,59.76437237207458,48.69292962267898,72.6041232537331,38.69084444798484,58.94576196313813,41.50392446160703,59.08789748664816,48.42341910222308,56.76213369108018,51.12397894474745,,,,55.22269894493745
1073.0,городской округ город Воронеж,2025,56.94662942712967,40.51452984236538,53.75237879668256,64.4401068629515,46.82110316288141,56.75125224410383,54.27000568854739,53.78911216349723,,42.9151835341649,,52.5558690906822,51.00064241105776,40.34180035803736,53.410639773519875
1094.0,Павловский муниципальный район,2023,61.50396771600731,42.72303224149866,42.20130985463407,51.3470139767622,52.66069332399709,56.79386100672955,48.57074727678558,57.24790099381338,46.51536462748554,46.72276112005066,45.30019652840112,,,,51.63106579877848
1094.0,Павловский муниципальный район,2024,55.2183031344564,55.96522379448591,49.6415653710544,38.73043045949522,33.89679469110605,77.97952915140417,50.16186463901172,59.62314860579378,49.82616481978913,40.55828725426104,44.20740743094982,,,,52.65210748085096
1094.0,Павловский муниципальный район,2025,47.75692444433568,47.15066524022314,60.72327960268006,51.63390798924101,28.580558940990407,49.81448715156392,47.8083950305331,53.709616644678405,,47.37668375185446,,44.80652918320273,46.97818474103279,32.307680438951564,48.39722938053072
1107.0,городской округ Иваново,2023,54.24223361456598,49.72535421055799,51.77120212933573,56.55285775474552,48.74044053290405,41.80731540293911,46.50220100611942,67.31743367080442,56.09591136495559,51.41675459933622,60.69655517228886,,,,52.08237979024653
1107.0,городской округ Иваново,2024,52.58101008477743,57.71807238304194,57.87850833932259,65.00543700722248,54.65512930649825,28.10188157811933,45.9357598992482,56.45662801270642,60.0073132437544,63.67657427296898,46.91365025650085,,,,52.29155332636708
1107.0,городской округ Иваново,2025,55.14279486713599,35.84256505714161,43.60155695828473,59.57146698190457,44.229539907735145,33.67209602339492,52.11562040707264,39.78798472474608,,52.1198799142102,,59.1641614308428,39.13916714049649,42.370453212190256,45.49545311592696
1134.0,городской округ город Иркутск,2023,51.63330492966016,67.33729677239536,42.15010914956981,45.44116237676324,54.83405911417648,47.18983890318553,46.81505152642926,45.07460338793376,49.63022380453881,48.58844160904573,50.39944649681293,,,,50.059428270014195
1134.0,городской округ город Иркутск,2024,51.74185771105381,64.76028969772595,56.51548210238952,55.44894563988694,56.42208344717509,46.90806112783675,43.8633526115498,43.87974736240209,52.75145607044541,52.56000523262503,41.74229286818215,,,,52.442477462502495
1134.0,городской округ город Иркутск,2025,45.63777567477708,60.841652649291234,48.03843216422635,57.824106208401325,42.40386991115162,51.18841240450246,52.67331565424331,40.539184278072746,,52.23010626045252,,51.57074997386164,32.005336848994006,47.16464462016337,49.893343618083264
1135.0,городской округ Ангарский,2023,55.94697154767613,45.24047873874823,47.22478345350262,57.35051631176978,67.77504065976531,56.8287064275715,40.18358594565495,44.5014221792508,41.18062988495294,39.90209962135719,46.92851746496427,,,,51.88143815799242
1135.0,городской округ Ангарский,2024,44.15588867606532,46.27867482012316,47.2627539333198,54.93768005598227,65.40822949652612,56.94826007326007,41.77383488415516,45.11160102231378,41.00205336605485,49.06916977755105,42.01156385053298,,,,50.23461537021821
1135.0,городской округ Ангарский,2025,58.43929574466567,40.2830005205515,38.79954767781892,54.781668396254055,47.07270547164716,58.17325721854523,55.631326125341886,36.50193401590807,,41.49016821774181,,33.31944662778533,63.33545829165488,39.4724061263772,48.71034189634156
1136.0,городской округ город Братск,2023,47.72746270813215,54.51623486280849,25.29439387320064,54.55069392742129,45.87781404469318,53.50399830451067,38.11769618354487,44.54050644365277,36.86628423267893,32.69018261855753,44.94451403395335,,,,45.51610004349551
1136.0,городской округ город Братск,2024,45.72781102195566,55.9387611092387,35.83779777687659,56.48554179097997,56.84795797752996,55.65207753679408,27.58232014312321,45.72409144496536,45.22119675081273,32.96206003471546,44.01977466741639,,,,47.474544850182944
1136.0,городской округ город Братск,2025,45.6681929593914,47.49988864635521,45.35012474727647,51.28640591771126,39.19073798813108,52.18535079284798,40.47737229811476,36.08367862796252,,34.77179771220108,,45.984816491884125,44.17451655649394,36.71290259992185,44.71771899722384
1138.0,городской округ город Саянск,2025,39.11886775482683,50.242831741404245,43.48592433775745,50.24198048006715,27.80961622536546,53.16865125587631,57.03827467853363,44.50751478357092,,47.22993737844899,,29.10950342927448,52.42610311922935,41.39473630685586,45.70170765717525
1139.0,городской округ город Тулун,2025,48.74995301038691,33.92752912243946,55.83209264668905,50.19938869887709,24.175999217793724,31.489933534688923,47.83554873513901,29.01850332893976,,32.51807649980178,,27.901563611095582,45.83758721860893,30.67979573767469,40.15361853686924
1140.0,городской округ город Усолье-Сибирское,2023,56.57356596784965,41.5608129013896,31.70157118779226,52.6491310320296,52.91071864270856,51.68009681580527,28.02648788982018,50.73022480498799,46.71165520322074,56.1653838997549,50.54282451944928,,,,45.72907615529789
1140.0,городской округ город Усолье-Сибирское,2024,61.55021797352502,43.49037497608035,51.62731330498004,46.18566230099222,52.25509011233258,61.62812881562882,30.92854953418244,32.96536725488757,46.7432713384884,51.66673483997234,50.09162623256243,,,,47.57883803407613
1140.0,городской округ город Усолье-Сибирское,2025,54.9502117592984,35.161527946230926,35.10992717575508,51.765901320684776,33.61257029022759,55.86261718223129,37.270083663191535,31.160197894093425,,33.98814927713101,,42.71631871724789,36.01668748598992,29.293604995557093,41.86162965396413
1141.0,городской округ город Усть-Илимск,2024,48.85867825418705,43.4212887496735,48.56495617311173,59.17375709022649,60.75960463446032,41.46192983814348,45.13179058851937,45.53461600134356,40.77272637082272,33.29690662137143,36.47615006349756,,,,49.113327666208185
1141.0,городской округ город Усть-Илимск,2025,53.29921605710513,42.74134932055141,44.70647436256526,55.25074033167643,33.83707779332524,62.12734580250715,60.18538110078407,35.863656316409845,,33.848086925152714,,30.26657668570145,58.25018807753776,36.19632666103808,48.50140513561556
1142.0,городской округ город Черемхово,2025,48.07388625052037,41.735964876648346,44.25441068087466,49.89744258153053,24.413293135810008,43.633178844408526,40.33295631000715,31.1063628528546,,36.81342979788037,,31.070184398410003,47.37689669619044,40.61761219384646,40.43093694158178
1145.0,Бодайбинский муниципальный район,2025,52.08546753940591,69.48892008862384,52.9695331450549,50.71247158132761,34.136168364812605,50.19259833056667,53.748030951989534,30.38171305093869,,46.24485083424327,,43.29796772009359,52.34382193114072,41.68276108997299,49.21436288158997
1158.0,Нижнеудинский муниципальный район,2025,41.923707198181816,44.191986549535386,42.60596190039647,52.34578223130321,29.003551594447146,48.89200793851349,34.30870436183043,35.04404203931073,,43.15391630415864,,30.837498807932946,33.045492781009635,33.21984225031029,41.039467976689835
1161.0,Тайшетский муниципальный район,2025,47.438925726350206,50.747980053765936,41.527515958600624,48.77468955737788,29.81744892800949,41.89159313705863,41.97946359036246,36.02358954982018,,32.800652970943766,,42.32696450048145,41.092301797540905,38.45134023699952,42.27515081266817
1169.0,Шелеховский муниципальный район,2024,72.64164569229503,57.26772292748012,55.87114055696144,36.21322967037922,52.89229488440029,54.77251689341345,40.597943121593,29.65943902932227,38.80616733424117,35.68481411519473,68.31896012398724,,,,49.9894915969806
1169.0,Шелеховский муниципальный район,2025,62.26663361289653,35.25874640446169,44.40649633564406,60.37906179450829,52.474680806579975,43.80589298137826,39.63215089491942,41.503233792686125,,32.39303653194001,,19.161499672154,50.2118712372352,37.39991309128022,47.465862077884296
1176.0,городской округ город Калининград,2023,65.42011220044844,48.92753221811815,60.7925111131322,62.13390199262536,50.7427679553747,45.80846091326765,43.83762943073452,74.80699239611421,60.37883750826199,68.15557160454064,70.97621143613058,,,,56.558738527476905
1176.0,городской округ город Калининград,2024,61.32468313911002,54.57104398246071,65.50162555478157,62.76023866652778,51.63181473156034,63.24682922133076,49.73584198506598,73.64942883290989,61.71128933005335,73.05395910257471,62.08442334243738,,,,60.30268826421838
1176.0,городской округ город Калининград,2025,54.88249862897228,44.089882838073535,56.90790230121033,66.05185419146581,58.15095701965431,69.65130670350176,39.20914281684463,62.93625394321723,,50.480775692365896,,62.96693572327305,51.1152450854846,46.57573918415582,56.484974805367486
1184.0,городской округ Балтийский,2024,49.89623549882197,42.37639251819616,42.82792543261061,53.26753142347047,45.69946362923564,42.50949623715469,51.37478836579356,73.86883378210815,49.47181646905443,54.7279283372502,69.66030045700195,,,,50.22758336092391
1184.0,городской округ Балтийский,2025,47.48721193762235,26.36893487708565,58.65169648642919,33.43214174831347,30.693519991081644,57.56113881599817,38.263669132690886,56.87179153826393,,42.95772498888626,,33.53440710494094,45.43372960669983,41.50121271741291,43.66626306593566
1190.0,городской округ Светлогорский,2024,71.86185812848335,39.94890955892749,66.5722772268875,53.7007653506742,50.98612555159397,70.91155372405373,34.72837738940199,79.55722330883269,68.21951885380204,78.02398627401016,90.74810606060606,,,,58.53338627985687
1190.0,городской округ Светлогорский,2025,53.89922342053882,41.9939641438295,43.302306967948965,33.70884448270396,48.824083530905824,47.12389220592701,32.259792832936235,51.85609773923244,,59.632079429127415,,44.27162311868433,47.64684385551704,58.34358866303729,44.12102566550284
1198.0,городской округ город Калуга,2023,58.31711593488921,60.56666988280998,53.62444572382156,57.37201191367038,52.09631297494606,57.57644010076929,46.39793551360351,60.64000269517895,52.42136545448115,56.84784033947822,69.43340088215673,,,,55.823866842461115
1198.0,городской округ город Калуга,2024,63.21700189224429,54.46530746762474,57.04867567093959,66.65703138928345,48.17482607652586,54.49800783066121,36.71301467290299,57.36630655653639,46.53280632015416,60.50065942042219,38.23497218660209,,,,54.76752144458982
1198.0,городской округ город Калуга,2025,49.10174168004152,51.16933285163333,61.08263207491085,54.23048620165985,42.47096955979004,48.55344922824889,57.87633215408835,55.99041514066246,,50.68440561900514,,40.518198160743744,42.683834217431375,38.02309641144674,52.55941986137941
1224.0,городской округ Кемеровский,2023,51.01703214609989,56.33175747882555,49.25584348110903,62.33105157003752,51.06394624154132,65.05687003246757,47.35398396480476,57.33549529316202,52.64631842164265,51.90833471782463,54.2702077065276,,,,54.96824752600596
1224.0,городской округ Кемеровский,2024,48.29432075680055,57.51306454819727,47.09868183820024,61.55237367820429,50.99913109456708,55.35902626144578,53.44147339491712,60.48265360967923,49.41873410482405,59.87623566346006,36.23265092564037,,,,54.34259064775145
1224.0,городской округ Кемеровский,2025,47.20653454370774,41.13981661824216,43.81167778880043,53.58471723339928,57.15778267860117,50.67686506367445,52.21863564043488,48.87310916033737,,42.13793556707039,,35.672450549779484,24.92574393446495,36.47438841723847,49.33364234089969
1225.0,городской округ Анжеро-Судженский,2023,52.92608477454312,54.51296473026798,51.07177931365995,43.576059951284,54.83363236482801,48.76288970394843,52.40748797752755,57.36083594462757,44.83541196837415,48.3865997582757,57.54416154201448,,,,51.93146684508582
1225.0,городской округ Анжеро-Судженский,2024,38.33798489556101,37.44816331703335,43.62038420001026,41.71592580792304,42.54774217383554,23.49358285434656,46.85534165586347,55.4845145715319,42.63374041409536,33.49882905030218,18.65921877156335,,,,41.187954934513144
1225.0,городской округ Анжеро-Судженский,2025,40.63578872240333,29.739298576657088,52.769459631810456,45.11756888283255,28.85274086441393,32.867934743979795,38.05295964589777,41.76316673803214,,34.73570386838967,,30.024356400518936,28.31468107271444,36.63169622319613,38.72486472575338
1226.0,городской округ Беловский,2023,44.3695857244925,50.01711183445053,32.92773468247584,27.99003298189601,50.59923711518504,50.63881453641083,34.76150791486491,61.64183203035157,42.76972974524554,57.56831881527848,55.20463432826095,,,,44.118232102515904
1226.0,городской округ Беловский,2024,36.02584667977749,41.8827638127954,28.83116425109207,39.27196359472123,42.55967652203473,57.74286477411477,45.17820034349526,52.15743626331804,41.87959750258859,40.06521147019318,32.96449010302013,,,,42.956239530168624
1226.0,городской округ Беловский,2025,49.45223993585784,31.704772764943403,37.75727123196856,46.31239909146656,52.31544261815265,28.791444994863724,53.47144287596139,43.25806108624012,,36.74517309455767,,36.77224928588035,38.43440586368284,40.7818051005972,42.88288432493178
1229.0,городской округ Киселевский,2023,50.26403241387902,51.13456859246157,45.64931584361045,41.75039234179131,46.18905079213452,47.69942643205832,61.82718811621885,51.28621860286002,45.68848117071068,53.9988808571676,45.99423899125186,,,,49.47502414187676
1229.0,городской округ Киселевский,2024,57.00647143043761,47.48340059369482,36.49288718204846,51.52896275092581,54.08386687102903,41.60252554403255,54.6999342557813,53.80179012775281,32.81000458827294,52.71364677207062,45.70998790105497,,,,49.587479844462806
1229.0,городской округ Киселевский,2025,50.07633691276804,30.531277136984663,41.47689476130661,38.35894464736493,36.078439543431074,25.04409507040857,45.72686517808708,37.25787740232807,,37.13297704128892,,43.76555868328868,17.701597387246565,35.42168970907487,38.06884133158488
1230.0,городской округ Ленинск-Кузнецкий,2024,47.99853927132118,59.34981704926837,34.3889464242154,37.75000977161051,48.04755303735932,45.49268293178564,36.62979262194494,61.248852126279,43.86416770437461,42.1221351687287,56.07033197397983,,,,46.36327415422304
1230.0,городской округ Ленинск-Кузнецкий,2025,42.17320340089314,29.05674081109545,46.85053500569475,44.27365066656215,37.74516162159214,36.5336870011038,36.09437187629718,37.703004092926015,,34.20733506578686,,36.67894588467907,35.935234290674885,40.78535223142136,38.803794309520576
1231.0,городской округ Междуреченский,2024,45.76026389841354,49.16058613205208,43.32847588775959,43.08903119244025,52.92927656731285,46.80714569958,42.75345793869919,66.4873076124076,41.37833438134321,51.95089668035618,56.59222639857977,,,,48.789443116083135
1231.0,городской округ Междуреченский,2025,57.26885086326316,33.77047848369608,51.03400155532776,54.27108596711548,42.39765958576269,38.33867907018812,44.67013972325108,47.25300967569385,,37.90421018927503,,25.85554889576403,30.369140279965887,39.8249065431495,46.12548811553728
1233.0,городской округ Новокузнецкий,2023,46.56407936165648,55.66915870624982,43.88554970581354,51.51296326671574,52.27734817517328,45.55547583636219,45.08800046510268,50.20482626326373,43.95674145183437,52.39200659423165,40.82192871908475,,,,48.84467522254218
1233.0,городской округ Новокузнецкий,2024,43.59142537052872,51.73431034228684,46.42625399035903,63.19904299917607,50.68649681644229,33.30187091531077,40.28161993673281,60.91800290911527,45.90498288243109,57.17504264739621,45.51310141633855,,,,48.76737790999398
1233.0,городской округ Новокузнецкий,2025,40.49688948603282,31.1379199118942,39.86034746843677,52.79037783018546,51.739924684291246,43.29645427487445,52.58930419844494,40.20718087191889,,41.55379707196848,,45.333072443924536,28.49381711105676,35.24547108300234,44.01479984075985
1236.0,городской округ Прокопьевский,2023,48.72026030297636,49.28789421245358,28.45255914158507,39.02144469972549,28.13277486386794,39.91885668733474,54.52837971198872,45.31170069228862,35.31608289188897,40.05167111635583,30.06895396022964,,,,41.67173378902756
1236.0,городской округ Прокопьевский,2024,39.80925707505364,46.36157429455424,32.40118821405825,40.77340167046995,37.1569090279643,51.83436355311355,63.39780614559391,51.20807825668002,38.72394715147093,52.13543145018332,38.71797115802892,,,,45.36782227968598
1236.0,городской округ Прокопьевский,2025,44.86691279923605,24.142527506376364,37.16757344660439,55.91731352722552,41.173731435978944,36.546070190817794,49.99674047911314,29.598736505791205,,42.45044901735669,,41.10697045164005,37.664556809018976,25.931275544240048,39.92620073639293
1238.0,городской округ Юргинский,2024,35.4287277217293,38.24631966079065,45.13921861217788,39.63577894231661,35.00939729399764,54.42489162478626,41.96195098267552,68.01464769732603,54.48283499544339,39.79612773188718,46.76020570543557,,,,44.73261656697498
1238.0,городской округ Юргинский,2025,53.84877668543953,28.39833966783699,46.8851266747817,61.93770800711752,38.511787379486535,53.17090096930438,49.89336545843733,49.06077830697838,,39.5817874668016,,34.17915168588641,34.64552962258688,34.82649213033612,47.7133478936728
1258.0,городской округ город Киров,2023,56.38291318516454,60.32521578467441,59.20028573428749,46.79919619269644,46.12872347022235,58.87922908893,39.75427265376202,65.99512412382315,56.82617024870996,49.99674156446622,58.80880018269868,,,,54.18312002919505
1258.0,городской округ город Киров,2024,59.17392763699767,54.01942048349998,61.94849830351546,56.23908174045039,49.45199666777203,54.5603809892956,40.80645642974459,60.58632371234381,56.91024952239433,57.1447287907101,62.94057672407028,,,,54.59826074545244
1258.0,городской округ город Киров,2025,53.12954538584415,44.90539155468388,54.43797024290343,57.7213748386912,47.378047681603455,46.87103216310482,38.35431041968295,54.54021290878797,,43.8765935172024,,51.029248817874326,44.68175678882489,45.0474701907691,49.66723564941273
1260.0,городской округ город Кирово-Чепецк,2024,55.2184054606904,49.51450441259008,43.80305984568075,69.89184751349698,54.84281669749585,29.28828876366489,57.96438346816749,32.09303051307187,51.05915047440406,42.75415400679783,37.9189918702638,,,,49.07704208435729
1260.0,городской округ город Кирово-Чепецк,2025,49.965747014899,35.66590361913994,47.64215723511351,51.47662549577566,29.95170240171449,39.12141181054361,52.48763416351696,52.61826763090316,,40.95371427342384,,38.52189231978295,46.19123387838963,31.84967012714028,44.86618117145079
1303.0,городской округ город Кострома,2023,60.54163397315888,47.12897304064861,50.38364442803064,53.98481356416286,42.73017173183646,31.46035834201995,54.13665475170394,60.35381260642625,49.41993484219183,61.94284844541593,55.12919809224208,,,,50.09000780474845
1303.0,городской округ город Кострома,2024,54.6381145929326,51.49490863536334,48.24234053992156,61.99006334044465,45.45976049726171,41.82970057236402,49.99050412780312,60.59535731005778,48.14836965599668,68.28112534179725,59.94329655349449,,,,51.7800937020186
1303.0,городской округ город Кострома,2025,49.82593804571485,42.735027709091725,55.09060327376255,61.148905016165,37.36371907247894,46.16352705772664,64.8311105309114,54.80298110421148,,46.04633074256072,,59.179833240728414,45.756078685358005,46.73709250574432,51.49522647625783
1333.0,городской округ город Курган,2023,58.42620986143906,51.43772048424919,52.81618675985973,50.88988777671673,26.09392366445939,43.17956624028626,41.03540796401224,44.30700009603421,45.08079895114243,48.20682954850291,43.54063395738228,,,,46.0232378558821
1333.0,городской округ город Курган,2024,60.16873360426326,54.81227584819762,53.5852387042402,46.84227808862143,39.53733257152632,36.78253741989345,44.29772628707659,41.08948160663274,46.43321406321223,55.33393233088494,40.30145825895757,,,,47.139450516306454
1333.0,городской округ город Курган,2025,57.55460883313217,47.87786868608632,49.85400469773128,48.71789483020324,46.71698267844108,60.01425042936109,40.29576682261533,59.69836205024948,,44.59700521607287,,62.83066237497965,39.18575836185887,50.69711262945636,51.341217378477495
1359.0,городской округ город Курск,2023,59.73352297361806,53.52978057530424,54.41918286239045,48.0063173426228,50.66234930381389,40.49101915442335,46.67789678426906,51.00177091091324,56.01722259626552,51.72607523766148,46.26036924525319,,,,50.56522998841938
1359.0,городской округ город Курск,2024,58.69551645003238,56.29045628350858,53.92045330226046,54.8765892860688,57.44560164803568,29.6125874976956,43.92785710084538,48.58108725515536,53.34949911873235,56.92875444091512,48.10258851618893,,,,50.41876860295028
1359.0,городской округ город Курск,2025,44.10165601068925,42.864527179752976,60.10523093164367,60.78661584981126,31.09152212466365,33.655685539466994,41.88634437051665,41.72577704118897,,50.80048911263539,,54.87046656826978,30.314583576316934,48.10258174304042,44.52716988096668
1392.0,Бокситогорский муниципальный район,2025,60.58115032050684,46.52128615725525,49.8362158454916,26.655636442518297,32.382613445627385,47.7489710084678,35.916653396086744,54.33677848628389,,29.81619342113405,,37.46129825536765,45.77403377037015,39.46437750485972,44.24741313777972
1395.0,Всеволожский муниципальный район,2023,52.69358534731565,40.64097407238031,56.34255014702818,55.11036871078314,52.09887205522661,54.27665506349643,51.3756734140665,63.10412025405317,46.26430402418329,52.86663357409825,48.43755482756945,,,,53.205349883043745
1395.0,Всеволожский муниципальный район,2024,39.61992349827542,53.3149150144984,48.59260453151494,59.99929509052966,52.55067596326006,44.21228920183452,40.46799988701617,54.53668329196288,41.6066963740552,36.9024798421206,71.8276515151515,,,,49.1617983098615
1395.0,Всеволожский муниципальный район,2025,59.211392137845024,46.31972269123353,44.657509330526,26.9797656645514,42.633826104964434,33.75077606923126,42.17774482938209,59.47835057679104,,38.40211722489357,,42.928803239733625,35.06111207505831,45.85071376514535,44.4011359255656
1396.0,Выборгский муниципальный район,2023,57.51423256499547,48.87213207126918,50.83140426219576,58.47471622411356,52.63603046192162,47.96180707034375,51.91832825237127,54.13527551370058,50.55336155502971,49.07348969394145,50.78762488869639,,,,52.79299080261389
1396.0,Выборгский муниципальный район,2024,43.19274323848873,54.8130855688184,45.71930215009363,57.67166448252522,47.98084274326028,43.10469724742244,47.16537406432305,57.81619285857324,47.2367996958076,51.38627479394789,50.20658323597288,,,,49.68298779418812
1396.0,Выборгский муниципальный район,2025,62.12847005921002,47.44870458699502,40.63318659730308,33.69680138250792,48.82692843614516,60.576682115112526,42.9720019215983,51.96214190508552,,36.43831227202181,,38.49965440598452,36.9769279279208,45.12754331761269,48.53061462549469
1397.0,Гатчинский муниципальный район,2023,50.33427236714494,49.56568022109252,44.19717770356498,58.39836634793411,56.07951361491085,57.98570104264276,51.43640228456358,46.41283583370888,49.48080923246591,54.44841555228383,46.32836518187743,,,,51.801243676945326
1397.0,Гатчинский муниципальный район,2024,54.9060756012352,52.33630098708719,58.73859236141925,60.51879376270789,54.78675951100669,45.96294276189824,50.35935271842639,58.8950785073794,42.57851121037703,48.17235432613509,45.84501215847328,,,,54.562987026395035
1397.0,Гатчинский муниципальный район,2025,61.52175131004298,41.03552178744008,49.12906211407952,35.21031195753704,60.67381632576131,44.72269184420223,44.75178978725604,55.14819419033732,,43.33849759182361,,38.64820211759713,40.46894390691483,38.31995989010812,49.024142414582066
1410.0,городской округ город Липецк,2023,58.08750102710594,58.85967751516086,58.60135524316175,58.14645358255515,48.25787898605767,71.79123596995393,39.55434247171912,61.11921594832103,54.91588300877061,53.17557836510088,57.54921487275263,,,,56.802207593004425
1410.0,городской округ город Липецк,2024,53.90286668071525,56.38854272908026,59.50778556400346,68.81827541471836,50.19330386268954,62.53734876448375,39.32442501549241,53.12446056713694,54.27894647227878,56.40150489082701,46.55085930972847,,,,55.474626074789995
1410.0,городской округ город Липецк,2025,57.44639609270092,52.27305158340734,57.54657087116085,53.20400130952795,51.76763682041263,61.12682137111379,57.96935308522445,50.20816229582158,,42.70691045651592,,46.63097605933106,37.18624969335267,40.88813347251907,55.19274917867119
1411.0,городской округ город Елец,2023,60.64813446943154,49.6160299886181,45.03637437852048,61.02733153743262,52.28198266930777,62.25279384411233,30.65535016449688,54.17517732686355,52.96302182240868,65.8635979208038,52.68975082254273,,,,51.96164679734791
1411.0,городской округ город Елец,2024,53.39668964872394,50.73733108955856,45.51702303191657,65.05490133714781,35.12151269739937,38.66157459168789,23.52521286161122,51.32520520249446,51.38251611898871,67.84547637109765,24.97609720535222,,,,45.41743130756748
1411.0,городской округ город Елец,2025,53.34843947871145,47.12440242730606,63.40942186955623,56.33509312708966,44.77308042676692,52.9020869726828,38.09271332328154,45.37319864557816,,42.85506287880796,,41.12650021989123,57.30835122484396,51.025862912793976,50.1698045338716
1430.0,городской округ город Магадан,2023,31.72141916396988,43.18289423905463,35.77162708414917,50.11677285962278,24.15408177209,19.26592629277427,43.95090409558421,41.54965062995748,52.31263294837814,41.97374407689834,16.09614350090672,,,,36.21415951715031
1430.0,городской округ город Магадан,2024,27.73580944627128,46.84846438613889,49.06960103196202,50.8055104990779,40.38395308532787,21.81188138893575,30.62760013302207,38.22263808218401,45.60445641750812,47.94884062724815,35.96713217200055,,,,38.18818225661498
1430.0,городской округ город Магадан,2025,42.54578851161887,75.59047156584455,57.60382059216264,58.51795383751194,44.361291270605214,29.577886864690363,57.50363876433839,44.12031885074316,,45.02361767454172,,51.528534042084864,62.80381014256151,54.55949275817947,51.22764628218939
1439.0,городской округ Балашиха,2023,54.10966671804966,44.22535617558194,56.3931235645906,57.21044186950489,48.25218901506511,51.872570618682,45.03478493900206,74.38348543275613,46.91940105473679,56.82833351466301,70.78877895981296,,,,53.93520229165405
1439.0,городской округ Балашиха,2024,52.50602643098789,46.85235991643034,56.51157164540135,60.85757976160991,56.62844783666177,67.6305898962149,40.47346232923267,73.95033340690958,45.39654004916844,48.10366761406279,58.35132556311483,,,,56.926296402931044
1439.0,городской округ Балашиха,2025,52.83643719363028,52.88504874204472,44.470336199782544,50.21069267618368,40.79791554679346,55.39171334749248,70.18065329355021,61.0094210172137,,37.65920798345304,,63.77393132975352,33.08835937898524,54.62336579445977,53.47277725208639
1444.0,городской округ Долгопрудный,2023,50.37518113516425,50.27886803799097,46.55979908520304,63.92016776030752,48.41775537838504,52.41792263589458,65.42131616276214,59.30795984769899,52.81309187524228,49.61865621682041,47.20446597025609,,,,54.58737125542581
1444.0,городской округ Долгопрудный,2024,53.63943036321906,52.49482144972844,56.08165746938128,59.26686313927554,66.81110775204998,58.10081728325854,59.17498088036728,78.98908884484844,43.78272903997968,57.80690967925347,45.32998402142994,,,,60.56984589776607
1444.0,городской округ Долгопрудный,2025,54.56957875820144,57.71165680025904,47.456478224738696,46.07880573846733,69.70002149570547,52.35357632556262,58.09461673387855,59.113923018151645,,50.1564049409319,,53.95999743980875,37.82753055529364,56.64661744654013,55.6348321368706
1445.0,городской округ Домодедово,2023,71.64904692989674,55.1119733780649,57.80282016164917,58.67363687478661,56.99411468979001,61.3980877708055,40.18754176081213,66.42102350076152,47.96661815242912,62.91891990899245,60.16156994375342,,,,58.529780633320826
1445.0,городской округ Домодедово,2024,68.42820649995627,56.48532360462926,53.71265705327625,57.81430274449286,53.91334735931688,70.68939876619847,48.79893347668562,69.21791410465836,44.97233733820578,53.8193504615964,77.01704545454545,,,,59.882510451151745
1445.0,городской округ Домодедово,2025,62.00465253954668,63.89004802342355,64.5471810222706,57.411743735110136,55.59121341440611,61.39077752320837,65.1531060921045,59.90911131485365,,42.5225766589656,,59.44273449277043,42.94063605232835,65.69570913272773,61.23722920811545
1446.0,городской округ Дубна,2023,50.31764554062129,64.17397596710263,47.89298978170407,77.94710062552761,57.51822733269849,56.10038225296212,39.63448026287269,58.21958524563011,51.566123927887,56.86565219479672,47.48390732264079,,,,56.475548376139876
1446.0,городской округ Дубна,2024,47.2925967952592,62.29008462152967,68.68386106281982,64.0553112030944,68.0218817999994,41.4337997069907,49.07291746155972,76.56170436256309,51.93186027437785,50.33292786376227,52.00394074887625,,,,59.676519626727
1446.0,городской округ Дубна,2025,43.66830629225447,69.22792763733644,50.07283664336974,67.19511284703825,66.50633266425876,41.381848859366855,49.896937854026895,59.31447416986877,,44.847148731976496,,54.47161095130882,45.9637922971166,59.79315607714387,55.90797212094002
1447.0,городской округ Егорьевск,2023,55.52449187660331,33.57937526070291,45.76447066561842,75.33344078959698,49.51618074808097,50.62891840398321,58.06647741054888,58.98916729939541,43.93282568053588,54.73260232516007,48.90375217061406,,,,53.42531530681626
1447.0,городской округ Егорьевск,2024,46.54744453314083,42.75874315765997,42.43862957931879,65.30731214177443,49.5629223377674,31.11857801543479,43.68019170626194,53.5982855866454,52.88601075879194,42.42500468667054,63.48488479828033,,,,46.876513382250444
1447.0,городской округ Егорьевск,2025,50.86764595729724,46.93294353266964,52.1565566653498,47.5784554701809,50.50084137656243,55.84176827863316,70.93781794873269,42.958879953631175,,35.23818758368527,,57.85945134361933,36.35416363136395,48.15998853989677,52.22186364788213
1448.0,городской округ Жуковский,2023,38.11438238128284,58.92061486139761,41.0023264488094,59.19950037102512,47.06580627940822,41.01216440653798,48.69003454162522,52.0952773677126,50.31036471193042,55.24202925219445,36.70951733594979,,,,48.26251333222487
1448.0,городской округ Жуковский,2024,42.11204970212889,58.57941314641399,52.40494286889275,68.57115003825564,71.52473854021953,43.14717929651799,44.33161916385172,75.35332270431594,49.94926816844362,53.80667145646122,63.71199923309811,,,,57.003051932574564
1448.0,городской округ Жуковский,2025,39.293092794733845,48.44255410170852,48.20596861577759,48.45502524851134,61.45924885306915,49.56943235212019,51.302778296607286,60.56878000864972,,50.02966398444852,,51.03713790008581,39.79655578141727,43.33938763279604,50.91211003389721
1455.0,городской округ Коломенский,2023,46.15561968618548,44.59136617644062,45.57445419424876,58.78675261931912,55.14422692097493,55.24544822995911,39.82313111681343,49.17033405720323,42.52288906662154,48.29771117549164,43.86565919301931,,,,49.31141662514308
1455.0,городской округ Коломенский,2024,41.89342590568884,48.49797108958999,59.46367122104309,53.54182221998745,53.3540323658793,63.79762192502157,39.60062324160579,68.00377758721694,51.42284140268422,61.47284568734583,49.94655911410779,,,,53.519118194504124
1455.0,городской округ Коломенский,2025,49.743255821714406,44.455271990522135,62.17648499704031,62.30344515543014,54.47200306626359,55.11167256556125,56.93239562787957,56.0255666624112,,44.161635784373495,,42.18419528188746,53.00325139548578,52.26458375683223,55.152511985852826
1456.0,городской округ Королёв,2023,42.64050739910022,51.60993535302305,54.83823479657863,50.10462612383525,67.5151472446365,52.2484675948952,50.23749926218579,76.46168419459781,50.72274283613935,63.8158373526424,54.20436768214793,,,,55.70701274610656
1456.0,городской округ Королёв,2024,40.80247264009596,56.53196817713367,49.97194780726782,50.2810783368656,67.99397600334332,42.80213342164614,51.02930172469936,73.25580581196095,52.6667465975115,61.71358421800917,50.28856473285929,,,,54.0835854903766
1456.0,городской округ Королёв,2025,47.89871081795038,45.44077206575102,48.67132184843502,41.49768021899537,50.57842355842544,35.918806422420694,60.70867898819996,52.24477967203279,,43.29633538761232,,48.219501842970175,33.513936493559925,47.907184355265294,47.869896699026334
1459.0,городской округ Красногорск,2023,64.30976077466323,50.4270967307739,59.08848547474936,60.47572167154853,66.21743458744047,60.416016823904,53.39372500427729,74.36823980944087,51.28918411037412,65.54765256005669,65.38647146333793,,,,61.087060109599705
1459.0,городской округ Красногорск,2024,62.55268191443375,58.28439673242815,67.96457894340601,56.69083298103461,67.7456823175438,65.65748990077714,56.29281014462772,76.3733057992809,46.22316135284333,50.09390678854098,76.77083333333334,,,,63.945222341691505
1459.0,городской округ Красногорск,2025,54.5842605036934,68.93473582549744,51.21845603640593,51.17455717706223,58.71556545686889,51.157517816549614,63.198562659803066,65.89018155652,,48.5070497210863,,61.79472193801576,37.73445340515499,56.88276162327665,58.10922962905008
1461.0,городской округ Лобня,2023,50.38923229060842,49.46328990065408,50.77122947033554,59.19950037102512,45.39505882175032,39.75336308957435,45.82920259003587,57.06708756849878,45.39799772242333,55.04315937110224,44.15390361775127,,,,49.73349551281031
1461.0,городской округ Лобня,2024,51.7089733176539,59.35847428280966,53.79268155128194,48.00850196476562,66.75560825491135,58.25546855987019,43.99336863692625,76.94371609434513,46.22692441344855,48.628880288576,49.64588449851038,,,,57.3520990828205
1461.0,городской округ Лобня,2025,56.32153163946714,63.582540613787,39.422800819519736,49.50968851985444,57.36332888189211,46.669056600961696,51.713912251703896,57.08555989870686,,50.48745315236574,,50.54184472762648,46.93314933939043,51.56600231970915,52.70855240323661
1465.0,городской округ Люберцы,2023,53.13592174169693,49.11147171654025,48.97464398004126,66.58920605957144,57.15173881932132,61.21890583825783,36.92842066643302,61.73968571726235,45.74644914520172,51.2550879609995,49.71424813629952,,,,54.35624931739055
1465.0,городской округ Люберцы,2024,50.1598234860456,52.87100363346931,44.57007099982656,63.02179484613856,56.33134945420157,52.09273783453389,35.55733878867763,70.29213395520281,53.17617448358658,46.61703387936937,63.10102904213785,,,,53.112031624762
1465.0,городской округ Люберцы,2025,49.7304730066687,42.414656866750576,50.75623537846631,60.12497592027066,60.67410972601865,38.92275593271963,50.8056387845338,46.10146253072294,,45.07501802572996,,58.430818946818405,36.18558554262695,46.22065296977049,49.941288518268905
1467.0,городской округ Мытищи,2023,63.21693818071002,54.4948995581006,66.38889574559676,57.17086016806399,71.39077159402581,67.97956719690504,46.35467593030251,71.21737158523275,43.71447864402246,64.7642148287565,77.56225046254714,,,,62.27674749486719
1467.0,городской округ Мытищи,2024,61.08298621555979,61.29769861498664,63.24757391179723,59.1348822748304,71.15192613839785,69.33405620016802,50.87598395160326,71.47465280518328,44.36938781763567,51.53671702079065,73.54166666666667,,,,63.449970014065805
1467.0,городской округ Мытищи,2025,66.19538766218139,63.09166729552212,50.33815666429609,59.06903177232574,68.99527358469915,63.6336670657727,71.42165514380815,61.4525398748256,,55.88900454130301,,62.48425606733287,44.25819378748756,71.13054180205957,63.02467238292887
1470.0,городской округ Орехово-Зуево,2023,51.5025627077216,36.23570613999522,52.0839523337648,67.54725165919756,53.09947102592878,58.66814174089446,51.47668175217557,54.23908704630679,49.94824146185092,55.67938569234084,46.1093664977475,,,,53.1066068007481
1470.0,городской округ Орехово-Зуево,2024,43.48741146524155,45.27952254379466,48.4581199027737,56.79985566272775,46.58066969413464,65.68728696747092,49.96891612830407,57.97122629451562,51.45363894013749,44.71121579241889,65.9126185135005,,,,51.77912608237037
1470.0,городской округ Орехово-Зуево,2025,46.92084291569192,47.54240307004441,45.89865802920532,41.82626500392994,46.43401097931714,46.33869197185011,60.99988814423708,49.70111188191161,,46.05502944500381,,49.067656873195766,43.82293123758461,41.1978789449649,48.20773399952344
1472.0,городской округ Подольск,2023,50.75451868859541,54.22613302800696,55.9031072306795,57.54904782217821,57.73887565245131,49.53891867854425,35.73866805804386,71.87996992796967,49.85591778394573,53.87870164491185,56.03764076047544,,,,54.16615488580865
1472.0,городской округ Подольск,2024,50.12738523241705,54.16988069611701,52.18953882794709,60.06544403943177,59.73073567401704,54.25977051741371,41.56443539808206,73.7306167964954,47.24595192981133,46.83825433809211,48.96483679178431,,,,55.729725897740146
1472.0,городской округ Подольск,2025,50.038340626036245,71.05042769683276,50.78467185130415,50.217334313112985,48.06897768193512,47.12319755167688,42.98888901422485,46.377611783941866,,40.61212917196457,,64.06595873339107,50.65554745361265,49.45690737046762,50.83118131488311
1475.0,городской округ Реутов,2023,56.58302119056648,40.47692427343017,52.2922342495896,81.33243943403211,54.93054227324744,54.81990849130482,48.37625557319399,57.29729742558775,49.73255979081431,55.53102207693509,52.21663231204842,,,,55.763577863869045
1475.0,городской округ Реутов,2024,60.35316912980765,46.61940626928927,62.76901891035396,68.6554414383862,67.25822540116049,56.61454622470113,56.1349632680681,81.35922447202468,51.81346652766771,57.8522192668396,53.06186434064092,,,,62.47049938922393
1475.0,городской округ Реутов,2025,52.87863985197981,52.60689226716688,43.55749763952661,48.46368609751071,57.04916403327589,42.29536491309039,65.19790400528773,57.83281248316048,,46.424170261828245,,49.4938231707011,32.65292535985826,42.88495008978313,52.485245161374806
1483.0,городской округ Черноголовка,2023,51.40243485266703,59.30023514868827,46.03085103657602,59.67914065414253,44.78291205100727,44.23179128270404,52.34452744722279,54.42363267783116,49.32290310560659,48.64687720018082,36.23587169482149,,,,51.52444064385489
1483.0,городской округ Черноголовка,2024,60.98547729169817,68.00197676187072,58.97231068295012,56.54208663496232,56.1999835322593,82.92590507128449,58.10955629131033,82.70302163505919,56.53367817210076,57.5941269600726,47.9800342368803,,,,65.55503973767432
1483.0,городской округ Черноголовка,2025,49.55784183582731,59.71575481112234,55.65115057025598,52.36921763325548,67.97433170338158,64.35484568486191,52.43399290665035,51.78155396267908,,44.27251622735927,,49.91186402522992,47.37260461173637,42.505512142858485,56.729836138504254
1484.0,городской округ Чехов,2023,60.65357203711731,41.92704958747372,49.21029449777593,49.99190280017444,50.15743699609196,46.86146422315166,50.99872683350397,60.15825807016015,44.9112226354576,48.26217132005867,50.77673878116958,,,,51.244838130681146
1484.0,городской округ Чехов,2024,52.91543370324661,41.70774949126206,48.56639115171523,51.73101854602,47.55377818322231,58.46885801573207,46.57659942728355,57.20605290132053,50.9722021247913,43.71112872619142,50.43531257049877,,,,50.590735177475295
1484.0,городской округ Чехов,2025,49.32750267637084,41.38776065029392,45.77036764659319,51.25115895726841,42.28486152158605,31.293680247591816,37.73018631835114,40.13774246622632,,39.10867328569817,,43.45237162880732,33.72124129296541,39.20613417108501,42.39790756053521
1488.0,городской округ Электросталь,2023,39.46416065555391,44.39253920836385,44.56347000567952,77.57795210247457,51.08056872836058,52.52862358775782,59.02485531856358,52.23488972774868,47.88067121961357,47.02175012729092,47.68091556001455,,,,52.60838241681281
1488.0,городской округ Электросталь,2024,43.29684499182818,48.5115970053895,51.80909796554039,58.65159216222232,54.09588818160661,51.58879821403272,50.72420831252269,65.5965062829079,53.21705182378719,50.99408903005546,40.21766519106419,,,,53.03431663950629
1488.0,городской округ Электросталь,2025,52.10266097387275,68.32545705264758,51.45292182839383,44.72767236961114,57.03943608724734,61.177961137132726,56.76658022516123,45.87541019163613,,40.92954597824991,,41.107247097230285,43.93558347636305,36.14531739458744,54.68351248321284
1492.0,городской округ Клин,2023,71.28398515535933,35.51726700644335,51.62173782203526,66.30783272640556,52.48453370177465,62.25904086205846,44.12986681072793,55.0321306398018,47.53380789010691,55.52949014086403,47.75197781331708,,,,54.829549340575795
1492.0,городской округ Клин,2024,60.86150989389649,49.53824650072291,50.03299723970259,61.41081685237885,49.82092150484944,46.81061846601512,47.41333906848214,55.93614004398788,47.64836286314164,51.9858772870375,58.57239231961852,,,,52.72807369625443
1492.0,городской округ Клин,2025,51.509291445076286,41.61127099261629,53.14182750138809,50.97774815642454,54.721480179510735,37.95913561794253,64.42644083622011,57.092364368144366,,41.33548592808858,,53.97088171891895,19.78185547865031,44.1983667915237,51.42994488716536
1496.0,городской округ Богородский,2023,58.95604642615395,44.35548039631243,56.49676649568446,58.90208710160945,54.68811449518349,61.03232996351077,50.10505112053634,61.10221854948308,48.5255525751517,56.22058846480727,41.40081907554222,,,,55.70476181855924
1496.0,городской округ Богородский,2024,44.68874911984385,53.42255319484684,47.79632003238201,61.86746911765835,50.84027700818196,68.0830008259756,49.99775752326777,51.40759491296411,48.21896820151995,48.65437171801774,67.16832781188813,,,,53.512965216890066
1496.0,городской округ Богородский,2025,45.89439484413237,59.77666257995949,49.39093909773797,36.674946358457184,56.4392405717684,50.97300837151046,61.57685260675945,51.58526919395522,,38.41102855452118,,50.52576433709575,54.232093082231735,57.168168626784734,51.53891420303507
1500.0,городской округ Раменский,2023,65.57006762324069,37.72699659494329,47.06513967217201,54.62174121415393,50.65326260249581,53.92054955376576,54.34376921848552,59.23691207610189,48.70757967666346,52.08704200162697,56.61877585020377,,,,52.89230481941986
1500.0,городской округ Раменский,2024,57.62527924801539,47.81878045239142,51.63154769973891,51.7352284469475,51.7447712744598,57.79016734106756,50.20042268713544,57.16564072398839,49.06533230878842,45.14602559173742,64.28535012214286,,,,53.21397973421806
1500.0,городской округ Раменский,2025,52.583582768958834,45.3092062720292,45.84450173198524,36.270681621439984,43.80145536482398,52.91370315706533,53.73379035377926,53.97613686075399,,41.97823306080573,,52.44761656479495,21.301719317834767,47.06341364624544,48.05413226635447
1506.0,городской округ город Мурманск,2023,59.59879200876062,55.94237006269346,50.2208369390683,64.07629776095257,51.69417864823479,48.12308860667559,42.25234051629735,75.63656196189119,55.9715029483455,55.81347713238822,28.42624539452786,,,,55.94305831307174
1506.0,городской округ город Мурманск,2024,63.58601478425184,58.60615958799357,53.07548759438507,72.501526258576,59.02264018348543,34.44041846024934,47.40124672825467,68.81526688168618,60.87022712385703,63.71558630405804,37.18619260032845,,,,57.18109505986026
1506.0,городской округ город Мурманск,2025,48.17743829181058,62.46677601101857,52.74317333836844,49.6499496358339,63.40242845203504,50.36308965760115,38.16372245813662,62.51028814390614,,49.13736320311618,,37.12299115823903,41.02118766632755,39.9082817193202,53.4346082485888
1508.0,муниципальный округ город Кировск,2024,41.16873689446741,61.71587091393026,66.68675567547425,67.12460769554541,46.76196883685644,55.98826768373108,57.35284057188372,63.61980380352447,51.314130951129,63.40364615889494,30.62374649745216,,,,57.55235650942663
1508.0,муниципальный округ город Кировск,2025,49.61872916859212,62.40952305717353,51.82920080041303,50.22896940072173,47.40258094405063,38.16327993348142,53.9380366606248,39.90256392894552,,52.522242694636525,,39.43868260964668,41.55715302042483,32.47978143032601,49.18661048675035
1518.0,Кандалакшский муниципальный район,2025,54.0637671777255,56.87594242938309,48.4827767788075,57.30127228756243,56.01346530302681,40.31368233176087,48.936381867696014,35.05624099278082,,51.29408270656222,,34.57372242186462,47.53922443292928,32.644544720306776,49.63044114609288
1525.0,городской округ город Бор,2023,55.8100573767083,52.17036099048603,53.44486281514961,58.53400075161532,54.45040517100028,59.79469588886415,44.53203490946927,55.36928515761819,47.88965274801295,41.46944296583915,52.65252303895293,,,,54.26321288261389
1525.0,городской округ город Бор,2024,52.51636752123915,49.10242055525984,46.68264236533567,51.84401831803981,40.89405446914856,51.73038766788767,42.99995770160317,50.12479619157835,59.42983840073678,39.9271114811643,55.07711585142061,,,,48.23683059876153
1525.0,городской округ город Бор,2025,49.41106159144243,34.16923668291132,47.87364731197447,43.60783829609969,29.943024246720515,44.61865129258735,44.69436933053539,29.23882674867089,,40.06002182506406,,44.29424629485504,55.43014355895056,45.05663095717054,40.444581937617755
1526.0,городской округ город Выкса,2024,48.10087656887604,59.91894293126408,40.23269346060663,46.6927535799584,38.64826125493333,49.55812060144719,47.42941049061519,53.11291772484722,47.43900040751513,44.31503985323965,66.15631716474412,,,,47.961747076568514
1526.0,городской округ город Выкса,2025,48.70293883152142,61.29740748064726,57.74243494217129,67.34178644417295,37.79110858385323,44.46438558917092,46.15287432419669,41.79059951388253,,49.40131810478186,,43.27324537541558,50.611660580038986,39.59981658099877,50.66044196370204
1527.0,городской округ город Дзержинск,2023,56.18005981279254,55.31025903488549,52.72542500482827,54.91126848687065,44.25791672980347,53.23071516983288,44.58967387612175,58.87525531943277,53.8916253496723,42.03395621405541,59.1979945661009,,,,52.51007167932097
1527.0,городской округ город Дзержинск,2024,55.30964263884186,55.9024161361014,50.56908186336238,61.22259162311135,53.05654171444269,26.93804469976906,48.95519460090757,35.62093588779644,49.68256715058558,50.22024992991575,60.87162252436747,,,,48.44680614554159
1527.0,городской округ город Дзержинск,2025,55.04947739603013,45.99159885069928,48.89758145613945,55.63595548646567,52.31241981680549,26.52888410172323,45.71385438871935,32.258912731544385,,40.17838009533635,,54.696265333441936,44.901260001161695,38.30477503988978,45.29858552851587
1528.0,городской округ город Кулебаки,2024,51.43731039872626,47.73837392035947,46.52238926055932,41.81890137042798,52.84614777373709,53.11895477149066,48.76707051953557,50.41385913212553,42.98421408904388,30.60995158741967,68.23121060901222,,,,49.082875893370236
1528.0,городской округ город Кулебаки,2025,52.37781521024342,44.576016467442926,50.120117981989424,40.76557994942178,24.11220122257779,47.79659273630858,51.7227474638645,44.275875957695526,,40.83103150155519,,34.92241263610367,63.48868944331132,37.04880517725726,44.468368373692996
1577.0,Боровичский муниципальный район,2023,51.81084412597928,39.54251743413133,49.77413116272184,56.17045315488652,49.94438948403948,63.16584412280241,50.22085791390186,51.581239836036,45.77087188535342,49.17700811356601,46.56380005460257,,,,51.52628465431234
1577.0,Боровичский муниципальный район,2024,51.73498078534313,34.82600981653405,39.6055048138675,49.7722882704492,38.92937069263642,57.10374694749694,55.15725420281662,50.59361126300536,48.69740871094695,56.24039923093827,52.87559664793564,,,,47.21534584901865
1577.0,Боровичский муниципальный район,2025,56.42455066922732,33.82355865794341,49.51624798249141,47.4338544278878,28.44286635605215,62.996277619631385,48.75894520472308,47.00200876751783,,43.01083467472856,,31.921709464189306,40.44514853640577,31.614433265231163,46.7997887106843
1597.0,городской округ город Новосибирск,2023,55.57394795798577,55.97776525985552,53.3702706733389,58.31240506216227,55.06060724076225,63.61356194533438,53.52458345657421,48.10061826593456,46.30656372930713,53.05414216115582,58.8192597284375,,,,55.44171998274348
1597.0,городской округ город Новосибирск,2024,57.21190422490118,58.88947884494701,60.57485814654089,63.6439800213675,48.0973910770136,50.72873153374711,54.32954039775198,58.200898021288,50.25695139256654,59.16779232116939,57.71856055867834,,,,56.45959778344466
1597.0,городской округ город Новосибирск,2025,50.254441409368354,43.95528563700533,50.66919916065251,56.52192386320966,52.973052750431606,54.62163788996486,60.53378489527048,50.20154172963513,,53.17369358997463,,66.20976441514964,41.95810781721678,62.63810850786498,52.46635841694224
1598.0,городской округ город Бердск,2023,67.61888531314989,43.55636634206158,38.31981881282084,44.93074235542018,49.98383895349567,55.35144705142729,45.54509896315425,55.5928181059763,44.91312238730065,37.40303472805523,64.9412884801517,,,,50.11237698718825
1598.0,городской округ город Бердск,2024,58.19344987122764,39.75990083589137,41.90935876454341,54.00940389359142,51.02414924893957,49.23913343666671,43.2507315188179,47.65460373610622,45.75549206155031,41.08505000226283,72.65652656765545,,,,48.13009141322303
1598.0,городской округ город Бердск,2025,50.82195143405686,26.18257180453898,34.48627908103125,61.99411042894199,39.40399217430856,41.89870196917711,53.75263614010871,47.45006697037686,,36.441859299585005,,52.5824502990023,55.70102156896682,55.52075264881198,44.49878875031754
1632.0,городской округ город Омск,2023,57.67779200647253,57.56921105383976,54.3932749512142,54.07791719730204,46.9672689313765,56.17970240666491,40.51788231713464,46.53077341820088,46.47107202175956,50.37553041966682,42.82745978210485,,,,51.73922778527569
1632.0,городской округ город Омск,2024,56.96193800361481,58.31625856380303,52.16913090688368,58.51247528632814,50.85953405856224,50.77999054070897,42.92871624648046,49.3959195549061,47.14330547914477,53.69889250896949,46.77951988245268,,,,52.49049539516093
1632.0,городской округ город Омск,2025,58.60894714186503,41.46589162925503,50.552947699441546,50.08633942471001,57.80548097814289,43.795523642196144,55.87177647707904,49.58881696363716,,45.606685068694055,,48.6535545185023,23.75572786159596,39.96306674932687,50.971965494540854
1665.0,городской округ город Оренбург,2023,61.86462608940319,56.2862539528932,59.89130442800747,52.49307382416288,52.32530639980519,50.99171834829052,37.96658718175691,57.65048100053957,49.8642449577322,54.81401000806662,56.45435838205439,,,,53.68366890310737
1665.0,городской округ город Оренбург,2024,60.38624812048501,57.77373434382374,62.02778673126681,57.17684334823712,53.79459431670914,39.3333013602266,39.44113942218557,47.01843301765759,48.27257745911719,55.54165885693435,50.68707465682186,,,,52.11901008257394
1665.0,городской округ город Оренбург,2025,59.89541770818748,53.50092628459789,58.75502660015926,69.89616607648995,41.65517829415764,38.27856139915467,46.98508709565181,59.39035457510847,,49.03217197363461,,43.26458555259736,42.038100103917664,45.08717718268052,53.544589754188394
1673.0,городской округ город Орск,2023,50.65329517958195,42.79736533988012,44.94984544737996,54.32589125402547,47.5216630346644,42.63481318758714,38.83259089543448,50.41348032314349,43.19099708633005,36.98865835312247,48.58031260463862,,,,46.516118082712126
1673.0,городской округ город Орск,2024,52.24081063501771,48.44861197081118,44.97207634400918,63.75479703993558,47.84462719911883,31.14814406996026,31.61837288522596,39.73901409656713,38.2830793026794,43.41582451458261,54.72034024621036,,,,44.970806780080736
1673.0,городской округ город Орск,2025,52.91718473723485,45.025619344949,40.91799329038843,55.36673493938482,33.67064102668661,26.929980864640587,17.240330754731513,35.65103240982928,,30.48269197247525,,42.41299884800813,43.89446047424746,37.3801045430174,38.464939670980634
1707.0,городской округ город Орёл,2023,49.98749058188415,59.81525281887144,53.60755578670621,65.12575388226661,41.08771745518578,59.33601805612307,47.45174232373733,54.0897990726226,44.21228981457742,57.48978209524608,44.2643335806346,,,,53.81266624717465
1707.0,городской округ город Орёл,2024,51.55501174241113,51.03017479411891,45.78740661469767,68.63849068871714,50.46543233154897,31.03390113438155,40.49151887983651,54.57735673462873,43.02689951556432,59.3846768830111,24.28226484667774,,,,49.19741161504258
1707.0,городской округ город Орёл,2025,48.75526781515492,37.11951648809267,52.42781738348648,65.52257587916876,53.3218486658445,29.244481147472715,47.55325970951109,54.15945534668287,,45.222117432418855,,36.83442707119752,33.69875812232736,20.639075853268206,48.51302780442675
1734.0,городской округ город Пенза,2023,50.23126520314138,53.31835159224724,61.0923633693635,66.57509647665731,45.76806863835349,59.09450992494037,42.87507712375074,61.23096756469054,47.26620762666215,46.62294085671419,45.66429179833956,,,,55.023212486643075
1734.0,городской округ город Пенза,2024,61.04708975727446,63.8786246357818,56.62715823605154,73.22110490034248,42.92348491051979,47.75365513118496,44.84274549592091,57.07550987571496,48.33192105806052,54.2133825508497,49.52418151956683,,,,55.92117161784886
1734.0,городской округ город Пенза,2025,49.07562637126411,41.266557349227725,64.75847276362597,54.35395455875183,50.19913700613832,51.31483147138548,40.49768947656607,58.64436932455834,,49.07701311455965,,39.76572764455427,28.44881159944517,41.78075503177018,51.26382979018973
1764.0,городской округ город Псков,2023,49.96588510651128,44.16694434054639,36.41514721706786,53.80245315972152,46.40590131240251,50.78569101681693,52.97153821296426,71.96698218954266,57.50308580031489,54.41507512880869,55.54005187418365,,,,50.81006781944668
1764.0,городской округ город Псков,2024,50.84156393417517,48.94055649604972,38.53438610966946,67.88282872246731,44.65421625313189,45.11948079327577,52.09518178851299,68.09027995805263,58.0114905985717,68.02996234214778,40.30568797403409,,,,52.019811756916866
1764.0,городской округ город Псков,2025,52.59769998375908,41.76419664454303,43.55204771998127,60.26760450007487,51.68018563622525,43.666827412652616,48.61756317333047,48.74305641036346,,62.96183606378289,,63.931847907453935,46.484544725084206,50.8841942342847,48.86114768511625
1790.0,городской округ город Ростов-на-Дону,2023,54.43800400902438,54.26983626727548,59.19778883970704,69.13605968970275,42.87544185476283,59.20114936856207,42.64906369894911,59.38836679826556,50.17266440978121,53.19337021016587,52.53400968563724,,,,55.14446381578115
1790.0,городской округ город Ростов-на-Дону,2024,56.72630717507155,60.97907535932358,61.38717589628436,62.57691069907441,44.52530660927906,49.91997906247023,43.04823556003223,57.09083355790145,51.79051614873497,67.28949228835879,52.29663654337061,,,,54.53172798992961
1790.0,городской округ город Ростов-на-Дону,2025,55.97541552586118,59.77967134806927,56.67786426330599,73.15723868139786,48.44602578516788,43.060357881472726,43.42376635305623,45.22923290459466,,62.25319309864424,,75.67071520270605,47.47499921343956,70.3819517882174,53.218696592865726
1791.0,городской округ город Азов,2023,55.84184990313808,37.95769454779486,40.53785771858067,49.5276128718364,47.19671711970967,53.28659376200502,52.27340852112313,55.4219874948818,47.77363180609456,46.31791881733324,48.24767386303559,,,,49.00546524238371
1791.0,городской округ город Азов,2024,44.66346554050833,42.58688466065805,53.26109689621084,62.21263412608651,54.22427271416312,52.10213286926724,43.59253157313837,40.77146389167369,47.64159750737966,62.9559830917646,42.06301591670551,,,,49.17681028396327
1791.0,городской округ город Азов,2025,58.94409451874798,44.1927564046441,47.48659752700657,55.863088514225936,29.88206366756385,50.0716500885428,42.06891159361562,36.31834903724752,,44.607669988717625,,49.54819410083388,46.55109080171429,41.45936718083453,45.603438918949294
1792.0,городской округ город Батайск,2023,61.7953538840409,48.17308536881145,49.72092286903803,39.84114294652761,36.45564098004486,44.29738428940308,43.61055975481752,54.27398798109711,42.96475498974083,51.35433588951096,56.24858580563462,,,,47.271009759222565
1792.0,городской округ город Батайск,2024,53.76826848677262,40.60696995809282,52.64806752043009,52.22186581779334,45.25396351041756,49.34124672212187,37.89824631554846,47.50537825078089,44.45718542247933,49.79572288691218,30.56188375651702,,,,47.40550082274471
1792.0,городской округ город Батайск,2025,61.14116812929623,37.06339405296137,45.75925974387902,51.39817300639292,36.11566218226244,31.6786476005536,33.31044010336189,41.26748132325044,,33.78234082593341,,51.95791572838843,37.59159540626157,42.87626737019461,42.21677826774474
1793.0,городской округ город Волгодонск,2023,54.35211086092609,41.35236027910472,42.37427450880465,63.24209380980818,48.88291007817872,49.63411952315825,40.54679498491121,53.70312525607776,40.23725385585695,65.8780524510241,34.82468694340446,,,,49.2609736626212
1793.0,городской округ город Волгодонск,2024,50.9767733585473,48.97543443277567,48.19081582255146,68.90330184368564,43.71312709833108,40.82587142890645,38.23127207951987,49.0854322670077,42.97533845077475,52.38365923524695,41.89959940371572,,,,48.61275354141564
1793.0,городской округ город Волгодонск,2025,51.51860490587675,43.542927716063005,48.826779902158016,57.968704585252304,43.46584691889961,33.96438004600428,48.59103143188993,40.82334504219438,,38.546334930824095,,37.44997403032302,20.816126222346696,45.30884837666667,46.087702568542284
1798.0,городской округ город Новочеркасск,2023,58.78987680413186,56.15990598436114,43.55888143179477,58.97528449383027,39.36083487395649,42.4017272957373,41.01116699388755,45.13576658617313,51.62963324806796,50.2105559069184,34.64469403176201,,,,48.17418055798406
1798.0,городской округ город Новочеркасск,2024,54.0720252714991,53.75761550043347,47.60978220468343,55.09227071154191,43.18575622091079,37.50753138191258,37.87948509979724,42.0772923853055,49.01286986344378,50.12177573092119,40.00886049178464,,,,46.39771984701051
1798.0,городской округ город Новочеркасск,2025,53.42454201087234,42.62929508061974,44.25518023775037,60.6925071676604,38.910809411679566,23.342443176860225,50.17111753071145,39.11713610386303,,42.82868354257351,,42.68468737042176,30.542014051274545,41.43753311306067,44.06787884000214
1799.0,городской округ город Новошахтинск,2023,44.11322331701402,25.36314721124657,31.32078889697686,47.61275155554927,46.17426086042229,41.14914056878041,34.17429899920616,44.46162322488831,42.82323913149589,48.58377106134459,44.229822643431,,,,39.29615432926049
1799.0,городской округ город Новошахтинск,2024,53.11686445725312,42.47908962898145,43.65776669477945,49.14185765023198,45.1149973950851,54.81499029467462,36.25859171458462,51.94778300237948,32.00635668879366,31.83254169635535,50.55090785177572,,,,47.06649260474623
1799.0,городской округ город Новошахтинск,2025,46.45909911244549,35.918109097070214,48.02785356724488,42.55182820142124,29.032194611209743,28.323504140824248,36.76276333893136,38.63911047379849,,38.33100642819226,,28.73573319986729,35.72828190898469,37.71590305655205,38.21430781786821
1800.0,городской округ город Таганрог,2023,49.92462240852761,42.37831619918422,53.71270010948515,56.94282089882095,56.93265241103964,56.4429611959129,44.3973953200626,52.46410888893366,45.08311064564873,63.04285981436401,53.17885212248157,,,,51.64944717899584
1800.0,городской округ город Таганрог,2024,47.28747753961692,50.61427471122178,48.52923728643509,61.99357432005048,49.03989800381649,47.09871359064496,42.31802422582956,46.8394836297926,49.93519827693114,73.48387077657179,56.72184839915646,,,,49.21508541342598
1800.0,городской округ город Таганрог,2025,41.67196105921784,37.34392759592009,47.68153504896326,55.44393246997597,36.311508195403626,34.920895704781415,53.94732952387972,40.68101509542058,,53.96062287512706,,42.37021512794279,40.06728714882024,44.22329187792025,43.50026308669531
1801.0,городской округ город Шахты,2023,39.820993596417,36.21959948535013,28.0913270002213,46.41375779771186,38.34712216777138,4.907609184088388,33.84512576656632,39.74971989565149,37.82702163113122,42.34317207315964,23.93594527492683,,,,33.42440686172223
1801.0,городской округ город Шахты,2024,43.44119217096078,44.00748265094861,31.70293115998427,52.06467728401944,33.86745585525028,17.31674889876973,41.2847911970483,39.9069963567587,38.17136563062434,44.59115640657981,38.57438403637956,,,,37.94903444671751
1801.0,городской округ город Шахты,2025,44.162448980490346,41.213935989340015,41.41734926682898,55.85933973097057,32.61327380188953,26.213066719829037,25.796230262454376,31.25785697564918,,35.2014111423524,,38.49483081448562,54.81809575709291,36.86606446089115,37.3166877159315
1845.0,городской округ город Рязань,2023,52.09094099178203,55.82399868539184,56.23608518020711,63.67463035182313,56.54197163215908,39.75968714213037,38.97571350016228,53.64664270127708,52.69618051933374,59.54416260775103,49.57698340295193,,,,52.09370877311662
1845.0,городской округ город Рязань,2024,41.66604169163955,57.92868154597701,51.67810318887741,73.64697847524846,52.44216579525565,25.30469541263799,35.49770866938383,51.53575944982483,49.86812420190012,59.95494280304236,46.95853423890385,,,,48.71251677860559
1845.0,городской округ город Рязань,2025,52.04889704231315,49.42888048495724,57.17417975045094,50.13800486132534,48.6770609964176,37.4757015099222,57.24298461507546,56.72497846002471,,48.79854642613062,,58.14750999820568,58.95664005290365,53.02733770456685,51.11383596506083
1874.0,городской округ Самара,2023,53.65828651107754,61.81719646949785,54.61924418676692,68.61954058390062,41.15166429171438,56.95970969262164,41.20286270636125,48.14839795540019,51.13099749404611,55.2812880143919,57.61400705682869,,,,53.272112799667546
1874.0,городской округ Самара,2024,53.06198286149426,66.28955417802857,50.94624848107328,67.288883096973,49.28768051530922,50.07096697509274,36.59913111124892,49.54300396058733,46.55801127678347,59.79412871849589,54.95665543388131,,,,52.885931397475915
1874.0,городской округ Самара,2025,57.62352527746713,50.59609640463776,44.46953132077324,62.298197774901645,46.004691113224304,55.68939945867325,43.30614476337118,58.04256922720396,,52.31627082201664,,53.02886041298446,40.790133616830346,53.40870623227674,52.25376941753156
1877.0,городской округ Новокуйбышевск,2023,59.86283190724526,52.63532793131996,43.85242405783616,60.69930734742164,53.5568784997233,52.52673251684903,26.46608797260011,50.6999883695381,45.95097408643421,48.91320940111186,49.2193543566414,,,,50.03744732531669
1877.0,городской округ Новокуйбышевск,2024,55.44821325730341,50.35437796319261,43.00828338444883,63.06178929062372,37.78548099176881,50.55830374109606,36.49544020326841,45.24238297500545,48.30222317392317,48.071397115017,48.37871340560555,,,,47.744283975838414
1877.0,городской округ Новокуйбышевск,2025,51.25186458296953,48.391036721397306,38.03310129042715,50.67041906852839,38.73595295304489,48.60868458479932,46.73695656778485,48.67537309562726,,36.94778140189568,,35.71357554619703,38.05081678177622,37.30170994860541,46.387923608072335
1881.0,городской округ Сызрань,2023,43.25207919743624,48.24087825103847,33.1739795911719,53.848712862619,53.86579147246186,42.66427781297591,50.52297330684923,33.51292172730137,39.59633855517623,46.24821384686268,39.72162532674092,,,,44.88520177773175
1881.0,городской округ Сызрань,2024,40.97342496681565,46.049846306356,37.8413080732783,58.75800214010481,49.99724637281886,43.0087920513061,42.82587509912577,36.67619440958442,41.12601044133982,53.68770636508648,38.85898598819723,,,,44.51633617742374
1881.0,городской округ Сызрань,2025,44.46099634652892,44.43777814411053,45.23660668058158,59.894699800139406,37.4554435802977,55.93194449303638,57.372237921978126,56.64760228698791,,42.48922944487224,,36.57630060842633,50.77742783966582,38.04800864364914,50.17966365670757
1882.0,городской округ Тольятти,2023,49.39719954076865,56.94928501391931,52.84920353458179,56.27495441828562,53.15869492051731,66.34240323692977,38.77226772865094,57.85306829098645,50.64914205717746,53.01547974604912,46.71269147896396,,,,53.94963458557998
1882.0,городской округ Тольятти,2024,45.0770847785935,60.00800353359536,50.81105043167241,63.59015363906607,52.24916673215296,55.64325089346879,43.01791493221283,50.21546203276614,46.36081658975066,60.72657800781685,50.39467141003672,,,,52.576510871691006
1882.0,городской округ Тольятти,2025,49.01831649470349,44.89719754115532,44.87027107877656,53.82996845577054,48.99634205485405,53.813948933716894,55.09379993076053,51.66842432237076,,42.97394623054097,,42.17750593684711,29.3797297715313,45.149829062233,50.27353360151352
1883.0,городской округ Чапаевск,2024,50.38658807385417,52.76820998134574,37.3786005964744,39.52848114656976,48.5530495300665,55.69889848692198,48.52248381322155,39.89799351753382,42.61112975680863,31.25261358174365,61.88903767412344,,,,46.59178814324849
1883.0,городской округ Чапаевск,2025,48.33783001809053,47.740441257306856,41.2889177641802,54.86011453575639,29.96286292509848,57.27438159382498,52.78168880336974,38.56419248024808,,33.05206887769583,,44.548085595277605,47.323443933115385,42.75195369382173,46.35130367223441
1919.0,Балаковский муниципальный район,2023,65.05842638428253,49.81916658351787,61.72340431057339,52.25761605172469,48.25984324158334,50.32928666353297,54.22942720127763,57.49994850862075,42.11678808583712,46.87944852685924,53.5235551580044,,,,54.89713986813915
1919.0,Балаковский муниципальный район,2024,54.92315737464735,52.70686596902444,54.60628163391156,59.18443112516101,52.77069770337302,36.20212347323356,42.87885956603041,50.77317103536959,40.1782062881423,44.39768314869045,54.61232850266366,,,,50.505698485093866
1919.0,Балаковский муниципальный район,2025,52.49615023688712,61.21693581887296,46.47721038912244,34.30734041875622,29.787791656984407,38.00017056655962,48.5144275493834,55.84507615879323,,35.928974755183674,,43.63489135571298,25.145959593609685,32.06744550213781,45.83063784941992
1922.0,Вольский муниципальный район,2024,59.12488213597768,46.18250091414041,47.76390194888161,37.00155324187801,52.05882352322086,63.45724587912088,57.83205853066907,58.94076453007262,51.05135539239336,41.547380016036,42.48042613350886,,,,52.79521633799514
1922.0,Вольский муниципальный район,2025,52.47441279087546,15.123225204459668,44.75596841418708,51.56999784905831,32.3282111047041,45.24829300960365,67.25679856782085,56.018624365724506,,46.61061611882528,,30.330152884227825,38.978995231873846,28.780267063503725,45.59694141330421
1952.0,Энгельсский муниципальный район,2023,58.43545329178867,44.81984854872849,45.34268696159926,49.35449942762114,51.79200629240851,68.46117854717336,55.82793093037478,43.90514965457452,45.21227550542852,46.96473927784432,51.14435204894595,,,,52.24234420678359
1952.0,Энгельсский муниципальный район,2024,52.44096005015177,45.78013330348798,52.87539140243852,52.18831459210036,51.54066691495109,59.62254839748808,51.76065835464765,54.74823637537947,43.99003820871783,44.92404855880275,45.99614919236159,,,,52.619613673830614
1952.0,Энгельсский муниципальный район,2025,46.148964761906704,45.42119663611507,54.76591468614824,59.74522080356473,36.88814825485358,47.895514063306,69.72368185799508,60.818614195909,,38.78414124100272,,51.12566141661923,36.6185963227435,51.15845337036772,52.675906907474804
1957.0,городской округ Корсаковский,2023,46.34516878297402,40.92657660967617,38.16168832464636,60.48639302959117,43.21021430987879,57.80986813745839,65.39545889222536,48.34173770808862,48.3211381614543,54.2515309989101,29.83463827053524,,,,50.08463822431736
1957.0,городской округ Корсаковский,2024,39.12320575672069,47.15767134895341,50.95321488663105,41.96431012769557,47.38852182980333,29.89513789128038,55.13000931383035,36.53613988851863,49.90387061462197,44.89476430205814,21.60373544126872,,,,43.51852638042917
1957.0,городской округ Корсаковский,2025,54.695531401908646,59.14687113634376,54.48393214091436,46.250500415044506,40.91786274811304,39.29422824406842,45.36068820550462,37.81733105992768,,45.74307461472269,,35.75834385028557,34.38818139495884,55.73423040623842,47.245868168978134
1971.0,городской округ город Екатеринбург,2023,61.57751252484224,58.83815078482998,60.39356904222972,60.81934480444378,48.43965332645666,62.09093388879055,46.91452804952618,57.0994682017898,48.09990135135675,59.2267766645527,56.40589322358317,,,,57.02164507786361
1971.0,городской округ город Екатеринбург,2024,56.11253197439197,67.97616025673948,60.41061235538226,60.44805832564186,46.4244570967039,57.96327170517043,47.55604089699814,57.62000497026437,46.23879171700235,60.59075686341286,54.69981938985735,,,,56.813892197661545
1971.0,городской округ город Екатеринбург,2025,58.58141108704648,62.21441680586882,51.81781022667492,61.30058237730746,44.17614522157854,63.07300062165775,41.468294834197486,56.29128852048871,,57.82024717628865,,79.63039734032928,54.58588663415226,67.49185239502779,54.865368711852526
1974.0,городской округ Асбестовский,2024,46.61270110649571,46.43941126361259,41.88650188200846,62.48542550619072,51.46537527745738,44.03814079148032,38.06989566855765,51.64606513871945,39.61542167618573,33.59093567359103,65.22247913173328,,,,47.83043957931528
1974.0,городской округ Асбестовский,2025,51.29061124455578,37.53844521797815,47.48838084079704,55.84953654496313,34.86920017879604,65.14376901358767,35.06875737533672,35.14023984159713,,37.03129814916815,,35.018912834032044,47.11610617267717,33.76472582674622,45.29861753220146
1986.0,городской округ город Каменск-Уральский,2023,56.0589446358804,46.43056615534868,43.39919424204952,54.10487965700936,58.99146931160431,48.09661923275586,51.36739799800099,48.92784780034237,39.43263123633012,48.97795394535624,50.12584171398324,,,,50.92211487912394
1986.0,городской округ город Каменск-Уральский,2024,56.5179965665063,52.60906714750684,50.60529886637524,51.89323761066034,61.79754072202864,51.14490319884835,52.08227844304489,52.27678746523487,36.67563560781853,45.95005312330697,65.99612547669255,,,,53.615888752525684
1986.0,городской округ город Каменск-Уральский,2025,44.84172302433774,43.78079677453436,40.87214866804973,52.24290043550762,44.73220875148957,51.58053940652702,47.64120660513541,48.29003501711622,,40.63766712727107,,36.81886604334582,46.33027499658594,30.90125518612429,46.747694835337214
1993.0,городской округ Краснотурьинск,2024,52.80280654676126,44.93712194881225,43.64648074998475,57.20865200315059,52.12763647456558,45.41863646372524,41.1660291292925,54.75659187266149,41.06499064302962,41.76964602465625,63.83962915917245,,,,49.0079943986192
1993.0,городской округ Краснотурьинск,2025,53.598291297023245,45.3958709235841,42.40406936919174,50.74718226214127,34.91914251983076,43.31725383966581,26.032797920340887,49.23065099090441,,37.46764790672252,,31.14538493005595,52.47176893480124,37.18416625618181,43.205657390335276
2004.0,городской округ Первоуральск,2023,52.73241419455373,48.11548681973424,43.58014359622889,43.2553929193036,49.86358109733077,48.63285040682798,49.02769468189258,55.89334554668375,38.13804475296912,36.44712194534891,40.17693323491216,,,,48.88761365781944
2004.0,городской округ Первоуральск,2024,57.24520960594855,53.35160698804486,40.0895157895595,46.15859978714135,51.6389365377709,50.31860141536654,37.41591449671014,45.99478613657352,39.65562471011117,36.36081272500881,44.27356867467971,,,,47.77664634463942
2004.0,городской округ Первоуральск,2025,48.58145247878081,40.11639019718119,31.60733907028944,49.90289243728416,42.67794562495092,38.74669274126898,25.57327837022812,48.93878304626268,,38.84954459618773,,38.58377292158138,38.15309014385744,34.669946819085524,40.76809674578079
2009.0,городской округ Североуральский,2025,52.454187853313854,39.02346788720692,34.50665011653942,46.37335653600316,27.640255481522058,58.92840306952429,48.20413629214239,55.50225551120408,,33.42981912597262,,46.554098930540015,60.24410640446168,40.07764781055471,45.32908909343202
2044.0,городской округ город Смоленск,2023,55.69130667474446,48.77267071037121,44.46237111830878,45.62713254687191,49.72954925730408,34.02796564253265,48.67422747377059,64.1491197132692,51.5688067315836,53.93229896890288,53.07798814224103,,,,48.89179289214661
2044.0,городской округ город Смоленск,2024,52.18389587002557,49.50314856046865,43.40959175593935,56.84813955191462,51.79624671273842,52.93564942002442,50.42223039708157,56.05100701871959,58.25169023696269,58.6378032454508,44.87208983906288,,,,51.643738660864024
2044.0,городской округ город Смоленск,2025,45.23403823159976,41.083115819015234,53.773296757863406,52.22615385396151,39.21502540822889,55.266605561298526,46.054405807933016,48.75151242588635,,55.59069399571186,,60.29696104612171,44.037663383102384,39.01076875900002,47.70051923322333
2074.0,городской округ город Мичуринск,2023,39.28287453863488,38.88694620631574,38.35661375532761,58.86507602446738,50.38446102495,34.79799645266397,42.52817523374956,48.0235659162957,43.32402450407437,47.97628120334409,39.14673217606313,,,,43.89071364405061
2074.0,городской округ город Мичуринск,2024,40.45671563254746,45.71565401115026,39.1767607808728,66.81512898165786,47.95188127069018,25.13781747252514,42.2786865367381,58.02529386131685,36.92287663735759,49.59214512908514,54.047547319138,,,,45.694742318437335
2074.0,городской округ город Мичуринск,2025,37.7133838245915,39.36588593256572,64.66134777369962,60.95343657381988,41.846385202537135,42.86608320346599,54.85222340481658,49.73809838540223,,44.07378757936559,,30.456691164272065,47.71516401446544,38.093283352246935,48.99960553761233
2101.0,городской округ город Тверь,2023,54.08530180022704,56.6622390205963,54.19915107287466,51.49813050339561,43.55198831832348,44.556294182232,53.75729486619637,37.57440322131291,39.52824429589112,55.78644973319272,60.24456976043652,,,,49.4856003731448
2101.0,городской округ город Тверь,2024,55.18948898325157,60.54936619918823,56.60500900493815,63.03142769367479,61.84552154551628,38.02862607219443,51.51623180489873,52.39809168560831,43.66479323663106,62.79068808603478,56.83650694048168,,,,54.89547037365881
2101.0,городской округ город Тверь,2025,47.307778835035045,45.776856962647045,47.47254194699093,38.62209683106673,35.42690425802758,33.237518462085,47.2820300284997,43.82759482661313,,45.655201783772526,,66.00847254319609,41.83450634182972,50.14022593074149,42.369165268870645
2144.0,городской округ город Томск,2023,44.6623618981591,56.18553917056347,53.89092734431762,57.26285775897471,52.9964409221313,70.39457620423445,41.21482636160761,60.80474988111187,50.44228904890689,48.73368115284124,60.25079048590544,,,,54.67653494263752
2144.0,городской округ город Томск,2024,39.02651806399138,59.9670660294253,49.90692998119232,67.7318579111368,55.22059076645023,52.09768339284727,52.28128978875016,53.90346896017661,43.84802418346575,49.2268593542632,41.87486472710885,,,,53.76692561174626
2144.0,городской округ город Томск,2025,44.66559843447613,44.929863948453125,51.48045908274281,58.73588482407516,50.4401683881237,43.0509241200958,41.89995619116009,49.08514353142908,,39.863479026941576,,57.02028166270501,46.23392743043113,40.73890096298299,48.03599981506949
2164.0,городской округ город Тула,2023,58.24202986546749,61.01373906891153,53.2802456474636,65.79087564405613,54.53394834798614,55.17688894792158,35.28333089819189,57.9558826275553,52.04708581940881,52.06902207096247,55.74345218693342,,,,55.15961763094421
2164.0,городской округ город Тула,2024,60.97710202265601,65.3928321515369,55.97541686385406,65.51927254215562,56.0560141051058,48.38762945252027,35.84895162271148,58.34895342709189,53.54542313928804,62.38460996400396,63.67110710545563,,,,55.813271523454006
2164.0,городской округ город Тула,2025,58.32861207005,57.48889052260676,50.99807285841608,62.036531266010925,55.19496034003452,60.27445789217045,51.990536302968096,57.77116405382168,,51.29561364127336,,54.76648844814921,72.72199683747286,49.79026578727385,56.76040316325981
2165.0,городской округ город Алексин,2024,45.3617022334692,47.93307304237317,57.45242062668608,39.17409807911914,45.31362968235545,49.46419959332943,59.19182400139159,48.08061739763687,39.29917956681387,33.00013752815567,39.82281581071462,,,,48.99644558204511
2165.0,городской округ город Алексин,2025,47.48316873801623,53.63893277496982,42.07330388372466,60.23510362848637,36.8657584094783,39.69189719907803,56.52912575432089,48.92698729919696,,53.60901664108747,,38.72176990405425,51.489762684362574,32.292047002713744,48.1805347109089
2168.0,городской округ город Ефремов,2024,64.47911767603043,46.68027407244795,59.41265628126944,37.40472468624028,52.68055833815729,52.86044834920241,46.20951630558736,36.74801149793138,42.54875168965668,39.62548393065109,73.30464059962515,,,,49.55941340085832
2168.0,городской округ город Ефремов,2025,54.1034464688238,39.09975363007689,51.56067391197744,60.05357126993038,34.942969379024895,41.445877709543424,57.74966501554223,52.25162714601565,,38.104914086142095,,38.05107716349599,48.02769312079535,35.84602964657206,48.90094806636684
2169.0,городской округ город Новомосковск,2023,62.67233133738372,49.62089300659668,53.1537554275891,65.3241106058961,65.75331714900082,56.58928589856292,39.08300548898273,56.44406558743709,52.73433244445076,52.22090788279453,52.39124491366524,,,,56.08009556268114
2169.0,городской округ город Новомосковск,2024,59.39689807095321,59.85947943341571,49.09199774752233,67.12367463620916,60.03885330652508,47.99255100237157,32.41476197346108,52.67993968175674,51.25866971703877,47.23795154378202,51.33302055620371,,,,53.57476948152686
2169.0,городской округ город Новомосковск,2025,46.0406032930713,46.53895524373805,40.81771117813214,54.68623601736078,41.94586615103861,47.3546717320803,39.62445234206422,52.63701234576117,,37.05264009571255,,52.475805622427046,29.27843774519368,28.77888313240016,46.205688537905814
2190.0,городской округ город Тюмень,2023,59.01203467064457,61.24183385657585,66.01953341124154,52.59100237726162,55.91450550039783,60.43647909433102,49.75404626478964,62.26874091786822,50.1165636886801,51.16641186291556,73.9276405749259,,,,58.404772011638784
2190.0,городской округ город Тюмень,2024,59.31950907881519,59.85629744422192,68.47688652241901,58.22093268089039,61.34590633047451,50.58547274311444,49.18776508427914,71.4670731396042,47.9664644843977,59.17756346809885,72.2088245698696,,,,59.80748037797735
2190.0,городской округ город Тюмень,2025,59.67864143150783,61.93703946754477,63.11375267881827,37.07802102216744,72.824480772169,49.353393113598855,74.20798500419139,71.86243390913434,,52.60418847322752,,67.62560737458737,36.86640813732009,61.101525123272616,61.25696842489148
2193.0,городской округ город Тобольск,2023,58.17229992563463,51.11834570180834,49.97598508938997,62.81202582765692,56.06349121289975,64.28834606452968,48.29968564199882,45.97984582625779,44.33289413000429,57.4942019262577,38.81659046639705,,,,54.58875316127198
2193.0,городской округ город Тобольск,2024,49.59202899379356,47.61183919221586,48.10231526375026,68.19071445186792,68.49542904906191,72.99943512146689,61.81033514911708,67.6300702245275,45.59604720918475,70.54718543247529,52.41562563139492,,,,60.55402093072512
2193.0,городской округ город Тобольск,2025,47.612307253795215,58.40941690834494,60.46698770672087,43.77961679546043,56.57227546012399,47.52006681977886,63.155855561122976,63.36369308210767,,54.661048507607134,,59.213307909486,46.28946521276858,49.65331388256405,55.110027448431865
2216.0,городской округ город Ханты-Мансийск,2023,54.73030007419784,59.12514448103438,73.23602236946745,43.26135186936231,48.6384121995419,60.88521256528434,58.52404568088733,78.0464277850365,50.45788193786432,53.73667109448277,70.28306466249278,,,,59.55586462810151
2216.0,городской округ город Ханты-Мансийск,2024,52.42988971057778,49.88929381572279,81.34589902557084,54.32426161444009,56.7864488030516,74.07025877851008,62.16480796832916,65.97410630075804,61.69742421230774,59.79908832947737,52.79485561398008,,,,62.123120752120045
2216.0,городской округ город Ханты-Мансийск,2025,51.71082920247029,87.4770816694322,67.41998009518022,49.864635189931306,51.327927940713785,75.04442553841007,60.51622419630991,68.3322666646532,,56.21416563575401,,59.28650355362582,50.60966595378152,62.74822898014753,63.961671312137625
2220.0,городской округ город Нефтеюганск,2023,55.01617870588142,55.88423434134248,48.88104319537436,50.3168653700806,46.38471080439895,41.00169097254361,46.36631555603203,61.87496650353472,51.2158818552774,35.82271513083653,32.11900410781643,,,,50.71575068114852
2220.0,городской округ город Нефтеюганск,2024,54.5965881992762,52.59365539042619,60.41316888139539,49.43175950531652,52.27693353735366,47.99154838217338,49.69839097210676,64.84554061013645,47.23849198711059,40.74437942893091,46.83090369573543,,,,53.98094818477307
2220.0,городской округ город Нефтеюганск,2025,54.82254951588862,78.12036073955898,53.05698090187416,50.069922076222376,49.69817252274268,54.09409893364087,49.23203967179922,52.809111528004,,38.09206415601098,,47.26040484839328,40.97906359941947,52.33120217090654,55.237904486216365
2221.0,городской округ город Нижневартовск,2023,49.83848052597917,50.93939370919969,54.65487500255165,52.23639741438762,45.06049781258885,54.20750373853221,46.52317540630007,50.65806133784321,47.14209254112192,32.31511270503876,27.58834117018714,,,,50.51479811842281
2221.0,городской округ город Нижневартовск,2024,56.10720973250061,57.6324805465266,65.00286054561874,61.97361534239676,57.31802324542749,62.19961257427254,54.28503078054989,57.81056667661358,50.31926260955341,45.60575351499538,59.355899401519,,,,59.04117493048828
2221.0,городской округ город Нижневартовск,2025,52.89999802768734,71.31422774406188,59.31841616443441,53.98301135671463,52.31938168288146,51.44915822011561,57.84922722792165,70.4038131672499,,41.60829160073289,,46.37120498731976,48.03656688350422,54.486901978325385,58.69215419888336
2226.0,городской округ город Сургут,2023,59.68486237777394,61.48168507395371,64.78132718242445,43.83485489469992,47.33485061271745,75.63226387822752,38.81200378510742,75.40642471128676,58.13403977974627,41.58211507630431,75.86863104055011,,,,58.3710340645239
2226.0,городской округ город Сургут,2024,56.1439356981372,64.27772307619652,68.12635261685782,51.07271143900694,53.41809988453957,65.73686431875208,46.30477007203383,71.0683168526469,59.9908189938428,47.05450976131088,77.52982434639692,,,,59.51859674477136
2226.0,городской округ город Сургут,2025,46.59178330585952,68.93697760089427,57.98343665579505,56.491050127469634,51.23312664543945,53.47595338826702,45.0591408888095,67.71921070543264,,39.20398643261567,,47.62543993007616,37.03441264437106,52.2968712600552,55.936334914745885
2238.0,городской округ город Салехард,2023,44.96385399320353,56.38626767011417,63.69957174180799,53.09363176535487,57.62003541521047,36.46747677370621,33.19108712064302,62.77074950194282,53.19616557984332,51.08051863381728,38.65627225502582,,,,51.024084247747886
2238.0,городской округ город Салехард,2024,37.00239540280963,53.88693056682204,63.39000777589051,64.91571412792179,66.32228895847835,52.53029148478402,49.32470787037664,67.07677491609779,52.35927247230259,59.47679231609631,55.59731809134359,,,,56.806138887897596
2238.0,городской округ город Салехард,2025,52.00445488601233,70.3217856283866,61.86073787978785,46.66336706649442,51.11375554623808,44.36815252494621,52.41277609669685,55.35854887697501,,45.75018456505816,,49.4873985363387,29.43920665606108,65.0735450368301,54.26294731319217
2243.0,городской округ город Ноябрьск,2023,37.05955592554997,50.72337557800054,64.7106096004096,64.20984086994748,52.19328142402391,54.01894107363969,25.55094301970992,65.82433681212815,49.38001371442617,58.58278450028521,45.89260947272672,,,,51.78636053792616
2243.0,городской округ город Ноябрьск,2024,31.85576470035922,44.8922869217185,71.39800942651587,62.55933794911595,56.96621951743441,73.33709872833634,42.53269061630662,62.91398662995636,55.03306790925458,59.82999725970134,45.31003644894436,,,,55.80692431121791
2243.0,городской округ город Ноябрьск,2025,46.28074847569398,71.56570206519991,62.57575028144956,45.24792820469168,49.05918044819524,54.98214098920927,40.967044668178936,54.94067745314556,,43.28886743119056,,44.28406233642271,34.73835516283128,50.69356127912968,53.20239657322052
2251.0,городской округ город Ульяновск,2023,57.09487178962078,52.43644577244984,55.54543832073607,59.80204575494769,43.70011576467896,59.15933597574637,41.75310425283501,63.80421473509758,48.16079105739499,53.59949312439715,54.2964124017083,,,,54.16194654576404
2251.0,городской округ город Ульяновск,2024,54.97620485495847,56.68845515452012,58.15929521052725,66.50281501848816,52.48628971453904,48.00152073667813,42.74216096986937,57.81671629124475,48.02004122651054,56.45796168365904,55.54534523736463,,,,54.671682243853155
2251.0,городской округ город Ульяновск,2025,63.63325670502992,46.77478693112157,48.94153774747627,50.60940372500851,44.43426641683415,44.78694054316173,67.23455966930415,62.81109480041687,,51.91164815908865,,66.97684188360206,37.643372724862445,50.53192960675043,53.653230817294144
2252.0,городской округ город Димитровград,2023,49.78262861424941,51.32719973912046,37.73241660994859,45.28915948241944,45.21718600702065,55.51030301200585,31.79733162239847,50.44109404758631,46.69274240006433,42.10245833904127,56.47605391256339,,,,45.88716489184365
2252.0,городской округ город Димитровград,2024,48.77674340342237,52.2969829201945,42.39710153952716,52.43425292439482,45.48033797482674,49.26504781612384,40.23361781227358,61.02706204189548,41.67043124635736,44.17416917988563,56.42434343927344,,,,48.98889330408231
2252.0,городской округ город Димитровград,2025,57.88915929355583,44.704685811716566,51.55509192471767,52.03662959351653,45.38701697585725,41.45465262001337,48.02756164074531,57.87272590677971,,44.038423020501504,,44.7212386805887,37.063617604675294,48.65579182718592,49.86594047086278
2275.0,городской округ Челябинский,2023,61.11892565376937,56.78007129759752,59.70093708374748,59.47865212570753,48.75577970389602,60.25332454744064,50.81160964150785,59.14138253255055,46.36378474405019,53.83384323908902,47.28743845025674,,,,57.005085323277115
2275.0,городской округ Челябинский,2024,57.11318919902976,58.02264678192194,64.82529316409848,63.32357802240794,54.67190584350753,52.4377291717457,44.78948202567331,53.10955023798501,46.73099107459226,53.55937242681477,48.9362532987119,,,,56.03667180579621
2275.0,городской округ Челябинский,2025,63.66714653443279,62.67066422010125,49.88969533700562,50.936702086453,58.52749436134606,58.72172235380288,52.97079385467418,51.81740144011997,,46.82945526121812,,50.54099021936243,31.56563670714495,52.22272365756821,56.15020252349197
2279.0,городской округ Копейский,2023,52.7501873895181,44.90125243010698,36.6839849236784,34.85222658727231,48.62673447317912,51.20413038999702,48.10661567768969,42.94196530997088,40.38210903953735,54.7404583437208,51.28198894375587,,,,45.008387147676565
2279.0,городской округ Копейский,2024,44.89022030357235,47.18629535825562,31.94376921759099,46.4201496460626,44.77555473394606,52.31698566481449,47.60975277618255,38.06701944165607,46.62733464679088,39.28005382565988,46.22215893793462,,,,44.15121839276009
2279.0,городской округ Копейский,2025,43.96014422979419,57.15416206530023,37.25466568378352,49.728122822283375,39.547664850162406,35.55230377207495,46.61488012763702,38.59133686189292,,28.601065970777974,,40.85855974928276,23.71278689992848,39.96376375284128,43.550410051616076
2281.0,городской округ Магнитогорский,2023,56.86688196655341,46.21307121756616,50.95560866960636,54.65152231735239,39.75718364092398,47.76952428409405,41.50000338920661,51.78618796500611,48.57609924172076,38.7244083437036,54.47113438922348,,,,48.68749793128863
2281.0,городской округ Магнитогорский,2024,54.29560999185298,47.84693619469866,55.53392851772628,60.99732036790086,46.87433326951763,33.89177961720013,41.20268993779912,58.62108037521306,47.70088190001442,52.7529366921864,53.78182604563418,,,,49.90795978398859
2281.0,городской округ Магнитогорский,2025,53.13061124059314,66.57495269016829,33.816990382786145,57.17695196970689,49.36146202340938,47.42337323308029,48.75294233618551,57.27524418038176,,39.27736420786479,,46.39638257232382,35.25977973930503,32.83955531855073,51.68906600703893
2282.0,городской округ Миасский,2023,59.99661348983098,53.83556710201813,48.25324311042595,48.79666704399323,56.52873076117523,55.35692693529731,42.33551798969113,43.79966029858931,47.79970889123419,46.75481246006905,57.72659519571899,,,,51.112865841377655
2282.0,городской округ Миасский,2024,55.84115083289286,51.12270450567664,52.65495665389751,51.71344737499739,50.16059254498781,44.64691067073132,45.40134324865421,53.20043236330148,47.28554490052927,44.64621114278671,58.72766513936777,,,,50.592692274392405
2282.0,городской округ Миасский,2025,54.930431624329785,58.2103842877082,45.089089529850966,57.12145929495372,36.33867019756118,51.670353579499,49.64757931824349,39.24007694130375,,44.88925060817043,,53.52301610238501,37.65351387291236,36.38244476467786,49.03100559668127
2287.0,городской округ Усть-Катавский,2023,44.26327651460523,36.77061588588838,39.44469359169432,52.31447960564583,46.79118502216821,54.10773439935642,47.17968410947791,51.13123556957334,49.93056893841576,48.61032827273691,45.82804352948891,,,,46.50036308730121
2287.0,городской округ Усть-Катавский,2024,44.39789151486048,34.54744855401709,40.97142420304078,37.83683867411602,46.03247764075295,37.82530306367043,42.82228390145192,47.35654913842017,51.40891293484264,33.72225862977778,40.35634436307454,,,,41.473777086291236
2287.0,городской округ Усть-Катавский,2025,40.13913690549021,55.3496989599188,57.82337313924613,50.109912387281504,33.81986314918081,42.70553087538616,57.34281531605268,41.80910513804934,,47.38310788004806,,31.41238149253629,56.87252486909953,33.991121338423135,47.387429483825706
2311.0,Саткинский муниципальный район,2024,46.0317287289686,45.61405241279699,41.63532239632791,44.02553323302052,45.87772410714055,51.78185514519819,34.66922803192718,35.33427761448529,40.87728716464508,37.78285866682492,47.11521775739734,,,,43.12121520873315
2311.0,Саткинский муниципальный район,2025,47.52748388684591,46.62865240441369,44.49002394475252,60.68095061273261,57.76972074308871,50.46560939178594,32.159913060655434,40.86438378661171,,45.32209578252054,,29.257803651517705,58.49646983421145,36.630532077814,47.57334222886082
2318.0,городской округ город Ярославль,2023,49.64187638919805,54.80891312480963,54.16484639335403,56.65396713239386,37.88062417212766,44.86548720521279,46.20605195122678,62.6067716937211,52.66956552438337,64.91576010434736,56.64205918485586,,,,50.853567257755486
2318.0,городской округ город Ярославль,2024,57.62335622132908,64.5349262364614,56.60767623228595,60.06727243281554,48.4595211164374,32.21830285919252,45.11226211552719,57.79752049838959,56.87054444698982,71.74846406542709,55.94757301534206,,,,52.80260471405483
2318.0,городской округ город Ярославль,2025,49.58575340084913,52.2974346723462,43.522457087577386,46.05690721111576,40.62240812755585,43.11734554527257,48.60950916524098,43.73155246806935,,50.65202797673866,,58.93631168522258,31.699072597117485,42.44840192456876,45.9429209597534
2320.0,городской округ город Рыбинск,2023,59.80924735673051,47.7242440930839,43.76151736168963,56.3680569839813,38.52816980963271,60.13306910504276,54.78521172064124,68.98420123685882,46.15374380964255,51.11590064092469,50.9077098436142,,,,53.76171470845761
2320.0,городской округ город Рыбинск,2024,57.85634655324734,54.70165133077281,37.91131595601451,55.46022036178547,38.80896170755283,46.75633467481182,57.9820228300042,62.55950703877335,48.94532326215448,54.31507918196504,57.47014689556312,,,,51.50454505662029
2320.0,городской округ город Рыбинск,2025,43.5612052123611,43.27981205570987,38.99100803302048,35.459665230966785,39.8101889886738,36.84103350503689,39.608742464225344,52.63750957903576,,45.93303784376115,,45.87740279730189,27.00685377486911,43.38544197547032,41.27364563362875
2335.0,Тутаевский муниципальный район,2023,46.25538759556327,35.89314043824317,40.06862899574944,55.25155173234518,51.20869423509068,59.82488783164627,52.29975805819244,57.81873546121318,49.4431804032996,49.08535578753179,40.42463021122991,,,,49.82759804350545
2335.0,Тутаевский муниципальный район,2024,48.46292338021844,50.71305897116663,42.79222326085603,59.4788500165339,33.7434923161861,39.439256372259,50.47236859270316,49.07763742501826,39.43045723389884,60.27743400634199,60.38447034176482,,,,46.77247629186769
2335.0,Тутаевский муниципальный район,2025,57.655618837014536,37.46453679707329,49.0080772571482,50.56077919183068,36.10064056074495,37.16554878578451,29.511804912807907,55.59547555097984,,43.14061199824059,,47.32872782610308,34.65163907098545,33.49678623003262,44.132810236672995
2338.0,городской округ город Биробиджан,2023,50.38462649475187,45.10924776249029,40.04600500800692,40.9133332377266,45.60191138691668,40.78483313436477,44.73109037134387,53.37358859345525,52.55895647674243,45.26039681195891,26.95382263378007,,,,45.118079498632035
2338.0,городской округ город Биробиджан,2024,44.42805036758023,34.05787985755251,39.07603825459677,46.27382668130014,52.99320638991615,40.47515052420621,42.99892036228825,45.35815601437497,48.86368340576002,46.83002645004671,23.92805636582997,,,,43.2076535564769
2338.0,городской округ город Биробиджан,2025,61.495253148083656,57.22971299305282,42.54397163858004,40.17494834475636,42.18660140062716,48.53613239470675,29.785252035022687,46.23980692307663,,40.1142219867342,,27.52890197662261,40.37947913465208,41.6708128616539,46.02395985973827
2344.0,городской округ Анадырь,2023,52.46808643705483,41.38772805937167,60.49023851258221,56.96429082559568,53.31211271260546,55.6788576007349,51.46220120531812,59.09328424292966,51.42317829325189,52.33805981616304,45.93962623727451,,,,53.85709994952407
2344.0,городской округ Анадырь,2024,26.02823413965314,39.54399011093219,41.7741191354881,72.57560602763864,57.49996898886238,39.40896447104244,36.97445351902483,58.34131530816372,46.82756174813932,50.17414760413641,11.53459758055293,,,,46.51833146260068
2344.0,городской округ Анадырь,2025,41.58577327117453,79.43730603304581,39.52587009276056,67.36330308695355,26.44680026812622,53.10518225667143,55.82169857986496,33.70629950831816,,50.41078727480513,,38.54884985570308,52.942993395022064,65.81135587221672,49.624029137114405
2347.0,городской округ Певек,2024,29.24560902311397,45.12711805048449,56.09111313546142,59.54259219358134,63.2179349185214,41.572178685007,44.45364145367743,45.53585960161685,35.94922774614771,46.6535030654809,25.52083333333334,,,,48.09825588268299
2347.0,городской округ Певек,2025,41.99122386135869,76.02736792171507,43.39822239114483,53.88722978221706,38.510785013957424,57.129136700503125,52.184231624679214,30.36478389840595,,56.08123534323936,,31.156805369670387,51.29805252802755,53.98234401663289,49.18662264924767
2644.0,городской округ Серпухов,2023,56.717394413342,35.19282625076792,48.24469559875399,65.05995362550469,53.39789018515038,56.82450200183241,40.53567825601709,56.67960853589427,46.55278741421365,51.73412440042239,46.1093664977475,,,,51.58156860840784
2644.0,городской округ Серпухов,2024,56.9339234396646,50.69243702758533,61.58595623917416,61.11247662488098,57.75951909374788,50.03447100260192,48.98380535388048,57.37477709990542,51.25916422451228,64.22087232375026,73.00521044007064,,,,55.55967073518009
2644.0,городской округ Серпухов,2025,48.55209201951177,46.23846499136709,49.93823161079048,47.57520875072662,42.830536302765296,28.596780881876693,47.08685136004613,43.46113985070451,,48.62254223634836,,39.29368370817888,27.875034029285,34.233543894823065,44.28491322097357
2646.0,городской округ город Обнинск,2023,62.35396701848778,59.56389332599424,53.19311260859649,65.65191013830417,62.70982542590981,64.48436597314199,50.28722078602656,61.09633684740023,55.92071625426387,53.8394278647473,76.47879065084848,,,,59.91757901548266
2646.0,городской округ город Обнинск,2024,65.42587665582562,68.15313728095013,59.87757310155901,73.67138466353069,56.44539387777693,60.30314128103946,54.27272762925313,71.60403006712575,51.5504607197972,61.17435072592556,77.05348993803314,,,,63.7191580696326
2646.0,городской округ город Обнинск,2025,51.56269376002815,45.927088749511874,58.287348891955205,48.254938107279294,51.22581780377482,51.701146677396174,45.32196260463624,56.97625016784675,,54.81911760994048,,60.39763675625997,22.489064621189662,50.45023976754539,51.15715584530356
2649.0,городской округ Щёлково,2023,56.66368321980431,35.96197886215434,55.5342744038818,74.85088987170978,52.88015631621954,64.57685979185275,55.56934611545798,59.35949444634538,51.93204891022417,54.78792972804206,51.16117465964881,,,,56.92458537842823
2649.0,городской округ Щёлково,2024,45.15024465184802,45.05940737713361,58.35846777474448,61.26397770255873,59.23692669589493,52.59414684999292,46.69808001753496,66.79706464505874,47.12998827441169,37.20124205252341,50.44036482575181,,,,54.3947894643458
2649.0,городской округ Щёлково,2025,58.26272909729867,46.6090714485179,34.749539217613986,29.59834106458693,45.06275078819679,71.62827328110123,69.79942595527226,48.93792233603579,,35.73125810309728,,64.9566550049493,30.72301409384103,50.057206981657046,50.58100664857794
2651.0,городской округ Одинцовский,2023,60.69905908961976,41.74095969227896,56.46273760932098,54.65079121520468,53.97278458483001,81.39660213768889,59.00164780759144,72.52653039108753,53.05482289102031,58.8794422672733,53.70786295876388,,,,60.05638906595278
2651.0,городской округ Одинцовский,2024,55.11600397979507,48.36476868843088,65.98821776013578,52.86867868154507,68.90237002346036,69.74482518725144,46.91331953278564,70.05355420901343,47.65033271259622,41.07598432175531,69.72152651762842,,,,59.74396725780221
2651.0,городской округ Одинцовский,2025,55.048894337030895,58.27720978140004,54.49196465162221,60.438915289134194,54.013454967126016,52.69826643251455,60.29487527801928,58.35371887032091,,47.49979929636969,,60.00800279258038,35.16072354298017,54.42361219299259,56.70216245089601
2812.0,городской округ город-курорт Сочи,2023,65.4556955785729,41.38376206904321,53.20872414906587,35.7774504728141,61.18274258428094,63.27903001452856,61.12475683731553,57.92680820696825,47.15483313453953,65.68500162704801,58.45617740473555,,,,54.917371239073674
2812.0,городской округ город-курорт Сочи,2024,49.48758023790123,46.63014119667036,60.57788510276783,42.16326483016238,62.19824009718117,46.48723769339968,62.88093532989837,53.81801395764335,46.41494126935661,73.90309588744461,51.93598648896691,,,,53.03041230570305
2812.0,городской округ город-курорт Сочи,2025,52.317024565890726,45.08632971850584,56.613440542250494,46.017944106437845,50.21012816932358,50.766827091410455,59.48976856778649,67.55603810493331,,60.10853731864792,,66.60816106388884,54.540120883473335,62.6563904838743,53.50718760831734
2814.0,городской округ Пушкинский,2023,50.10568197608403,34.91681604663796,39.20842705082797,42.3735843262235,49.50407641467188,50.27069928875375,54.38610343824116,53.28086820199407,44.25459750704754,44.72307294391659,51.0977065823128,,,,46.755782092929294
2814.0,городской округ Пушкинский,2024,62.73307981084756,41.07253533741207,55.52778327669149,48.89239869654421,57.66795904774111,52.32859074165196,54.51041799477787,72.04499147400134,46.92299428695862,44.87445960012334,58.97712400978127,,,,55.59721954745845
2814.0,городской округ Пушкинский,2025,61.6875813730638,49.29985058218878,38.10604211914766,45.68204361418884,43.22342608402396,37.58553069164031,56.85855983972193,55.06316997680999,,39.74651627551029,,55.97021783921433,51.78960332921315,57.18224451062664,48.438275535098164
2876.0,городской округ город-курорт Кисловодск,2024,20.47661438952365,26.92702251991156,45.20963372798017,47.26086556866306,51.30814758453476,47.88242190271301,57.2936248881925,60.25648898390158,44.16533264533774,62.74320544180048,45.0211483603906,,,,44.57685244567754
2876.0,городской округ город-курорт Кисловодск,2025,40.45628866116447,30.680215061641093,53.03974315878665,46.03150375641196,34.38819483131066,63.06692614452635,45.775376108648,63.51229469475126,,45.503951685791705,,49.050327289542174,48.91997629698317,45.56699715735993,47.11881780215506
2887.0,городской округ город Саратов,2023,52.81288288428676,53.36304298897746,50.94887888082381,58.02824346103944,46.56033442442288,40.90950012155903,43.55635290219321,51.51808425933546,48.92274219604153,47.0686515673633,42.81971375048668,,,,49.712164990329754
2887.0,городской округ город Саратов,2024,50.39999462886907,56.08267586176716,50.1737075795023,64.23477442801433,44.67655251163485,33.84561354182352,46.7622583163264,46.32829044870084,48.81486290619289,51.99776542546466,50.05621944155779,,,,49.062983414579804
2887.0,городской округ город Саратов,2025,48.0310976323097,56.243590671425984,57.26496398378497,50.41707945969085,38.90925256324955,33.016136802638655,45.34034184057038,58.62654722748922,,47.806120844475664,,53.37005347748699,52.51260439996781,40.693748054927255,48.481126272644914
3005.0,городской округ город Арзамас,2023,55.42785159661546,44.67416733994791,50.01549919906118,52.0678465552491,53.21914504692712,53.48786435885987,49.42916524414267,56.58719770149206,48.78011131469398,48.8706678001284,49.5426986584845,,,,51.863592130286925
3005.0,городской округ город Арзамас,2024,48.49596071861184,47.11263915047991,50.62108353183177,62.50814460386405,56.33079774182859,64.00526556776556,40.80328505371877,44.81516807815817,48.93165544256998,43.39262464040705,55.91246218376109,,,,51.83654305578233
3005.0,городской округ город Арзамас,2025,41.61906532840296,59.80909930270539,44.1054970930168,55.26166789972029,53.43137012854642,60.408660465342905,37.68692621077049,53.712248854624455,,43.188796756157416,,51.202996895945006,48.76472274577948,47.72098060698146,50.75431691039121
3008.0,городской округ Химки,2023,62.66448548370808,65.87755587277381,56.31448970198552,66.04997502985981,59.56054215835022,61.75433970890978,52.63542320805825,71.19215576366875,49.47298575003041,58.66924436347033,58.3515235237203,,,,62.006120865914276
3008.0,городской округ Химки,2024,62.20144076358582,63.07038499181035,54.61622842228927,60.07734982792571,61.36250824964036,49.9390577917664,45.28035603221588,76.02827161237957,49.70304678445616,52.69562704531329,60.66496037790008,,,,59.07194971145167
3008.0,городской округ Химки,2025,53.793554802205314,68.33032754017523,47.8500048544842,27.83082183595193,67.13261120641316,37.0020527115917,53.496134231037445,58.20131212327289,,47.06812147271807,,51.23486181372037,28.981679312711396,45.641816893411374,51.70460241314149
3009.0,городской округ город Тамбов,2023,53.70195161741191,48.77651261793707,54.29533854859253,69.19241722988185,57.67572935980431,65.84573774838555,43.19740402771568,63.72072080024272,48.4092259507915,52.4715316050917,49.27315362534829,,,,57.05072649374645
3009.0,городской округ город Тамбов,2024,46.15214279204943,54.94752989325995,62.0036502002142,70.19439610242254,54.3707373751187,62.00158348595848,37.7332755526369,64.66835992272497,53.04720701308973,59.80038250933977,53.21006731595001,,,,56.50895941554815
3009.0,городской округ город Тамбов,2025,50.36835308051975,45.44052992873966,63.30762144948113,58.97528656544736,49.147395592585575,52.32642976998056,48.7572094442992,61.3340436342132,,48.793732432492334,,40.54813581152239,40.95457962302903,38.81687653809832,53.7071086831583
3011.0,городской округ Златоустовский,2023,55.2078488140667,42.36595594170802,37.04372819800756,58.34884869603665,55.06935813337623,44.06734918416341,55.26872443606601,46.92449339089463,43.13578564915406,40.33397377852491,40.30096708024388,,,,49.2870383492899
3011.0,городской округ Златоустовский,2024,55.10386229182073,43.29562657026799,45.63103462133385,54.64085436267892,54.18342736530269,53.20242091483333,47.9127227374109,45.19276908709684,42.72034479280123,51.2624901734392,50.20786531533488,,,,49.89533974384316
3011.0,городской округ Златоустовский,2025,49.224967562479534,54.69291989513721,37.78124189030721,56.15081018070838,38.100396515834746,37.5145920671816,37.99981503204113,40.109410902432906,,37.61978728860517,,39.67355661725116,38.24029615926445,33.13498702712896,43.94676925576534
