territory_id,log_salary,work_share,mig_per_1000,log_market_acc,cons_growth,season_amp,qol_housing,qol_income,qol_health,qol_education,qol_mobility,qol_environment,qol_ecology,qol_safety,qol_ikz8,qol_has
1,10.958522317587263,0.6300020880416626,-5.751326520585635,5.738505910714586,0.16784529945263493,1.7178623148045005,57.48989946910385,38.88387973736225,69.96432844983026,41.98899997663204,38.72089995495017,47.7187662749315,68.34080880711214,67.23942940381077,53.79337650921662,1
2,10.766550488501714,0.6804476418864908,1.4388489208633093,5.780126041243535,0.1241622941451504,1.6036875561620128,50.48138567464767,45.44077206575102,50.48178243342822,51.83713201934828,42.71300518778631,47.7489710084678,49.55258451057959,50.16792653876926,48.66627703713217,0
3,10.906849159629859,0.6423634511401928,1.504584280228822,5.756374924775372,0.13743857493857495,1.6296638597932498,50.48138567464767,45.44077206575102,50.48178243342822,51.83713201934828,42.71300518778631,47.7489710084678,49.55258451057959,50.16792653876926,48.66627703713217,0
4,10.844726474094145,0.6461668210080699,4.3491202540018525,5.757323241584231,0.19280769039199083,1.901377861644177,50.48138567464767,45.44077206575102,50.48178243342822,51.83713201934828,42.71300518778631,47.7489710084678,49.55258451057959,50.16792653876926,48.66627703713217,0
5,10.79651170455174,0.6613341241103758,2.575227868647771,5.7720639820726065,0.16447916666666668,1.6468056030064913,50.48138567464767,45.44077206575102,50.48178243342822,51.83713201934828,42.71300518778631,47.7489710084678,49.55258451057959,50.16792653876926,48.66627703713217,0
6,10.778264383911617,0.6473221477079076,5.4684651841049945,5.733664849138071,0.20185917010957427,1.796387572741438,50.48138567464767,45.44077206575102,50.48178243342822,51.83713201934828,42.71300518778631,47.7489710084678,49.55258451057959,50.16792653876926,48.66627703713217,0
7,11.234656285248244,0.6993698080779146,15.131573854002957,5.785976712282188,0.19104846239571097,1.8107242090167608,50.48138567464767,45.44077206575102,50.48178243342822,51.83713201934828,42.71300518778631,47.7489710084678,49.55258451057959,50.16792653876926,48.66627703713217,0
8,11.214101552099603,0.6768040309519525,3.644052546337952,5.763308453970228,0.2131435331832233,1.928071150639244,50.48138567464767,45.44077206575102,50.48178243342822,51.83713201934828,42.71300518778631,47.7489710084678,49.55258451057959,50.16792653876926,48.66627703713217,0
9,10.66376988008091,0.6636455805093858,3.47168883836677,5.7535245665510155,0.18924731182795698,1.5611930194072514,50.48138567464767,45.44077206575102,50.48178243342822,51.83713201934828,42.71300518778631,47.7489710084678,49.55258451057959,50.16792653876926,48.66627703713217,0
10,11.205044766825251,0.6682423821109953,-3.9083922295601123,5.368309738368072,0.16724486845909223,1.7733909651573454,47.66075924113856,39.99264939069619,53.51573941265277,49.532328952890495,38.37412526317804,49.96218918365032,69.31794437234609,61.94564336677859,51.28767239791638,1
11,11.166670331477995,0.6090164817408166,-2.1006140256382633,5.2574953720277815,0.19737425707442563,1.6883338064149873,50.48138567464767,45.44077206575102,50.48178243342822,51.83713201934828,42.71300518778631,47.7489710084678,49.55258451057959,50.16792653876926,48.66627703713217,0
12,11.205756075506756,0.6514625198844268,4.674869330909327,5.3748153375207615,0.20879005794875374,1.8816821843289047,50.48138567464767,45.44077206575102,50.48178243342822,51.83713201934828,42.71300518778631,47.7489710084678,49.55258451057959,50.16792653876926,48.66627703713217,0
13,10.75242406959184,0.6214290802878107,-2.778371446890361,5.316157284676367,0.17819326528665458,1.7950229438757501,50.48138567464767,45.44077206575102,50.48178243342822,51.83713201934828,42.71300518778631,47.7489710084678,49.55258451057959,50.16792653876926,48.66627703713217,0
14,10.962974323519724,0.6069688333180104,-6.435598050933162,5.356114465274254,0.1858781455798334,1.7787731551776496,50.48138567464767,45.44077206575102,50.48178243342822,51.83713201934828,42.71300518778631,47.7489710084678,49.55258451057959,50.16792653876926,48.66627703713217,0
15,11.055893340805628,0.6025543753161355,2.0232675771370765,5.267342562248606,0.15657106588916656,1.7393238175528358,50.48138567464767,45.44077206575102,50.48178243342822,51.83713201934828,42.71300518778631,47.7489710084678,49.55258451057959,50.16792653876926,48.66627703713217,0
16,10.721172680656162,0.5980564131349986,-4.104687061465058,5.326418796658912,0.14163474454007263,1.7874222322164754,50.48138567464767,45.44077206575102,50.48178243342822,51.83713201934828,42.71300518778631,47.7489710084678,49.55258451057959,50.16792653876926,48.66627703713217,0
17,10.772699255413675,0.6292418196328811,-2.6177174780526737,5.297316866214453,0.17877486635702391,1.9023282037675775,50.48138567464767,45.44077206575102,50.48178243342822,51.83713201934828,42.71300518778631,47.7489710084678,49.55258451057959,50.16792653876926,48.66627703713217,0
18,11.087033644865533,0.6354827931840962,6.920910696386807,5.340418542566672,0.14825260108998056,1.7082673254034315,50.48138567464767,45.44077206575102,50.48178243342822,51.83713201934828,42.71300518778631,47.7489710084678,49.55258451057959,50.16792653876926,48.66627703713217,0
19,10.928639864184518,0.6236083165660631,-1.341381623071764,5.352805551832106,0.13502895995970787,1.6857142857142857,50.48138567464767,45.44077206575102,50.48178243342822,51.83713201934828,42.71300518778631,47.7489710084678,49.55258451057959,50.16792653876926,48.66627703713217,0
20,10.837058124309541,0.5963717879530076,4.192785088629665,5.341376856008484,0.1586448367689121,1.644681995428264,50.48138567464767,45.44077206575102,50.48178243342822,51.83713201934828,42.71300518778631,47.7489710084678,49.55258451057959,50.16792653876926,48.66627703713217,0
21,11.377266095522472,0.6688507889955374,2.8990232690541937,5.927725706140976,0.15850375024040003,1.6198995892286627,56.51777768425319,54.58204447588312,43.892357582738576,66.18143594966187,47.37593150502189,65.03433114698547,64.64938219348878,64.09834566342226,57.7914507751819,1
22,11.063564894073265,0.6752614496934728,-6.310854670032456,5.768945800562614,0.0656733173444915,1.330767672675714,50.48138567464767,45.44077206575102,50.48178243342822,51.83713201934828,42.71300518778631,47.7489710084678,49.55258451057959,50.16792653876926,48.66627703713217,0
23,11.009537115985415,0.6400905227853666,-1.774637339020856,5.729125282327996,0.1647449191206968,1.627679349404589,50.48138567464767,25.865430566304568,46.04163120427386,63.15337786697136,54.21768332266182,58.231306027547696,58.16105950258826,51.87207130568214,51.00299318383468,1
25,11.06625860274226,0.6626380784743108,2.0651134426411275,5.7829016791088,0.1735004078001038,1.604969363381452,53.157074517262586,38.1364940412105,39.19186778905393,51.38951888794809,37.33410558951353,77.06867272789933,59.7070467965298,61.14002878306916,52.14060114156087,1
26,11.133423381649218,0.6599443940715658,1.2161111087237708,5.827179352800126,0.1535514939257962,1.5829722921914358,56.61104055323497,37.07771505543663,50.54434808520932,55.45145434160538,43.02626812614332,58.24829744251844,66.09020091046489,56.26822139450088,52.91469323863923,1
27,11.208420002883248,0.6696583188457076,0.391250948358277,5.751937516543248,0.16666666666666666,1.602492097907578,60.30953863485525,35.82940248121108,40.90345125957231,53.55019140093684,40.870960255629,50.78440898502494,53.67505206614386,61.20700670560925,49.641251473622816,1
28,10.933542589107095,0.6831746031746032,-2.839506172839506,5.6674642119820895,0.1726477984910782,1.627686420232384,50.48138567464767,45.44077206575102,50.48178243342822,51.83713201934828,42.71300518778631,47.7489710084678,49.55258451057959,50.16792653876926,48.66627703713217,0
29,11.088959262204696,0.6659805492869918,3.314447237752179,5.842964538789538,0.18522921465190578,1.6381032488697298,56.266970154872055,31.41369119234777,43.14602101113612,50.49773271926741,46.06871080180703,62.5204012120931,69.5618245338657,69.59358136517308,53.63361662382029,1
30,10.871884848004763,0.657642356511204,-4.144162505519889,5.689345426858432,0.10359720743107324,1.4077677253283871,50.48138567464767,45.44077206575102,50.48178243342822,51.83713201934828,42.71300518778631,47.7489710084678,49.55258451057959,50.16792653876926,48.66627703713217,0
31,11.01222177449458,0.6516461566398011,-3.296503750471428,5.783825182329737,0.08492791612057667,1.3836255375454847,50.48138567464767,45.44077206575102,50.48178243342822,51.83713201934828,42.71300518778631,47.7489710084678,49.55258451057959,50.16792653876926,48.66627703713217,0
32,10.755188561961948,0.6399605534470908,-3.5561665122672803,5.760792729372981,0.14805888824854613,1.4895151596099907,50.48138567464767,45.44077206575102,50.48178243342822,51.83713201934828,42.71300518778631,47.7489710084678,49.55258451057959,50.16792653876926,48.66627703713217,0
33,10.77781188530883,0.6718194993037993,-7.246170895967719,5.763308453970228,0.10979344134513669,1.4554243516107168,50.48138567464767,45.44077206575102,50.48178243342822,51.83713201934828,42.71300518778631,47.7489710084678,49.55258451057959,50.16792653876926,48.66627703713217,0
34,10.764360707375467,0.6288505632539129,-7.078058020137574,5.778580684731388,0.04683672859788518,1.2416010348894724,50.48138567464767,45.44077206575102,50.48178243342822,51.83713201934828,42.71300518778631,47.7489710084678,49.55258451057959,50.16792653876926,48.66627703713217,0
35,10.766301555431781,0.649370820583886,-6.668464765022646,5.6674642119820895,0.11445409429280397,1.4621592659567344,50.48138567464767,45.44077206575102,50.48178243342822,51.83713201934828,42.71300518778631,47.7489710084678,49.55258451057959,50.16792653876926,48.66627703713217,0
36,10.678578709135984,0.6477329747305461,-0.18063946370150333,5.813831979800159,0.12655873988186392,1.4422556187381532,50.48138567464767,45.44077206575102,50.48178243342822,51.83713201934828,42.71300518778631,47.7489710084678,49.55258451057959,50.16792653876926,48.66627703713217,0
37,10.71926820854929,0.6432361848137138,-5.139888311616147,5.7720639820726065,0.12658521049279056,1.4745061656809308,50.48138567464767,45.44077206575102,50.48178243342822,51.83713201934828,42.71300518778631,47.7489710084678,49.55258451057959,50.16792653876926,48.66627703713217,0
38,10.973336788936352,0.6756380024105224,-1.896976366399413,5.795145480670174,0.15265200517464425,1.613078944487025,50.48138567464767,45.44077206575102,50.48178243342822,51.83713201934828,42.71300518778631,47.7489710084678,49.55258451057959,50.16792653876926,48.66627703713217,0
39,10.831447928476274,0.6445410849164569,-3.5763332570382236,5.732369931508114,0.14336953272890307,1.5240226797970755,50.48138567464767,45.44077206575102,50.48178243342822,51.83713201934828,42.71300518778631,47.7489710084678,49.55258451057959,50.16792653876926,48.66627703713217,0
40,10.955829000871807,0.6412664024477894,-2.361541778754338,5.714392653768217,0.18840156758108897,1.7440040772274854,50.52744485954611,29.92476054055573,51.38472373149124,69.02061885052721,53.00140834485224,45.268906030041975,63.3190045711952,56.77716926915463,52.40300452467054,1
41,10.835330715936287,0.6592300238697327,-5.62474889513861,5.780743515792329,0.11449321798568834,1.4475715719873992,50.48138567464767,45.44077206575102,50.48178243342822,51.83713201934828,42.71300518778631,47.7489710084678,49.55258451057959,50.16792653876926,48.66627703713217,0
42,10.831467696244532,0.6787251809993271,-0.9647892462482671,5.793013608384144,0.1664854920980015,1.6490950421546342,50.48138567464767,45.44077206575102,50.48178243342822,51.83713201934828,42.71300518778631,47.7489710084678,49.55258451057959,50.16792653876926,48.66627703713217,0
43,10.953245674986718,0.656289072268067,-4.50112528132033,5.799698531486028,0.13604098841863693,1.548438254154313,50.48138567464767,45.44077206575102,50.48178243342822,51.83713201934828,42.71300518778631,47.7489710084678,49.55258451057959,50.16792653876926,48.66627703713217,0
44,11.23474477772611,0.6580630658246991,-2.7384382727402774,5.796057750765372,0.22233741377247895,1.81106976227505,50.0494137720896,75.66573256785883,52.490762962164034,58.40971664010558,52.531792687651496,68.60801631717406,56.5542067822601,54.17430624961384,58.560493497364696,1
45,10.864940924682463,0.6490411869343394,-1.8570283636647966,5.807541708947054,0.09425785482123511,1.4035347551342812,50.48138567464767,45.44077206575102,50.48178243342822,51.83713201934828,42.71300518778631,47.7489710084678,49.55258451057959,50.16792653876926,48.66627703713217,0
46,11.174993763848631,0.631095893668117,-2.8532705613809832,5.787204082795274,0.09113553906969188,1.3931704589144036,50.48138567464767,45.44077206575102,50.48178243342822,51.83713201934828,42.71300518778631,47.7489710084678,49.55258451057959,50.16792653876926,48.66627703713217,0
47,10.543044064922997,0.6485345906458279,-8.905963503012313,5.6917098934219315,0.130414930654643,1.5449370296720863,50.48138567464767,45.44077206575102,50.48178243342822,51.83713201934828,42.71300518778631,47.7489710084678,49.55258451057959,50.16792653876926,48.66627703713217,0
48,10.780517570456981,0.6313500260298588,-5.3906997833644015,5.746841964116648,0.07444427091467541,1.3519629407451843,50.48138567464767,45.44077206575102,50.48178243342822,51.83713201934828,42.71300518778631,47.7489710084678,49.55258451057959,50.16792653876926,48.66627703713217,0
49,10.804934660904513,0.6542502787068004,-5.281493868450391,5.787204082795274,0.1275586854460094,1.4647103775026746,50.48138567464767,45.44077206575102,50.48178243342822,51.83713201934828,42.71300518778631,47.7489710084678,49.55258451057959,50.16792653876926,48.66627703713217,0
50,10.841410609337396,0.6496419117527649,-0.3735160855514234,5.727824469136439,0.12398050060935596,1.617258688493142,50.48138567464767,45.44077206575102,50.48178243342822,51.83713201934828,42.71300518778631,47.7489710084678,49.55258451057959,50.16792653876926,48.66627703713217,0
51,10.94988331375062,0.6556058489962813,-2.7175284793619277,5.806038175360548,0.15653839456729932,1.6017812873014416,50.48138567464767,45.44077206575102,50.48178243342822,51.83713201934828,42.71300518778631,47.7489710084678,49.55258451057959,50.16792653876926,48.66627703713217,0
52,10.950504746893706,0.6515933649941497,-6.779544359556748,5.80302430930585,0.13600415632396237,1.5215255928171283,50.48138567464767,45.44077206575102,50.48178243342822,51.83713201934828,42.71300518778631,47.7489710084678,49.55258451057959,50.16792653876926,48.66627703713217,0
53,10.686068590176687,0.6559412747773476,-8.652239216432909,5.6957503029589365,0.11105374567608034,1.492538347010145,50.48138567464767,45.44077206575102,50.48178243342822,51.83713201934828,42.71300518778631,47.7489710084678,49.55258451057959,50.16792653876926,48.66627703713217,0
54,10.735491918475944,0.6562814768504046,-8.162272932513632,5.674696893761104,0.19660062790949442,1.734946849597234,50.48138567464767,45.44077206575102,50.48178243342822,51.83713201934828,42.71300518778631,47.7489710084678,49.55258451057959,50.16792653876926,48.66627703713217,0
55,11.057544008785523,0.6503083974649162,6.549909461294703,5.796665468802915,0.1634367189740648,1.7017785427423981,50.48138567464767,45.44077206575102,50.48178243342822,51.83713201934828,42.71300518778631,47.7489710084678,49.55258451057959,50.16792653876926,48.66627703713217,0
56,11.049879971651777,0.6455176251104637,-2.438385755899584,5.809642865355679,0.1333107382929447,1.465144406978449,50.48138567464767,45.44077206575102,50.48178243342822,51.83713201934828,42.71300518778631,47.7489710084678,49.55258451057959,50.16792653876926,48.66627703713217,0
57,11.041796402662216,0.6578134836176145,-2.12236577835067,5.755742213586912,0.1620190349220457,1.6077368518469553,50.48138567464767,45.44077206575102,50.48178243342822,51.83713201934828,42.71300518778631,47.7489710084678,49.55258451057959,50.16792653876926,48.66627703713217,0
58,11.108009705942223,0.6567101191034418,-6.002063209228172,5.772686453303412,0.09493017442808238,1.3974288274626043,50.48138567464767,45.44077206575102,50.48178243342822,51.83713201934828,42.71300518778631,47.7489710084678,49.55258451057959,50.16792653876926,48.66627703713217,0
59,10.704286621552999,0.6728059279564826,-6.724632715123999,5.755742213586912,0.08380093345219991,1.4422820206562215,50.48138567464767,45.44077206575102,50.48178243342822,51.83713201934828,42.71300518778631,47.7489710084678,49.55258451057959,50.16792653876926,48.66627703713217,0
60,10.930211711069399,0.6562219368295015,-2.481629184731704,5.784440377673656,0.13845676779161714,1.5212011771000535,50.48138567464767,45.44077206575102,50.48178243342822,51.83713201934828,42.71300518778631,47.7489710084678,49.55258451057959,50.16792653876926,48.66627703713217,0
61,10.691044507657233,0.646981747265137,-2.2549288478532468,5.7420411867732915,0.12962577962577962,1.4691533211703494,50.48138567464767,45.44077206575102,50.48178243342822,51.83713201934828,42.71300518778631,47.7489710084678,49.55258451057959,50.16792653876926,48.66627703713217,0
62,11.080633718858344,0.660001960207782,-1.9014015485641478,5.788736180536365,0.16436544463841718,1.4773653644987916,50.48138567464767,45.44077206575102,50.48178243342822,51.83713201934828,42.71300518778631,47.7489710084678,49.55258451057959,50.16792653876926,48.66627703713217,0
63,10.764400871880829,0.642000601458537,-6.728817382151718,5.711419901785413,0.11067756393356182,1.4267758988901726,50.48138567464767,45.44077206575102,50.48178243342822,51.83713201934828,42.71300518778631,47.7489710084678,49.55258451057959,50.16792653876926,48.66627703713217,0
64,10.99133544575705,0.6660840416616784,-3.63941099006345,5.730099782973575,0.18016528925619835,1.4195096862677867,50.48138567464767,45.44077206575102,50.48178243342822,51.83713201934828,42.71300518778631,47.7489710084678,49.55258451057959,50.16792653876926,48.66627703713217,0
65,10.82568679473415,0.6347740890078004,-4.163997437540038,5.808142489980444,0.05856283634061412,1.3761414148375315,50.48138567464767,45.44077206575102,50.48178243342822,51.83713201934828,42.71300518778631,47.7489710084678,49.55258451057959,50.16792653876926,48.66627703713217,0
66,10.908373240210198,0.66022575449199,-3.9831683044688897,5.738505910714586,0.1688996523573298,1.6610517552379631,50.48138567464767,45.44077206575102,50.48178243342822,51.83713201934828,42.71300518778631,47.7489710084678,49.55258451057959,50.16792653876926,48.66627703713217,0
67,10.72683589916662,0.6508773524865897,-4.932266569688154,5.736249664793703,0.13279936715119153,1.5745740863324391,50.48138567464767,45.44077206575102,50.48178243342822,51.83713201934828,42.71300518778631,47.7489710084678,49.55258451057959,50.16792653876926,48.66627703713217,0
68,10.720391004517321,0.6517277586865216,-8.113783886979764,5.779508185184337,0.15250700530614678,1.5589243543840938,50.48138567464767,45.44077206575102,50.48178243342822,51.83713201934828,42.71300518778631,47.7489710084678,49.55258451057959,50.16792653876926,48.66627703713217,0
69,10.770569132477736,0.6330876681806495,-6.384437398234638,5.770506106699109,0.14486887115165337,1.4484286865431104,50.48138567464767,45.44077206575102,50.48178243342822,51.83713201934828,42.71300518778631,47.7489710084678,49.55258451057959,50.16792653876926,48.66627703713217,0
70,10.724077628380039,0.649515843974809,-4.381051950314888,5.760162808092309,0.1109235961951519,1.491399440881434,50.48138567464767,45.44077206575102,50.48178243342822,51.83713201934828,42.71300518778631,47.7489710084678,49.55258451057959,50.16792653876926,48.66627703713217,0
71,10.853071851300665,0.6513062718066548,-6.127138115905029,5.744604469176457,0.16167788710512687,1.56731700567317,50.48138567464767,45.44077206575102,50.48178243342822,51.83713201934828,42.71300518778631,47.7489710084678,49.55258451057959,50.16792653876926,48.66627703713217,0
72,10.662843733206408,0.6160282745287579,-6.67593040115998,5.761736867916757,0.07113152504500031,1.377971375233354,50.48138567464767,45.44077206575102,50.48178243342822,51.83713201934828,42.71300518778631,47.7489710084678,49.55258451057959,50.16792653876926,48.66627703713217,0
73,10.958031262784736,0.6613081166272655,-0.6304176516942475,6.187647916839409,0.16993776926759216,1.6021709077876196,50.48138567464767,45.44077206575102,50.48178243342822,51.83713201934828,42.71300518778631,47.7489710084678,49.55258451057959,50.16792653876926,48.66627703713217,0
74,11.191623180573377,0.6550411719647644,-6.750287246265798,5.763936397475948,0.18652996488048035,1.5580019717384161,50.48138567464767,45.44077206575102,50.48178243342822,51.83713201934828,42.71300518778631,47.7489710084678,49.55258451057959,50.16792653876926,48.66627703713217,0
75,11.022854629430377,0.6484271046601623,-1.4640451108899792,5.820082930352362,0.167427701674277,1.6142960812772134,50.48138567464767,45.44077206575102,50.48178243342822,51.83713201934828,42.71300518778631,47.7489710084678,49.55258451057959,50.16792653876926,48.66627703713217,0
76,11.411798198677552,0.6617597526535336,10.540724939329298,6.792007670437824,0.19416203195295617,1.7367437632562368,50.48138567464767,45.44077206575102,50.48178243342822,51.83713201934828,42.71300518778631,47.7489710084678,49.55258451057959,50.16792653876926,48.66627703713217,0
77,11.310985519907042,0.6417113464975371,-2.738909957427023,5.705780477318874,0.17433811739861563,1.6099129776768824,50.48138567464767,45.44077206575102,50.48178243342822,51.83713201934828,42.71300518778631,47.7489710084678,49.55258451057959,50.16792653876926,48.66627703713217,0
78,10.71685036314965,0.6461277738696681,-3.6452004860267313,5.751937516543248,0.03720111319361617,1.302532670290274,50.48138567464767,45.44077206575102,50.48178243342822,51.83713201934828,42.71300518778631,47.7489710084678,49.55258451057959,50.16792653876926,48.66627703713217,0
79,11.27884987608646,0.6677769511700257,-9.434600297578791,5.651084685655752,0.1738611402922357,1.609941054643938,50.48138567464767,45.44077206575102,50.48178243342822,51.83713201934828,42.71300518778631,47.7489710084678,49.55258451057959,50.16792653876926,48.66627703713217,0
80,10.900002514069245,0.6321644889376157,-2.2466255683962686,5.810242385757328,0.08523526230394808,1.3601819353914475,50.48138567464767,45.44077206575102,50.48178243342822,51.83713201934828,42.71300518778631,47.7489710084678,49.55258451057959,50.16792653876926,48.66627703713217,0
81,11.030092693066146,0.6410375265052517,-1.3018393411903941,5.805436128382701,0.16820296347346658,1.6283334784248862,50.48138567464767,45.44077206575102,50.48178243342822,51.83713201934828,42.71300518778631,47.7489710084678,49.55258451057959,50.16792653876926,48.66627703713217,0
82,10.898093963165984,0.6510614554826367,-5.871881393309775,5.810841546949609,0.06875481995610132,1.34177070209598,50.48138567464767,45.44077206575102,50.48178243342822,51.83713201934828,42.71300518778631,47.7489710084678,49.55258451057959,50.16792653876926,48.66627703713217,0
83,11.039678180759026,0.6505259701422523,-2.697282780781274,5.776413165691109,0.14915485410882168,1.4753682876603833,50.48138567464767,45.44077206575102,50.48178243342822,51.83713201934828,42.71300518778631,47.7489710084678,49.55258451057959,50.16792653876926,48.66627703713217,0
85,11.605728869072461,0.7000941426875691,-0.9550527907605408,5.133442723357803,0.15119284731210325,1.4633889607684043,50.470181572187535,55.038528957055846,55.26874601484876,56.17149664878394,39.08634386855783,44.23661333282514,27.592182992622508,35.55000472554455,45.42676226405327,1
86,10.978273228527675,0.6399091826437941,-0.9550527907605408,5.10230248262208,0.15119284731210325,1.395188123880215,50.48138567464767,45.44077206575102,50.48178243342822,51.83713201934828,42.71300518778631,47.7489710084678,49.55258451057959,50.16792653876926,48.66627703713217,0
87,11.659529166434805,0.660182221127801,-0.9550527907605408,5.071416766356115,0.15119284731210325,1.4315468565865657,50.48138567464767,45.44077206575102,50.48178243342822,51.83713201934828,42.71300518778631,47.7489710084678,49.55258451057959,50.16792653876926,48.66627703713217,0
88,11.146709434997671,0.647271344362046,-0.9550527907605408,5.125153747538848,0.15119284731210325,1.3731437693906443,50.48138567464767,45.44077206575102,50.48178243342822,51.83713201934828,42.71300518778631,47.7489710084678,49.55258451057959,50.16792653876926,48.66627703713217,0
89,10.859764089421516,0.6245879567296532,-0.9550527907605408,5.112590016619249,0.15119284731210325,1.417729335844629,50.48138567464767,45.44077206575102,50.48178243342822,51.83713201934828,42.71300518778631,47.7489710084678,49.55258451057959,50.16792653876926,48.66627703713217,0
90,11.631485976091998,0.6862721963306,-0.9550527907605408,5.112590016619249,0.15119284731210325,1.3163102457708267,50.48138567464767,45.44077206575102,50.48178243342822,51.83713201934828,42.71300518778631,47.7489710084678,49.55258451057959,50.16792653876926,48.66627703713217,0
91,11.045199240468534,0.6360862890209817,-0.9550527907605408,5.153869462182164,0.15119284731210325,1.3391778572685158,50.48138567464767,45.44077206575102,50.48178243342822,51.83713201934828,42.71300518778631,47.7489710084678,49.55258451057959,50.16792653876926,48.66627703713217,0
92,10.7721771131086,0.6219619326500732,-0.9550527907605408,5.083265985131163,0.15119284731210325,1.3540892465252377,50.48138567464767,45.44077206575102,50.48178243342822,51.83713201934828,42.71300518778631,47.7489710084678,49.55258451057959,50.16792653876926,48.66627703713217,0
93,10.96688190623475,0.6281421940114787,-0.9550527907605408,5.170483995038151,0.15119284731210325,1.5441973821129307,50.48138567464767,45.44077206575102,50.48178243342822,51.83713201934828,42.71300518778631,47.7489710084678,49.55258451057959,50.16792653876926,48.66627703713217,0
94,11.045934891908264,0.6328147930730849,-0.9550527907605408,5.1664987919271885,0.15119284731210325,1.3412887828162292,50.48138567464767,45.44077206575102,50.48178243342822,51.83713201934828,42.71300518778631,47.7489710084678,49.55258451057959,50.16792653876926,48.66627703713217,0
95,10.826231418082932,0.6383962459457594,-0.9550527907605408,5.129306823813755,0.15119284731210325,1.3911086296541857,50.48138567464767,45.44077206575102,50.48178243342822,51.83713201934828,42.71300518778631,47.7489710084678,49.55258451057959,50.16792653876926,48.66627703713217,0
96,11.011155382413584,0.6527413127413128,-0.9550527907605408,5.089446474520545,0.15119284731210325,1.4160675603553825,50.48138567464767,45.44077206575102,50.48178243342822,51.83713201934828,42.71300518778631,47.7489710084678,49.55258451057959,50.16792653876926,48.66627703713217,0
97,11.015354936326618,0.6550315749787929,-0.9550527907605408,5.1149953094204985,0.15119284731210325,1.5245934265893324,50.48138567464767,45.44077206575102,50.48178243342822,51.83713201934828,42.71300518778631,47.7489710084678,49.55258451057959,50.16792653876926,48.66627703713217,0
98,11.819866634679554,0.6967063129002745,-0.9550527907605408,5.086361004624392,0.15119284731210325,1.5465733903355356,50.48138567464767,45.44077206575102,50.48178243342822,51.83713201934828,42.71300518778631,47.7489710084678,49.55258451057959,50.16792653876926,48.66627703713217,0
99,11.270443628536322,0.6424746075715605,-0.9550527907605408,5.14166355650266,0.15119284731210325,1.3804502079765109,50.48138567464767,45.44077206575102,50.48178243342822,51.83713201934828,42.71300518778631,47.7489710084678,49.55258451057959,50.16792653876926,48.66627703713217,0
100,11.408460104097339,0.6581020255063766,-0.9550527907605408,5.125153747538848,0.15119284731210325,1.3745285346681237,50.48138567464767,45.44077206575102,50.48178243342822,51.83713201934828,42.71300518778631,47.7489710084678,49.55258451057959,50.16792653876926,48.66627703713217,0
101,10.997315079132058,0.6230502237276795,-0.9550527907605408,5.162497643405501,0.15119284731210325,1.3062702438428162,50.48138567464767,45.44077206575102,50.48178243342822,51.83713201934828,42.71300518778631,47.7489710084678,49.55258451057959,50.16792653876926,48.66627703713217,0
102,11.60683557422393,0.6720456082713305,-0.9550527907605408,5.132262782217954,0.15119284731210325,1.5454196182014648,50.48138567464767,45.44077206575102,50.48178243342822,51.83713201934828,42.71300518778631,47.7489710084678,49.55258451057959,50.16792653876926,48.66627703713217,0
103,11.172905342036945,0.6558128139164523,-0.9550527907605408,5.1387352967235715,0.15119284731210325,1.362599358527402,50.48138567464767,45.44077206575102,50.48178243342822,51.83713201934828,42.71300518778631,47.7489710084678,49.55258451057959,50.16792653876926,48.66627703713217,0
104,10.945130821192851,0.6289619948925943,-0.9550527907605408,5.160777952525975,0.15119284731210325,1.283962683251888,50.48138567464767,45.44077206575102,50.48178243342822,51.83713201934828,42.71300518778631,47.7489710084678,49.55258451057959,50.16792653876926,48.66627703713217,0
105,10.879836157419655,0.6442123841741433,-0.9550527907605408,5.171619713502079,0.15119284731210325,1.3332582244254167,50.48138567464767,45.44077206575102,50.48178243342822,51.83713201934828,42.71300518778631,47.7489710084678,49.55258451057959,50.16792653876926,48.66627703713217,0
106,10.862642352478362,0.6348688262101244,-0.9550527907605408,5.132262782217954,0.15119284731210325,1.365143144148669,50.48138567464767,45.44077206575102,50.48178243342822,51.83713201934828,42.71300518778631,47.7489710084678,49.55258451057959,50.16792653876926,48.66627703713217,0
107,10.831562576093113,0.7316633530395397,-4.837456714374119,5.617134667930529,0.15119284731210325,1.262644516536393,50.08864743737468,47.2811992765804,49.37857819544234,45.56209021860558,34.9752950664103,23.127876526069127,48.37773404986554,77.16356263211311,46.99437292530763,1
108,10.462969045740131,0.6958765850993472,-1.6533916093970151,5.847016642742108,0.15119284731210325,1.2062554392257179,50.48138567464767,45.44077206575102,50.48178243342822,51.83713201934828,42.71300518778631,47.7489710084678,49.55258451057959,50.16792653876926,48.66627703713217,0
109,10.247474341198377,0.6527683266316116,3.680791834209712,5.589493328254074,0.15119284731210325,1.232453696115391,50.48138567464767,45.44077206575102,50.48178243342822,51.83713201934828,42.71300518778631,47.7489710084678,49.55258451057959,50.16792653876926,48.66627703713217,0
111,10.49360483277653,0.6849902266726107,7.201399128973629,5.615679593101228,0.15119284731210325,1.2871451083037313,50.48138567464767,45.44077206575102,50.48178243342822,51.83713201934828,42.71300518778631,47.7489710084678,49.55258451057959,50.16792653876926,48.66627703713217,0
113,10.538507614919428,0.6699006011546932,-2.301450310497391,5.855931151812786,0.15119284731210325,1.2001068376068376,50.48138567464767,45.44077206575102,50.48178243342822,51.83713201934828,42.71300518778631,47.7489710084678,49.55258451057959,50.16792653876926,48.66627703713217,0
114,10.708647821241653,0.67223667221796,-1.3659924028367731,5.7720639820726065,0.15119284731210325,1.288989815579411,50.48138567464767,45.44077206575102,50.48178243342822,51.83713201934828,42.71300518778631,47.7489710084678,49.55258451057959,50.16792653876926,48.66627703713217,0
116,10.468750223915043,0.7038048596722547,-3.673008099453758,5.66988092298052,0.15119284731210325,1.1781813216821408,50.48138567464767,45.44077206575102,50.48178243342822,51.83713201934828,42.71300518778631,47.7489710084678,49.55258451057959,50.16792653876926,48.66627703713217,0
117,10.322730640193178,0.7187922052865136,-1.9776191394945013,5.5443958891447425,0.15119284731210325,1.6121311643414482,50.48138567464767,45.44077206575102,50.48178243342822,51.83713201934828,42.71300518778631,47.7489710084678,49.55258451057959,50.16792653876926,48.66627703713217,0
118,10.406167086826148,0.6835193816906439,-0.6318623455829159,5.5902404332570725,0.15119284731210325,1.6121311643414482,50.48138567464767,45.44077206575102,50.48178243342822,51.83713201934828,42.71300518778631,47.7489710084678,49.55258451057959,50.16792653876926,48.66627703713217,0
119,10.378127293389444,0.6699299857564146,-2.4073665416173493,5.60248775650462,0.15119284731210325,1.6121311643414482,50.48138567464767,45.44077206575102,50.48178243342822,51.83713201934828,42.71300518778631,47.7489710084678,49.55258451057959,50.16792653876926,48.66627703713217,0
120,10.791664777226481,0.7177279738109478,-2.2663602883313922,5.517051209373546,0.15119284731210325,1.6121311643414482,50.48138567464767,45.44077206575102,50.48178243342822,51.83713201934828,42.71300518778631,47.7489710084678,49.55258451057959,50.16792653876926,48.66627703713217,0
121,10.327542134066142,0.6489206629218699,-2.3490088668121256,5.665734407018671,0.15119284731210325,1.0,50.48138567464767,45.44077206575102,50.48178243342822,51.83713201934828,42.71300518778631,47.7489710084678,49.55258451057959,50.16792653876926,48.66627703713217,0
122,10.358450510852816,0.6548283760321484,0.9210880250405523,5.61458689585173,0.15119284731210325,1.6121311643414482,50.48138567464767,45.44077206575102,50.48178243342822,51.83713201934828,42.71300518778631,47.7489710084678,49.55258451057959,50.16792653876926,48.66627703713217,0
123,10.298093917309416,0.649059820078577,-1.0508064939841328,5.810242385757328,0.15119284731210325,1.6121311643414482,50.48138567464767,45.44077206575102,50.48178243342822,51.83713201934828,42.71300518778631,47.7489710084678,49.55258451057959,50.16792653876926,48.66627703713217,0
124,10.295630986527803,0.6569337670017741,-1.650896905184309,5.60248775650462,0.15119284731210325,1.6121311643414482,50.48138567464767,45.44077206575102,50.48178243342822,51.83713201934828,42.71300518778631,47.7489710084678,49.55258451057959,50.16792653876926,48.66627703713217,0
125,10.420589439293602,0.6538246529395323,-2.7718252119631046,5.611301621862036,0.15119284731210325,1.6121311643414482,50.48138567464767,45.44077206575102,50.48178243342822,51.83713201934828,42.71300518778631,47.7489710084678,49.55258451057959,50.16792653876926,48.66627703713217,0
126,10.429977842268263,0.6784111162452967,-1.6997821638391974,5.589493328254074,0.15119284731210325,1.6121311643414482,50.48138567464767,45.44077206575102,50.48178243342822,51.83713201934828,42.71300518778631,47.7489710084678,49.55258451057959,50.16792653876926,48.66627703713217,0
127,10.25669047598148,0.6732233065837108,-2.8906110201103936,5.5626028611934215,0.15119284731210325,1.6121311643414482,50.48138567464767,45.44077206575102,50.48178243342822,51.83713201934828,42.71300518778631,47.7489710084678,49.55258451057959,50.16792653876926,48.66627703713217,0
128,10.38010985496062,0.6856232350952551,-1.1434594121624309,5.927725706140976,0.15119284731210325,1.6121311643414482,43.76973566618076,54.08069561329805,51.93569429387416,41.52902163336049,56.03120040517037,48.52719566394217,17.28978785639732,68.52735783714964,47.71133612117162,1
129,10.187184193696657,0.6760943203867531,-2.170552833229191,5.5258512661635395,0.15119284731210325,1.6121311643414482,50.48138567464767,45.44077206575102,50.48178243342822,51.83713201934828,42.71300518778631,47.7489710084678,49.55258451057959,50.16792653876926,48.66627703713217,0
130,10.480836601214177,0.6432217699823334,-1.5519311293959182,5.66261319761813,0.15119284731210325,1.6121311643414482,50.48138567464767,45.44077206575102,50.48178243342822,51.83713201934828,42.71300518778631,47.7489710084678,49.55258451057959,50.16792653876926,48.66627703713217,0
131,10.32573111188311,0.6790446173839007,-3.4056791193033296,5.577841251298354,0.15119284731210325,1.6121311643414482,50.48138567464767,45.44077206575102,50.48178243342822,51.83713201934828,42.71300518778631,47.7489710084678,49.55258451057959,50.16792653876926,48.66627703713217,0
132,10.377420950117711,0.6378041642277782,-0.20068567605987123,5.5991624255260986,0.15119284731210325,1.6121311643414482,50.48138567464767,45.44077206575102,50.48178243342822,51.83713201934828,42.71300518778631,47.7489710084678,49.55258451057959,50.16792653876926,48.66627703713217,0
133,10.541589672785884,0.6475461869204139,-0.5628161750750967,5.794536837924666,0.15119284731210325,1.6121311643414482,50.48138567464767,45.44077206575102,50.48178243342822,51.83713201934828,42.71300518778631,47.7489710084678,49.55258451057959,50.16792653876926,48.66627703713217,0
134,10.480794496482863,0.6534783896729299,0.7248614884242772,5.736249664793703,0.15119284731210325,1.6121311643414482,50.48138567464767,45.44077206575102,50.48178243342822,51.83713201934828,42.71300518778631,47.7489710084678,49.55258451057959,50.16792653876926,48.66627703713217,0
135,10.328094939239298,0.6692399332856802,0.0,5.569107571329599,0.15119284731210325,1.6121311643414482,50.48138567464767,45.44077206575102,50.48178243342822,51.83713201934828,42.71300518778631,47.7489710084678,49.55258451057959,50.16792653876926,48.66627703713217,0
136,10.262178962040945,0.6871853393300664,-1.980264482781768,5.524655808758766,0.15119284731210325,1.6121311643414482,50.48138567464767,45.44077206575102,50.48178243342822,51.83713201934828,42.71300518778631,47.7489710084678,49.55258451057959,50.16792653876926,48.66627703713217,0
137,10.441596576244219,0.6857131103706446,-0.32909621950717843,5.577084821610244,0.15119284731210325,1.6121311643414482,50.48138567464767,45.44077206575102,50.48178243342822,51.83713201934828,42.71300518778631,47.7489710084678,49.55258451057959,50.16792653876926,48.66627703713217,0
138,10.405755665025275,0.6834794385168647,0.07320510239563698,5.604330395684541,0.15119284731210325,1.6121311643414482,50.48138567464767,45.44077206575102,50.48178243342822,51.83713201934828,42.71300518778631,47.7489710084678,49.55258451057959,50.16792653876926,48.66627703713217,0
139,10.36457971737004,0.6298336889486452,-0.5066300334180964,5.625099952621732,0.15119284731210325,1.6121311643414482,50.48138567464767,45.44077206575102,50.48178243342822,51.83713201934828,42.71300518778631,47.7489710084678,49.55258451057959,50.16792653876926,48.66627703713217,0
140,10.787581485713721,0.6461331700180327,1.2588887754754858,5.665734407018671,0.15119284731210325,1.2893414267998173,50.48138567464767,45.44077206575102,50.48178243342822,51.83713201934828,42.71300518778631,47.7489710084678,49.55258451057959,50.16792653876926,48.66627703713217,0
141,10.306997417067437,0.6769940553811841,-4.937361164821526,5.545177444479562,0.15119284731210325,1.6121311643414482,50.48138567464767,45.44077206575102,50.48178243342822,51.83713201934828,42.71300518778631,47.7489710084678,49.55258451057959,50.16792653876926,48.66627703713217,0
142,10.333274472789357,0.658276962722188,3.0894023251046883,5.673323267171493,0.15119284731210325,1.2047519217330538,50.48138567464767,45.44077206575102,50.48178243342822,51.83713201934828,42.71300518778631,47.7489710084678,49.55258451057959,50.16792653876926,48.66627703713217,0
143,10.567512260648838,0.6330503678551217,-17.968307866440295,5.629058928460265,0.15119284731210325,1.340987959805667,50.48138567464767,45.44077206575102,50.48178243342822,51.83713201934828,42.71300518778631,47.7489710084678,49.55258451057959,50.16792653876926,48.66627703713217,0
144,10.29415369413222,0.6792689218070602,-5.20794949271624,5.503704196272987,0.15119284731210325,1.6121311643414482,50.48138567464767,45.44077206575102,50.48178243342822,51.83713201934828,42.71300518778631,47.7489710084678,49.55258451057959,50.16792653876926,48.66627703713217,0
145,10.305824439525294,0.6433853892934905,-3.7164952323748026,5.606904399679714,0.15119284731210325,1.084907050054503,50.48138567464767,45.44077206575102,50.48178243342822,51.83713201934828,42.71300518778631,47.7489710084678,49.55258451057959,50.16792653876926,48.66627703713217,0
146,10.335854213841799,0.6890069209721552,-0.27361982938998874,5.577084821610244,0.15119284731210325,1.6121311643414482,50.48138567464767,45.44077206575102,50.48178243342822,51.83713201934828,42.71300518778631,47.7489710084678,49.55258451057959,50.16792653876926,48.66627703713217,0
147,10.370361288772935,0.6939780671931935,-2.894154157295535,5.547128664610824,0.15119284731210325,1.6121311643414482,50.48138567464767,45.44077206575102,50.48178243342822,51.83713201934828,42.71300518778631,47.7489710084678,49.55258451057959,50.16792653876926,48.66627703713217,0
148,10.235155409442584,0.6560427746434654,-1.4841735721964817,5.5671988095361,0.15119284731210325,1.6121311643414482,50.48138567464767,45.44077206575102,50.48178243342822,51.83713201934828,42.71300518778631,47.7489710084678,49.55258451057959,50.16792653876926,48.66627703713217,0
149,10.632600153528681,0.6438864076851774,-4.424033032779978,5.66261319761813,0.15119284731210325,1.6121311643414482,50.48138567464767,45.44077206575102,50.48178243342822,51.83713201934828,42.71300518778631,47.7489710084678,49.55258451057959,50.16792653876926,48.66627703713217,0
150,10.352101545853392,0.6509669889963321,-3.167722574191397,5.551796117658319,0.15119284731210325,1.6121311643414482,50.48138567464767,45.44077206575102,50.48178243342822,51.83713201934828,42.71300518778631,47.7489710084678,49.55258451057959,50.16792653876926,48.66627703713217,0
151,10.364642774837485,0.6578349497829936,-0.32903498738699216,5.617134667930529,0.15119284731210325,1.6121311643414482,50.48138567464767,45.44077206575102,50.48178243342822,51.83713201934828,42.71300518778631,47.7489710084678,49.55258451057959,50.16792653876926,48.66627703713217,0
152,10.313711320242472,0.6371371585588208,0.05136062865409473,5.975589197949692,0.15119284731210325,1.6121311643414482,38.89144435152631,51.44812808741841,56.114044340890544,41.45446886514559,39.04710976180446,22.631076686492907,40.86725574694795,77.07904664069059,45.9415718101146,1
153,10.289790228379536,0.6779788472734329,-5.773335920822822,5.551796117658319,0.15119284731210325,1.6121311643414482,50.48138567464767,45.44077206575102,50.48178243342822,51.83713201934828,42.71300518778631,47.7489710084678,49.55258451057959,50.16792653876926,48.66627703713217,0
154,10.287909464160268,0.6585070633391199,-1.640414722323974,5.595454597770573,0.15119284731210325,1.6121311643414482,50.48138567464767,45.44077206575102,50.48178243342822,51.83713201934828,42.71300518778631,47.7489710084678,49.55258451057959,50.16792653876926,48.66627703713217,0
155,10.47098080305912,0.6569845073256388,-1.774249602165682,5.605066501717044,0.15119284731210325,1.6121311643414482,50.48138567464767,45.44077206575102,50.48178243342822,51.83713201934828,42.71300518778631,47.7489710084678,49.55258451057959,50.16792653876926,48.66627703713217,0
156,10.319740924162192,0.6263674350908494,-5.704493168693366,5.565286397402276,0.15119284731210325,1.6121311643414482,50.48138567464767,45.44077206575102,50.48178243342822,51.83713201934828,42.71300518778631,47.7489710084678,49.55258451057959,50.16792653876926,48.66627703713217,0
157,10.304067413900965,0.6563023450586265,1.8844221105527637,5.572534188046247,0.15119284731210325,1.6121311643414482,50.48138567464767,45.44077206575102,50.48178243342822,51.83713201934828,42.71300518778631,47.7489710084678,49.55258451057959,50.16792653876926,48.66627703713217,0
158,10.916249608007977,0.7152961503158577,-0.9550527907605408,5.698769932832657,0.15119284731210325,1.48454052191887,58.138669723324696,67.98213490775974,46.69607200000549,47.83282156290264,43.109834043375486,48.34356388451094,57.92643622585636,68.69523489375715,54.84059590518656,1
159,10.317694340581047,0.6515697781520566,-0.9550527907605408,5.863347044327539,0.15119284731210325,1.6121311643414482,50.48138567464767,45.44077206575102,50.48178243342822,51.83713201934828,42.71300518778631,47.7489710084678,49.55258451057959,50.16792653876926,48.66627703713217,0
160,10.50091371891086,0.7504038260539068,-0.9550527907605408,5.974826905954958,0.15119284731210325,1.490361057382334,38.49593319906897,37.760947316243175,54.010671953437885,49.49114431343931,35.766728450404074,33.539707038306304,59.683779224296245,52.71530657185479,45.183027258381344,1
161,10.43523576444325,0.6587324865194143,-0.9550527907605408,5.698769932832657,0.15119284731210325,1.6121311643414482,50.48138567464767,45.44077206575102,50.48178243342822,51.83713201934828,42.71300518778631,47.7489710084678,49.55258451057959,50.16792653876926,48.66627703713217,0
162,10.448497188082188,0.6652292220295021,-0.9550527907605408,5.791793351978915,0.15119284731210325,1.6121311643414482,50.48138567464767,45.44077206575102,50.48178243342822,51.83713201934828,42.71300518778631,47.7489710084678,49.55258451057959,50.16792653876926,48.66627703713217,0
163,10.99717607265966,0.6847984458474988,-0.9550527907605408,5.663307642090483,0.15119284731210325,1.6121311643414482,50.48138567464767,45.44077206575102,50.48178243342822,51.83713201934828,42.71300518778631,47.7489710084678,49.55258451057959,50.16792653876926,48.66627703713217,0
164,10.99717607265966,0.6845540128240688,-0.9550527907605408,5.802420444553201,0.15119284731210325,1.6121311643414482,50.48138567464767,45.44077206575102,50.48178243342822,51.83713201934828,42.71300518778631,47.7489710084678,49.55258451057959,50.16792653876926,48.66627703713217,0
165,10.99717607265966,0.6845291338013535,-0.9550527907605408,6.009795503792706,0.15119284731210325,1.6121311643414482,50.48138567464767,45.44077206575102,50.48178243342822,51.83713201934828,42.71300518778631,47.7489710084678,49.55258451057959,50.16792653876926,48.66627703713217,0
166,10.99717607265966,0.6845504791182915,-0.9550527907605408,5.793927824507547,0.15119284731210325,1.6121311643414482,50.48138567464767,45.44077206575102,50.48178243342822,51.83713201934828,42.71300518778631,47.7489710084678,49.55258451057959,50.16792653876926,48.66627703713217,0
167,10.90034946780054,0.6852160367366817,-1.5674162949448407,5.700443573390686,0.17578375604123006,1.6306552262090483,45.32739639520504,35.556153056722856,69.50131433172797,58.1586363536995,49.5867056944469,56.44156697061015,38.775265965418576,71.26022669896126,53.07590818334903,1
168,10.6299824647751,0.690129509637258,-1.4864454244581866,5.825705078613005,0.1522708505367465,1.6725504322766571,50.48138567464767,45.44077206575102,50.48178243342822,51.83713201934828,42.71300518778631,47.7489710084678,49.55258451057959,50.16792653876926,48.66627703713217,0
169,10.702860124640903,0.6534920409679384,2.8630812764501132,5.849900982786195,0.14722592757274838,1.6432579434748185,50.48138567464767,45.44077206575102,50.48178243342822,51.83713201934828,42.71300518778631,47.7489710084678,49.55258451057959,50.16792653876926,48.66627703713217,0
170,10.514602756471724,0.6712516561870553,-0.8577708679568969,5.8185981490847825,0.15119284731210325,1.6121311643414482,50.48138567464767,45.44077206575102,50.48178243342822,51.83713201934828,42.71300518778631,47.7489710084678,49.55258451057959,50.16792653876926,48.66627703713217,0
171,10.622611886164611,0.668874889260754,0.25593070184073236,5.732369931508114,0.15119284731210325,1.6121311643414482,50.48138567464767,45.44077206575102,50.48178243342822,51.83713201934828,42.71300518778631,47.7489710084678,49.55258451057959,50.16792653876926,48.66627703713217,0
172,10.53148802705155,0.6919917205526049,1.81313479774722,5.700443573390686,0.15119284731210325,1.0,50.48138567464767,45.44077206575102,50.48178243342822,51.83713201934828,42.71300518778631,47.7489710084678,49.55258451057959,50.16792653876926,48.66627703713217,0
173,10.682782612378842,0.6511261052268781,-2.4523774805466814,5.7120812774708964,0.13443157539637918,1.6397467272656645,50.48138567464767,45.44077206575102,50.48178243342822,51.83713201934828,42.71300518778631,47.7489710084678,49.55258451057959,50.16792653876926,48.66627703713217,0
174,10.522937061373002,0.660894430058289,2.409542186984473,5.874649792516147,0.08434471728290525,1.4009341345867794,50.48138567464767,45.44077206575102,50.48178243342822,51.83713201934828,42.71300518778631,47.7489710084678,49.55258451057959,50.16792653876926,48.66627703713217,0
175,10.746811814341239,0.6634115970048989,0.5734602592040372,5.688668836846153,0.15119284731210325,1.6121311643414482,50.48138567464767,45.44077206575102,50.48178243342822,51.83713201934828,42.71300518778631,47.7489710084678,49.55258451057959,50.16792653876926,48.66627703713217,0
176,10.63821563956979,0.6774796084063113,0.21588338542693286,5.704448919199361,0.10500086921249348,1.5574476650563607,50.48138567464767,45.44077206575102,50.48178243342822,51.83713201934828,42.71300518778631,47.7489710084678,49.55258451057959,50.16792653876926,48.66627703713217,0
177,10.584144554558728,0.6574007387193329,-1.3677540421426824,5.706777983635999,0.15119284731210325,1.273131207527444,50.48138567464767,45.44077206575102,50.48178243342822,51.83713201934828,42.71300518778631,47.7489710084678,49.55258451057959,50.16792653876926,48.66627703713217,0
178,10.647301706385507,0.6824905906334469,-2.4921242483689365,5.721622392784532,0.15119284731210325,1.2174779390834045,50.48138567464767,45.44077206575102,50.48178243342822,51.83713201934828,42.71300518778631,47.7489710084678,49.55258451057959,50.16792653876926,48.66627703713217,0
179,10.802341137158871,0.6923526571276082,2.172973797239942,5.665041646339771,0.2386518075564012,1.5536311151625646,50.48138567464767,45.44077206575102,50.48178243342822,51.83713201934828,42.71300518778631,47.7489710084678,49.55258451057959,50.16792653876926,48.66627703713217,0
181,10.514046287780443,0.6448363649780467,3.9110061616795186,5.7551091018215415,0.14352833323783876,1.5789079144638207,50.48138567464767,45.44077206575102,50.48178243342822,51.83713201934828,42.71300518778631,47.7489710084678,49.55258451057959,50.16792653876926,48.66627703713217,0
182,10.988896391359328,0.7030393111578084,24.140228589001076,5.705114919889979,0.15119284731210325,1.6121311643414482,50.48138567464767,45.44077206575102,50.48178243342822,51.83713201934828,42.71300518778631,47.7489710084678,49.55258451057959,50.16792653876926,48.66627703713217,0
183,10.559828103696391,0.6895745675549322,3.3309957924263673,5.750347943803522,0.15796446853357424,1.349299664628132,50.48138567464767,45.44077206575102,50.48178243342822,51.83713201934828,42.71300518778631,47.7489710084678,49.55258451057959,50.16792653876926,48.66627703713217,0
184,10.576919152011262,0.6544642857142857,10.606060606060607,5.64119759946458,0.1483160621761658,1.5817877717896303,50.48138567464767,45.44077206575102,50.48178243342822,51.83713201934828,42.71300518778631,47.7489710084678,49.55258451057959,50.16792653876926,48.66627703713217,0
185,10.529051581772277,0.6691220278394627,3.4663922439473542,5.774862056337153,0.12333701272294197,1.6276393143992713,50.48138567464767,45.44077206575102,50.48178243342822,51.83713201934828,42.71300518778631,47.7489710084678,49.55258451057959,50.16792653876926,48.66627703713217,0
186,10.74652779067069,0.6994279771190848,-4.875195007800312,5.738505910714586,0.2597317436661699,1.8446803600276944,50.48138567464767,45.44077206575102,50.48178243342822,51.83713201934828,42.71300518778631,47.7489710084678,49.55258451057959,50.16792653876926,48.66627703713217,0
187,10.60387347010727,0.6708807193864057,4.1258926209997355,5.7375395714543345,0.15119284731210325,1.11761379700311,50.48138567464767,45.44077206575102,50.48178243342822,51.83713201934828,42.71300518778631,47.7489710084678,49.55258451057959,50.16792653876926,48.66627703713217,0
188,10.673584200091147,0.6875916300146608,22.25776356124217,5.768320995793772,0.17320226519927343,1.6304210304350881,50.48138567464767,45.44077206575102,50.48178243342822,51.83713201934828,42.71300518778631,47.7489710084678,49.55258451057959,50.16792653876926,48.66627703713217,0
189,10.742728759359569,0.6834516415261757,0.9612540668441291,5.745244264463795,0.32986490370796206,1.635195364730352,50.48138567464767,45.44077206575102,50.48178243342822,51.83713201934828,42.71300518778631,47.7489710084678,49.55258451057959,50.16792653876926,48.66627703713217,0
190,11.028285647369088,0.6901195720578981,-6.4610866372980915,5.682899263739777,0.2596028065168272,1.7406461183451458,50.48138567464767,45.44077206575102,50.48178243342822,51.83713201934828,42.71300518778631,47.7489710084678,49.55258451057959,50.16792653876926,48.66627703713217,0
191,10.654191123288483,0.6826462128475551,6.147425413118268,5.702781974322617,0.12206115863340675,1.5641404026562664,50.48138567464767,45.44077206575102,50.48178243342822,51.83713201934828,42.71300518778631,47.7489710084678,49.55258451057959,50.16792653876926,48.66627703713217,0
192,10.459298970165898,0.678942792557816,3.0603373326378023,5.741399338227508,0.17260519247985676,1.6206329162361766,50.48138567464767,45.44077206575102,50.48178243342822,51.83713201934828,42.71300518778631,47.7489710084678,49.55258451057959,50.16792653876926,48.66627703713217,0
193,10.793701213900164,0.697519721887953,5.147747025003342,5.704448919199361,0.1562156215621562,1.5663148054376193,50.48138567464767,45.44077206575102,50.48178243342822,51.83713201934828,42.71300518778631,47.7489710084678,49.55258451057959,50.16792653876926,48.66627703713217,0
194,10.945853952063423,0.6785845698250218,-0.42115342841056697,5.728475087246572,0.14908175878509625,1.6190978713139963,57.111891393459786,42.01393250810805,63.32817556733436,51.20983123387728,37.74140809277559,43.02016015494217,58.20287441379041,49.177025686862265,50.22566238139374,1
195,10.66978760643095,0.6502128694805984,1.1434132100717675,5.7430031878094825,0.15482383225183677,1.6437700874504821,50.48138567464767,45.44077206575102,50.48178243342822,51.83713201934828,42.71300518778631,47.7489710084678,49.55258451057959,50.16792653876926,48.66627703713217,0
196,10.603746881701854,0.6751139268645104,6.835611870623541,5.785976712282188,0.1816322555512271,1.6175244321403555,50.48138567464767,45.44077206575102,50.48178243342822,51.83713201934828,42.71300518778631,47.7489710084678,49.55258451057959,50.16792653876926,48.66627703713217,0
197,10.650372163149099,0.6728487325748101,-1.7997132660220234,5.736894826106403,0.1701388888888889,1.7554058415362273,50.48138567464767,45.44077206575102,50.48178243342822,51.83713201934828,42.71300518778631,47.7489710084678,49.55258451057959,50.16792653876926,48.66627703713217,0
198,10.809697645067333,0.6730959077616555,-1.94646748747369,5.699774453258662,0.15704399656513612,1.5658446840100704,50.48138567464767,45.44077206575102,50.48178243342822,51.83713201934828,42.71300518778631,47.7489710084678,49.55258451057959,50.16792653876926,48.66627703713217,0
199,10.575250205254726,0.6728344758161162,-2.221050445009028,5.757323241584231,0.15119284731210325,1.6121311643414482,50.48138567464767,45.44077206575102,50.48178243342822,51.83713201934828,42.71300518778631,47.7489710084678,49.55258451057959,50.16792653876926,48.66627703713217,0
200,10.584622878762827,0.6739194010645142,-1.859975434286717,5.716040372051703,0.1568988173455979,1.5253175347370216,50.48138567464767,45.44077206575102,50.48178243342822,51.83713201934828,42.71300518778631,47.7489710084678,49.55258451057959,50.16792653876926,48.66627703713217,0
201,10.483701169718119,0.6725938556161131,-0.9743324300459764,5.722931293494962,0.14883858558958427,1.7293438094213038,50.48138567464767,45.44077206575102,50.48178243342822,51.83713201934828,42.71300518778631,47.7489710084678,49.55258451057959,50.16792653876926,48.66627703713217,0
202,10.867424937877637,0.6695176645159139,-0.8502976041614565,5.731397641689174,0.04017068864037669,1.4259793004061312,50.48138567464767,45.44077206575102,50.48178243342822,51.83713201934828,42.71300518778631,47.7489710084678,49.55258451057959,50.16792653876926,48.66627703713217,0
203,10.942562128488042,0.6778136245191712,-1.9233155478347188,5.696422120249909,0.16043755697356427,1.6699143289097933,50.48138567464767,45.44077206575102,50.48178243342822,51.83713201934828,42.71300518778631,47.7489710084678,49.55258451057959,50.16792653876926,48.66627703713217,0
204,10.880022598624832,0.6691097622162976,-1.5248851417159386,5.719983853994209,0.21172234683036242,1.7855584548915602,50.48138567464767,45.44077206575102,50.48178243342822,51.83713201934828,42.71300518778631,47.7489710084678,49.55258451057959,50.16792653876926,48.66627703713217,0
205,10.566500215162048,0.6724079484737445,0.7909732199066974,5.755742213586912,0.19368697416313624,1.8718381112984823,50.48138567464767,45.44077206575102,50.48178243342822,51.83713201934828,42.71300518778631,47.7489710084678,49.55258451057959,50.16792653876926,48.66627703713217,0
206,11.300642720988765,0.6535662701198548,2.21851291764142,5.640132447579745,0.15169682046890054,1.6546419098143237,52.12966871847242,44.06800993237254,53.95786217486593,43.98988486178107,53.64517741048865,37.88818923666135,56.160684511662815,20.87258373076375,45.33900757213357,1
207,11.634271036143382,0.6586102149016057,0.37735137072885416,5.4785534168509695,0.145018069179143,1.5078277028803844,50.48138567464767,45.44077206575102,50.48178243342822,51.83713201934828,42.71300518778631,47.7489710084678,49.55258451057959,50.16792653876926,48.66627703713217,0
208,11.363024243392287,0.6235966359502636,-2.253430445454911,5.514234872770507,0.11122544133251873,1.517677262145639,50.48138567464767,45.44077206575102,50.48178243342822,51.83713201934828,42.71300518778631,47.7489710084678,49.55258451057959,50.16792653876926,48.66627703713217,0
209,11.156594747493054,0.6464022998224401,0.5073137735689524,5.461710913456472,0.1353334369656459,1.6274220680775062,50.48138567464767,45.44077206575102,50.48178243342822,51.83713201934828,42.71300518778631,47.7489710084678,49.55258451057959,50.16792653876926,48.66627703713217,0
210,11.503200328758844,0.6513408441764519,-2.102507140590289,5.502889532276811,0.05858653684740641,1.407250755287009,50.48138567464767,45.44077206575102,50.48178243342822,51.83713201934828,42.71300518778631,47.7489710084678,49.55258451057959,50.16792653876926,48.66627703713217,0
211,11.197683071981377,0.6483605387141294,1.015244531163248,5.603593747400769,0.09114060258249641,1.4303538750386198,50.48138567464767,45.44077206575102,50.48178243342822,51.83713201934828,42.71300518778631,47.7489710084678,49.55258451057959,50.16792653876926,48.66627703713217,0
212,11.151576758857999,0.6359436141624629,-4.431662816463156,5.653541258219454,0.1497990622906899,1.5192012288786483,50.48138567464767,45.44077206575102,50.48178243342822,51.83713201934828,42.71300518778631,47.7489710084678,49.55258451057959,50.16792653876926,48.66627703713217,0
213,11.500181605847784,0.629360679063834,-1.1285020362101958,5.462559809942086,0.14051529491818998,1.5799728417414205,50.48138567464767,45.44077206575102,50.48178243342822,51.83713201934828,42.71300518778631,47.7489710084678,49.55258451057959,50.16792653876926,48.66627703713217,0
214,11.227104326572745,0.6464635839609543,0.2734884503723651,5.588745664667843,0.12200712295920166,1.516160828901522,50.48138567464767,45.44077206575102,50.48178243342822,51.83713201934828,42.71300518778631,47.7489710084678,49.55258451057959,50.16792653876926,48.66627703713217,0
215,10.982271213570051,0.638158738299782,-4.6800871906654695,5.512621969195042,0.1487873621211594,1.6438502167167997,50.48138567464767,45.44077206575102,50.48178243342822,51.83713201934828,42.71300518778631,47.7489710084678,49.55258451057959,50.16792653876926,48.66627703713217,0
216,11.01250221508508,0.6236194170572706,0.7003932977749043,5.680513847716846,0.12710237308962447,1.5029505901180236,50.48138567464767,45.44077206575102,50.48178243342822,51.83713201934828,42.71300518778631,47.7489710084678,49.55258451057959,50.16792653876926,48.66627703713217,0
217,11.175691738489192,0.613410879233664,-1.5737256243585358,5.630135934487902,0.1187246963562753,1.461342267372744,50.48138567464767,45.44077206575102,50.48178243342822,51.83713201934828,42.71300518778631,47.7489710084678,49.55258451057959,50.16792653876926,48.66627703713217,0
218,11.335601001880496,0.6599413142870141,2.7978072470031616,5.9048167403823095,0.19463046757164404,1.653081081081081,50.48138567464767,45.44077206575102,50.48178243342822,51.83713201934828,42.71300518778631,47.7489710084678,49.55258451057959,50.16792653876926,48.66627703713217,0
219,11.156816075361208,0.6237954040029652,-4.324190758586607,5.6394217154958115,0.08414278290762282,1.5021779713752335,50.48138567464767,45.44077206575102,50.48178243342822,51.83713201934828,42.71300518778631,47.7489710084678,49.55258451057959,50.16792653876926,48.66627703713217,0
220,11.111055885196036,0.6260527992073042,-8.705499327624036,5.647564794657972,0.1341333738417135,1.6030883614526736,50.48138567464767,45.44077206575102,50.48178243342822,51.83713201934828,42.71300518778631,47.7489710084678,49.55258451057959,50.16792653876926,48.66627703713217,0
221,11.279405767156234,0.663446234163112,-0.8754058699942701,5.549853992363464,0.14187033321272327,1.4905499409371308,50.48138567464767,45.44077206575102,50.48178243342822,51.83713201934828,42.71300518778631,47.7489710084678,49.55258451057959,50.16792653876926,48.66627703713217,0
222,11.15616623176497,0.6466855022349667,0.5903685586573333,5.6369301676683605,0.17836812144212524,1.7588576018941315,50.48138567464767,45.44077206575102,50.48178243342822,51.83713201934828,42.71300518778631,47.7489710084678,49.55258451057959,50.16792653876926,48.66627703713217,0
223,11.221117559629867,0.625735053903953,-6.533812479581836,5.5991624255260986,0.0995810625440255,1.4301451344277896,50.48138567464767,45.44077206575102,50.48178243342822,51.83713201934828,42.71300518778631,47.7489710084678,49.55258451057959,50.16792653876926,48.66627703713217,0
224,11.31073706281816,0.6639480077953966,0.37989680543273896,5.6240175061873385,0.13777515142561678,1.583348630402415,39.406844477715126,45.477431695569365,67.3350473129214,54.131703814262416,38.36667621428971,41.2275573089448,58.60013082434187,63.1504627392571,50.96198179841272,1
225,11.705231180428022,0.7180163993818808,-0.007393770009390088,5.342334251964811,0.1502885840641631,1.5575964556027322,51.70964946947615,50.461554765265,57.33380709868628,45.69732221109236,23.54855052539064,37.39434765067016,48.8026061030119,51.47117102507093,45.80237610608293,1
226,11.621704530721518,0.6654465592972182,-7.125427037579307,5.473530384104697,0.08676349118942732,1.4574081832146348,50.48138567464767,45.44077206575102,50.48178243342822,51.83713201934828,42.71300518778631,47.7489710084678,49.55258451057959,50.16792653876926,48.66627703713217,0
227,11.477970600134269,0.6811162480339354,-0.16681759687336162,5.404027820970151,0.14171565549911536,1.5804259550841138,50.48138567464767,45.44077206575102,50.48178243342822,51.83713201934828,42.71300518778631,47.7489710084678,49.55258451057959,50.16792653876926,48.66627703713217,0
228,11.835861499178774,0.7089319523332219,-3.466421650517875,5.408068230507156,0.12795065113091159,1.4416683834959638,50.48138567464767,45.44077206575102,50.48178243342822,51.83713201934828,42.71300518778631,47.7489710084678,49.55258451057959,50.16792653876926,48.66627703713217,0
229,11.461620591568273,0.673177973342447,-3.5511363636363633,5.5329941536759195,0.1461192548034807,1.5697095774188285,54.66314465512789,65.97863141618897,55.41436644694821,56.68199185319526,33.51814375037828,45.05388545507938,49.77267330806872,65.38191039189138,53.30809340960976,1
230,11.177158979248253,0.641513500200117,-2.0011699147193744,5.466793516519938,0.08915598493781142,1.5045269297410742,50.48138567464767,45.44077206575102,50.48178243342822,51.83713201934828,42.71300518778631,47.7489710084678,49.55258451057959,50.16792653876926,48.66627703713217,0
231,11.338272032816448,0.654030630809434,-4.36637888260395,5.594711379601839,0.1193394495412844,1.4562639508928572,50.48138567464767,45.44077206575102,50.48178243342822,51.83713201934828,42.71300518778631,47.7489710084678,49.55258451057959,50.16792653876926,48.66627703713217,0
232,11.101370350359764,0.6549431553753075,-4.255036234292932,5.631928370888217,0.09829660198437089,1.535231986819265,50.48138567464767,45.44077206575102,50.48178243342822,51.83713201934828,42.71300518778631,47.7489710084678,49.55258451057959,50.16792653876926,48.66627703713217,0
233,10.997916101557907,0.6589067174326897,-4.650530323633397,5.620763118936109,0.0791906675056876,1.5530028475278281,50.48138567464767,45.44077206575102,50.48178243342822,51.83713201934828,42.71300518778631,47.7489710084678,49.55258451057959,50.16792653876926,48.66627703713217,0
234,11.583728696765629,0.6655720338983051,-2.5070621468926553,5.457455587886334,0.128418975876603,1.5144588494754416,50.48138567464767,45.44077206575102,50.48178243342822,51.83713201934828,42.71300518778631,47.7489710084678,49.55258451057959,50.16792653876926,48.66627703713217,0
235,11.097914439222848,0.6458647926588454,-6.4177024044604485,5.676411277860069,0.10320994526393915,1.459306841948013,50.48138567464767,45.44077206575102,50.48178243342822,51.83713201934828,42.71300518778631,47.7489710084678,49.55258451057959,50.16792653876926,48.66627703713217,0
236,11.40517654378578,0.6634845569768979,-0.763706325544508,5.532203014394148,0.12397701549712693,1.4441020724915548,50.48138567464767,45.44077206575102,50.48178243342822,51.83713201934828,42.71300518778631,47.7489710084678,49.55258451057959,50.16792653876926,48.66627703713217,0
237,11.1498932132474,0.650510799085693,2.752250781359332,5.6461533618195645,0.1121082570752217,1.566770262937201,50.48138567464767,45.44077206575102,50.48178243342822,51.83713201934828,42.71300518778631,47.7489710084678,49.55258451057959,50.16792653876926,48.66627703713217,0
238,11.028999771971977,0.632512315270936,-1.4992503748125936,5.653541258219454,0.08565665620797848,1.4713766144505855,50.48138567464767,45.44077206575102,50.48178243342822,51.83713201934828,42.71300518778631,47.7489710084678,49.55258451057959,50.16792653876926,48.66627703713217,0
239,11.02618901973237,0.6232951873334378,-5.382243820870565,5.49141399650995,0.13244274809160306,1.5031079346704583,50.48138567464767,45.44077206575102,50.48178243342822,51.83713201934828,42.71300518778631,47.7489710084678,49.55258451057959,50.16792653876926,48.66627703713217,0
240,11.063389339980208,0.6430012101653892,-6.897942718838241,5.557214087568064,0.13051618079700456,1.4825991189427312,50.48138567464767,45.44077206575102,50.48178243342822,51.83713201934828,42.71300518778631,47.7489710084678,49.55258451057959,50.16792653876926,48.66627703713217,0
241,11.195598973278539,0.6585247526840895,-2.847560589761438,5.6164073951712,0.11939050803663032,1.3728667098725427,50.48138567464767,45.44077206575102,50.48178243342822,51.83713201934828,42.71300518778631,47.7489710084678,49.55258451057959,50.16792653876926,48.66627703713217,0
242,11.027809822278607,0.6464602777145458,-5.235602094240838,5.569107571329599,0.12395523445247202,1.5045322809397546,50.48138567464767,45.44077206575102,50.48178243342822,51.83713201934828,42.71300518778631,47.7489710084678,49.55258451057959,50.16792653876926,48.66627703713217,0
243,11.130796440026195,0.6729532584701027,-2.5914195220270657,5.435031189863858,0.09878811571540266,1.4304577005375503,50.48138567464767,45.44077206575102,50.48178243342822,51.83713201934828,42.71300518778631,47.7489710084678,49.55258451057959,50.16792653876926,48.66627703713217,0
244,11.152381617896896,0.6416272930573538,0.5296521110419854,5.943324171780047,0.15119284731210325,1.6121311643414482,48.716260431911024,43.34095331934775,50.48178243342822,50.93129500639921,40.77635403566726,58.44903774130468,58.22508192245928,73.26236201612929,53.02289086333085,1
245,10.839596597857945,0.645489338436304,-8.54747585201385,5.5842479059610115,0.15119284731210325,1.6121311643414482,50.48138567464767,45.44077206575102,50.48178243342822,51.83713201934828,42.71300518778631,47.7489710084678,49.55258451057959,50.16792653876926,48.66627703713217,0
246,10.86239514719036,0.6280083633613595,-6.850838560434183,5.546348633370026,0.15119284731210325,1.6121311643414482,50.48138567464767,45.44077206575102,50.48178243342822,51.83713201934828,42.71300518778631,47.7489710084678,49.55258451057959,50.16792653876926,48.66627703713217,0
247,10.89849519052028,0.658295765688525,-13.966866720137178,5.781669013313272,0.15119284731210325,1.6121311643414482,50.48138567464767,45.44077206575102,50.48178243342822,51.83713201934828,42.71300518778631,47.7489710084678,49.55258451057959,50.16792653876926,48.66627703713217,0
248,10.743106721371326,0.6421862792359991,3.515800322489486,5.561834812000519,0.15119284731210325,1.6121311643414482,49.08712428475528,27.40821006689311,40.60320914655709,48.80649538940051,51.45539983449618,72.63258240487936,28.701151784187967,63.482085041329,47.77203224406232,1
249,10.929702968387275,0.6456776458413838,5.855268759455866,5.642616039418714,0.15119284731210325,1.6121311643414482,42.74321064023014,42.8608450820261,42.65592083532574,44.15723661145868,33.9658649036168,54.496315368389006,43.81958730403517,51.1950943758708,44.48675939011906,1
250,10.881885101350266,0.6342145699539026,0.7879910169024074,5.6577385361547945,0.15119284731210325,1.6121311643414482,50.48138567464767,45.44077206575102,50.48178243342822,51.83713201934828,42.71300518778631,47.7489710084678,49.55258451057959,50.16792653876926,48.66627703713217,0
251,10.796673410695186,0.6308724832214765,0.7175720737832932,5.718342625987531,0.15119284731210325,1.6121311643414482,50.48138567464767,45.44077206575102,50.48178243342822,51.83713201934828,42.71300518778631,47.7489710084678,49.55258451057959,50.16792653876926,48.66627703713217,0
252,10.834331865417795,0.65,-5.366568914956011,5.6017497490910495,0.15119284731210325,1.6121311643414482,50.48138567464767,45.44077206575102,50.48178243342822,51.83713201934828,42.71300518778631,47.7489710084678,49.55258451057959,50.16792653876926,48.66627703713217,0
253,10.799389845560016,0.6378856756947454,9.605983328125474,5.617134667930529,0.15119284731210325,1.6121311643414482,50.48138567464767,45.44077206575102,50.48178243342822,51.83713201934828,42.71300518778631,47.7489710084678,49.55258451057959,50.16792653876926,48.66627703713217,0
254,11.059325752766163,0.6673502659397892,4.96470119580693,5.564520407322694,0.15119284731210325,1.6121311643414482,45.90035985718937,41.37418665275129,47.88362554248136,33.97190569011668,50.21821881534455,64.370152538768,50.078968245559615,51.110420614773226,48.11347974462301,1
255,10.830870537279685,0.6336718866200625,1.274886853791726,5.596568390349052,0.15119284731210325,1.6121311643414482,50.48138567464767,45.44077206575102,50.48178243342822,51.83713201934828,42.71300518778631,47.7489710084678,49.55258451057959,50.16792653876926,48.66627703713217,0
256,10.711653952929726,0.6344986684833096,-0.2941722920666378,5.60947179518496,0.15119284731210325,1.6121311643414482,50.48138567464767,45.44077206575102,50.48178243342822,51.83713201934828,42.71300518778631,47.7489710084678,49.55258451057959,50.16792653876926,48.66627703713217,0
257,10.509586082684526,0.6395555489179946,-3.9725802356666016,5.692384429703832,0.15119284731210325,1.6121311643414482,50.48138567464767,45.44077206575102,50.48178243342822,51.83713201934828,42.71300518778631,47.7489710084678,49.55258451057959,50.16792653876926,48.66627703713217,0
258,10.775935063912884,0.6156651985797714,-0.17461826507052639,5.61458689585173,0.15119284731210325,1.6121311643414482,50.48138567464767,45.44077206575102,50.48178243342822,51.83713201934828,42.71300518778631,47.7489710084678,49.55258451057959,50.16792653876926,48.66627703713217,0
259,10.750685407922997,0.6373798642179266,1.8208786040734621,5.586874056410478,0.15119284731210325,1.6121311643414482,50.48138567464767,45.44077206575102,50.48178243342822,51.83713201934828,42.71300518778631,47.7489710084678,49.55258451057959,50.16792653876926,48.66627703713217,0
260,10.58021313367807,0.6559311103524146,1.8208717423466485,5.653541258219454,0.15119284731210325,1.6121311643414482,50.48138567464767,45.44077206575102,50.48178243342822,51.83713201934828,42.71300518778631,47.7489710084678,49.55258451057959,50.16792653876926,48.66627703713217,0
261,10.713615224577792,0.6357173301508823,-2.335691756883471,5.630135934487902,0.15119284731210325,1.6121311643414482,50.48138567464767,45.44077206575102,50.48178243342822,51.83713201934828,42.71300518778631,47.7489710084678,49.55258451057959,50.16792653876926,48.66627703713217,0
262,10.682101167275913,0.6365311501411145,0.1399482191589112,5.597310230145684,0.15119284731210325,1.6121311643414482,50.48138567464767,45.44077206575102,50.48178243342822,51.83713201934828,42.71300518778631,47.7489710084678,49.55258451057959,50.16792653876926,48.66627703713217,0
263,10.690973987159058,0.6525915359010936,3.0749722618481536,5.564520407322694,0.15119284731210325,1.6121311643414482,50.48138567464767,45.44077206575102,50.48178243342822,51.83713201934828,42.71300518778631,47.7489710084678,49.55258451057959,50.16792653876926,48.66627703713217,0
264,10.685791931164013,0.6415414444983034,-3.531611384253168,5.5479080878770946,0.15119284731210325,1.6121311643414482,50.48138567464767,45.44077206575102,50.48178243342822,51.83713201934828,42.71300518778631,47.7489710084678,49.55258451057959,50.16792653876926,48.66627703713217,0
265,10.69882121683983,0.6383818963613453,9.171332441315164,5.622572419230658,0.15119284731210325,1.6121311643414482,50.48138567464767,45.44077206575102,50.48178243342822,51.83713201934828,42.71300518778631,47.7489710084678,49.55258451057959,50.16792653876926,48.66627703713217,0
266,10.839359318529057,0.6540208136234626,3.5536896877956483,6.230481447578482,0.15119284731210325,1.6121311643414482,50.48138567464767,45.44077206575102,50.48178243342822,51.83713201934828,42.71300518778631,47.7489710084678,49.55258451057959,50.16792653876926,48.66627703713217,0
267,10.671461553958999,0.6371739201410428,1.9262790166182375,5.603593747400769,0.15119284731210325,1.6121311643414482,50.48138567464767,45.44077206575102,50.48178243342822,51.83713201934828,42.71300518778631,47.7489710084678,49.55258451057959,50.16792653876926,48.66627703713217,0
268,10.869392870555272,0.6333673906595036,7.053162387528427,5.526647444549546,0.15119284731210325,1.6121311643414482,50.48138567464767,45.44077206575102,50.48178243342822,51.83713201934828,42.71300518778631,47.7489710084678,49.55258451057959,50.16792653876926,48.66627703713217,0
269,11.187774104723967,0.6406477021695751,4.050257782208366,5.853064177371955,0.1859162652253946,1.6810936996887411,58.55407506628416,39.30319733062383,55.24190029975825,54.70725721298049,44.682558878440126,37.78317747080332,65.69437577952081,66.41685515079489,52.797924648650735,1
270,11.196205854395153,0.6598874737470857,-2.235110503092545,5.912962318953024,0.14977071368149236,1.4896231721034872,50.48138567464767,45.44077206575102,50.48178243342822,51.83713201934828,42.71300518778631,47.7489710084678,49.55258451057959,50.16792653876926,48.66627703713217,0
271,11.037764559809386,0.6419849514436721,-3.67101460595173,5.891091572961194,0.14948967481604558,1.5681223395869461,50.48138567464767,45.44077206575102,50.48178243342822,51.83713201934828,42.71300518778631,47.7489710084678,49.55258451057959,50.16792653876926,48.66627703713217,0
272,10.828934240425347,0.6754691264876969,-1.6550247036775623,5.955059865214182,0.14069333333333334,1.455572186692067,50.48138567464767,45.44077206575102,50.48178243342822,51.83713201934828,42.71300518778631,47.7489710084678,49.55258451057959,50.16792653876926,48.66627703713217,0
273,10.46044552589515,0.6523854164027465,-2.432288631584281,5.890538628518022,0.16537914838390705,1.5274291027429103,50.48138567464767,45.44077206575102,50.48178243342822,51.83713201934828,42.71300518778631,47.7489710084678,49.55258451057959,50.16792653876926,48.66627703713217,0
274,11.032341258307676,0.6305739899871929,-0.6209492762059999,5.874649792516147,0.1529518273216753,1.4680561025112842,50.48138567464767,45.44077206575102,50.48178243342822,51.83713201934828,42.71300518778631,47.7489710084678,49.55258451057959,50.16792653876926,48.66627703713217,0
275,10.71180769881482,0.6515946709729511,-3.498856143183959,5.825114759823726,0.12997174527276678,1.4984783293105257,50.48138567464767,45.44077206575102,50.48178243342822,51.83713201934828,42.71300518778631,47.7489710084678,49.55258451057959,50.16792653876926,48.66627703713217,0
276,10.62906320031541,0.667578956514184,-7.47208827490334,5.82923969201315,0.1171633485841474,1.5244976114335347,50.48138567464767,45.44077206575102,50.48178243342822,51.83713201934828,42.71300518778631,47.7489710084678,49.55258451057959,50.16792653876926,48.66627703713217,0
277,10.59379570687221,0.6547079995355858,-6.385696040868455,5.8206762261277,0.14702783115353624,1.5292623941958887,50.48138567464767,45.44077206575102,50.48178243342822,51.83713201934828,42.71300518778631,47.7489710084678,49.55258451057959,50.16792653876926,48.66627703713217,0
278,10.964053504867149,0.6668881506090808,0.9007013658176449,5.8673175543650995,0.2166416791604198,1.7809637484039305,50.48138567464767,45.44077206575102,50.48178243342822,51.83713201934828,42.71300518778631,47.7489710084678,49.55258451057959,50.16792653876926,48.66627703713217,0
279,10.716777205313804,0.6622283027593648,-4.0658239556035145,5.849900982786195,0.10785470350822726,1.3962174378494112,50.48138567464767,45.44077206575102,50.48178243342822,51.83713201934828,42.71300518778631,47.7489710084678,49.55258451057959,50.16792653876926,48.66627703713217,0
280,10.654410595164514,0.6660246675802808,-2.9260342975665763,5.824228627732068,0.15371672375458206,1.4650577045975715,50.48138567464767,45.44077206575102,50.48178243342822,51.83713201934828,42.71300518778631,47.7489710084678,49.55258451057959,50.16792653876926,48.66627703713217,0
281,10.76759406695282,0.6525385774194862,-4.600789870119295,5.842964538789538,0.11570053977939451,1.3802753158589478,50.48138567464767,45.44077206575102,50.48178243342822,51.83713201934828,42.71300518778631,47.7489710084678,49.55258451057959,50.16792653876926,48.66627703713217,0
282,10.629237441640086,0.6534804688991561,-3.9329489480316164,5.818003618746224,0.15141006346921415,1.4435642751600721,50.48138567464767,45.44077206575102,50.48178243342822,51.83713201934828,42.71300518778631,47.7489710084678,49.55258451057959,50.16792653876926,48.66627703713217,0
283,10.850844687514416,0.6751097207955925,-4.062003921934821,5.82363743646448,0.1842238612690727,1.4998759788809752,50.48138567464767,45.44077206575102,50.48178243342822,51.83713201934828,42.71300518778631,47.7489710084678,49.55258451057959,50.16792653876926,48.66627703713217,0
284,10.768093334388308,0.6506696641201014,-2.9529996761226163,5.840932312803435,0.1217519202484066,1.461519452093483,50.48138567464767,45.44077206575102,50.48178243342822,51.83713201934828,42.71300518778631,47.7489710084678,49.55258451057959,50.16792653876926,48.66627703713217,0
285,10.725162063760594,0.6180509596293845,-7.693580410324289,5.813831979800159,0.13367274449443522,1.5699989002529418,50.48138567464767,45.44077206575102,50.48178243342822,51.83713201934828,42.71300518778631,47.7489710084678,49.55258451057959,50.16792653876926,48.66627703713217,0
286,10.99717607265966,0.6676907925968079,0.03243393060907973,5.889708638153595,0.15119284731210325,1.4648571294515085,52.57987025858866,34.73749233229828,59.26246768847297,49.55451887383908,45.52291145466905,33.85018543607684,49.68629496448563,72.27407808408259,49.683477386564135,1
287,10.82588758457446,0.6497721976106994,2.0155787440424953,5.88638177065483,0.11308303434136341,1.5137133317433817,50.48138567464767,45.44077206575102,50.48178243342822,51.83713201934828,42.71300518778631,47.7489710084678,49.55258451057959,50.16792653876926,48.66627703713217,0
288,10.521029871932026,0.6927624309392265,0.5524861878453039,5.895779296973574,0.17983131194976298,1.6246351660487497,50.48138567464767,45.44077206575102,50.48178243342822,51.83713201934828,42.71300518778631,47.7489710084678,49.55258451057959,50.16792653876926,48.66627703713217,0
289,10.879448097600827,0.678794687869098,-0.893037190677844,5.884435974349459,0.14459811812719647,1.5447635135135136,50.48138567464767,45.44077206575102,50.48178243342822,51.83713201934828,42.71300518778631,47.7489710084678,49.55258451057959,50.16792653876926,48.66627703713217,0
290,10.669841048879835,0.6583098831755777,6.182314317387227,5.8805329864007,0.12117959080575903,1.4153740507351753,50.48138567464767,45.44077206575102,50.48178243342822,51.83713201934828,42.71300518778631,47.7489710084678,49.55258451057959,50.16792653876926,48.66627703713217,0
291,10.613990742410891,0.6787788533134773,6.031273268801192,5.890538628518022,0.2745658386458562,1.7749600284242317,50.48138567464767,45.44077206575102,50.48178243342822,51.83713201934828,42.71300518778631,47.7489710084678,49.55258451057959,50.16792653876926,48.66627703713217,0
292,10.84455284486235,0.6473301401454674,7.938619833244634,5.8794150432993595,0.13306346304518152,1.504810507822304,50.48138567464767,45.44077206575102,50.48178243342822,51.83713201934828,42.71300518778631,47.7489710084678,49.55258451057959,50.16792653876926,48.66627703713217,0
293,10.729021721139398,0.6741916135012814,-4.035116418561535,5.889154928283412,0.13958616010854816,1.5150283452775697,50.48138567464767,45.44077206575102,50.48178243342822,51.83713201934828,42.71300518778631,47.7489710084678,49.55258451057959,50.16792653876926,48.66627703713217,0
294,10.610323118215865,0.723530055841454,-0.7007555020256213,5.912421339767529,0.16888527588659688,1.6087361749720392,50.48138567464767,45.44077206575102,50.48178243342822,51.83713201934828,42.71300518778631,47.7489710084678,49.55258451057959,50.16792653876926,48.66627703713217,0
295,10.865942145720663,0.6690802517024395,-0.861994655633135,5.889154928283412,0.1785597737408898,1.6603598457803799,50.48138567464767,45.44077206575102,50.48178243342822,51.83713201934828,42.71300518778631,47.7489710084678,49.55258451057959,50.16792653876926,48.66627703713217,0
296,10.850280330977386,0.6671953941957467,-1.7036775937022677,5.891091572961194,0.1950851717397375,1.622177656374261,50.48138567464767,45.44077206575102,50.48178243342822,51.83713201934828,42.71300518778631,47.7489710084678,49.55258451057959,50.16792653876926,48.66627703713217,0
297,10.76617917578041,0.6816846229187071,-2.184886611918933,5.88638177065483,0.16840487430014273,1.730109440678608,50.48138567464767,45.44077206575102,50.48178243342822,51.83713201934828,42.71300518778631,47.7489710084678,49.55258451057959,50.16792653876926,48.66627703713217,0
298,10.807590311903313,0.6539101266875502,-1.3444958833476561,5.8988008622445625,0.15584022594311076,1.5702458039367289,50.48138567464767,45.44077206575102,50.48178243342822,51.83713201934828,42.71300518778631,47.7489710084678,49.55258451057959,50.16792653876926,48.66627703713217,0
299,10.847829154176404,0.6606228668941979,3.679607508532423,5.889154928283412,0.15119284731210325,1.0788492469659308,50.48138567464767,45.44077206575102,50.48178243342822,51.83713201934828,42.71300518778631,47.7489710084678,49.55258451057959,50.16792653876926,48.66627703713217,0
300,10.743719795851014,0.6568418615420236,-0.5556841861542023,5.894953646727139,0.16938576907665007,1.5698841426911294,50.48138567464767,45.44077206575102,50.48178243342822,51.83713201934828,42.71300518778631,47.7489710084678,49.55258451057959,50.16792653876926,48.66627703713217,0
301,11.106866680671223,0.6684654149756946,-0.2824480815828985,5.903998521326706,0.27268950235435324,1.8484113044866677,50.48138567464767,45.44077206575102,50.48178243342822,51.83713201934828,42.71300518778631,47.7489710084678,49.55258451057959,50.16792653876926,48.66627703713217,0
302,10.90221688886033,0.6604923612760231,-2.190031399245363,5.8944028342648505,0.14203266578172793,1.3855538065254722,50.48138567464767,45.44077206575102,50.48178243342822,51.83713201934828,42.71300518778631,47.7489710084678,49.55258451057959,50.16792653876926,48.66627703713217,0
303,11.138223288218008,0.6673413562106725,0.31334953717426467,5.900171288661591,0.1592057285946492,1.6962021522136626,50.48138567464767,45.44077206575102,50.48178243342822,51.83713201934828,42.71300518778631,47.7489710084678,49.55258451057959,50.16792653876926,48.66627703713217,0
304,10.71870191202484,0.6867411790488713,-2.366863905325444,5.887214525734183,0.1269029120080854,1.4899940083882564,50.48138567464767,45.44077206575102,50.48178243342822,51.83713201934828,42.71300518778631,47.7489710084678,49.55258451057959,50.16792653876926,48.66627703713217,0
305,10.681867028458072,0.6306507117159393,0.7821054278116689,5.893576046288857,0.129702753098607,1.5611029360241049,50.48138567464767,45.44077206575102,50.48178243342822,51.83713201934828,42.71300518778631,47.7489710084678,49.55258451057959,50.16792653876926,48.66627703713217,0
306,10.684199082168456,0.6864873801388736,-4.078033726441089,5.911067610035953,0.1034843205574913,1.6176142697881828,50.48138567464767,45.44077206575102,50.48178243342822,51.83713201934828,42.71300518778631,47.7489710084678,49.55258451057959,50.16792653876926,48.66627703713217,0
307,10.891104963781135,0.6915944090374463,1.6138296999370878,5.9020867359567655,0.1355651309247597,1.6426708562450902,50.48138567464767,45.44077206575102,50.48178243342822,51.83713201934828,42.71300518778631,47.7489710084678,49.55258451057959,50.16792653876926,48.66627703713217,0
308,11.138056000039,0.6591622394052566,1.1396910560552662,5.88638177065483,0.15736407930918037,1.5163430668093563,50.48138567464767,45.44077206575102,50.48178243342822,51.83713201934828,42.71300518778631,47.7489710084678,49.55258451057959,50.16792653876926,48.66627703713217,0
309,11.705610633541658,0.6941855407569211,-0.9550527907605408,4.927253685157205,0.14457831325301204,1.7477156517084156,32.65419977626291,62.53193886683534,72.32849535953467,44.04469283444343,38.00119775390255,42.54042835713188,28.27164776589376,53.87573291974217,46.78104170421834,1
310,11.679394532390326,0.6861057589381289,-0.9550527907605408,4.975353479951616,0.15119284731210325,1.1670241457665271,50.48138567464767,45.44077206575102,50.48178243342822,51.83713201934828,42.71300518778631,47.7489710084678,49.55258451057959,50.16792653876926,48.66627703713217,0
311,11.610220945487567,0.6683503921307988,-5.184102086933405,5.777497404613124,0.15666450013239933,1.9169076822394393,50.48138567464767,45.44077206575102,50.48178243342822,51.83713201934828,42.71300518778631,47.7489710084678,49.55258451057959,50.16792653876926,48.66627703713217,0
312,11.846950423734066,0.7011638156802126,-1.290289612529862,4.975353479951616,0.18369779251735932,1.7907172672615173,50.48138567464767,45.44077206575102,50.48178243342822,51.83713201934828,42.71300518778631,47.7489710084678,49.55258451057959,50.16792653876926,48.66627703713217,0
313,11.7257681439988,0.6319148936170212,-0.6382978723404255,5.777497404613124,0.06617885826856883,1.6503081098612224,50.48138567464767,45.44077206575102,50.48178243342822,51.83713201934828,42.71300518778631,47.7489710084678,49.55258451057959,50.16792653876926,48.66627703713217,0
314,11.324257009157325,0.6286198994017679,-8.631209262180422,4.921439715291784,0.09504004399683773,1.832159215707283,50.48138567464767,45.44077206575102,50.48178243342822,51.83713201934828,42.71300518778631,47.7489710084678,49.55258451057959,50.16792653876926,48.66627703713217,0
315,12.13070988646052,0.6502170767004342,-5.643994211287988,4.902307417210627,0.12870000481301438,2.0375416468348404,50.48138567464767,45.44077206575102,50.48178243342822,51.83713201934828,42.71300518778631,47.7489710084678,49.55258451057959,50.16792653876926,48.66627703713217,0
316,11.892078082527192,0.7008000992371147,6.636482044284562,4.769836807543325,0.11100254055110416,1.9764620570711822,50.48138567464767,45.44077206575102,50.48178243342822,51.83713201934828,42.71300518778631,47.7489710084678,49.55258451057959,50.16792653876926,48.66627703713217,0
317,11.354352856143013,0.6527277096851718,-8.195145397740928,4.874433672915854,0.12711925546497366,1.8080934957129595,50.48138567464767,45.44077206575102,50.48178243342822,51.83713201934828,42.71300518778631,47.7489710084678,49.55258451057959,50.16792653876926,48.66627703713217,0
318,11.693692480757854,0.6551445864156019,-6.590450571620713,4.810557015713042,0.10228603117875408,1.87866991920555,50.48138567464767,45.44077206575102,50.48178243342822,51.83713201934828,42.71300518778631,47.7489710084678,49.55258451057959,50.16792653876926,48.66627703713217,0
319,11.737631794510175,0.6755135702504124,-3.99860048982856,4.83150862819882,0.1356571520291057,1.9633328300584518,50.48138567464767,45.44077206575102,50.48178243342822,51.83713201934828,42.71300518778631,47.7489710084678,49.55258451057959,50.16792653876926,48.66627703713217,0
320,11.462241458613233,0.6376347507856319,-1.9292732407812563,4.881285622068407,0.06756486360301474,1.7111361926260347,50.48138567464767,45.44077206575102,50.48178243342822,51.83713201934828,42.71300518778631,47.7489710084678,49.55258451057959,50.16792653876926,48.66627703713217,0
321,11.356860954937696,0.6206766917293233,-4.970760233918129,4.919980925828125,0.053939998465433896,1.4808956340511943,50.48138567464767,45.44077206575102,50.48178243342822,51.83713201934828,42.71300518778631,47.7489710084678,49.55258451057959,50.16792653876926,48.66627703713217,0
322,11.450933033128022,0.6434825502528055,-8.63238377111851,4.843399374720342,0.09363101867440234,2.0458042204813327,50.48138567464767,45.44077206575102,50.48178243342822,51.83713201934828,42.71300518778631,47.7489710084678,49.55258451057959,50.16792653876926,48.66627703713217,0
323,11.505127136897155,0.6536126972708062,-6.6094150442875765,5.777497404613124,0.08888818718620733,1.8051954357853848,50.48138567464767,45.44077206575102,50.48178243342822,51.83713201934828,42.71300518778631,47.7489710084678,49.55258451057959,50.16792653876926,48.66627703713217,0
324,11.68591107713714,0.6318676515581975,-6.512522400454565,5.777497404613124,0.15075239398084817,1.7874727411260871,50.48138567464767,45.44077206575102,50.48178243342822,51.83713201934828,42.71300518778631,47.7489710084678,49.55258451057959,50.16792653876926,48.66627703713217,0
325,11.92245629681112,0.6714993978635887,-3.0028621029418665,5.027820118850356,0.18381042256474783,1.789161760916533,50.48138567464767,45.44077206575102,50.48178243342822,51.83713201934828,42.71300518778631,47.7489710084678,49.55258451057959,50.16792653876926,48.66627703713217,0
326,11.394970414520149,0.6411677417401048,-4.996820205323885,4.969118613893322,0.10197864006160233,1.7296929016629237,50.48138567464767,45.44077206575102,50.48178243342822,51.83713201934828,42.71300518778631,47.7489710084678,49.55258451057959,50.16792653876926,48.66627703713217,0
327,12.029909288043537,0.737378681509244,1.6851732721729646,5.031091302663638,0.15190582959641255,1.5760361938120258,50.48138567464767,45.44077206575102,50.48178243342822,51.83713201934828,42.71300518778631,47.7489710084678,49.55258451057959,50.16792653876926,48.66627703713217,0
328,11.522400435332747,0.6248851555322221,4.725029531434571,4.743191483885466,0.09641545030284977,1.866887699097202,50.48138567464767,45.44077206575102,50.48178243342822,51.83713201934828,42.71300518778631,47.7489710084678,49.55258451057959,50.16792653876926,48.66627703713217,0
329,11.341064207983068,0.6335796831500731,1.9027018366079833,4.938781190328272,0.059890508541652926,1.7480172277955774,50.48138567464767,45.44077206575102,50.48178243342822,51.83713201934828,42.71300518778631,47.7489710084678,49.55258451057959,50.16792653876926,48.66627703713217,0
330,11.991321900876622,0.7050333544299193,-3.8483082720441137,4.997887721273753,0.16905479519739117,1.672829703569268,48.49592540148978,70.78386473926831,51.37199148629855,56.393884577584544,29.374044651146527,27.36502290218016,67.20053465315104,52.12796855670822,50.38915462097839,1
331,11.707278518821175,0.6619365609348915,-5.60457906033866,4.741447804280639,0.14345798118322436,2.030532849195986,50.48138567464767,45.44077206575102,50.48178243342822,51.83713201934828,42.71300518778631,47.7489710084678,49.55258451057959,50.16792653876926,48.66627703713217,0
332,12.173411014490265,0.6762495054727681,-1.6484241065541343,4.852030263919617,0.16834609700389627,1.9031441376714906,50.48138567464767,45.44077206575102,50.48178243342822,51.83713201934828,42.71300518778631,47.7489710084678,49.55258451057959,50.16792653876926,48.66627703713217,0
333,11.82385129605215,0.6659307065217391,-3.081327639751553,4.984975547315678,0.14425681057830173,1.8975268704998434,50.48138567464767,45.44077206575102,50.48178243342822,51.83713201934828,42.71300518778631,47.7489710084678,49.55258451057959,50.16792653876926,48.66627703713217,0
334,12.001920117741081,0.6239541547277937,-5.616045845272207,4.953712146696635,0.08563232130050204,1.863529161797514,50.48138567464767,45.44077206575102,50.48178243342822,51.83713201934828,42.71300518778631,47.7489710084678,49.55258451057959,50.16792653876926,48.66627703713217,0
335,11.464626630078795,0.6331475287997027,-3.5674470457079153,4.787491742782046,0.12190995907230559,1.8986965668307705,50.48138567464767,45.44077206575102,50.48178243342822,51.83713201934828,42.71300518778631,47.7489710084678,49.55258451057959,50.16792653876926,48.66627703713217,0
336,11.333791622013544,0.6247868999551368,-6.303275011215792,5.01396308418893,0.13156017527769287,1.8526252080496293,50.48138567464767,45.44077206575102,50.48178243342822,51.83713201934828,42.71300518778631,47.7489710084678,49.55258451057959,50.16792653876926,48.66627703713217,0
337,11.374530837394001,0.618245655796239,-5.802189954772674,4.916324614625014,0.08487507152393668,1.531567815026222,50.48138567464767,45.44077206575102,50.48178243342822,51.83713201934828,42.71300518778631,47.7489710084678,49.55258451057959,50.16792653876926,48.66627703713217,0
338,11.77670027261532,0.6503802194799873,-6.875825326715542,4.900820428089049,0.1789545377149668,1.943711349185611,50.48138567464767,45.44077206575102,50.48178243342822,51.83713201934828,42.71300518778631,47.7489710084678,49.55258451057959,50.16792653876926,48.66627703713217,0
339,11.323026874823322,0.644246627956892,-6.371297530557375,4.93014804318357,0.0813474147069216,1.5724470357328408,50.48138567464767,45.44077206575102,50.48178243342822,51.83713201934828,42.71300518778631,47.7489710084678,49.55258451057959,50.16792653876926,48.66627703713217,0
340,11.82832727097215,0.6729416632188664,14.480761274306992,4.902307417210627,0.13865916859631713,2.134512491709043,50.48138567464767,45.44077206575102,50.48178243342822,51.83713201934828,42.71300518778631,47.7489710084678,49.55258451057959,50.16792653876926,48.66627703713217,0
341,11.74811062423904,0.6748189744347569,-7.610462538791192,4.789157022101107,0.14031480744572666,2.077628438638362,50.48138567464767,45.44077206575102,50.48178243342822,51.83713201934828,42.71300518778631,47.7489710084678,49.55258451057959,50.16792653876926,48.66627703713217,0
342,11.383686560707252,0.6622167931826775,-2.1522263909490156,4.938781190328272,0.04331334089803858,1.4682015740631975,50.48138567464767,45.44077206575102,50.48178243342822,51.83713201934828,42.71300518778631,47.7489710084678,49.55258451057959,50.16792653876926,48.66627703713217,0
343,11.303009048137111,0.6229377085142361,-6.443946803162562,4.925077405734609,0.07446501909359464,1.6609940207245475,50.48138567464767,45.44077206575102,50.48178243342822,51.83713201934828,42.71300518778631,47.7489710084678,49.55258451057959,50.16792653876926,48.66627703713217,0
344,11.377874060570042,0.6377326565143824,-2.5380710659898473,4.812997033190408,-0.04782831612099905,1.6029097468677085,50.48138567464767,45.44077206575102,50.48178243342822,51.83713201934828,42.71300518778631,47.7489710084678,49.55258451057959,50.16792653876926,48.66627703713217,0
345,10.872945521869227,0.6857573060065236,-0.8304024220609166,5.678122727875623,0.16504784774739256,1.7656093126746806,50.49470797587123,35.45894413928175,59.07697150190269,58.811846420497126,46.98971412563554,58.33167166590118,41.3007949189424,60.739739915654354,51.40054883296079,1
346,10.543581997061592,0.6377626941652526,-1.501109515729017,5.678122727875623,0.1578122117690463,1.781853555005306,50.48138567464767,45.44077206575102,50.48178243342822,51.83713201934828,42.71300518778631,47.7489710084678,49.55258451057959,50.16792653876926,48.66627703713217,0
347,10.671876704886236,0.6385320807770961,0.09585889570552147,5.693395381769714,0.1562305071733602,1.7398833460131145,50.48138567464767,45.44077206575102,50.48178243342822,51.83713201934828,42.71300518778631,47.7489710084678,49.55258451057959,50.16792653876926,48.66627703713217,0
348,10.5094142433348,0.628698464025869,1.266504985179197,5.685957889743649,0.17819109780635028,1.9503784368242199,50.48138567464767,45.44077206575102,50.48178243342822,51.83713201934828,42.71300518778631,47.7489710084678,49.55258451057959,50.16792653876926,48.66627703713217,0
349,10.576906403039786,0.6614357690703122,-0.35300535926318155,5.685957889743649,0.1944160708205652,1.7726090842609896,50.48138567464767,45.44077206575102,50.48178243342822,51.83713201934828,42.71300518778631,47.7489710084678,49.55258451057959,50.16792653876926,48.66627703713217,0
350,10.58403063411305,0.6754634443687475,-1.2191186489296855,5.698769932832657,0.15119284731210325,1.0,50.48138567464767,45.44077206575102,50.48178243342822,51.83713201934828,42.71300518778631,47.7489710084678,49.55258451057959,50.16792653876926,48.66627703713217,0
351,10.890380260593606,0.6229629674621444,-5.405766555919314,5.696422120249909,0.17854301122800814,1.8157357279476125,50.48138567464767,45.44077206575102,50.48178243342822,51.83713201934828,42.71300518778631,47.7489710084678,49.55258451057959,50.16792653876926,48.66627703713217,0
352,10.672022778463525,0.62367187570286,0.28789146491772605,5.698099691520703,0.17967764540995096,1.6821137934556845,50.48138567464767,45.44077206575102,50.48178243342822,51.83713201934828,42.71300518778631,47.7489710084678,49.55258451057959,50.16792653876926,48.66627703713217,0
353,10.782379590371606,0.67839906352458,-4.2607647551920325,5.694741730004052,0.08897436969519588,1.504660416439551,50.48138567464767,45.44077206575102,50.48178243342822,51.83713201934828,42.71300518778631,47.7489710084678,49.55258451057959,50.16792653876926,48.66627703713217,0
354,11.458191521490086,0.651379700443058,1.017358899839706,5.846438775057724,0.16715921684521612,1.6418701659859216,57.955407923699234,62.64293330086795,65.1422831765593,69.57121413160904,54.59753328990971,61.5543566866312,60.772469580334885,70.73048106718342,62.87083489459934,1
355,11.382318933622779,0.6569556191767426,-1.1264680548153299,5.909169304381152,0.1988310270765114,1.6903016286965507,50.48138567464767,45.44077206575102,50.48178243342822,51.83713201934828,42.71300518778631,47.7489710084678,49.55258451057959,50.16792653876926,48.66627703713217,0
356,11.100884281799432,0.6467225333970156,-1.2591724197820329,5.815919974593051,0.13669637173774665,1.464138304350768,50.48138567464767,45.44077206575102,50.48178243342822,51.83713201934828,42.71300518778631,47.7489710084678,49.55258451057959,50.16792653876926,48.66627703713217,0
357,11.213388061637728,0.6407650197008264,-1.7260016039610864,5.828357209237832,0.11940857196331649,1.3556986100950987,50.48138567464767,45.44077206575102,50.48178243342822,51.83713201934828,42.71300518778631,47.7489710084678,49.55258451057959,50.16792653876926,48.66627703713217,0
358,10.950552128490177,0.675094024237359,-1.8994795426053261,5.838021949864404,0.1641012909632572,1.4619115776081424,50.48138567464767,45.44077206575102,50.48178243342822,51.83713201934828,42.71300518778631,47.7489710084678,49.55258451057959,50.16792653876926,48.66627703713217,0
359,11.049872027092093,0.650744586068331,-4.472971252977435,5.797576353942562,0.1141431748512352,1.3346283346283345,50.48138567464767,45.44077206575102,50.48178243342822,51.83713201934828,42.71300518778631,47.7489710084678,49.55258451057959,50.16792653876926,48.66627703713217,0
360,11.271560660328662,0.6570647219690063,0.2025726729464195,5.8673175543650995,0.13834549878345498,1.4856985192679113,50.48138567464767,45.44077206575102,50.48178243342822,51.83713201934828,42.71300518778631,47.7489710084678,49.55258451057959,50.16792653876926,48.66627703713217,0
361,10.954013679167142,0.6681821939323799,-1.4879722245184757,5.8524897948173935,0.10456068609075936,1.4003653033450325,50.48138567464767,45.44077206575102,50.48178243342822,51.83713201934828,42.71300518778631,47.7489710084678,49.55258451057959,50.16792653876926,48.66627703713217,0
362,11.484423104497516,0.6553447327986016,-1.4002640766480121,5.832761855912661,0.1638271385381469,1.5838958768393958,53.690000686673855,59.75947409898156,53.42953121543636,63.394070414552246,69.76252903047613,65.10780031938869,55.909714500441545,62.53590364139624,60.44862798841833,1
363,10.912114956810955,0.6435588062570071,1.7884789920452726,5.8771754007058545,0.10327277412704548,1.4807464091336908,50.48138567464767,45.44077206575102,50.48178243342822,51.83713201934828,42.71300518778631,47.7489710084678,49.55258451057959,50.16792653876926,48.66627703713217,0
364,10.879408529645215,0.6622188830453293,-3.586275982970198,5.856503561673865,0.15847120539574566,1.5258791571837604,50.48138567464767,45.44077206575102,50.48178243342822,51.83713201934828,42.71300518778631,47.7489710084678,49.55258451057959,50.16792653876926,48.66627703713217,0
365,10.889470378051104,0.6513243418914527,-3.859278518037049,5.8585044198517515,0.14029528753455134,1.4871896635357411,50.48138567464767,45.44077206575102,50.48178243342822,51.83713201934828,42.71300518778631,47.7489710084678,49.55258451057959,50.16792653876926,48.66627703713217,0
366,11.187679971963481,0.6438799076212471,-4.449576597382602,5.830708768228588,0.08528294341131773,1.275141776937618,50.48138567464767,45.44077206575102,50.48178243342822,51.83713201934828,42.71300518778631,47.7489710084678,49.55258451057959,50.16792653876926,48.66627703713217,0
367,10.952874582394859,0.6551650659807309,-0.31962983820642,5.841513370344478,0.12266148958701023,1.4333110665775997,50.48138567464767,45.44077206575102,50.48178243342822,51.83713201934828,42.71300518778631,47.7489710084678,49.55258451057959,50.16792653876926,48.66627703713217,0
368,11.18822388160762,0.6710824087873268,-1.7010642942088545,5.833347679010845,0.15538993051511976,1.6142849465255011,50.48138567464767,45.44077206575102,50.48178243342822,51.83713201934828,42.71300518778631,47.7489710084678,49.55258451057959,50.16792653876926,48.66627703713217,0
369,10.915037553827787,0.6367230704687321,-1.2585972361713218,5.878575765029364,0.15557027713370875,1.498690919112581,50.48138567464767,45.44077206575102,50.48178243342822,51.83713201934828,42.71300518778631,47.7489710084678,49.55258451057959,50.16792653876926,48.66627703713217,0
370,12.113193907374404,0.6643991575112427,7.65640120680822,5.881370624310908,0.07264472190692395,1.2632988310417632,50.48138567464767,45.44077206575102,50.48178243342822,51.83713201934828,42.71300518778631,47.7489710084678,49.55258451057959,50.16792653876926,48.66627703713217,0
371,11.211731179019525,0.6442949634238627,19.162532582191204,5.898252165385803,0.2578507385108503,1.7002451333813986,50.48138567464767,45.44077206575102,50.48178243342822,51.83713201934828,42.71300518778631,47.7489710084678,49.55258451057959,50.16792653876926,48.66627703713217,0
372,10.81672964201893,0.6789258034259762,-3.825837981932172,5.875211590283732,0.12771971340301058,1.420018558115141,50.48138567464767,45.44077206575102,50.48178243342822,51.83713201934828,42.71300518778631,47.7489710084678,49.55258451057959,50.16792653876926,48.66627703713217,0
373,11.744713941010215,0.6715749862683916,-0.1285512276642242,5.844413604395947,0.22478561129240343,1.748887074256513,55.054774189979,67.06482574337961,53.64491095009483,60.820313459926005,39.58271703429371,32.99508517447977,53.893088510256526,48.8356194735324,51.48641681699273,1
374,11.147936051427411,0.6629407116129831,-2.380294966152206,5.84035091743822,0.18619510439164866,1.5861431595265778,50.48138567464767,45.44077206575102,50.48178243342822,51.83713201934828,42.71300518778631,47.7489710084678,49.55258451057959,50.16792653876926,48.66627703713217,0
375,11.08561497456184,0.6620079644662276,2.388750780541254,5.890538628518022,0.18928768636112644,1.703725667139358,48.775249933981335,51.25832340568951,53.37847492415072,46.34645009070168,55.25478566826439,47.22625877092555,36.6545240973033,46.22222488883247,48.13953647248112,1
376,10.990477563426447,0.6575763625474147,-3.473747254941106,5.884435974349459,0.09290784597022426,1.3992962873089057,50.48138567464767,45.44077206575102,50.48178243342822,51.83713201934828,42.71300518778631,47.7489710084678,49.55258451057959,50.16792653876926,48.66627703713217,0
377,10.94383846638522,0.6437003724263931,-1.0189023961773593,5.8524897948173935,0.13348345203183912,1.416611603013083,50.48138567464767,45.44077206575102,50.48178243342822,51.83713201934828,42.71300518778631,47.7489710084678,49.55258451057959,50.16792653876926,48.66627703713217,0
378,10.925767602330524,0.6527728993482418,-0.17562346329469616,5.82923969201315,0.10530679933665009,1.343830048840466,50.48138567464767,45.44077206575102,50.48178243342822,51.83713201934828,42.71300518778631,47.7489710084678,49.55258451057959,50.16792653876926,48.66627703713217,0
379,11.548107263446802,0.6585942625610116,32.861581941270195,5.871272361779576,0.2123094099996511,1.8082535339717283,50.48138567464767,45.44077206575102,50.48178243342822,51.83713201934828,42.71300518778631,47.7489710084678,49.55258451057959,50.16792653876926,48.66627703713217,0
380,11.217516281812228,0.6570415367775552,-1.702694225562177,5.830708768228588,0.175215723873442,1.5488942179589662,50.48138567464767,45.44077206575102,50.48178243342822,51.83713201934828,42.71300518778631,47.7489710084678,49.55258451057959,50.16792653876926,48.66627703713217,0
381,11.083638352682186,0.6484878159014726,-0.12554454948338417,5.836855428880563,0.14160868355134984,1.4174987948488396,50.48138567464767,45.44077206575102,50.48178243342822,51.83713201934828,42.71300518778631,47.7489710084678,49.55258451057959,50.16792653876926,48.66627703713217,0
382,11.36249552127805,0.6667105198243681,-2.5325198572579715,5.84035091743822,0.10554894022386282,1.3576193390452875,50.48138567464767,45.44077206575102,50.48178243342822,51.83713201934828,42.71300518778631,47.7489710084678,49.55258451057959,50.16792653876926,48.66627703713217,0
383,10.951527339614712,0.6527100551612478,-2.7109964794698493,5.819489282368171,0.1042822165592365,1.3705195328231978,50.48138567464767,45.44077206575102,50.48178243342822,51.83713201934828,42.71300518778631,47.7489710084678,49.55258451057959,50.16792653876926,48.66627703713217,0
384,10.974046671595472,0.6323294243070362,0.13326226012793177,5.8206762261277,0.10508454033088904,1.3675191435580998,50.48138567464767,45.44077206575102,50.48178243342822,51.83713201934828,42.71300518778631,47.7489710084678,49.55258451057959,50.16792653876926,48.66627703713217,0
385,11.497492994612596,0.6581115043896023,-0.5781735857783752,5.82982758150686,0.16752039461202808,1.5952140208965284,50.54422768450941,52.84234124326687,49.29070808866611,57.98001608030397,52.08087297819739,61.48776798628243,53.612874259662256,59.16798175690468,54.625848759724136,1
386,11.446784594089044,0.674601923380104,-4.847863786851647,5.844413604395947,0.14094882084547303,1.4910897759811352,50.48138567464767,45.44077206575102,50.48178243342822,51.83713201934828,42.71300518778631,47.7489710084678,49.55258451057959,50.16792653876926,48.66627703713217,0
387,11.152150699666024,0.6612906333699443,-2.3989826001502976,5.84035091743822,0.16916687026630833,1.5191689802539228,50.48138567464767,45.44077206575102,50.48178243342822,51.83713201934828,42.71300518778631,47.7489710084678,49.55258451057959,50.16792653876926,48.66627703713217,0
388,11.093406563309992,0.6857427883883153,8.490968351152944,5.875211590283732,0.11473043613950222,1.4073605371900826,50.48138567464767,45.44077206575102,50.48178243342822,51.83713201934828,42.71300518778631,47.7489710084678,49.55258451057959,50.16792653876926,48.66627703713217,0
389,10.79238653241831,0.6572232645403377,0.6670835939128622,5.859931157146132,0.1338806246527992,1.5350384446834788,50.48138567464767,45.44077206575102,50.48178243342822,51.83713201934828,42.71300518778631,47.7489710084678,49.55258451057959,50.16792653876926,48.66627703713217,0
390,11.031754108144547,0.6341218661577943,-0.4112653813252616,5.844413604395947,0.12060387716589467,1.4187112239142696,50.48138567464767,45.44077206575102,50.48178243342822,51.83713201934828,42.71300518778631,47.7489710084678,49.55258451057959,50.16792653876926,48.66627703713217,0
391,11.095398909169056,0.651376553517859,-2.2462279625825707,5.833347679010845,0.08507428040854224,1.3708578058153869,50.48138567464767,45.44077206575102,50.48178243342822,51.83713201934828,42.71300518778631,47.7489710084678,49.55258451057959,50.16792653876926,48.66627703713217,0
392,10.92787186184994,0.6562681169422743,-1.2146978439113272,5.833933159121246,0.18145310435931308,1.574537037037037,50.48138567464767,45.44077206575102,50.48178243342822,51.83713201934828,42.71300518778631,47.7489710084678,49.55258451057959,50.16792653876926,48.66627703713217,0
393,10.855350040517688,0.6571844270519768,-1.4047762392133254,5.861355861760962,0.1407649411367093,1.4929457336792353,50.48138567464767,45.44077206575102,50.48178243342822,51.83713201934828,42.71300518778631,47.7489710084678,49.55258451057959,50.16792653876926,48.66627703713217,0
394,11.2591732104613,0.6476088672214507,23.1370942766661,6.505784060128229,0.15119284731210325,1.1184146930884484,50.48138567464767,45.44077206575102,50.48178243342822,51.83713201934828,42.71300518778631,47.7489710084678,49.55258451057959,50.16792653876926,48.66627703713217,0
395,10.92662888933347,0.6667775682969206,-1.4417211933015417,5.857361562584502,0.07947744385095566,1.4047608962683722,50.48138567464767,45.44077206575102,50.48178243342822,51.83713201934828,42.71300518778631,47.7489710084678,49.55258451057959,50.16792653876926,48.66627703713217,0
396,11.097031161371525,0.6754373726945506,1.4788359050196713,5.838895948463375,0.1035326411266261,1.3293395885961747,50.48138567464767,45.44077206575102,50.48178243342822,51.83713201934828,42.71300518778631,47.7489710084678,49.55258451057959,50.16792653876926,48.66627703713217,0
397,11.069936044007807,0.6449171901770417,-1.0266242419297815,5.8524897948173935,0.18429189857761286,1.6366090554300303,50.48138567464767,45.44077206575102,50.48178243342822,51.83713201934828,42.71300518778631,47.7489710084678,49.55258451057959,50.16792653876926,48.66627703713217,0
398,11.000196364073886,0.63075783883158,-2.6810336022878154,5.825705078613005,0.05448413952998209,1.3116023607273224,50.48138567464767,45.44077206575102,50.48178243342822,51.83713201934828,42.71300518778631,47.7489710084678,49.55258451057959,50.16792653876926,48.66627703713217,0
399,11.28492011423911,0.09764537610925701,4.198643515172021,5.228967288413243,0.15119284731210325,1.6121311643414482,37.382957360647936,42.08558525358541,53.16332051689193,44.216288878782365,33.85775652816961,43.160113904784886,33.843171822548314,25.90168219014032,39.20135955694384,1
400,10.886013490363775,0.10745595725139852,-27.21883610252985,5.221436322212079,0.15119284731210325,1.6121311643414482,50.48138567464767,45.44077206575102,50.48178243342822,51.83713201934828,42.71300518778631,47.7489710084678,49.55258451057959,50.16792653876926,48.66627703713217,0
401,10.749870708994932,0.6137566137566137,-9.295009295009296,5.212214667494625,0.14060913705583755,1.7173904294281,50.48138567464767,45.44077206575102,50.48178243342822,51.83713201934828,42.71300518778631,47.7489710084678,49.55258451057959,50.16792653876926,48.66627703713217,0
402,10.78962212378574,0.608371974305526,-13.05993959246182,5.221436322212079,0.16602359783034165,1.6910030371159233,50.48138567464767,45.44077206575102,50.48178243342822,51.83713201934828,42.71300518778631,47.7489710084678,49.55258451057959,50.16792653876926,48.66627703713217,0
403,10.849964074519868,0.58355423742159,-12.991784992519882,5.207297968160868,0.11342567346493619,1.6946403956863698,50.48138567464767,45.44077206575102,50.48178243342822,51.83713201934828,42.71300518778631,47.7489710084678,49.55258451057959,50.16792653876926,48.66627703713217,0
404,11.000531946032076,0.5902633546564758,-7.310791725513002,5.214935757608986,0.22388917929952953,2.0123231223759914,50.48138567464767,45.44077206575102,50.48178243342822,51.83713201934828,42.71300518778631,47.7489710084678,49.55258451057959,50.16792653876926,48.66627703713217,0
405,11.028163870695991,0.6337757765776716,1.0911451499288682,5.2390980068880655,0.23259823576583802,1.9457790403260669,50.48138567464767,45.44077206575102,50.48178243342822,51.83713201934828,42.71300518778631,47.7489710084678,49.55258451057959,50.16792653876926,48.66627703713217,0
406,10.93732662586147,0.6282580006598483,-7.175849554602442,5.168777995193051,0.15119284731210325,1.0,50.48138567464767,45.44077206575102,50.48178243342822,51.83713201934828,42.71300518778631,47.7489710084678,49.55258451057959,50.16792653876926,48.66627703713217,0
407,10.89291535682192,0.6072509631260319,-5.022014309301046,5.19295685089021,0.15119284731210325,1.6121311643414482,50.48138567464767,45.44077206575102,50.48178243342822,51.83713201934828,42.71300518778631,47.7489710084678,49.55258451057959,50.16792653876926,48.66627703713217,0
408,11.04910746521157,0.6305775221663072,-7.907979870596693,5.245443876940969,0.2054070535623539,2.0174395981463795,50.48138567464767,45.44077206575102,50.48178243342822,51.83713201934828,42.71300518778631,47.7489710084678,49.55258451057959,50.16792653876926,48.66627703713217,0
409,10.752051753632516,0.6174401382374722,-10.120957788200444,5.203457085524077,0.20340816878550175,1.8204251640535973,50.48138567464767,45.44077206575102,50.48178243342822,51.83713201934828,42.71300518778631,47.7489710084678,49.55258451057959,50.16792653876926,48.66627703713217,0
410,10.928557350161572,0.613642357905842,-6.824475801134116,5.217649463480582,0.24348701982509957,1.9384338728134707,50.48138567464767,45.44077206575102,50.48178243342822,51.83713201934828,42.71300518778631,47.7489710084678,49.55258451057959,50.16792653876926,48.66627703713217,0
411,11.464075499012704,0.64376130198915,-5.1666236114699045,5.777497404613124,0.15119284731210325,1.6121311643414482,50.48138567464767,45.44077206575102,50.48178243342822,51.83713201934828,42.71300518778631,47.7489710084678,49.55258451057959,50.16792653876926,48.66627703713217,0
412,10.755497863295368,0.5950129460767759,-7.486209613869189,5.199601393608879,0.15119284731210325,1.6121311643414482,50.48138567464767,45.44077206575102,50.48178243342822,51.83713201934828,42.71300518778631,47.7489710084678,49.55258451057959,50.16792653876926,48.66627703713217,0
413,11.479391431958184,0.6274392523364486,-4.261682242990654,5.186267862739414,0.17545934863181137,2.1695773938764593,50.48138567464767,45.44077206575102,50.48178243342822,51.83713201934828,42.71300518778631,47.7489710084678,49.55258451057959,50.16792653876926,48.66627703713217,0
414,10.860422983214582,0.6150083601607147,-8.185470789348907,5.21112415484566,0.1613061625337589,1.8141963957337257,50.48138567464767,45.44077206575102,50.48178243342822,51.83713201934828,42.71300518778631,47.7489710084678,49.55258451057959,50.16792653876926,48.66627703713217,0
415,10.8126610166414,0.609116713975622,-9.767907831023543,5.19794439240125,0.15119284731210325,1.0629150282544726,50.48138567464767,45.44077206575102,50.48178243342822,51.83713201934828,42.71300518778631,47.7489710084678,49.55258451057959,50.16792653876926,48.66627703713217,0
416,10.858087043398204,0.5961210850478312,-10.221465076660987,5.212214667494625,0.3197829094391827,2.0685540383614303,50.48138567464767,45.44077206575102,50.48178243342822,51.83713201934828,42.71300518778631,47.7489710084678,49.55258451057959,50.16792653876926,48.66627703713217,0
417,10.839684827875619,0.6801035720590831,-6.532101453539693,5.189060380611087,0.15119284731210325,1.5561963388951887,50.48138567464767,45.44077206575102,50.48178243342822,51.83713201934828,42.71300518778631,47.7489710084678,49.55258451057959,50.16792653876926,48.66627703713217,0
418,11.282913379186404,0.6607405231864331,-0.024205905111238237,5.783825182329737,0.18821603927986907,1.7192812515135372,45.2125284606775,43.72993932000516,59.52012721387094,57.582968860375495,57.45078794898551,31.69836791760075,47.81834246478433,47.04115706781504,48.756777406764336,1
419,11.240019026544985,0.6417483638930264,-0.897847760310977,5.827179352800126,0.17590218158843424,1.6206680845740022,59.56450323121855,41.887873168347056,52.85730630002803,32.83762277711929,33.72946113068129,44.37549955459226,48.35053879585544,36.42745509059801,43.75378250605499,1
420,11.08121442599726,0.6441752571355848,-2.782502053613782,5.778580684731388,0.18851611301865717,1.7126722708297593,51.50332754661609,35.89328515111678,51.494453257371084,62.26407373434935,42.362345069076966,54.83057620939428,54.943546190643325,43.435488019986586,49.59088689731931,1
421,10.897407620705966,0.6381528626063131,-4.029910383012729,5.847016642742108,0.20971123606213665,1.758519675812909,50.48138567464767,45.44077206575102,50.48178243342822,51.83713201934828,42.71300518778631,47.7489710084678,49.55258451057959,50.16792653876926,48.66627703713217,0
422,11.198453047892594,0.6730197771866757,-1.841938320107734,5.793013608384144,0.20981355021867568,1.7591256950944227,44.72587052736605,41.592480826643154,45.99381132633825,59.1574006492076,43.47170761155863,59.11185061005028,60.91242417795844,34.49709315682808,48.68282986074381,1
423,10.744515799909736,0.6406744203421911,-4.109281996363908,5.823045895483019,0.19230093162242926,1.5720962500456421,50.48138567464767,45.44077206575102,50.48178243342822,51.83713201934828,42.71300518778631,47.7489710084678,49.55258451057959,50.16792653876926,48.66627703713217,0
424,10.800605658621473,0.6123930755445526,-4.895892992406747,5.757954953544594,0.13111976960867355,1.4722272480550027,50.48138567464767,45.44077206575102,50.48178243342822,51.83713201934828,42.71300518778631,47.7489710084678,49.55258451057959,50.16792653876926,48.66627703713217,0
425,10.966769683349623,0.610435663627153,1.5921262121870026,5.789654313730165,0.15684320922915573,1.5425252155387636,50.48138567464767,45.44077206575102,50.48178243342822,51.83713201934828,42.71300518778631,47.7489710084678,49.55258451057959,50.16792653876926,48.66627703713217,0
426,11.18970463929044,0.6276867963152508,3.5823950870010237,5.942536873484558,0.21161908564583748,1.3291782086795938,50.48138567464767,45.44077206575102,50.48178243342822,51.83713201934828,42.71300518778631,47.7489710084678,49.55258451057959,50.16792653876926,48.66627703713217,0
427,10.872446632977367,0.6279691986426521,-1.1419994779430958,5.903998521326706,0.15119284731210325,1.6121311643414482,50.48138567464767,45.44077206575102,50.48178243342822,51.83713201934828,42.71300518778631,47.7489710084678,49.55258451057959,50.16792653876926,48.66627703713217,0
428,10.777788942138022,0.6334353172083358,-1.096807712290019,5.821565510312585,0.1870896551724138,1.5635936906775274,50.48138567464767,45.44077206575102,50.48178243342822,51.83713201934828,42.71300518778631,47.7489710084678,49.55258451057959,50.16792653876926,48.66627703713217,0
429,10.85846616332492,0.6123074067198812,-1.670688695006497,5.770506106699109,0.14108638166593213,1.5863575505602143,50.48138567464767,45.44077206575102,50.48178243342822,51.83713201934828,42.71300518778631,47.7489710084678,49.55258451057959,50.16792653876926,48.66627703713217,0
430,11.008394985141916,0.6537632200431256,7.761395964074098,5.812935788552724,0.22828106217899682,1.8387199914737151,50.48138567464767,45.44077206575102,50.48178243342822,51.83713201934828,42.71300518778631,47.7489710084678,49.55258451057959,50.16792653876926,48.66627703713217,0
431,10.977747379089466,0.6180756234423498,-2.293472776478143,5.780743515792329,0.1353782404366062,1.5033611535089144,50.48138567464767,45.44077206575102,50.48178243342822,51.83713201934828,42.71300518778631,47.7489710084678,49.55258451057959,50.16792653876926,48.66627703713217,0
432,10.907516230717821,0.620045282056188,-1.6263273701329763,5.788736180536365,0.14283617146212566,1.5372691903909097,50.48138567464767,45.44077206575102,50.48178243342822,51.83713201934828,42.71300518778631,47.7489710084678,49.55258451057959,50.16792653876926,48.66627703713217,0
433,11.009353469915546,0.6331020227373394,-2.5591810620601407,5.763936397475948,0.09532323853159748,1.341504937010555,50.48138567464767,45.44077206575102,50.48178243342822,51.83713201934828,42.71300518778631,47.7489710084678,49.55258451057959,50.16792653876926,48.66627703713217,0
434,10.799759233696244,0.6121566987313537,-2.7882336539802037,5.7535245665510155,0.14215906537856662,1.490453080165787,50.48138567464767,45.44077206575102,50.48178243342822,51.83713201934828,42.71300518778631,47.7489710084678,49.55258451057959,50.16792653876926,48.66627703713217,0
435,10.805865955196886,0.6344931748881479,0.028497335499130833,5.815919974593051,0.1621072377677036,1.5760136286201023,50.48138567464767,45.44077206575102,50.48178243342822,51.83713201934828,42.71300518778631,47.7489710084678,49.55258451057959,50.16792653876926,48.66627703713217,0
436,10.789281962834794,0.6068435754189944,-3.666201117318436,5.793927824507547,0.12829201593246536,1.4848038854956214,50.48138567464767,45.44077206575102,50.48178243342822,51.83713201934828,42.71300518778631,47.7489710084678,49.55258451057959,50.16792653876926,48.66627703713217,0
437,10.78746581430302,0.6188263409453001,-1.5932023366967605,5.7720639820726065,0.17049774814294905,1.5190902875238403,50.48138567464767,45.44077206575102,50.48178243342822,51.83713201934828,42.71300518778631,47.7489710084678,49.55258451057959,50.16792653876926,48.66627703713217,0
438,10.848657243960659,0.6250522121903416,-2.666838029752916,5.81740873473106,0.1753916030978862,1.5749681180542905,50.48138567464767,45.44077206575102,50.48178243342822,51.83713201934828,42.71300518778631,47.7489710084678,49.55258451057959,50.16792653876926,48.66627703713217,0
439,10.903799528738995,0.6443489192586885,-3.061762439677197,5.8771754007058545,0.15119284731210325,1.10916010399789,50.48138567464767,45.44077206575102,50.48178243342822,51.83713201934828,42.71300518778631,47.7489710084678,49.55258451057959,50.16792653876926,48.66627703713217,0
440,11.010793607332968,0.6255131713992473,-2.886589120766336,5.796665468802915,0.2154372736742894,1.7196943972835315,50.48138567464767,45.44077206575102,50.48178243342822,51.83713201934828,42.71300518778631,47.7489710084678,49.55258451057959,50.16792653876926,48.66627703713217,0
441,10.790345354246517,0.6319822642055039,-3.951997686635501,5.788123623089952,0.1578206239168111,1.587359027509398,50.48138567464767,45.44077206575102,50.48178243342822,51.83713201934828,42.71300518778631,47.7489710084678,49.55258451057959,50.16792653876926,48.66627703713217,0
442,10.861708784311366,0.6051340502502601,-7.929035135536944,5.796665468802915,0.1175228340636714,1.5395922895576204,50.48138567464767,45.44077206575102,50.48178243342822,51.83713201934828,42.71300518778631,47.7489710084678,49.55258451057959,50.16792653876926,48.66627703713217,0
443,11.065645682297967,0.6201181514164911,-4.97944872493702,5.793927824507547,0.2072889512733106,1.7670609645131938,50.48138567464767,45.44077206575102,50.48178243342822,51.83713201934828,42.71300518778631,47.7489710084678,49.55258451057959,50.16792653876926,48.66627703713217,0
444,10.826591024903443,0.6506542154690302,-2.2422707607892796,5.7720639820726065,0.12235792761139926,1.4726308174584037,50.48138567464767,45.44077206575102,50.48178243342822,51.83713201934828,42.71300518778631,47.7489710084678,49.55258451057959,50.16792653876926,48.66627703713217,0
445,10.659881795659901,0.6407300672430355,-3.2249210923562512,5.752572638825633,0.16928966397277753,1.5306232229309151,50.48138567464767,45.44077206575102,50.48178243342822,51.83713201934828,42.71300518778631,47.7489710084678,49.55258451057959,50.16792653876926,48.66627703713217,0
446,11.03819387651905,0.6227757086695634,-0.8535071384233395,5.787204082795274,0.15560962422276292,1.5641967748520107,50.48138567464767,45.44077206575102,50.48178243342822,51.83713201934828,42.71300518778631,47.7489710084678,49.55258451057959,50.16792653876926,48.66627703713217,0
447,10.835643759519826,0.6115403732321179,-1.7622339704486918,5.745244264463795,0.11219160813974428,1.4267795073296055,50.48138567464767,45.44077206575102,50.48178243342822,51.83713201934828,42.71300518778631,47.7489710084678,49.55258451057959,50.16792653876926,48.66627703713217,0
448,11.27749422831686,0.6607212139500798,2.01534681208777,5.318610069815799,0.1503412145860619,1.672027697294112,62.331609012895214,39.55970211665517,60.3702535794962,56.34864906837104,45.98812116528352,70.89088910546924,47.25312782869381,56.4258061889896,54.89601975823173,1
449,11.01033913811626,0.6062372486155639,1.8736728150893116,5.2663105704129505,0.14555630365258374,1.6438558180425966,50.48138567464767,45.44077206575102,50.48178243342822,51.83713201934828,42.71300518778631,47.7489710084678,49.55258451057959,50.16792653876926,48.66627703713217,0
450,11.41960550336714,0.6033993065199666,1.4604295275555277,5.292802185859927,0.10844937041843498,1.4663542556384035,47.89816607826517,46.29379097096757,47.422829875021066,53.34998922154341,37.73802740114458,53.3359135200629,54.273041960452495,37.01928491592795,47.16638049292314,1
451,11.222998207308686,0.6231823847112589,3.185154410746434,5.293807211070151,0.20481372959397237,1.655241142377593,46.807325174486905,53.21516158757934,63.80744639863732,51.72939892012691,30.29532009057865,42.184686499131445,36.807355039683365,34.39309605306143,44.904973720410666,1
452,11.182914707955039,0.6481520699768327,2.4194117684809044,5.329816033607408,0.1506458395914689,1.6861760840998685,46.02402014924501,31.742871743319967,47.14250086019334,53.08904188212229,22.68176196903328,40.75706495473051,34.192009525896914,42.17854342151168,39.72597681325662,1
453,11.250379483993292,0.6324228891889085,5.441894277702773,5.320567975482857,0.10962046133206388,1.57946370176586,50.48138567464767,45.44077206575102,50.48178243342822,51.83713201934828,42.71300518778631,47.7489710084678,49.55258451057959,50.16792653876926,48.66627703713217,0
454,10.928444330776832,0.6486299581865895,-6.663987242483567,5.290285194850773,0.15119284731210325,1.6121311643414482,50.48138567464767,45.44077206575102,50.48178243342822,51.83713201934828,42.71300518778631,47.7489710084678,49.55258451057959,50.16792653876926,48.66627703713217,0
455,11.04597955612904,0.6271882866981104,-8.97016696084956,5.290285194850773,0.14989741161616163,1.6697961928408855,50.48138567464767,45.44077206575102,50.48178243342822,51.83713201934828,42.71300518778631,47.7489710084678,49.55258451057959,50.16792653876926,48.66627703713217,0
456,10.798041748317374,0.599297645310882,-2.3862050335419385,5.327876168789581,0.09835980752315414,1.5917963323145319,50.48138567464767,45.44077206575102,50.48178243342822,51.83713201934828,42.71300518778631,47.7489710084678,49.55258451057959,50.16792653876926,48.66627703713217,0
457,10.82322633305234,0.6165168887511621,-4.648280136349551,5.351384087484729,0.1414316918189039,1.577995502730485,50.48138567464767,45.44077206575102,50.48178243342822,51.83713201934828,42.71300518778631,47.7489710084678,49.55258451057959,50.16792653876926,48.66627703713217,0
458,11.02526934323088,0.6842156894803963,-6.83430888460155,5.273512247629066,0.18123232416894616,1.7546918550634871,50.48138567464767,45.44077206575102,50.48178243342822,51.83713201934828,42.71300518778631,47.7489710084678,49.55258451057959,50.16792653876926,48.66627703713217,0
459,11.01603068812618,0.6511573132346958,-5.941802453803824,5.334649295795427,0.18187694420878278,1.705510113849895,50.48138567464767,45.44077206575102,50.48178243342822,51.83713201934828,42.71300518778631,47.7489710084678,49.55258451057959,50.16792653876926,48.66627703713217,0
460,11.041538479328096,0.6175354380782407,-1.333415389665005,5.338018733399589,0.16255078285479527,1.687028294312233,50.48138567464767,45.44077206575102,50.48178243342822,51.83713201934828,42.71300518778631,47.7489710084678,49.55258451057959,50.16792653876926,48.66627703713217,0
461,10.87337213049831,0.6829131602292071,-6.230669639646119,5.84035091743822,0.15119284731210325,1.2141318792100078,51.33734720984806,48.87354272750893,63.90925392566903,51.2331926274137,44.59691351004506,59.97914535649592,74.05625426918112,75.41945293578809,58.675637820243736,1
462,10.39578152097877,0.5959810528371912,-0.5208842009310805,5.697093486505405,0.15119284731210325,1.2263593204144396,50.48138567464767,45.44077206575102,50.48178243342822,51.83713201934828,42.71300518778631,47.7489710084678,49.55258451057959,50.16792653876926,48.66627703713217,0
463,10.390265330804764,0.6645805167778098,-1.2861215334214378,5.684599655239428,0.15119284731210325,1.6121311643414482,50.48138567464767,45.44077206575102,50.48178243342822,51.83713201934828,42.71300518778631,47.7489710084678,49.55258451057959,50.16792653876926,48.66627703713217,0
464,10.456190933308976,0.6477409512913106,-1.5970062092554853,5.655991810819852,0.15119284731210325,1.6121311643414482,50.48138567464767,45.44077206575102,50.48178243342822,51.83713201934828,42.71300518778631,47.7489710084678,49.55258451057959,50.16792653876926,48.66627703713217,0
465,10.348368867507945,0.649555746299819,-1.832691504662924,6.203142620312914,0.15119284731210325,1.6121311643414482,50.48138567464767,45.44077206575102,50.48178243342822,51.83713201934828,42.71300518778631,47.7489710084678,49.55258451057959,50.16792653876926,48.66627703713217,0
466,10.504831895370312,0.6160102704039525,-2.1813493243374675,5.682899263739777,0.15119284731210325,1.1243520246452798,50.48138567464767,45.44077206575102,50.48178243342822,51.83713201934828,42.71300518778631,47.7489710084678,49.55258451057959,50.16792653876926,48.66627703713217,0
467,10.713846494495275,0.6363018867924528,-0.7547169811320754,5.631928370888217,0.15119284731210325,1.6121311643414482,50.48138567464767,45.44077206575102,50.48178243342822,51.83713201934828,42.71300518778631,47.7489710084678,49.55258451057959,50.16792653876926,48.66627703713217,0
468,10.36357025674634,0.6793215815660254,0.7648276900169645,5.682218296740361,0.15119284731210325,1.6121311643414482,50.48138567464767,45.44077206575102,50.48178243342822,51.83713201934828,42.71300518778631,47.7489710084678,49.55258451057959,50.16792653876926,48.66627703713217,0
469,10.42882536327687,0.6457990731050979,-4.066377634923008,5.690021559406164,0.15119284731210325,1.0824440014072945,50.48138567464767,45.44077206575102,50.48178243342822,51.83713201934828,42.71300518778631,47.7489710084678,49.55258451057959,50.16792653876926,48.66627703713217,0
470,10.542075585294224,0.6731075977090341,0.49588006314206134,5.678806488586024,0.15119284731210325,1.6121311643414482,50.48138567464767,45.44077206575102,50.48178243342822,51.83713201934828,42.71300518778631,47.7489710084678,49.55258451057959,50.16792653876926,48.66627703713217,0
471,10.309165971225307,0.6160127818214095,0.6834723948162613,5.648622063478926,0.15119284731210325,1.6121311643414482,50.48138567464767,45.44077206575102,50.48178243342822,51.83713201934828,42.71300518778631,47.7489710084678,49.55258451057959,50.16792653876926,48.66627703713217,0
472,10.45184014819284,0.6502106536520252,-4.0879322571225964,5.6503816979290855,0.15119284731210325,1.6121311643414482,50.48138567464767,45.44077206575102,50.48178243342822,51.83713201934828,42.71300518778631,47.7489710084678,49.55258451057959,50.16792653876926,48.66627703713217,0
473,10.358171304431792,0.6522094783925371,0.38289503454757473,5.694068782468562,0.15119284731210325,1.6121311643414482,50.48138567464767,45.44077206575102,50.48178243342822,51.83713201934828,42.71300518778631,47.7489710084678,49.55258451057959,50.16792653876926,48.66627703713217,0
474,10.362256432666603,0.5916771552586075,-1.1998164986531472,5.675725876873676,0.15119284731210325,1.047313099814511,50.48138567464767,45.44077206575102,50.48178243342822,51.83713201934828,42.71300518778631,47.7489710084678,49.55258451057959,50.16792653876926,48.66627703713217,0
475,10.469289878605952,0.6026732337562681,-0.7851954958331103,5.678806488586024,0.15119284731210325,1.6121311643414482,50.48138567464767,45.44077206575102,50.48178243342822,51.83713201934828,42.71300518778631,47.7489710084678,49.55258451057959,50.16792653876926,48.66627703713217,0
476,10.455992403293607,0.6221814761833255,0.9563025077255016,5.680513847716846,0.15119284731210325,1.6121311643414482,50.48138567464767,45.44077206575102,50.48178243342822,51.83713201934828,42.71300518778631,47.7489710084678,49.55258451057959,50.16792653876926,48.66627703713217,0
477,10.71612519915209,0.5802319543015406,-9.001211701575212,5.613857767128214,0.15119284731210325,1.6121311643414482,50.48138567464767,45.44077206575102,50.48178243342822,51.83713201934828,42.71300518778631,47.7489710084678,49.55258451057959,50.16792653876926,48.66627703713217,0
478,11.188575258760654,0.6604231110619639,-0.10070781798740362,5.878575765029364,0.17514397176295746,1.69251615593079,53.94913249149469,41.52244719921669,58.89186787388815,57.14514808420244,55.26884049552305,50.0248336210066,67.87264645166489,78.04594681544079,57.84010787905466,1
479,10.8050970404142,0.6122919782352754,1.8296369363922742,5.902906520126191,0.1567666541009209,1.5691263782866836,50.48138567464767,45.44077206575102,50.48178243342822,51.83713201934828,42.71300518778631,47.7489710084678,49.55258451057959,50.16792653876926,48.66627703713217,0
480,11.028316495105477,0.6463168689112972,-6.175582521506295,5.950642552587727,0.17444115545575176,1.6458852867830425,50.48138567464767,45.44077206575102,50.48178243342822,51.83713201934828,42.71300518778631,47.7489710084678,49.55258451057959,50.16792653876926,48.66627703713217,0
481,11.008381735392419,0.6557389963182858,3.0598029785399183,5.893576046288857,0.1762390897755611,1.672717954251187,55.478846222786565,33.06103603469671,52.62211872892328,58.01265257195806,59.28074841486706,47.38218038150431,49.7288552627431,68.68854317927365,53.031872599594095,1
482,11.008239289496773,0.6050564696439833,-1.223031206405626,5.912421339767529,0.10941423666273767,1.5088182839025035,50.48138567464767,45.44077206575102,50.48178243342822,51.83713201934828,42.71300518778631,47.7489710084678,49.55258451057959,50.16792653876926,48.66627703713217,0
483,10.667812881791226,0.628005657708628,-0.33499590560559817,5.930652407711224,0.08712017519846701,1.5321498520648413,50.48138567464767,45.44077206575102,50.48178243342822,51.83713201934828,42.71300518778631,47.7489710084678,49.55258451057959,50.16792653876926,48.66627703713217,0
484,10.717803143012159,0.63867144633843,-1.9752725144487528,5.893024474294729,0.07776932124818377,1.4699890370911748,50.48138567464767,45.44077206575102,50.48178243342822,51.83713201934828,42.71300518778631,47.7489710084678,49.55258451057959,50.16792653876926,48.66627703713217,0
485,10.65452385212817,0.6248567693623615,-3.502089956909769,5.883322388488279,0.1415565147019153,1.4492104050601098,50.48138567464767,45.44077206575102,50.48178243342822,51.83713201934828,42.71300518778631,47.7489710084678,49.55258451057959,50.16792653876926,48.66627703713217,0
486,10.907897214503144,0.6647373574875848,-1.4338672448765475,5.887214525734183,0.12389183161416226,1.5002637594513804,50.48138567464767,45.44077206575102,50.48178243342822,51.83713201934828,42.71300518778631,47.7489710084678,49.55258451057959,50.16792653876926,48.66627703713217,0
487,10.759495229253314,0.6550520040904896,-1.6711146584191754,5.885270350701578,0.031650253315876356,1.2948749690517454,50.48138567464767,45.44077206575102,50.48178243342822,51.83713201934828,42.71300518778631,47.7489710084678,49.55258451057959,50.16792653876926,48.66627703713217,0
488,10.651004540161598,0.6734958219470201,-0.7582099925758605,5.973809611869261,0.15119284731210325,1.6121311643414482,50.48138567464767,45.44077206575102,50.48178243342822,51.83713201934828,42.71300518778631,47.7489710084678,49.55258451057959,50.16792653876926,48.66627703713217,0
489,10.797074492803707,0.6096354949717684,-0.801844241756039,5.879974171074619,0.10928058374187664,1.4046761961346241,50.48138567464767,45.44077206575102,50.48178243342822,51.83713201934828,42.71300518778631,47.7489710084678,49.55258451057959,50.16792653876926,48.66627703713217,0
490,10.64971567868266,0.6207871329352991,-1.9982941391495064,5.8924725979010315,0.12483798349137049,1.4520892101551481,50.48138567464767,45.44077206575102,50.48178243342822,51.83713201934828,42.71300518778631,47.7489710084678,49.55258451057959,50.16792653876926,48.66627703713217,0
491,10.984075032651392,0.6463380562761923,-0.31929754540011973,5.891644211825771,0.12020476931052358,1.3919194494009686,50.48138567464767,45.44077206575102,50.48178243342822,51.83713201934828,42.71300518778631,47.7489710084678,49.55258451057959,50.16792653876926,48.66627703713217,0
492,10.660341658553786,0.6462367957746479,-0.9536384976525821,5.883879336428045,0.12296267087276551,1.4508228419198212,50.48138567464767,45.44077206575102,50.48178243342822,51.83713201934828,42.71300518778631,47.7489710084678,49.55258451057959,50.16792653876926,48.66627703713217,0
493,10.71729362949792,0.6418253798416435,-3.958912903916114,5.874087678954409,0.07093447365111306,1.3541120197500385,50.48138567464767,45.44077206575102,50.48178243342822,51.83713201934828,42.71300518778631,47.7489710084678,49.55258451057959,50.16792653876926,48.66627703713217,0
494,10.890341122853917,0.6579148444993579,1.6419827347954024,5.885826215084985,0.1338987406836289,1.4650468360125988,50.48138567464767,45.44077206575102,50.48178243342822,51.83713201934828,42.71300518778631,47.7489710084678,49.55258451057959,50.16792653876926,48.66627703713217,0
495,10.757004605022956,0.6267673367317496,1.202269885543907,5.890538628518022,0.13512408759124087,1.5556218534402386,50.48138567464767,45.44077206575102,50.48178243342822,51.83713201934828,42.71300518778631,47.7489710084678,49.55258451057959,50.16792653876926,48.66627703713217,0
496,10.63304862619745,0.6489603398034277,-3.0621820516619747,5.883322388488279,0.09577922077922078,1.399850274496756,50.48138567464767,45.44077206575102,50.48178243342822,51.83713201934828,42.71300518778631,47.7489710084678,49.55258451057959,50.16792653876926,48.66627703713217,0
497,10.842498220846531,0.6507156351061445,0.0,5.896329351992943,0.17920080817151196,1.5028549676437,50.48138567464767,45.44077206575102,50.48178243342822,51.83713201934828,42.71300518778631,47.7489710084678,49.55258451057959,50.16792653876926,48.66627703713217,0
498,10.917799331944705,0.6625367629137351,1.0724209089579644,5.907267388307226,0.2419109343545932,1.6949738881681802,50.48138567464767,45.44077206575102,50.48178243342822,51.83713201934828,42.71300518778631,47.7489710084678,49.55258451057959,50.16792653876926,48.66627703713217,0
499,10.599308654978465,0.6388405292479109,-5.5275069637883005,5.879974171074619,0.07611021936864633,1.4229770757249087,50.48138567464767,45.44077206575102,50.48178243342822,51.83713201934828,42.71300518778631,47.7489710084678,49.55258451057959,50.16792653876926,48.66627703713217,0
500,11.237713318800717,0.6320830007980845,-4.988028731045491,5.96409335031185,0.010085163603765128,1.44996969793627,50.48138567464767,45.44077206575102,50.48178243342822,51.83713201934828,42.71300518778631,47.7489710084678,49.55258451057959,50.16792653876926,48.66627703713217,0
501,10.93244067636459,0.6312324867677801,-2.2906195792376463,5.893024474294729,0.10056795364580345,1.4659792290350002,50.48138567464767,45.44077206575102,50.48178243342822,51.83713201934828,42.71300518778631,47.7489710084678,49.55258451057959,50.16792653876926,48.66627703713217,0
502,10.634638359746118,0.6103461971271595,-3.1442377705699345,5.875211590283732,0.04711503123851525,1.404560851104432,50.48138567464767,45.44077206575102,50.48178243342822,51.83713201934828,42.71300518778631,47.7489710084678,49.55258451057959,50.16792653876926,48.66627703713217,0
503,10.687475850592149,0.644544107965767,-2.304147465437788,5.882486384538237,0.0935483870967742,1.4021779947427713,50.48138567464767,45.44077206575102,50.48178243342822,51.83713201934828,42.71300518778631,47.7489710084678,49.55258451057959,50.16792653876926,48.66627703713217,0
504,11.150254006392506,0.6662761689708209,-0.18363553354832482,5.419649651715562,0.17830176182275798,1.7795633569969853,46.33928183271452,33.68657345415061,50.92910367770321,56.17707194376888,50.75389840729613,46.51648108332554,49.55258451057959,55.37522138751888,48.66627703713217,1
505,10.968894598773135,0.6535581282383419,-1.2143782383419688,5.442417710521793,0.1792001367287643,1.744178572472025,50.48138567464767,45.44077206575102,50.48178243342822,51.83713201934828,42.71300518778631,47.7489710084678,49.55258451057959,50.16792653876926,48.66627703713217,0
506,11.060264970358457,0.6408830468486687,5.9993259184361305,5.380358076884246,0.1339214942964469,1.6347554122073986,50.48138567464767,45.44077206575102,50.48178243342822,51.83713201934828,42.71300518778631,47.7489710084678,49.55258451057959,50.16792653876926,48.66627703713217,0
507,11.054485122490348,0.6696598215205896,1.1706600355690386,5.44544343143833,0.21313475686344877,1.8802552155035477,45.62451302607384,23.588713907508595,34.09019558182937,41.5278193837916,38.40002179663304,24.809812718703213,37.85539988690712,32.01043352867517,34.73836372876524,1
508,11.07721195189921,0.6165354038649373,-0.7047390610897492,5.4475990692637914,0.18894678397539932,1.6390223106437403,53.54905200471661,30.03433337241464,36.706697848706966,38.03912648104512,24.137711161201004,23.750219791818058,35.56121631084274,54.24558273117571,37.0029924627401,1
509,11.147093004389498,0.6436545661617781,4.951136510880907,5.575949103146316,0.17301943198804184,1.7666159860990442,42.44056634489576,35.00593888645815,34.864732148022355,53.9132149090384,22.83379042550383,28.792865479935426,52.76856261667932,46.93899743949652,39.69483353125372,1
510,10.869448061606722,0.6694750590568639,-0.8384865318100828,5.426710581316436,0.17285031847133758,1.8230935293774433,39.88309899216732,20.9375573156827,39.51860785514052,39.41770031149618,36.08602475619925,28.819459533735525,39.1947041497212,41.57582778836253,35.679122587813154,1
511,10.756111916170116,0.6508969398522687,-2.272788765929814,5.435031189863858,0.2101765042475461,1.8462845812482296,50.48138567464767,45.44077206575102,50.48178243342822,51.83713201934828,42.71300518778631,47.7489710084678,49.55258451057959,50.16792653876926,48.66627703713217,0
512,10.756152413347575,0.6147687642153147,7.94541319181198,5.433285226958521,0.15797242019145616,1.7203424982223277,50.48138567464767,45.44077206575102,50.48178243342822,51.83713201934828,42.71300518778631,47.7489710084678,49.55258451057959,50.16792653876926,48.66627703713217,0
513,10.663566481928328,0.7459012564809192,5.558410014479892,5.466793516519938,0.15119284731210325,1.6121311643414482,50.48138567464767,45.44077206575102,50.48178243342822,51.83713201934828,42.71300518778631,47.7489710084678,49.55258451057959,50.16792653876926,48.66627703713217,0
514,10.708643351068883,0.6331940642558709,-0.18008932430485522,5.46848199307136,0.03408471637354471,1.4783544138740383,50.48138567464767,45.44077206575102,50.48178243342822,51.83713201934828,42.71300518778631,47.7489710084678,49.55258451057959,50.16792653876926,48.66627703713217,0
515,10.702356433518828,0.6291880585662674,3.87906446092413,5.372496764722288,0.17208117208117207,1.7154976470211607,50.48138567464767,45.44077206575102,50.48178243342822,51.83713201934828,42.71300518778631,47.7489710084678,49.55258451057959,50.16792653876926,48.66627703713217,0
516,10.709713387147866,0.5867846980714512,-5.754030983243756,5.4289069362516384,0.1434507978723404,1.64589163975601,50.48138567464767,45.44077206575102,50.48178243342822,51.83713201934828,42.71300518778631,47.7489710084678,49.55258451057959,50.16792653876926,48.66627703713217,0
517,10.790557485039333,0.618469840167879,0.9940201012953818,5.664348405410794,0.2459821221805382,2.021626205872999,50.48138567464767,45.44077206575102,50.48178243342822,51.83713201934828,42.71300518778631,47.7489710084678,49.55258451057959,50.16792653876926,48.66627703713217,0
518,10.819768284360283,0.63328121946453,-0.9771350400625367,5.4174328474381985,0.16149957073356863,1.6527352931706218,50.48138567464767,45.44077206575102,50.48178243342822,51.83713201934828,42.71300518778631,47.7489710084678,49.55258451057959,50.16792653876926,48.66627703713217,0
519,10.679435173189221,0.6141953160675843,-3.718442168438907,5.440250862436703,0.1333516785910842,1.803227091633466,50.48138567464767,45.44077206575102,50.48178243342822,51.83713201934828,42.71300518778631,47.7489710084678,49.55258451057959,50.16792653876926,48.66627703713217,0
520,10.675318825962641,0.58154296875,-0.9068080357142857,5.371567828287629,0.1649426368252774,1.6152589641434263,50.48138567464767,45.44077206575102,50.48178243342822,51.83713201934828,42.71300518778631,47.7489710084678,49.55258451057959,50.16792653876926,48.66627703713217,0
521,10.675376595036562,0.6256915396032924,-0.6072055053299149,5.3986150878634005,0.12917191867156244,1.6125977315273647,50.48138567464767,45.44077206575102,50.48178243342822,51.83713201934828,42.71300518778631,47.7489710084678,49.55258451057959,50.16792653876926,48.66627703713217,0
522,10.632402375873536,0.6279491833030852,0.0,5.394081988532416,0.1808649211931744,1.7126769203803514,50.48138567464767,45.44077206575102,50.48178243342822,51.83713201934828,42.71300518778631,47.7489710084678,49.55258451057959,50.16792653876926,48.66627703713217,0
523,10.586662677006913,0.5910536357854569,-2.225991096035616,5.3986150878634005,0.24375685223535146,1.8952532810008587,50.48138567464767,45.44077206575102,50.48178243342822,51.83713201934828,42.71300518778631,47.7489710084678,49.55258451057959,50.16792653876926,48.66627703713217,0
524,10.738043145382406,0.6322595135724828,-2.2781235962266573,5.4165447479126865,0.1403009134873724,1.611166893781826,50.48138567464767,45.44077206575102,50.48178243342822,51.83713201934828,42.71300518778631,47.7489710084678,49.55258451057959,50.16792653876926,48.66627703713217,0
525,10.673563366299662,0.6131133113311331,-2.9922992299229922,5.439382806826639,0.044651003649635035,1.5646582699799538,50.48138567464767,45.44077206575102,50.48178243342822,51.83713201934828,42.71300518778631,47.7489710084678,49.55258451057959,50.16792653876926,48.66627703713217,0
526,10.893853684604974,0.6406004069254098,-9.597297401051863,5.492238059185343,0.15119284731210325,1.0,50.48138567464767,45.44077206575102,50.48178243342822,51.83713201934828,42.71300518778631,47.7489710084678,49.55258451057959,50.16792653876926,48.66627703713217,0
527,11.206892031625559,0.6054856928885699,-2.8395793678035384,5.370172803648464,0.1443790975703818,1.6055807916937055,50.48138567464767,45.44077206575102,50.48178243342822,51.83713201934828,42.71300518778631,47.7489710084678,49.55258451057959,50.16792653876926,48.66627703713217,0
528,10.888800488800355,0.5949323745933915,1.8832391713747645,5.4258306868469965,0.12695220066256507,1.6212395929694727,50.48138567464767,45.44077206575102,50.48178243342822,51.83713201934828,42.71300518778631,47.7489710084678,49.55258451057959,50.16792653876926,48.66627703713217,0
529,10.738741749720903,0.6083513856726676,-0.8092427977391001,5.441551534633945,0.1589825892422916,1.7131599158513373,50.48138567464767,45.44077206575102,50.48178243342822,51.83713201934828,42.71300518778631,47.7489710084678,49.55258451057959,50.16792653876926,48.66627703713217,0
530,10.643880848692937,0.6249899943968622,-5.523092932041944,5.4120923808068815,0.150861844503463,1.7140652478196892,50.48138567464767,45.44077206575102,50.48178243342822,51.83713201934828,42.71300518778631,47.7489710084678,49.55258451057959,50.16792653876926,48.66627703713217,0
531,10.670930187673868,0.5933251387492084,-4.022795843110962,5.4289069362516384,0.14048717798936855,1.600728107316687,50.48138567464767,45.44077206575102,50.48178243342822,51.83713201934828,42.71300518778631,47.7489710084678,49.55258451057959,50.16792653876926,48.66627703713217,0
532,10.619349781839288,0.5999608610567515,-2.152641878669276,5.372496764722288,0.1583424209378408,1.7660045836516425,50.48138567464767,45.44077206575102,50.48178243342822,51.83713201934828,42.71300518778631,47.7489710084678,49.55258451057959,50.16792653876926,48.66627703713217,0
533,10.931049497429187,0.6330623108615597,-2.5522295548182448,5.372496764722288,0.15515548281505728,1.7106871087453612,50.48138567464767,45.44077206575102,50.48178243342822,51.83713201934828,42.71300518778631,47.7489710084678,49.55258451057959,50.16792653876926,48.66627703713217,0
534,10.603270169813017,0.6028395527076266,-8.04121120743812,5.450609176890295,0.09352517985611511,1.5642052194543297,50.48138567464767,45.44077206575102,50.48178243342822,51.83713201934828,42.71300518778631,47.7489710084678,49.55258451057959,50.16792653876926,48.66627703713217,0
535,10.894750311732228,0.6408166262759786,1.12604342610952,5.421861552639491,0.14987428997113325,1.6780566111911939,50.48138567464767,45.44077206575102,50.48178243342822,51.83713201934828,42.71300518778631,47.7489710084678,49.55258451057959,50.16792653876926,48.66627703713217,0
536,10.785505629401518,0.6110699740836727,-0.6787609527335555,5.37805233456689,0.128004711172975,1.6583628579864187,50.48138567464767,45.44077206575102,50.48178243342822,51.83713201934828,42.71300518778631,47.7489710084678,49.55258451057959,50.16792653876926,48.66627703713217,0
537,10.763364534415848,0.6018743851291876,-6.213431367472687,5.415211118019536,0.06725014116318465,1.5691460482432327,50.48138567464767,45.44077206575102,50.48178243342822,51.83713201934828,42.71300518778631,47.7489710084678,49.55258451057959,50.16792653876926,48.66627703713217,0
538,10.72827026721603,0.6153509899717151,-6.685523270763692,5.365976015021851,0.1260245901639344,1.5940815802033999,50.48138567464767,45.44077206575102,50.48178243342822,51.83713201934828,42.71300518778631,47.7489710084678,49.55258451057959,50.16792653876926,48.66627703713217,0
539,10.692440244748775,0.6048890772926381,-1.2152041825632331,5.414321042304342,0.1170745428973277,1.614532346803263,50.48138567464767,45.44077206575102,50.48178243342822,51.83713201934828,42.71300518778631,47.7489710084678,49.55258451057959,50.16792653876926,48.66627703713217,0
540,10.696726643998288,0.6157711988304093,0.6396198830409356,5.3986150878634005,0.1597770064163248,1.7437018375815057,50.48138567464767,45.44077206575102,50.48178243342822,51.83713201934828,42.71300518778631,47.7489710084678,49.55258451057959,50.16792653876926,48.66627703713217,0
541,10.747153826689281,0.6093446683178259,-4.0163330878907555,5.394081988532416,0.14953015734265734,1.8079457212330379,50.48138567464767,45.44077206575102,50.48178243342822,51.83713201934828,42.71300518778631,47.7489710084678,49.55258451057959,50.16792653876926,48.66627703713217,0
542,10.87432328626208,0.5983563987413314,1.5886108819845417,5.411199523604709,0.23948996338846104,1.592384494118598,50.48138567464767,45.44077206575102,50.48178243342822,51.83713201934828,42.71300518778631,47.7489710084678,49.55258451057959,50.16792653876926,48.66627703713217,0
543,10.99717607265966,0.6308640698906666,-2.4296311613120007,5.436338664445412,0.15270708005552985,1.595707868907004,50.48138567464767,45.44077206575102,50.48178243342822,51.83713201934828,42.71300518778631,47.7489710084678,49.55258451057959,50.16792653876926,48.66627703713217,0
544,10.792797556078508,0.608101486361409,-2.5589372243697937,5.443283136798223,0.15055406954528086,1.7139033343530132,50.48138567464767,45.44077206575102,50.48178243342822,51.83713201934828,42.71300518778631,47.7489710084678,49.55258451057959,50.16792653876926,48.66627703713217,0
545,10.783896151989131,0.6375274979465053,9.526327218482397,5.615679593101228,0.1496751624187906,1.7002848220719948,50.48138567464767,45.44077206575102,50.48178243342822,51.83713201934828,42.71300518778631,47.7489710084678,49.55258451057959,50.16792653876926,48.66627703713217,0
546,10.873417624678854,0.6114507520621058,-3.056768558951965,5.3734248390348425,0.081177423710505,1.6299902992314006,50.48138567464767,45.44077206575102,50.48178243342822,51.83713201934828,42.71300518778631,47.7489710084678,49.55258451057959,50.16792653876926,48.66627703713217,0
547,10.771717654066325,0.6068321392016377,-1.458546571136131,5.3908965478411295,0.1316571077427284,1.6366311659192825,50.48138567464767,45.44077206575102,50.48178243342822,51.83713201934828,42.71300518778631,47.7489710084678,49.55258451057959,50.16792653876926,48.66627703713217,0
548,10.667188718743308,0.6054970418910673,-1.6448677473270898,5.418763519623904,0.1307060164357267,1.5129634021026006,50.48138567464767,45.44077206575102,50.48178243342822,51.83713201934828,42.71300518778631,47.7489710084678,49.55258451057959,50.16792653876926,48.66627703713217,0
549,10.71949817493983,0.6203319502074689,-1.2793914246196405,5.4174328474381985,0.12162690653109112,1.6360038058991437,50.48138567464767,45.44077206575102,50.48178243342822,51.83713201934828,42.71300518778631,47.7489710084678,49.55258451057959,50.16792653876926,48.66627703713217,0
550,10.724948789058674,0.6276830585693486,0.3287774176882251,5.414321042304342,0.147921967769296,1.606292770008926,50.48138567464767,45.44077206575102,50.48178243342822,51.83713201934828,42.71300518778631,47.7489710084678,49.55258451057959,50.16792653876926,48.66627703713217,0
551,11.100144158633325,0.6285825914659672,-4.632601233499846,5.651084685655752,0.15119284731210325,1.6121311643414482,50.48138567464767,45.44077206575102,50.48178243342822,51.83713201934828,42.71300518778631,47.7489710084678,49.55258451057959,50.16792653876926,48.66627703713217,0
552,10.80293930117944,0.5938707692307692,-2.929230769230769,5.396351106819402,0.10639223075808088,1.538987819303686,50.48138567464767,45.44077206575102,50.48178243342822,51.83713201934828,42.71300518778631,47.7489710084678,49.55258451057959,50.16792653876926,48.66627703713217,0
553,10.94420409677936,0.6327513546056592,-10.234798314268513,5.430222437427975,0.17712612982744452,1.7604185790343307,50.48138567464767,45.44077206575102,50.48178243342822,51.83713201934828,42.71300518778631,47.7489710084678,49.55258451057959,50.16792653876926,48.66627703713217,0
554,10.875888259941927,0.5980826228548428,-3.366387354092722,5.387700927682722,0.2748682987294701,1.9460223156064338,50.48138567464767,45.44077206575102,50.48178243342822,51.83713201934828,42.71300518778631,47.7489710084678,49.55258451057959,50.16792653876926,48.66627703713217,0
555,10.5828476262222,0.6181113265023539,-6.161728053170867,5.357057861570636,0.10262210796915167,1.6428723782438677,50.48138567464767,45.44077206575102,50.48178243342822,51.83713201934828,42.71300518778631,47.7489710084678,49.55258451057959,50.16792653876926,48.66627703713217,0
556,10.576681994533761,0.6183681836818368,-3.5260352603526033,5.365040998590945,0.16711535872930408,1.757703954399715,50.48138567464767,45.44077206575102,50.48178243342822,51.83713201934828,42.71300518778631,47.7489710084678,49.55258451057959,50.16792653876926,48.66627703713217,0
557,10.740384366227323,0.5898033503277494,0.7283321194464676,5.4289069362516384,0.113815238626849,1.6093307497391565,50.48138567464767,45.44077206575102,50.48178243342822,51.83713201934828,42.71300518778631,47.7489710084678,49.55258451057959,50.16792653876926,48.66627703713217,0
558,10.658319968733357,0.5891670202234479,-1.2020930561448169,5.4289069362516384,0.14612845899974614,1.82268635217861,50.48138567464767,45.44077206575102,50.48178243342822,51.83713201934828,42.71300518778631,47.7489710084678,49.55258451057959,50.16792653876926,48.66627703713217,0
559,10.85495429029076,0.6348608298403429,0.6004803843074459,5.461710913456472,0.14067788048694246,1.6762938230383972,50.48138567464767,45.44077206575102,50.48178243342822,51.83713201934828,42.71300518778631,47.7489710084678,49.55258451057959,50.16792653876926,48.66627703713217,0
560,10.771404933362192,0.5940317561637277,-6.941673980690976,5.404027820970151,0.1370889885853825,1.5974021261928086,50.48138567464767,45.44077206575102,50.48178243342822,51.83713201934828,42.71300518778631,47.7489710084678,49.55258451057959,50.16792653876926,48.66627703713217,0
561,10.807499204123758,0.602217659137577,-1.587953456536619,5.410305868496084,0.15226136116547076,1.6756112535663983,50.48138567464767,45.44077206575102,50.48178243342822,51.83713201934828,42.71300518778631,47.7489710084678,49.55258451057959,50.16792653876926,48.66627703713217,0
562,10.669257674565925,0.6043204409014861,-3.6413738805235707,5.363636832668679,0.13912997459779847,1.611200056925321,50.48138567464767,45.44077206575102,50.48178243342822,51.83713201934828,42.71300518778631,47.7489710084678,49.55258451057959,50.16792653876926,48.66627703713217,0
563,10.754005935753824,0.6008770712481613,-6.522523522717811,5.423627557513483,0.10248983456803877,1.5188696247702123,50.48138567464767,45.44077206575102,50.48178243342822,51.83713201934828,42.71300518778631,47.7489710084678,49.55258451057959,50.16792653876926,48.66627703713217,0
564,10.605864507380996,0.6114243799569065,-4.721954797597762,5.426710581316436,0.14074317658664912,1.7608209394498293,50.48138567464767,45.44077206575102,50.48178243342822,51.83713201934828,42.71300518778631,47.7489710084678,49.55258451057959,50.16792653876926,48.66627703713217,0
565,10.657866229550367,0.6099318955732123,-7.037457434733257,5.38541207339897,0.14876382760079793,1.5513403542364768,50.48138567464767,45.44077206575102,50.48178243342822,51.83713201934828,42.71300518778631,47.7489710084678,49.55258451057959,50.16792653876926,48.66627703713217,0
566,10.745515838787687,0.6044329991722616,0.41386921732732457,5.389984555073861,0.1286976346537475,1.643394281787991,50.48138567464767,45.44077206575102,50.48178243342822,51.83713201934828,42.71300518778631,47.7489710084678,49.55258451057959,50.16792653876926,48.66627703713217,0
567,10.604684744634207,0.6000544662309368,-4.793028322440088,5.392262979390565,0.126977518734388,1.7466371391076116,50.48138567464767,45.44077206575102,50.48178243342822,51.83713201934828,42.71300518778631,47.7489710084678,49.55258451057959,50.16792653876926,48.66627703713217,0
568,10.702124740369499,0.6138831279736489,-3.619210280183807,5.443283136798223,0.13973321670675706,1.6858636759746903,50.48138567464767,45.44077206575102,50.48178243342822,51.83713201934828,42.71300518778631,47.7489710084678,49.55258451057959,50.16792653876926,48.66627703713217,0
569,10.879824856835414,0.6034456237501923,-5.5376095985233045,5.405825574263321,0.14358600583090378,1.5562830521279274,50.48138567464767,45.44077206575102,50.48178243342822,51.83713201934828,42.71300518778631,47.7489710084678,49.55258451057959,50.16792653876926,48.66627703713217,0
570,10.54674045962223,0.6181798749532411,-5.023245871853791,5.356114465274254,0.12537249893571734,1.6850003723840024,50.48138567464767,45.44077206575102,50.48178243342822,51.83713201934828,42.71300518778631,47.7489710084678,49.55258451057959,50.16792653876926,48.66627703713217,0
571,10.721452963633453,0.6208788950094549,-3.8230699662912113,5.393172897560715,0.11502215883042127,1.6678343507214206,50.48138567464767,45.44077206575102,50.48178243342822,51.83713201934828,42.71300518778631,47.7489710084678,49.55258451057959,50.16792653876926,48.66627703713217,0
572,10.727568692810504,0.6309543819544828,-3.0255151780011427,5.43197375136071,0.15420047108086887,1.7875035991937807,50.48138567464767,45.44077206575102,50.48178243342822,51.83713201934828,42.71300518778631,47.7489710084678,49.55258451057959,50.16792653876926,48.66627703713217,0
573,11.415083282350524,0.6755864168856895,-0.9550527907605408,5.228967288413243,0.15119284731210325,1.5431656974886574,43.64347831982244,67.32651304702154,56.530222927247465,52.72148913175442,48.362489858189726,19.892943543400943,45.89344283144322,24.46213708983775,44.85408959358968,1
574,11.00824591533722,0.6476539991768419,-0.9550527907605408,5.155601064346442,0.15071997359409167,1.6482108798997979,50.48138567464767,45.44077206575102,50.48178243342822,51.83713201934828,42.71300518778631,47.7489710084678,49.55258451057959,50.16792653876926,48.66627703713217,0
575,10.644114515280394,0.7534246575342466,-0.9550527907605408,5.099256485749784,0.15119284731210325,1.6121311643414482,50.48138567464767,45.44077206575102,50.48178243342822,51.83713201934828,42.71300518778631,47.7489710084678,49.55258451057959,50.16792653876926,48.66627703713217,0
576,10.99717607265966,0.6267179128814349,-0.9550527907605408,5.058154810064233,0.15119284731210325,1.6302923470914956,50.48138567464767,45.44077206575102,50.48178243342822,51.83713201934828,42.71300518778631,47.7489710084678,49.55258451057959,50.16792653876926,48.66627703713217,0
577,10.99717607265966,0.6419753086419753,-0.9550527907605408,5.038250461129229,0.15119284731210325,1.5749454557295908,50.48138567464767,45.44077206575102,50.48178243342822,51.83713201934828,42.71300518778631,47.7489710084678,49.55258451057959,50.16792653876926,48.66627703713217,0
578,11.322476570660564,0.6419460582259583,-0.9550527907605408,5.058154810064233,0.12845276419856128,1.6233326161790018,50.48138567464767,45.44077206575102,50.48178243342822,51.83713201934828,42.71300518778631,47.7489710084678,49.55258451057959,50.16792653876926,48.66627703713217,0
579,11.234707796747536,0.6867505417087365,-0.9550527907605408,5.049214776063731,0.17420873659429767,1.7256499087615371,50.48138567464767,45.44077206575102,50.48178243342822,51.83713201934828,42.71300518778631,47.7489710084678,49.55258451057959,50.16792653876926,48.66627703713217,0
580,11.825319418119433,0.6518593091298056,-0.9550527907605408,5.038250461129229,0.11161910204664785,1.5497742580119902,50.48138567464767,45.44077206575102,50.48178243342822,51.83713201934828,42.71300518778631,47.7489710084678,49.55258451057959,50.16792653876926,48.66627703713217,0
581,11.448380543812178,0.7420530991629436,-0.9550527907605408,5.035653057071544,0.1332394642915616,1.565907657510711,50.48138567464767,45.44077206575102,50.48178243342822,51.83713201934828,42.71300518778631,47.7489710084678,49.55258451057959,50.16792653876926,48.66627703713217,0
582,12.161037621986633,0.7242868897421832,-0.9550527907605408,5.062595033026967,0.15517559505504644,1.7043330120373898,50.48138567464767,45.44077206575102,50.48178243342822,51.83713201934828,42.71300518778631,47.7489710084678,49.55258451057959,50.16792653876926,48.66627703713217,0
583,11.653545300119692,0.671267028759683,-0.9550527907605408,5.024538199265248,0.1822307247408462,1.99282928670273,50.48138567464767,45.44077206575102,50.48178243342822,51.83713201934828,42.71300518778631,47.7489710084678,49.55258451057959,50.16792653876926,48.66627703713217,0
584,11.279992907289357,0.6926891006551519,-0.9550527907605408,5.087596335232384,0.10866915997814851,1.497717147679792,50.48138567464767,45.44077206575102,50.48178243342822,51.83713201934828,42.71300518778631,47.7489710084678,49.55258451057959,50.16792653876926,48.66627703713217,0
585,11.25771961778777,0.6653751289295484,-0.9550527907605408,5.02912987673242,0.1692791063012742,1.6413201907161739,53.28910924946336,57.08233671795398,51.3225345110414,45.23919189938972,30.52040863785256,50.61685489754784,50.21900404091093,38.00324819755394,47.036586018964215,1
586,11.18743767778255,0.6260885909404172,-0.9550527907605408,5.112590016619249,0.12702702702702703,1.7130939747671265,50.48138567464767,45.44077206575102,50.48178243342822,51.83713201934828,42.71300518778631,47.7489710084678,49.55258451057959,50.16792653876926,48.66627703713217,0
587,11.315492300821017,0.6522019121216625,-0.9550527907605408,5.0369526024136295,0.12155388471177944,1.9120236448245505,50.48138567464767,45.44077206575102,50.48178243342822,51.83713201934828,42.71300518778631,47.7489710084678,49.55258451057959,50.16792653876926,48.66627703713217,0
588,11.646125052553547,0.689471547627576,-0.9550527907605408,5.031091302663638,0.13195342820181113,1.53218306412139,50.48138567464767,45.44077206575102,50.48178243342822,51.83713201934828,42.71300518778631,47.7489710084678,49.55258451057959,50.16792653876926,48.66627703713217,0
589,11.1259636109266,0.6747909289535147,-0.9550527907605408,5.0670156275323635,0.14902007176939153,1.7133852428624397,50.48138567464767,45.44077206575102,50.48178243342822,51.83713201934828,42.71300518778631,47.7489710084678,49.55258451057959,50.16792653876926,48.66627703713217,0
590,10.99717607265966,0.6424870466321243,-0.9550527907605408,5.023222409601727,0.15119284731210325,1.666005166005166,50.48138567464767,45.44077206575102,50.48178243342822,51.83713201934828,42.71300518778631,47.7489710084678,49.55258451057959,50.16792653876926,48.66627703713217,0
591,11.196909759450552,0.6828050910905915,-0.9550527907605408,5.064491966886966,0.13160828025477708,1.7163943216775321,50.48138567464767,45.44077206575102,50.48178243342822,51.83713201934828,42.71300518778631,47.7489710084678,49.55258451057959,50.16792653876926,48.66627703713217,0
592,10.832506930387007,0.6356705486853164,-0.9550527907605408,5.065754593317335,0.114611380362592,1.7602746575114163,50.48138567464767,45.44077206575102,50.48178243342822,51.83713201934828,42.71300518778631,47.7489710084678,49.55258451057959,50.16792653876926,48.66627703713217,0
593,11.249803313378832,0.6402887496594933,-0.9550527907605408,5.155601064346442,0.15364214184462024,1.7838388411045722,50.48138567464767,45.44077206575102,50.48178243342822,51.83713201934828,42.71300518778631,47.7489710084678,49.55258451057959,50.16792653876926,48.66627703713217,0
594,11.028243433135092,0.6513134220942786,-0.9550527907605408,5.023222409601727,0.17094017094017094,1.704269066899918,50.48138567464767,45.44077206575102,50.48178243342822,51.83713201934828,42.71300518778631,47.7489710084678,49.55258451057959,50.16792653876926,48.66627703713217,0
595,11.451552062887806,0.6486284081768507,-0.9550527907605408,5.052416828111211,0.11541612057667104,1.6268606319817664,50.48138567464767,45.44077206575102,50.48178243342822,51.83713201934828,42.71300518778631,47.7489710084678,49.55258451057959,50.16792653876926,48.66627703713217,0
596,11.296105626768677,0.6725383920505872,-0.9550527907605408,5.019925341003349,0.15119284731210325,1.6121311643414482,50.48138567464767,45.44077206575102,50.48178243342822,51.83713201934828,42.71300518778631,47.7489710084678,49.55258451057959,50.16792653876926,48.66627703713217,0
597,10.99717607265966,0.6438032652223021,-0.9550527907605408,5.056882545261575,0.15119284731210325,1.4955166969525455,50.48138567464767,45.44077206575102,50.48178243342822,51.83713201934828,42.71300518778631,47.7489710084678,49.55258451057959,50.16792653876926,48.66627703713217,0
598,11.073438625551306,0.6388123388745667,-0.9550527907605408,5.094976442530006,0.12194001745280852,1.6067925633143025,50.48138567464767,45.44077206575102,50.48178243342822,51.83713201934828,42.71300518778631,47.7489710084678,49.55258451057959,50.16792653876926,48.66627703713217,0
599,11.282349360538694,0.64892612460571,-0.9550527907605408,5.112590016619249,0.12910715850346097,1.6186638635832749,50.48138567464767,45.44077206575102,50.48178243342822,51.83713201934828,42.71300518778631,47.7489710084678,49.55258451057959,50.16792653876926,48.66627703713217,0
600,11.485260288686813,0.6589675304721909,-0.9550527907605408,5.060060177423779,0.1404710591133005,1.6406304446886644,50.48138567464767,45.44077206575102,50.48178243342822,51.83713201934828,42.71300518778631,47.7489710084678,49.55258451057959,50.16792653876926,48.66627703713217,0
601,11.07679288026817,0.6767928356538165,-0.9550527907605408,5.637642672151656,0.149133871510259,1.5503557744937055,50.48138567464767,45.44077206575102,50.48178243342822,51.83713201934828,42.71300518778631,47.7489710084678,49.55258451057959,50.16792653876926,48.66627703713217,0
602,11.024293398796909,0.6247668117615706,-0.9550527907605408,5.052416828111211,0.16303054343514478,1.7053751362780403,50.48138567464767,45.44077206575102,50.48178243342822,51.83713201934828,42.71300518778631,47.7489710084678,49.55258451057959,50.16792653876926,48.66627703713217,0
603,11.219248123420481,0.6513686118466702,-0.9550527907605408,5.071416766356115,0.13004976294032367,1.5603835544463418,50.48138567464767,45.44077206575102,50.48178243342822,51.83713201934828,42.71300518778631,47.7489710084678,49.55258451057959,50.16792653876926,48.66627703713217,0
604,11.05860146533096,0.627754562126086,-0.9550527907605408,5.126342101808226,0.12787429739397035,1.5508418477478774,50.48138567464767,45.44077206575102,50.48178243342822,51.83713201934828,42.71300518778631,47.7489710084678,49.55258451057959,50.16792653876926,48.66627703713217,0
605,10.810043050422125,0.6347345556762282,-0.9550527907605408,5.129306823813755,0.11413299123369681,1.5980406709217754,50.48138567464767,45.44077206575102,50.48178243342822,51.83713201934828,42.71300518778631,47.7489710084678,49.55258451057959,50.16792653876926,48.66627703713217,0
606,11.038843129097888,0.6144886259904334,-0.9550527907605408,5.071416766356115,0.11868092045660446,1.5867626781063275,50.48138567464767,45.44077206575102,50.48178243342822,51.83713201934828,42.71300518778631,47.7489710084678,49.55258451057959,50.16792653876926,48.66627703713217,0
607,10.936502982447148,0.6441686463444417,-0.9550527907605408,5.075798620002669,0.12317594674425782,1.6643086816720256,50.48138567464767,45.44077206575102,50.48178243342822,51.83713201934828,42.71300518778631,47.7489710084678,49.55258451057959,50.16792653876926,48.66627703713217,0
608,12.225275583244574,0.6809936715070644,0.8125245290423861,5.064491966886966,0.11441878148464975,1.5333242021640872,38.00911026323849,67.23129164021083,70.41171844163415,54.757678422848166,36.75290011514669,35.64789793536538,64.96217509708144,51.34646394958459,52.38990448313872,1
610,11.801743641810948,0.7207425343018563,-8.878127522195319,5.132262782217954,0.15119284731210325,1.6121311643414482,50.48138567464767,45.44077206575102,50.48178243342822,51.83713201934828,42.71300518778631,47.7489710084678,49.55258451057959,50.16792653876926,48.66627703713217,0
611,12.016432775084885,0.623935175566175,-5.81757739455641,4.846546505563361,0.12212507127922448,1.5415677356786945,50.48138567464767,45.44077206575102,50.48178243342822,51.83713201934828,42.71300518778631,47.7489710084678,49.55258451057959,50.16792653876926,48.66627703713217,0
612,11.978712717780688,0.689000978694572,3.6052765857779785,4.963543686562405,0.1290628276473909,1.5844462812314206,50.48138567464767,45.44077206575102,50.48178243342822,51.83713201934828,42.71300518778631,47.7489710084678,49.55258451057959,50.16792653876926,48.66627703713217,0
613,11.529744233218748,0.6528920928648465,-5.733098711471873,4.874433672915854,0.12631276075384837,1.55958742187247,50.48138567464767,45.44077206575102,50.48178243342822,51.83713201934828,42.71300518778631,47.7489710084678,49.55258451057959,50.16792653876926,48.66627703713217,0
614,12.367148859814659,0.7272498109402571,2.5207965717166623,4.859812404361672,0.13586492198390215,1.8905270777377754,50.48138567464767,45.44077206575102,50.48178243342822,51.83713201934828,42.71300518778631,47.7489710084678,49.55258451057959,50.16792653876926,48.66627703713217,0
615,11.984291291004498,0.6862249061530928,-6.038844458952179,4.888844237042334,0.14974068835454973,1.6981300089047195,50.48138567464767,45.44077206575102,50.48178243342822,51.83713201934828,42.71300518778631,47.7489710084678,49.55258451057959,50.16792653876926,48.66627703713217,0
616,11.59088600643944,0.6727928347097825,-14.59811562172851,4.825910852685991,0.1569435994501904,1.8017553006604101,50.48138567464767,45.44077206575102,50.48178243342822,51.83713201934828,42.71300518778631,47.7489710084678,49.55258451057959,50.16792653876926,48.66627703713217,0
618,10.99717607265966,0.7032069970845481,9.912536443148687,5.777497404613124,0.08773685197923832,1.9056026864616473,50.48138567464767,45.44077206575102,50.48178243342822,51.83713201934828,42.71300518778631,47.7489710084678,49.55258451057959,50.16792653876926,48.66627703713217,0
619,12.095050577933971,0.7033276931754089,-6.204173716864072,5.777497404613124,0.15798381770145312,1.852285477340358,50.48138567464767,45.44077206575102,50.48178243342822,51.83713201934828,42.71300518778631,47.7489710084678,49.55258451057959,50.16792653876926,48.66627703713217,0
620,11.926564409407415,0.6760351317440402,-13.801756587202007,5.777497404613124,0.12898697076426688,1.1884770056488334,50.48138567464767,45.44077206575102,50.48178243342822,51.83713201934828,42.71300518778631,47.7489710084678,49.55258451057959,50.16792653876926,48.66627703713217,0
621,11.658532033325654,0.7107776261937244,1.2278308321964528,4.824305715904762,0.1843935613504383,1.8744933732364257,50.48138567464767,45.44077206575102,50.48178243342822,51.83713201934828,42.71300518778631,47.7489710084678,49.55258451057959,50.16792653876926,48.66627703713217,0
622,11.402003960078309,0.6614040521200859,6.499424104223977,5.730748922886015,0.15119284731210325,1.6121311643414482,50.48138567464767,45.44077206575102,50.48178243342822,51.83713201934828,42.71300518778631,47.7489710084678,49.55258451057959,50.16792653876926,48.66627703713217,0
623,11.044720217665873,0.6559090523458047,12.490758583912058,5.684599655239428,0.15119284731210325,1.6121311643414482,63.57496382878524,50.35574345312117,47.03682066501206,53.79621786852373,60.28626154634935,75.43887625141159,44.18165099845297,64.28827084320699,57.36985068185788,1
624,10.923545331170619,0.7165089467317992,2.642432510016463,5.754158681981268,0.15119284731210325,1.6121311643414482,56.53947238421938,31.49443445195153,51.9582077778146,60.64341443915291,39.26704255013427,59.0612365174043,50.82815121606359,61.18243806833244,51.37179967563413,1
625,11.219156907390005,0.6522453543656586,2.936331122549145,5.674010316322531,0.15119284731210325,1.6121311643414482,58.66427509145858,43.510553490792425,57.17494908941326,50.172484048208325,49.3492057393995,80.55448040965993,46.57225791255336,63.54944955480942,56.19345691703685,1
626,10.871846878175585,0.6131840796019901,9.780976772940033,5.739792912179234,0.15119284731210325,1.6121311643414482,50.48138567464767,45.44077206575102,50.48178243342822,51.83713201934828,42.71300518778631,47.7489710084678,49.55258451057959,50.16792653876926,48.66627703713217,0
627,11.36967961081604,0.6991902273340185,4.393618029285928,5.683579767338681,0.15119284731210325,1.6121311643414482,56.8244629106576,54.63220382955809,54.80924008659443,44.546720953758125,37.81652618355445,30.21304921091613,39.62011841353301,57.68998510432361,47.01903833661193,1
629,11.05365760061783,0.6173635931657129,-4.24043964217094,5.726196069493101,0.15119284731210325,1.6121311643414482,50.48138567464767,45.44077206575102,50.48178243342822,51.83713201934828,42.71300518778631,47.7489710084678,49.55258451057959,50.16792653876926,48.66627703713217,0
630,10.864160653269082,0.6401734848406804,0.38632313096869236,5.726847747587197,0.15119284731210325,1.6121311643414482,50.48138567464767,45.44077206575102,50.48178243342822,51.83713201934828,42.71300518778631,47.7489710084678,49.55258451057959,50.16792653876926,48.66627703713217,0
631,10.93428663078634,0.633918267598941,-0.9164347294820447,5.768945800562614,0.15119284731210325,1.6121311643414482,50.48138567464767,45.44077206575102,50.48178243342822,51.83713201934828,42.71300518778631,47.7489710084678,49.55258451057959,50.16792653876926,48.66627703713217,0
632,11.008898345580135,0.6291107015977354,-2.72621919942246,5.749711406544601,0.15119284731210325,1.6121311643414482,50.48138567464767,45.44077206575102,50.48178243342822,51.83713201934828,42.71300518778631,47.7489710084678,49.55258451057959,50.16792653876926,48.66627703713217,0
633,10.89037839692645,0.6275590125857505,3.2733754658888348,5.766131099720736,0.15119284731210325,1.6121311643414482,50.48138567464767,45.44077206575102,50.48178243342822,51.83713201934828,42.71300518778631,47.7489710084678,49.55258451057959,50.16792653876926,48.66627703713217,0
634,11.140534816591481,0.6495164161573895,1.1378443355539651,5.778580684731388,0.15119284731210325,1.6121311643414482,50.48138567464767,45.44077206575102,50.48178243342822,51.83713201934828,42.71300518778631,47.7489710084678,49.55258451057959,50.16792653876926,48.66627703713217,0
635,11.001781457192093,0.6410933518647208,0.6177129179213959,5.7736194342449805,0.15119284731210325,1.6121311643414482,50.48138567464767,45.44077206575102,50.48178243342822,51.83713201934828,42.71300518778631,47.7489710084678,49.55258451057959,50.16792653876926,48.66627703713217,0
636,11.04912336642054,0.6559024052369247,0.3055778136926023,5.777032936395794,0.15119284731210325,1.6121311643414482,50.48138567464767,45.44077206575102,50.48178243342822,51.83713201934828,42.71300518778631,47.7489710084678,49.55258451057959,50.16792653876926,48.66627703713217,0
637,10.894470086102368,0.6330671592872892,2.931142363387164,5.722277057292366,0.15119284731210325,1.6121311643414482,50.48138567464767,45.44077206575102,50.48178243342822,51.83713201934828,42.71300518778631,47.7489710084678,49.55258451057959,50.16792653876926,48.66627703713217,0
638,10.985440169644168,0.6313305881999339,-1.0219109735204832,5.777961872830453,0.15119284731210325,1.6121311643414482,50.48138567464767,45.44077206575102,50.48178243342822,51.83713201934828,42.71300518778631,47.7489710084678,49.55258451057959,50.16792653876926,48.66627703713217,0
639,10.874175556470961,0.6493138335169789,0.25042572373034155,5.755742213586912,0.15119284731210325,1.6121311643414482,50.48138567464767,45.44077206575102,50.48178243342822,51.83713201934828,42.71300518778631,47.7489710084678,49.55258451057959,50.16792653876926,48.66627703713217,0
640,10.990005329904944,0.6562630259928058,2.5678895447270778,5.763936397475948,0.15119284731210325,1.6121311643414482,50.48138567464767,45.44077206575102,50.48178243342822,51.83713201934828,42.71300518778631,47.7489710084678,49.55258451057959,50.16792653876926,48.66627703713217,0
641,10.987449716936576,0.6278751418433329,1.567031106468056,5.779508185184337,0.15119284731210325,1.6121311643414482,50.48138567464767,45.44077206575102,50.48178243342822,51.83713201934828,42.71300518778631,47.7489710084678,49.55258451057959,50.16792653876926,48.66627703713217,0
642,11.022810552799065,0.635273293403673,3.525246916028718,5.736894826106403,0.15119284731210325,1.6121311643414482,50.48138567464767,45.44077206575102,50.48178243342822,51.83713201934828,42.71300518778631,47.7489710084678,49.55258451057959,50.16792653876926,48.66627703713217,0
643,10.91195993911583,0.6727316255685899,-0.8079961694996408,5.783825182329737,0.15119284731210325,1.6121311643414482,50.48138567464767,45.44077206575102,50.48178243342822,51.83713201934828,42.71300518778631,47.7489710084678,49.55258451057959,50.16792653876926,48.66627703713217,0
644,11.003866612876935,0.6216796770673565,3.994689009454479,5.721622392784532,0.15119284731210325,1.6121311643414482,50.48138567464767,45.44077206575102,50.48178243342822,51.83713201934828,42.71300518778631,47.7489710084678,49.55258451057959,50.16792653876926,48.66627703713217,0
645,10.849591423237575,0.6290259091413749,1.7864892962039627,5.752572638825633,0.15119284731210325,1.6121311643414482,50.48138567464767,45.44077206575102,50.48178243342822,51.83713201934828,42.71300518778631,47.7489710084678,49.55258451057959,50.16792653876926,48.66627703713217,0
646,11.064542417382945,0.6491742771968012,-0.10252527642391836,5.790265934544339,0.15119284731210325,1.6121311643414482,50.48138567464767,45.44077206575102,50.48178243342822,51.83713201934828,42.71300518778631,47.7489710084678,49.55258451057959,50.16792653876926,48.66627703713217,0
647,10.848604779745614,0.6169320004936444,-2.3448105639886463,5.741399338227508,0.15119284731210325,1.6121311643414482,50.48138567464767,45.44077206575102,50.48178243342822,51.83713201934828,42.71300518778631,47.7489710084678,49.55258451057959,50.16792653876926,48.66627703713217,0
648,11.005514006304026,0.6466432597403702,1.7597701247141437,5.780126041243535,0.15119284731210325,1.6121311643414482,50.48138567464767,45.44077206575102,50.48178243342822,51.83713201934828,42.71300518778631,47.7489710084678,49.55258451057959,50.16792653876926,48.66627703713217,0
649,10.867430658685072,0.6306070525110993,1.735060617769062,5.722277057292366,0.15119284731210325,1.6121311643414482,50.48138567464767,45.44077206575102,50.48178243342822,51.83713201934828,42.71300518778631,47.7489710084678,49.55258451057959,50.16792653876926,48.66627703713217,0
650,10.98296459116231,0.6494075047381456,-3.130506391198251,5.765504533284198,0.15119284731210325,1.6121311643414482,50.48138567464767,45.44077206575102,50.48178243342822,51.83713201934828,42.71300518778631,47.7489710084678,49.55258451057959,50.16792653876926,48.66627703713217,0
651,10.88523076276169,0.6331657679808173,1.6675389802451404,5.7720639820726065,0.15119284731210325,1.6121311643414482,50.48138567464767,45.44077206575102,50.48178243342822,51.83713201934828,42.71300518778631,47.7489710084678,49.55258451057959,50.16792653876926,48.66627703713217,0
652,10.864631183906246,0.6525067820337401,-2.9026313500003957,5.729125282327996,0.15119284731210325,1.6121311643414482,50.48138567464767,45.44077206575102,50.48178243342822,51.83713201934828,42.71300518778631,47.7489710084678,49.55258451057959,50.16792653876926,48.66627703713217,0
653,10.93800388878535,0.6545418699788063,-0.846107085941479,5.783825182329737,0.15119284731210325,1.6121311643414482,50.48138567464767,45.44077206575102,50.48178243342822,51.83713201934828,42.71300518778631,47.7489710084678,49.55258451057959,50.16792653876926,48.66627703713217,0
654,10.800018336203339,0.6358878471228171,1.395648439736616,5.719327685991663,0.15119284731210325,1.6121311643414482,50.48138567464767,45.44077206575102,50.48178243342822,51.83713201934828,42.71300518778631,47.7489710084678,49.55258451057959,50.16792653876926,48.66627703713217,0
655,11.282577272444803,0.6337909846876865,7.394390490375523,5.755742213586912,0.15119284731210325,1.6121311643414482,50.48138567464767,45.44077206575102,50.48178243342822,51.83713201934828,42.71300518778631,47.7489710084678,49.55258451057959,50.16792653876926,48.66627703713217,0
656,11.181305437319935,0.6405753271339613,-0.047626418374272214,5.733017599924536,0.15119284731210325,1.6121311643414482,50.48138567464767,45.44077206575102,50.48178243342822,51.83713201934828,42.71300518778631,47.7489710084678,49.55258451057959,50.16792653876926,48.66627703713217,0
657,10.920671034450173,0.6524673347710263,2.511734111378917,5.7736194342449805,0.15119284731210325,1.6121311643414482,50.48138567464767,45.44077206575102,50.48178243342822,51.83713201934828,42.71300518778631,47.7489710084678,49.55258451057959,50.16792653876926,48.66627703713217,0
658,10.949825363859699,0.6470600537482616,-1.9240622810594892,5.775793010632473,0.15119284731210325,1.6121311643414482,50.48138567464767,45.44077206575102,50.48178243342822,51.83713201934828,42.71300518778631,47.7489710084678,49.55258451057959,50.16792653876926,48.66627703713217,0
659,11.3448440345863,0.6423080877177721,7.777716269543143,5.694741730004052,0.15119284731210325,1.6121311643414482,50.48138567464767,45.44077206575102,50.48178243342822,51.83713201934828,42.71300518778631,47.7489710084678,49.55258451057959,50.16792653876926,48.66627703713217,0
660,11.1137261854935,0.6396734948234105,2.502136257842781,5.76456394691606,0.15119284731210325,1.6121311643414482,50.48138567464767,45.44077206575102,50.48178243342822,51.83713201934828,42.71300518778631,47.7489710084678,49.55258451057959,50.16792653876926,48.66627703713217,0
661,11.005708322796377,0.6253542535608492,1.2361675144334003,5.779508185184337,0.15119284731210325,1.6121311643414482,50.48138567464767,45.44077206575102,50.48178243342822,51.83713201934828,42.71300518778631,47.7489710084678,49.55258451057959,50.16792653876926,48.66627703713217,0
662,11.126200655380906,0.6438262657249435,0.8432143330375391,5.675725876873676,0.15119284731210325,1.6121311643414482,50.48138567464767,45.44077206575102,50.48178243342822,51.83713201934828,42.71300518778631,47.7489710084678,49.55258451057959,50.16792653876926,48.66627703713217,0
663,10.987625592849808,0.6650942180290259,-0.33511200474312375,5.754158681981268,0.15119284731210325,1.6121311643414482,50.48138567464767,45.44077206575102,50.48178243342822,51.83713201934828,42.71300518778631,47.7489710084678,49.55258451057959,50.16792653876926,48.66627703713217,0
664,10.994751239583145,0.6294369751663788,0.821316395964101,5.777032936395794,0.15119284731210325,1.6121311643414482,51.26884025126493,33.03904318557312,40.63465291315464,43.37659945752304,38.56442133572312,56.13138766511837,53.41308145555123,53.15099954149479,46.19737822567541,1
665,10.901599716906771,0.6382483667929482,0.522029651284193,5.7481182884762525,0.15119284731210325,1.6121311643414482,50.48138567464767,45.44077206575102,50.48178243342822,51.83713201934828,42.71300518778631,47.7489710084678,49.55258451057959,50.16792653876926,48.66627703713217,0
666,11.494049428256375,0.6790510071983147,3.8791195625767503,5.322033893165353,0.16001448346934796,1.6924118419723149,49.74365653595546,53.1605985226261,56.20463554280239,54.54480548037761,52.638680509747246,55.53216422389984,51.66353789395927,53.5227140767357,53.37634909826295,1
667,11.264115326906769,0.6730080473454628,0.7657081318203599,5.411199523604709,0.15495170293124771,1.6999623511694668,40.05509494995846,41.94291082813183,44.79951075807489,46.02761646506397,48.21788034701344,37.397294003107504,35.35105108686253,31.848845969036013,40.705025550906086,1
668,11.249679712105971,0.6218387553041018,-5.28995756718529,5.3986150878634005,0.1467425679949399,1.5223395842747403,50.48138567464767,45.44077206575102,50.48178243342822,51.83713201934828,42.71300518778631,47.7489710084678,49.55258451057959,50.16792653876926,48.66627703713217,0
669,11.247250124937041,0.6317107371794872,2.470619658119658,5.332235584751498,0.1473852328105164,1.5240862178689023,50.48138567464767,45.44077206575102,50.48178243342822,51.83713201934828,42.71300518778631,47.7489710084678,49.55258451057959,50.16792653876926,48.66627703713217,0
670,11.30033725947052,0.6587547408343869,0.8849557522123894,5.38357721049886,0.19044471374536373,1.6834263065179096,54.95809909647944,45.00072333656694,42.231577137298906,49.53188048238893,35.00585699636043,45.28789012433536,55.87957916962816,37.23588068682124,45.64143587873493,1
671,11.177684869567486,0.662769733506113,6.760944278550904,5.285738584341177,0.11920423034758496,1.6219115369942325,50.48138567464767,45.44077206575102,50.48178243342822,51.83713201934828,42.71300518778631,47.7489710084678,49.55258451057959,50.16792653876926,48.66627703713217,0
674,11.054187736479536,0.668373916944896,0.5244113482615764,5.351384087484729,0.1854761312337824,1.8005155968032998,50.48138567464767,45.44077206575102,50.48178243342822,51.83713201934828,42.71300518778631,47.7489710084678,49.55258451057959,50.16792653876926,48.66627703713217,0
675,11.22721478138719,0.6360783914654726,-1.585807447358825,5.276071757600717,0.16912098605254622,1.7071065636528155,52.951712812314064,39.05705032041571,46.91940001236449,55.63676672440739,31.55908154930926,41.440855615358224,35.36397250841402,37.88626567894895,42.60188815269152,1
676,11.103679719249428,0.6331353504297393,-0.31444343511983786,5.370172803648464,0.20807322718664514,1.8533024929324082,50.48138567464767,45.44077206575102,50.48178243342822,51.83713201934828,42.71300518778631,47.7489710084678,49.55258451057959,50.16792653876926,48.66627703713217,0
677,11.15129540756609,0.6187571611511761,-0.5953584507200467,5.4120923808068815,0.22079030815513456,1.7957736491277834,50.48138567464767,45.44077206575102,50.48178243342822,51.83713201934828,42.71300518778631,47.7489710084678,49.55258451057959,50.16792653876926,48.66627703713217,0
678,12.116483767819483,0.7521826729348556,3.1199258698812384,5.777497404613124,0.0843906228215189,1.3416408157877369,57.12297281533005,63.78190522214072,55.43241300508313,50.33581082388719,45.79416089208341,38.34261243881158,34.02536843170881,45.00366970968086,48.72986416734072,1
679,11.218049578978176,0.6132316145807781,6.144826571162243,5.38357721049886,0.19148099606815203,1.8182656378900373,50.48138567464767,45.44077206575102,50.48178243342822,51.83713201934828,42.71300518778631,47.7489710084678,49.55258451057959,50.16792653876926,48.66627703713217,0
680,10.895744386314037,0.6389198048016829,-0.5014493108129594,5.399519247057004,0.17675124701800043,1.7393313469016716,50.48138567464767,45.44077206575102,50.48178243342822,51.83713201934828,42.71300518778631,47.7489710084678,49.55258451057959,50.16792653876926,48.66627703713217,0
681,10.89803663182875,0.6455646222690181,-5.527770465912082,5.380358076884246,0.1521621283516117,1.409802439814315,50.48138567464767,45.44077206575102,50.48178243342822,51.83713201934828,42.71300518778631,47.7489710084678,49.55258451057959,50.16792653876926,48.66627703713217,0
683,10.953961214738012,0.611537495464821,-5.860846752811811,5.293807211070151,0.10461260174856798,1.6105960264900663,50.48138567464767,45.44077206575102,50.48178243342822,51.83713201934828,42.71300518778631,47.7489710084678,49.55258451057959,50.16792653876926,48.66627703713217,0
684,11.192862064028063,0.6256602618081605,3.7127765444384906,5.625820933186489,0.15119284731210325,1.6121311643414482,50.48138567464767,45.44077206575102,50.48178243342822,51.83713201934828,42.71300518778631,47.7489710084678,49.55258451057959,50.16792653876926,48.66627703713217,0
685,11.087664199544953,0.6048090838250028,-3.8962484693309585,5.3471075307174685,0.24735995828082222,1.744552414605418,50.48138567464767,45.44077206575102,50.48178243342822,51.83713201934828,42.71300518778631,47.7489710084678,49.55258451057959,50.16792653876926,48.66627703713217,0
686,11.217548529517606,0.6525581105502586,9.708979871627095,5.411199523604709,0.22195086389152147,1.8902350914244428,50.48138567464767,45.44077206575102,50.48178243342822,51.83713201934828,42.71300518778631,47.7489710084678,49.55258451057959,50.16792653876926,48.66627703713217,0
687,11.000498559837263,0.6118306351183064,-7.22291407222914,5.348059458442851,0.16093218643728746,1.5313499984158667,50.48138567464767,45.44077206575102,50.48178243342822,51.83713201934828,42.71300518778631,47.7489710084678,49.55258451057959,50.16792653876926,48.66627703713217,0
688,11.041789995434863,0.6283888458559257,-5.615801704105344,5.419649651715562,0.15119284731210325,1.3695106172463658,50.48138567464767,45.44077206575102,50.48178243342822,51.83713201934828,42.71300518778631,47.7489710084678,49.55258451057959,50.16792653876926,48.66627703713217,0
689,11.368439431627888,0.6625612564208537,-0.1653185333884395,5.231643233280044,0.15177637625582355,1.6259563677698596,50.48138567464767,45.44077206575102,50.48178243342822,51.83713201934828,42.71300518778631,47.7489710084678,49.55258451057959,50.16792653876926,48.66627703713217,0
690,11.039153143115254,0.5921424637415091,-0.8445015604920139,5.335613151291733,0.14761032003383617,1.541807738814994,50.48138567464767,45.44077206575102,50.48178243342822,51.83713201934828,42.71300518778631,47.7489710084678,49.55258451057959,50.16792653876926,48.66627703713217,0
691,11.596592673121942,0.6221630812449176,-7.54047460634287,5.362699625477305,0.020938762245229583,1.3879040038591413,50.48138567464767,45.44077206575102,50.48178243342822,51.83713201934828,42.71300518778631,47.7489710084678,49.55258451057959,50.16792653876926,48.66627703713217,0
692,10.957602698815876,0.6050134911654627,-4.917747410566628,5.286750730176571,0.12261881854916298,1.6736565761327542,50.48138567464767,45.44077206575102,50.48178243342822,51.83713201934828,42.71300518778631,47.7489710084678,49.55258451057959,50.16792653876926,48.66627703713217,0
693,11.44563221972852,0.6646043782565451,14.253515471725661,5.405825574263321,0.16464668839593682,1.7017328141721884,50.48138567464767,45.44077206575102,50.48178243342822,51.83713201934828,42.71300518778631,47.7489710084678,49.55258451057959,50.16792653876926,48.66627703713217,0
694,11.280679360837478,0.6187242412888723,-2.3651180217309853,5.281679725395013,0.10228895806628822,1.4896891054243746,50.48138567464767,45.44077206575102,50.48178243342822,51.83713201934828,42.71300518778631,47.7489710084678,49.55258451057959,50.16792653876926,48.66627703713217,0
695,10.965321742438029,0.5898131748843055,-0.9141290064560361,5.291292751611072,0.1640160782943027,1.754841255387604,50.48138567464767,45.44077206575102,50.48178243342822,51.83713201934828,42.71300518778631,47.7489710084678,49.55258451057959,50.16792653876926,48.66627703713217,0
696,10.933979802973203,0.609147309190593,-5.001683258789015,5.289276621895888,0.13257890365448505,1.574605091055438,50.48138567464767,45.44077206575102,50.48178243342822,51.83713201934828,42.71300518778631,47.7489710084678,49.55258451057959,50.16792653876926,48.66627703713217,0
697,11.274592130815032,0.6565894199903258,-6.090321445846708,5.305789381386738,0.11684868095815919,1.4859362903919489,50.48138567464767,45.44077206575102,50.48178243342822,51.83713201934828,42.71300518778631,47.7489710084678,49.55258451057959,50.16792653876926,48.66627703713217,0
698,11.232085266759348,0.6126525646560183,-6.828617401200895,5.316157284676367,0.14266279702521314,1.4729706240222493,50.48138567464767,45.44077206575102,50.48178243342822,51.83713201934828,42.71300518778631,47.7489710084678,49.55258451057959,50.16792653876926,48.66627703713217,0
699,10.956840934798622,0.591635201858844,-0.813244263723497,5.302309387817574,0.15675183356502564,1.580441450652553,50.48138567464767,45.44077206575102,50.48178243342822,51.83713201934828,42.71300518778631,47.7489710084678,49.55258451057959,50.16792653876926,48.66627703713217,0
700,10.889865756603239,0.6166275797373358,-2.110694183864916,5.474369310328396,0.15119284731210325,1.1530921745793556,50.48138567464767,45.44077206575102,50.48178243342822,51.83713201934828,42.71300518778631,47.7489710084678,49.55258451057959,50.16792653876926,48.66627703713217,0
701,11.014105813553519,0.5761951440205098,-2.865329512893983,5.289276621895888,0.17273268323948177,1.7218903778898826,50.48138567464767,45.44077206575102,50.48178243342822,51.83713201934828,42.71300518778631,47.7489710084678,49.55258451057959,50.16792653876926,48.66627703713217,0
702,11.47929111897124,0.6481957223085195,-7.557653244115188,5.214935757608986,0.15575216036682146,1.7071557298844482,50.48138567464767,45.44077206575102,50.48178243342822,51.83713201934828,42.71300518778631,47.7489710084678,49.55258451057959,50.16792653876926,48.66627703713217,0
703,11.102509119692014,0.6117854592801042,-2.898063757402663,5.3734248390348425,0.13354671119769923,1.5948842350918135,50.48138567464767,45.44077206575102,50.48178243342822,51.83713201934828,42.71300518778631,47.7489710084678,49.55258451057959,50.16792653876926,48.66627703713217,0
704,10.868126446149127,0.605039089712826,-2.16735041411874,5.285738584341177,0.15241669304155175,1.5965802503305964,50.48138567464767,45.44077206575102,50.48178243342822,51.83713201934828,42.71300518778631,47.7489710084678,49.55258451057959,50.16792653876926,48.66627703713217,0
705,11.031901332441027,0.6127643408889452,-2.076738001772825,5.296315363877364,0.16531165311653118,1.6553945249597424,50.48138567464767,45.44077206575102,50.48178243342822,51.83713201934828,42.71300518778631,47.7489710084678,49.55258451057959,50.16792653876926,48.66627703713217,0
706,10.945130821192851,0.5894760213143873,-1.2951450562462996,5.350435320810143,0.15683596827564472,1.532391240494762,50.48138567464767,45.44077206575102,50.48178243342822,51.83713201934828,42.71300518778631,47.7489710084678,49.55258451057959,50.16792653876926,48.66627703713217,0
707,10.94050099498528,0.5995537389998749,1.7308253743170539,5.465525285531943,0.15119284731210325,1.6121311643414482,50.48138567464767,45.44077206575102,50.48178243342822,51.83713201934828,42.71300518778631,47.7489710084678,49.55258451057959,50.16792653876926,48.66627703713217,0
708,11.517607487178182,0.6420283272081596,-7.432795143907173,5.187385805840755,0.2220244411734502,1.7145503809545866,50.48138567464767,45.44077206575102,50.48178243342822,51.83713201934828,42.71300518778631,47.7489710084678,49.55258451057959,50.16792653876926,48.66627703713217,0
709,10.872308113973002,0.6517664376840039,-6.231599607458293,5.463407986413629,0.17898287493513232,1.4771090351565286,50.48138567464767,45.44077206575102,50.48178243342822,51.83713201934828,42.71300518778631,47.7489710084678,49.55258451057959,50.16792653876926,48.66627703713217,0
710,10.991849148580322,0.6451653729328384,-6.138204522443469,5.2988172415896875,0.15576130775705488,1.7077370773707736,50.48138567464767,45.44077206575102,50.48178243342822,51.83713201934828,42.71300518778631,47.7489710084678,49.55258451057959,50.16792653876926,48.66627703713217,0
711,10.98033809608936,0.6012018446918526,-5.0775609074393255,5.348059458442851,0.1679379157427938,1.8375842388675716,50.48138567464767,45.44077206575102,50.48178243342822,51.83713201934828,42.71300518778631,47.7489710084678,49.55258451057959,50.16792653876926,48.66627703713217,0
712,11.08806803537894,0.5864596273291925,-2.608695652173913,5.326418796658912,0.15464278567140285,1.6299628001352722,50.48138567464767,45.44077206575102,50.48178243342822,51.83713201934828,42.71300518778631,47.7489710084678,49.55258451057959,50.16792653876926,48.66627703713217,0
713,10.982604366731799,0.5812650810065495,-8.100654946570147,5.285738584341177,0.12844591139417041,1.7212060818412678,50.48138567464767,45.44077206575102,50.48178243342822,51.83713201934828,42.71300518778631,47.7489710084678,49.55258451057959,50.16792653876926,48.66627703713217,0
714,11.180119100820285,0.6283309721378938,-4.5368683802199286,5.334649295795427,0.13061430858683745,1.5423939070478607,50.48138567464767,45.44077206575102,50.48178243342822,51.83713201934828,42.71300518778631,47.7489710084678,49.55258451057959,50.16792653876926,48.66627703713217,0
715,10.942119803265639,0.601985411067844,-2.4132068227938355,5.310245937413311,0.14002890173410404,1.6398992910620818,50.48138567464767,45.44077206575102,50.48178243342822,51.83713201934828,42.71300518778631,47.7489710084678,49.55258451057959,50.16792653876926,48.66627703713217,0
716,11.94569311018417,0.6741071428571429,-8.511904761904763,5.207297968160868,0.21015494499164794,1.7293380000429452,50.48138567464767,45.44077206575102,50.48178243342822,51.83713201934828,42.71300518778631,47.7489710084678,49.55258451057959,50.16792653876926,48.66627703713217,0
717,10.98838792779516,0.6175682069074279,-1.7084581822004943,5.354697699984144,0.18237372290652154,1.6493199290360734,50.48138567464767,45.44077206575102,50.48178243342822,51.83713201934828,42.71300518778631,47.7489710084678,49.55258451057959,50.16792653876926,48.66627703713217,0
718,12.00049945244065,0.6810312951695855,-5.462368482974218,5.777497404613124,0.05560309832576306,1.4591950503289834,50.48138567464767,45.44077206575102,50.48178243342822,51.83713201934828,42.71300518778631,47.7489710084678,49.55258451057959,50.16792653876926,48.66627703713217,0
719,10.938881337349272,0.61550719585678,-4.432050196703352,5.272486606513515,0.14638104511522232,1.68984175920974,50.48138567464767,45.44077206575102,50.48178243342822,51.83713201934828,42.71300518778631,47.7489710084678,49.55258451057959,50.16792653876926,48.66627703713217,0
720,11.935340770047425,0.6350347567030784,9.175769612711022,5.777497404613124,0.13718118077431155,1.7266648836587324,50.48138567464767,45.44077206575102,50.48178243342822,51.83713201934828,42.71300518778631,47.7489710084678,49.55258451057959,50.16792653876926,48.66627703713217,0
721,10.983796689132962,0.6240720057814861,-6.175678339136719,5.366910158013648,0.15067388003037205,1.7248285759846915,50.48138567464767,45.44077206575102,50.48178243342822,51.83713201934828,42.71300518778631,47.7489710084678,49.55258451057959,50.16792653876926,48.66627703713217,0
722,11.140540621373752,0.6344330196562875,0.018166624277876686,5.362699625477305,0.17737062286953828,1.7738916519599979,50.48138567464767,45.44077206575102,50.48178243342822,51.83713201934828,42.71300518778631,47.7489710084678,49.55258451057959,50.16792653876926,48.66627703713217,0
723,11.052342917639255,0.6142829333407492,1.1123779860396563,5.340418542566672,0.14767307247047928,1.5263721798757155,50.48138567464767,45.44077206575102,50.48178243342822,51.83713201934828,42.71300518778631,47.7489710084678,49.55258451057959,50.16792653876926,48.66627703713217,0
724,11.322834605151819,0.5925364734404087,-9.480929910385731,5.46763811116474,0.06804281345565749,1.5222022330734744,50.48138567464767,45.44077206575102,50.48178243342822,51.83713201934828,42.71300518778631,47.7489710084678,49.55258451057959,50.16792653876926,48.66627703713217,0
725,10.969447508928988,0.5922081779479225,3.283720009240619,5.2988172415896875,0.13843528179667197,1.6883042995313051,50.48138567464767,45.44077206575102,50.48178243342822,51.83713201934828,42.71300518778631,47.7489710084678,49.55258451057959,50.16792653876926,48.66627703713217,0
726,11.79995982770335,0.6340848357107908,-2.973390041025255,5.777497404613124,0.12937004820211645,1.8361915471839565,50.48138567464767,45.44077206575102,50.48178243342822,51.83713201934828,42.71300518778631,47.7489710084678,49.55258451057959,50.16792653876926,48.66627703713217,0
727,11.38644572234579,0.6569740354389263,1.2097938287370094,5.863347044327539,0.16830055410095598,1.702729087122527,60.83894856007259,56.9098892607366,49.68513454026508,55.74854198242201,60.82381710614071,75.06833904327985,62.93100206200335,57.71905547448902,59.96559100367615,1
728,11.398339189227757,0.6474524453083083,-1.7378510712248982,5.777497404613124,0.15119284731210325,1.6121311643414482,40.3088544562706,59.39037079850616,45.18395694651302,50.6930059906197,47.92607261877864,41.90483544511263,65.29988085405559,28.71992630188345,47.42836292646747,1
731,10.994354926631791,0.5987620133572243,-0.602704023456589,5.706777983635999,0.16626111763718746,1.6913669480744766,50.48138567464767,45.44077206575102,50.48178243342822,51.83713201934828,42.71300518778631,47.7489710084678,49.55258451057959,50.16792653876926,48.66627703713217,0
734,10.97301426030914,0.5973166133204718,-2.280001753847503,5.661918270557502,0.15359130665253115,1.6395819383388162,50.48138567464767,45.44077206575102,50.48178243342822,51.83713201934828,42.71300518778631,47.7489710084678,49.55258451057959,50.16792653876926,48.66627703713217,0
735,11.073986300004346,0.6424624499173993,-0.5316825854964586,5.754158681981268,0.13607176118817704,1.4871488719914536,50.48138567464767,45.44077206575102,50.48178243342822,51.83713201934828,42.71300518778631,47.7489710084678,49.55258451057959,50.16792653876926,48.66627703713217,0
736,10.999969239750733,0.6385679593789094,-4.268158069026418,5.726196069493101,0.14408195078499053,1.5344131015078277,50.48138567464767,45.44077206575102,50.48178243342822,51.83713201934828,42.71300518778631,47.7489710084678,49.55258451057959,50.16792653876926,48.66627703713217,0
737,10.875825859274787,0.6246398915438062,-4.194204372140315,5.76456394691606,0.137156617032778,1.5739605712119298,50.48138567464767,45.44077206575102,50.48178243342822,51.83713201934828,42.71300518778631,47.7489710084678,49.55258451057959,50.16792653876926,48.66627703713217,0
738,10.851598605159916,0.6365255725141927,-0.9098714646367563,5.745883650674837,0.10956663941128372,1.5578169757274234,50.48138567464767,45.44077206575102,50.48178243342822,51.83713201934828,42.71300518778631,47.7489710084678,49.55258451057959,50.16792653876926,48.66627703713217,0
739,11.115703786242852,0.6473585595466593,-3.99872040946897,5.699774453258662,0.13603193681318682,1.5762984218077476,50.48138567464767,45.44077206575102,50.48178243342822,51.83713201934828,42.71300518778631,47.7489710084678,49.55258451057959,50.16792653876926,48.66627703713217,0
741,11.312649691516114,0.6050197735975393,1.7158042309221402,5.721622392784532,0.14630294895582488,1.5380953574023501,50.48138567464767,45.44077206575102,50.48178243342822,51.83713201934828,42.71300518778631,47.7489710084678,49.55258451057959,50.16792653876926,48.66627703713217,0
742,10.795479444281359,0.6379820237750072,-6.726587416642505,5.746841964116648,0.11905336875150929,1.542508514930062,50.48138567464767,45.44077206575102,50.48178243342822,51.83713201934828,42.71300518778631,47.7489710084678,49.55258451057959,50.16792653876926,48.66627703713217,0
743,10.85220481544435,0.6458774704704414,-2.4668427315204458,5.723911845951367,0.10380942044714565,1.467806876892927,50.48138567464767,45.44077206575102,50.48178243342822,51.83713201934828,42.71300518778631,47.7489710084678,49.55258451057959,50.16792653876926,48.66627703713217,0
744,10.815119448869517,0.6356482980153888,-4.756094524266043,5.7430031878094825,0.13357332322849563,1.6095141828289847,50.48138567464767,45.44077206575102,50.48178243342822,51.83713201934828,42.71300518778631,47.7489710084678,49.55258451057959,50.16792653876926,48.66627703713217,0
745,10.823873885972567,0.6210171833175028,-1.9860115706761072,5.666772649022301,0.14165634400990976,1.5245252502718831,50.48138567464767,45.44077206575102,50.48178243342822,51.83713201934828,42.71300518778631,47.7489710084678,49.55258451057959,50.16792653876926,48.66627703713217,0
746,10.870505618672611,0.6272669279139707,-3.326346486831313,5.736249664793703,0.09201190203707943,1.5341931167769272,50.48138567464767,45.44077206575102,50.48178243342822,51.83713201934828,42.71300518778631,47.7489710084678,49.55258451057959,50.16792653876926,48.66627703713217,0
747,10.86525248063938,0.6348755061600758,-5.399040808707389,5.6131281063880705,0.11525670812263678,1.5621470588235293,50.48138567464767,45.44077206575102,50.48178243342822,51.83713201934828,42.71300518778631,47.7489710084678,49.55258451057959,50.16792653876926,48.66627703713217,0
748,11.20202389436202,0.6195012356773759,-1.407923313113158,5.766131099720736,0.20056434246677063,1.797547784078975,50.48138567464767,45.44077206575102,50.48178243342822,51.83713201934828,42.71300518778631,47.7489710084678,49.55258451057959,50.16792653876926,48.66627703713217,0
749,10.844408456026867,0.6545843600051874,-5.5116067954869665,5.766757273817589,0.13932310689067445,1.6370326950631757,50.48138567464767,45.44077206575102,50.48178243342822,51.83713201934828,42.71300518778631,47.7489710084678,49.55258451057959,50.16792653876926,48.66627703713217,0
751,10.989107471372101,0.6017405229444502,-4.725401659141027,5.758586266696875,0.13408738079396762,1.535810167142981,50.48138567464767,45.44077206575102,50.48178243342822,51.83713201934828,42.71300518778631,47.7489710084678,49.55258451057959,50.16792653876926,48.66627703713217,0
752,11.015280921160056,0.6072095242045878,-4.2726179118098475,5.749711406544601,0.14886971253110276,1.6285867166075847,50.48138567464767,45.44077206575102,50.48178243342822,51.83713201934828,42.71300518778631,47.7489710084678,49.55258451057959,50.16792653876926,48.66627703713217,0
753,10.893287077091832,0.6526132280214894,-2.9530010317714446,5.745244264463795,0.09789550832373574,1.5308244448916617,50.48138567464767,45.44077206575102,50.48178243342822,51.83713201934828,42.71300518778631,47.7489710084678,49.55258451057959,50.16792653876926,48.66627703713217,0
754,11.11916854771422,0.6288894798829832,-1.8426351582386686,5.738505910714586,0.10819203268641471,1.4094010220757995,50.48138567464767,45.44077206575102,50.48178243342822,51.83713201934828,42.71300518778631,47.7489710084678,49.55258451057959,50.16792653876926,48.66627703713217,0
755,10.767423374076303,0.6302087018040325,-2.971347718429431,5.7430031878094825,0.1347308288148722,1.6479351552237849,50.48138567464767,45.44077206575102,50.48178243342822,51.83713201934828,42.71300518778631,47.7489710084678,49.55258451057959,50.16792653876926,48.66627703713217,0
756,10.99139440866687,0.6072569653908886,-1.0277721920593428,5.761736867916757,0.13003992453823543,1.5786432824002112,50.48138567464767,45.44077206575102,50.48178243342822,51.83713201934828,42.71300518778631,47.7489710084678,49.55258451057959,50.16792653876926,48.66627703713217,0
757,11.197112743314033,0.6624061525767418,1.7825658829344615,6.532916364415733,0.19428812605514914,1.7865921224942076,50.48138567464767,45.44077206575102,50.48178243342822,51.83713201934828,42.71300518778631,47.7489710084678,49.55258451057959,50.16792653876926,48.66627703713217,0
758,10.80694427976353,0.6282179872952189,-5.767301905717152,5.736894826106403,0.10853897188678345,1.5647170407840658,50.48138567464767,45.44077206575102,50.48178243342822,51.83713201934828,42.71300518778631,47.7489710084678,49.55258451057959,50.16792653876926,48.66627703713217,0
760,11.119602837653302,0.6360937800621169,-3.3532144133249044,5.736894826106403,0.1832830855598295,1.5772929477953683,50.48138567464767,45.44077206575102,50.48178243342822,51.83713201934828,42.71300518778631,47.7489710084678,49.55258451057959,50.16792653876926,48.66627703713217,0
761,10.869655476598242,0.6455922092489675,-4.435833375822159,5.7407570774475625,0.16098904065216219,1.5976076555023924,50.48138567464767,45.44077206575102,50.48178243342822,51.83713201934828,42.71300518778631,47.7489710084678,49.55258451057959,50.16792653876926,48.66627703713217,0
763,11.164200266474667,0.6323757516520409,-0.7011877695854494,5.777961872830453,0.16311232712417076,1.6820832441686282,50.48138567464767,45.44077206575102,50.48178243342822,51.83713201934828,42.71300518778631,47.7489710084678,49.55258451057959,50.16792653876926,48.66627703713217,0
764,10.972787741862364,0.6438650435954677,-4.380607388062844,5.744604469176457,0.1380759417679724,1.5367750627717558,50.48138567464767,45.44077206575102,50.48178243342822,51.83713201934828,42.71300518778631,47.7489710084678,49.55258451057959,50.16792653876926,48.66627703713217,0
765,10.794476886547757,0.6281892245281121,-7.744660877728233,5.61458689585173,0.11079079477111188,1.5085701751637264,50.48138567464767,45.44077206575102,50.48178243342822,51.83713201934828,42.71300518778631,47.7489710084678,49.55258451057959,50.16792653876926,48.66627703713217,0
766,11.213213995237028,0.6520494766134862,-0.8021628687720966,5.754158681981268,0.15243393602225314,1.6430188679245283,50.48138567464767,45.44077206575102,50.48178243342822,51.83713201934828,42.71300518778631,47.7489710084678,49.55258451057959,50.16792653876926,48.66627703713217,0
767,11.035387926970403,0.6411171317478411,-1.6552413373100765,5.710758088392627,0.19472152144381913,1.7532252272162214,52.74819506013428,31.493709548228463,54.12440127600394,51.83713201934828,39.96931619630144,66.21561861881602,24.30848107320834,27.382595436854345,43.50993115361189,1
769,11.02100337162347,0.6829547866694969,-6.368074718743366,5.635860458170742,0.11016635859519408,1.5764478764478764,50.48138567464767,45.44077206575102,50.48178243342822,51.83713201934828,42.71300518778631,47.7489710084678,49.55258451057959,50.16792653876926,48.66627703713217,0
770,10.978515572507124,0.6450837192732455,-6.234413965087282,5.642616039418714,0.07542204568023833,1.7481704990809142,50.48138567464767,45.44077206575102,50.48178243342822,51.83713201934828,42.71300518778631,47.7489710084678,49.55258451057959,50.16792653876926,48.66627703713217,0
771,11.077058879669693,0.6597607859888936,-8.917129431866725,5.665734407018671,0.06461644782308223,1.4489703259283282,50.48138567464767,45.44077206575102,50.48178243342822,51.83713201934828,42.71300518778631,47.7489710084678,49.55258451057959,50.16792653876926,48.66627703713217,0
773,10.719798820445675,0.6485647334504979,-10.427650849443468,5.678122727875623,0.09571657947894546,1.5787539315121744,50.48138567464767,45.44077206575102,50.48178243342822,51.83713201934828,42.71300518778631,47.7489710084678,49.55258451057959,50.16792653876926,48.66627703713217,0
774,10.80941880986925,0.6376420846226907,-4.105517938662336,5.694068782468562,0.05834588083458808,1.4973061852784775,50.48138567464767,45.44077206575102,50.48178243342822,51.83713201934828,42.71300518778631,47.7489710084678,49.55258451057959,50.16792653876926,48.66627703713217,0
775,11.657757143185496,0.6933550836938634,-2.798986865862031,4.950885289690482,0.15855704697986578,1.6724439116287035,45.446076758207305,66.24010882645561,64.14988139784933,61.83680953396812,51.09697084399628,60.27287513665454,40.88381415219276,35.540758189338085,53.18341185483276,1
776,11.46295865882906,0.6166283224308479,1.3994762566130554,4.92870191133357,0.18597162442212659,1.750673541434411,53.37032630144468,55.42996564162605,55.70331505839083,61.316275804469925,36.04334525400861,52.37599117291674,22.309160821872123,39.3591964348795,46.98844706120106,1
777,11.402706499468675,0.6662210338680927,1.4175367116543587,4.963543686562405,0.16467860435232004,1.6835468294824214,50.14595501909595,50.695375667775785,48.963136700980485,50.36497474391759,36.25120048760439,52.90893719616088,75.52338127082109,26.78433002140465,48.9546613884701,1
778,11.714087585118031,0.6731624455899874,5.803734679673953,4.937347498326424,0.12768809537390907,1.5871108572361174,50.48138567464767,45.44077206575102,50.48178243342822,51.83713201934828,42.71300518778631,47.7489710084678,49.55258451057959,50.16792653876926,48.66627703713217,0
779,11.209387685873194,0.6397952077583761,-0.0644811843903949,4.894101477840304,0.11840535524920466,1.5503946840297909,50.48138567464767,45.44077206575102,50.48178243342822,51.83713201934828,42.71300518778631,47.7489710084678,49.55258451057959,50.16792653876926,48.66627703713217,0
780,11.309303864311293,0.645799211404307,-2.3253462743908604,4.953712146696635,0.15286554406983965,1.5915988293450727,50.48138567464767,45.44077206575102,50.48178243342822,51.83713201934828,42.71300518778631,47.7489710084678,49.55258451057959,50.16792653876926,48.66627703713217,0
781,11.347196683522842,0.6435947180674636,-3.016459102572126,4.935193098929397,0.12864597019407636,1.6121000102891243,50.48138567464767,45.44077206575102,50.48178243342822,51.83713201934828,42.71300518778631,47.7489710084678,49.55258451057959,50.16792653876926,48.66627703713217,0
782,11.567173091019216,0.6507059207797975,-3.7433802723859646,4.911183215124596,0.1500542888165038,1.6624164909445638,45.79007469877312,52.89141414418168,50.99457959393213,49.77313161418669,29.851365557182955,56.63740206127344,61.44050633734712,30.200590006930465,47.197383001725946,1
783,11.383190286170747,0.6187745553026739,0.4704446337524953,4.919980925828125,0.12499086591158202,1.5673988153998026,50.48138567464767,45.44077206575102,50.48178243342822,51.83713201934828,42.71300518778631,47.7489710084678,49.55258451057959,50.16792653876926,48.66627703713217,0
784,11.130784716748309,0.6270774335650333,0.22883949769730255,5.004617221770693,0.17835513348862211,1.703065326633166,50.48138567464767,45.44077206575102,50.48178243342822,51.83713201934828,42.71300518778631,47.7489710084678,49.55258451057959,50.16792653876926,48.66627703713217,0
785,11.295790078432502,0.6939246989858269,1.5336751237894921,4.943782987108415,0.17193118327156054,1.7283600120809424,42.50570973383629,44.48581076507476,44.56735597031271,55.63063478472984,35.2472909214923,45.093619356979794,58.300796022507,40.021414124076784,45.73157895987619,1
787,11.244419679913888,0.636145850251746,-3.085918466785772,4.933754249760298,0.12475572925919347,1.6783263294736523,50.48138567464767,45.44077206575102,50.48178243342822,51.83713201934828,42.71300518778631,47.7489710084678,49.55258451057959,50.16792653876926,48.66627703713217,0
788,11.040751482210265,0.6463113976863266,-9.482268158543524,4.984975547315678,0.2163123932434997,1.8064345059218667,50.48138567464767,45.44077206575102,50.48178243342822,51.83713201934828,42.71300518778631,47.7489710084678,49.55258451057959,50.16792653876926,48.66627703713217,0
789,11.196516017878498,0.6131454949891172,-2.128728264249324,4.90453376321371,0.12088186950618167,1.5660637756955038,50.48138567464767,45.44077206575102,50.48178243342822,51.83713201934828,42.71300518778631,47.7489710084678,49.55258451057959,50.16792653876926,48.66627703713217,0
790,11.082053314127242,0.6192399117908183,-3.2648852994243494,4.938781190328272,0.07756765067650677,1.6558040411125199,50.48138567464767,45.44077206575102,50.48178243342822,51.83713201934828,42.71300518778631,47.7489710084678,49.55258451057959,50.16792653876926,48.66627703713217,0
791,11.336973181223643,0.6446470062555854,-5.326184092940125,4.92870191133357,0.19856915121116683,1.7712290733155565,50.48138567464767,45.44077206575102,50.48178243342822,51.83713201934828,42.71300518778631,47.7489710084678,49.55258451057959,50.16792653876926,48.66627703713217,0
792,11.461286847807736,0.7027668972414368,-8.834069505792149,4.8993312245375815,0.15384907812203003,1.655819275184929,50.48138567464767,45.44077206575102,50.48178243342822,51.83713201934828,42.71300518778631,47.7489710084678,49.55258451057959,50.16792653876926,48.66627703713217,0
793,11.250941028359003,0.6401649513358612,-0.5416834122560241,4.9621450849358215,0.057077930757920066,1.3712869835498342,50.48138567464767,45.44077206575102,50.48178243342822,51.83713201934828,42.71300518778631,47.7489710084678,49.55258451057959,50.16792653876926,48.66627703713217,0
794,11.37117985642963,0.6451851045032616,18.16553510268792,4.981549713201159,0.20077555659557397,1.6817595874959717,50.48138567464767,45.44077206575102,50.48178243342822,51.83713201934828,42.71300518778631,47.7489710084678,49.55258451057959,50.16792653876926,48.66627703713217,0
795,11.127351215559857,0.6304128902316214,0.3064932790402382,4.947340443723942,0.07817979642460011,1.3587440227756433,50.48138567464767,45.44077206575102,50.48178243342822,51.83713201934828,42.71300518778631,47.7489710084678,49.55258451057959,50.16792653876926,48.66627703713217,0
796,11.307040867379406,0.6576766304347826,-14.19836956521739,4.895598484107897,0.17630238934586762,1.8277734678044997,50.48138567464767,45.44077206575102,50.48178243342822,51.83713201934828,42.71300518778631,47.7489710084678,49.55258451057959,50.16792653876926,48.66627703713217,0
797,11.146164109491199,0.6827986679384842,3.4138259952808876,4.919980925828125,0.14333308094192473,1.6473109704431042,50.48138567464767,45.44077206575102,50.48178243342822,51.83713201934828,42.71300518778631,47.7489710084678,49.55258451057959,50.16792653876926,48.66627703713217,0
798,11.171461389828744,0.7052256206281717,-4.416403785488959,4.927253685157205,0.09798259335017848,1.3986385226955218,50.48138567464767,45.44077206575102,50.48178243342822,51.83713201934828,42.71300518778631,47.7489710084678,49.55258451057959,50.16792653876926,48.66627703713217,0
799,11.504531332611817,0.6650582534281885,-1.0722754923187956,4.943782987108415,0.16876003070267254,1.627838707404711,50.48138567464767,45.44077206575102,50.48178243342822,51.83713201934828,42.71300518778631,47.7489710084678,49.55258451057959,50.16792653876926,48.66627703713217,0
800,11.215171507611219,0.6555372560762589,-3.568398462843739,5.052416828111211,0.1400440264158495,1.602891110510673,50.48138567464767,45.44077206575102,50.48178243342822,51.83713201934828,42.71300518778631,47.7489710084678,49.55258451057959,50.16792653876926,48.66627703713217,0
801,11.263188934011463,0.6734850030605999,-3.468679861252806,4.890349128221754,0.1903449226422246,1.747619400954713,50.48138567464767,45.44077206575102,50.48178243342822,51.83713201934828,42.71300518778631,47.7489710084678,49.55258451057959,50.16792653876926,48.66627703713217,0
802,11.203525251797265,0.6371997214807937,-6.875942903562725,4.93014804318357,0.15885268546355732,1.568881984306704,50.48138567464767,45.44077206575102,50.48178243342822,51.83713201934828,42.71300518778631,47.7489710084678,49.55258451057959,50.16792653876926,48.66627703713217,0
803,11.30618784734194,0.6595593316801496,-4.918899142241554,4.91338990965742,0.16382919341334076,1.5880780478888685,50.48138567464767,45.44077206575102,50.48178243342822,51.83713201934828,42.71300518778631,47.7489710084678,49.55258451057959,50.16792653876926,48.66627703713217,0
804,11.128153763766846,0.6191133204829056,-2.3333671502485545,4.942356453342962,0.09789156626506024,1.4449869362117653,50.48138567464767,45.44077206575102,50.48178243342822,51.83713201934828,42.71300518778631,47.7489710084678,49.55258451057959,50.16792653876926,48.66627703713217,0
805,11.228983057911735,0.6649552673422863,-3.448341922259047,4.943782987108415,0.1383964011643292,1.5745590197144128,50.48138567464767,45.44077206575102,50.48178243342822,51.83713201934828,42.71300518778631,47.7489710084678,49.55258451057959,50.16792653876926,48.66627703713217,0
806,11.075503636912483,0.6512196843170003,-3.6696384465197243,4.918520005188451,0.1431582981985435,1.7275212956146808,50.48138567464767,45.44077206575102,50.48178243342822,51.83713201934828,42.71300518778631,47.7489710084678,49.55258451057959,50.16792653876926,48.66627703713217,0
807,11.65542712913873,0.6636798938036316,1.943772815626037,4.952299717083292,0.1574878077792316,1.6346790890269152,50.48138567464767,45.44077206575102,50.48178243342822,51.83713201934828,42.71300518778631,47.7489710084678,49.55258451057959,50.16792653876926,48.66627703713217,0
808,11.113425032762063,0.6352741146222112,-3.3590445384423986,4.93014804318357,0.13771452490581834,1.6926296011614996,50.48138567464767,45.44077206575102,50.48178243342822,51.83713201934828,42.71300518778631,47.7489710084678,49.55258451057959,50.16792653876926,48.66627703713217,0
809,11.209455415717834,0.6781229291968127,6.36024346777266,5.739792912179234,0.17508096780339114,1.7306090873927784,56.67157221221196,41.20409626054512,63.58341253925794,69.15896267396134,49.12728669769186,76.25924677928154,69.8124545999388,64.35072807194732,61.27096997935448,1
810,10.694203723502183,0.643295947203061,1.0443543432854159,5.722931293494962,0.19429813964725778,1.7072525854278926,50.48138567464767,45.44077206575102,50.48178243342822,51.83713201934828,42.71300518778631,47.7489710084678,49.55258451057959,50.16792653876926,48.66627703713217,0
811,10.594397231755881,0.6675264738422633,-0.07586533902323375,5.727824469136439,0.18674132330312873,1.785690485566292,50.48138567464767,45.44077206575102,50.48178243342822,51.83713201934828,42.71300518778631,47.7489710084678,49.55258451057959,50.16792653876926,48.66627703713217,0
812,11.067114811321966,0.6772331938268376,6.964425843578342,5.7407570774475625,0.20228636561735225,1.7796980914379117,50.236145586816406,23.286755247260324,60.968039426457054,58.34163963274926,38.5265798145535,52.083826210604194,67.3324768211625,44.58919471902302,49.42058218232828,1
813,10.993272662712586,0.6851663373845018,1.1774331956335191,5.738505910714586,0.25022032902467684,1.8694393261384574,50.48138567464767,45.44077206575102,50.48178243342822,51.83713201934828,42.71300518778631,47.7489710084678,49.55258451057959,50.16792653876926,48.66627703713217,0
814,10.949869265600586,0.664307724697596,-0.837352625937835,5.751301990624177,0.22340379730486074,1.7923825294969986,50.48138567464767,45.44077206575102,50.48178243342822,51.83713201934828,42.71300518778631,47.7489710084678,49.55258451057959,50.16792653876926,48.66627703713217,0
815,10.63662678330781,0.6696122696368652,-1.0628766184712144,5.736894826106403,0.19075479909095305,1.717129369821411,50.48138567464767,45.44077206575102,50.48178243342822,51.83713201934828,42.71300518778631,47.7489710084678,49.55258451057959,50.16792653876926,48.66627703713217,0
817,10.766523066709192,0.6342954695866675,-1.4138740148005535,5.722931293494962,0.2056154854319992,1.7220904246175004,50.48138567464767,45.44077206575102,50.48178243342822,51.83713201934828,42.71300518778631,47.7489710084678,49.55258451057959,50.16792653876926,48.66627703713217,0
818,11.058491201674695,0.6634909002076462,8.468710557387729,5.738505910714586,0.27270656136087484,1.9547188053929205,50.48138567464767,45.44077206575102,50.48178243342822,51.83713201934828,42.71300518778631,47.7489710084678,49.55258451057959,50.16792653876926,48.66627703713217,0
819,10.880807530237734,0.6776308525260525,-1.6257810031106863,5.736894826106403,0.21000376081233546,1.7545581677616824,50.48138567464767,45.44077206575102,50.48178243342822,51.83713201934828,42.71300518778631,47.7489710084678,49.55258451057959,50.16792653876926,48.66627703713217,0
820,11.215233459889129,0.6811686676910522,-2.5132171784253976,5.7481182884762525,0.2188670846162407,1.825303706780189,50.93962725578081,41.19347701787191,53.65656922886182,59.21874068980097,42.71300518778631,53.30285794521677,69.22157752238095,41.55528230256552,51.47514214378313,1
821,10.738205907388904,0.6500903481526509,-5.4042351216993785,5.694741730004052,0.1922759691426908,1.6512188676752328,50.48138567464767,45.44077206575102,50.48178243342822,51.83713201934828,42.71300518778631,47.7489710084678,49.55258451057959,50.16792653876926,48.66627703713217,0
822,10.724566099804273,0.6718943096561236,-5.118678392320388,5.763936397475948,0.1869836080060089,1.7045502264615016,50.48138567464767,45.44077206575102,50.48178243342822,51.83713201934828,42.71300518778631,47.7489710084678,49.55258451057959,50.16792653876926,48.66627703713217,0
823,10.615839142279787,0.6556934700485699,-0.81679088694739,5.736249664793703,0.1983854594672983,1.7482988659106071,50.48138567464767,45.44077206575102,50.48178243342822,51.83713201934828,42.71300518778631,47.7489710084678,49.55258451057959,50.16792653876926,48.66627703713217,0
824,11.07071130663181,0.6895727517179564,-3.0630321194911883,5.733664849138071,0.1839912139027069,1.7301835676584614,40.95248616936929,26.838216879037,54.12468578414717,49.47112485054024,37.614135458229214,52.95516498186382,66.23392994926263,52.65595227775026,47.60571204377496,1
825,10.66088102403856,0.6364439287538857,0.8658983262185354,5.717685379825192,0.18584411213155744,1.774386353715456,50.48138567464767,45.44077206575102,50.48178243342822,51.83713201934828,42.71300518778631,47.7489710084678,49.55258451057959,50.16792653876926,48.66627703713217,0
826,10.697786906088576,0.660935914869736,0.09713138638865505,5.733664849138071,0.16510633967640176,1.6412586235907791,50.48138567464767,45.44077206575102,50.48178243342822,51.83713201934828,42.71300518778631,47.7489710084678,49.55258451057959,50.16792653876926,48.66627703713217,0
827,10.761335281132625,0.6635244123236222,-2.169651808292559,5.736894826106403,0.13025410775697363,1.6286641900540069,50.48138567464767,45.44077206575102,50.48178243342822,51.83713201934828,42.71300518778631,47.7489710084678,49.55258451057959,50.16792653876926,48.66627703713217,0
828,10.658016715101686,0.6573684210526316,-2.8183361629881154,5.7375395714543345,0.14821963732412252,1.7102891869237218,50.48138567464767,45.44077206575102,50.48178243342822,51.83713201934828,42.71300518778631,47.7489710084678,49.55258451057959,50.16792653876926,48.66627703713217,0
829,10.68862577428545,0.646969696969697,-3.2059727711901624,5.719983853994209,0.1582880800043013,1.67220868046713,50.48138567464767,45.44077206575102,50.48178243342822,51.83713201934828,42.71300518778631,47.7489710084678,49.55258451057959,50.16792653876926,48.66627703713217,0
830,10.910907006821363,0.6674397725572347,-3.2451743229088734,5.713732805509369,0.21760079067660504,1.8053390435403283,50.48138567464767,45.44077206575102,50.48178243342822,51.83713201934828,42.71300518778631,47.7489710084678,49.55258451057959,50.16792653876926,48.66627703713217,0
831,10.823553150629266,0.6466606973559464,0.9348993995575687,5.750347943803522,0.1548235545352624,1.5903311348337525,50.48138567464767,45.44077206575102,50.48178243342822,51.83713201934828,42.71300518778631,47.7489710084678,49.55258451057959,50.16792653876926,48.66627703713217,0
832,10.895188123053675,0.6750498950759496,0.1540169546997632,5.751301990624177,0.21179777957783388,1.705592105263158,50.48138567464767,45.44077206575102,50.48178243342822,51.83713201934828,42.71300518778631,47.7489710084678,49.55258451057959,50.16792653876926,48.66627703713217,0
833,10.981371485553755,0.6483375064695268,1.0910769489012295,5.763308453970228,0.18216630196936542,1.6898927010200027,50.48138567464767,45.44077206575102,50.48178243342822,51.83713201934828,42.71300518778631,47.7489710084678,49.55258451057959,50.16792653876926,48.66627703713217,0
834,10.752058174047725,0.6600354934737807,-3.15815586596443,5.702114417555504,0.17750670094633772,1.613390450164334,50.48138567464767,45.44077206575102,50.48178243342822,51.83713201934828,42.71300518778631,47.7489710084678,49.55258451057959,50.16792653876926,48.66627703713217,0
835,10.752276443641497,0.6397012352772192,-1.7810973858086758,5.706777983635999,0.12299114463758609,1.6299282491308529,50.48138567464767,45.44077206575102,50.48178243342822,51.83713201934828,42.71300518778631,47.7489710084678,49.55258451057959,50.16792653876926,48.66627703713217,0
836,10.729779175865156,0.6480840493545629,-2.1175224986765486,5.725217755376266,0.14138058324104835,1.6434596940739963,50.48138567464767,45.44077206575102,50.48178243342822,51.83713201934828,42.71300518778631,47.7489710084678,49.55258451057959,50.16792653876926,48.66627703713217,0
838,10.73184939572641,0.6639210031041478,-4.692884902109354,5.692384429703832,0.20840737450022212,1.70275552830261,50.48138567464767,45.44077206575102,50.48178243342822,51.83713201934828,42.71300518778631,47.7489710084678,49.55258451057959,50.16792653876926,48.66627703713217,0
839,10.869741094095467,0.6366954316290866,-0.9433670471064922,5.758586266696875,0.12527699807947998,1.5296037000665252,50.48138567464767,45.44077206575102,50.48178243342822,51.83713201934828,42.71300518778631,47.7489710084678,49.55258451057959,50.16792653876926,48.66627703713217,0
840,10.68181652074071,0.6536096921477329,-2.6671488630712896,5.722277057292366,0.12305374183827222,1.6218406542574844,50.48138567464767,45.44077206575102,50.48178243342822,51.83713201934828,42.71300518778631,47.7489710084678,49.55258451057959,50.16792653876926,48.66627703713217,0
841,10.988181765920181,0.6856462463894532,-2.535305640149583,5.760792729372981,0.21663050325470706,1.8669673342506243,57.47419397885592,27.456170925860423,47.41677688196226,41.70183083121602,30.713475846840087,54.674455806779726,44.05356569116892,48.02017986952272,43.93883122902576,1
842,11.572113761647751,0.6629608237922413,0.010545630945099445,5.160777952525975,0.1470525187566988,1.6275544174135723,50.32635735694239,62.70078443387187,53.45819198333075,50.958103412853966,44.27112759303443,49.77204552581929,38.57488768960282,34.622652769763576,48.08551884565239,1
843,11.492457416330364,0.6556633576877573,1.9972606573574248,4.960744524482791,0.16983530302620548,1.6970364785710144,47.45796020066076,48.52998004674674,41.60477724921711,50.8231155989497,39.7164518605053,23.47730307094195,33.327215172510584,32.09557028611545,39.62904668570594,1
844,11.44217140063609,0.6559812561569797,-2.280855897831856,4.923623917106626,0.1487086359967716,1.5046220055771469,50.48138567464767,45.44077206575102,50.48178243342822,51.83713201934828,42.71300518778631,47.7489710084678,49.55258451057959,50.16792653876926,48.66627703713217,0
845,12.170603486489508,0.6409975335708413,-22.74595779665662,5.777497404613124,0.15119284731210325,1.6121311643414482,50.48138567464767,45.44077206575102,50.48178243342822,51.83713201934828,42.71300518778631,47.7489710084678,49.55258451057959,50.16792653876926,48.66627703713217,0
846,11.176886134631568,0.7052732907588279,-5.2122464312546954,4.947340443723942,0.16539948453608247,1.6052391610710437,50.48138567464767,45.44077206575102,50.48178243342822,51.83713201934828,42.71300518778631,47.7489710084678,49.55258451057959,50.16792653876926,48.66627703713217,0
847,11.657865283326574,0.7543709138242168,-5.073514185131497,4.916324614625014,0.1368087010767854,1.53491614986606,50.48138567464767,45.44077206575102,50.48178243342822,51.83713201934828,42.71300518778631,47.7489710084678,49.55258451057959,50.16792653876926,48.66627703713217,0
848,11.784340188658067,0.6828931889172853,-5.882114315849256,4.935193098929397,0.13387923950925112,1.4546900153127331,50.48138567464767,45.44077206575102,50.48178243342822,51.83713201934828,42.71300518778631,47.7489710084678,49.55258451057959,50.16792653876926,48.66627703713217,0
849,11.008782462668101,0.6404171626727395,-2.199679105636354,4.960744524482791,0.1228583368157125,1.604136801146836,50.48138567464767,45.44077206575102,50.48178243342822,51.83713201934828,42.71300518778631,47.7489710084678,49.55258451057959,50.16792653876926,48.66627703713217,0
850,11.463616516255362,0.6930832162631188,8.862903892240311,5.290285194850773,0.3157483086308709,1.773548013324965,50.48138567464767,45.44077206575102,50.48178243342822,51.83713201934828,42.71300518778631,47.7489710084678,49.55258451057959,50.16792653876926,48.66627703713217,0
851,11.049482666330128,0.6331068560840025,-0.9199269315180109,4.975353479951616,0.1319573676196921,1.5419644070099172,50.48138567464767,45.44077206575102,50.48178243342822,51.83713201934828,42.71300518778631,47.7489710084678,49.55258451057959,50.16792653876926,48.66627703713217,0
852,11.493325637108853,0.6321247178329571,-16.471501128668173,4.943782987108415,0.10855402318301041,1.69967978042086,50.48138567464767,45.44077206575102,50.48178243342822,51.83713201934828,42.71300518778631,47.7489710084678,49.55258451057959,50.16792653876926,48.66627703713217,0
853,11.620989423032347,0.6554816925187296,-0.40097077134114173,4.857484114602081,0.16666193302848703,1.7328024363643846,50.48138567464767,45.44077206575102,50.48178243342822,51.83713201934828,42.71300518778631,47.7489710084678,49.55258451057959,50.16792653876926,48.66627703713217,0
854,11.760904447943973,0.7251994520106374,23.289547908775887,5.777497404613124,0.1714031273736871,1.6853579252349657,50.48138567464767,45.44077206575102,50.48178243342822,51.83713201934828,42.71300518778631,47.7489710084678,49.55258451057959,50.16792653876926,48.66627703713217,0
855,11.975399568348536,0.6498817638058144,-11.545416608707749,4.9082333604781745,0.10633356557513023,1.5855072463768116,50.48138567464767,45.44077206575102,50.48178243342822,51.83713201934828,42.71300518778631,47.7489710084678,49.55258451057959,50.16792653876926,48.66627703713217,0
856,11.45844604764772,0.6796279603376219,-2.2125706793411455,4.90453376321371,0.14270668773038442,1.6434448369000623,50.48138567464767,45.44077206575102,50.48178243342822,51.83713201934828,42.71300518778631,47.7489710084678,49.55258451057959,50.16792653876926,48.66627703713217,0
857,11.440993277924598,0.6515797671141438,-2.243565971964696,4.932313327320786,0.08636218005766971,1.4098524750351533,50.48138567464767,45.44077206575102,50.48178243342822,51.83713201934828,42.71300518778631,47.7489710084678,49.55258451057959,50.16792653876926,48.66627703713217,0
858,11.818736706444112,0.6450658779241731,0.8066684592632428,5.777497404613124,0.11782250242483026,1.4917552756420742,50.48138567464767,45.44077206575102,50.48178243342822,51.83713201934828,42.71300518778631,47.7489710084678,49.55258451057959,50.16792653876926,48.66627703713217,0
859,11.331524684131953,0.6481029666560588,-7.84979314734274,4.8721392168423305,0.21035985652022987,1.8363680504976936,50.48138567464767,45.44077206575102,50.48178243342822,51.83713201934828,42.71300518778631,47.7489710084678,49.55258451057959,50.16792653876926,48.66627703713217,0
860,11.315207184615955,0.6851534175243935,1.4538774119765432,5.992214265998528,0.15739624591010848,1.7550039868332277,50.48138567464767,45.44077206575102,50.48178243342822,51.83713201934828,42.71300518778631,47.7489710084678,49.55258451057959,50.16792653876926,48.66627703713217,0
862,11.368795245550205,0.6589214895752769,0.8063321759449719,5.046002437933547,0.15119284731210325,1.482571595558153,39.09605361606429,55.9006344593341,51.33717775736304,50.71310321259206,36.023079835746664,47.6164911121629,35.72992154885784,25.46287749182658,42.73491737924344,1
863,11.51485160876369,0.5872031382527566,-1.4843087362171332,5.004617221770693,0.15119284731210325,1.3907897128316975,50.48138567464767,45.44077206575102,50.48178243342822,51.83713201934828,42.71300518778631,47.7489710084678,49.55258451057959,50.16792653876926,48.66627703713217,0
864,11.073364131066192,0.5933757377800699,-2.52134548163429,4.983606621708336,0.15119284731210325,1.4125236441658904,50.48138567464767,45.44077206575102,50.48178243342822,51.83713201934828,42.71300518778631,47.7489710084678,49.55258451057959,50.16792653876926,48.66627703713217,0
865,11.683349020431656,0.64559634343807,2.295599417901576,5.021245473208271,0.15119284731210325,1.383780670429674,49.86016867217851,60.32794488857434,42.39090583933015,58.1601746699238,32.01639407006214,38.712957860387526,39.43387354107302,21.25365085692449,42.76950879980675,1
866,11.76186073195674,0.6381036931818181,-8.913352272727272,5.046002437933547,0.15119284731210325,1.4700812554938576,42.24644463106159,80.98847600271357,46.86433502593977,48.17403594561093,31.17429081566057,31.132543502181168,49.03709658478316,30.54371904577737,45.02011769421602,1
867,11.216041181753647,0.5802942267276548,-0.865372728396588,5.0072963928307415,0.15119284731210325,1.4100558966875016,50.48138567464767,45.44077206575102,50.48178243342822,51.83713201934828,42.71300518778631,47.7489710084678,49.55258451057959,50.16792653876926,48.66627703713217,0
868,11.166281470982806,0.5860528714676391,4.284412032816773,4.981549713201159,0.15119284731210325,1.384713410335665,50.48138567464767,45.44077206575102,50.48178243342822,51.83713201934828,42.71300518778631,47.7489710084678,49.55258451057959,50.16792653876926,48.66627703713217,0
870,11.363949705449082,0.6263495478267798,-8.844269152623403,4.976733742420574,0.11084700103002931,1.6200515741449177,50.48138567464767,45.44077206575102,50.48178243342822,51.83713201934828,42.71300518778631,47.7489710084678,49.55258451057959,50.16792653876926,48.66627703713217,0
871,11.100846533671547,0.6717454757734967,-4.728546409807356,5.17558460116574,0.1457229639047821,1.7467757808048894,50.48138567464767,45.44077206575102,50.48178243342822,51.83713201934828,42.71300518778631,47.7489710084678,49.55258451057959,50.16792653876926,48.66627703713217,0
872,11.254188414202227,0.6527983521677178,9.254948434700413,5.46848199307136,0.21780667043527416,1.7397213862925245,50.48138567464767,45.44077206575102,50.48178243342822,51.83713201934828,42.71300518778631,47.7489710084678,49.55258451057959,50.16792653876926,48.66627703713217,0
873,11.464842800463876,0.6108640501417699,-5.044023280107447,4.981549713201159,0.061474644044994205,1.5083848190644307,50.48138567464767,45.44077206575102,50.48178243342822,51.83713201934828,42.71300518778631,47.7489710084678,49.55258451057959,50.16792653876926,48.66627703713217,0
874,11.183377798081626,0.5987678090103966,-4.706285029735164,4.984975547315678,0.11334090622239051,1.495895382665553,50.48138567464767,45.44077206575102,50.48178243342822,51.83713201934828,42.71300518778631,47.7489710084678,49.55258451057959,50.16792653876926,48.66627703713217,0
875,11.750636000706745,0.6584714991906907,-0.9550527907605408,5.01396308418893,0.11077142263512511,1.5787636551679558,50.48138567464767,45.44077206575102,50.48178243342822,51.83713201934828,42.71300518778631,47.7489710084678,49.55258451057959,50.16792653876926,48.66627703713217,0
876,11.060016486032922,0.6236071675693732,-5.058337906516189,4.993149979755236,0.13313053928195884,1.8026797275235038,50.48138567464767,45.44077206575102,50.48178243342822,51.83713201934828,42.71300518778631,47.7489710084678,49.55258451057959,50.16792653876926,48.66627703713217,0
877,11.132232966252607,0.6153989299837171,-5.024424284717376,4.976733742420574,0.06976551838220091,1.504088213278056,50.48138567464767,45.44077206575102,50.48178243342822,51.83713201934828,42.71300518778631,47.7489710084678,49.55258451057959,50.16792653876926,48.66627703713217,0
878,11.688771098161846,0.6391897974493623,-5.161290322580645,5.005957704545144,0.11030559892928843,1.4369171081101246,50.48138567464767,45.44077206575102,50.48178243342822,51.83713201934828,42.71300518778631,47.7489710084678,49.55258451057959,50.16792653876926,48.66627703713217,0
879,11.09521518988553,0.6435349940688019,-4.367518602394047,4.9883896851489355,0.16116777470372054,1.7493869395416426,50.48138567464767,45.44077206575102,50.48178243342822,51.83713201934828,42.71300518778631,47.7489710084678,49.55258451057959,50.16792653876926,48.66627703713217,0
880,11.166104666212295,0.652511526328561,-5.823829167677748,4.976733742420574,0.10874071514942131,1.7416248030676853,50.48138567464767,45.44077206575102,50.48178243342822,51.83713201934828,42.71300518778631,47.7489710084678,49.55258451057959,50.16792653876926,48.66627703713217,0
881,11.224285600648887,0.6765561843168957,-6.1708434384263,4.989752083179832,0.11526378507203987,1.5937698820535409,50.48138567464767,45.44077206575102,50.48178243342822,51.83713201934828,42.71300518778631,47.7489710084678,49.55258451057959,50.16792653876926,48.66627703713217,0
882,11.018051927418165,0.6109811476537773,-3.784230081188936,4.9883896851489355,0.11304113041130412,1.7205737051792829,50.48138567464767,45.44077206575102,50.48178243342822,51.83713201934828,42.71300518778631,47.7489710084678,49.55258451057959,50.16792653876926,48.66627703713217,0
883,12.33496309813292,0.6317034700315457,-4.162285313704872,5.112590016619249,0.0790453496165016,1.3684133632024935,50.48138567464767,45.44077206575102,50.48178243342822,51.83713201934828,42.71300518778631,47.7489710084678,49.55258451057959,50.16792653876926,48.66627703713217,0
884,11.768044313923452,0.6031734985037233,-8.142529055605818,4.935193098929397,0.08776621767065654,1.6433194746291222,50.48138567464767,45.44077206575102,50.48178243342822,51.83713201934828,42.71300518778631,47.7489710084678,49.55258451057959,50.16792653876926,48.66627703713217,0
885,11.06691801073655,0.6462691895751518,-5.164822087349756,4.997887721273753,0.05269918023497412,1.531083206559575,50.48138567464767,45.44077206575102,50.48178243342822,51.83713201934828,42.71300518778631,47.7489710084678,49.55258451057959,50.16792653876926,48.66627703713217,0
886,11.584387153086594,0.6468418166409093,-9.47205743057979,5.011967739330034,0.12288444703822585,1.6282891260699566,50.48138567464767,45.44077206575102,50.48178243342822,51.83713201934828,42.71300518778631,47.7489710084678,49.55258451057959,50.16792653876926,48.66627703713217,0
887,11.171427621113486,0.6391837927340022,-0.9550527907605408,4.991792206294776,0.15119284731210325,1.457449686215105,50.48138567464767,45.44077206575102,50.48178243342822,51.83713201934828,42.71300518778631,47.7489710084678,49.55258451057959,50.16792653876926,48.66627703713217,0
888,11.864963776322183,0.7405842230130486,-5.523428232502966,5.071416766356115,0.14144428838951312,1.5987761883535276,50.48138567464767,45.44077206575102,50.48178243342822,51.83713201934828,42.71300518778631,47.7489710084678,49.55258451057959,50.16792653876926,48.66627703713217,0
889,11.7261124134116,0.6830277942046127,-7.7863197319140545,5.033700567027251,0.02202365134201435,1.4676304211187932,50.48138567464767,45.44077206575102,50.48178243342822,51.83713201934828,42.71300518778631,47.7489710084678,49.55258451057959,50.16792653876926,48.66627703713217,0
890,11.420794825067404,0.6512378190044201,-0.651527202914344,5.5698700570699335,0.14108748081561062,1.6121623183937723,44.16855051723872,50.1592596436471,53.73335832528807,57.17298469060847,47.09519087019559,30.032766835209017,46.08827402609643,44.76225832358665,46.65158040398376,1
891,11.206715472437708,0.6375378703908964,-0.28079509347520876,5.664348405410794,-0.0006952951693540377,1.5393669294937722,50.48138567464767,45.44077206575102,50.48178243342822,51.83713201934828,42.71300518778631,47.7489710084678,49.55258451057959,50.16792653876926,48.66627703713217,0
892,11.269827899901488,0.6412099117741538,0.776925318053802,5.694068782468562,0.13300524095615493,1.6440574049684364,50.48138567464767,45.44077206575102,50.48178243342822,51.83713201934828,42.71300518778631,47.7489710084678,49.55258451057959,50.16792653876926,48.66627703713217,0
894,11.93812979967198,0.8577397117192396,13.160643409233339,5.777497404613124,0.15119284731210325,1.6121311643414482,50.48138567464767,45.44077206575102,50.48178243342822,51.83713201934828,42.71300518778631,47.7489710084678,49.55258451057959,50.16792653876926,48.66627703713217,0
895,11.300365707195663,0.6469258382341709,-0.04582601390055755,5.564520407322694,0.07151723130841121,1.3533781560016926,50.48138567464767,45.44077206575102,50.48178243342822,51.83713201934828,42.71300518778631,47.7489710084678,49.55258451057959,50.16792653876926,48.66627703713217,0
896,11.431345492977805,0.6548631009995496,1.156398043706735,5.539693686123306,0.10516410719662753,1.5240405591720623,41.77426428936744,53.36210948774307,60.46547224501922,54.90268750640482,54.40585046096428,45.40967794173855,58.92631162950883,55.734842642061686,53.12265202535099,1
897,11.182271867189042,0.6471156086681535,-0.23301487966445858,5.704448919199361,0.14532368870633564,1.5813123082822085,50.48138567464767,45.44077206575102,50.48178243342822,51.83713201934828,42.71300518778631,47.7489710084678,49.55258451057959,50.16792653876926,48.66627703713217,0
898,11.086554341056612,0.5991270698344132,-8.234341252699783,5.6240175061873385,0.10054024356743888,1.4109476885289043,50.48138567464767,45.44077206575102,50.48178243342822,51.83713201934828,42.71300518778631,47.7489710084678,49.55258451057959,50.16792653876926,48.66627703713217,0
899,11.06217529264638,0.5890458345344479,-3.3439031421158836,5.655292265495767,0.06464347396989883,1.418905152538738,50.48138567464767,45.44077206575102,50.48178243342822,51.83713201934828,42.71300518778631,47.7489710084678,49.55258451057959,50.16792653876926,48.66627703713217,0
900,11.080447266544525,0.6161163961947398,-5.675913342393477,5.625820933186489,0.13847771236333054,1.5189239332096476,50.48138567464767,45.44077206575102,50.48178243342822,51.83713201934828,42.71300518778631,47.7489710084678,49.55258451057959,50.16792653876926,48.66627703713217,0
901,10.998090146445191,0.6283948940793047,-0.6110809342748506,5.663307642090483,0.11837695499521225,1.5169783401790953,50.48138567464767,45.44077206575102,50.48178243342822,51.83713201934828,42.71300518778631,47.7489710084678,49.55258451057959,50.16792653876926,48.66627703713217,0
902,11.208475595462874,0.6256386050644158,-5.858507330075522,5.697093486505405,0.10705299275638581,1.5444342880357507,50.48138567464767,45.44077206575102,50.48178243342822,51.83713201934828,42.71300518778631,47.7489710084678,49.55258451057959,50.16792653876926,48.66627703713217,0
903,11.453135120048026,0.6473636707718287,1.8924505779252918,5.754158681981268,0.018873415090417792,1.277639034345713,50.48138567464767,45.44077206575102,50.48178243342822,51.83713201934828,42.71300518778631,47.7489710084678,49.55258451057959,50.16792653876926,48.66627703713217,0
904,11.102688489591664,0.6066594210058295,-6.718703685406581,5.654242029096065,0.07995537374488658,1.4888451241653076,50.48138567464767,45.44077206575102,50.48178243342822,51.83713201934828,42.71300518778631,47.7489710084678,49.55258451057959,50.16792653876926,48.66627703713217,0
905,11.380492896988153,0.6240717029449424,-6.145966709346991,5.618224586294555,0.13613048451972398,1.6017184799218418,50.48138567464767,45.44077206575102,50.48178243342822,51.83713201934828,42.71300518778631,47.7489710084678,49.55258451057959,50.16792653876926,48.66627703713217,0
906,11.240284374355781,0.03965099369849733,-6.301502666020358,5.489350863944013,0.15119284731210325,1.6121311643414482,50.48138567464767,45.44077206575102,50.48178243342822,51.83713201934828,42.71300518778631,47.7489710084678,49.55258451057959,50.16792653876926,48.66627703713217,0
907,11.575688974205839,0.6046981737069567,-3.83382127422278,5.488524417615982,0.0926622562372984,1.4039577318720744,50.48138567464767,45.44077206575102,50.48178243342822,51.83713201934828,42.71300518778631,47.7489710084678,49.55258451057959,50.16792653876926,48.66627703713217,0
908,11.299961178697796,0.6492461869807921,-3.1866731132697463,5.665041646339771,0.11616548204847822,1.5186137294106445,50.48138567464767,45.44077206575102,50.48178243342822,51.83713201934828,42.71300518778631,47.7489710084678,49.55258451057959,50.16792653876926,48.66627703713217,0
909,11.200494311667107,0.6373621749011026,-8.164295934685633,5.527442989539794,0.12139757427395126,1.568769061851897,50.48138567464767,45.44077206575102,50.48178243342822,51.83713201934828,42.71300518778631,47.7489710084678,49.55258451057959,50.16792653876926,48.66627703713217,0
910,11.355131824278095,0.3418055321775234,-3.1981147954889746,5.534179690270021,0.15119284731210325,1.2649772028416923,50.48138567464767,45.44077206575102,50.48178243342822,51.83713201934828,42.71300518778631,47.7489710084678,49.55258451057959,50.16792653876926,48.66627703713217,0
911,11.15941835528493,0.6370713707137071,-1.950019500195002,5.60248775650462,0.1291614066726781,1.5298540991747263,50.48138567464767,45.44077206575102,50.48178243342822,51.83713201934828,42.71300518778631,47.7489710084678,49.55258451057959,50.16792653876926,48.66627703713217,0
912,11.369993453230494,0.6547546836276668,4.869932930105198,5.788123623089952,0.16259762622224955,1.6637697775739508,50.48138567464767,45.44077206575102,50.48178243342822,51.83713201934828,42.71300518778631,47.7489710084678,49.55258451057959,50.16792653876926,48.66627703713217,0
913,11.228394422803982,0.62381368764529,-1.5142144212928406,5.685957889743649,0.12227006478141123,1.5993502548796914,50.48138567464767,45.44077206575102,50.48178243342822,51.83713201934828,42.71300518778631,47.7489710084678,49.55258451057959,50.16792653876926,48.66627703713217,0
914,11.1706238706101,0.621833965166749,-8.158892368551179,5.571773731735836,0.0613175290631411,1.4328159773403855,50.48138567464767,45.44077206575102,50.48178243342822,51.83713201934828,42.71300518778631,47.7489710084678,49.55258451057959,50.16792653876926,48.66627703713217,0
915,11.012017168212456,0.6062414168679263,-6.061467064450443,5.6503816979290855,0.09599120433017591,1.4727519304752152,50.48138567464767,45.44077206575102,50.48178243342822,51.83713201934828,42.71300518778631,47.7489710084678,49.55258451057959,50.16792653876926,48.66627703713217,0
916,11.64134418513016,0.6763507158532762,12.18518131466193,5.350435320810143,0.07778814953104858,1.4348647340732763,39.65306026616312,48.8071011879044,52.16874771099904,46.64276797886139,41.00349930288701,68.0871130495362,40.42849434209538,44.69633875166954,47.68589032376451,1
917,11.976467009850758,0.6684749175102064,5.256976679156646,5.352805551832106,0.10096654275092937,1.4895781079725312,50.48138567464767,45.44077206575102,50.48178243342822,51.83713201934828,42.71300518778631,47.7489710084678,49.55258451057959,50.16792653876926,48.66627703713217,0
918,11.10036323174343,0.6554005603799796,-2.633871523578555,5.658436372889324,0.18870463306422286,1.7446431324186835,46.572242121799626,38.96585509796047,60.2886752426969,65.90723764379922,38.37592906076617,34.66854017496647,41.65872336875088,44.94267363799517,46.42248454359186,1
919,10.736650990956395,0.6486299581865895,-3.961397446162923,5.754158681981268,0.15119284731210325,1.6121311643414482,50.48138567464767,45.44077206575102,50.48178243342822,51.83713201934828,42.71300518778631,47.7489710084678,49.55258451057959,50.16792653876926,48.66627703713217,0
920,10.91260356121702,0.6266101546797168,-0.5680328585161234,5.726847747587197,0.11454738518715157,1.5720168139315434,50.48138567464767,45.44077206575102,50.48178243342822,51.83713201934828,42.71300518778631,47.7489710084678,49.55258451057959,50.16792653876926,48.66627703713217,0
921,10.599981625996321,0.6530531414086547,-2.6932826362484157,5.652839995918626,0.18375453736045477,1.403824951233992,50.48138567464767,45.44077206575102,50.48178243342822,51.83713201934828,42.71300518778631,47.7489710084678,49.55258451057959,50.16792653876926,48.66627703713217,0
922,11.15400514491739,0.6546111754603188,1.4378719495147183,5.685957889743649,0.12561079243679626,1.529046059228558,50.48138567464767,45.44077206575102,50.48178243342822,51.83713201934828,42.71300518778631,47.7489710084678,49.55258451057959,50.16792653876926,48.66627703713217,0
923,10.607663689943807,0.6381390785161062,-1.3047744305964386,5.6674642119820895,0.1435502283105023,1.6167315175097277,50.48138567464767,45.44077206575102,50.48178243342822,51.83713201934828,42.71300518778631,47.7489710084678,49.55258451057959,50.16792653876926,48.66627703713217,0
924,10.590656901409536,0.6516868236791852,-2.1536176532993845,5.661918270557502,0.1376785499939983,1.5175263079887358,50.48138567464767,45.44077206575102,50.48178243342822,51.83713201934828,42.71300518778631,47.7489710084678,49.55258451057959,50.16792653876926,48.66627703713217,0
925,11.605050577829779,0.666449004543118,-4.251358072717674,5.665734407018671,0.10083785697427425,1.4372840232335857,50.48138567464767,45.44077206575102,50.48178243342822,51.83713201934828,42.71300518778631,47.7489710084678,49.55258451057959,50.16792653876926,48.66627703713217,0
926,10.81584054166764,0.6252268113468552,-2.71275353466396,5.654242029096065,0.1542600399378744,1.7393115874028753,50.48138567464767,45.44077206575102,50.48178243342822,51.83713201934828,42.71300518778631,47.7489710084678,49.55258451057959,50.16792653876926,48.66627703713217,0
927,11.265767102556309,0.6641486107036587,-4.211893885419722,5.675725876873676,0.23346667801515023,1.8710570342205324,50.48138567464767,45.44077206575102,50.48178243342822,51.83713201934828,42.71300518778631,47.7489710084678,49.55258451057959,50.16792653876926,48.66627703713217,0
928,10.831163229276846,0.6544654145531539,14.204329083459001,5.6798312538336875,0.21551250882283743,1.8955446967519403,50.48138567464767,45.44077206575102,50.48178243342822,51.83713201934828,42.71300518778631,47.7489710084678,49.55258451057959,50.16792653876926,48.66627703713217,0
929,10.856463092565058,0.6522744503411676,-1.8953752843062925,5.677096209393695,0.1231855183013605,1.55607559479488,50.48138567464767,45.44077206575102,50.48178243342822,51.83713201934828,42.71300518778631,47.7489710084678,49.55258451057959,50.16792653876926,48.66627703713217,0
930,10.840165054787159,0.6536712654368831,-0.07750736319950395,5.726847747587197,0.05311547756646002,1.456695514302702,50.48138567464767,45.44077206575102,50.48178243342822,51.83713201934828,42.71300518778631,47.7489710084678,49.55258451057959,50.16792653876926,48.66627703713217,0
931,11.230416654759107,0.6530653836805739,-5.612812550478327,5.801816214927566,0.15119284731210325,1.6121311643414482,58.513081492247146,49.04766065332987,59.65414591283948,57.918185529617965,56.9726232892486,63.33824956952469,66.5233716598183,51.75219204477917,57.96493876892565,1
932,11.277691619714274,0.6883394005796282,-1.122146038029264,5.844992643207725,0.15119284731210325,1.6121311643414482,56.73998234730645,52.23474951005312,52.04492491653512,59.803106157429134,34.956872627682124,55.04474616204001,64.00375256497338,45.43397111412689,52.53276317501828,1
933,11.247197951114723,0.6605106633375213,-0.3975890201816186,5.842384324093829,0.15119284731210325,1.6121311643414482,50.48138567464767,45.44077206575102,50.48178243342822,51.83713201934828,42.71300518778631,47.7489710084678,49.55258451057959,50.16792653876926,48.66627703713217,0
934,11.136209608204718,0.6690211040076992,0.42104901354231117,5.831882477283517,0.15119284731210325,1.6121311643414482,50.48138567464767,45.44077206575102,50.48178243342822,51.83713201934828,42.71300518778631,47.7489710084678,49.55258451057959,50.16792653876926,48.66627703713217,0
935,11.056635373852252,0.6766719755702684,7.423689995129849,5.801816214927566,0.15119284731210325,1.6121311643414482,50.48138567464767,45.44077206575102,50.48178243342822,51.83713201934828,42.71300518778631,47.7489710084678,49.55258451057959,50.16792653876926,48.66627703713217,0
936,11.01425565897425,0.6509358259775748,-3.6652280465852654,5.789654313730165,0.15119284731210325,1.6121311643414482,50.48138567464767,45.44077206575102,50.48178243342822,51.83713201934828,42.71300518778631,47.7489710084678,49.55258451057959,50.16792653876926,48.66627703713217,0
937,10.97184508017288,0.6801580471011658,-4.084187465769501,5.790265934544339,0.15119284731210325,1.6121311643414482,50.48138567464767,45.44077206575102,50.48178243342822,51.83713201934828,42.71300518778631,47.7489710084678,49.55258451057959,50.16792653876926,48.66627703713217,0
938,10.90320541231333,0.6765567765567766,-5.152625152625153,5.793927824507547,0.15119284731210325,1.6121311643414482,50.48138567464767,45.44077206575102,50.48178243342822,51.83713201934828,42.71300518778631,47.7489710084678,49.55258451057959,50.16792653876926,48.66627703713217,0
939,10.960838514080434,0.6545135571728822,0.5210956905386392,5.8045323777563445,0.15119284731210325,1.6121311643414482,50.48138567464767,45.44077206575102,50.48178243342822,51.83713201934828,42.71300518778631,47.7489710084678,49.55258451057959,50.16792653876926,48.66627703713217,0
940,10.885240129153392,0.6486450584484591,-7.628662517079095,5.767695800399854,0.15119284731210325,1.6121311643414482,50.48138567464767,45.44077206575102,50.48178243342822,51.83713201934828,42.71300518778631,47.7489710084678,49.55258451057959,50.16792653876926,48.66627703713217,0
941,10.969258072587643,0.6573920962446378,-3.7625518249574617,5.810242385757328,0.15119284731210325,1.6121311643414482,50.48138567464767,45.44077206575102,50.48178243342822,51.83713201934828,42.71300518778631,47.7489710084678,49.55258451057959,50.16792653876926,48.66627703713217,0
942,11.144579825484952,0.6238435413982902,-9.734746457430614,5.820082930352362,0.15119284731210325,1.6121311643414482,50.48138567464767,45.44077206575102,50.48178243342822,51.83713201934828,42.71300518778631,47.7489710084678,49.55258451057959,50.16792653876926,48.66627703713217,0
943,10.889556181017701,0.6511164454911907,0.8152543140540784,5.835395361458093,0.15119284731210325,1.6121311643414482,50.48138567464767,45.44077206575102,50.48178243342822,51.83713201934828,42.71300518778631,47.7489710084678,49.55258451057959,50.16792653876926,48.66627703713217,0
944,11.047961913168928,0.6493829507469544,3.960521521473948,5.826295049131593,0.15119284731210325,1.6121311643414482,50.48138567464767,45.44077206575102,50.48178243342822,51.83713201934828,42.71300518778631,47.7489710084678,49.55258451057959,50.16792653876926,48.66627703713217,0
945,11.036269356974334,0.6621587598460598,-1.9422364493040318,5.783825182329737,0.15119284731210325,1.6121311643414482,50.48138567464767,45.44077206575102,50.48178243342822,51.83713201934828,42.71300518778631,47.7489710084678,49.55258451057959,50.16792653876926,48.66627703713217,0
946,11.10381070497744,0.6565595570002442,1.5289144707257847,5.8206762261277,0.15119284731210325,1.6121311643414482,50.48138567464767,45.44077206575102,50.48178243342822,51.83713201934828,42.71300518778631,47.7489710084678,49.55258451057959,50.16792653876926,48.66627703713217,0
947,11.026686757152005,0.6421162795043824,2.3547440617466218,5.813831979800159,0.15119284731210325,1.6121311643414482,50.48138567464767,45.44077206575102,50.48178243342822,51.83713201934828,42.71300518778631,47.7489710084678,49.55258451057959,50.16792653876926,48.66627703713217,0
948,11.14456392660185,0.6627170271093512,-0.2741395065488882,5.793013608384144,0.15119284731210325,1.6121311643414482,50.48138567464767,45.44077206575102,50.48178243342822,51.83713201934828,42.71300518778631,47.7489710084678,49.55258451057959,50.16792653876926,48.66627703713217,0
949,10.772565076191965,0.6568830934440283,-0.7670441727202996,5.790265934544339,0.15119284731210325,1.6121311643414482,50.48138567464767,45.44077206575102,50.48178243342822,51.83713201934828,42.71300518778631,47.7489710084678,49.55258451057959,50.16792653876926,48.66627703713217,0
950,10.946396838327987,0.6620728714366623,-0.36040983747232563,5.82982758150686,0.15119284731210325,1.6121311643414482,50.48138567464767,45.44077206575102,50.48178243342822,51.83713201934828,42.71300518778631,47.7489710084678,49.55258451057959,50.16792653876926,48.66627703713217,0
951,11.032716336318598,0.6546273348243971,-5.930000604485281,5.792403666309729,0.15119284731210325,1.6121311643414482,50.48138567464767,45.44077206575102,50.48178243342822,51.83713201934828,42.71300518778631,47.7489710084678,49.55258451057959,50.16792653876926,48.66627703713217,0
952,11.197008513503663,0.6379944358143984,3.0278297043258475,5.815323849389109,0.15119284731210325,1.6121311643414482,50.48138567464767,45.44077206575102,50.48178243342822,51.83713201934828,42.71300518778631,47.7489710084678,49.55258451057959,50.16792653876926,48.66627703713217,0
953,11.10283316791624,0.6311842081678535,-0.29575116956144326,5.840932312803435,0.15119284731210325,1.6121311643414482,49.73615533516784,45.00179069813126,55.29960541771785,54.40920553146748,55.87755770103614,48.13538368342739,46.53004098431873,40.80818158746733,49.47474011734175,1
954,10.782489623641212,0.6724568803628694,-1.495102995984168,5.7829016791088,0.15119284731210325,1.6121311643414482,50.48138567464767,45.44077206575102,50.48178243342822,51.83713201934828,42.71300518778631,47.7489710084678,49.55258451057959,50.16792653876926,48.66627703713217,0
955,10.713210373477384,0.658686323224442,-0.6467774059092869,5.777497404613124,0.15119284731210325,1.6121311643414482,50.48138567464767,45.44077206575102,50.48178243342822,51.83713201934828,42.71300518778631,47.7489710084678,49.55258451057959,50.16792653876926,48.66627703713217,0
956,11.49318285587292,0.6169698142414861,-2.579979360165119,5.856503561673865,0.15119284731210325,1.6121311643414482,50.48138567464767,45.44077206575102,50.48178243342822,51.83713201934828,42.71300518778631,47.7489710084678,49.55258451057959,50.16792653876926,48.66627703713217,0
957,11.152285527968122,0.6731282598874697,-1.519569592180377,5.859360706474645,0.15119284731210325,1.6121311643414482,50.48138567464767,45.44077206575102,50.48178243342822,51.83713201934828,42.71300518778631,47.7489710084678,49.55258451057959,50.16792653876926,48.66627703713217,0
959,10.750768984216952,0.6495989420119024,-0.8337406204180202,5.82923969201315,0.15119284731210325,1.6121311643414482,50.48138567464767,45.44077206575102,50.48178243342822,51.83713201934828,42.71300518778631,47.7489710084678,49.55258451057959,50.16792653876926,48.66627703713217,0
960,11.093184439132537,0.6553742822488484,4.522095167317521,5.855931151812786,0.15119284731210325,1.6121311643414482,50.48138567464767,45.44077206575102,50.48178243342822,51.83713201934828,42.71300518778631,47.7489710084678,49.55258451057959,50.16792653876926,48.66627703713217,0
961,11.203448942860497,0.6634127639495104,4.158310723133184,5.810242385757328,0.15119284731210325,1.6121311643414482,50.48138567464767,45.44077206575102,50.48178243342822,51.83713201934828,42.71300518778631,47.7489710084678,49.55258451057959,50.16792653876926,48.66627703713217,0
962,10.586581871986859,0.6864942676469076,-5.449591280653951,5.729125282327996,0.15119284731210325,1.6121311643414482,50.48138567464767,45.44077206575102,50.48178243342822,51.83713201934828,42.71300518778631,47.7489710084678,49.55258451057959,50.16792653876926,48.66627703713217,0
963,10.654438910607995,0.6298567098374208,-0.24111325434003858,5.822157927391522,0.15119284731210325,1.6121311643414482,50.48138567464767,45.44077206575102,50.48178243342822,51.83713201934828,42.71300518778631,47.7489710084678,49.55258451057959,50.16792653876926,48.66627703713217,0
964,10.834964389594507,0.6280580252690688,-2.919981282171268,5.861925175752996,0.15119284731210325,1.6121311643414482,50.48138567464767,45.44077206575102,50.48178243342822,51.83713201934828,42.71300518778631,47.7489710084678,49.55258451057959,50.16792653876926,48.66627703713217,0
965,10.94056126018764,0.6699734416497423,-3.3588501796594286,5.83129579495516,0.15119284731210325,1.6121311643414482,50.48138567464767,45.44077206575102,50.48178243342822,51.83713201934828,42.71300518778631,47.7489710084678,49.55258451057959,50.16792653876926,48.66627703713217,0
966,10.836179053511337,0.6564892371431145,-0.5554054459755622,5.831882477283517,0.15119284731210325,1.6121311643414482,50.48138567464767,45.44077206575102,50.48178243342822,51.83713201934828,42.71300518778631,47.7489710084678,49.55258451057959,50.16792653876926,48.66627703713217,0
967,10.644062064268436,0.6585195834967107,-0.4792401864679998,5.719983853994209,0.15119284731210325,1.6121311643414482,50.48138567464767,45.44077206575102,50.48178243342822,51.83713201934828,42.71300518778631,47.7489710084678,49.55258451057959,50.16792653876926,48.66627703713217,0
968,11.100506736383785,0.6325969515724484,-2.492121679850794,5.861925175752996,0.15119284731210325,1.6121311643414482,50.48138567464767,45.44077206575102,50.48178243342822,51.83713201934828,42.71300518778631,47.7489710084678,49.55258451057959,50.16792653876926,48.66627703713217,0
969,10.65058299992313,0.6502719033232628,-3.202416918429003,5.802420444553201,0.15119284731210325,1.6121311643414482,50.48138567464767,45.44077206575102,50.48178243342822,51.83713201934828,42.71300518778631,47.7489710084678,49.55258451057959,50.16792653876926,48.66627703713217,0
970,10.810939335743079,0.6523254655910766,-3.7247286126879793,5.733017599924536,0.15119284731210325,1.6121311643414482,50.48138567464767,45.44077206575102,50.48178243342822,51.83713201934828,42.71300518778631,47.7489710084678,49.55258451057959,50.16792653876926,48.66627703713217,0
971,10.863565478378225,0.6684957652391745,-1.2525348920434212,5.896329351992943,0.15119284731210325,1.6121311643414482,50.48138567464767,45.44077206575102,50.48178243342822,51.83713201934828,42.71300518778631,47.7489710084678,49.55258451057959,50.16792653876926,48.66627703713217,0
972,10.704551478812197,0.6570100494287865,1.2111689417002194,5.827179352800126,0.15119284731210325,1.6121311643414482,50.48138567464767,45.44077206575102,50.48178243342822,51.83713201934828,42.71300518778631,47.7489710084678,49.55258451057959,50.16792653876926,48.66627703713217,0
973,10.592727108265056,0.6403158105136918,-3.4979012592444536,5.713732805509369,0.15119284731210325,1.6121311643414482,50.48138567464767,45.44077206575102,50.48178243342822,51.83713201934828,42.71300518778631,47.7489710084678,49.55258451057959,50.16792653876926,48.66627703713217,0
974,10.643868925464224,0.6672368718329407,1.1296517445050511,5.771441123130016,0.15119284731210325,1.6121311643414482,50.48138567464767,45.44077206575102,50.48178243342822,51.83713201934828,42.71300518778631,47.7489710084678,49.55258451057959,50.16792653876926,48.66627703713217,0
975,10.882266580271605,0.6406961278357468,1.1989284576909387,5.84035091743822,0.15119284731210325,1.6121311643414482,50.48138567464767,45.44077206575102,50.48178243342822,51.83713201934828,42.71300518778631,47.7489710084678,49.55258451057959,50.16792653876926,48.66627703713217,0
977,10.822462678199168,0.6488707083420739,-2.7970072022935457,5.776413165691109,0.15119284731210325,1.6121311643414482,50.48138567464767,45.44077206575102,50.48178243342822,51.83713201934828,42.71300518778631,47.7489710084678,49.55258451057959,50.16792653876926,48.66627703713217,0
978,10.835539422546743,0.6606277680349553,-4.622061052819309,5.798789578234536,0.15119284731210325,1.6121311643414482,50.48138567464767,45.44077206575102,50.48178243342822,51.83713201934828,42.71300518778631,47.7489710084678,49.55258451057959,50.16792653876926,48.66627703713217,0
979,10.7913767522733,0.6559514909876235,-6.1466899244123265,5.824228627732068,0.15119284731210325,1.6121311643414482,50.48138567464767,45.44077206575102,50.48178243342822,51.83713201934828,42.71300518778631,47.7489710084678,49.55258451057959,50.16792653876926,48.66627703713217,0
980,11.072771081220205,0.6465048366490236,-7.775141449169557,5.815323849389109,0.15119284731210325,1.6121311643414482,50.48138567464767,45.44077206575102,50.48178243342822,51.83713201934828,42.71300518778631,47.7489710084678,49.55258451057959,50.16792653876926,48.66627703713217,0
982,10.867447820911012,0.6459668803418803,-2.6709401709401708,5.80392942326114,0.15119284731210325,1.6121311643414482,50.48138567464767,45.44077206575102,50.48178243342822,51.83713201934828,42.71300518778631,47.7489710084678,49.55258451057959,50.16792653876926,48.66627703713217,0
983,10.984170059038256,0.6575530987659984,0.11468415982384514,5.750347943803522,0.15119284731210325,1.6121311643414482,50.48138567464767,45.44077206575102,50.48178243342822,51.83713201934828,42.71300518778631,47.7489710084678,49.55258451057959,50.16792653876926,48.66627703713217,0
984,10.783844323962803,0.6426773263353829,1.373144347985292,5.786590585843515,0.15119284731210325,1.6121311643414482,50.48138567464767,45.44077206575102,50.48178243342822,51.83713201934828,42.71300518778631,47.7489710084678,49.55258451057959,50.16792653876926,48.66627703713217,0
985,10.945903317540745,0.6507943551965918,-0.6064909322209402,5.7623657987550985,0.15119284731210325,1.6121311643414482,50.48138567464767,45.44077206575102,50.48178243342822,51.83713201934828,42.71300518778631,47.7489710084678,49.55258451057959,50.16792653876926,48.66627703713217,0
986,11.21046134101354,0.649507183908046,-1.139367816091954,6.013715156042802,0.1780703913364509,1.7703881042851808,45.06226250452543,47.11363810460367,49.435776368614434,49.14928080265181,37.87518578993616,49.86151173580426,38.97039794642106,48.35422893450635,45.7277852733829,1
987,11.042348871611901,0.633906419599938,-2.5197705070553575,6.053499938027435,0.18547074777218134,1.7419833328838426,50.48138567464767,45.44077206575102,50.48178243342822,51.83713201934828,42.71300518778631,47.7489710084678,49.55258451057959,50.16792653876926,48.66627703713217,0
988,11.197665254133238,0.6538313156331258,-1.1303750684783531,6.017863020962513,0.1814428222236903,1.751908761213972,58.19515498465848,43.29926542596633,48.73241153568909,39.68810454250762,42.94568934921817,42.01065951029808,37.5826574208114,45.04891530431678,44.68785725918325,1
989,11.110773362792298,0.6490655262819347,-1.3796407610648518,5.9796449703026395,0.17981851179673322,1.7009376500619202,49.783279064977854,31.94630908485069,55.58260025013694,48.90006747946241,40.682309254061806,56.74551606050109,38.91788287545243,42.04667036243268,45.57557930398448,1
991,11.05667640642107,0.6795058385513624,-0.5173705969102821,6.058422015232863,0.20159720824105765,1.7951011714589988,50.48138567464767,45.44077206575102,50.48178243342822,51.83713201934828,42.71300518778631,47.7489710084678,49.55258451057959,50.16792653876926,48.66627703713217,0
992,10.812469641225707,0.6561529324096004,-7.282144359104894,5.9604897428085515,0.16687715753136315,1.6791425557994355,50.48138567464767,45.44077206575102,50.48178243342822,51.83713201934828,42.71300518778631,47.7489710084678,49.55258451057959,50.16792653876926,48.66627703713217,0
993,11.044022030288442,0.6339234580812231,-2.639376509549065,5.95246380975825,0.16058791507893305,1.5668151143411382,50.48138567464767,45.44077206575102,50.48178243342822,51.83713201934828,42.71300518778631,47.7489710084678,49.55258451057959,50.16792653876926,48.66627703713217,0
994,10.942806208229044,0.6777975224044693,-4.167678756344205,6.077412859244347,0.13214921828616663,1.4776809421172648,50.48138567464767,45.44077206575102,50.48178243342822,51.83713201934828,42.71300518778631,47.7489710084678,49.55258451057959,50.16792653876926,48.66627703713217,0
995,11.089057050060134,0.6561106008921543,2.902781422198898,5.985194934094387,0.1301472798316802,1.5399988803672395,50.48138567464767,45.44077206575102,50.48178243342822,51.83713201934828,42.71300518778631,47.7489710084678,49.55258451057959,50.16792653876926,48.66627703713217,0
996,11.2613888691548,0.6663247593498501,5.957077481458104,6.092666427616949,0.1900441806347172,1.8372098628552147,50.48138567464767,45.44077206575102,50.48178243342822,51.83713201934828,42.71300518778631,47.7489710084678,49.55258451057959,50.16792653876926,48.66627703713217,0
997,10.928844326118544,0.6873366715559827,-0.7924063864582807,6.170447202636422,0.4684331485737461,1.591169853768279,50.48138567464767,45.44077206575102,50.48178243342822,51.83713201934828,42.71300518778631,47.7489710084678,49.55258451057959,50.16792653876926,48.66627703713217,0
998,11.083387926918672,0.6282741712417753,-6.485478395708478,6.045715961939898,0.1979467900520532,1.782710752145381,50.48138567464767,45.44077206575102,50.48178243342822,51.83713201934828,42.71300518778631,47.7489710084678,49.55258451057959,50.16792653876926,48.66627703713217,0
999,10.822975168925229,0.6567554709800191,-3.5838883602917853,5.946990057006152,0.13998211091234347,1.4953067694411637,50.48138567464767,45.44077206575102,50.48178243342822,51.83713201934828,42.71300518778631,47.7489710084678,49.55258451057959,50.16792653876926,48.66627703713217,0
1000,10.799261241980373,0.6398593040330567,-0.8878871700303931,6.124683390894205,0.15119284731210325,1.6121311643414482,50.48138567464767,45.44077206575102,50.48178243342822,51.83713201934828,42.71300518778631,47.7489710084678,49.55258451057959,50.16792653876926,48.66627703713217,0
1001,11.272282182657484,0.6547102843703229,1.163138764165063,6.073274922305548,0.18878977499667154,1.748422677136762,50.48138567464767,45.44077206575102,50.48178243342822,51.83713201934828,42.71300518778631,47.7489710084678,49.55258451057959,50.16792653876926,48.66627703713217,0
1002,10.872661014974653,0.6365316402873409,4.322036424334556,5.9568731023383625,0.09345794392523364,1.402317243014194,50.48138567464767,45.44077206575102,50.48178243342822,51.83713201934828,42.71300518778631,47.7489710084678,49.55258451057959,50.16792653876926,48.66627703713217,0
1003,11.135369741309239,0.6479097870426221,-3.026182613762997,6.033805387597507,0.15359017022910534,1.594657187483169,50.48138567464767,45.44077206575102,50.48178243342822,51.83713201934828,42.71300518778631,47.7489710084678,49.55258451057959,50.16792653876926,48.66627703713217,0
1004,10.893630795365143,0.6596501457725947,-4.825072886297376,5.996949477338552,0.09643772650932556,1.574542054982617,50.48138567464767,45.44077206575102,50.48178243342822,51.83713201934828,42.71300518778631,47.7489710084678,49.55258451057959,50.16792653876926,48.66627703713217,0
1005,11.061206448674586,0.6528387096774193,4.483870967741935,5.9917145158631895,0.2155552179857208,1.7136746792065836,53.89162814905051,33.72332054669132,44.84414455559988,45.782708914524505,53.65105561989173,65.36378564935926,26.592609326972745,50.16792653876926,46.7521474126074,1
1006,10.980591860619379,0.6544608797823882,-4.490656537204848,6.015425184552825,0.15645768953985523,1.6103637405517506,50.48138567464767,45.44077206575102,50.48178243342822,51.83713201934828,42.71300518778631,47.7489710084678,49.55258451057959,50.16792653876926,48.66627703713217,0
1007,11.141729890823958,0.6744614978283836,-0.6358336267950072,5.788736180536365,0.17718521569031195,1.7064523179290414,45.59816075971397,49.42192834766192,56.25737630663876,60.83118742768416,48.83003153179859,44.2506760954976,48.29541554578186,52.87141170129518,50.794523464509005,1
1008,11.12691880728912,0.6711588504568161,0.593576082207913,5.810841546949609,0.17362282696398446,1.736905891031721,48.04748369588357,38.99225873853466,47.21218700990458,52.7474366372013,44.17680599149228,49.028642398220704,58.29716569364523,49.68666582323173,48.523580748514256,1
1009,10.827954765694418,0.6753648093117754,2.8529654700984537,5.863347044327539,0.1770860977366645,1.7312263357172908,53.49794094489974,30.49061716471417,57.756876879765,59.74254949445228,37.508102601088574,43.37369977395627,47.99054411252261,49.24686138927358,47.45089904508403,1
1010,10.85145910542125,0.6760636625305372,-0.05442275596836224,5.822157927391522,0.16316015457277802,1.727496695108761,60.66347961974003,30.23898746579781,52.55881163422056,58.65936395398482,20.540473543105065,53.8318709739205,46.76677035950624,48.11066170296363,46.42130240665483,1
1011,10.773677799807558,0.6780559730059262,-0.6238126293702327,5.899623343442402,0.1746031746031746,1.7417414694593043,50.48138567464767,45.44077206575102,50.48178243342822,51.83713201934828,42.71300518778631,47.7489710084678,49.55258451057959,50.16792653876926,48.66627703713217,0
1012,10.86870177302495,0.682423871728778,-1.7766904044155125,5.83129579495516,0.14482663857463474,1.5737763380783976,50.48138567464767,45.44077206575102,50.48178243342822,51.83713201934828,42.71300518778631,47.7489710084678,49.55258451057959,50.16792653876926,48.66627703713217,0
1013,10.938884888208225,0.6657671029550668,-0.03373363918499528,5.823045895483019,0.13279657562168773,1.6303632492418865,50.48138567464767,45.44077206575102,50.48178243342822,51.83713201934828,42.71300518778631,47.7489710084678,49.55258451057959,50.16792653876926,48.66627703713217,0
1014,10.763049190164194,0.6642893119774352,3.9286793593230582,5.746841964116648,0.08967151675485009,1.6015016291259385,50.48138567464767,45.44077206575102,50.48178243342822,51.83713201934828,42.71300518778631,47.7489710084678,49.55258451057959,50.16792653876926,48.66627703713217,0
1015,11.07315769026779,0.6729775959216528,6.473034612288704,5.847016642742108,0.16993464052287582,1.6891845786421016,50.48138567464767,45.44077206575102,50.48178243342822,51.83713201934828,42.71300518778631,47.7489710084678,49.55258451057959,50.16792653876926,48.66627703713217,0
1016,10.75387990575211,0.6300526528959093,-7.45240988254354,5.80392942326114,0.13066976462268917,1.596612524397102,50.48138567464767,45.44077206575102,50.48178243342822,51.83713201934828,42.71300518778631,47.7489710084678,49.55258451057959,50.16792653876926,48.66627703713217,0
1017,10.99955828084084,0.6630521808751348,0.2958888850210603,5.807541708947054,0.14441710243002154,1.5664672544080604,50.48138567464767,45.44077206575102,50.48178243342822,51.83713201934828,42.71300518778631,47.7489710084678,49.55258451057959,50.16792653876926,48.66627703713217,0
1018,10.884419300295088,0.6886005396194262,-1.5088043169554104,5.82363743646448,0.16129664087748508,1.6084812313491441,50.48138567464767,45.44077206575102,50.48178243342822,51.83713201934828,42.71300518778631,47.7489710084678,49.55258451057959,50.16792653876926,48.66627703713217,0
1019,10.852953839280714,0.6733366544890955,0.42898261928484444,5.812337881210547,0.1125888139916196,1.4497279124761389,50.48138567464767,45.44077206575102,50.48178243342822,51.83713201934828,42.71300518778631,47.7489710084678,49.55258451057959,50.16792653876926,48.66627703713217,0
1020,10.924476981114251,0.6432891332470893,-5.675937904269081,5.809642865355679,0.11759783411272459,1.5181291364514393,50.48138567464767,45.44077206575102,50.48178243342822,51.83713201934828,42.71300518778631,47.7489710084678,49.55258451057959,50.16792653876926,48.66627703713217,0
1021,10.820450058719388,0.659075693131695,-2.4614051669817263,5.789654313730165,0.17485704074338815,1.6779661016949152,50.48138567464767,45.44077206575102,50.48178243342822,51.83713201934828,42.71300518778631,47.7489710084678,49.55258451057959,50.16792653876926,48.66627703713217,0
1022,10.943242926905176,0.678170994485227,1.77738821323789,5.959715848793402,0.3644258435783416,1.4890375203915172,50.48138567464767,45.44077206575102,50.48178243342822,51.83713201934828,42.71300518778631,47.7489710084678,49.55258451057959,50.16792653876926,48.66627703713217,0
1023,10.703772418651578,0.6572750642673522,1.3367609254498714,5.825705078613005,0.14358452138492872,1.6487429933205786,50.48138567464767,45.44077206575102,50.48178243342822,51.83713201934828,42.71300518778631,47.7489710084678,49.55258451057959,50.16792653876926,48.66627703713217,0
1024,10.795799067292839,0.6464390670918527,-3.282686175201651,5.787204082795274,0.1328628413623811,1.5770156636438581,50.48138567464767,45.44077206575102,50.48178243342822,51.83713201934828,42.71300518778631,47.7489710084678,49.55258451057959,50.16792653876926,48.66627703713217,0
1025,11.425521647349482,0.6769524738789283,-0.25748397501050263,5.7535245665510155,0.1442667130313831,1.5952957171991842,50.48138567464767,45.44077206575102,50.48178243342822,51.83713201934828,42.71300518778631,47.7489710084678,49.55258451057959,50.16792653876926,48.66627703713217,0
1026,10.956758971373448,0.6621476927327992,-5.819977894445979,5.796057750765372,0.091996699669967,1.510642040457344,50.48138567464767,45.44077206575102,50.48178243342822,51.83713201934828,42.71300518778631,47.7489710084678,49.55258451057959,50.16792653876926,48.66627703713217,0
1027,10.741412336855127,0.6478210326348919,-2.466755507669625,5.802420444553201,0.142542410222516,1.5974334432273387,50.48138567464767,45.44077206575102,50.48178243342822,51.83713201934828,42.71300518778631,47.7489710084678,49.55258451057959,50.16792653876926,48.66627703713217,0
1028,10.648873705189475,0.6623352787872114,-2.587820724589803,5.787204082795274,0.15616092962069722,1.5862162620947207,50.48138567464767,45.44077206575102,50.48178243342822,51.83713201934828,42.71300518778631,47.7489710084678,49.55258451057959,50.16792653876926,48.66627703713217,0
1029,10.745054738214346,0.6272505517481706,-0.85182173694196,5.824228627732068,0.142979884767007,1.5344541716408011,50.48138567464767,45.44077206575102,50.48178243342822,51.83713201934828,42.71300518778631,47.7489710084678,49.55258451057959,50.16792653876926,48.66627703713217,0
1030,10.791168911318211,0.6624249911754324,-1.7472643840451818,5.7407570774475625,0.1295456886782734,1.5889285714285715,50.48138567464767,45.44077206575102,50.48178243342822,51.83713201934828,42.71300518778631,47.7489710084678,49.55258451057959,50.16792653876926,48.66627703713217,0
1031,10.791228592845252,0.6917369202109185,-3.5995074358245716,5.838021949864404,0.14995353159851302,1.6410178085957785,50.48138567464767,45.44077206575102,50.48178243342822,51.83713201934828,42.71300518778631,47.7489710084678,49.55258451057959,50.16792653876926,48.66627703713217,0
1032,10.791705916877088,0.6647759210996985,-0.5621135469364812,5.8544986920348245,0.1315370942089999,1.6474027782074683,50.48138567464767,45.44077206575102,50.48178243342822,51.83713201934828,42.71300518778631,47.7489710084678,49.55258451057959,50.16792653876926,48.66627703713217,0
1033,10.855070135837883,0.631388681126901,1.6454749439042633,5.757323241584231,0.11862027474180287,1.5794026907541108,50.48138567464767,45.44077206575102,50.48178243342822,51.83713201934828,42.71300518778631,47.7489710084678,49.55258451057959,50.16792653876926,48.66627703713217,0
1034,10.961618066580407,0.633757159942091,-3.0213382010448795,5.802420444553201,0.12727731516527882,1.5446496815286623,50.48138567464767,45.44077206575102,50.48178243342822,51.83713201934828,42.71300518778631,47.7489710084678,49.55258451057959,50.16792653876926,48.66627703713217,0
1035,10.73621622440831,0.6754132773550249,-4.027814221988979,5.752572638825633,0.1321761658031088,1.5766445282515102,50.48138567464767,45.44077206575102,50.48178243342822,51.83713201934828,42.71300518778631,47.7489710084678,49.55258451057959,50.16792653876926,48.66627703713217,0
1036,10.719582187930941,0.6168570219966159,-3.736604624929498,5.808742910292688,0.15906680805938495,1.7502715915263445,50.48138567464767,45.44077206575102,50.48178243342822,51.83713201934828,42.71300518778631,47.7489710084678,49.55258451057959,50.16792653876926,48.66627703713217,0
1037,11.01643329141374,0.6536673592322985,-4.738344718315122,5.776413165691109,0.14282221787600236,1.659848275438435,50.48138567464767,45.44077206575102,50.48178243342822,51.83713201934828,42.71300518778631,47.7489710084678,49.55258451057959,50.16792653876926,48.66627703713217,0
1038,10.760945057088176,0.6626083790364791,-3.003891404774367,5.798789578234536,0.12799019607843137,1.528198718950164,50.48138567464767,45.44077206575102,50.48178243342822,51.83713201934828,42.71300518778631,47.7489710084678,49.55258451057959,50.16792653876926,48.66627703713217,0
1039,11.059906378300258,0.6722452172212626,4.326500016295668,5.821565510312585,0.20356548812214784,1.8142172476408776,50.48138567464767,45.44077206575102,50.48178243342822,51.83713201934828,42.71300518778631,47.7489710084678,49.55258451057959,50.16792653876926,48.66627703713217,0
1040,10.7276958896983,0.627124222115845,-2.8123504068932506,5.7736194342449805,0.1612085244132722,1.5933453361955543,50.48138567464767,45.44077206575102,50.48178243342822,51.83713201934828,42.71300518778631,47.7489710084678,49.55258451057959,50.16792653876926,48.66627703713217,0
1041,10.622448667989053,0.6870550654091877,6.4800730149072105,5.787204082795274,0.15194311392030024,1.6392050059981196,50.48138567464767,45.44077206575102,50.48178243342822,51.83713201934828,42.71300518778631,47.7489710084678,49.55258451057959,50.16792653876926,48.66627703713217,0
1042,10.880591123806795,0.6462231094310773,-0.5521459364182718,5.927725706140976,0.15119284731210325,1.6121311643414482,50.48138567464767,45.44077206575102,50.48178243342822,51.83713201934828,42.71300518778631,47.7489710084678,49.55258451057959,50.16792653876926,48.66627703713217,0
1043,10.660250172074369,0.6715908678450873,0.4355558781895394,5.8585044198517515,0.2690137788868395,1.5590673414263094,50.48138567464767,45.44077206575102,50.48178243342822,51.83713201934828,42.71300518778631,47.7489710084678,49.55258451057959,50.16792653876926,48.66627703713217,0
1044,10.762456327786177,0.6529924996173274,-2.1046992193479257,5.782285536144145,0.13214015628938744,1.5825923564741804,50.48138567464767,45.44077206575102,50.48178243342822,51.83713201934828,42.71300518778631,47.7489710084678,49.55258451057959,50.16792653876926,48.66627703713217,0
1047,11.197255355978278,0.6393594249623424,-1.1099072434660817,5.7720639820726065,0.10378545056193451,1.4524618871034198,50.48138567464767,45.44077206575102,50.48178243342822,51.83713201934828,42.71300518778631,47.7489710084678,49.55258451057959,50.16792653876926,48.66627703713217,0
1048,10.900753480258475,0.632334516600543,-1.3572770933389016,5.734634938138965,0.09541911269367723,1.4222065928689376,50.48138567464767,45.44077206575102,50.48178243342822,51.83713201934828,42.71300518778631,47.7489710084678,49.55258451057959,50.16792653876926,48.66627703713217,0
1049,10.978658903275537,0.6285831744963934,-2.2050304593190564,5.736249664793703,0.122300046135134,1.528139232270657,50.48138567464767,45.44077206575102,50.48178243342822,51.83713201934828,42.71300518778631,47.7489710084678,49.55258451057959,50.16792653876926,48.66627703713217,0
1050,10.935384730791688,0.6486299581865895,-0.9550527907605408,5.736249664793703,0.15119284731210325,1.6121311643414482,50.48138567464767,45.44077206575102,50.48178243342822,51.83713201934828,42.71300518778631,47.7489710084678,49.55258451057959,50.16792653876926,48.66627703713217,0
1051,10.925173799455624,0.6403345724907064,-2.5961693874252467,5.698099691520703,0.1633649497738824,1.6122542542002642,50.48138567464767,45.44077206575102,50.48178243342822,51.83713201934828,42.71300518778631,47.7489710084678,49.55258451057959,50.16792653876926,48.66627703713217,0
1052,10.827232433084422,0.6361198927528112,-0.5202289007163152,5.722277057292366,0.15121422767897444,1.5548422229228167,50.48138567464767,45.44077206575102,50.48178243342822,51.83713201934828,42.71300518778631,47.7489710084678,49.55258451057959,50.16792653876926,48.66627703713217,0
1053,11.025790325815796,0.6654288626765691,-0.18202999854376004,5.718342625987531,0.09033466968799024,1.4241013988885542,50.48138567464767,45.44077206575102,50.48178243342822,51.83713201934828,42.71300518778631,47.7489710084678,49.55258451057959,50.16792653876926,48.66627703713217,0
1054,11.047367937150963,0.6500376703510495,-3.423710386526412,6.151029116779321,0.14687856328392246,1.5862011399680427,50.48138567464767,45.44077206575102,50.48178243342822,51.83713201934828,42.71300518778631,47.7489710084678,49.55258451057959,50.16792653876926,48.66627703713217,0
1055,11.170383041989483,0.6399057095582402,-0.951970806228609,5.692384429703832,0.16237498134049858,1.5946866485013624,50.48138567464767,45.44077206575102,50.48178243342822,51.83713201934828,42.71300518778631,47.7489710084678,49.55258451057959,50.16792653876926,48.66627703713217,0
1056,11.166907815505484,0.6588691204618908,-2.274938027550284,5.845571346927579,0.09356547412295936,1.4063761317770263,50.48138567464767,45.44077206575102,50.48178243342822,51.83713201934828,42.71300518778631,47.7489710084678,49.55258451057959,50.16792653876926,48.66627703713217,0
1057,11.197005770467205,0.639216876612536,2.4889968128699347,5.780743515792329,0.09572010584232853,1.432827149082266,50.48138567464767,45.44077206575102,50.48178243342822,51.83713201934828,42.71300518778631,47.7489710084678,49.55258451057959,50.16792653876926,48.66627703713217,0
1058,10.918973634429886,0.6409016568299793,2.844343312237787,5.758586266696875,0.056205137465577176,1.5782816991376556,50.48138567464767,45.44077206575102,50.48178243342822,51.83713201934828,42.71300518778631,47.7489710084678,49.55258451057959,50.16792653876926,48.66627703713217,0
1059,10.768882805620455,0.6425764268076375,-1.3216012242200814,5.725217755376266,0.13501363049404563,1.5246416897158663,50.48138567464767,45.44077206575102,50.48178243342822,51.83713201934828,42.71300518778631,47.7489710084678,49.55258451057959,50.16792653876926,48.66627703713217,0
1060,10.842781666175247,0.648174733388023,-1.5381460213289582,5.790265934544339,0.07016537615906701,1.359980382540461,50.48138567464767,45.44077206575102,50.48178243342822,51.83713201934828,42.71300518778631,47.7489710084678,49.55258451057959,50.16792653876926,48.66627703713217,0
1061,10.785443535469938,0.683588539721496,-0.7736221522701809,5.7430031878094825,0.1405307599517491,1.5569465921256096,50.48138567464767,45.44077206575102,50.48178243342822,51.83713201934828,42.71300518778631,47.7489710084678,49.55258451057959,50.16792653876926,48.66627703713217,0
1062,11.180142813451099,0.6290417748406891,-2.8911966013688932,5.711419901785413,0.07346956635890255,1.4449280309495363,50.48138567464767,45.44077206575102,50.48178243342822,51.83713201934828,42.71300518778631,47.7489710084678,49.55258451057959,50.16792653876926,48.66627703713217,0
1063,11.007531728423544,0.659008356545961,-1.637883008356546,5.799698531486028,0.1435039210930552,1.5477476559315124,50.48138567464767,45.44077206575102,50.48178243342822,51.83713201934828,42.71300518778631,47.7489710084678,49.55258451057959,50.16792653876926,48.66627703713217,0
1064,10.981271087620506,0.6504920891989535,0.31144886009717204,5.7551091018215415,0.063323296951449,1.4209718513061362,50.48138567464767,45.44077206575102,50.48178243342822,51.83713201934828,42.71300518778631,47.7489710084678,49.55258451057959,50.16792653876926,48.66627703713217,0
1065,10.891283730070759,0.6094237320665995,1.0556115349551365,5.7011122461003225,0.12852311161217586,1.4749749606524538,50.48138567464767,45.44077206575102,50.48178243342822,51.83713201934828,42.71300518778631,47.7489710084678,49.55258451057959,50.16792653876926,48.66627703713217,0
1066,11.048366188304351,0.6606952054015959,0.7274876668106486,5.7430031878094825,0.1257113734816954,1.4570735298126993,50.48138567464767,45.44077206575102,50.48178243342822,51.83713201934828,42.71300518778631,47.7489710084678,49.55258451057959,50.16792653876926,48.66627703713217,0
1067,10.877881141012619,0.6216308427157966,0.818833162743091,5.776413165691109,0.09656782628998366,1.3935912938331319,50.48138567464767,45.44077206575102,50.48178243342822,51.83713201934828,42.71300518778631,47.7489710084678,49.55258451057959,50.16792653876926,48.66627703713217,0
1068,10.83975540628532,0.631126284344943,0.16413353904736896,5.815323849389109,0.1553270520021743,1.583305046390586,50.48138567464767,45.44077206575102,50.48178243342822,51.83713201934828,42.71300518778631,47.7489710084678,49.55258451057959,50.16792653876926,48.66627703713217,0
1069,10.942185279735277,0.6384257464133385,-0.11632415664986429,5.754158681981268,0.1065642151481888,1.4665600264761853,50.48138567464767,45.44077206575102,50.48178243342822,51.83713201934828,42.71300518778631,47.7489710084678,49.55258451057959,50.16792653876926,48.66627703713217,0
1070,11.094191209825956,0.625584456852331,-3.449997730264651,5.777032936395794,0.129361184035308,1.5130671232186919,50.48138567464767,45.44077206575102,50.48178243342822,51.83713201934828,42.71300518778631,47.7489710084678,49.55258451057959,50.16792653876926,48.66627703713217,0
1071,11.259849629178666,0.6390518208711619,5.036723452004488,6.107913359751229,0.1588708779999258,1.634829285917056,46.92638297506591,58.37379682948898,48.399684689701104,54.64297047687298,57.621226090454485,47.99773481391987,55.09999521746364,56.77665402944291,53.22980564030124,1
1072,11.073477422564562,0.6694869798425469,-2.8203131758802664,5.788123623089952,0.1265807824134263,1.5098884128723722,50.48138567464767,45.44077206575102,50.48178243342822,51.83713201934828,42.71300518778631,47.7489710084678,49.55258451057959,50.16792653876926,48.66627703713217,0
1073,11.260440637753904,0.6701184700870179,-0.472736630417171,5.881370624310908,0.15119284731210325,1.6121311643414482,56.94662942712967,40.51452984236538,53.75237879668256,64.4401068629515,46.82110316288141,56.75125224410383,54.27000568854739,53.78911216349723,53.41063977351988,1
1074,10.896174351163623,0.6592378309767689,-3.188003660300499,5.874087678954409,0.15119284731210325,1.6121311643414482,50.48138567464767,45.44077206575102,50.48178243342822,51.83713201934828,42.71300518778631,47.7489710084678,49.55258451057959,50.16792653876926,48.66627703713217,0
1075,11.420423039731315,0.6221090218174671,5.094018213981524,5.8886009116487426,0.15119284731210325,1.6121311643414482,50.48138567464767,45.44077206575102,50.48178243342822,51.83713201934828,42.71300518778631,47.7489710084678,49.55258451057959,50.16792653876926,48.66627703713217,0
1076,10.848882614462946,0.6281800949218249,0.07126263130139818,5.878015854600402,0.15119284731210325,1.6121311643414482,50.48138567464767,45.44077206575102,50.48178243342822,51.83713201934828,42.71300518778631,47.7489710084678,49.55258451057959,50.16792653876926,48.66627703713217,0
1077,11.057413127917675,0.6467499100765634,3.3913981809773395,5.872681011118015,0.15119284731210325,1.6121311643414482,50.48138567464767,45.44077206575102,50.48178243342822,51.83713201934828,42.71300518778631,47.7489710084678,49.55258451057959,50.16792653876926,48.66627703713217,0
1078,10.819090047629674,0.6684322033898306,-0.053636558678395195,5.831882477283517,0.15119284731210325,1.6121311643414482,50.48138567464767,45.44077206575102,50.48178243342822,51.83713201934828,42.71300518778631,47.7489710084678,49.55258451057959,50.16792653876926,48.66627703713217,0
1079,10.821420934521559,0.6613644894894894,-2.0411036036036037,5.849036553975704,0.15119284731210325,1.6121311643414482,50.48138567464767,45.44077206575102,50.48178243342822,51.83713201934828,42.71300518778631,47.7489710084678,49.55258451057959,50.16792653876926,48.66627703713217,0
1080,10.87817925928476,0.6363611438598415,2.056315630740548,5.838021949864404,0.15119284731210325,1.6121311643414482,50.48138567464767,45.44077206575102,50.48178243342822,51.83713201934828,42.71300518778631,47.7489710084678,49.55258451057959,50.16792653876926,48.66627703713217,0
1081,11.005356200174342,0.6428728359258283,3.888742420247825,5.895779296973574,0.15119284731210325,1.6121311643414482,50.48138567464767,45.44077206575102,50.48178243342822,51.83713201934828,42.71300518778631,47.7489710084678,49.55258451057959,50.16792653876926,48.66627703713217,0
1082,10.857384232994253,0.662649389015711,1.9806633543708878,5.84354441703136,0.15119284731210325,1.6121311643414482,50.48138567464767,45.44077206575102,50.48178243342822,51.83713201934828,42.71300518778631,47.7489710084678,49.55258451057959,50.16792653876926,48.66627703713217,0
1083,10.847087957313859,0.6094057319471762,2.2653835347007587,5.879974171074619,0.15119284731210325,1.6121311643414482,50.48138567464767,45.44077206575102,50.48178243342822,51.83713201934828,42.71300518778631,47.7489710084678,49.55258451057959,50.16792653876926,48.66627703713217,0
1084,10.865693844671556,0.6561720392622531,-3.4861046049263016,5.835979644267587,0.15119284731210325,1.6121311643414482,50.48138567464767,45.44077206575102,50.48178243342822,51.83713201934828,42.71300518778631,47.7489710084678,49.55258451057959,50.16792653876926,48.66627703713217,0
1085,10.912404866585407,0.6510261305333492,0.7159050232669132,5.844413604395947,0.15119284731210325,1.6121311643414482,50.48138567464767,45.44077206575102,50.48178243342822,51.83713201934828,42.71300518778631,47.7489710084678,49.55258451057959,50.16792653876926,48.66627703713217,0
1086,10.916037105021692,0.6630491123493586,-1.781780484644292,5.80302430930585,0.15119284731210325,1.6121311643414482,50.48138567464767,45.44077206575102,50.48178243342822,51.83713201934828,42.71300518778631,47.7489710084678,49.55258451057959,50.16792653876926,48.66627703713217,0
1087,11.003032739252838,0.6477337420626231,3.3063280052550907,5.895779296973574,0.15119284731210325,1.6121311643414482,50.48138567464767,45.44077206575102,50.48178243342822,51.83713201934828,42.71300518778631,47.7489710084678,49.55258451057959,50.16792653876926,48.66627703713217,0
1088,11.118596123422464,0.6385374261928338,-0.7544441475567012,5.8585044198517515,0.15119284731210325,1.6121311643414482,50.48138567464767,45.44077206575102,50.48178243342822,51.83713201934828,42.71300518778631,47.7489710084678,49.55258451057959,50.16792653876926,48.66627703713217,0
1089,11.093516085837518,0.6177541858429568,5.675240703616907,5.8771754007058545,0.15119284731210325,1.6121311643414482,50.48138567464767,45.44077206575102,50.48178243342822,51.83713201934828,42.71300518778631,47.7489710084678,49.55258451057959,50.16792653876926,48.66627703713217,0
1090,11.130890221301954,0.657442876344086,11.65994623655914,5.921310287184775,0.15119284731210325,1.6121311643414482,50.48138567464767,45.44077206575102,50.48178243342822,51.83713201934828,42.71300518778631,47.7489710084678,49.55258451057959,50.16792653876926,48.66627703713217,0
1091,10.868732244688209,0.6323686420772417,-2.1353225048756532,5.859931157146132,0.15119284731210325,1.6121311643414482,50.48138567464767,45.44077206575102,50.48178243342822,51.83713201934828,42.71300518778631,47.7489710084678,49.55258451057959,50.16792653876926,48.66627703713217,0
1092,10.949038317754038,0.6463722323091796,1.7213327359758541,5.82363743646448,0.15119284731210325,1.6121311643414482,50.48138567464767,45.44077206575102,50.48178243342822,51.83713201934828,42.71300518778631,47.7489710084678,49.55258451057959,50.16792653876926,48.66627703713217,0
1093,10.91813472872677,0.6585709030715468,0.551774875850653,5.8544986920348245,0.15119284731210325,1.6121311643414482,50.48138567464767,45.44077206575102,50.48178243342822,51.83713201934828,42.71300518778631,47.7489710084678,49.55258451057959,50.16792653876926,48.66627703713217,0
1094,11.091777521556857,0.6507418815808017,-2.5266251937750397,5.849900982786195,0.15119284731210325,1.6121311643414482,47.75692444433568,47.15066524022314,60.72327960268006,51.63390798924101,28.580558940990407,49.81448715156392,47.8083950305331,53.709616644678405,48.39722938053072,1
1095,10.917619803125767,0.666251451493719,3.969175551567613,5.889154928283412,0.15119284731210325,1.6121311643414482,50.48138567464767,45.44077206575102,50.48178243342822,51.83713201934828,42.71300518778631,47.7489710084678,49.55258451057959,50.16792653876926,48.66627703713217,0
1096,10.809178302579609,0.6337026523822604,5.066691084455026,5.827179352800126,0.15119284731210325,1.6121311643414482,50.48138567464767,45.44077206575102,50.48178243342822,51.83713201934828,42.71300518778631,47.7489710084678,49.55258451057959,50.16792653876926,48.66627703713217,0
1097,10.962010217324012,0.6337459199172673,5.397020327699318,5.8667513029343406,0.15119284731210325,1.6121311643414482,50.48138567464767,45.44077206575102,50.48178243342822,51.83713201934828,42.71300518778631,47.7489710084678,49.55258451057959,50.16792653876926,48.66627703713217,0
1098,10.982454801490483,0.6417527483465681,1.3492888584131477,5.831882477283517,0.15119284731210325,1.6121311643414482,50.48138567464767,45.44077206575102,50.48178243342822,51.83713201934828,42.71300518778631,47.7489710084678,49.55258451057959,50.16792653876926,48.66627703713217,0
1099,11.30855827923162,0.633945424317804,14.300178752234403,5.911067610035953,0.15119284731210325,1.6121311643414482,50.48138567464767,45.44077206575102,50.48178243342822,51.83713201934828,42.71300518778631,47.7489710084678,49.55258451057959,50.16792653876926,48.66627703713217,0
1100,10.87730351985185,0.6256615506747817,0.3638528711299286,5.8519150821578965,0.15119284731210325,1.6121311643414482,50.48138567464767,45.44077206575102,50.48178243342822,51.83713201934828,42.71300518778631,47.7489710084678,49.55258451057959,50.16792653876926,48.66627703713217,0
1101,10.993313016548475,0.6644919019635946,0.2637236634656729,5.822157927391522,0.15119284731210325,1.6121311643414482,50.48138567464767,45.44077206575102,50.48178243342822,51.83713201934828,42.71300518778631,47.7489710084678,49.55258451057959,50.16792653876926,48.66627703713217,0
1102,11.06668523624321,0.6543203442576572,6.0081299602436005,5.921846480227112,0.15119284731210325,1.6121311643414482,50.48138567464767,45.44077206575102,50.48178243342822,51.83713201934828,42.71300518778631,47.7489710084678,49.55258451057959,50.16792653876926,48.66627703713217,0
1103,10.852202879255332,0.6370439255459817,1.888958312143096,5.859360706474645,0.15119284731210325,1.6121311643414482,50.48138567464767,45.44077206575102,50.48178243342822,51.83713201934828,42.71300518778631,47.7489710084678,49.55258451057959,50.16792653876926,48.66627703713217,0
1104,10.816149709086266,0.6719794950357953,-3.270188256783431,5.878015854600402,0.15119284731210325,1.6121311643414482,50.48138567464767,45.44077206575102,50.48178243342822,51.83713201934828,42.71300518778631,47.7489710084678,49.55258451057959,50.16792653876926,48.66627703713217,0
1105,10.976961504293538,0.6318896321070234,7.558528428093646,5.889708638153595,0.15119284731210325,1.6121311643414482,50.48138567464767,45.44077206575102,50.48178243342822,51.83713201934828,42.71300518778631,47.7489710084678,49.55258451057959,50.16792653876926,48.66627703713217,0
1106,10.869244410542132,0.617427038732221,1.5748806535754711,5.8771754007058545,0.15119284731210325,1.6121311643414482,50.48138567464767,45.44077206575102,50.48178243342822,51.83713201934828,42.71300518778631,47.7489710084678,49.55258451057959,50.16792653876926,48.66627703713217,0
1107,11.010406908447592,0.6630275168121215,0.38240970959111364,6.008567455007644,0.1804555959062397,1.7778149253731343,55.14279486713599,35.84256505714161,43.60155695828473,59.57146698190457,44.229539907735145,33.67209602339492,52.11562040707264,39.78798472474608,45.49545311592696,1
1108,10.571065611483878,0.6355206010095081,-1.0061543105327588,5.94515879423147,0.15704071801632777,1.6087056655918932,50.48138567464767,45.44077206575102,50.48178243342822,51.83713201934828,42.71300518778631,47.7489710084678,49.55258451057959,50.16792653876926,48.66627703713217,0
1109,10.723547080593528,0.6495913747203357,-2.3568151792175374,5.9099833052400985,0.17773118054099393,1.7575502625547594,50.48138567464767,45.44077206575102,50.48178243342822,51.83713201934828,42.71300518778631,47.7489710084678,49.55258451057959,50.16792653876926,48.66627703713217,0
1110,10.785381437682462,0.6639790696526418,-4.426307735342998,5.955578268543573,0.17727672931899094,1.7197829577542771,50.48138567464767,45.44077206575102,50.48178243342822,51.83713201934828,42.71300518778631,47.7489710084678,49.55258451057959,50.16792653876926,48.66627703713217,0
1111,10.672627713219713,0.6581631820333285,-2.0565049209224897,5.980403599748557,0.12540051793003557,1.5112919343326197,50.48138567464767,45.44077206575102,50.48178243342822,51.83713201934828,42.71300518778631,47.7489710084678,49.55258451057959,50.16792653876926,48.66627703713217,0
1112,10.879660984011661,0.6511163753707262,-1.1191733039861222,5.985194934094387,0.17426730941512733,1.7097038032365484,50.48138567464767,45.44077206575102,50.48178243342822,51.83713201934828,42.71300518778631,47.7489710084678,49.55258451057959,50.16792653876926,48.66627703713217,0
1113,10.584749381296842,0.6636263216032823,-0.25248540318762824,5.974826905954958,0.22499338099020386,1.7977798875337765,50.48138567464767,45.44077206575102,50.48178243342822,51.83713201934828,42.71300518778631,47.7489710084678,49.55258451057959,50.16792653876926,48.66627703713217,0
1114,10.544922930093376,0.6796165489404642,1.0090817356205852,5.903452669784769,0.15119284731210325,1.6121311643414482,50.48138567464767,45.44077206575102,50.48178243342822,51.83713201934828,42.71300518778631,47.7489710084678,49.55258451057959,50.16792653876926,48.66627703713217,0
1115,10.77769507823019,0.634935804213238,-7.479120787800722,5.985697952213645,0.15404000630020476,1.5226779727864326,50.48138567464767,45.44077206575102,50.48178243342822,51.83713201934828,42.71300518778631,47.7489710084678,49.55258451057959,50.16792653876926,48.66627703713217,0
1116,10.629176944620756,0.6135910478128179,-2.9298067141403865,5.882486384538237,0.1957499382258463,1.825005856564372,50.48138567464767,45.44077206575102,50.48178243342822,51.83713201934828,42.71300518778631,47.7489710084678,49.55258451057959,50.16792653876926,48.66627703713217,0
1117,11.048471209428016,0.6596749273839688,3.856374760521599,6.435669483532077,0.19580001990511894,1.8351282702565406,50.48138567464767,45.44077206575102,50.48178243342822,51.83713201934828,42.71300518778631,47.7489710084678,49.55258451057959,50.16792653876926,48.66627703713217,0
1118,10.656680363800087,0.6257341893183991,6.146701270318263,5.965377212344664,0.15197418790331402,1.423343092893266,50.48138567464767,45.44077206575102,50.48178243342822,51.83713201934828,42.71300518778631,47.7489710084678,49.55258451057959,50.16792653876926,48.66627703713217,0
1119,10.67664897882611,0.6611104790078507,-2.616907498008875,5.982171500196389,0.13997868836578514,1.6102931923996477,50.48138567464767,45.44077206575102,50.48178243342822,51.83713201934828,42.71300518778631,47.7489710084678,49.55258451057959,50.16792653876926,48.66627703713217,0
1120,10.91846095279485,0.6508981882479563,6.355226404940676,5.943848693166319,0.11928598413298074,1.4931056738837059,50.48138567464767,45.44077206575102,50.48178243342822,51.83713201934828,42.71300518778631,47.7489710084678,49.55258451057959,50.16792653876926,48.66627703713217,0
1121,10.983418085496732,0.6235638882413667,-1.3986479736254953,5.961005339623274,0.08721019499462614,1.4956671857017128,50.48138567464767,45.44077206575102,50.48178243342822,51.83713201934828,42.71300518778631,47.7489710084678,49.55258451057959,50.16792653876926,48.66627703713217,0
1122,10.617282591319224,0.6438815172228923,-1.273287763034446,5.900718933801237,0.13886962552011095,1.578021897002986,50.48138567464767,45.44077206575102,50.48178243342822,51.83713201934828,42.71300518778631,47.7489710084678,49.55258451057959,50.16792653876926,48.66627703713217,0
1123,10.794645074771285,0.6371573249519819,-3.608637448344101,5.925057614910383,0.1516262024736601,1.6795352450434018,50.48138567464767,45.44077206575102,50.48178243342822,51.83713201934828,42.71300518778631,47.7489710084678,49.55258451057959,50.16792653876926,48.66627703713217,0
1124,10.667566057901148,0.6187747447384871,-1.4586372160866847,5.905906658746336,0.09354406344242154,1.5211221242822135,50.48138567464767,45.44077206575102,50.48178243342822,51.83713201934828,42.71300518778631,47.7489710084678,49.55258451057959,50.16792653876926,48.66627703713217,0
1125,10.801023507926635,0.6542930923176242,1.2219865350917642,5.916741000912046,0.1612536691601174,1.6074292950612072,50.48138567464767,45.44077206575102,50.48178243342822,51.83713201934828,42.71300518778631,47.7489710084678,49.55258451057959,50.16792653876926,48.66627703713217,0
1126,10.665575269880256,0.6104,3.388235294117647,5.884435974349459,0.15721592172559484,1.5215190745076437,50.48138567464767,45.44077206575102,50.48178243342822,51.83713201934828,42.71300518778631,47.7489710084678,49.55258451057959,50.16792653876926,48.66627703713217,0
1127,10.713461756362648,0.6384161921143602,0.1669978791269351,5.919968545402912,0.1418701955823684,1.6104879504822949,50.48138567464767,45.44077206575102,50.48178243342822,51.83713201934828,42.71300518778631,47.7489710084678,49.55258451057959,50.16792653876926,48.66627703713217,0
1128,10.709161757873408,0.630180820804551,-6.50142218610321,5.936480238775222,0.14187108420940853,1.5630430320859274,50.48138567464767,45.44077206575102,50.48178243342822,51.83713201934828,42.71300518778631,47.7489710084678,49.55258451057959,50.16792653876926,48.66627703713217,0
1129,10.63821563956979,0.6351431685326464,-6.786881997423958,6.014936903293124,0.14215879913095003,1.5058563039501973,50.48138567464767,45.44077206575102,50.48178243342822,51.83713201934828,42.71300518778631,47.7489710084678,49.55258451057959,50.16792653876926,48.66627703713217,0
1130,10.924311257749398,0.6412621790505523,1.4511209168715018,5.926926025970411,0.1312564090043459,1.533147804576376,50.48138567464767,45.44077206575102,50.48178243342822,51.83713201934828,42.71300518778631,47.7489710084678,49.55258451057959,50.16792653876926,48.66627703713217,0
1131,10.662324154194136,0.648968540484786,-5.440948942753996,6.054439346269371,0.18305009931582433,1.7193245434243936,50.48138567464767,45.44077206575102,50.48178243342822,51.83713201934828,42.71300518778631,47.7489710084678,49.55258451057959,50.16792653876926,48.66627703713217,0
1132,10.738535690494414,0.6447478115881617,1.4068361817423927,5.924523141354101,0.12264898039992081,1.5665413652588684,50.48138567464767,45.44077206575102,50.48178243342822,51.83713201934828,42.71300518778631,47.7489710084678,49.55258451057959,50.16792653876926,48.66627703713217,0
1133,10.584460932164365,0.6516320986589625,-4.182657065240826,5.864766894062025,0.17786029490905178,1.6145433351618212,50.48138567464767,45.44077206575102,50.48178243342822,51.83713201934828,42.71300518778631,47.7489710084678,49.55258451057959,50.16792653876926,48.66627703713217,0
1134,11.51382006469654,0.6672328151486879,-3.292585973534475,5.453610250954072,0.14997041170005918,1.6676078816524462,45.63777567477708,60.841652649291234,48.03843216422635,57.824106208401325,42.40386991115162,51.18841240450246,52.67331565424331,40.539184278072746,49.893343618083264,1
1135,11.302218013809279,0.650270549345921,0.9185938139076444,5.2327116094500425,0.15789473684210525,1.6741676505312868,58.43929574466567,40.2830005205515,38.79954767781892,54.781668396254055,47.07270547164716,58.17325721854523,55.631326125341886,36.50193401590807,48.71034189634156,1
1136,11.432040736229764,0.6601267500640094,0.4712909065779069,5.312713246831769,0.1431467843406184,1.644939892573962,45.6681929593914,47.49988864635521,45.35012474727647,51.28640591771126,39.19073798813108,52.18535079284798,40.47737229811476,36.08367862796252,44.71771899722384,1
1137,11.272036643548422,0.6284591561490559,-2.9971028006260614,5.2574953720277815,0.14035734775838046,1.6504196898563095,50.48138567464767,45.44077206575102,50.48178243342822,51.83713201934828,42.71300518778631,47.7489710084678,49.55258451057959,50.16792653876926,48.66627703713217,0
1138,11.140520304488387,0.6251945538931811,4.501030609812528,5.230038525794742,0.12405272420357001,1.6242194004995836,39.11886775482683,50.242831741404245,43.48592433775745,50.24198048006715,27.80961622536546,53.16865125587631,57.03827467853363,44.50751478357092,45.70170765717525,1
1139,11.106067887826892,0.6330107384329843,-1.7764815060320827,5.274536837882633,0.16159775221171735,1.7549422478898267,48.74995301038691,33.92752912243946,55.83209264668905,50.19938869887709,24.175999217793724,31.489933534688923,47.83554873513901,29.01850332893976,40.15361853686924,1
1140,11.093656013835664,0.612459873649051,-3.552337081881712,5.2390980068880655,0.15109371724089735,1.7581212708450202,54.9502117592984,35.161527946230926,35.10992717575508,51.765901320684776,33.61257029022759,55.86261718223129,37.270083663191535,31.160197894093425,41.86162965396413,1
1141,11.377547797600341,0.6373081872131211,-1.2355400206136729,5.200704537681037,0.1109357186705253,1.5948290311766677,53.29921605710513,42.74134932055141,44.70647436256526,55.25074033167643,33.83707779332524,62.12734580250715,60.18538110078407,35.863656316409845,48.50140513561556,1
1142,11.146555100543063,0.6144780670889045,-0.35655641566971613,5.2663105704129505,0.1655265223729954,1.7771318892240198,48.07388625052037,41.735964876648346,44.25441068087466,49.89744258153053,24.413293135810008,43.633178844408526,40.33295631000715,31.1063628528546,40.43093694158178,1
1143,11.044686677474738,0.6143842106982975,-0.032676534980230695,5.230038525794742,0.13448161642928122,1.6553788367861964,50.48138567464767,45.44077206575102,50.48178243342822,51.83713201934828,42.71300518778631,47.7489710084678,49.55258451057959,50.16792653876926,48.66627703713217,0
1144,11.03877565217256,0.6429732868757259,-2.3228803716608595,5.216022123821206,0.11759683652377101,1.7318589967319225,50.48138567464767,45.44077206575102,50.48178243342822,51.83713201934828,42.71300518778631,47.7489710084678,49.55258451057959,50.16792653876926,48.66627703713217,0
1145,12.02976735466015,0.18876755070202808,-18.31628820708384,5.060060177423779,0.15119284731210325,1.6121311643414482,52.08546753940591,69.48892008862384,52.9695331450549,50.71247158132761,34.136168364812605,50.19259833056667,53.748030951989534,30.38171305093869,49.21436288158997,1
1146,11.383180039376713,0.6346307511144755,-3.6903860711582133,5.579729825986222,0.11958374450524804,1.395192698947858,50.48138567464767,45.44077206575102,50.48178243342822,51.83713201934828,42.71300518778631,47.7489710084678,49.55258451057959,50.16792653876926,48.66627703713217,0
1147,11.749357136851348,0.6623758145497276,42.78389060997757,5.136386499401816,0.2227035342698676,1.7373403003857413,50.48138567464767,45.44077206575102,50.48178243342822,51.83713201934828,42.71300518778631,47.7489710084678,49.55258451057959,50.16792653876926,48.66627703713217,0
1148,11.065475186114558,0.60338081671415,-1.842355175688509,5.228967288413243,0.15914731430597412,1.7065587734241907,50.48138567464767,45.44077206575102,50.48178243342822,51.83713201934828,42.71300518778631,47.7489710084678,49.55258451057959,50.16792653876926,48.66627703713217,0
1149,11.032879580646423,0.6308276260417526,-0.9550527907605408,5.297316866214453,0.15245411865130176,1.5641715823835978,50.48138567464767,45.44077206575102,50.48178243342822,51.83713201934828,42.71300518778631,47.7489710084678,49.55258451057959,50.16792653876926,48.66627703713217,0
1150,11.09286181479382,0.664931372931217,-0.9550527907605408,5.922650231107622,0.16962668691943683,1.6906011854360712,50.48138567464767,45.44077206575102,50.48178243342822,51.83713201934828,42.71300518778631,47.7489710084678,49.55258451057959,50.16792653876926,48.66627703713217,0
1151,11.705421749880646,0.6612736775525151,-3.894936582442824,5.153869462182164,0.18458792585170342,1.7629997028639346,50.48138567464767,45.44077206575102,50.48178243342822,51.83713201934828,42.71300518778631,47.7489710084678,49.55258451057959,50.16792653876926,48.66627703713217,0
1152,11.940529032285385,0.6227445787121337,-0.33107101473266015,5.073297055220967,0.12558543904422695,1.7366135704001646,50.48138567464767,45.44077206575102,50.48178243342822,51.83713201934828,42.71300518778631,47.7489710084678,49.55258451057959,50.16792653876926,48.66627703713217,0
1153,11.04460202341828,0.5844452537827368,-1.8541204516107672,5.157905212831292,0.12912124582869855,1.6695052454345292,50.48138567464767,45.44077206575102,50.48178243342822,51.83713201934828,42.71300518778631,47.7489710084678,49.55258451057959,50.16792653876926,48.66627703713217,0
1154,11.67099445817138,0.6330629950961901,5.2810260279139944,5.1375615876686425,0.21145529341443692,1.9866959302010514,50.48138567464767,45.44077206575102,50.48178243342822,51.83713201934828,42.71300518778631,47.7489710084678,49.55258451057959,50.16792653876926,48.66627703713217,0
1155,11.007813487196806,0.6178789725407642,-3.6932395250493975,5.235377566774162,0.10789803593815295,1.62425064015665,50.48138567464767,45.44077206575102,50.48178243342822,51.83713201934828,42.71300518778631,47.7489710084678,49.55258451057959,50.16792653876926,48.66627703713217,0
1156,11.465546604443144,0.18928136419001218,-6.577344701583435,5.777497404613124,0.15119284731210325,1.6121311643414482,50.48138567464767,45.44077206575102,50.48178243342822,51.83713201934828,42.71300518778631,47.7489710084678,49.55258451057959,50.16792653876926,48.66627703713217,0
1157,11.440125713645436,0.6238582108118995,-3.5779023066807256,5.190175207928333,0.14122612787157487,1.5935930105569713,50.48138567464767,45.44077206575102,50.48178243342822,51.83713201934828,42.71300518778631,47.7489710084678,49.55258451057959,50.16792653876926,48.66627703713217,0
1158,11.210794170145384,0.627335224268064,-2.1248978414499304,5.252796851246227,0.15295737048469174,1.756691577098282,41.923707198181816,44.191986549535386,42.60596190039647,52.34578223130321,29.003551594447146,48.89200793851349,34.30870436183043,35.04404203931073,41.03946797668984,1
1159,11.027528768014601,0.6405787412854551,-0.9550527907605408,5.167639042905921,0.09724762457063836,1.52296469740634,50.48138567464767,45.44077206575102,50.48178243342822,51.83713201934828,42.71300518778631,47.7489710084678,49.55258451057959,50.16792653876926,48.66627703713217,0
1160,11.221023836031403,0.615287781454805,0.4282655246252676,5.203457085524077,0.1424920905329764,1.564662329531535,50.48138567464767,45.44077206575102,50.48178243342822,51.83713201934828,42.71300518778631,47.7489710084678,49.55258451057959,50.16792653876926,48.66627703713217,0
1161,11.366683925272161,0.6390844193279763,-3.9572672080625764,5.276071757600717,0.13535092388411527,1.664186295503212,47.438925726350206,50.747980053765936,41.527515958600624,48.77468955737788,29.81744892800949,41.89159313705863,41.97946359036246,36.02358954982018,42.27515081266817,1
1162,11.215436798001384,0.6156177941290774,-5.984921107858123,5.305789381386738,0.15119284731210325,1.175736274390983,50.48138567464767,45.44077206575102,50.48178243342822,51.83713201934828,42.71300518778631,47.7489710084678,49.55258451057959,50.16792653876926,48.66627703713217,0
1163,11.330604708175954,0.640386053856383,-0.9550527907605408,5.236441962829949,0.16762139772627127,1.640411058885353,50.48138567464767,45.44077206575102,50.48178243342822,51.83713201934828,42.71300518778631,47.7489710084678,49.55258451057959,50.16792653876926,48.66627703713217,0
1164,11.634577451020894,0.6244129633223365,-4.773918105957694,5.303304908059076,0.18437175982656234,1.6353769044378796,50.48138567464767,45.44077206575102,50.48178243342822,51.83713201934828,42.71300518778631,47.7489710084678,49.55258451057959,50.16792653876926,48.66627703713217,0
1165,11.807524559571076,0.6547810067153979,-0.9550527907605408,5.174453379325651,0.13849660847325698,1.6750956918315825,50.48138567464767,45.44077206575102,50.48178243342822,51.83713201934828,42.71300518778631,47.7489710084678,49.55258451057959,50.16792653876926,48.66627703713217,0
1166,10.97964289431654,0.6272433731320868,-2.1025756551775925,5.147494476813453,0.14805241917199474,1.6666452895530046,50.48138567464767,45.44077206575102,50.48178243342822,51.83713201934828,42.71300518778631,47.7489710084678,49.55258451057959,50.16792653876926,48.66627703713217,0
1167,11.056161799302767,0.6088041189688423,-0.9550527907605408,5.299816242671772,0.1676366802621328,1.7242294600755708,50.48138567464767,45.44077206575102,50.48178243342822,51.83713201934828,42.71300518778631,47.7489710084678,49.55258451057959,50.16792653876926,48.66627703713217,0
1168,11.06533751660876,0.6018475232342876,-0.9550527907605408,5.25540986553676,0.1494350408646331,1.8229518855656697,50.48138567464767,45.44077206575102,50.48178243342822,51.83713201934828,42.71300518778631,47.7489710084678,49.55258451057959,50.16792653876926,48.66627703713217,0
1169,11.390574763392712,0.6390422420669054,-0.9550527907605408,5.259056652594734,0.14934004181913224,1.650883457774892,62.26663361289653,35.25874640446169,44.40649633564406,60.37906179450829,52.474680806579975,43.80589298137826,39.63215089491942,41.503233792686125,47.465862077884296,1
1170,11.034834823813854,0.6354875665476111,2.134016218523261,5.231643233280044,0.07539516601154135,1.5612836956219982,50.48138567464767,45.44077206575102,50.48178243342822,51.83713201934828,42.71300518778631,47.7489710084678,49.55258451057959,50.16792653876926,48.66627703713217,0
1171,11.066449281967241,0.6274145456116849,-3.500280886737825,5.187385805840755,0.07005573707476456,1.4416593831939069,50.48138567464767,45.44077206575102,50.48178243342822,51.83713201934828,42.71300518778631,47.7489710084678,49.55258451057959,50.16792653876926,48.66627703713217,0
1172,11.013138688319454,0.619278931337222,0.5972407477454162,5.191288793789513,0.10013948343033043,1.5788985045923274,50.48138567464767,45.44077206575102,50.48178243342822,51.83713201934828,42.71300518778631,47.7489710084678,49.55258451057959,50.16792653876926,48.66627703713217,0
1173,11.035071905484761,0.6153049635914223,-4.743135814015632,5.226284163648205,0.1000612262748185,1.573416222616933,50.48138567464767,45.44077206575102,50.48178243342822,51.83713201934828,42.71300518778631,47.7489710084678,49.55258451057959,50.16792653876926,48.66627703713217,0
1174,11.031932068844823,0.6132232200900489,-5.3451472323212865,5.183467524869095,0.0970159807665111,1.522852095712221,50.48138567464767,45.44077206575102,50.48178243342822,51.83713201934828,42.71300518778631,47.7489710084678,49.55258451057959,50.16792653876926,48.66627703713217,0
1175,10.988139514386654,0.6257864826466409,1.8266693728435153,5.2100324516804655,0.09572143832498863,1.4534965141413219,50.48138567464767,45.44077206575102,50.48178243342822,51.83713201934828,42.71300518778631,47.7489710084678,49.55258451057959,50.16792653876926,48.66627703713217,0
1176,11.293482557818015,0.6641819468426529,1.9646305238640323,5.793927824507547,0.17078794166810768,1.6449453888478278,54.88249862897228,44.089882838073535,56.90790230121033,66.05185419146581,58.15095701965431,69.65130670350176,39.20914281684463,62.93625394321723,56.484974805367486,1
1177,10.921733608980055,0.6346102330565229,5.625502276989017,5.774862056337153,0.15119284731210325,1.1111754655237323,50.48138567464767,45.44077206575102,50.48178243342822,51.83713201934828,42.71300518778631,47.7489710084678,49.55258451057959,50.16792653876926,48.66627703713217,0
1178,10.935227933168989,0.6721678651420488,1.5324767181421666,5.746841964116648,0.05461229623179993,1.686190664414819,50.48138567464767,45.44077206575102,50.48178243342822,51.83713201934828,42.71300518778631,47.7489710084678,49.55258451057959,50.16792653876926,48.66627703713217,0
1179,11.183494579745926,0.6374559125615287,6.240068214410294,5.808142489980444,0.12112654843932377,1.6570227938367503,50.48138567464767,45.44077206575102,50.48178243342822,51.83713201934828,42.71300518778631,47.7489710084678,49.55258451057959,50.16792653876926,48.66627703713217,0
1180,11.567724208086828,0.6681978285340789,1.4524855659246887,5.837438859468874,0.030906049132693493,1.3445176579388474,50.48138567464767,45.44077206575102,50.48178243342822,51.83713201934828,42.71300518778631,47.7489710084678,49.55258451057959,50.16792653876926,48.66627703713217,0
1181,11.021570714129616,0.687357305936073,2.5684931506849313,5.685957889743649,0.15705046379031573,1.5420440199791428,50.48138567464767,45.44077206575102,50.48178243342822,51.83713201934828,42.71300518778631,47.7489710084678,49.55258451057959,50.16792653876926,48.66627703713217,0
1182,11.354365746267009,0.7112095824967112,0.6923769300006924,5.834810737062605,0.14332479959709574,1.6066497447769936,50.48138567464767,45.44077206575102,50.48178243342822,51.83713201934828,42.71300518778631,47.7489710084678,49.55258451057959,50.16792653876926,48.66627703713217,0
1183,11.059643643735386,0.675108494431125,2.625110011835756,5.751937516543248,0.10804861709254474,1.4380585467521394,50.48138567464767,45.44077206575102,50.48178243342822,51.83713201934828,42.71300518778631,47.7489710084678,49.55258451057959,50.16792653876926,48.66627703713217,0
1184,10.80399030760967,0.6693502800664622,5.549940903407046,5.971261839790462,0.1418836525356861,1.7703983432817638,47.48721193762235,26.36893487708565,58.65169648642919,33.43214174831347,30.693519991081644,57.56113881599817,38.263669132690886,56.87179153826393,43.66626306593566,1
1185,10.936926451913855,0.6809424785605032,-2.7325691305618096,5.755742213586912,0.0977979274611399,1.4593281835205993,50.48138567464767,45.44077206575102,50.48178243342822,51.83713201934828,42.71300518778631,47.7489710084678,49.55258451057959,50.16792653876926,48.66627703713217,0
1186,11.254966582542078,0.6974523316514162,13.66806392815658,5.806038175360548,0.19562896625348436,1.721991791826755,50.48138567464767,45.44077206575102,50.48178243342822,51.83713201934828,42.71300518778631,47.7489710084678,49.55258451057959,50.16792653876926,48.66627703713217,0
1187,10.88967741178995,0.6871408572761816,1.5865608959402706,5.682218296740361,0.1476844430966512,1.5823630571452736,50.48138567464767,45.44077206575102,50.48178243342822,51.83713201934828,42.71300518778631,47.7489710084678,49.55258451057959,50.16792653876926,48.66627703713217,0
1188,11.215941597986797,0.6684519805561548,6.561663134114303,5.787204082795274,0.2474269736450711,1.9171616270698344,50.48138567464767,45.44077206575102,50.48178243342822,51.83713201934828,42.71300518778631,47.7489710084678,49.55258451057959,50.16792653876926,48.66627703713217,0
1189,10.921072343228314,0.6681166720087917,-7.005815284582628,5.661918270557502,0.18693746760284624,1.719212428857099,50.48138567464767,45.44077206575102,50.48178243342822,51.83713201934828,42.71300518778631,47.7489710084678,49.55258451057959,50.16792653876926,48.66627703713217,0
1190,11.100558090935623,0.6578225286917516,11.882322063420105,5.810242385757328,0.20331911448765452,1.8397994918629403,53.89922342053882,41.9939641438295,43.302306967948965,33.70884448270396,48.824083530905824,47.12389220592701,32.259792832936235,51.85609773923244,44.12102566550284,1
1191,11.016121082566492,0.6329381879762913,-0.09770077509281574,5.682218296740361,0.17747735445400337,1.666330860579418,50.48138567464767,45.44077206575102,50.48178243342822,51.83713201934828,42.71300518778631,47.7489710084678,49.55258451057959,50.16792653876926,48.66627703713217,0
1192,11.029132802471848,0.6578149681936558,-2.220040131494685,5.665041646339771,0.16930853413161898,1.7098373199374564,50.48138567464767,45.44077206575102,50.48178243342822,51.83713201934828,42.71300518778631,47.7489710084678,49.55258451057959,50.16792653876926,48.66627703713217,0
1193,10.950820581805916,0.6611036232458575,-2.854198049631333,5.678806488586024,0.1578433287751514,1.627733315473998,50.48138567464767,45.44077206575102,50.48178243342822,51.83713201934828,42.71300518778631,47.7489710084678,49.55258451057959,50.16792653876926,48.66627703713217,0
1194,11.007800229740315,0.660801077472624,-0.849095274345611,5.749074463847908,0.08651911468812877,1.45175983436853,50.48138567464767,45.44077206575102,50.48178243342822,51.83713201934828,42.71300518778631,47.7489710084678,49.55258451057959,50.16792653876926,48.66627703713217,0
1195,11.188103499622985,0.6618564096904145,-0.9381380718503394,5.7375395714543345,0.09169659835199662,1.526668914362778,50.48138567464767,45.44077206575102,50.48178243342822,51.83713201934828,42.71300518778631,47.7489710084678,49.55258451057959,50.16792653876926,48.66627703713217,0
1196,10.753696172549294,0.661561044099815,-2.5528112834258727,5.689345426858432,0.16980240143708045,1.7919750681729645,50.48138567464767,45.44077206575102,50.48178243342822,51.83713201934828,42.71300518778631,47.7489710084678,49.55258451057959,50.16792653876926,48.66627703713217,0
1197,11.04410353724015,0.6646086021977058,-2.631982979843397,5.704448919199361,0.16352545225073623,1.6671202971279522,50.48138567464767,45.44077206575102,50.48178243342822,51.83713201934828,42.71300518778631,47.7489710084678,49.55258451057959,50.16792653876926,48.66627703713217,0
1198,11.282548314144124,0.6564618003908909,-3.6357666599206615,5.992713766508414,0.16510223603969867,1.6764748157122031,49.10174168004152,51.16933285163333,61.08263207491085,54.23048620165985,42.47096955979004,48.55344922824889,57.87633215408835,55.99041514066246,52.55941986137941,1
1200,11.131862683421083,0.6713481109043004,1.6920882786627667,5.968195920168628,0.09120860065892145,1.4109103694488019,50.48138567464767,45.44077206575102,50.48178243342822,51.83713201934828,42.71300518778631,47.7489710084678,49.55258451057959,50.16792653876926,48.66627703713217,0
1201,10.995566881148882,0.6567949072792693,6.45816034689547,5.889708638153595,0.14753032928942808,1.6257027027027027,50.48138567464767,45.44077206575102,50.48178243342822,51.83713201934828,42.71300518778631,47.7489710084678,49.55258451057959,50.16792653876926,48.66627703713217,0
1203,11.140261953809288,0.6625413563100441,1.8754091399656765,5.992214265998528,0.1106729423737438,1.4381621815756394,50.48138567464767,45.44077206575102,50.48178243342822,51.83713201934828,42.71300518778631,47.7489710084678,49.55258451057959,50.16792653876926,48.66627703713217,0
1204,10.652289377953094,0.6630929541436257,4.777489372907498,5.905361848054571,0.10878819411597768,1.5783719991304077,50.48138567464767,45.44077206575102,50.48178243342822,51.83713201934828,42.71300518778631,47.7489710084678,49.55258451057959,50.16792653876926,48.66627703713217,0
1205,10.694335235619626,0.6429515866558178,1.6273393002441008,5.890538628518022,0.15555263273269324,1.6531294000717816,50.48138567464767,45.44077206575102,50.48178243342822,51.83713201934828,42.71300518778631,47.7489710084678,49.55258451057959,50.16792653876926,48.66627703713217,0
1206,11.33302098469188,0.6582375352813871,-6.714778272425796,6.078100853767529,0.13850068506557056,1.4962355374882736,50.48138567464767,45.44077206575102,50.48178243342822,51.83713201934828,42.71300518778631,47.7489710084678,49.55258451057959,50.16792653876926,48.66627703713217,0
1207,10.943764264191275,0.6614162770930727,1.8327666808329792,5.865901324132636,0.18313094847390876,1.6679602041879362,50.48138567464767,45.44077206575102,50.48178243342822,51.83713201934828,42.71300518778631,47.7489710084678,49.55258451057959,50.16792653876926,48.66627703713217,0
1208,11.132990667266116,0.6595644681184396,2.9766567444775185,5.950121583573599,0.19049631403484057,1.726576042331904,50.48138567464767,45.44077206575102,50.48178243342822,51.83713201934828,42.71300518778631,47.7489710084678,49.55258451057959,50.16792653876926,48.66627703713217,0
1209,10.945938577104023,0.6569143007015933,2.845715035079667,5.936480238775222,0.13433456754170653,1.5666093296706118,50.48138567464767,45.44077206575102,50.48178243342822,51.83713201934828,42.71300518778631,47.7489710084678,49.55258451057959,50.16792653876926,48.66627703713217,0
1210,10.940087903343093,0.6453093949153704,4.933872404577537,5.846438775057724,0.11325088339222615,1.5162941093771967,50.48138567464767,45.44077206575102,50.48178243342822,51.83713201934828,42.71300518778631,47.7489710084678,49.55258451057959,50.16792653876926,48.66627703713217,0
1211,11.026063733057585,0.6593904125675217,-0.4958116959369537,5.874649792516147,0.180475459486371,1.6079871531616912,50.48138567464767,45.44077206575102,50.48178243342822,51.83713201934828,42.71300518778631,47.7489710084678,49.55258451057959,50.16792653876926,48.66627703713217,0
1212,11.2532372167752,0.6582556945243697,9.950393717994478,6.067267510523482,0.17190708873309254,1.699089602299952,50.48138567464767,45.44077206575102,50.48178243342822,51.83713201934828,42.71300518778631,47.7489710084678,49.55258451057959,50.16792653876926,48.66627703713217,0
1213,10.817229037840601,0.6800704311862741,3.603456041931125,6.01200219832553,0.12498375427804012,1.5134587168200613,50.48138567464767,45.44077206575102,50.48178243342822,51.83713201934828,42.71300518778631,47.7489710084678,49.55258451057959,50.16792653876926,48.66627703713217,0
1214,10.790648090303147,0.6593002657218777,1.9486271036315324,5.93330563293445,0.06185751318494681,1.4811016700849693,50.48138567464767,45.44077206575102,50.48178243342822,51.83713201934828,42.71300518778631,47.7489710084678,49.55258451057959,50.16792653876926,48.66627703713217,0
1215,10.813810512630491,0.6312883096802695,0.7730962504831851,5.919968545402912,0.11607918438257211,1.4787087912087913,50.48138567464767,45.44077206575102,50.48178243342822,51.83713201934828,42.71300518778631,47.7489710084678,49.55258451057959,50.16792653876926,48.66627703713217,0
1216,11.030773138233132,0.6541789748045178,4.76107732406603,5.971261839790462,0.0730622009569378,1.4820469998807109,50.48138567464767,45.44077206575102,50.48178243342822,51.83713201934828,42.71300518778631,47.7489710084678,49.55258451057959,50.16792653876926,48.66627703713217,0
1217,10.797880263309066,0.6472714870395634,6.139154160982264,5.857933154483459,0.15302801081923623,1.5514270328486808,50.48138567464767,45.44077206575102,50.48178243342822,51.83713201934828,42.71300518778631,47.7489710084678,49.55258451057959,50.16792653876926,48.66627703713217,0
1218,10.828960003125122,0.6673012318029116,0.8958566629339306,5.926926025970411,0.12677600420978777,1.4626849866306622,50.48138567464767,45.44077206575102,50.48178243342822,51.83713201934828,42.71300518778631,47.7489710084678,49.55258451057959,50.16792653876926,48.66627703713217,0
1219,11.08805732971511,0.6234971010070186,4.5773573390296,6.055143323771165,0.09622020075282309,1.5000247770069375,50.48138567464767,45.44077206575102,50.48178243342822,51.83713201934828,42.71300518778631,47.7489710084678,49.55258451057959,50.16792653876926,48.66627703713217,0
1220,10.934076142774462,0.6453905801263642,1.5795519816197587,5.893024474294729,0.21979796116057013,1.797666545762302,50.48138567464767,45.44077206575102,50.48178243342822,51.83713201934828,42.71300518778631,47.7489710084678,49.55258451057959,50.16792653876926,48.66627703713217,0
1221,11.184826871338322,0.6574141099170332,11.7211426025948,6.002651736498547,0.23431734317343172,1.6733592736705578,50.48138567464767,45.44077206575102,50.48178243342822,51.83713201934828,42.71300518778631,47.7489710084678,49.55258451057959,50.16792653876926,48.66627703713217,0
1222,10.79931023577042,0.643595041322314,3.5640495867768593,5.876053695596654,0.10549663471344076,1.4838319640365836,50.48138567464767,45.44077206575102,50.48178243342822,51.83713201934828,42.71300518778631,47.7489710084678,49.55258451057959,50.16792653876926,48.66627703713217,0
1223,10.798689470330386,0.6512151748666272,1.5016795099782652,5.925858790009988,0.08233162453597313,1.5342229510050607,50.48138567464767,45.44077206575102,50.48178243342822,51.83713201934828,42.71300518778631,47.7489710084678,49.55258451057959,50.16792653876926,48.66627703713217,0
1224,11.399245998146583,0.6765161861198103,-2.340117846872195,5.5093883366279774,0.1778043673347293,1.7130090229773671,47.20653454370774,41.13981661824216,43.81167778880043,53.58471723339928,57.15778267860117,50.67686506367445,52.21863564043488,48.87310916033737,49.33364234089969,1
1225,11.069024575569152,0.6409432785310207,-1.9645661105175987,5.43197375136071,0.1563506672802577,1.7014773032500672,40.63578872240333,29.739298576657088,52.769459631810456,45.11756888283255,28.85274086441393,32.867934743979795,38.05295964589777,41.76316673803214,38.72486472575338,1
1226,11.343012205851473,0.6509242735164188,-0.5851154976198337,5.450609176890295,0.17104607277647227,1.6779656838576078,49.45223993585784,31.704772764943403,37.75727123196856,46.31239909146656,52.31544261815265,28.791444994863724,53.47144287596139,43.25806108624012,42.88288432493178,1
1227,11.18070338362978,0.6409409147418701,1.8211956640275686,5.4475990692637914,0.1586431639757073,1.6330314465408804,50.48138567464767,45.44077206575102,50.48178243342822,51.83713201934828,42.71300518778631,47.7489710084678,49.55258451057959,50.16792653876926,48.66627703713217,0
1228,11.345269835779062,0.6344612644701692,-0.8562230289745874,5.4174328474381985,0.1823405019351235,1.6256680309705676,50.48138567464767,45.44077206575102,50.48178243342822,51.83713201934828,42.71300518778631,47.7489710084678,49.55258451057959,50.16792653876926,48.66627703713217,0
1229,11.265334239815703,0.6256815464909468,-0.07580837974166837,5.441551534633945,0.1547751635806766,1.6618285602771137,50.07633691276804,30.531277136984663,41.47689476130661,38.35894464736493,36.078439543431074,25.04409507040857,45.72686517808708,37.25787740232807,38.06884133158488,1
1230,11.285173812648326,0.6365446755284424,-2.7046154014954933,5.497987561676604,0.16982163602815553,1.6857621440536013,42.17320340089314,29.05674081109545,46.85053500569475,44.27365066656215,37.74516162159214,36.5336870011038,36.09437187629718,37.703004092926015,38.803794309520576,1
1231,11.402220694186626,0.6615536246919984,1.5095318376345481,5.387700927682722,0.15965034082302448,1.618796128519026,57.26885086326316,33.77047848369608,51.03400155532776,54.27108596711548,42.39765958576269,38.33867907018812,44.67013972325108,47.25300967569385,46.12548811553728,1
1232,11.3075678028199,0.6357807453116714,-2.3260859084992527,5.405825574263321,0.14937805834671847,1.7364927651666002,50.48138567464767,45.44077206575102,50.48178243342822,51.83713201934828,42.71300518778631,47.7489710084678,49.55258451057959,50.16792653876926,48.66627703713217,0
1233,11.364304799721058,0.6677871164244035,0.8555991025131698,5.5093883366279774,0.16957894407802193,1.6614487073860473,40.49688948603282,31.1379199118942,39.86034746843677,52.79037783018546,51.739924684291246,43.29645427487445,52.58930419844494,40.20718087191889,44.01479984075985,1
1234,11.201402783536567,0.6306626966471588,0.22816204068129184,5.421861552639491,0.16639532302227486,1.6473902278813601,50.48138567464767,45.44077206575102,50.48178243342822,51.83713201934828,42.71300518778631,47.7489710084678,49.55258451057959,50.16792653876926,48.66627703713217,0
1235,11.347040877996152,0.6373968049748043,0.19656195275365426,5.465525285531943,0.18050443609313857,1.714099806124346,50.48138567464767,45.44077206575102,50.48178243342822,51.83713201934828,42.71300518778631,47.7489710084678,49.55258451057959,50.16792653876926,48.66627703713217,0
1236,11.110718044829868,0.6466557498769703,-1.6116174595728638,5.5302224235308195,0.16822559412457563,1.6813557652043254,44.86691279923605,24.142527506376364,37.16757344660439,55.91731352722552,41.173731435978944,36.546070190817794,49.99674047911314,29.598736505791205,39.92620073639293,1
1237,11.236133215903667,0.6763416477702192,0.10797969981643452,5.441551534633945,0.19077276079652544,1.6860417630883995,50.48138567464767,45.44077206575102,50.48178243342822,51.83713201934828,42.71300518778631,47.7489710084678,49.55258451057959,50.16792653876926,48.66627703713217,0
1238,10.948700822562778,0.649124936902168,0.16613100068369296,5.518255786913298,0.19851862453930655,1.8108337403912897,53.84877668543953,28.39833966783699,46.8851266747817,61.93770800711752,38.511787379486535,53.17090096930438,49.89336545843733,49.06077830697838,47.7133478936728,1
1240,11.426023536536341,0.6458470567099827,-5.309699183583847,5.461710913456472,0.2411431163529145,1.8675193726075996,50.48138567464767,45.44077206575102,50.48178243342822,51.83713201934828,42.71300518778631,47.7489710084678,49.55258451057959,50.16792653876926,48.66627703713217,0
1241,11.173361854974372,0.6239228559704555,0.01367801942278758,5.446306244261486,0.19357271546486782,1.7534108861123079,50.48138567464767,45.44077206575102,50.48178243342822,51.83713201934828,42.71300518778631,47.7489710084678,49.55258451057959,50.16792653876926,48.66627703713217,0
1242,10.936960250571696,0.6225799877725698,-5.5532912166293045,5.422744944923089,0.18939172749391728,1.7837543697645275,50.48138567464767,45.44077206575102,50.48178243342822,51.83713201934828,42.71300518778631,47.7489710084678,49.55258451057959,50.16792653876926,48.66627703713217,0
1243,11.398961377838235,0.6592256676036542,-3.8870344342937457,6.107913359751229,0.20991724416335866,1.6372424499012137,50.48138567464767,45.44077206575102,50.48178243342822,51.83713201934828,42.71300518778631,47.7489710084678,49.55258451057959,50.16792653876926,48.66627703713217,0
1244,10.91218789800033,0.6226758100147275,2.715390279823269,5.436338664445412,0.1518336022325906,1.7155229050946663,50.48138567464767,45.44077206575102,50.48178243342822,51.83713201934828,42.71300518778631,47.7489710084678,49.55258451057959,50.16792653876926,48.66627703713217,0
1245,11.382882836666907,0.6178689517067946,0.8149769477949051,5.6131281063880705,0.37144850962017745,1.868697762200054,50.48138567464767,45.44077206575102,50.48178243342822,51.83713201934828,42.71300518778631,47.7489710084678,49.55258451057959,50.16792653876926,48.66627703713217,0
1246,10.887119125379296,0.6514293592255955,-0.2855764212350688,5.405825574263321,0.1806030194229355,1.779181618068329,50.48138567464767,45.44077206575102,50.48178243342822,51.83713201934828,42.71300518778631,47.7489710084678,49.55258451057959,50.16792653876926,48.66627703713217,0
1247,11.649814589099643,0.6604720420022625,6.2848689363101045,6.169610732491456,0.236036990263576,1.6396053362979432,50.48138567464767,45.44077206575102,50.48178243342822,51.83713201934828,42.71300518778631,47.7489710084678,49.55258451057959,50.16792653876926,48.66627703713217,0
1249,11.001543019541158,0.6542905105164412,1.272725277860066,5.463407986413629,0.18073867109054395,1.8040388017814655,50.48138567464767,45.44077206575102,50.48178243342822,51.83713201934828,42.71300518778631,47.7489710084678,49.55258451057959,50.16792653876926,48.66627703713217,0
1250,11.198324303167183,0.6510886343326021,-4.143309773336583,5.360352757467489,0.18703991355439994,1.7124632217727105,50.48138567464767,45.44077206575102,50.48178243342822,51.83713201934828,42.71300518778631,47.7489710084678,49.55258451057959,50.16792653876926,48.66627703713217,0
1251,11.112583710045802,0.6396624937958418,-4.3015496608393535,5.392262979390565,0.1664572047670639,1.734856535600425,50.48138567464767,45.44077206575102,50.48178243342822,51.83713201934828,42.71300518778631,47.7489710084678,49.55258451057959,50.16792653876926,48.66627703713217,0
1252,11.129767198934598,0.6225834635689059,1.2428780625869091,5.462559809942086,0.21940824522580116,1.7877748638289288,50.48138567464767,45.44077206575102,50.48178243342822,51.83713201934828,42.71300518778631,47.7489710084678,49.55258451057959,50.16792653876926,48.66627703713217,0
1253,10.856746462510271,0.6317584808358626,-5.909054282721389,5.39544407727876,0.15290204712605987,1.7548341881430984,50.48138567464767,45.44077206575102,50.48178243342822,51.83713201934828,42.71300518778631,47.7489710084678,49.55258451057959,50.16792653876926,48.66627703713217,0
1254,10.898140195721293,0.6566033425971751,-5.977081509117904,5.413430173648541,0.198302752293578,1.8123783332818342,50.48138567464767,45.44077206575102,50.48178243342822,51.83713201934828,42.71300518778631,47.7489710084678,49.55258451057959,50.16792653876926,48.66627703713217,0
1255,10.92231321185096,0.6269790191787875,0.18020337237739734,5.673323267171493,0.15119284731210325,1.6121311643414482,50.48138567464767,45.44077206575102,50.48178243342822,51.83713201934828,42.71300518778631,47.7489710084678,49.55258451057959,50.16792653876926,48.66627703713217,0
1256,10.995330312897417,0.6572006160954948,-0.5455012193556668,5.426710581316436,0.1755765429387217,1.70529288512344,50.48138567464767,45.44077206575102,50.48178243342822,51.83713201934828,42.71300518778631,47.7489710084678,49.55258451057959,50.16792653876926,48.66627703713217,0
1257,11.110535623378992,0.6332480525431495,-0.038185428440507097,5.452325179027384,0.19346372026077385,1.7751951791492266,50.48138567464767,45.44077206575102,50.48178243342822,51.83713201934828,42.71300518778631,47.7489710084678,49.55258451057959,50.16792653876926,48.66627703713217,0
1258,11.17484794056376,0.6609247261374095,5.281743095534582,5.757954953544594,0.17384190940587707,1.6899351385676056,53.12954538584415,44.90539155468388,54.43797024290343,57.7213748386912,47.378047681603455,46.87103216310482,38.35431041968295,54.54021290878797,49.66723564941273,1
1259,10.855068205188731,0.6117732033224991,-0.3955356068032124,5.875211590283732,0.14818413139023826,1.5650475958018062,50.48138567464767,45.44077206575102,50.48178243342822,51.83713201934828,42.71300518778631,47.7489710084678,49.55258451057959,50.16792653876926,48.66627703713217,0
1260,11.10558259497018,0.6297628491985858,-0.8472422265525714,5.796057750765372,0.15192943770672546,1.5409726684129887,49.965747014899,35.66590361913994,47.64215723511351,51.47662549577566,29.95170240171449,39.12141181054361,52.48763416351696,52.61826763090316,44.86618117145079,1
1261,10.761097771588714,0.6071127030830242,0.9978252526544711,5.812337881210547,0.12498176336137723,1.477424153212061,50.48138567464767,45.44077206575102,50.48178243342822,51.83713201934828,42.71300518778631,47.7489710084678,49.55258451057959,50.16792653876926,48.66627703713217,0
1262,10.911994592215509,0.6189380870231934,-3.0320455852370745,5.834810737062605,0.14431095406360425,1.4753322087069756,50.48138567464767,45.44077206575102,50.48178243342822,51.83713201934828,42.71300518778631,47.7489710084678,49.55258451057959,50.16792653876926,48.66627703713217,0
1264,10.686982621070584,0.5767323878704024,-9.569929666781968,5.788736180536365,0.13270329919076454,1.5553114872164207,50.48138567464767,45.44077206575102,50.48178243342822,51.83713201934828,42.71300518778631,47.7489710084678,49.55258451057959,50.16792653876926,48.66627703713217,0
1265,10.627682717217795,0.6343980113503119,-9.990150555790066,5.726847747587197,0.09292417214971416,1.3990402742073693,50.48138567464767,45.44077206575102,50.48178243342822,51.83713201934828,42.71300518778631,47.7489710084678,49.55258451057959,50.16792653876926,48.66627703713217,0
1266,10.69840581443536,0.6022768400618563,-3.0270127989997695,5.745244264463795,0.0785706480166102,1.402908411713695,50.48138567464767,45.44077206575102,50.48178243342822,51.83713201934828,42.71300518778631,47.7489710084678,49.55258451057959,50.16792653876926,48.66627703713217,0
1267,10.865739689505903,0.5632684824902724,-10.583657587548638,5.7551091018215415,0.1049534085335949,1.4548042974830113,50.48138567464767,45.44077206575102,50.48178243342822,51.83713201934828,42.71300518778631,47.7489710084678,49.55258451057959,50.16792653876926,48.66627703713217,0
1268,10.764280373524851,0.650291129987649,-7.763466337307489,5.709764546333749,0.11742185606978435,1.4662692468995266,50.48138567464767,45.44077206575102,50.48178243342822,51.83713201934828,42.71300518778631,47.7489710084678,49.55258451057959,50.16792653876926,48.66627703713217,0
1269,10.79355134534282,0.6112043183310234,-5.54380334087096,5.779508185184337,0.10031243026110244,1.471010510407364,50.48138567464767,45.44077206575102,50.48178243342822,51.83713201934828,42.71300518778631,47.7489710084678,49.55258451057959,50.16792653876926,48.66627703713217,0
1270,10.666034854978657,0.5963393901927451,0.04415693374252092,5.889154928283412,0.13069550509968736,1.3807963625422086,50.48138567464767,45.44077206575102,50.48178243342822,51.83713201934828,42.71300518778631,47.7489710084678,49.55258451057959,50.16792653876926,48.66627703713217,0
1271,10.674502770194387,0.5979312442957104,-5.962884088834804,5.754158681981268,0.1361629881154499,1.5064773929861695,50.48138567464767,45.44077206575102,50.48178243342822,51.83713201934828,42.71300518778631,47.7489710084678,49.55258451057959,50.16792653876926,48.66627703713217,0
1272,10.877764133608936,0.5954579636035494,-4.451797262746277,5.74748032992192,0.09755590223608944,1.3973561430793158,50.48138567464767,45.44077206575102,50.48178243342822,51.83713201934828,42.71300518778631,47.7489710084678,49.55258451057959,50.16792653876926,48.66627703713217,0
1273,10.56987742799431,0.6104961684340894,-3.483241736976546,5.820082930352362,0.1407142857142857,1.5879308316668628,50.48138567464767,45.44077206575102,50.48178243342822,51.83713201934828,42.71300518778631,47.7489710084678,49.55258451057959,50.16792653876926,48.66627703713217,0
1274,10.653605629355699,0.6093061816674439,-3.88621172081455,5.8045323777563445,0.10609886102227459,1.4623679180641207,50.48138567464767,45.44077206575102,50.48178243342822,51.83713201934828,42.71300518778631,47.7489710084678,49.55258451057959,50.16792653876926,48.66627703713217,0
1275,10.956807801456975,0.633231914305112,4.324976740677412,5.8673175543650995,0.16198258058723175,1.4812803103782735,50.48138567464767,45.44077206575102,50.48178243342822,51.83713201934828,42.71300518778631,47.7489710084678,49.55258451057959,50.16792653876926,48.66627703713217,0
1276,10.73644015278695,0.577556134230826,-13.216724807153737,5.834810737062605,0.05146110872367855,1.375289630342566,50.48138567464767,45.44077206575102,50.48178243342822,51.83713201934828,42.71300518778631,47.7489710084678,49.55258451057959,50.16792653876926,48.66627703713217,0
1277,10.96569861622262,0.6297313474877645,-6.161754867786345,5.766131099720736,0.07679794942574063,1.3917825739408474,50.48138567464767,45.44077206575102,50.48178243342822,51.83713201934828,42.71300518778631,47.7489710084678,49.55258451057959,50.16792653876926,48.66627703713217,0
1278,10.613745013787431,0.5932171806577844,-6.708282865927513,5.791793351978915,0.11036599227097067,1.4326394911824227,50.48138567464767,45.44077206575102,50.48178243342822,51.83713201934828,42.71300518778631,47.7489710084678,49.55258451057959,50.16792653876926,48.66627703713217,0
1279,10.730378603145668,0.6077777777777778,-6.111111111111112,5.687653092726317,0.12755757635662746,1.438181204138651,50.48138567464767,45.44077206575102,50.48178243342822,51.83713201934828,42.71300518778631,47.7489710084678,49.55258451057959,50.16792653876926,48.66627703713217,0
1280,10.694616341455557,0.6130365102418991,-2.9298342264736816,5.828357209237832,0.11799768199127987,1.4829458194935534,50.48138567464767,45.44077206575102,50.48178243342822,51.83713201934828,42.71300518778631,47.7489710084678,49.55258451057959,50.16792653876926,48.66627703713217,0
1281,11.082517863053981,0.6122483410190079,-9.841412664492182,5.726196069493101,0.09310071371927042,1.3760409781890284,50.48138567464767,45.44077206575102,50.48178243342822,51.83713201934828,42.71300518778631,47.7489710084678,49.55258451057959,50.16792653876926,48.66627703713217,0
1282,10.698089631751406,0.6115702479338843,-11.491538764266037,5.713072521563293,0.11552567237163815,1.5276319480623572,50.48138567464767,45.44077206575102,50.48178243342822,51.83713201934828,42.71300518778631,47.7489710084678,49.55258451057959,50.16792653876926,48.66627703713217,0
1283,10.828545737721756,0.7425853385562395,-12.42305540011192,5.757954953544594,0.15119284731210325,1.6121311643414482,50.48138567464767,45.44077206575102,50.48178243342822,51.83713201934828,42.71300518778631,47.7489710084678,49.55258451057959,50.16792653876926,48.66627703713217,0
1284,10.69128333046663,0.6146979582562405,-7.303534910896874,5.777032936395794,0.11628409397785579,1.431747443308137,50.48138567464767,45.44077206575102,50.48178243342822,51.83713201934828,42.71300518778631,47.7489710084678,49.55258451057959,50.16792653876926,48.66627703713217,0
1285,10.917514609651292,0.6442575777906994,-5.337627290483219,5.724565013838729,0.09962696751887909,1.4309182332438146,50.48138567464767,45.44077206575102,50.48178243342822,51.83713201934828,42.71300518778631,47.7489710084678,49.55258451057959,50.16792653876926,48.66627703713217,0
1286,10.74838968832263,0.6529959062151098,-13.621138816524004,5.703449085754963,0.125,1.6049876526033877,50.48138567464767,45.44077206575102,50.48178243342822,51.83713201934828,42.71300518778631,47.7489710084678,49.55258451057959,50.16792653876926,48.66627703713217,0
1287,10.833921791795948,0.6165956583485493,0.426049908703591,5.765504533284198,0.08380171147906224,1.371055529337738,50.48138567464767,45.44077206575102,50.48178243342822,51.83713201934828,42.71300518778631,47.7489710084678,49.55258451057959,50.16792653876926,48.66627703713217,0
1288,10.80531012351437,0.6089460652384541,-10.980729895575413,5.776413165691109,0.09268131505038824,1.4198161389172625,50.48138567464767,45.44077206575102,50.48178243342822,51.83713201934828,42.71300518778631,47.7489710084678,49.55258451057959,50.16792653876926,48.66627703713217,0
1289,10.735620287203322,0.6118658855789605,-8.101707590676805,5.807541708947054,0.10519991260651082,1.5643248340647782,50.48138567464767,45.44077206575102,50.48178243342822,51.83713201934828,42.71300518778631,47.7489710084678,49.55258451057959,50.16792653876926,48.66627703713217,0
1290,10.764183118649346,0.6074498567335244,-6.435970905884946,5.708438286192395,0.12321008762556102,1.5389470664180176,50.48138567464767,45.44077206575102,50.48178243342822,51.83713201934828,42.71300518778631,47.7489710084678,49.55258451057959,50.16792653876926,48.66627703713217,0
1291,10.5855662022903,0.6038033728022963,-2.009329027628274,5.827179352800126,0.11998347497639282,1.4231003502360287,50.48138567464767,45.44077206575102,50.48178243342822,51.83713201934828,42.71300518778631,47.7489710084678,49.55258451057959,50.16792653876926,48.66627703713217,0
1292,10.692646939149569,0.5951521402784941,-7.4780814853017015,5.785055194784937,0.10211620665998206,1.4586729955628934,50.48138567464767,45.44077206575102,50.48178243342822,51.83713201934828,42.71300518778631,47.7489710084678,49.55258451057959,50.16792653876926,48.66627703713217,0
1293,10.851643163475618,0.6331011650060905,4.606927569728581,5.827179352800126,0.11104556850022121,1.3834602829162133,50.48138567464767,45.44077206575102,50.48178243342822,51.83713201934828,42.71300518778631,47.7489710084678,49.55258451057959,50.16792653876926,48.66627703713217,0
1294,10.795858473132041,0.6266339680262824,-4.071906161071651,5.798183150077685,0.1296315303294673,1.5119417796890506,50.48138567464767,45.44077206575102,50.48178243342822,51.83713201934828,42.71300518778631,47.7489710084678,49.55258451057959,50.16792653876926,48.66627703713217,0
1295,10.837295950227988,0.5934065934065934,-10.073260073260075,5.767695800399854,0.0524037629133722,1.3771564975225143,50.48138567464767,45.44077206575102,50.48178243342822,51.83713201934828,42.71300518778631,47.7489710084678,49.55258451057959,50.16792653876926,48.66627703713217,0
1296,10.59553162489588,0.6025594808940159,-5.767844268204758,5.8045323777563445,0.15234419343852879,1.549988481916609,50.48138567464767,45.44077206575102,50.48178243342822,51.83713201934828,42.71300518778631,47.7489710084678,49.55258451057959,50.16792653876926,48.66627703713217,0
1297,10.693604897998819,0.606861063464837,-8.576329331046313,5.745883650674837,0.11132663257508964,1.4972377685502798,50.48138567464767,45.44077206575102,50.48178243342822,51.83713201934828,42.71300518778631,47.7489710084678,49.55258451057959,50.16792653876926,48.66627703713217,0
1298,10.74796429445091,0.6099576595419068,-5.203285211447227,5.8045323777563445,0.11504192872117401,1.4952082067894985,50.48138567464767,45.44077206575102,50.48178243342822,51.83713201934828,42.71300518778631,47.7489710084678,49.55258451057959,50.16792653876926,48.66627703713217,0
1299,10.71086479775291,0.604138025845477,-9.073412152873246,5.743644008081332,0.106516436287606,1.4782827375606251,50.48138567464767,45.44077206575102,50.48178243342822,51.83713201934828,42.71300518778631,47.7489710084678,49.55258451057959,50.16792653876926,48.66627703713217,0
1300,10.700059626645519,0.5978799559471366,-10.049559471365638,5.785976712282188,0.11543226501481282,1.617601590106007,50.48138567464767,45.44077206575102,50.48178243342822,51.83713201934828,42.71300518778631,47.7489710084678,49.55258451057959,50.16792653876926,48.66627703713217,0
1301,11.032333173180994,0.6000937793060331,-5.345420443888715,5.750347943803522,0.0733576830083852,1.4282243172319953,50.48138567464767,45.44077206575102,50.48178243342822,51.83713201934828,42.71300518778631,47.7489710084678,49.55258451057959,50.16792653876926,48.66627703713217,0
1302,10.70093844052875,0.623485315259807,-1.6687204764838777,5.825114759823726,0.10709006575258678,1.4527454582567871,50.48138567464767,45.44077206575102,50.48178243342822,51.83713201934828,42.71300518778631,47.7489710084678,49.55258451057959,50.16792653876926,48.66627703713217,0
1303,11.120999290476,0.6368562003738768,1.9540139094195128,5.9511632503344565,0.18805007188190329,1.6831396045536249,49.82593804571485,42.735027709091725,55.09060327376255,61.148905016165,37.36371907247894,46.16352705772664,64.8311105309114,54.80298110421148,51.49522647625783,1
1304,11.05165637830157,0.6491542734723365,-2.7402037715168275,5.863915226161007,0.11801514024416926,1.425028702640643,50.48138567464767,45.44077206575102,50.48178243342822,51.83713201934828,42.71300518778631,47.7489710084678,49.55258451057959,50.16792653876926,48.66627703713217,0
1305,11.197286892571356,0.6474438791846028,1.814365505709915,5.91052560460263,0.0335001447537119,1.4683288596175665,50.48138567464767,45.44077206575102,50.48178243342822,51.83713201934828,42.71300518778631,47.7489710084678,49.55258451057959,50.16792653876926,48.66627703713217,0
1306,10.895325363409974,0.6562101403061225,1.1160714285714286,5.85392513308592,0.13372656414577627,1.5625446944276362,50.48138567464767,45.44077206575102,50.48178243342822,51.83713201934828,42.71300518778631,47.7489710084678,49.55258451057959,50.16792653876926,48.66627703713217,0
1308,10.921153669974828,0.6444363479787357,-2.798800987032774,5.823045895483019,0.1560373407782237,1.5844200216388589,50.48138567464767,45.44077206575102,50.48178243342822,51.83713201934828,42.71300518778631,47.7489710084678,49.55258451057959,50.16792653876926,48.66627703713217,0
1309,10.679386843942769,0.6213832738803012,-6.341656757827983,5.835395361458093,0.10091837787638015,1.7204187410488987,50.48138567464767,45.44077206575102,50.48178243342822,51.83713201934828,42.71300518778631,47.7489710084678,49.55258451057959,50.16792653876926,48.66627703713217,0
1310,10.597099625017076,0.6524039567517829,-0.23004370830457788,5.883879336428045,0.14209344115004494,1.4569239285610232,50.48138567464767,45.44077206575102,50.48178243342822,51.83713201934828,42.71300518778631,47.7489710084678,49.55258451057959,50.16792653876926,48.66627703713217,0
1311,10.651047157934636,0.5953477834000453,-1.9635979155652894,5.749711406544601,0.17934474549370819,1.681449392415287,50.48138567464767,45.44077206575102,50.48178243342822,51.83713201934828,42.71300518778631,47.7489710084678,49.55258451057959,50.16792653876926,48.66627703713217,0
1312,11.037277134331191,0.6095501183898974,-5.445935280189423,5.865901324132636,0.1857242201470296,1.6939104674127716,50.48138567464767,45.44077206575102,50.48178243342822,51.83713201934828,42.71300518778631,47.7489710084678,49.55258451057959,50.16792653876926,48.66627703713217,0
1313,10.609035030625492,0.6062376492825844,-6.873442735630209,5.849036553975704,0.18441043708025984,1.5642149977732862,50.48138567464767,45.44077206575102,50.48178243342822,51.83713201934828,42.71300518778631,47.7489710084678,49.55258451057959,50.16792653876926,48.66627703713217,0
1314,10.566739799368671,0.5865420560747664,-10.342679127725857,5.7736194342449805,0.19186014448795013,1.8694673382173381,50.48138567464767,45.44077206575102,50.48178243342822,51.83713201934828,42.71300518778631,47.7489710084678,49.55258451057959,50.16792653876926,48.66627703713217,0
1315,10.849486590038746,0.638270704122583,-10.044995743645872,6.200306313711332,0.21893948171320435,1.7233265933142512,50.48138567464767,45.44077206575102,50.48178243342822,51.83713201934828,42.71300518778631,47.7489710084678,49.55258451057959,50.16792653876926,48.66627703713217,0
1316,11.25464813758635,0.6480530394994864,-1.058299872381486,5.885270350701578,0.16723672367236725,1.587690212564391,50.48138567464767,45.44077206575102,50.48178243342822,51.83713201934828,42.71300518778631,47.7489710084678,49.55258451057959,50.16792653876926,48.66627703713217,0
1317,10.600778635261403,0.6050227170602627,0.14978281491836837,5.840932312803435,0.16364371534195934,1.581067362772823,50.48138567464767,45.44077206575102,50.48178243342822,51.83713201934828,42.71300518778631,47.7489710084678,49.55258451057959,50.16792653876926,48.66627703713217,0
1319,10.686397737550823,0.5961538461538461,-11.248185776487663,5.791793351978915,0.1900890868596882,1.6697456302401592,50.48138567464767,45.44077206575102,50.48178243342822,51.83713201934828,42.71300518778631,47.7489710084678,49.55258451057959,50.16792653876926,48.66627703713217,0
1320,10.77400027913189,0.6124993740297461,-0.7010866843607592,5.825705078613005,0.16148242937296978,1.5894121175764846,50.48138567464767,45.44077206575102,50.48178243342822,51.83713201934828,42.71300518778631,47.7489710084678,49.55258451057959,50.16792653876926,48.66627703713217,0
1321,10.951609732948262,0.6295396510143283,-4.6992481203007515,5.919968545402912,0.2058206106870229,1.613390995924209,50.48138567464767,45.44077206575102,50.48178243342822,51.83713201934828,42.71300518778631,47.7489710084678,49.55258451057959,50.16792653876926,48.66627703713217,0
1322,10.670846628421025,0.6086363636363636,-6.363636363636364,5.7430031878094825,0.21559813451705342,1.7399739394816853,50.48138567464767,45.44077206575102,50.48178243342822,51.83713201934828,42.71300518778631,47.7489710084678,49.55258451057959,50.16792653876926,48.66627703713217,0
1323,10.674218265629408,0.6196371036120061,-1.4696738454581426,5.871272361779576,0.12805463664496852,1.5187652750343166,50.48138567464767,45.44077206575102,50.48178243342822,51.83713201934828,42.71300518778631,47.7489710084678,49.55258451057959,50.16792653876926,48.66627703713217,0
1324,10.604935188801964,0.5914449309531828,-5.725833614011451,5.758586266696875,0.20825069416898057,2.101421161388268,50.48138567464767,45.44077206575102,50.48178243342822,51.83713201934828,42.71300518778631,47.7489710084678,49.55258451057959,50.16792653876926,48.66627703713217,0
1325,10.641189751205436,0.6016382095062298,-4.037840332256575,5.8206762261277,0.17263025737602009,1.64415342684305,50.48138567464767,45.44077206575102,50.48178243342822,51.83713201934828,42.71300518778631,47.7489710084678,49.55258451057959,50.16792653876926,48.66627703713217,0
1326,10.632011529396433,0.6317759007804983,-9.515663423500483,5.791793351978915,0.185580204778157,1.84870458769085,50.48138567464767,45.44077206575102,50.48178243342822,51.83713201934828,42.71300518778631,47.7489710084678,49.55258451057959,50.16792653876926,48.66627703713217,0
1327,10.675716209704248,0.5673062396132347,-3.6259253663695423,5.777032936395794,0.19260842661866456,1.8832220598111642,50.48138567464767,45.44077206575102,50.48178243342822,51.83713201934828,42.71300518778631,47.7489710084678,49.55258451057959,50.16792653876926,48.66627703713217,0
1328,10.78972724103795,0.6366319102891993,-6.754541281395502,5.785976712282188,0.0795350725814638,1.5432492818384935,50.48138567464767,45.44077206575102,50.48178243342822,51.83713201934828,42.71300518778631,47.7489710084678,49.55258451057959,50.16792653876926,48.66627703713217,0
1329,10.876498824619787,0.6268656716417911,-2.0793863499838268,5.878015854600402,0.12698492970567413,1.4229803848656688,50.48138567464767,45.44077206575102,50.48178243342822,51.83713201934828,42.71300518778631,47.7489710084678,49.55258451057959,50.16792653876926,48.66627703713217,0
1330,10.751788481110761,0.6231755072979708,-1.601993592025632,5.8667513029343406,0.10894799854250169,1.5139404599048922,50.48138567464767,45.44077206575102,50.48178243342822,51.83713201934828,42.71300518778631,47.7489710084678,49.55258451057959,50.16792653876926,48.66627703713217,0
1331,10.57594976665317,0.622926386728875,-3.1104199066874028,5.814428994743265,0.17523496481947512,1.782974358974359,50.48138567464767,45.44077206575102,50.48178243342822,51.83713201934828,42.71300518778631,47.7489710084678,49.55258451057959,50.16792653876926,48.66627703713217,0
1332,10.745438285340398,0.6024447839977775,-4.097791359911099,5.869861725348733,0.18583247156153052,1.668755152514427,50.48138567464767,45.44077206575102,50.48178243342822,51.83713201934828,42.71300518778631,47.7489710084678,49.55258451057959,50.16792653876926,48.66627703713217,0
1333,11.235744066954306,0.6258984402632848,-2.0333662905377725,5.631928370888217,0.21937426556991774,1.7806380694309525,57.55460883313217,47.87786868608632,49.85400469773128,48.71789483020324,46.71698267844108,60.01425042936109,40.29576682261533,59.69836205024948,51.341217378477495,1
1334,11.07591086451111,0.6577000573588457,2.3531834159398763,5.708438286192395,0.2006814607723222,1.7017538679579545,50.48138567464767,45.44077206575102,50.48178243342822,51.83713201934828,42.71300518778631,47.7489710084678,49.55258451057959,50.16792653876926,48.66627703713217,0
1335,10.715086434034879,0.5989881507122886,-10.517907069631207,5.648622063478926,0.20668730650154798,1.7710174198434738,50.48138567464767,45.44077206575102,50.48178243342822,51.83713201934828,42.71300518778631,47.7489710084678,49.55258451057959,50.16792653876926,48.66627703713217,0
1336,10.751218890386971,0.5616390106449592,-0.7435817157169693,5.630135934487902,0.05878390790521095,1.5902345814530228,50.48138567464767,45.44077206575102,50.48178243342822,51.83713201934828,42.71300518778631,47.7489710084678,49.55258451057959,50.16792653876926,48.66627703713217,0
1337,10.93099760371109,0.6043315285297792,-3.1076794925191424,5.629058928460265,0.05217534426949032,1.5148544828369224,50.48138567464767,45.44077206575102,50.48178243342822,51.83713201934828,42.71300518778631,47.7489710084678,49.55258451057959,50.16792653876926,48.66627703713217,0
1338,10.971310682384358,0.5895535754264989,-1.813459902386603,5.681195975983405,0.1028992628992629,1.5212602459016393,50.48138567464767,45.44077206575102,50.48178243342822,51.83713201934828,42.71300518778631,47.7489710084678,49.55258451057959,50.16792653876926,48.66627703713217,0
1339,10.672238371896874,0.6040157004830918,-1.585144927536232,5.605066501717044,0.07044017654777526,1.5329181154713232,50.48138567464767,45.44077206575102,50.48178243342822,51.83713201934828,42.71300518778631,47.7489710084678,49.55258451057959,50.16792653876926,48.66627703713217,0
1340,10.842154068884401,0.5994972604622847,-2.4351446358084092,5.648622063478926,0.11355291863991912,1.5081245203696907,50.48138567464767,45.44077206575102,50.48178243342822,51.83713201934828,42.71300518778631,47.7489710084678,49.55258451057959,50.16792653876926,48.66627703713217,0
1341,10.843246733383886,0.5941351011788607,-1.7375497874842951,5.693395381769714,0.1279826464208243,1.513177998472116,50.48138567464767,45.44077206575102,50.48178243342822,51.83713201934828,42.71300518778631,47.7489710084678,49.55258451057959,50.16792653876926,48.66627703713217,0
1342,10.825370618122022,0.6318895132107722,5.2097539686869245,5.641907070938114,0.21475674429329028,1.7464229181538844,50.48138567464767,45.44077206575102,50.48178243342822,51.83713201934828,42.71300518778631,47.7489710084678,49.55258451057959,50.16792653876926,48.66627703713217,0
1343,10.79434970105986,0.5918974358974359,-0.4717948717948718,5.629058928460265,0.1225318427053785,1.5656033487297922,50.48138567464767,45.44077206575102,50.48178243342822,51.83713201934828,42.71300518778631,47.7489710084678,49.55258451057959,50.16792653876926,48.66627703713217,0
1344,10.76665384080767,0.6013501268575571,-3.4432765494744473,5.606904399679714,0.11886364956718759,1.5650196477950808,50.48138567464767,45.44077206575102,50.48178243342822,51.83713201934828,42.71300518778631,47.7489710084678,49.55258451057959,50.16792653876926,48.66627703713217,0
1345,10.897466838622364,0.5990262419541178,-5.94157451724707,5.5939676086489944,0.13424071126721915,1.580631696117991,50.48138567464767,45.44077206575102,50.48178243342822,51.83713201934828,42.71300518778631,47.7489710084678,49.55258451057959,50.16792653876926,48.66627703713217,0
1346,10.81069515742712,0.6023512590356661,-4.686631185955993,5.660178837174069,0.13191442796957925,1.623629634802039,50.48138567464767,45.44077206575102,50.48178243342822,51.83713201934828,42.71300518778631,47.7489710084678,49.55258451057959,50.16792653876926,48.66627703713217,0
1347,10.724004997388363,0.5859370694880697,-5.455447181352289,5.601011196620256,0.13219366547626019,1.5330933666348343,50.48138567464767,45.44077206575102,50.48178243342822,51.83713201934828,42.71300518778631,47.7489710084678,49.55258451057959,50.16792653876926,48.66627703713217,0
1348,10.77905628489036,0.6121174719570189,-1.9239844629179221,5.577841251298354,0.11223509465950833,1.593259529147982,50.48138567464767,45.44077206575102,50.48178243342822,51.83713201934828,42.71300518778631,47.7489710084678,49.55258451057959,50.16792653876926,48.66627703713217,0
1349,10.719011645170092,0.6006902281587525,-6.327091455231035,5.596568390349052,0.10237580993520519,1.4715306592899955,50.48138567464767,45.44077206575102,50.48178243342822,51.83713201934828,42.71300518778631,47.7489710084678,49.55258451057959,50.16792653876926,48.66627703713217,0
1350,10.813516721678749,0.5623813189633051,-6.569155760841673,5.611301621862036,0.10163934426229508,1.5202947713182828,50.48138567464767,45.44077206575102,50.48178243342822,51.83713201934828,42.71300518778631,47.7489710084678,49.55258451057959,50.16792653876926,48.66627703713217,0
1351,10.706179482625108,0.6246046199559091,1.293971053388287,5.678122727875623,0.17318470544276995,1.6890391115403187,50.48138567464767,45.44077206575102,50.48178243342822,51.83713201934828,42.71300518778631,47.7489710084678,49.55258451057959,50.16792653876926,48.66627703713217,0
1352,10.691947185625088,0.564983164983165,-5.345117845117845,5.637642672151656,0.12450381198412198,1.5048687046053157,50.48138567464767,45.44077206575102,50.48178243342822,51.83713201934828,42.71300518778631,47.7489710084678,49.55258451057959,50.16792653876926,48.66627703713217,0
1353,10.71525075505635,0.580634644642469,-8.693762225603129,5.580484258311707,0.12932854127445947,1.6088426330383256,50.48138567464767,45.44077206575102,50.48178243342822,51.83713201934828,42.71300518778631,47.7489710084678,49.55258451057959,50.16792653876926,48.66627703713217,0
1354,10.764174661256634,0.5916737433782199,-3.821424238748029,5.780126041243535,0.32984512348262873,1.7304778956066658,50.48138567464767,45.44077206575102,50.48178243342822,51.83713201934828,42.71300518778631,47.7489710084678,49.55258451057959,50.16792653876926,48.66627703713217,0
1355,10.686283462545614,0.5736414423565261,-2.06776463759704,5.635860458170742,0.1382001040402289,1.5981985940246046,50.48138567464767,45.44077206575102,50.48178243342822,51.83713201934828,42.71300518778631,47.7489710084678,49.55258451057959,50.16792653876926,48.66627703713217,0
1356,10.88147903287703,0.6113815288241767,0.8465250148141877,5.671603576291966,0.13706764312929884,1.6015112540192926,50.48138567464767,45.44077206575102,50.48178243342822,51.83713201934828,42.71300518778631,47.7489710084678,49.55258451057959,50.16792653876926,48.66627703713217,0
1357,10.922697622818085,0.6053880252232003,-4.744958481613287,5.68697535633982,0.16517348908577933,1.7181269375101975,50.48138567464767,45.44077206575102,50.48178243342822,51.83713201934828,42.71300518778631,47.7489710084678,49.55258451057959,50.16792653876926,48.66627703713217,0
1358,11.010292853299324,0.6060077396434689,0.7929962570576667,5.649326288860142,0.11024583905939839,1.554285159033491,50.48138567464767,45.44077206575102,50.48178243342822,51.83713201934828,42.71300518778631,47.7489710084678,49.55258451057959,50.16792653876926,48.66627703713217,0
1359,11.083052903609904,0.6539148776482389,4.378107854084493,5.833933159121246,0.15119284731210325,1.6121311643414482,44.10165601068925,42.864527179752976,60.10523093164367,60.78661584981126,31.09152212466365,33.655685539466994,41.88634437051665,41.72577704118897,44.52716988096668,1
1360,11.241350310196012,0.6563894798314771,-0.5422767279856505,5.864766894062025,0.15119284731210325,1.6121311643414482,50.48138567464767,45.44077206575102,50.48178243342822,51.83713201934828,42.71300518778631,47.7489710084678,49.55258451057959,50.16792653876926,48.66627703713217,0
1361,11.5782842745792,0.6852969963518959,-2.643922156830344,5.856503561673865,0.15119284731210325,1.6121311643414482,50.48138567464767,45.44077206575102,50.48178243342822,51.83713201934828,42.71300518778631,47.7489710084678,49.55258451057959,50.16792653876926,48.66627703713217,0
1362,10.833817274993791,0.6504139562389119,-3.134240094618569,5.837438859468874,0.15119284731210325,1.6121311643414482,50.48138567464767,45.44077206575102,50.48178243342822,51.83713201934828,42.71300518778631,47.7489710084678,49.55258451057959,50.16792653876926,48.66627703713217,0
1363,10.761148671240063,0.628833615068824,-0.9314520302204436,5.874087678954409,0.15119284731210325,1.6121311643414482,50.48138567464767,45.44077206575102,50.48178243342822,51.83713201934828,42.71300518778631,47.7489710084678,49.55258451057959,50.16792653876926,48.66627703713217,0
1364,10.85049369907113,0.6374924610636109,-4.079894987050768,5.791793351978915,0.15119284731210325,1.6121311643414482,50.48138567464767,45.44077206575102,50.48178243342822,51.83713201934828,42.71300518778631,47.7489710084678,49.55258451057959,50.16792653876926,48.66627703713217,0
1365,11.031177945404718,0.6627506881635863,-1.7695635076681084,5.8009091853869235,0.15119284731210325,1.6121311643414482,50.48138567464767,45.44077206575102,50.48178243342822,51.83713201934828,42.71300518778631,47.7489710084678,49.55258451057959,50.16792653876926,48.66627703713217,0
1366,10.655438875315212,0.6564331276253695,-2.1780843229787896,5.780126041243535,0.15119284731210325,1.6121311643414482,50.48138567464767,45.44077206575102,50.48178243342822,51.83713201934828,42.71300518778631,47.7489710084678,49.55258451057959,50.16792653876926,48.66627703713217,0
1367,11.006763947331114,0.6259032990050619,-2.8626287310176295,5.863347044327539,0.15119284731210325,1.6121311643414482,50.48138567464767,45.44077206575102,50.48178243342822,51.83713201934828,42.71300518778631,47.7489710084678,49.55258451057959,50.16792653876926,48.66627703713217,0
1368,10.929561405913638,0.6234672772935441,0.11079923179199291,5.826295049131593,0.15119284731210325,1.6121311643414482,50.48138567464767,45.44077206575102,50.48178243342822,51.83713201934828,42.71300518778631,47.7489710084678,49.55258451057959,50.16792653876926,48.66627703713217,0
1369,11.082600905354855,0.6296879185641575,0.7031877846236271,5.9909644220663,0.15119284731210325,1.6121311643414482,50.48138567464767,45.44077206575102,50.48178243342822,51.83713201934828,42.71300518778631,47.7489710084678,49.55258451057959,50.16792653876926,48.66627703713217,0
1370,10.912339233996615,0.6509944860181174,-7.187869239858212,5.833933159121246,0.15119284731210325,1.6121311643414482,50.48138567464767,45.44077206575102,50.48178243342822,51.83713201934828,42.71300518778631,47.7489710084678,49.55258451057959,50.16792653876926,48.66627703713217,0
1371,11.05483933933485,0.6436279640524055,-1.1188508319197314,5.851052393391237,0.15119284731210325,1.6121311643414482,50.48138567464767,45.44077206575102,50.48178243342822,51.83713201934828,42.71300518778631,47.7489710084678,49.55258451057959,50.16792653876926,48.66627703713217,0
1372,11.080345550627746,0.6442957141102787,-1.7192680830160874,5.808742910292688,0.15119284731210325,1.6121311643414482,50.48138567464767,45.44077206575102,50.48178243342822,51.83713201934828,42.71300518778631,47.7489710084678,49.55258451057959,50.16792653876926,48.66627703713217,0
1373,10.828914422512332,0.6548541004010511,-3.3881897386253628,5.788736180536365,0.15119284731210325,1.6121311643414482,50.48138567464767,45.44077206575102,50.48178243342822,51.83713201934828,42.71300518778631,47.7489710084678,49.55258451057959,50.16792653876926,48.66627703713217,0
1374,11.030126726323124,0.6559587922744535,3.8519480753791058,5.85392513308592,0.15119284731210325,1.6121311643414482,50.48138567464767,45.44077206575102,50.48178243342822,51.83713201934828,42.71300518778631,47.7489710084678,49.55258451057959,50.16792653876926,48.66627703713217,0
1375,10.959481094602387,0.6577491047912166,-2.9889615578112516,5.905361848054571,0.15119284731210325,1.6121311643414482,50.48138567464767,45.44077206575102,50.48178243342822,51.83713201934828,42.71300518778631,47.7489710084678,49.55258451057959,50.16792653876926,48.66627703713217,0
1376,10.69289673250364,0.6464454156029596,-2.1634719397689413,5.849900982786195,0.15119284731210325,1.6121311643414482,50.48138567464767,45.44077206575102,50.48178243342822,51.83713201934828,42.71300518778631,47.7489710084678,49.55258451057959,50.16792653876926,48.66627703713217,0
1377,11.065046470954787,0.6574361745238417,-3.061821783961457,5.84035091743822,0.15119284731210325,1.6121311643414482,50.48138567464767,45.44077206575102,50.48178243342822,51.83713201934828,42.71300518778631,47.7489710084678,49.55258451057959,50.16792653876926,48.66627703713217,0
1378,11.102607098834595,0.6451197284897241,-2.702532838916473,5.827179352800126,0.15119284731210325,1.6121311643414482,50.48138567464767,45.44077206575102,50.48178243342822,51.83713201934828,42.71300518778631,47.7489710084678,49.55258451057959,50.16792653876926,48.66627703713217,0
1379,10.827016028633588,0.636007792160504,0.6736213519762595,5.823045895483019,0.15119284731210325,1.6121311643414482,50.48138567464767,45.44077206575102,50.48178243342822,51.83713201934828,42.71300518778631,47.7489710084678,49.55258451057959,50.16792653876926,48.66627703713217,0
1380,11.18518915875002,0.6729028364514182,-0.45262522631261315,5.84035091743822,0.15119284731210325,1.6121311643414482,50.48138567464767,45.44077206575102,50.48178243342822,51.83713201934828,42.71300518778631,47.7489710084678,49.55258451057959,50.16792653876926,48.66627703713217,0
1381,10.774029590278083,0.6619222096956031,-3.147313040210447,5.831882477283517,0.15119284731210325,1.6121311643414482,50.48138567464767,45.44077206575102,50.48178243342822,51.83713201934828,42.71300518778631,47.7489710084678,49.55258451057959,50.16792653876926,48.66627703713217,0
1382,11.00454684484729,0.6514631179795378,-3.1480289046290335,5.815919974593051,0.15119284731210325,1.6121311643414482,50.48138567464767,45.44077206575102,50.48178243342822,51.83713201934828,42.71300518778631,47.7489710084678,49.55258451057959,50.16792653876926,48.66627703713217,0
1383,10.791002195768513,0.6627873095315634,-3.308023241862777,5.797576353942562,0.15119284731210325,1.6121311643414482,50.48138567464767,45.44077206575102,50.48178243342822,51.83713201934828,42.71300518778631,47.7489710084678,49.55258451057959,50.16792653876926,48.66627703713217,0
1384,10.94234099033329,0.6582768021302225,-2.5993786850947824,5.862494165811022,0.15119284731210325,1.6121311643414482,50.48138567464767,45.44077206575102,50.48178243342822,51.83713201934828,42.71300518778631,47.7489710084678,49.55258451057959,50.16792653876926,48.66627703713217,0
1385,10.837586767859873,0.629271573284015,-5.758480097515868,5.83129579495516,0.15119284731210325,1.6121311643414482,50.48138567464767,45.44077206575102,50.48178243342822,51.83713201934828,42.71300518778631,47.7489710084678,49.55258451057959,50.16792653876926,48.66627703713217,0
1386,10.856150714283991,0.6452808668377531,-3.6661371135280456,5.791793351978915,0.15119284731210325,1.6121311643414482,50.48138567464767,45.44077206575102,50.48178243342822,51.83713201934828,42.71300518778631,47.7489710084678,49.55258451057959,50.16792653876926,48.66627703713217,0
1387,10.739439866352074,0.6575314656922452,-4.00933820544052,5.8519150821578965,0.15119284731210325,1.6121311643414482,50.48138567464767,45.44077206575102,50.48178243342822,51.83713201934828,42.71300518778631,47.7489710084678,49.55258451057959,50.16792653876926,48.66627703713217,0
1388,10.955268507273562,0.6392823128206704,-3.7789179391071923,5.8524897948173935,0.15119284731210325,1.6121311643414482,50.48138567464767,45.44077206575102,50.48178243342822,51.83713201934828,42.71300518778631,47.7489710084678,49.55258451057959,50.16792653876926,48.66627703713217,0
1389,10.811959799557778,0.6336767230806966,0.0,5.810242385757328,0.15119284731210325,1.6121311643414482,50.48138567464767,45.44077206575102,50.48178243342822,51.83713201934828,42.71300518778631,47.7489710084678,49.55258451057959,50.16792653876926,48.66627703713217,0
1390,10.825881621100736,0.6638022915001333,-8.992805755395683,5.849900982786195,0.15119284731210325,1.6121311643414482,50.48138567464767,45.44077206575102,50.48178243342822,51.83713201934828,42.71300518778631,47.7489710084678,49.55258451057959,50.16792653876926,48.66627703713217,0
1391,10.962632831055675,0.639721102516614,0.4902494825144351,5.884435974349459,0.15119284731210325,1.6121311643414482,50.48138567464767,45.44077206575102,50.48178243342822,51.83713201934828,42.71300518778631,47.7489710084678,49.55258451057959,50.16792653876926,48.66627703713217,0
1392,11.230529396947684,0.6531934951685129,3.260271820252966,5.766131099720736,0.14639189468605693,1.5192560462670872,60.58115032050684,46.52128615725525,49.8362158454916,26.655636442518297,32.382613445627385,47.7489710084678,35.916653396086744,54.33677848628389,44.24741313777972,1
1393,11.13847489512209,0.6747720667277143,4.090854799538161,5.793013608384144,0.17333147554688588,1.6196870018187126,50.48138567464767,45.44077206575102,50.48178243342822,51.83713201934828,42.71300518778631,47.7489710084678,49.55258451057959,50.16792653876926,48.66627703713217,0
1394,11.251655501536897,0.6647606517558952,0.34156461896569174,5.7698822763607245,0.1862760860477829,1.7136745539947515,50.48138567464767,45.44077206575102,50.48178243342822,51.83713201934828,42.71300518778631,47.7489710084678,49.55258451057959,50.16792653876926,48.66627703713217,0
1395,11.503519365996022,0.7386323449703669,15.338137423029421,5.889154928283412,0.16124621545072762,1.671434537481729,59.211392137845024,46.31972269123353,44.657509330526,26.9797656645514,42.633826104964434,33.75077606923126,42.17774482938209,59.47835057679104,44.4011359255656,1
1396,11.425028241188707,0.6735809343618852,1.3202995413561398,5.699774453258662,0.16602946137411448,1.6881847327943982,62.12847005921002,47.44870458699502,40.63318659730308,33.69680138250792,48.82692843614516,60.576682115112526,42.9720019215983,51.96214190508552,48.53061462549469,1
1397,11.321612405500417,0.6845573344541668,1.8264491230751596,5.849900982786195,0.16407182305109205,1.6878427698733338,61.52175131004298,41.03552178744008,49.12906211407952,35.21031195753704,60.67381632576131,44.72269184420223,44.75178978725604,55.14819419033732,49.02414241458207,1
1398,11.720420819379477,0.6857995562174415,1.2679501671660716,5.7829016791088,0.16337018723262403,1.6471037630511862,50.48138567464767,45.44077206575102,50.48178243342822,51.83713201934828,42.71300518778631,47.7489710084678,49.55258451057959,50.16792653876926,48.66627703713217,0
1399,11.356449416902032,0.6580429055959064,-3.6273659936542137,5.770506106699109,0.14671874038993787,1.609158998502033,50.48138567464767,45.44077206575102,50.48178243342822,51.83713201934828,42.71300518778631,47.7489710084678,49.55258451057959,50.16792653876926,48.66627703713217,0
1400,11.372056359916604,0.6864100883468884,2.4556188436435473,5.8544986920348245,0.16565275754719674,1.7353876055311481,50.48138567464767,45.44077206575102,50.48178243342822,51.83713201934828,42.71300518778631,47.7489710084678,49.55258451057959,50.16792653876926,48.66627703713217,0
1401,10.98611611262303,0.6674281745741648,-1.626580890415966,5.709101636133801,0.20968222936479008,1.7369341886860168,50.48138567464767,45.44077206575102,50.48178243342822,51.83713201934828,42.71300518778631,47.7489710084678,49.55258451057959,50.16792653876926,48.66627703713217,0
1402,11.654150684059722,0.6994116142235866,30.300446263608197,5.857933154483459,0.1778051589746337,1.7391519582643133,50.48138567464767,45.44077206575102,50.48178243342822,51.83713201934828,42.71300518778631,47.7489710084678,49.55258451057959,50.16792653876926,48.66627703713217,0
1403,11.157692338256169,0.646991629870607,-0.02672028537264778,5.776413165691109,0.20203339240742468,1.8244408840506552,50.48138567464767,45.44077206575102,50.48178243342822,51.83713201934828,42.71300518778631,47.7489710084678,49.55258451057959,50.16792653876926,48.66627703713217,0
1404,11.024793709668247,0.6507958477508651,-2.352941176470588,5.693395381769714,0.17700459329451337,1.6704994873297203,50.48138567464767,45.44077206575102,50.48178243342822,51.83713201934828,42.71300518778631,47.7489710084678,49.55258451057959,50.16792653876926,48.66627703713217,0
1405,11.165465079148639,0.6468091090466439,1.8896613551069197,5.698769932832657,0.2130087000860448,1.7521802953112857,50.48138567464767,45.44077206575102,50.48178243342822,51.83713201934828,42.71300518778631,47.7489710084678,49.55258451057959,50.16792653876926,48.66627703713217,0
1406,11.263385318862221,0.6681064309471193,-3.337128060894216,5.734634938138965,0.17562583635236137,1.672936879853915,50.48138567464767,45.44077206575102,50.48178243342822,51.83713201934828,42.71300518778631,47.7489710084678,49.55258451057959,50.16792653876926,48.66627703713217,0
1407,11.31749313638678,0.6364655276869017,1.052647522113171,5.766131099720736,0.1928002882505159,1.7778065732123924,50.48138567464767,45.44077206575102,50.48178243342822,51.83713201934828,42.71300518778631,47.7489710084678,49.55258451057959,50.16792653876926,48.66627703713217,0
1408,11.305469467994465,0.6958714987388822,-5.985094157137167,5.842384324093829,0.1695633743111488,1.706226145038168,50.48138567464767,45.44077206575102,50.48178243342822,51.83713201934828,42.71300518778631,47.7489710084678,49.55258451057959,50.16792653876926,48.66627703713217,0
1409,11.700164909108134,0.6547659170892673,-2.6570938134390945,5.772686453303412,0.15389512822471796,1.6355117095812082,50.48138567464767,45.44077206575102,50.48178243342822,51.83713201934828,42.71300518778631,47.7489710084678,49.55258451057959,50.16792653876926,48.66627703713217,0
1410,11.29304657883277,0.6884598355211912,-2.6822098867670814,5.992214265998528,0.2618106968560141,1.8317349000301884,57.44639609270092,52.27305158340734,57.54657087116085,53.20400130952795,51.76763682041263,61.12682137111379,57.96935308522445,50.20816229582158,55.19274917867119,1
1411,11.005791352517743,0.6866385152747367,-5.426962777604003,5.973809611869261,0.2794498929094803,1.8549037745060253,53.34843947871145,47.12440242730606,63.40942186955623,56.33509312708966,44.77308042676692,52.9020869726828,38.09271332328154,45.37319864557816,50.1698045338716,1
1412,10.656404872299142,0.6789954521672636,-3.984384432728297,5.87661470542904,0.1374744910656513,1.5886509369358153,50.48138567464767,45.44077206575102,50.48178243342822,51.83713201934828,42.71300518778631,47.7489710084678,49.55258451057959,50.16792653876926,48.66627703713217,0
1413,11.259875388465856,0.6388171729916853,4.542366301077355,5.923185706354688,0.15633355614973263,1.6149304681160637,50.48138567464767,45.44077206575102,50.48178243342822,51.83713201934828,42.71300518778631,47.7489710084678,49.55258451057959,50.16792653876926,48.66627703713217,0
1414,10.987970490398368,0.6424155215761926,3.1941303900950335,5.939381467237757,0.15229944746790744,1.5629037878990966,50.48138567464767,45.44077206575102,50.48178243342822,51.83713201934828,42.71300518778631,47.7489710084678,49.55258451057959,50.16792653876926,48.66627703713217,0
1415,11.084011570399154,0.6653248816298832,-0.601489844075325,5.896329351992943,0.14016557236654295,1.5511892450879008,50.48138567464767,45.44077206575102,50.48178243342822,51.83713201934828,42.71300518778631,47.7489710084678,49.55258451057959,50.16792653876926,48.66627703713217,0
1416,10.673276278754512,0.6314352574102964,7.744595498105638,5.931449114697996,0.12054303278688525,1.4962711224393468,50.48138567464767,45.44077206575102,50.48178243342822,51.83713201934828,42.71300518778631,47.7489710084678,49.55258451057959,50.16792653876926,48.66627703713217,0
1417,10.933246245732217,0.6439188763620332,-3.4956225987277194,5.903998521326706,0.13130548829701372,1.4815432173596799,50.48138567464767,45.44077206575102,50.48178243342822,51.83713201934828,42.71300518778631,47.7489710084678,49.55258451057959,50.16792653876926,48.66627703713217,0
1418,11.10818359526211,0.6646855893704956,5.260101786385217,6.073735539540777,0.15119284731210325,1.6121311643414482,50.48138567464767,45.44077206575102,50.48178243342822,51.83713201934828,42.71300518778631,47.7489710084678,49.55258451057959,50.16792653876926,48.66627703713217,0
1419,11.182906362021665,0.6509504453344491,-2.122063482575169,5.925858790009988,0.14215062879751306,1.551333372579031,50.48138567464767,45.44077206575102,50.48178243342822,51.83713201934828,42.71300518778631,47.7489710084678,49.55258451057959,50.16792653876926,48.66627703713217,0
1420,10.707990491318865,0.6480204514110801,1.715496653099667,5.91052560460263,0.09249875807252857,1.457106902796108,50.48138567464767,45.44077206575102,50.48178243342822,51.83713201934828,42.71300518778631,47.7489710084678,49.55258451057959,50.16792653876926,48.66627703713217,0
1421,11.118630240787686,0.6534511403111313,0.3775864673010119,5.921310287184775,0.17372338912332275,1.5248646421845575,50.48138567464767,45.44077206575102,50.48178243342822,51.83713201934828,42.71300518778631,47.7489710084678,49.55258451057959,50.16792653876926,48.66627703713217,0
1422,11.089496977112661,0.6577967208078946,-0.8319574037809264,5.930652407711224,0.1581307121917572,1.5497867657174302,50.48138567464767,45.44077206575102,50.48178243342822,51.83713201934828,42.71300518778631,47.7489710084678,49.55258451057959,50.16792653876926,48.66627703713217,0
1423,11.036589830827458,0.6697163207663024,-3.4385361660321747,5.929589143389895,0.16793571999495183,1.581693619055206,50.48138567464767,45.44077206575102,50.48178243342822,51.83713201934828,42.71300518778631,47.7489710084678,49.55258451057959,50.16792653876926,48.66627703713217,0
1424,11.19000301397943,0.6555841781618746,1.8447731427621739,6.412638948921326,0.30010200008869575,1.6002839512914324,50.48138567464767,45.44077206575102,50.48178243342822,51.83713201934828,42.71300518778631,47.7489710084678,49.55258451057959,50.16792653876926,48.66627703713217,0
1425,10.817942600573197,0.655661093071951,6.797560161442053,5.928258471204189,0.10081003396916645,1.523634131368938,50.48138567464767,45.44077206575102,50.48178243342822,51.83713201934828,42.71300518778631,47.7489710084678,49.55258451057959,50.16792653876926,48.66627703713217,0
1426,11.041846057282308,0.6630440079925922,3.070325064574297,5.899623343442402,0.1566182515757742,1.5432555251347766,50.48138567464767,45.44077206575102,50.48178243342822,51.83713201934828,42.71300518778631,47.7489710084678,49.55258451057959,50.16792653876926,48.66627703713217,0
1427,10.894915441057623,0.6513885363253288,2.2338427171650506,5.908626268798978,0.15972189377098803,1.6002992220227408,50.48138567464767,45.44077206575102,50.48178243342822,51.83713201934828,42.71300518778631,47.7489710084678,49.55258451057959,50.16792653876926,48.66627703713217,0
1428,10.989271238765365,0.6435834692767809,-1.277868406742795,5.922650231107622,0.13755405471065546,1.4918462868556779,50.48138567464767,45.44077206575102,50.48178243342822,51.83713201934828,42.71300518778631,47.7489710084678,49.55258451057959,50.16792653876926,48.66627703713217,0
1429,10.989234097996784,0.6676338169084542,0.8004002001000501,5.938854596835685,0.12922786686430401,1.590929873692633,50.48138567464767,45.44077206575102,50.48178243342822,51.83713201934828,42.71300518778631,47.7489710084678,49.55258451057959,50.16792653876926,48.66627703713217,0
1430,11.952918883855103,0.696759843513377,-2.282096584216726,4.789157022101107,0.09300220830467364,1.5763076001614562,42.54578851161887,75.59047156584455,57.60382059216264,58.51795383751194,44.361291270605214,29.577886864690363,57.50363876433839,44.12031885074316,51.22764628218939,1
1431,11.668022268509832,0.6624125874125875,13.636363636363635,4.797442073635214,0.07072384979361723,1.6285028163791428,50.48138567464767,45.44077206575102,50.48178243342822,51.83713201934828,42.71300518778631,47.7489710084678,49.55258451057959,50.16792653876926,48.66627703713217,0
1432,12.203537935866061,0.7329902801600915,-4.002287021154946,4.787491742782046,0.005324380960526879,1.684986091271333,50.48138567464767,45.44077206575102,50.48178243342822,51.83713201934828,42.71300518778631,47.7489710084678,49.55258451057959,50.16792653876926,48.66627703713217,0
1433,12.216660891683986,0.6516257465162575,-6.303915063039151,4.747537427275013,0.3102262066089857,1.5479345007636842,50.48138567464767,45.44077206575102,50.48178243342822,51.83713201934828,42.71300518778631,47.7489710084678,49.55258451057959,50.16792653876926,48.66627703713217,0
1434,11.868307773816081,0.7055696787612664,-5.777675063554426,4.803201036487226,0.1132088409407785,1.500933684462533,50.48138567464767,45.44077206575102,50.48178243342822,51.83713201934828,42.71300518778631,47.7489710084678,49.55258451057959,50.16792653876926,48.66627703713217,0
1435,12.151815489556778,0.7407286657429293,-13.937566223816122,4.825910852685991,0.18120904671316845,1.8719461247952942,50.48138567464767,45.44077206575102,50.48178243342822,51.83713201934828,42.71300518778631,47.7489710084678,49.55258451057959,50.16792653876926,48.66627703713217,0
1436,12.096097610446586,0.7582508250825083,-0.9900990099009901,4.808927023502111,0.13957489666170084,1.5779308161165202,50.48138567464767,45.44077206575102,50.48178243342822,51.83713201934828,42.71300518778631,47.7489710084678,49.55258451057959,50.16792653876926,48.66627703713217,0
1437,11.812387628885315,0.7169296987087518,8.895265423242469,4.801558999993482,-0.00999887145920325,1.557008179220182,50.48138567464767,45.44077206575102,50.48178243342822,51.83713201934828,42.71300518778631,47.7489710084678,49.55258451057959,50.16792653876926,48.66627703713217,0
1438,12.026362077137435,0.738989259845142,-6.660561152277079,4.818667360250496,0.17933253820014852,1.9312169312169312,50.48138567464767,45.44077206575102,50.48178243342822,51.83713201934828,42.71300518778631,47.7489710084678,49.55258451057959,50.16792653876926,48.66627703713217,0
1439,11.534565618666504,0.6606946509989186,2.540544555083172,6.339477080468061,0.1448664531201079,1.682009880708519,52.83643719363028,52.88504874204472,44.470336199782544,50.21069267618368,40.79791554679346,55.39171334749248,70.18065329355021,61.0094210172137,53.47277725208639,1
1440,11.281553150055187,0.6845180366646955,-2.814902424600828,6.195832943095858,0.1604334832276625,1.7110245099008923,50.48138567464767,45.44077206575102,50.48178243342822,51.83713201934828,42.71300518778631,47.7489710084678,49.55258451057959,50.16792653876926,48.66627703713217,0
1441,10.99717607265966,0.6789634253252446,4.488550689062665,6.293049524728755,0.15119284731210325,1.6121311643414482,50.48138567464767,45.44077206575102,50.48178243342822,51.83713201934828,42.71300518778631,47.7489710084678,49.55258451057959,50.16792653876926,48.66627703713217,0
1442,10.99717607265966,0.6814760864287448,0.9711094925952901,6.100094711633431,0.15119284731210325,1.6121311643414482,50.48138567464767,45.44077206575102,50.48178243342822,51.83713201934828,42.71300518778631,47.7489710084678,49.55258451057959,50.16792653876926,48.66627703713217,0
1443,11.597139767124036,0.6815189257734466,0.6253582781802074,6.376386753984817,0.16568017656500802,1.7133064876957493,50.48138567464767,45.44077206575102,50.48178243342822,51.83713201934828,42.71300518778631,47.7489710084678,49.55258451057959,50.16792653876926,48.66627703713217,0
1444,11.853048173361444,0.6614166311086569,-2.9199400952118,6.347038885602681,0.1626461414177681,1.7069410815173527,54.56957875820144,57.71165680025904,47.456478224738696,46.07880573846733,69.70002149570547,52.35357632556262,58.09461673387855,59.113923018151645,55.6348321368706,1
1445,11.66829796949417,0.6725777738217099,9.864702478971028,6.263779142428641,0.16235976301525273,1.7267897294552839,62.00465253954668,63.89004802342355,64.5471810222706,57.411743735110136,55.59121341440611,61.39077752320837,65.1531060921045,59.90911131485365,61.23722920811545,1
1446,11.692402145605358,0.6614876033057852,-0.4992410187215382,6.026348948961484,0.18744123905190757,1.7254236701345012,43.66830629225447,69.22792763733644,50.07283664336974,67.19511284703825,66.50633266425876,41.381848859366855,49.896937854026895,59.31447416986877,55.90797212094002,1
1447,11.322005850589335,0.6973565695900196,5.449078451493792,6.089271607110894,0.16831990080595163,1.7222452135653765,50.86764595729724,46.93294353266964,52.1565566653498,47.5784554701809,50.50084137656243,55.84176827863316,70.93781794873269,42.958879953631175,52.22186364788213,1
1448,11.667856982721336,0.6730540822340088,1.4415884672922616,6.261491684321042,0.14640683859750797,1.65831989846671,39.293092794733845,48.44255410170852,48.20596861577759,48.45502524851134,61.45924885306915,49.56943235212019,51.302778296607286,60.56878000864972,50.91211003389721,1
1449,11.083349512511727,0.6659148075240595,5.304024496937882,6.03667688992953,0.1473179116235766,1.6437117219769264,50.48138567464767,45.44077206575102,50.48178243342822,51.83713201934828,42.71300518778631,47.7489710084678,49.55258451057959,50.16792653876926,48.66627703713217,0
1453,11.62333740069583,0.7243366728574293,-2.0926521750503544,6.171074096398463,0.19296101674202615,1.7377456049638056,50.48138567464767,45.44077206575102,50.48178243342822,51.83713201934828,42.71300518778631,47.7489710084678,49.55258451057959,50.16792653876926,48.66627703713217,0
1454,11.354426679149459,0.7246552324437245,-0.3178976369608986,6.080162001869269,0.23683240120459714,1.782576017866346,50.48138567464767,45.44077206575102,50.48178243342822,51.83713201934828,42.71300518778631,47.7489710084678,49.55258451057959,50.16792653876926,48.66627703713217,0
1455,11.387770321984222,0.6549252728485906,-1.5887976930937462,5.777497404613124,0.15119284731210325,1.6121311643414482,49.743255821714406,44.455271990522135,62.17648499704031,62.30344515543014,54.47200306626359,55.11167256556125,56.93239562787957,56.0255666624112,55.152511985852826,1
1456,11.673659001602266,0.6656731641729754,0.2693495649562969,6.332746626439233,0.14918106349562485,1.6720923493044821,47.89871081795038,45.44077206575102,48.67132184843502,41.49768021899537,50.57842355842544,35.918806422420694,60.70867898819996,52.24477967203279,47.869896699026334,1
1457,11.684977806739528,0.687046764349361,24.44902848960438,6.400921676485684,0.16197426275927163,1.6873095432368075,50.48138567464767,45.44077206575102,50.48178243342822,51.83713201934828,42.71300518778631,47.7489710084678,49.55258451057959,50.16792653876926,48.66627703713217,0
1459,11.829944713164467,0.7060136663917245,15.795806249006803,6.344056165609079,0.15591095562358134,1.6973970614910212,54.5842605036934,68.93473582549744,51.21845603640593,51.17455717706223,58.71556545686889,51.157517816549614,63.198562659803066,65.89018155652,58.10922962905008,1
1460,10.99717607265966,0.6713414702612874,3.514524079542775,6.2136075980886085,0.15119284731210325,1.6121311643414482,50.48138567464767,45.44077206575102,50.48178243342822,51.83713201934828,42.71300518778631,47.7489710084678,49.55258451057959,50.16792653876926,48.66627703713217,0
1461,11.991774235363994,0.6452661071295007,-1.091281397330652,6.258816353086512,0.16105137987415152,1.7096888197769964,56.32153163946714,63.582540613787,39.422800819519736,49.50968851985444,57.36332888189211,46.669056600961696,51.713912251703896,57.08555989870686,52.70855240323661,1
1463,11.432368124896152,0.6399701151878885,6.264316384922949,6.064482639844554,0.18443608558919652,1.8641445511010728,50.48138567464767,45.44077206575102,50.48178243342822,51.83713201934828,42.71300518778631,47.7489710084678,49.55258451057959,50.16792653876926,48.66627703713217,0
1464,11.619300565762448,0.6592436182647713,6.3421439613890875,6.289901082457623,0.16955873809704225,1.751044624929906,50.48138567464767,45.44077206575102,50.48178243342822,51.83713201934828,42.71300518778631,47.7489710084678,49.55258451057959,50.16792653876926,48.66627703713217,0
1465,11.626905723671461,0.6797430469782098,11.888374594698751,6.377916716034216,0.156097799750361,1.69875842121971,49.7304730066687,42.414656866750576,50.75623537846631,60.12497592027066,60.67410972601865,38.92275593271963,50.8056387845338,46.10146253072294,49.941288518268905,1
1466,10.99717607265966,0.6789757881902108,2.2644138651802823,6.1349153295129435,0.15119284731210325,1.6121311643414482,50.48138567464767,45.44077206575102,50.48178243342822,51.83713201934828,42.71300518778631,47.7489710084678,49.55258451057959,50.16792653876926,48.66627703713217,0
1467,11.613812790815498,0.6746466118045439,16.094420600858367,6.35193228928541,0.14853148122928866,1.6900889743506176,66.19538766218139,63.09166729552212,50.33815666429609,59.06903177232574,68.99527358469915,63.6336670657727,71.42165514380815,61.4525398748256,63.02467238292887,1
1468,11.404240540695492,0.7034801190567046,7.636927929990587,6.139453424821431,0.19842222165488013,1.7920599414407041,50.48138567464767,45.44077206575102,50.48178243342822,51.83713201934828,42.71300518778631,47.7489710084678,49.55258451057959,50.16792653876926,48.66627703713217,0
1470,11.349395436248574,0.668926232079458,1.8946279403607686,5.777497404613124,0.15119284731210325,1.6121311643414482,46.92084291569192,47.54240307004441,45.89865802920532,41.82626500392994,46.43401097931714,46.33869197185011,60.99988814423708,49.70111188191161,48.20773399952344,1
1471,11.304660673884488,0.7003428817011417,5.572995496758039,5.777497404613124,0.15119284731210325,1.5220391349124613,50.48138567464767,45.44077206575102,50.48178243342822,51.83713201934828,42.71300518778631,47.7489710084678,49.55258451057959,50.16792653876926,48.66627703713217,0
1472,12.057666020322388,0.6687782314788658,1.9446370533969086,6.26966430417027,0.1576919176554102,1.7245499240835804,50.038340626036245,71.05042769683276,50.78467185130415,50.217334313112985,48.06897768193512,47.12319755167688,42.98888901422485,46.377611783941866,50.83118131488311,1
1473,11.419469365296576,0.6539498153788104,7.061423604560279,6.081305251107771,0.1447280278670954,1.5601346230998974,50.48138567464767,45.44077206575102,50.48178243342822,51.83713201934828,42.71300518778631,47.7489710084678,49.55258451057959,50.16792653876926,48.66627703713217,0
1474,11.371869836143492,0.6244384778231011,3.252956059276088,6.072583598392774,0.09188331018059138,1.3677156431155473,50.48138567464767,45.44077206575102,50.48178243342822,51.83713201934828,42.71300518778631,47.7489710084678,49.55258451057959,50.16792653876926,48.66627703713217,0
1475,11.581532261940003,0.6675014430975534,-2.2423515829670086,6.413458957167357,0.1251935364284624,1.6532746196957566,52.87863985197981,52.60689226716688,43.55749763952661,48.46368609751071,57.04916403327589,42.29536491309039,65.19790400528773,57.83281248316048,52.485245161374806,1
1477,11.42946559209907,0.7057350975926518,5.583893291171802,6.070506754447935,0.19619384549696545,1.8234033524294504,50.48138567464767,45.44077206575102,50.48178243342822,51.83713201934828,42.71300518778631,47.7489710084678,49.55258451057959,50.16792653876926,48.66627703713217,0
1478,11.16629702830624,0.6683421384723975,-0.12833401065172287,6.024173721517687,0.14689475641502417,1.6488869001006825,50.48138567464767,45.44077206575102,50.48178243342822,51.83713201934828,42.71300518778631,47.7489710084678,49.55258451057959,50.16792653876926,48.66627703713217,0
1480,11.535524179568409,0.659065047356777,2.72000067682754,6.091536100832197,0.16576910131268932,1.7230981746423286,50.48138567464767,45.44077206575102,50.48178243342822,51.83713201934828,42.71300518778631,47.7489710084678,49.55258451057959,50.16792653876926,48.66627703713217,0
1481,11.727685976588583,0.6411803988199393,-3.719389005824225,6.261109932073611,0.16109383760640195,1.7133693693693695,50.48138567464767,45.44077206575102,50.48178243342822,51.83713201934828,42.71300518778631,47.7489710084678,49.55258451057959,50.16792653876926,48.66627703713217,0
1483,11.867657121949357,0.634899983737193,-7.922310247891643,6.1837364347551045,0.13220301418439717,1.6358886619938555,49.55784183582731,59.71575481112234,55.65115057025598,52.36921763325548,67.97433170338158,64.35484568486191,52.43399290665035,51.78155396267908,56.729836138504254,1
1484,11.430420645452012,0.7313754679766037,1.5704255819261388,6.154220948407096,0.1829834080364866,1.737925079458397,49.32750267637084,41.38776065029392,45.77036764659319,51.25115895726841,42.28486152158605,31.293680247591816,37.73018631835114,40.13774246622632,42.39790756053521,1
1486,11.183426458765817,0.69271402856518,2.1365005130965797,6.000424288479454,0.17455698685673185,1.7356304314682116,50.48138567464767,45.44077206575102,50.48178243342822,51.83713201934828,42.71300518778631,47.7489710084678,49.55258451057959,50.16792653876926,48.66627703713217,0
1487,11.039569021318712,0.7155696625459406,3.775476110925493,5.777497404613124,0.15119284731210325,1.4093507813492567,50.48138567464767,45.44077206575102,50.48178243342822,51.83713201934828,42.71300518778631,47.7489710084678,49.55258451057959,50.16792653876926,48.66627703713217,0
1488,12.06979806523301,0.6640025881506277,-1.8024620443088746,6.201725472591178,0.15281903009593903,1.6809254172039394,52.10266097387275,68.32545705264758,51.45292182839383,44.72767236961114,57.03943608724734,61.177961137132726,56.76658022516123,45.87541019163613,54.68351248321284,1
1489,11.25270420263252,0.6461110726030668,0.9241930639310553,6.037154673025098,0.1746774640514826,1.744426155918001,50.48138567464767,45.44077206575102,50.48178243342822,51.83713201934828,42.71300518778631,47.7489710084678,49.55258451057959,50.16792653876926,48.66627703713217,0
1490,11.397227254554634,0.6941263598118045,3.3481865027009534,6.114124559843869,0.17842000519165874,1.731696419504864,50.48138567464767,45.44077206575102,50.48178243342822,51.83713201934828,42.71300518778631,47.7489710084678,49.55258451057959,50.16792653876926,48.66627703713217,0
1491,11.40390492625869,0.680765671245178,-0.5742228901126759,6.129703591331748,0.17617168495594357,1.7361815754339118,50.48138567464767,45.44077206575102,50.48178243342822,51.83713201934828,42.71300518778631,47.7489710084678,49.55258451057959,50.16792653876926,48.66627703713217,0
1492,11.325146644362984,0.6776507675623245,2.189186094289929,6.090404494962885,0.1839486628597275,1.7669731045442658,51.509291445076286,41.61127099261629,53.14182750138809,50.97774815642454,54.721480179510735,37.95913561794253,64.42644083622011,57.092364368144366,51.42994488716536,1
1493,11.686550146673676,0.6902131470816998,24.788856328024952,6.339477080468061,0.15681667036133895,1.69539860544327,50.48138567464767,45.44077206575102,50.48178243342822,51.83713201934828,42.71300518778631,47.7489710084678,49.55258451057959,50.16792653876926,48.66627703713217,0
1494,11.024958252349931,0.6678689647300536,2.739413308982993,5.993462549770655,0.1123020983258844,1.4325836094855344,50.48138567464767,45.44077206575102,50.48178243342822,51.83713201934828,42.71300518778631,47.7489710084678,49.55258451057959,50.16792653876926,48.66627703713217,0
1495,11.183603007652595,0.7124854091911288,3.301846007522373,6.055612366931734,0.19621337429111532,1.8170007886107997,50.48138567464767,45.44077206575102,50.48178243342822,51.83713201934828,42.71300518778631,47.7489710084678,49.55258451057959,50.16792653876926,48.66627703713217,0
1496,11.575967867480262,0.6764109662134276,5.823777155014172,6.20455776256869,0.17048971921291178,1.7435378692646135,45.89439484413237,59.77666257995949,49.39093909773797,36.674946358457184,56.4392405717684,50.97300837151046,61.57685260675945,51.58526919395522,51.53891420303507,1
1500,11.491068328614919,0.6812550185873606,6.510037174721189,6.2136075980886085,0.1580496875161407,1.7108040753499962,52.583582768958834,45.3092062720292,45.84450173198524,36.270681621439984,43.80145536482398,52.91370315706533,53.73379035377926,53.97613686075399,48.05413226635447,1
1501,11.4093810769316,0.6584300131994069,-1.7750926473794026,6.133831788394904,0.16026537270060587,1.7298580966655637,50.48138567464767,45.44077206575102,50.48178243342822,51.83713201934828,42.71300518778631,47.7489710084678,49.55258451057959,50.16792653876926,48.66627703713217,0
1504,11.367237045672105,0.6606614325326354,1.6512446646103998,6.038348133006832,0.11391774819928967,1.624731418548564,50.48138567464767,45.44077206575102,50.48178243342822,51.83713201934828,42.71300518778631,47.7489710084678,49.55258451057959,50.16792653876926,48.66627703713217,0
1506,11.737958430217237,0.681297427649723,0.8518956081504878,5.3748153375207615,0.15059403005495633,1.569670175884991,48.17743829181058,62.46677601101857,52.74317333836844,49.6499496358339,63.40242845203504,50.36308965760115,38.16372245813662,62.51028814390614,53.4346082485888,1
1507,11.521920884595215,0.6738355317394888,-0.4843363561417972,5.405825574263321,0.16804950403263186,1.5876506694653818,50.48138567464767,45.44077206575102,50.48178243342822,51.83713201934828,42.71300518778631,47.7489710084678,49.55258451057959,50.16792653876926,48.66627703713217,0
1508,11.954195844861841,0.6675919367498133,-1.4549074410858203,5.404027820970151,0.1403260099220411,1.5190672963400236,49.61872916859212,62.40952305717353,51.82920080041303,50.22896940072173,47.40258094405063,38.16327993348142,53.9380366606248,39.90256392894552,49.18661048675035,1
1509,11.614696546309515,0.6728197604502381,-0.1803838568473712,5.407171771460119,0.05137936067727339,1.3662796386288771,50.48138567464767,45.44077206575102,50.48178243342822,51.83713201934828,42.71300518778631,47.7489710084678,49.55258451057959,50.16792653876926,48.66627703713217,0
1510,11.513103449130108,0.6911230099747497,-0.5014236851059257,5.401776074916267,0.10023230925843753,1.4590385917400135,50.48138567464767,45.44077206575102,50.48178243342822,51.83713201934828,42.71300518778631,47.7489710084678,49.55258451057959,50.16792653876926,48.66627703713217,0
1511,11.866511142034028,0.6714604591836735,-0.3826530612244898,5.424950017481403,0.09210024455363353,1.4515596137384175,50.48138567464767,45.44077206575102,50.48178243342822,51.83713201934828,42.71300518778631,47.7489710084678,49.55258451057959,50.16792653876926,48.66627703713217,0
1512,11.685771436534809,0.6576195441680321,4.081632653061225,5.393172897560715,0.1532422560599592,1.558806118951927,50.48138567464767,45.44077206575102,50.48178243342822,51.83713201934828,42.71300518778631,47.7489710084678,49.55258451057959,50.16792653876926,48.66627703713217,0
1513,11.266395572521477,0.6486299581865895,4.0198992714895185,5.371567828287629,0.15119284731210325,1.6121311643414482,50.48138567464767,45.44077206575102,50.48178243342822,51.83713201934828,42.71300518778631,47.7489710084678,49.55258451057959,50.16792653876926,48.66627703713217,0
1514,11.164699017482153,0.6486299581865895,-4.036908881199539,5.369241704884735,0.15119284731210325,1.6121311643414482,50.48138567464767,45.44077206575102,50.48178243342822,51.83713201934828,42.71300518778631,47.7489710084678,49.55258451057959,50.16792653876926,48.66627703713217,0
1515,11.168214382070225,0.6486299581865895,-1.674071212413882,5.3612921657094255,0.15119284731210325,1.6121311643414482,50.48138567464767,45.44077206575102,50.48178243342822,51.83713201934828,42.71300518778631,47.7489710084678,49.55258451057959,50.16792653876926,48.66627703713217,0
1516,11.358075874295007,0.6486299581865895,-35.10676800579081,5.777497404613124,0.15119284731210325,1.6121311643414482,50.48138567464767,45.44077206575102,50.48178243342822,51.83713201934828,42.71300518778631,47.7489710084678,49.55258451057959,50.16792653876926,48.66627703713217,0
1517,11.19324898660087,0.6486299581865895,7.779569161438201,5.38357721049886,0.15119284731210325,1.6121311643414482,50.48138567464767,45.44077206575102,50.48178243342822,51.83713201934828,42.71300518778631,47.7489710084678,49.55258451057959,50.16792653876926,48.66627703713217,0
1518,11.450235900125664,0.6535293004478647,-0.7064908850059926,5.428028973069694,0.15231839457963744,1.569831628856703,54.0637671777255,56.87594242938309,48.4827767788075,57.30127228756243,56.01346530302681,40.31368233176087,48.936381867696014,35.05624099278082,49.63044114609288,1
1519,11.835069107258244,0.6789884726656773,-1.0343121823987047,5.3986150878634005,0.054807315676880894,1.3937434704618479,50.48138567464767,45.44077206575102,50.48178243342822,51.83713201934828,42.71300518778631,47.7489710084678,49.55258451057959,50.16792653876926,48.66627703713217,0
1520,11.366440825822453,0.6522187231606069,8.932150014314344,5.382198850528739,0.11641455983751135,1.5398637013153555,50.48138567464767,45.44077206575102,50.48178243342822,51.83713201934828,42.71300518778631,47.7489710084678,49.55258451057959,50.16792653876926,48.66627703713217,0
1521,11.57537336478115,0.7053617388705312,-14.064394002291484,5.338018733399589,0.10967458223394899,1.4755135650515732,50.48138567464767,45.44077206575102,50.48178243342822,51.83713201934828,42.71300518778631,47.7489710084678,49.55258451057959,50.16792653876926,48.66627703713217,0
1522,11.361814161555394,0.6068476977567887,17.387571106579372,5.399519247057004,0.13098982423681776,1.6325874512976644,50.48138567464767,45.44077206575102,50.48178243342822,51.83713201934828,42.71300518778631,47.7489710084678,49.55258451057959,50.16792653876926,48.66627703713217,0
1523,11.427516802946545,0.6506263611035635,-0.6367024490739427,5.9099833052400985,0.16083707915339504,1.6688087939964062,50.48138567464767,45.44077206575102,50.48178243342822,51.83713201934828,42.71300518778631,47.7489710084678,49.55258451057959,50.16792653876926,48.66627703713217,0
1525,11.16479392202879,0.6588708615320563,2.362107713811108,5.946205640702367,0.1790689210204149,1.7815969509741258,49.41106159144243,34.16923668291132,47.87364731197447,43.60783829609969,29.943024246720515,44.61865129258735,44.69436933053539,29.23882674867089,40.44458193761776,1
1526,11.419512184913458,0.63842418072256,-0.7429216080125471,5.928790952579924,0.1765651693297156,1.7394590013419027,48.70293883152142,61.29740748064726,57.74243494217129,67.34178644417295,37.79110858385323,44.46438558917092,46.15287432419669,41.79059951388253,50.66044196370204,1
1527,11.310690546749296,0.6519641900951892,0.8607299166707232,5.943324171780047,0.18162445954292775,1.7506484293599947,55.04947739603013,45.99159885069928,48.89758145613945,55.63595548646567,52.31241981680549,26.52888410172323,45.71385438871935,32.258912731544385,45.29858552851587,1
1528,11.151879553685248,0.6469840497850092,0.3537123213476439,5.929589143389895,0.1707297120418848,1.604080873561997,52.37781521024342,44.576016467442926,50.120117981989424,40.76557994942178,24.11220122257779,47.79659273630858,51.7227474638645,44.275875957695526,44.468368373693,1
1529,11.059898512998275,0.647132259381077,-1.6805512208004225,5.9511632503344565,0.07997239356424966,1.3384328962279424,50.48138567464767,45.44077206575102,50.48178243342822,51.83713201934828,42.71300518778631,47.7489710084678,49.55258451057959,50.16792653876926,48.66627703713217,0
1530,10.845342711981463,0.6699412441321851,0.7150184972176454,5.914853444736142,0.11918712797619048,1.4824296729755264,50.48138567464767,45.44077206575102,50.48178243342822,51.83713201934828,42.71300518778631,47.7489710084678,49.55258451057959,50.16792653876926,48.66627703713217,0
1532,10.859598817635533,0.655689215341309,2.2761259676284307,5.893024474294729,0.14135671194826613,1.665104857602529,50.48138567464767,45.44077206575102,50.48178243342822,51.83713201934828,42.71300518778631,47.7489710084678,49.55258451057959,50.16792653876926,48.66627703713217,0
1533,10.834550633988128,0.6147414167753151,-3.4941329856584096,5.823045895483019,0.15699642873707156,1.6245307403532525,50.48138567464767,45.44077206575102,50.48178243342822,51.83713201934828,42.71300518778631,47.7489710084678,49.55258451057959,50.16792653876926,48.66627703713217,0
1534,11.06548144336906,0.6481147969557892,-0.31952593969674087,5.901539839579995,0.10913492876431698,1.5247170567736763,50.48138567464767,45.44077206575102,50.48178243342822,51.83713201934828,42.71300518778631,47.7489710084678,49.55258451057959,50.16792653876926,48.66627703713217,0
1535,10.916414856894058,0.639743826022853,2.30372281607077,5.847016642742108,0.12969491844121656,1.5566150178784266,50.48138567464767,45.44077206575102,50.48178243342822,51.83713201934828,42.71300518778631,47.7489710084678,49.55258451057959,50.16792653876926,48.66627703713217,0
1536,10.846110527681065,0.6088692837753185,0.9396533723115473,5.900718933801237,0.13876671358198453,1.5815967755767086,50.48138567464767,45.44077206575102,50.48178243342822,51.83713201934828,42.71300518778631,47.7489710084678,49.55258451057959,50.16792653876926,48.66627703713217,0
1537,10.841165929411773,0.6640044868199664,0.11217049915872125,5.925057614910383,0.14873010148884652,1.536277912382948,50.48138567464767,45.44077206575102,50.48178243342822,51.83713201934828,42.71300518778631,47.7489710084678,49.55258451057959,50.16792653876926,48.66627703713217,0
1539,11.06798121031775,0.6354457616949083,0.6275905351071387,5.938854596835685,0.1921640451052216,1.7483191901896105,50.48138567464767,45.44077206575102,50.48178243342822,51.83713201934828,42.71300518778631,47.7489710084678,49.55258451057959,50.16792653876926,48.66627703713217,0
1540,10.91306459939933,0.6535978138119499,-2.52584029448022,5.941486177301741,0.19616908850726553,1.7385302476654487,50.48138567464767,45.44077206575102,50.48178243342822,51.83713201934828,42.71300518778631,47.7489710084678,49.55258451057959,50.16792653876926,48.66627703713217,0
1541,10.8648262170625,0.6694679239751795,-1.4169150339571015,5.891644211825771,0.134460848439544,1.7543226053884753,50.48138567464767,45.44077206575102,50.48178243342822,51.83713201934828,42.71300518778631,47.7489710084678,49.55258451057959,50.16792653876926,48.66627703713217,0
1542,10.905295211933046,0.6475565280816922,3.8414782397276928,5.914313487919567,0.14109787106745775,1.5539084827737821,50.48138567464767,45.44077206575102,50.48178243342822,51.83713201934828,42.71300518778631,47.7489710084678,49.55258451057959,50.16792653876926,48.66627703713217,0
1543,10.821275163527531,0.6186211688411951,0.9650274067783524,5.908626268798978,0.12227580450709451,1.5929487179487178,50.48138567464767,45.44077206575102,50.48178243342822,51.83713201934828,42.71300518778631,47.7489710084678,49.55258451057959,50.16792653876926,48.66627703713217,0
1544,11.009108556014796,0.6434189826953329,-0.7491197842535021,5.9207738064852125,0.07250148381500252,1.4403718147963522,50.48138567464767,45.44077206575102,50.48178243342822,51.83713201934828,42.71300518778631,47.7489710084678,49.55258451057959,50.16792653876926,48.66627703713217,0
1545,10.657993203227013,0.6705997526793075,1.8033800494641385,5.831882477283517,0.160167638483965,1.6611768141334502,50.48138567464767,45.44077206575102,50.48178243342822,51.83713201934828,42.71300518778631,47.7489710084678,49.55258451057959,50.16792653876926,48.66627703713217,0
1546,10.761587573228846,0.6382813896668852,2.9199690125737443,5.93330563293445,0.14106186069167073,1.6074672365567741,50.48138567464767,45.44077206575102,50.48178243342822,51.83713201934828,42.71300518778631,47.7489710084678,49.55258451057959,50.16792653876926,48.66627703713217,0
1547,10.68460897971126,0.6550190597204575,-0.7941550190597204,5.818003618746224,0.17591757276482597,1.6894758407665396,50.48138567464767,45.44077206575102,50.48178243342822,51.83713201934828,42.71300518778631,47.7489710084678,49.55258451057959,50.16792653876926,48.66627703713217,0
1548,10.75097682317465,0.6699022394786106,-2.5306801636275393,5.916741000912046,0.18406111283163,1.6380334585182657,50.48138567464767,45.44077206575102,50.48178243342822,51.83713201934828,42.71300518778631,47.7489710084678,49.55258451057959,50.16792653876926,48.66627703713217,0
1549,11.093135747788478,0.672746423059275,3.107662787302382,5.946990057006152,0.10499124717134196,1.432173095014111,50.48138567464767,45.44077206575102,50.48178243342822,51.83713201934828,42.71300518778631,47.7489710084678,49.55258451057959,50.16792653876926,48.66627703713217,0
1550,10.868278882850081,0.5948524517417351,-0.11093854004881296,5.898252165385803,0.069865623230191,1.4635371614877903,50.48138567464767,45.44077206575102,50.48178243342822,51.83713201934828,42.71300518778631,47.7489710084678,49.55258451057959,50.16792653876926,48.66627703713217,0
1551,10.760957784187353,0.6348488602576808,1.5795341922695738,5.859931157146132,0.13182040019521718,1.5887274192049081,50.48138567464767,45.44077206575102,50.48178243342822,51.83713201934828,42.71300518778631,47.7489710084678,49.55258451057959,50.16792653876926,48.66627703713217,0
1552,10.774167759824897,0.6531951995076418,-1.6924812801312956,5.8988008622445625,0.15890191897654585,1.6910067019895434,50.48138567464767,45.44077206575102,50.48178243342822,51.83713201934828,42.71300518778631,47.7489710084678,49.55258451057959,50.16792653876926,48.66627703713217,0
1553,11.0382083446582,0.6251865114891078,1.7407738983388044,5.907811162110729,0.20918754745634016,1.7970054784319982,50.48138567464767,45.44077206575102,50.48178243342822,51.83713201934828,42.71300518778631,47.7489710084678,49.55258451057959,50.16792653876926,48.66627703713217,0
1554,10.913596442612834,0.6434091356566253,0.19688915140775742,5.921310287184775,0.14499954828801156,1.6604310344827586,50.48138567464767,45.44077206575102,50.48178243342822,51.83713201934828,42.71300518778631,47.7489710084678,49.55258451057959,50.16792653876926,48.66627703713217,0
1555,10.832878105852622,0.6348106956145316,3.6961806133661885,5.918893854273146,0.14852796650002137,1.6210923414052314,50.48138567464767,45.44077206575102,50.48178243342822,51.83713201934828,42.71300518778631,47.7489710084678,49.55258451057959,50.16792653876926,48.66627703713217,0
1556,10.990254966836314,0.6844853077065237,0.09240436148586213,5.907267388307226,0.10976306650841795,1.5505779103450255,50.48138567464767,45.44077206575102,50.48178243342822,51.83713201934828,42.71300518778631,47.7489710084678,49.55258451057959,50.16792653876926,48.66627703713217,0
1557,10.837885357419315,0.6547064305684995,-1.6309412861136998,5.863347044327539,0.18087297694948504,1.6067830864938264,50.48138567464767,45.44077206575102,50.48178243342822,51.83713201934828,42.71300518778631,47.7489710084678,49.55258451057959,50.16792653876926,48.66627703713217,0
1558,10.739272969750633,0.652562143029523,-1.6893250744107473,5.8544986920348245,0.14399431414356786,1.5480861452611387,50.48138567464767,45.44077206575102,50.48178243342822,51.83713201934828,42.71300518778631,47.7489710084678,49.55258451057959,50.16792653876926,48.66627703713217,0
1559,10.627144539300645,0.6388168137000519,0.9802225681831286,5.900171288661591,0.19509582863585118,1.7251138353765323,50.48138567464767,45.44077206575102,50.48178243342822,51.83713201934828,42.71300518778631,47.7489710084678,49.55258451057959,50.16792653876926,48.66627703713217,0
1560,11.346527256082606,0.6755476175812445,-1.7039272443595903,5.945682354452854,0.1768842970062862,1.7170622520665735,50.48138567464767,45.44077206575102,50.48178243342822,51.83713201934828,42.71300518778631,47.7489710084678,49.55258451057959,50.16792653876926,48.66627703713217,0
1561,10.698396782031612,0.6625315918430343,-0.42444002855323826,5.907811162110729,0.14146957408576563,1.6260894188717239,50.48138567464767,45.44077206575102,50.48178243342822,51.83713201934828,42.71300518778631,47.7489710084678,49.55258451057959,50.16792653876926,48.66627703713217,0
1562,10.823758353417158,0.6300790479246273,-0.8021468366245661,5.9099833052400985,0.16788231938388817,1.7214885614908237,50.48138567464767,45.44077206575102,50.48178243342822,51.83713201934828,42.71300518778631,47.7489710084678,49.55258451057959,50.16792653876926,48.66627703713217,0
1563,11.297438774933138,0.6654192225711449,0.14643908947428366,5.938854596835685,0.20140209568557257,1.7740174390023027,50.48138567464767,45.44077206575102,50.48178243342822,51.83713201934828,42.71300518778631,47.7489710084678,49.55258451057959,50.16792653876926,48.66627703713217,0
1564,10.816432694159186,0.618847506042628,0.4394638540980005,5.8924725979010315,0.13207456055630673,1.6335156962355086,50.48138567464767,45.44077206575102,50.48178243342822,51.83713201934828,42.71300518778631,47.7489710084678,49.55258451057959,50.16792653876926,48.66627703713217,0
1565,10.848398782504471,0.6557380254154448,-0.19550342130987292,5.894953646727139,0.14689016321129245,1.6570697184159011,50.48138567464767,45.44077206575102,50.48178243342822,51.83713201934828,42.71300518778631,47.7489710084678,49.55258451057959,50.16792653876926,48.66627703713217,0
1566,10.935764150568996,0.6414139541780974,-1.1121821012827169,5.900171288661591,0.13390174942569358,1.6225252584243415,50.48138567464767,45.44077206575102,50.48178243342822,51.83713201934828,42.71300518778631,47.7489710084678,49.55258451057959,50.16792653876926,48.66627703713217,0
1567,10.860707153219279,0.6505433781543563,-0.03683919690550746,5.895779296973574,0.1358460934432666,1.6540724277683356,50.48138567464767,45.44077206575102,50.48178243342822,51.83713201934828,42.71300518778631,47.7489710084678,49.55258451057959,50.16792653876926,48.66627703713217,0
1568,10.950132635578985,0.6425847327305161,2.122162760656948,5.931449114697996,0.1547549019607843,1.5866447516839086,50.48138567464767,45.44077206575102,50.48178243342822,51.83713201934828,42.71300518778631,47.7489710084678,49.55258451057959,50.16792653876926,48.66627703713217,0
1569,10.706065205233422,0.6594628952804704,-0.2118756290057736,5.894953646727139,0.13736833487965944,1.6483143685066082,50.48138567464767,45.44077206575102,50.48178243342822,51.83713201934828,42.71300518778631,47.7489710084678,49.55258451057959,50.16792653876926,48.66627703713217,0
1570,10.678622471048156,0.6348330503678551,-0.1414827391058291,5.827179352800126,0.13028136742736687,1.5388596101339767,50.48138567464767,45.44077206575102,50.48178243342822,51.83713201934828,42.71300518778631,47.7489710084678,49.55258451057959,50.16792653876926,48.66627703713217,0
1571,10.677938184160109,0.6732021615629763,-2.4594706941942635,5.8045323777563445,0.18952699563237618,1.6760682470179677,50.48138567464767,45.44077206575102,50.48178243342822,51.83713201934828,42.71300518778631,47.7489710084678,49.55258451057959,50.16792653876926,48.66627703713217,0
1572,10.817004440860888,0.6445325758793791,-0.5895278417921647,5.836855428880563,0.1829443447037702,1.693628693241108,50.48138567464767,45.44077206575102,50.48178243342822,51.83713201934828,42.71300518778631,47.7489710084678,49.55258451057959,50.16792653876926,48.66627703713217,0
1573,10.695950516113195,0.6568597225280776,-1.1451222197753799,5.823045895483019,0.15672630881378397,1.754226184769757,50.48138567464767,45.44077206575102,50.48178243342822,51.83713201934828,42.71300518778631,47.7489710084678,49.55258451057959,50.16792653876926,48.66627703713217,0
1574,10.787639316402005,0.6585441085749537,2.3574513087159605,5.914313487919567,0.11680440771349862,1.564846136162107,50.48138567464767,45.44077206575102,50.48178243342822,51.83713201934828,42.71300518778631,47.7489710084678,49.55258451057959,50.16792653876926,48.66627703713217,0
1575,11.2311631693465,0.647057107137326,1.3085509201379926,5.885270350701578,0.18117719190680565,1.6770376307796153,50.48138567464767,45.44077206575102,50.48178243342822,51.83713201934828,42.71300518778631,47.7489710084678,49.55258451057959,50.16792653876926,48.66627703713217,0
1576,10.728151911051508,0.6505735140771637,2.502606882168926,5.777032936395794,0.08835560403599672,1.3837837837837839,50.48138567464767,45.44077206575102,50.48178243342822,51.83713201934828,42.71300518778631,47.7489710084678,49.55258451057959,50.16792653876926,48.66627703713217,0
1577,10.99416007115179,0.6340573428767202,0.9411298511528841,5.811739616161294,0.15248109204943738,1.6270295612693086,56.42455066922732,33.82355865794341,49.51624798249141,47.4338544278878,28.44286635605215,62.996277619631385,48.75894520472308,47.00200876751783,46.7997887106843,1
1578,10.992440001487767,0.639580662882256,0.29756454861746934,5.82923969201315,0.140932525495804,1.5835633535751146,50.48138567464767,45.44077206575102,50.48178243342822,51.83713201934828,42.71300518778631,47.7489710084678,49.55258451057959,50.16792653876926,48.66627703713217,0
1579,10.772586042882184,0.6633687553438378,1.7100280933186758,5.746841964116648,0.09856900771982677,1.4617342130065976,50.48138567464767,45.44077206575102,50.48178243342822,51.83713201934828,42.71300518778631,47.7489710084678,49.55258451057959,50.16792653876926,48.66627703713217,0
1580,10.76071169822574,0.615685456536476,-0.4693121969025395,5.785976712282188,0.1137685542785352,1.5346262815083098,50.48138567464767,45.44077206575102,50.48178243342822,51.83713201934828,42.71300518778631,47.7489710084678,49.55258451057959,50.16792653876926,48.66627703713217,0
1581,11.159537968592339,0.647796234772979,-3.2779623477297894,5.812337881210547,0.13535005048805115,1.412928893619178,50.48138567464767,45.44077206575102,50.48178243342822,51.83713201934828,42.71300518778631,47.7489710084678,49.55258451057959,50.16792653876926,48.66627703713217,0
1582,10.936773454226312,0.6317375762248546,1.7522955071143198,5.790265934544339,0.14111461619348054,1.568797720184966,50.48138567464767,45.44077206575102,50.48178243342822,51.83713201934828,42.71300518778631,47.7489710084678,49.55258451057959,50.16792653876926,48.66627703713217,0
1583,10.989085521126553,0.656787690441901,0.8337754870006823,5.780126041243535,0.17270627755616208,1.5452455422781832,50.48138567464767,45.44077206575102,50.48178243342822,51.83713201934828,42.71300518778631,47.7489710084678,49.55258451057959,50.16792653876926,48.66627703713217,0
1584,10.67691202863634,0.6479418136799753,-2.6307644692045806,5.778580684731388,0.09238623533454421,1.677424403681212,50.48138567464767,45.44077206575102,50.48178243342822,51.83713201934828,42.71300518778631,47.7489710084678,49.55258451057959,50.16792653876926,48.66627703713217,0
1585,10.657605177461939,0.6258213461196945,-2.5750310779612855,5.795145480670174,0.05436558759881641,1.5668055755137231,50.48138567464767,45.44077206575102,50.48178243342822,51.83713201934828,42.71300518778631,47.7489710084678,49.55258451057959,50.16792653876926,48.66627703713217,0
1586,11.106575465461125,0.6650179821037111,2.800683397954487,6.094246741751008,0.1953257053699129,1.731225564419535,50.48138567464767,45.44077206575102,50.48178243342822,51.83713201934828,42.71300518778631,47.7489710084678,49.55258451057959,50.16792653876926,48.66627703713217,0
1587,11.060973912092235,0.6214377442006612,-6.01109319926774,5.818003618746224,0.12549098196392786,1.5189307313106672,50.48138567464767,45.44077206575102,50.48178243342822,51.83713201934828,42.71300518778631,47.7489710084678,49.55258451057959,50.16792653876926,48.66627703713217,0
1588,10.756435847678484,0.6758620689655173,-0.9051724137931035,5.766757273817589,0.16332961652203423,1.5413022944026327,50.48138567464767,45.44077206575102,50.48178243342822,51.83713201934828,42.71300518778631,47.7489710084678,49.55258451057959,50.16792653876926,48.66627703713217,0
1589,10.87129425400387,0.6515396195429041,-0.4926782537293007,5.821565510312585,0.13361834434512243,1.5414769153352623,50.48138567464767,45.44077206575102,50.48178243342822,51.83713201934828,42.71300518778631,47.7489710084678,49.55258451057959,50.16792653876926,48.66627703713217,0
1590,10.690459719637596,0.6416897934011717,0.1541782300339192,5.751301990624177,0.11099609466898791,1.5921955403087478,50.48138567464767,45.44077206575102,50.48178243342822,51.83713201934828,42.71300518778631,47.7489710084678,49.55258451057959,50.16792653876926,48.66627703713217,0
1591,10.725841161531715,0.6011443337024732,-0.8305647840531561,5.751937516543248,0.14644562821454812,1.5383619476498733,50.48138567464767,45.44077206575102,50.48178243342822,51.83713201934828,42.71300518778631,47.7489710084678,49.55258451057959,50.16792653876926,48.66627703713217,0
1592,10.887687368812122,0.6436897319063262,0.0,5.760792729372981,0.13806235614145218,1.5303158339495089,50.48138567464767,45.44077206575102,50.48178243342822,51.83713201934828,42.71300518778631,47.7489710084678,49.55258451057959,50.16792653876926,48.66627703713217,0
1593,10.97043544041179,0.6351228733459358,-0.7561436672967864,5.777961872830453,0.12050865586499228,1.5192524371723901,50.48138567464767,45.44077206575102,50.48178243342822,51.83713201934828,42.71300518778631,47.7489710084678,49.55258451057959,50.16792653876926,48.66627703713217,0
1594,10.904540300149316,0.6339276182342265,-1.4946087327853101,5.761736867916757,0.0883403129821468,1.4711064230122302,50.48138567464767,45.44077206575102,50.48178243342822,51.83713201934828,42.71300518778631,47.7489710084678,49.55258451057959,50.16792653876926,48.66627703713217,0
1595,11.1477026633957,0.6377436231059066,-0.16264129462470522,5.802420444553201,0.15944950571816244,1.5653490203800335,50.48138567464767,45.44077206575102,50.48178243342822,51.83713201934828,42.71300518778631,47.7489710084678,49.55258451057959,50.16792653876926,48.66627703713217,0
1596,10.933098041105998,0.6054391928939576,4.057462441057133,5.767695800399854,0.12965388213283444,1.5312634385482067,50.48138567464767,45.44077206575102,50.48178243342822,51.83713201934828,42.71300518778631,47.7489710084678,49.55258451057959,50.16792653876926,48.66627703713217,0
1597,11.440982532042153,0.6626102069962917,0.624007972619509,5.735281141715572,0.1619011495594328,1.6923060591906924,50.254441409368354,43.95528563700533,50.66919916065251,56.52192386320966,52.973052750431606,54.62163788996486,60.53378489527048,50.20154172963513,52.46635841694224,1
1598,11.142922090820162,0.6626515980070482,1.7790740065621582,5.518255786913298,0.16883406642442786,1.745319931585483,50.82195143405686,26.18257180453898,34.48627908103125,61.99411042894199,39.40399217430856,41.89870196917711,53.75263614010871,47.45006697037686,44.49878875031754,1
1599,11.284873637753378,0.639079649138273,2.089302243575616,5.598051520023959,0.19708583411671127,1.8512884944396921,50.48138567464767,45.44077206575102,50.48178243342822,51.83713201934828,42.71300518778631,47.7489710084678,49.55258451057959,50.16792653876926,48.66627703713217,0
1600,11.562753185929502,0.6653885976832977,5.743221380961626,5.552571912887299,0.2279331094783736,1.8392899577016302,50.48138567464767,45.44077206575102,50.48178243342822,51.83713201934828,42.71300518778631,47.7489710084678,49.55258451057959,50.16792653876926,48.66627703713217,0
1601,11.801808815598372,0.6295622186033145,0.31133250311332505,5.545177444479562,0.19896688741721855,1.7590173445095725,50.48138567464767,45.44077206575102,50.48178243342822,51.83713201934828,42.71300518778631,47.7489710084678,49.55258451057959,50.16792653876926,48.66627703713217,0
1602,10.837844110221909,0.630024522870242,-5.082276006681594,5.455748374496865,0.18323750991276763,1.7766110242252082,50.48138567464767,45.44077206575102,50.48178243342822,51.83713201934828,42.71300518778631,47.7489710084678,49.55258451057959,50.16792653876926,48.66627703713217,0
1603,11.068645721248137,0.6344246863273543,0.1676359463049169,5.474369310328396,0.176881370635437,1.7113227513227514,50.48138567464767,45.44077206575102,50.48178243342822,51.83713201934828,42.71300518778631,47.7489710084678,49.55258451057959,50.16792653876926,48.66627703713217,0
1604,10.98200937248569,0.6397986378442404,-0.6317244102260389,5.47058858748849,0.21830100574712644,1.8884887375589314,50.48138567464767,45.44077206575102,50.48178243342822,51.83713201934828,42.71300518778631,47.7489710084678,49.55258451057959,50.16792653876926,48.66627703713217,0
1605,10.881847509343824,0.5835550018519142,-4.242567089801003,5.476463551931511,0.13995381062355658,1.6590846047156727,50.48138567464767,45.44077206575102,50.48178243342822,51.83713201934828,42.71300518778631,47.7489710084678,49.55258451057959,50.16792653876926,48.66627703713217,0
1606,10.803455794405341,0.5635246703447196,-3.0520014086160345,5.452325179027384,0.14428835282923827,1.6779008361449317,50.48138567464767,45.44077206575102,50.48178243342822,51.83713201934828,42.71300518778631,47.7489710084678,49.55258451057959,50.16792653876926,48.66627703713217,0
1607,10.885906790851028,0.6077537058152793,-4.476540394442333,5.455748374496865,0.10159393781029527,1.648574580916112,50.48138567464767,45.44077206575102,50.48178243342822,51.83713201934828,42.71300518778631,47.7489710084678,49.55258451057959,50.16792653876926,48.66627703713217,0
1608,11.290235560742618,0.6246820424398655,0.14510814824931287,5.595454597770573,0.1653877834135345,1.5642116843263274,50.48138567464767,45.44077206575102,50.48178243342822,51.83713201934828,42.71300518778631,47.7489710084678,49.55258451057959,50.16792653876926,48.66627703713217,0
1609,11.011862035548962,0.617348600310029,-0.8597444214310836,5.450609176890295,0.15833671949072192,1.6784807775645392,50.48138567464767,45.44077206575102,50.48178243342822,51.83713201934828,42.71300518778631,47.7489710084678,49.55258451057959,50.16792653876926,48.66627703713217,0
1610,10.908761216607067,0.5807184438449524,0.03549623739883572,5.471429984256681,0.14016132244572793,1.6432702237521515,50.48138567464767,45.44077206575102,50.48178243342822,51.83713201934828,42.71300518778631,47.7489710084678,49.55258451057959,50.16792653876926,48.66627703713217,0
1611,10.972774011822409,0.6326204523107178,-1.884627990822681,5.5020742040620565,0.17427499771292654,1.6940624252571155,50.48138567464767,45.44077206575102,50.48178243342822,51.83713201934828,42.71300518778631,47.7489710084678,49.55258451057959,50.16792653876926,48.66627703713217,0
1612,11.079967878302552,0.6418049206999215,2.9108053966110696,5.474369310328396,0.1515444439562371,1.6370946671698552,50.48138567464767,45.44077206575102,50.48178243342822,51.83713201934828,42.71300518778631,47.7489710084678,49.55258451057959,50.16792653876926,48.66627703713217,0
1613,10.908986247138072,0.6074919975776452,-0.9083830781209448,5.453610250954072,0.10096153846153846,1.6552298930407001,50.48138567464767,45.44077206575102,50.48178243342822,51.83713201934828,42.71300518778631,47.7489710084678,49.55258451057959,50.16792653876926,48.66627703713217,0
1614,10.956368244843901,0.6076666787382754,-2.2272118205193205,5.448460024977757,0.15934755332496864,1.6587018309207482,50.48138567464767,45.44077206575102,50.48178243342822,51.83713201934828,42.71300518778631,47.7489710084678,49.55258451057959,50.16792653876926,48.66627703713217,0
1615,11.02758888452692,0.6481572481572482,-1.2887673265031756,5.469746482175568,0.20144645576044662,1.7743492802093936,50.48138567464767,45.44077206575102,50.48178243342822,51.83713201934828,42.71300518778631,47.7489710084678,49.55258451057959,50.16792653876926,48.66627703713217,0
1616,10.91733140149457,0.6283348666053358,-2.8773317152420286,5.459585514144159,0.1820945945945946,1.7260690110615817,50.48138567464767,45.44077206575102,50.48178243342822,51.83713201934828,42.71300518778631,47.7489710084678,49.55258451057959,50.16792653876926,48.66627703713217,0
1617,10.885552916248136,0.5973087740583467,-5.514807257486351,5.448460024977757,0.13862216836021254,1.6264402853136621,50.48138567464767,45.44077206575102,50.48178243342822,51.83713201934828,42.71300518778631,47.7489710084678,49.55258451057959,50.16792653876926,48.66627703713217,0
1618,11.137965798277968,0.622126467279404,1.188682048778417,5.45660234551375,0.13591829189389038,1.6353556550881698,50.48138567464767,45.44077206575102,50.48178243342822,51.83713201934828,42.71300518778631,47.7489710084678,49.55258451057959,50.16792653876926,48.66627703713217,0
1619,11.10135827698382,0.6292474231888346,0.9370222419490062,5.492238059185343,0.1427128173592199,1.6083167621944088,50.48138567464767,45.44077206575102,50.48178243342822,51.83713201934828,42.71300518778631,47.7489710084678,49.55258451057959,50.16792653876926,48.66627703713217,0
1620,11.382436297226182,0.6699936134503706,10.301653076683152,6.90875477931522,0.18340662562298446,1.7784199960290321,50.48138567464767,45.44077206575102,50.48178243342822,51.83713201934828,42.71300518778631,47.7489710084678,49.55258451057959,50.16792653876926,48.66627703713217,0
1621,10.96672133730242,0.6033454933712964,1.5719073464424473,5.472690753492817,0.151687357929708,1.694574955496542,50.48138567464767,45.44077206575102,50.48178243342822,51.83713201934828,42.71300518778631,47.7489710084678,49.55258451057959,50.16792653876926,48.66627703713217,0
1622,10.840390387913747,0.6168559070018924,-7.704785077047851,5.444579873526289,0.07213236661089421,1.5281202550865471,50.48138567464767,45.44077206575102,50.48178243342822,51.83713201934828,42.71300518778631,47.7489710084678,49.55258451057959,50.16792653876926,48.66627703713217,0
1623,10.851269199501623,0.6295352155580138,-1.5230949288955156,5.4258306868469965,0.16887085005472455,1.7340615317204469,50.48138567464767,45.44077206575102,50.48178243342822,51.83713201934828,42.71300518778631,47.7489710084678,49.55258451057959,50.16792653876926,48.66627703713217,0
1624,10.957311658414104,0.6496088657105606,-1.4395914819643632,5.489350863944013,0.145209979579153,1.6344937192456983,50.48138567464767,45.44077206575102,50.48178243342822,51.83713201934828,42.71300518778631,47.7489710084678,49.55258451057959,50.16792653876926,48.66627703713217,0
1625,10.974802297057108,0.6293445994360745,-1.8425289174677324,5.473530384104697,0.15640122151750058,1.6308804286871457,50.48138567464767,45.44077206575102,50.48178243342822,51.83713201934828,42.71300518778631,47.7489710084678,49.55258451057959,50.16792653876926,48.66627703713217,0
1626,10.834769354709241,0.6109353023909986,-4.219409282700422,5.47058858748849,0.12272888304063971,1.6058490184173244,50.48138567464767,45.44077206575102,50.48178243342822,51.83713201934828,42.71300518778631,47.7489710084678,49.55258451057959,50.16792653876926,48.66627703713217,0
1627,10.83473783034879,0.6437814187302179,-2.4204058834481477,5.486455308663431,0.12727527303276392,1.599067095020388,50.48138567464767,45.44077206575102,50.48178243342822,51.83713201934828,42.71300518778631,47.7489710084678,49.55258451057959,50.16792653876926,48.66627703713217,0
1628,11.00412944682728,0.6212865840240592,-3.594219907577202,5.483551344789026,0.18175973548861132,1.7555947985230373,50.48138567464767,45.44077206575102,50.48178243342822,51.83713201934828,42.71300518778631,47.7489710084678,49.55258451057959,50.16792653876926,48.66627703713217,0
1629,11.013647904903232,0.6446804830652464,0.7427077292474235,5.473530384104697,0.18474911465759095,1.618316891974181,50.48138567464767,45.44077206575102,50.48178243342822,51.83713201934828,42.71300518778631,47.7489710084678,49.55258451057959,50.16792653876926,48.66627703713217,0
1630,10.828256244729033,0.6247704770477047,-2.4842484248424843,5.471429984256681,0.15788157631526306,1.6939978376870226,50.48138567464767,45.44077206575102,50.48178243342822,51.83713201934828,42.71300518778631,47.7489710084678,49.55258451057959,50.16792653876926,48.66627703713217,0
1631,11.0010159206412,0.6151770039043052,-1.9652543039069257,5.474369310328396,0.12294251098131968,1.5353957462733112,50.48138567464767,45.44077206575102,50.48178243342822,51.83713201934828,42.71300518778631,47.7489710084678,49.55258451057959,50.16792653876926,48.66627703713217,0
1632,11.257106334306993,0.6554688914157362,-0.7425560449253178,5.493061443340548,0.15866305568399497,1.6882388202853376,58.60894714186503,41.46589162925503,50.552947699441546,50.08633942471001,57.80548097814289,43.795523642196144,55.87177647707904,49.58881696363716,50.97196549454085,1
1633,10.826521497757534,0.6452397910731245,3.60082304526749,5.528635121610247,0.08598186709176049,1.46805880387571,50.48138567464767,45.44077206575102,50.48178243342822,51.83713201934828,42.71300518778631,47.7489710084678,49.55258451057959,50.16792653876926,48.66627703713217,0
1634,10.717289197806899,0.614082099378595,-1.1781283928942687,5.4785534168509695,0.20336134453781513,1.6581984466865065,50.48138567464767,45.44077206575102,50.48178243342822,51.83713201934828,42.71300518778631,47.7489710084678,49.55258451057959,50.16792653876926,48.66627703713217,0
1635,10.698024124266023,0.6231748726655348,-2.8862478777589136,5.485211785187126,0.10928364570242063,1.5192116477272728,50.48138567464767,45.44077206575102,50.48178243342822,51.83713201934828,42.71300518778631,47.7489710084678,49.55258451057959,50.16792653876926,48.66627703713217,0
1636,10.687998499681706,0.630936041723854,-3.321438374965688,5.503704196272987,0.16332856461611828,1.6118660135882446,50.48138567464767,45.44077206575102,50.48178243342822,51.83713201934828,42.71300518778631,47.7489710084678,49.55258451057959,50.16792653876926,48.66627703713217,0
1637,10.65394091379574,0.6189097190468933,-3.2007315957933242,5.472690753492817,0.11617233381039332,1.602538255610272,50.48138567464767,45.44077206575102,50.48178243342822,51.83713201934828,42.71300518778631,47.7489710084678,49.55258451057959,50.16792653876926,48.66627703713217,0
1638,10.736781384070085,0.6369217770893473,-4.900373160599873,5.521860837883573,0.12483419307295505,1.5279669897825516,50.48138567464767,45.44077206575102,50.48178243342822,51.83713201934828,42.71300518778631,47.7489710084678,49.55258451057959,50.16792653876926,48.66627703713217,0
1639,10.860396098087048,0.6368348258567457,-5.113231534388578,5.512621969195042,0.12018051604041989,1.4799899320412786,50.48138567464767,45.44077206575102,50.48178243342822,51.83713201934828,42.71300518778631,47.7489710084678,49.55258451057959,50.16792653876926,48.66627703713217,0
1640,10.670087311955093,0.6077581353451188,-8.839094696543182,5.493061443340548,0.1351220300630354,1.5346504037107027,50.48138567464767,45.44077206575102,50.48178243342822,51.83713201934828,42.71300518778631,47.7489710084678,49.55258451057959,50.16792653876926,48.66627703713217,0
1641,10.888761289181891,0.6387580898320755,-0.4085230815541078,5.531411248715415,0.11494194336932165,1.4397772784995604,50.48138567464767,45.44077206575102,50.48178243342822,51.83713201934828,42.71300518778631,47.7489710084678,49.55258451057959,50.16792653876926,48.66627703713217,0
1642,10.737489556320213,0.6249853692793882,-0.7022745893644415,5.537727890326118,0.09475553698286669,1.3897550111358574,50.48138567464767,45.44077206575102,50.48178243342822,51.83713201934828,42.71300518778631,47.7489710084678,49.55258451057959,50.16792653876926,48.66627703713217,0
1643,10.831495370463628,0.6438375844009978,-0.7836069427575129,5.531411248715415,0.12388559649574851,1.5642198771039273,50.48138567464767,45.44077206575102,50.48178243342822,51.83713201934828,42.71300518778631,47.7489710084678,49.55258451057959,50.16792653876926,48.66627703713217,0
1644,10.82997610938673,0.6419984602933339,1.283088888450226,5.532203014394148,0.10957185162877077,1.519431096204083,50.48138567464767,45.44077206575102,50.48178243342822,51.83713201934828,42.71300518778631,47.7489710084678,49.55258451057959,50.16792653876926,48.66627703713217,0
1645,10.786827315270589,0.6390519144760431,-3.774225811930328,5.521860837883573,0.1343054489639294,1.5991674991674991,50.48138567464767,45.44077206575102,50.48178243342822,51.83713201934828,42.71300518778631,47.7489710084678,49.55258451057959,50.16792653876926,48.66627703713217,0
1646,10.664512983623816,0.6123834498834498,-3.438228438228438,5.460436216024472,0.1257200768081929,1.418012092219786,50.48138567464767,45.44077206575102,50.48178243342822,51.83713201934828,42.71300518778631,47.7489710084678,49.55258451057959,50.16792653876926,48.66627703713217,0
1647,10.746738664442002,0.6585651048191765,-4.983434950861661,5.5329941536759195,0.1129958812052894,1.4793212780042506,50.48138567464767,45.44077206575102,50.48178243342822,51.83713201934828,42.71300518778631,47.7489710084678,49.55258451057959,50.16792653876926,48.66627703713217,0
1648,10.689731100588862,0.6154314968308142,-1.7877458150495693,5.4988062272974405,0.09302058840396857,1.434314691182372,50.48138567464767,45.44077206575102,50.48178243342822,51.83713201934828,42.71300518778631,47.7489710084678,49.55258451057959,50.16792653876926,48.66627703713217,0
1649,10.826602943357381,0.6445603940118009,-3.681669673769932,5.469746482175568,0.17181193411148685,1.5444950480734476,50.48138567464767,45.44077206575102,50.48178243342822,51.83713201934828,42.71300518778631,47.7489710084678,49.55258451057959,50.16792653876926,48.66627703713217,0
1650,10.763040723175923,0.6477654069311588,-4.139877685432022,5.495937960631161,0.05343471421080231,1.361277718751071,50.48138567464767,45.44077206575102,50.48178243342822,51.83713201934828,42.71300518778631,47.7489710084678,49.55258451057959,50.16792653876926,48.66627703713217,0
1651,10.71856692685641,0.6585901224145209,-2.4905023216547066,5.495937960631161,0.05722170155159846,1.5885654156436337,50.48138567464767,45.44077206575102,50.48178243342822,51.83713201934828,42.71300518778631,47.7489710084678,49.55258451057959,50.16792653876926,48.66627703713217,0
1652,10.926413187691145,0.6351304399618806,0.15386753494282082,5.564520407322694,0.13237564322469983,1.5569601249099208,50.48138567464767,45.44077206575102,50.48178243342822,51.83713201934828,42.71300518778631,47.7489710084678,49.55258451057959,50.16792653876926,48.66627703713217,0
1653,10.779799684133096,0.6483378513339991,-0.6562990440861749,5.495116942522644,0.09142710472279261,1.4978170372626662,50.48138567464767,45.44077206575102,50.48178243342822,51.83713201934828,42.71300518778631,47.7489710084678,49.55258451057959,50.16792653876926,48.66627703713217,0
1654,10.773487194950746,0.652800963301497,-5.227005281738322,5.508578292031233,0.12926418846565704,1.5722693496416125,50.48138567464767,45.44077206575102,50.48178243342822,51.83713201934828,42.71300518778631,47.7489710084678,49.55258451057959,50.16792653876926,48.66627703713217,0
1655,10.712504829138487,0.6284260731319555,-3.7837837837837838,5.46848199307136,0.13750261014825643,1.5287832462110005,50.48138567464767,45.44077206575102,50.48178243342822,51.83713201934828,42.71300518778631,47.7489710084678,49.55258451057959,50.16792653876926,48.66627703713217,0
1656,10.709327055252704,0.6361810306948716,-3.5151591237210473,5.5154428455366835,0.08689126947161414,1.524878500347142,50.48138567464767,45.44077206575102,50.48178243342822,51.83713201934828,42.71300518778631,47.7489710084678,49.55258451057959,50.16792653876926,48.66627703713217,0
1657,10.684375427402497,0.6212398002679332,-4.993301668493484,5.466793516519938,0.1353970539373131,1.6051058040030077,50.48138567464767,45.44077206575102,50.48178243342822,51.83713201934828,42.71300518778631,47.7489710084678,49.55258451057959,50.16792653876926,48.66627703713217,0
1658,10.775617388624513,0.6344134278790055,-0.8826257367680939,5.517051209373546,0.11753902662993572,1.4828946496055162,50.48138567464767,45.44077206575102,50.48178243342822,51.83713201934828,42.71300518778631,47.7489710084678,49.55258451057959,50.16792653876926,48.66627703713217,0
1659,10.803673292426865,0.6729897473681582,-1.6359254217815353,5.473530384104697,0.13984545982402072,1.5759529230860219,50.48138567464767,45.44077206575102,50.48178243342822,51.83713201934828,42.71300518778631,47.7489710084678,49.55258451057959,50.16792653876926,48.66627703713217,0
1660,10.724803648304874,0.6367478866235704,-5.511354218465108,5.488524417615982,0.163362571616894,1.6460670471691925,50.48138567464767,45.44077206575102,50.48178243342822,51.83713201934828,42.71300518778631,47.7489710084678,49.55258451057959,50.16792653876926,48.66627703713217,0
1661,10.7447982398042,0.6288809412740373,-5.77929819105375,5.534179690270021,0.1089377886443901,1.4180861376540645,50.48138567464767,45.44077206575102,50.48178243342822,51.83713201934828,42.71300518778631,47.7489710084678,49.55258451057959,50.16792653876926,48.66627703713217,0
1662,10.702902836771267,0.6258015843078084,-9.86150778681899,5.5020742040620565,0.21500981901172975,1.7936881771078663,50.48138567464767,45.44077206575102,50.48178243342822,51.83713201934828,42.71300518778631,47.7489710084678,49.55258451057959,50.16792653876926,48.66627703713217,0
1663,10.704340496509237,0.6157139159349302,-6.072914799992036,5.4785534168509695,0.11841050310683504,1.465480965217963,50.48138567464767,45.44077206575102,50.48178243342822,51.83713201934828,42.71300518778631,47.7489710084678,49.55258451057959,50.16792653876926,48.66627703713217,0
1664,10.73026705812675,0.6412749721795348,-2.570081076784484,5.5093883366279774,0.13220501357177072,1.623123227011693,50.48138567464767,45.44077206575102,50.48178243342822,51.83713201934828,42.71300518778631,47.7489710084678,49.55258451057959,50.16792653876926,48.66627703713217,0
1665,11.256773066849027,0.6617037188116119,-1.1077118317583339,5.847016642742108,0.1852413355427846,1.7319006831854797,59.89541770818748,53.50092628459789,58.75502660015926,69.89616607648995,41.65517829415764,38.27856139915467,46.98508709565181,59.39035457510847,53.5445897541884,1
1666,11.055757504933062,0.631650489560988,-1.1681498630078797,5.790265934544339,0.12805770436964248,1.5018870467718022,50.48138567464767,45.44077206575102,50.48178243342822,51.83713201934828,42.71300518778631,47.7489710084678,49.55258451057959,50.16792653876926,48.66627703713217,0
1667,10.997973004180798,0.6692526083349885,-2.850767019896952,5.84035091743822,0.1953046349615431,1.733075169591607,50.48138567464767,45.44077206575102,50.48178243342822,51.83713201934828,42.71300518778631,47.7489710084678,49.55258451057959,50.16792653876926,48.66627703713217,0
1668,11.287020604749243,0.6871485307595696,1.340816257255683,5.836855428880563,0.1933717896902671,1.7402778876321547,50.48138567464767,45.44077206575102,50.48178243342822,51.83713201934828,42.71300518778631,47.7489710084678,49.55258451057959,50.16792653876926,48.66627703713217,0
1669,11.331709297008866,0.6484451510333863,-3.1414944356120826,5.64119759946458,0.09555993196669949,1.4188703584262417,50.48138567464767,45.44077206575102,50.48178243342822,51.83713201934828,42.71300518778631,47.7489710084678,49.55258451057959,50.16792653876926,48.66627703713217,0
1670,10.85424927392546,0.6343086745384179,-0.4930115611211083,5.660874973644924,0.17175261926558844,1.6415114161647288,50.48138567464767,45.44077206575102,50.48178243342822,51.83713201934828,42.71300518778631,47.7489710084678,49.55258451057959,50.16792653876926,48.66627703713217,0
1671,11.080196040273874,0.6379827444535744,-0.8627773212818406,5.658436372889324,0.1620497259201253,1.551588343397217,50.48138567464767,45.44077206575102,50.48178243342822,51.83713201934828,42.71300518778631,47.7489710084678,49.55258451057959,50.16792653876926,48.66627703713217,0
1672,11.215276554862376,0.6658048645799343,0.6840031125279249,5.64119759946458,0.20363548034492532,1.7652250922509225,50.48138567464767,45.44077206575102,50.48178243342822,51.83713201934828,42.71300518778631,47.7489710084678,49.55258451057959,50.16792653876926,48.66627703713217,0
1673,11.212417491172573,0.6635990747394427,2.15841677637963,5.633360010359655,0.22816212438853947,1.778712829346813,52.91718473723485,45.025619344949,40.91799329038843,55.36673493938482,33.67064102668661,26.929980864640587,17.240330754731513,35.65103240982928,38.46493967098064,1
1674,10.835226346294366,0.6386640454250915,-6.479884899671612,5.678806488586024,0.13487078678621087,1.7164936005795701,50.48138567464767,45.44077206575102,50.48178243342822,51.83713201934828,42.71300518778631,47.7489710084678,49.55258451057959,50.16792653876926,48.66627703713217,0
1675,10.793376812551259,0.6614456028333416,-3.1924976305681647,5.751937516543248,0.16952750092284977,1.6295392032635905,50.48138567464767,45.44077206575102,50.48178243342822,51.83713201934828,42.71300518778631,47.7489710084678,49.55258451057959,50.16792653876926,48.66627703713217,0
1676,11.070765770362481,0.6462063563115488,-3.2452999104744853,5.597310230145684,0.06041398874163379,1.3838462928386437,50.48138567464767,45.44077206575102,50.48178243342822,51.83713201934828,42.71300518778631,47.7489710084678,49.55258451057959,50.16792653876926,48.66627703713217,0
1678,10.68287206058667,0.6322373030908572,-11.289024991565672,5.604330395684541,0.19199441470793577,1.690067623030919,50.48138567464767,45.44077206575102,50.48178243342822,51.83713201934828,42.71300518778631,47.7489710084678,49.55258451057959,50.16792653876926,48.66627703713217,0
1679,10.633067910833862,0.6275468835822458,-4.655663955221929,5.6577385361547945,0.11368672234532129,1.5060741196370906,50.48138567464767,45.44077206575102,50.48178243342822,51.83713201934828,42.71300518778631,47.7489710084678,49.55258451057959,50.16792653876926,48.66627703713217,0
1680,10.881597486549092,0.6338247306390759,-4.084172857754094,5.741399338227508,0.20640986132511557,1.622525518094649,50.48138567464767,45.44077206575102,50.48178243342822,51.83713201934828,42.71300518778631,47.7489710084678,49.55258451057959,50.16792653876926,48.66627703713217,0
1681,10.821327084400133,0.6117032984309656,-4.119108260227023,5.793927824507547,0.13633412681237828,1.511088330770545,50.48138567464767,45.44077206575102,50.48178243342822,51.83713201934828,42.71300518778631,47.7489710084678,49.55258451057959,50.16792653876926,48.66627703713217,0
1682,10.823100758874212,0.6217559983426871,-5.047271083656636,5.674696893761104,0.11754144473038482,1.4910634495084898,50.48138567464767,45.44077206575102,50.48178243342822,51.83713201934828,42.71300518778631,47.7489710084678,49.55258451057959,50.16792653876926,48.66627703713217,0
1683,10.895490397812603,0.6323305986022486,-8.052263749620176,5.885826215084985,0.13195839471452167,1.638633657926066,50.48138567464767,45.44077206575102,50.48178243342822,51.83713201934828,42.71300518778631,47.7489710084678,49.55258451057959,50.16792653876926,48.66627703713217,0
1684,10.997305031119303,0.6320882088208821,-2.218078950752218,5.937008361311923,0.14844873162361452,1.3186640587956378,50.48138567464767,45.44077206575102,50.48178243342822,51.83713201934828,42.71300518778631,47.7489710084678,49.55258451057959,50.16792653876926,48.66627703713217,0
1685,10.88500406932799,0.5968316460442444,-5.155605549306337,5.767695800399854,0.12455076972590248,1.63283860998311,50.48138567464767,45.44077206575102,50.48178243342822,51.83713201934828,42.71300518778631,47.7489710084678,49.55258451057959,50.16792653876926,48.66627703713217,0
1686,10.913234018519868,0.6222755982563829,-9.385286006583044,5.5928509139489195,0.08779738250410639,1.50983958386381,50.48138567464767,45.44077206575102,50.48178243342822,51.83713201934828,42.71300518778631,47.7489710084678,49.55258451057959,50.16792653876926,48.66627703713217,0
1687,10.769867192235726,0.6357687683544553,-2.2862999389006053,5.705780477318874,0.09817763913971433,1.42435618553084,50.48138567464767,45.44077206575102,50.48178243342822,51.83713201934828,42.71300518778631,47.7489710084678,49.55258451057959,50.16792653876926,48.66627703713217,0
1688,10.885309437725484,0.6373768703773135,-11.86134496744947,5.604330395684541,0.15219415986413193,1.563420547895632,50.48138567464767,45.44077206575102,50.48178243342822,51.83713201934828,42.71300518778631,47.7489710084678,49.55258451057959,50.16792653876926,48.66627703713217,0
1689,10.730737212619426,0.6169352475827717,-2.754175212423088,5.751937516543248,0.12999844001871977,1.6202223766504518,50.48138567464767,45.44077206575102,50.48178243342822,51.83713201934828,42.71300518778631,47.7489710084678,49.55258451057959,50.16792653876926,48.66627703713217,0
1690,10.841347976977584,0.620258922323303,-4.933519944016795,5.763308453970228,0.11890816664824842,1.4792481529769665,50.48138567464767,45.44077206575102,50.48178243342822,51.83713201934828,42.71300518778631,47.7489710084678,49.55258451057959,50.16792653876926,48.66627703713217,0
1691,10.824168632711576,0.5883538633818589,-5.431131019036954,5.782285536144145,0.11583569241435092,1.4795793416408558,50.48138567464767,45.44077206575102,50.48178243342822,51.83713201934828,42.71300518778631,47.7489710084678,49.55258451057959,50.16792653876926,48.66627703713217,0
1692,11.090936079898228,0.6040975114700721,-4.926316679704843,5.625099952621732,0.15551324410595285,1.5569312659106689,50.48138567464767,45.44077206575102,50.48178243342822,51.83713201934828,42.71300518778631,47.7489710084678,49.55258451057959,50.16792653876926,48.66627703713217,0
1693,10.917705037997761,0.613610963049571,-5.3817981739713545,5.7375395714543345,0.11865359076514455,1.471979417488538,50.48138567464767,45.44077206575102,50.48178243342822,51.83713201934828,42.71300518778631,47.7489710084678,49.55258451057959,50.16792653876926,48.66627703713217,0
1694,10.882653548101748,0.6219409282700422,-1.862359959260876,5.725217755376266,0.09910111104907599,1.4997504456327986,50.48138567464767,45.44077206575102,50.48178243342822,51.83713201934828,42.71300518778631,47.7489710084678,49.55258451057959,50.16792653876926,48.66627703713217,0
1695,11.220672964003686,0.6564415605496867,10.508464439954377,6.261109932073611,0.3663590457948807,1.6512307050479766,50.48138567464767,45.44077206575102,50.48178243342822,51.83713201934828,42.71300518778631,47.7489710084678,49.55258451057959,50.16792653876926,48.66627703713217,0
1696,10.896515226363992,0.6331909173827469,-9.937112956651145,5.734634938138965,0.130997715156131,1.4632748979381798,50.48138567464767,45.44077206575102,50.48178243342822,51.83713201934828,42.71300518778631,47.7489710084678,49.55258451057959,50.16792653876926,48.66627703713217,0
1697,10.903700227342625,0.5978992728252087,-1.9342359767891684,5.724565013838729,0.11284693368788433,1.5116022492704106,50.48138567464767,45.44077206575102,50.48178243342822,51.83713201934828,42.71300518778631,47.7489710084678,49.55258451057959,50.16792653876926,48.66627703713217,0
1698,10.67267405328163,0.6226225840052467,-0.1543150341422013,5.774240938304763,0.12010429970200086,1.5486851198486888,50.48138567464767,45.44077206575102,50.48178243342822,51.83713201934828,42.71300518778631,47.7489710084678,49.55258451057959,50.16792653876926,48.66627703713217,0
1699,10.910877793588497,0.6288770784558333,2.7342481671992758,5.722277057292366,0.08073286052009457,1.435685437780995,50.48138567464767,45.44077206575102,50.48178243342822,51.83713201934828,42.71300518778631,47.7489710084678,49.55258451057959,50.16792653876926,48.66627703713217,0
1700,10.850148407927133,0.6342373475571582,-0.9390729471865374,5.6910349018336985,0.09866414221100242,1.4194476803947098,50.48138567464767,45.44077206575102,50.48178243342822,51.83713201934828,42.71300518778631,47.7489710084678,49.55258451057959,50.16792653876926,48.66627703713217,0
1701,10.736105328686053,0.636706217854051,-9.522839537607577,5.565286397402276,0.155155736119172,1.5401316213949288,50.48138567464767,45.44077206575102,50.48178243342822,51.83713201934828,42.71300518778631,47.7489710084678,49.55258451057959,50.16792653876926,48.66627703713217,0
1702,11.007210094920486,0.6611833010782416,-2.3960925260344665,5.82363743646448,0.09008454173898438,1.3836845102505695,50.48138567464767,45.44077206575102,50.48178243342822,51.83713201934828,42.71300518778631,47.7489710084678,49.55258451057959,50.16792653876926,48.66627703713217,0
1703,10.958985290227933,0.6219625115743638,-3.5286168322530593,5.720639591722624,0.12666929621907927,1.5515568135867368,50.48138567464767,45.44077206575102,50.48178243342822,51.83713201934828,42.71300518778631,47.7489710084678,49.55258451057959,50.16792653876926,48.66627703713217,0
1704,10.757313345248193,0.6890353988006964,-4.449029595718615,5.7595324897606925,0.21235396369810405,1.7227204783258594,50.48138567464767,45.44077206575102,50.48178243342822,51.83713201934828,42.71300518778631,47.7489710084678,49.55258451057959,50.16792653876926,48.66627703713217,0
1705,10.647522695347652,0.6115099549484087,-3.197209707891295,5.709764546333749,0.0936960035672482,1.4616861707909135,50.48138567464767,45.44077206575102,50.48178243342822,51.83713201934828,42.71300518778631,47.7489710084678,49.55258451057959,50.16792653876926,48.66627703713217,0
1706,10.739132061324618,0.6060799248397812,0.9395027346240311,5.754158681981268,0.09352396021699819,1.4213458274920683,50.48138567464767,45.44077206575102,50.48178243342822,51.83713201934828,42.71300518778631,47.7489710084678,49.55258451057959,50.16792653876926,48.66627703713217,0
1707,11.023176166806154,0.6589988099259981,-2.780800592150944,6.013715156042802,0.17468944099378883,1.7131100951439515,48.75526781515492,37.11951648809267,52.42781738348648,65.52257587916876,53.3218486658445,29.244481147472715,47.55325970951109,54.15945534668287,48.51302780442675,1
1708,10.858246791650695,0.6697227348111466,1.5416598537758985,5.940171252720432,0.14653224404658438,1.5792260000566203,50.48138567464767,45.44077206575102,50.48178243342822,51.83713201934828,42.71300518778631,47.7489710084678,49.55258451057959,50.16792653876926,48.66627703713217,0
1709,10.882388697942465,0.6568049815704233,-1.8429576678208421,5.945682354452854,0.1458684985279686,1.6912161977788087,50.48138567464767,45.44077206575102,50.48178243342822,51.83713201934828,42.71300518778631,47.7489710084678,49.55258451057959,50.16792653876926,48.66627703713217,0
1710,10.718128652675695,0.6558392106221649,-3.807820933081686,5.900718933801237,0.06793172592556365,1.4473338751015816,50.48138567464767,45.44077206575102,50.48178243342822,51.83713201934828,42.71300518778631,47.7489710084678,49.55258451057959,50.16792653876926,48.66627703713217,0
1711,10.870376337173374,0.6388803339835062,-2.600691236354926,5.893576046288857,0.11155984225780397,1.4421155324306747,50.48138567464767,45.44077206575102,50.48178243342822,51.83713201934828,42.71300518778631,47.7489710084678,49.55258451057959,50.16792653876926,48.66627703713217,0
1712,10.809788552780915,0.6231323176407192,1.763582031058639,5.872117789475416,0.06752377410614674,1.431789403532156,50.48138567464767,45.44077206575102,50.48178243342822,51.83713201934828,42.71300518778631,47.7489710084678,49.55258451057959,50.16792653876926,48.66627703713217,0
1713,10.87070331099557,0.6390393557355831,0.43142706485786875,5.841513370344478,0.0703013698630137,1.5257743570489957,50.48138567464767,45.44077206575102,50.48178243342822,51.83713201934828,42.71300518778631,47.7489710084678,49.55258451057959,50.16792653876926,48.66627703713217,0
1714,10.837496387653864,0.6514388280933356,-0.7527068496323316,5.856503561673865,0.11998292058070026,1.5716854554256865,50.48138567464767,45.44077206575102,50.48178243342822,51.83713201934828,42.71300518778631,47.7489710084678,49.55258451057959,50.16792653876926,48.66627703713217,0
1715,10.79562902417728,0.6189176510725404,4.904260309608086,5.891644211825771,0.10232607767819035,1.4782984955398748,50.48138567464767,45.44077206575102,50.48178243342822,51.83713201934828,42.71300518778631,47.7489710084678,49.55258451057959,50.16792653876926,48.66627703713217,0
1716,10.678475054862053,0.6581788312602675,6.805914104670265,5.883322388488279,0.15119284731210325,1.1467016193257233,50.48138567464767,45.44077206575102,50.48178243342822,51.83713201934828,42.71300518778631,47.7489710084678,49.55258451057959,50.16792653876926,48.66627703713217,0
1717,11.14192844802394,0.657506566983229,0.1212366134572641,5.863347044327539,0.1749386273881951,1.5842754900943885,50.48138567464767,45.44077206575102,50.48178243342822,51.83713201934828,42.71300518778631,47.7489710084678,49.55258451057959,50.16792653876926,48.66627703713217,0
1718,10.826181738466767,0.6394916911045944,-0.2932551319648094,5.8944028342648505,0.15234073234794251,1.6385750636132315,50.48138567464767,45.44077206575102,50.48178243342822,51.83713201934828,42.71300518778631,47.7489710084678,49.55258451057959,50.16792653876926,48.66627703713217,0
1719,10.904457610949489,0.6535490630863325,4.946514291283901,5.874649792516147,0.06667200576622753,1.6358704541737092,50.48138567464767,45.44077206575102,50.48178243342822,51.83713201934828,42.71300518778631,47.7489710084678,49.55258451057959,50.16792653876926,48.66627703713217,0
1720,10.759129787308837,0.6613031914893617,-8.377659574468085,5.878575765029364,0.24300483733282746,1.5137008147997797,50.48138567464767,45.44077206575102,50.48178243342822,51.83713201934828,42.71300518778631,47.7489710084678,49.55258451057959,50.16792653876926,48.66627703713217,0
1721,10.995753076367556,0.6421564841275971,1.8344017919209081,5.97609706997686,0.12701866357218838,1.5967762859181422,50.48138567464767,45.44077206575102,50.48178243342822,51.83713201934828,42.71300518778631,47.7489710084678,49.55258451057959,50.16792653876926,48.66627703713217,0
1722,10.753164010387568,0.6517804551539491,1.7670682730923695,5.867883485336628,0.10652410652410653,1.4873407718810254,50.48138567464767,45.44077206575102,50.48178243342822,51.83713201934828,42.71300518778631,47.7489710084678,49.55258451057959,50.16792653876926,48.66627703713217,0
1723,10.9982457570876,0.619857559275175,-3.00507858280494,5.977872593588515,0.23595402719904757,1.422756901264606,50.48138567464767,45.44077206575102,50.48178243342822,51.83713201934828,42.71300518778631,47.7489710084678,49.55258451057959,50.16792653876926,48.66627703713217,0
1724,10.85840843860256,0.648806893504198,2.4856385329209014,5.893576046288857,0.07016097750193949,1.5073349263482654,50.48138567464767,45.44077206575102,50.48178243342822,51.83713201934828,42.71300518778631,47.7489710084678,49.55258451057959,50.16792653876926,48.66627703713217,0
1725,10.836767152875773,0.6324618407133142,-5.591657850989875,5.896329351992943,0.1478580814717477,1.449610649778668,50.48138567464767,45.44077206575102,50.48178243342822,51.83713201934828,42.71300518778631,47.7489710084678,49.55258451057959,50.16792653876926,48.66627703713217,0
1726,11.094248969539484,0.6482810945451682,-1.259743327297063,6.341593110176681,0.18366996427589996,1.752210896648112,50.48138567464767,45.44077206575102,50.48178243342822,51.83713201934828,42.71300518778631,47.7489710084678,49.55258451057959,50.16792653876926,48.66627703713217,0
1727,10.88230039896583,0.6675061914956135,1.1333585190782018,5.8794150432993595,0.08797191411417524,1.468697176485319,50.48138567464767,45.44077206575102,50.48178243342822,51.83713201934828,42.71300518778631,47.7489710084678,49.55258451057959,50.16792653876926,48.66627703713217,0
1728,10.804788496798503,0.6535798495452674,2.769564729218908,5.882486384538237,0.08468197214904027,1.3874392300823495,50.48138567464767,45.44077206575102,50.48178243342822,51.83713201934828,42.71300518778631,47.7489710084678,49.55258451057959,50.16792653876926,48.66627703713217,0
1729,10.737954157618164,0.6631951267439575,-0.09825112988799371,5.853064177371955,0.15119284731210325,1.189368641764386,50.48138567464767,45.44077206575102,50.48178243342822,51.83713201934828,42.71300518778631,47.7489710084678,49.55258451057959,50.16792653876926,48.66627703713217,0
1730,10.908133424811984,0.6344295258480898,1.2972692482324706,5.86533426996377,0.120573710202795,1.5407422280226215,50.48138567464767,45.44077206575102,50.48178243342822,51.83713201934828,42.71300518778631,47.7489710084678,49.55258451057959,50.16792653876926,48.66627703713217,0
1731,10.689548862845554,0.6536593825875824,2.977222800323737,5.878575765029364,0.04197893192180703,1.503274647887324,50.48138567464767,45.44077206575102,50.48178243342822,51.83713201934828,42.71300518778631,47.7489710084678,49.55258451057959,50.16792653876926,48.66627703713217,0
1732,10.89152762002361,0.6418308963763509,0.12714558169103624,5.865901324132636,0.15732104121475055,1.4231914406308281,50.48138567464767,45.44077206575102,50.48178243342822,51.83713201934828,42.71300518778631,47.7489710084678,49.55258451057959,50.16792653876926,48.66627703713217,0
1733,11.00974884616917,0.6544974895753553,-2.8933707769551527,5.847882818629958,0.03650728080140452,1.4645079185520362,50.48138567464767,45.44077206575102,50.48178243342822,51.83713201934828,42.71300518778631,47.7489710084678,49.55258451057959,50.16792653876926,48.66627703713217,0
1734,11.106309695104668,1.0,-95.0998504442685,5.883879336428045,0.15119284731210325,1.6121311643414482,49.07562637126411,41.266557349227725,64.75847276362597,54.35395455875183,50.19913700613832,51.31483147138548,40.49768947656607,58.64436932455834,51.26382979018973,1
1735,10.864267785399448,1.0,-0.9550527907605408,5.919968545402912,0.15119284731210325,1.6121311643414482,50.48138567464767,45.44077206575102,50.48178243342822,51.83713201934828,42.71300518778631,47.7489710084678,49.55258451057959,50.16792653876926,48.66627703713217,0
1736,10.850951317061176,0.6682322801024765,10.555081127241673,5.894953646727139,0.15119284731210325,1.6121311643414482,50.48138567464767,45.44077206575102,50.48178243342822,51.83713201934828,42.71300518778631,47.7489710084678,49.55258451057959,50.16792653876926,48.66627703713217,0
1737,11.007004460537694,0.6729700826834294,0.8085761235295652,5.883322388488279,0.1113691437802908,1.4978979732697497,50.48138567464767,45.44077206575102,50.48178243342822,51.83713201934828,42.71300518778631,47.7489710084678,49.55258451057959,50.16792653876926,48.66627703713217,0
1738,10.780848249006132,0.6532115497937537,-0.2946375957572186,5.872117789475416,0.19518160058278697,1.6870566232426158,50.48138567464767,45.44077206575102,50.48178243342822,51.83713201934828,42.71300518778631,47.7489710084678,49.55258451057959,50.16792653876926,48.66627703713217,0
1739,10.740590044908153,0.6608404065807398,0.272451011212407,5.887214525734183,0.11084151317966251,1.5082074400357892,50.48138567464767,45.44077206575102,50.48178243342822,51.83713201934828,42.71300518778631,47.7489710084678,49.55258451057959,50.16792653876926,48.66627703713217,0
1740,11.041472786359384,0.6495483012802749,-2.0395721332372667,5.903998521326706,0.18958878060375564,1.6765042615443329,50.48138567464767,45.44077206575102,50.48178243342822,51.83713201934828,42.71300518778631,47.7489710084678,49.55258451057959,50.16792653876926,48.66627703713217,0
1741,10.773122640530676,0.6673151750972762,0.9727626459143969,5.896329351992943,0.20946678072426575,1.7206302618367189,50.48138567464767,45.44077206575102,50.48178243342822,51.83713201934828,42.71300518778631,47.7489710084678,49.55258451057959,50.16792653876926,48.66627703713217,0
1742,10.775558858483564,0.6518900948900288,2.730014750886154,5.883322388488279,0.1474709095226787,1.5056124383769436,50.48138567464767,45.44077206575102,50.48178243342822,51.83713201934828,42.71300518778631,47.7489710084678,49.55258451057959,50.16792653876926,48.66627703713217,0
1743,10.845911809606807,0.6549222243045701,1.6063826939037777,5.885826215084985,0.1655229662423907,1.61751024092203,50.48138567464767,45.44077206575102,50.48178243342822,51.83713201934828,42.71300518778631,47.7489710084678,49.55258451057959,50.16792653876926,48.66627703713217,0
1744,10.7833922697003,0.6339884947267498,-2.037392138063279,5.894953646727139,0.1663619744058501,1.600730217257709,50.48138567464767,45.44077206575102,50.48178243342822,51.83713201934828,42.71300518778631,47.7489710084678,49.55258451057959,50.16792653876926,48.66627703713217,0
1745,10.926440152941028,0.6416483539052391,0.0,5.891644211825771,0.13724141319836863,1.5120756471864827,50.48138567464767,45.44077206575102,50.48178243342822,51.83713201934828,42.71300518778631,47.7489710084678,49.55258451057959,50.16792653876926,48.66627703713217,0
1746,10.657903853061304,0.6412317275330286,-0.20093434470286833,5.86533426996377,0.07343955228142311,1.5066757959602877,50.48138567464767,45.44077206575102,50.48178243342822,51.83713201934828,42.71300518778631,47.7489710084678,49.55258451057959,50.16792653876926,48.66627703713217,0
1747,10.782358828019563,0.6540120166682818,0.1453629227638337,5.8794150432993595,0.14459369449378331,1.5093886082564014,50.48138567464767,45.44077206575102,50.48178243342822,51.83713201934828,42.71300518778631,47.7489710084678,49.55258451057959,50.16792653876926,48.66627703713217,0
1748,10.876997585285467,0.6648235991698784,-2.00118588793359,5.988710758911361,0.15119284731210325,1.6121311643414482,50.48138567464767,45.44077206575102,50.48178243342822,51.83713201934828,42.71300518778631,47.7489710084678,49.55258451057959,50.16792653876926,48.66627703713217,0
1749,10.760735036562671,0.6473950318751374,1.9784568036931194,5.861925175752996,0.11578614362543499,1.5385128654239126,50.48138567464767,45.44077206575102,50.48178243342822,51.83713201934828,42.71300518778631,47.7489710084678,49.55258451057959,50.16792653876926,48.66627703713217,0
1750,10.735685553118438,0.6259282767375436,-1.0790225325293556,5.883879336428045,0.13746442882861956,1.4802763865023947,50.48138567464767,45.44077206575102,50.48178243342822,51.83713201934828,42.71300518778631,47.7489710084678,49.55258451057959,50.16792653876926,48.66627703713217,0
1751,10.619980097091064,0.6392306251170924,1.2489851995253856,5.8667513029343406,0.14581994508383478,1.5602703864337906,50.48138567464767,45.44077206575102,50.48178243342822,51.83713201934828,42.71300518778631,47.7489710084678,49.55258451057959,50.16792653876926,48.66627703713217,0
1752,10.820969574542335,0.6473560121252947,-3.452340855506905,5.902906520126191,0.12014716380209764,1.4938860103626943,50.48138567464767,45.44077206575102,50.48178243342822,51.83713201934828,42.71300518778631,47.7489710084678,49.55258451057959,50.16792653876926,48.66627703713217,0
1753,10.779150021122922,0.6608536025699863,0.2039671612870328,5.900718933801237,0.13749239533211657,1.5296923778455926,50.48138567464767,45.44077206575102,50.48178243342822,51.83713201934828,42.71300518778631,47.7489710084678,49.55258451057959,50.16792653876926,48.66627703713217,0
1754,10.590103450629886,0.6567135865235042,-1.5555639867966764,5.85392513308592,0.12209001551991723,1.4791235698906573,50.48138567464767,45.44077206575102,50.48178243342822,51.83713201934828,42.71300518778631,47.7489710084678,49.55258451057959,50.16792653876926,48.66627703713217,0
1755,11.088480880684026,0.6548608196950623,0.9092180724576864,5.899623343442402,0.11513703306349361,1.5208295156068659,50.48138567464767,45.44077206575102,50.48178243342822,51.83713201934828,42.71300518778631,47.7489710084678,49.55258451057959,50.16792653876926,48.66627703713217,0
1756,10.846527317702835,0.6454443682062764,0.9569896356216822,5.8667513029343406,0.11122289291303376,1.4250525041825366,50.48138567464767,45.44077206575102,50.48178243342822,51.83713201934828,42.71300518778631,47.7489710084678,49.55258451057959,50.16792653876926,48.66627703713217,0
1757,10.773415970625514,0.6607211354046797,1.5726889144610663,5.887769310769217,0.09850395024373844,1.4977019748653502,50.48138567464767,45.44077206575102,50.48178243342822,51.83713201934828,42.71300518778631,47.7489710084678,49.55258451057959,50.16792653876926,48.66627703713217,0
1758,10.980261443132179,0.6558529311841758,3.835264806915556,5.879974171074619,0.1829651843183148,1.7543123787553085,50.48138567464767,45.44077206575102,50.48178243342822,51.83713201934828,42.71300518778631,47.7489710084678,49.55258451057959,50.16792653876926,48.66627703713217,0
1759,10.764994695498858,0.6469888709387902,0.044875246813857475,5.8687317817256845,0.13006731855928455,1.5541363917760906,50.48138567464767,45.44077206575102,50.48178243342822,51.83713201934828,42.71300518778631,47.7489710084678,49.55258451057959,50.16792653876926,48.66627703713217,0
1760,10.56012633827955,0.6584194707132908,-2.1625980499963346,5.861925175752996,0.13373536715147216,1.6324611610793132,50.48138567464767,45.44077206575102,50.48178243342822,51.83713201934828,42.71300518778631,47.7489710084678,49.55258451057959,50.16792653876926,48.66627703713217,0
1761,10.838168149521874,0.6677657187342584,-2.6560424966799467,5.9048167403823095,0.19556472954377052,1.6537395185285366,50.48138567464767,45.44077206575102,50.48178243342822,51.83713201934828,42.71300518778631,47.7489710084678,49.55258451057959,50.16792653876926,48.66627703713217,0
1762,10.796820765673596,0.6497981262984595,-1.5287523029281487,5.8794150432993595,0.15123916763261025,1.5315364063715378,50.48138567464767,45.44077206575102,50.48178243342822,51.83713201934828,42.71300518778631,47.7489710084678,49.55258451057959,50.16792653876926,48.66627703713217,0
1763,10.595649247664781,0.6516379250640626,-0.27702749497887663,5.8794150432993595,0.1101863354037267,1.4225583438371339,50.48138567464767,45.44077206575102,50.48178243342822,51.83713201934828,42.71300518778631,47.7489710084678,49.55258451057959,50.16792653876926,48.66627703713217,0
1764,11.065930299224274,0.6638915748424733,-3.275387574247431,5.784440377673656,0.18188449462433795,1.7466395472232048,52.59769998375908,41.76419664454303,43.55204771998127,60.26760450007487,51.68018563622525,43.666827412652616,48.61756317333047,48.74305641036346,48.86114768511625,1
1765,11.049612999872922,0.6516849344634285,1.044151874515111,5.796665468802915,0.18530447157516292,1.7234907967563393,50.48138567464767,45.44077206575102,50.48178243342822,51.83713201934828,42.71300518778631,47.7489710084678,49.55258451057959,50.16792653876926,48.66627703713217,0
1766,10.774494266520138,0.6428391896647062,-4.47393555522043,5.736894826106403,0.11912008854454897,1.5320662243739167,50.48138567464767,45.44077206575102,50.48178243342822,51.83713201934828,42.71300518778631,47.7489710084678,49.55258451057959,50.16792653876926,48.66627703713217,0
1767,10.900727657861232,0.6530339551456718,3.9561936700901277,5.898252165385803,0.2538547857528781,1.6555489162909447,50.48138567464767,45.44077206575102,50.48178243342822,51.83713201934828,42.71300518778631,47.7489710084678,49.55258451057959,50.16792653876926,48.66627703713217,0
1768,10.680162131407338,0.6194175874769797,-7.769337016574585,5.705780477318874,0.1272038467142649,1.4926357506210812,50.48138567464767,45.44077206575102,50.48178243342822,51.83713201934828,42.71300518778631,47.7489710084678,49.55258451057959,50.16792653876926,48.66627703713217,0
1769,10.8373293592557,0.6166060920733818,-3.374870197300104,5.719983853994209,0.1100720390174057,1.4663749424228467,50.48138567464767,45.44077206575102,50.48178243342822,51.83713201934828,42.71300518778631,47.7489710084678,49.55258451057959,50.16792653876926,48.66627703713217,0
1770,11.03988522990023,0.6314079932212965,-0.8002636162500588,5.726196069493101,0.14496430721596285,1.5043775535729176,50.48138567464767,45.44077206575102,50.48178243342822,51.83713201934828,42.71300518778631,47.7489710084678,49.55258451057959,50.16792653876926,48.66627703713217,0
1771,10.567455633758257,0.6394016549968173,-3.5805219605346914,5.705114919889979,0.16883182786968437,1.635600012824212,50.48138567464767,45.44077206575102,50.48178243342822,51.83713201934828,42.71300518778631,47.7489710084678,49.55258451057959,50.16792653876926,48.66627703713217,0
1772,10.7181397225699,0.6407877932378839,-1.0754856489883713,5.780743515792329,0.15119284731210325,1.137386641954061,50.48138567464767,45.44077206575102,50.48178243342822,51.83713201934828,42.71300518778631,47.7489710084678,49.55258451057959,50.16792653876926,48.66627703713217,0
1773,10.626955380981844,0.6247851949768671,4.49438202247191,5.745244264463795,0.13239126077370214,1.44974906295661,50.48138567464767,45.44077206575102,50.48178243342822,51.83713201934828,42.71300518778631,47.7489710084678,49.55258451057959,50.16792653876926,48.66627703713217,0
1774,10.796370446143815,0.6268136126922611,-2.930846554438658,5.744604469176457,0.07606919750120135,1.5296229802513466,50.48138567464767,45.44077206575102,50.48178243342822,51.83713201934828,42.71300518778631,47.7489710084678,49.55258451057959,50.16792653876926,48.66627703713217,0
1775,10.566925244501912,0.6193832029482124,1.6809982543479667,5.718342625987531,0.15241287524030167,1.6100739371534196,50.48138567464767,45.44077206575102,50.48178243342822,51.83713201934828,42.71300518778631,47.7489710084678,49.55258451057959,50.16792653876926,48.66627703713217,0
1776,10.873360756629772,0.6305751809631138,-3.4675566728793727,5.7595324897606925,0.12755716004813478,1.343627275972867,50.48138567464767,45.44077206575102,50.48178243342822,51.83713201934828,42.71300518778631,47.7489710084678,49.55258451057959,50.16792653876926,48.66627703713217,0
1777,10.666389314408423,0.6078042550331059,-3.9995966793264546,5.717685379825192,0.1367683011209004,1.5945628258838422,50.48138567464767,45.44077206575102,50.48178243342822,51.83713201934828,42.71300518778631,47.7489710084678,49.55258451057959,50.16792653876926,48.66627703713217,0
1778,10.736537969836538,0.651252949769637,2.284900925197588,5.705114919889979,0.14884967998616155,1.6297188305141705,50.48138567464767,45.44077206575102,50.48178243342822,51.83713201934828,42.71300518778631,47.7489710084678,49.55258451057959,50.16792653876926,48.66627703713217,0
1779,10.700805541332596,0.6368063653199808,-3.7725495575828245,5.697093486505405,0.15119284731210325,1.1990354973598267,50.48138567464767,45.44077206575102,50.48178243342822,51.83713201934828,42.71300518778631,47.7489710084678,49.55258451057959,50.16792653876926,48.66627703713217,0
1780,10.880950520964277,0.6388843581797423,-5.246561191757734,5.6798312538336875,0.09992814156112459,1.464325386652995,50.48138567464767,45.44077206575102,50.48178243342822,51.83713201934828,42.71300518778631,47.7489710084678,49.55258451057959,50.16792653876926,48.66627703713217,0
1781,10.92090424699011,0.6038188064232644,-9.507070384277382,5.731397641689174,0.09482597305389222,1.4040237743114659,50.48138567464767,45.44077206575102,50.48178243342822,51.83713201934828,42.71300518778631,47.7489710084678,49.55258451057959,50.16792653876926,48.66627703713217,0
1782,10.721479443002716,0.6206060606060606,-5.151515151515151,5.723911845951367,0.11690242364176953,1.4707027942421675,50.48138567464767,45.44077206575102,50.48178243342822,51.83713201934828,42.71300518778631,47.7489710084678,49.55258451057959,50.16792653876926,48.66627703713217,0
1783,10.881196943836576,0.6640305920419962,15.578861623052642,6.028760331851679,0.19576401989367176,1.7651567805866115,50.48138567464767,45.44077206575102,50.48178243342822,51.83713201934828,42.71300518778631,47.7489710084678,49.55258451057959,50.16792653876926,48.66627703713217,0
1784,10.67488429558375,0.6294416243654822,-7.06544107559336,5.7375395714543345,0.09487251070165643,1.475714117091596,50.48138567464767,45.44077206575102,50.48178243342822,51.83713201934828,42.71300518778631,47.7489710084678,49.55258451057959,50.16792653876926,48.66627703713217,0
1785,10.786109809018491,0.5851470690494402,-4.867533551213406,5.709101636133801,0.10576757036781212,1.5246976090014064,50.48138567464767,45.44077206575102,50.48178243342822,51.83713201934828,42.71300518778631,47.7489710084678,49.55258451057959,50.16792653876926,48.66627703713217,0
1786,10.829902857508133,0.6499869417602507,2.1937842778793417,5.694068782468562,0.100921947726459,1.444694007708732,50.48138567464767,45.44077206575102,50.48178243342822,51.83713201934828,42.71300518778631,47.7489710084678,49.55258451057959,50.16792653876926,48.66627703713217,0
1787,10.852932556942442,0.683254857390269,-1.515397521242626,5.711419901785413,0.1437484084542908,1.540488790787969,50.48138567464767,45.44077206575102,50.48178243342822,51.83713201934828,42.71300518778631,47.7489710084678,49.55258451057959,50.16792653876926,48.66627703713217,0
1788,10.662401405996425,0.6200780234070221,-6.293888166449935,5.727824469136439,0.16242618000976866,1.6167271078875793,50.48138567464767,45.44077206575102,50.48178243342822,51.83713201934828,42.71300518778631,47.7489710084678,49.55258451057959,50.16792653876926,48.66627703713217,0
1789,10.578824569525072,0.6755043836484631,3.908313087567339,5.7551091018215415,0.16399268356414948,1.5935701060427538,50.48138567464767,45.44077206575102,50.48178243342822,51.83713201934828,42.71300518778631,47.7489710084678,49.55258451057959,50.16792653876926,48.66627703713217,0
1790,11.372677854677496,0.6697189270159085,3.2445183410170637,5.790877181507135,0.15119284731210325,1.6121311643414482,55.97541552586118,59.77967134806927,56.67786426330599,73.15723868139786,48.44602578516788,43.060357881472726,43.42376635305623,45.22923290459466,53.218696592865726,1
1791,11.040525366484557,0.6542714939989326,0.4840571435663841,5.947512659578799,0.15119284731210325,1.6121311643414482,58.94409451874798,44.1927564046441,47.48659752700657,55.863088514225936,29.88206366756385,50.0716500885428,42.06891159361562,36.31834903724752,45.603438918949294,1
1792,11.135883077113577,0.667430441898527,-1.576783361941639,5.844992643207725,0.15119284731210325,1.6121311643414482,61.14116812929623,37.06339405296137,45.75925974387902,51.39817300639292,36.11566218226244,31.6786476005536,33.31044010336189,41.26748132325044,42.21677826774474,1
1793,11.216201302423078,0.660361727308591,-2.3852153066488633,5.763308453970228,0.15119284731210325,1.6121311643414482,51.51860490587675,43.542927716063005,48.826779902158016,57.968704585252304,43.46584691889961,33.96438004600428,48.59103143188993,40.82334504219438,46.08770256854229,1
1794,10.747659102532259,0.65943953051802,2.4945458235383655,5.80302430930585,0.15119284731210325,1.6121311643414482,50.48138567464767,45.44077206575102,50.48178243342822,51.83713201934828,42.71300518778631,47.7489710084678,49.55258451057959,50.16792653876926,48.66627703713217,0
1795,10.697646807974474,0.6691491910019381,0.2286535571960541,5.787204082795274,0.15119284731210325,1.6121311643414482,50.48138567464767,45.44077206575102,50.48178243342822,51.83713201934828,42.71300518778631,47.7489710084678,49.55258451057959,50.16792653876926,48.66627703713217,0
1796,10.974120374488859,0.6574350015414654,-1.5928476004521632,5.810841546949609,0.15119284731210325,1.6121311643414482,50.48138567464767,45.44077206575102,50.48178243342822,51.83713201934828,42.71300518778631,47.7489710084678,49.55258451057959,50.16792653876926,48.66627703713217,0
1797,11.088953150146216,0.6639178206258789,-3.5333794122554045,5.807541708947054,0.15119284731210325,1.6121311643414482,50.48138567464767,45.44077206575102,50.48178243342822,51.83713201934828,42.71300518778631,47.7489710084678,49.55258451057959,50.16792653876926,48.66627703713217,0
1798,11.064597218123552,0.6840848897174389,2.573830338830603,5.823045895483019,0.15119284731210325,1.6121311643414482,53.42454201087234,42.62929508061974,44.25518023775037,60.6925071676604,38.910809411679566,23.342443176860225,50.17111753071145,39.11713610386303,44.06787884000214,1
1799,10.889039386586834,0.6741440319699199,2.406602654645137,5.809642865355679,0.15119284731210325,1.6121311643414482,46.45909911244549,35.918109097070214,48.02785356724488,42.55182820142124,29.032194611209743,28.323504140824248,36.76276333893136,38.63911047379849,38.21430781786821,1
1800,11.14634447491203,0.6539811194418497,2.4158682659480375,5.760792729372981,0.15119284731210325,1.6121311643414482,41.67196105921784,37.34392759592009,47.68153504896326,55.44393246997597,36.311508195403626,34.920895704781415,53.94732952387972,40.68101509542058,43.50026308669531,1
1801,11.033813278480489,0.6679878454559195,-0.3541691575060175,5.813831979800159,0.15119284731210325,1.6121311643414482,44.162448980490346,41.213935989340015,41.41734926682898,55.85933973097057,32.61327380188953,26.21306671982904,25.796230262454376,31.25785697564918,37.3166877159315,1
1802,10.874876132297183,0.6679082652091922,1.1604890899987366,5.9137732393921105,0.15119284731210325,1.6121311643414482,50.48138567464767,45.44077206575102,50.48178243342822,51.83713201934828,42.71300518778631,47.7489710084678,49.55258451057959,50.16792653876926,48.66627703713217,0
1803,11.285168789542038,0.6764803108975392,4.761021704776341,5.8519150821578965,0.15119284731210325,1.6121311643414482,50.48138567464767,45.44077206575102,50.48178243342822,51.83713201934828,42.71300518778631,47.7489710084678,49.55258451057959,50.16792653876926,48.66627703713217,0
1804,11.283810369423058,0.6501711506590462,0.774437371249787,5.784440377673656,0.15119284731210325,1.6121311643414482,50.48138567464767,45.44077206575102,50.48178243342822,51.83713201934828,42.71300518778631,47.7489710084678,49.55258451057959,50.16792653876926,48.66627703713217,0
1805,10.914732037065635,0.6576617147875233,-1.2609559622388724,5.789654313730165,0.15119284731210325,1.6121311643414482,50.48138567464767,45.44077206575102,50.48178243342822,51.83713201934828,42.71300518778631,47.7489710084678,49.55258451057959,50.16792653876926,48.66627703713217,0
1806,10.654311484797962,0.66043802246851,-1.3239021068956387,5.7829016791088,0.15119284731210325,1.6121311643414482,50.48138567464767,45.44077206575102,50.48178243342822,51.83713201934828,42.71300518778631,47.7489710084678,49.55258451057959,50.16792653876926,48.66627703713217,0
1807,10.747003269627871,0.6441049277341527,-3.414134516899966,5.8045323777563445,0.15119284731210325,1.6121311643414482,50.48138567464767,45.44077206575102,50.48178243342822,51.83713201934828,42.71300518778631,47.7489710084678,49.55258451057959,50.16792653876926,48.66627703713217,0
1808,10.910485157966654,0.6830724796065727,-1.346551656843995,5.777961872830453,0.15119284731210325,1.6121311643414482,50.48138567464767,45.44077206575102,50.48178243342822,51.83713201934828,42.71300518778631,47.7489710084678,49.55258451057959,50.16792653876926,48.66627703713217,0
1809,10.742933956462906,0.6519130114264652,2.4327312937707335,5.768320995793772,0.15119284731210325,1.6121311643414482,50.48138567464767,45.44077206575102,50.48178243342822,51.83713201934828,42.71300518778631,47.7489710084678,49.55258451057959,50.16792653876926,48.66627703713217,0
1810,10.786165656509349,0.6475278319468786,-1.7032410950112316,5.760792729372981,0.15119284731210325,1.6121311643414482,50.48138567464767,45.44077206575102,50.48178243342822,51.83713201934828,42.71300518778631,47.7489710084678,49.55258451057959,50.16792653876926,48.66627703713217,0
1811,10.788172027563338,0.6494828049435787,-3.089736700698549,5.783825182329737,0.15119284731210325,1.6121311643414482,50.48138567464767,45.44077206575102,50.48178243342822,51.83713201934828,42.71300518778631,47.7489710084678,49.55258451057959,50.16792653876926,48.66627703713217,0
1812,10.692285763895006,0.6868886441666127,-0.6801839735699942,5.739792912179234,0.15119284731210325,1.6121311643414482,50.48138567464767,45.44077206575102,50.48178243342822,51.83713201934828,42.71300518778631,47.7489710084678,49.55258451057959,50.16792653876926,48.66627703713217,0
1813,10.882118140253782,0.6494488037356183,-0.3273479998074424,5.787204082795274,0.15119284731210325,1.6121311643414482,50.48138567464767,45.44077206575102,50.48178243342822,51.83713201934828,42.71300518778631,47.7489710084678,49.55258451057959,50.16792653876926,48.66627703713217,0
1814,10.805695587079649,0.6444742841082972,-1.452081316553727,5.766757273817589,0.15119284731210325,1.6121311643414482,50.48138567464767,45.44077206575102,50.48178243342822,51.83713201934828,42.71300518778631,47.7489710084678,49.55258451057959,50.16792653876926,48.66627703713217,0
1815,10.9609027763539,0.6631481771785894,1.9334273919632128,5.798183150077685,0.15119284731210325,1.6121311643414482,50.48138567464767,45.44077206575102,50.48178243342822,51.83713201934828,42.71300518778631,47.7489710084678,49.55258451057959,50.16792653876926,48.66627703713217,0
1816,10.849964074519868,0.6552244987453407,-3.0209272297610057,5.806639860095909,0.15119284731210325,1.6121311643414482,50.48138567464767,45.44077206575102,50.48178243342822,51.83713201934828,42.71300518778631,47.7489710084678,49.55258451057959,50.16792653876926,48.66627703713217,0
1817,10.809052973337504,0.6645959504067788,-2.729186702362696,5.796057750765372,0.15119284731210325,1.6121311643414482,50.48138567464767,45.44077206575102,50.48178243342822,51.83713201934828,42.71300518778631,47.7489710084678,49.55258451057959,50.16792653876926,48.66627703713217,0
1818,10.695853174776667,0.6631350311712428,-1.0279877967900253,5.783825182329737,0.15119284731210325,1.6121311643414482,50.48138567464767,45.44077206575102,50.48178243342822,51.83713201934828,42.71300518778631,47.7489710084678,49.55258451057959,50.16792653876926,48.66627703713217,0
1819,11.16568869812548,0.6672459883716872,1.7658842333759102,5.808742910292688,0.15119284731210325,1.6121311643414482,50.48138567464767,45.44077206575102,50.48178243342822,51.83713201934828,42.71300518778631,47.7489710084678,49.55258451057959,50.16792653876926,48.66627703713217,0
1820,10.866978614033673,0.6541298780720866,-2.7519779841761265,5.7551091018215415,0.15119284731210325,1.6121311643414482,50.48138567464767,45.44077206575102,50.48178243342822,51.83713201934828,42.71300518778631,47.7489710084678,49.55258451057959,50.16792653876926,48.66627703713217,0
1821,10.682656453870832,0.6490157824238542,-3.508823015549473,5.767695800399854,0.15119284731210325,1.6121311643414482,50.48138567464767,45.44077206575102,50.48178243342822,51.83713201934828,42.71300518778631,47.7489710084678,49.55258451057959,50.16792653876926,48.66627703713217,0
1822,10.79262289166491,0.6494468942652524,3.2287073252651766,5.763936397475948,0.15119284731210325,1.6121311643414482,50.48138567464767,45.44077206575102,50.48178243342822,51.83713201934828,42.71300518778631,47.7489710084678,49.55258451057959,50.16792653876926,48.66627703713217,0
1823,10.934623676079324,0.6688290217442647,1.8658185196265216,5.807541708947054,0.15119284731210325,1.6121311643414482,50.48138567464767,45.44077206575102,50.48178243342822,51.83713201934828,42.71300518778631,47.7489710084678,49.55258451057959,50.16792653876926,48.66627703713217,0
1824,10.795696635143806,0.6668261944643854,-4.2673685889766295,5.782285536144145,0.15119284731210325,1.6121311643414482,50.48138567464767,45.44077206575102,50.48178243342822,51.83713201934828,42.71300518778631,47.7489710084678,49.55258451057959,50.16792653876926,48.66627703713217,0
1825,10.888867684571526,0.6585614402581594,1.4861154357856596,5.785976712282188,0.15119284731210325,1.6121311643414482,50.48138567464767,45.44077206575102,50.48178243342822,51.83713201934828,42.71300518778631,47.7489710084678,49.55258451057959,50.16792653876926,48.66627703713217,0
1826,11.15614194370862,0.6761953823818667,8.3641642860488,5.82982758150686,0.15119284731210325,1.6121311643414482,50.48138567464767,45.44077206575102,50.48178243342822,51.83713201934828,42.71300518778631,47.7489710084678,49.55258451057959,50.16792653876926,48.66627703713217,0
1827,10.830011743495701,0.6576144745998608,2.922755741127349,5.7720639820726065,0.15119284731210325,1.6121311643414482,50.48138567464767,45.44077206575102,50.48178243342822,51.83713201934828,42.71300518778631,47.7489710084678,49.55258451057959,50.16792653876926,48.66627703713217,0
1828,10.720715673032517,0.6573588770407855,-1.506114826194349,5.781669013313272,0.15119284731210325,1.6121311643414482,50.48138567464767,45.44077206575102,50.48178243342822,51.83713201934828,42.71300518778631,47.7489710084678,49.55258451057959,50.16792653876926,48.66627703713217,0
1829,11.09927948459329,0.6879491203436029,-0.13077833760083699,5.826295049131593,0.15119284731210325,1.6121311643414482,50.48138567464767,45.44077206575102,50.48178243342822,51.83713201934828,42.71300518778631,47.7489710084678,49.55258451057959,50.16792653876926,48.66627703713217,0
1830,10.783840177604654,0.6623531599665251,-2.557108762359359,5.760162808092309,0.15119284731210325,1.6121311643414482,50.48138567464767,45.44077206575102,50.48178243342822,51.83713201934828,42.71300518778631,47.7489710084678,49.55258451057959,50.16792653876926,48.66627703713217,0
1831,10.870345915567947,0.6501753094550878,-3.951726943416694,5.770506106699109,0.15119284731210325,1.6121311643414482,50.48138567464767,45.44077206575102,50.48178243342822,51.83713201934828,42.71300518778631,47.7489710084678,49.55258451057959,50.16792653876926,48.66627703713217,0
1832,10.865212346975163,0.682004583283078,0.2713786033047883,5.767695800399854,0.15119284731210325,1.6121311643414482,50.48138567464767,45.44077206575102,50.48178243342822,51.83713201934828,42.71300518778631,47.7489710084678,49.55258451057959,50.16792653876926,48.66627703713217,0
1833,10.688899370850784,0.6410601701658811,-2.1423762012609417,5.736894826106403,0.15119284731210325,1.6121311643414482,50.48138567464767,45.44077206575102,50.48178243342822,51.83713201934828,42.71300518778631,47.7489710084678,49.55258451057959,50.16792653876926,48.66627703713217,0
1834,10.888501786287165,0.6537462400875034,1.2533041655272994,5.813831979800159,0.15119284731210325,1.6121311643414482,50.48138567464767,45.44077206575102,50.48178243342822,51.83713201934828,42.71300518778631,47.7489710084678,49.55258451057959,50.16792653876926,48.66627703713217,0
1835,10.90626969290639,0.6570383077154839,2.0750215034429806,5.765504533284198,0.15119284731210325,1.6121311643414482,50.48138567464767,45.44077206575102,50.48178243342822,51.83713201934828,42.71300518778631,47.7489710084678,49.55258451057959,50.16792653876926,48.66627703713217,0
1836,10.879638378755937,0.6413852046468931,0.04220611355554852,5.777961872830453,0.15119284731210325,1.6121311643414482,50.48138567464767,45.44077206575102,50.48178243342822,51.83713201934828,42.71300518778631,47.7489710084678,49.55258451057959,50.16792653876926,48.66627703713217,0
1837,10.641510101585425,0.6699295895586468,-3.3487892838742916,5.776413165691109,0.15119284731210325,1.6121311643414482,50.48138567464767,45.44077206575102,50.48178243342822,51.83713201934828,42.71300518778631,47.7489710084678,49.55258451057959,50.16792653876926,48.66627703713217,0
1838,10.764971456365,0.6746770123168481,-1.751478398433086,5.808742910292688,0.15119284731210325,1.6121311643414482,50.48138567464767,45.44077206575102,50.48178243342822,51.83713201934828,42.71300518778631,47.7489710084678,49.55258451057959,50.16792653876926,48.66627703713217,0
1839,10.84476548775088,0.667066737790422,-3.319108582266477,5.786590585843515,0.15119284731210325,1.6121311643414482,50.48138567464767,45.44077206575102,50.48178243342822,51.83713201934828,42.71300518778631,47.7489710084678,49.55258451057959,50.16792653876926,48.66627703713217,0
1840,10.857045167002212,0.6513776258726038,-1.3703709674819031,5.786590585843515,0.15119284731210325,1.6121311643414482,50.48138567464767,45.44077206575102,50.48178243342822,51.83713201934828,42.71300518778631,47.7489710084678,49.55258451057959,50.16792653876926,48.66627703713217,0
1841,11.018575043331424,0.6548785466421718,-3.5381370347690004,5.7720639820726065,0.15119284731210325,1.6121311643414482,50.48138567464767,45.44077206575102,50.48178243342822,51.83713201934828,42.71300518778631,47.7489710084678,49.55258451057959,50.16792653876926,48.66627703713217,0
1842,11.145422104774154,0.6393123721144701,-0.014409637165336176,5.772686453303412,0.15119284731210325,1.6121311643414482,50.48138567464767,45.44077206575102,50.48178243342822,51.83713201934828,42.71300518778631,47.7489710084678,49.55258451057959,50.16792653876926,48.66627703713217,0
1843,10.863620991979552,0.656390462345648,-1.5873811552792956,5.794536837924666,0.15119284731210325,1.6121311643414482,50.48138567464767,45.44077206575102,50.48178243342822,51.83713201934828,42.71300518778631,47.7489710084678,49.55258451057959,50.16792653876926,48.66627703713217,0
1844,10.745645081169029,0.64448507007922,0.14218972171440178,5.792403666309729,0.15119284731210325,1.6121311643414482,50.48138567464767,45.44077206575102,50.48178243342822,51.83713201934828,42.71300518778631,47.7489710084678,49.55258451057959,50.16792653876926,48.66627703713217,0
1845,11.246713909159318,0.6540338714128036,0.7645787343635025,6.072583598392774,0.16631130063965885,1.6993621111499475,52.04889704231315,49.42888048495724,57.17417975045094,50.13800486132534,48.6770609964176,37.4757015099222,57.24298461507546,56.72497846002471,51.11383596506083,1
1846,10.881375609468083,0.6641497163914881,-0.2709635463708949,6.002651736498547,0.18581626582816352,1.6517215754272976,50.48138567464767,45.44077206575102,50.48178243342822,51.83713201934828,42.71300518778631,47.7489710084678,49.55258451057959,50.16792653876926,48.66627703713217,0
1847,10.772940313471054,0.6412818096135721,-5.089538171536287,5.777497404613124,0.15119284731210325,1.42546510945478,50.48138567464767,45.44077206575102,50.48178243342822,51.83713201934828,42.71300518778631,47.7489710084678,49.55258451057959,50.16792653876926,48.66627703713217,0
1848,10.791909533227567,0.6371157005397794,0.4693733865289838,6.01200219832553,0.16871663959155256,1.5886682242990655,50.48138567464767,45.44077206575102,50.48178243342822,51.83713201934828,42.71300518778631,47.7489710084678,49.55258451057959,50.16792653876926,48.66627703713217,0
1849,10.845348560521813,0.6295779019242707,-2.9484792054624456,5.916202062607435,0.16606781944756344,1.6013774984911422,50.48138567464767,45.44077206575102,50.48178243342822,51.83713201934828,42.71300518778631,47.7489710084678,49.55258451057959,50.16792653876926,48.66627703713217,0
1850,10.907499742565932,0.6305539433804088,-6.190752563358483,5.995207533386816,0.1333155508135503,1.5290551127460998,50.48138567464767,45.44077206575102,50.48178243342822,51.83713201934828,42.71300518778631,47.7489710084678,49.55258451057959,50.16792653876926,48.66627703713217,0
1851,10.572736429958407,0.6409556313993174,-1.9112627986348123,5.905906658746336,0.1743119266055046,1.5967540983606556,50.48138567464767,45.44077206575102,50.48178243342822,51.83713201934828,42.71300518778631,47.7489710084678,49.55258451057959,50.16792653876926,48.66627703713217,0
1852,11.0006855081733,0.6396654233908194,0.3508253628272831,6.003887067106539,0.10928779277775127,1.5263032682070954,50.48138567464767,45.44077206575102,50.48178243342822,51.83713201934828,42.71300518778631,47.7489710084678,49.55258451057959,50.16792653876926,48.66627703713217,0
1853,10.789807617364072,0.6324382642052265,1.8940302085830736,6.004627533634263,0.12945617891618083,1.5196857293066184,50.48138567464767,45.44077206575102,50.48178243342822,51.83713201934828,42.71300518778631,47.7489710084678,49.55258451057959,50.16792653876926,48.66627703713217,0
1854,10.85394393454223,0.6401228625131802,0.7564296520423601,5.961005339623274,0.15390125351752365,1.5961217615764787,50.48138567464767,45.44077206575102,50.48178243342822,51.83713201934828,42.71300518778631,47.7489710084678,49.55258451057959,50.16792653876926,48.66627703713217,0
1855,10.71232892196358,0.6355709731858241,0.562535158447403,5.9511632503344565,0.11119186046511628,1.5292650279873448,50.48138567464767,45.44077206575102,50.48178243342822,51.83713201934828,42.71300518778631,47.7489710084678,49.55258451057959,50.16792653876926,48.66627703713217,0
1856,11.050750313077472,0.6644554297560198,0.5581247010046245,6.002157176646725,0.12415005319394977,1.448490923265397,50.48138567464767,45.44077206575102,50.48178243342822,51.83713201934828,42.71300518778631,47.7489710084678,49.55258451057959,50.16792653876926,48.66627703713217,0
1857,10.825400450375264,0.6585866297657107,-0.8589015603378346,5.949339620807311,0.14778396009209516,1.6731890472847157,50.48138567464767,45.44077206575102,50.48178243342822,51.83713201934828,42.71300518778631,47.7489710084678,49.55258451057959,50.16792653876926,48.66627703713217,0
1858,10.88275871735862,0.6427565283345975,3.792393542095568,5.933835434271345,0.1431204874801577,1.8115418986732659,50.48138567464767,45.44077206575102,50.48178243342822,51.83713201934828,42.71300518778631,47.7489710084678,49.55258451057959,50.16792653876926,48.66627703713217,0
1859,10.918998989950508,0.6369091272751517,-0.4500300020001333,5.974318388273011,0.13886520791891635,1.4923480416174308,50.48138567464767,45.44077206575102,50.48178243342822,51.83713201934828,42.71300518778631,47.7489710084678,49.55258451057959,50.16792653876926,48.66627703713217,0
1860,11.026166241504452,0.6639625813052693,-2.777168749543229,5.951943788945699,0.16198992702230444,1.5481483906879276,50.48138567464767,45.44077206575102,50.48178243342822,51.83713201934828,42.71300518778631,47.7489710084678,49.55258451057959,50.16792653876926,48.66627703713217,0
1861,11.265220229994082,0.6761300921528866,4.0300844520882,6.0333260012029,0.1919451585261354,1.7158757406279417,50.48138567464767,45.44077206575102,50.48178243342822,51.83713201934828,42.71300518778631,47.7489710084678,49.55258451057959,50.16792653876926,48.66627703713217,0
1862,10.827333670463334,0.6637694079191739,1.0586137731223533,5.9604897428085515,0.1504862724847233,1.5763049506016638,50.48138567464767,45.44077206575102,50.48178243342822,51.83713201934828,42.71300518778631,47.7489710084678,49.55258451057959,50.16792653876926,48.66627703713217,0
1863,11.167807763787414,0.6566773950013907,11.76938053800612,6.476356788847468,0.15958451369216242,1.6785512434061793,50.48138567464767,45.44077206575102,50.48178243342822,51.83713201934828,42.71300518778631,47.7489710084678,49.55258451057959,50.16792653876926,48.66627703713217,0
1864,10.843430355825408,0.6460948783468503,0.33329630041106545,5.940697430054329,0.12199224407793301,1.6203152885187388,50.48138567464767,45.44077206575102,50.48178243342822,51.83713201934828,42.71300518778631,47.7489710084678,49.55258451057959,50.16792653876926,48.66627703713217,0
1865,10.89723734965996,0.6436460274729068,-0.724787740733071,5.925057614910383,0.1509199917304114,1.596074966870701,50.48138567464767,45.44077206575102,50.48178243342822,51.83713201934828,42.71300518778631,47.7489710084678,49.55258451057959,50.16792653876926,48.66627703713217,0
1866,10.387911704443093,0.6566606544704973,-1.6104096882246843,5.777497404613124,0.15119284731210325,1.6121311643414482,50.48138567464767,45.44077206575102,50.48178243342822,51.83713201934828,42.71300518778631,47.7489710084678,49.55258451057959,50.16792653876926,48.66627703713217,0
1867,11.105048951760377,0.6624368817224485,0.7320781634223716,6.01028630134857,0.15119284731210325,1.6121311643414482,50.48138567464767,45.44077206575102,50.48178243342822,51.83713201934828,42.71300518778631,47.7489710084678,49.55258451057959,50.16792653876926,48.66627703713217,0
1868,10.791380867499637,0.620425862668494,5.03180674589376,5.966403116512611,0.12927812745869394,1.4785149226896799,50.48138567464767,45.44077206575102,50.48178243342822,51.83713201934828,42.71300518778631,47.7489710084678,49.55258451057959,50.16792653876926,48.66627703713217,0
1869,10.945317827105253,0.6481345076060848,-1.2810248198558847,5.980403599748557,0.1472606096246202,1.4262714857546503,50.48138567464767,45.44077206575102,50.48178243342822,51.83713201934828,42.71300518778631,47.7489710084678,49.55258451057959,50.16792653876926,48.66627703713217,0
1870,10.690550759702116,0.6514707677285487,-2.380080556572684,5.949339620807311,0.14508975712777192,1.575631965207937,50.48138567464767,45.44077206575102,50.48178243342822,51.83713201934828,42.71300518778631,47.7489710084678,49.55258451057959,50.16792653876926,48.66627703713217,0
1871,10.75465078986192,0.6759868421052632,-2.1680622009569377,5.91943134420815,0.15432511706890342,1.5512262204904883,50.48138567464767,45.44077206575102,50.48178243342822,51.83713201934828,42.71300518778631,47.7489710084678,49.55258451057959,50.16792653876926,48.66627703713217,0
1872,10.798771172013078,0.6482621599744904,0.6622678996296205,5.942011663388452,0.13123254886318308,1.5357361963190184,50.48138567464767,45.44077206575102,50.48178243342822,51.83713201934828,42.71300518778631,47.7489710084678,49.55258451057959,50.16792653876926,48.66627703713217,0
1873,10.87218096320333,0.6345583662371097,3.1385140509972373,5.9568731023383625,0.10253542132736763,1.558437399935959,50.48138567464767,45.44077206575102,50.48178243342822,51.83713201934828,42.71300518778631,47.7489710084678,49.55258451057959,50.16792653876926,48.66627703713217,0
1874,11.306205062432197,0.654166494458336,0.6091869700288621,5.955059865214182,0.1676443346711948,1.7049053089102764,57.62352527746713,50.59609640463776,44.46953132077324,62.298197774901645,46.004691113224304,55.68939945867325,43.30614476337118,58.04256922720396,52.25376941753156,1
1875,11.073329985905799,0.5981089719199452,-2.5778099079217713,5.864766894062025,0.21450308023454315,1.8190723975894019,50.48138567464767,45.44077206575102,50.48178243342822,51.83713201934828,42.71300518778631,47.7489710084678,49.55258451057959,50.16792653876926,48.66627703713217,0
1876,11.032362279331126,0.6441663057600693,1.3772195755738414,5.896329351992943,0.20475517190058046,1.7741726151849448,50.48138567464767,45.44077206575102,50.48178243342822,51.83713201934828,42.71300518778631,47.7489710084678,49.55258451057959,50.16792653876926,48.66627703713217,0
1877,11.167728679917516,0.6442615408727129,0.5561257248593254,5.855358414110991,0.17670423682781097,1.7126104690686608,51.25186458296953,48.391036721397306,38.03310129042715,50.67041906852839,38.73595295304489,48.60868458479932,46.73695656778485,48.67537309562726,46.387923608072335,1
1878,11.05469229132341,0.6331062704294234,-2.5700526486513464,5.862494165811022,0.11419767945693515,1.4292901573362604,50.48138567464767,45.44077206575102,50.48178243342822,51.83713201934828,42.71300518778631,47.7489710084678,49.55258451057959,50.16792653876926,48.66627703713217,0
1879,11.246082084221683,0.6635276451976189,-0.010725585885128976,5.828357209237832,0.17724867724867724,1.7067241816797767,50.48138567464767,45.44077206575102,50.48178243342822,51.83713201934828,42.71300518778631,47.7489710084678,49.55258451057959,50.16792653876926,48.66627703713217,0
1880,10.927308045552923,0.6314795496240871,-1.2050793193999785,5.846438775057724,0.17611668975069253,1.6547488925962146,50.48138567464767,45.44077206575102,50.48178243342822,51.83713201934828,42.71300518778631,47.7489710084678,49.55258451057959,50.16792653876926,48.66627703713217,0
1881,11.10358786844819,0.6547154436677103,-1.1793970064759618,5.896329351992943,0.18227615370472514,1.7233897772776048,44.46099634652892,44.43777814411053,45.23660668058158,59.894699800139406,37.4554435802977,55.93194449303638,57.372237921978126,56.64760228698791,50.17966365670757,1
1882,11.302767238213338,0.6553710923024473,-4.257148362806278,5.94515879423147,0.15119284731210325,1.5191350190373913,49.01831649470349,44.89719754115532,44.87027107877656,53.82996845577054,48.99634205485405,53.813948933716894,55.09379993076053,51.66842432237076,50.27353360151352,1
1883,11.08151619891543,0.6577561032166434,1.7970884268954572,5.833347679010845,0.21947461979063795,1.8128475707348832,48.33783001809053,47.740441257306856,41.2889177641802,54.86011453575639,29.96286292509848,57.27438159382498,52.78168880336974,38.56419248024808,46.35130367223441,1
1884,10.831149387666395,0.6403915263854738,-2.1278607906184983,5.7829016791088,0.1922677609136303,1.8331070992262795,50.48138567464767,45.44077206575102,50.48178243342822,51.83713201934828,42.71300518778631,47.7489710084678,49.55258451057959,50.16792653876926,48.66627703713217,0
1885,10.989553125993774,0.6442582839132418,-4.630973610362322,5.802420444553201,0.15379328120972593,1.5633322328601298,50.48138567464767,45.44077206575102,50.48178243342822,51.83713201934828,42.71300518778631,47.7489710084678,49.55258451057959,50.16792653876926,48.66627703713217,0
1886,10.90325876846103,0.6138390294309005,3.520992001224693,5.810242385757328,0.14775390625,1.6438260427586644,50.48138567464767,45.44077206575102,50.48178243342822,51.83713201934828,42.71300518778631,47.7489710084678,49.55258451057959,50.16792653876926,48.66627703713217,0
1887,10.866511095584418,0.6520600607293089,-1.3928740563278268,5.789654313730165,0.12654765332565504,1.528555904370925,50.48138567464767,45.44077206575102,50.48178243342822,51.83713201934828,42.71300518778631,47.7489710084678,49.55258451057959,50.16792653876926,48.66627703713217,0
1888,10.857582610345217,0.6637808314691612,-3.9801284099822785,5.767695800399854,0.1590723971060323,1.5465255407271055,50.48138567464767,45.44077206575102,50.48178243342822,51.83713201934828,42.71300518778631,47.7489710084678,49.55258451057959,50.16792653876926,48.66627703713217,0
1889,10.781874943141492,0.6531466965285554,-3.829787234042553,5.798789578234536,0.13572587572778466,1.696312966274123,50.48138567464767,45.44077206575102,50.48178243342822,51.83713201934828,42.71300518778631,47.7489710084678,49.55258451057959,50.16792653876926,48.66627703713217,0
1890,11.255860534197561,0.6924465668860288,11.954263972201192,6.652346767080652,0.19567642041726807,1.7675939937143523,50.48138567464767,45.44077206575102,50.48178243342822,51.83713201934828,42.71300518778631,47.7489710084678,49.55258451057959,50.16792653876926,48.66627703713217,0
1891,10.777676304391324,0.6418072354504529,-5.1526821066334,5.859360706474645,0.09864817327503894,1.481169636446707,50.48138567464767,45.44077206575102,50.48178243342822,51.83713201934828,42.71300518778631,47.7489710084678,49.55258451057959,50.16792653876926,48.66627703713217,0
1892,10.734577630707683,0.6839676113360323,1.902834008097166,5.833347679010845,0.10873716261547195,1.5628381617697418,50.48138567464767,45.44077206575102,50.48178243342822,51.83713201934828,42.71300518778631,47.7489710084678,49.55258451057959,50.16792653876926,48.66627703713217,0
1893,10.775006834381223,0.6423803166126264,-2.336448598130841,5.825705078613005,0.17519599303135888,1.5146333896376987,50.48138567464767,45.44077206575102,50.48178243342822,51.83713201934828,42.71300518778631,47.7489710084678,49.55258451057959,50.16792653876926,48.66627703713217,0
1894,11.264789693687838,0.6593254881335875,-0.08217737163894549,5.937008361311923,0.14519629118169264,1.4464884983830617,50.48138567464767,45.44077206575102,50.48178243342822,51.83713201934828,42.71300518778631,47.7489710084678,49.55258451057959,50.16792653876926,48.66627703713217,0
1895,10.929210101063452,0.6450296554090486,-2.4140973481692076,5.822157927391522,0.08682191412033921,1.5009771036896602,50.48138567464767,45.44077206575102,50.48178243342822,51.83713201934828,42.71300518778631,47.7489710084678,49.55258451057959,50.16792653876926,48.66627703713217,0
1896,10.894692788372625,0.6777765946118625,-4.046427430518582,5.822157927391522,0.14935967437704756,1.4990131888098743,50.48138567464767,45.44077206575102,50.48178243342822,51.83713201934828,42.71300518778631,47.7489710084678,49.55258451057959,50.16792653876926,48.66627703713217,0
1897,10.904126785758178,0.656441717791411,-4.313650306748467,5.847016642742108,0.12061971555642442,1.5832508856477197,50.48138567464767,45.44077206575102,50.48178243342822,51.83713201934828,42.71300518778631,47.7489710084678,49.55258451057959,50.16792653876926,48.66627703713217,0
1898,10.907312857842115,0.6425584101128895,-3.2388918587465803,5.81651574464344,0.1214183037853378,1.5012277470841007,50.48138567464767,45.44077206575102,50.48178243342822,51.83713201934828,42.71300518778631,47.7489710084678,49.55258451057959,50.16792653876926,48.66627703713217,0
1899,11.132093943320184,0.6588366890380313,-0.852242462980718,5.872117789475416,0.1524271844660194,1.5887645980909664,50.48138567464767,45.44077206575102,50.48178243342822,51.83713201934828,42.71300518778631,47.7489710084678,49.55258451057959,50.16792653876926,48.66627703713217,0
1900,10.934935653797732,0.6663594182068147,1.859113562155322,5.802420444553201,0.1826009877168545,1.6370423625705122,50.48138567464767,45.44077206575102,50.48178243342822,51.83713201934828,42.71300518778631,47.7489710084678,49.55258451057959,50.16792653876926,48.66627703713217,0
1901,10.959004431098652,0.6415146204858606,2.405250317836649,5.797576353942562,0.17866076582643833,1.608460173685685,50.48138567464767,45.44077206575102,50.48178243342822,51.83713201934828,42.71300518778631,47.7489710084678,49.55258451057959,50.16792653876926,48.66627703713217,0
1902,10.80127005901439,0.650231602612555,-1.2597631645250693,5.849036553975704,0.21483319547835678,1.7741418152659514,50.48138567464767,45.44077206575102,50.48178243342822,51.83713201934828,42.71300518778631,47.7489710084678,49.55258451057959,50.16792653876926,48.66627703713217,0
1903,10.814066000336787,0.6553506727285315,0.30001615471602316,5.768320995793772,0.13417909065654227,1.5872826308584078,50.48138567464767,45.44077206575102,50.48178243342822,51.83713201934828,42.71300518778631,47.7489710084678,49.55258451057959,50.16792653876926,48.66627703713217,0
1904,11.176331820979438,0.6616910313031371,-1.4607369874582035,5.840932312803435,0.08200915701589012,1.5418097527472527,50.48138567464767,45.44077206575102,50.48178243342822,51.83713201934828,42.71300518778631,47.7489710084678,49.55258451057959,50.16792653876926,48.66627703713217,0
1905,11.121419473468915,0.6608188825219871,21.614057810955057,6.462561328644976,0.23987493102814053,1.8238683554817277,50.48138567464767,45.44077206575102,50.48178243342822,51.83713201934828,42.71300518778631,47.7489710084678,49.55258451057959,50.16792653876926,48.66627703713217,0
1906,10.943322470501737,0.6272103626059908,-1.8748135838766031,6.100094711633431,0.21275096865093343,1.869692768948064,50.48138567464767,45.44077206575102,50.48178243342822,51.83713201934828,42.71300518778631,47.7489710084678,49.55258451057959,50.16792653876926,48.66627703713217,0
1907,10.862023266004028,0.6652891258399318,-0.5047477838417617,5.784440377673656,0.1582441009738844,1.5295231436977483,50.48138567464767,45.44077206575102,50.48178243342822,51.83713201934828,42.71300518778631,47.7489710084678,49.55258451057959,50.16792653876926,48.66627703713217,0
1908,10.77946241178873,0.6577275692751433,-2.12890155547162,5.833347679010845,0.15971020761245674,1.5464850352987969,50.48138567464767,45.44077206575102,50.48178243342822,51.83713201934828,42.71300518778631,47.7489710084678,49.55258451057959,50.16792653876926,48.66627703713217,0
1909,10.80877395829921,0.6421572500987752,-0.9877518767285659,5.833933159121246,0.13578390709249274,1.5636761197985687,50.48138567464767,45.44077206575102,50.48178243342822,51.83713201934828,42.71300518778631,47.7489710084678,49.55258451057959,50.16792653876926,48.66627703713217,0
1910,10.939603677478631,0.6318997804468552,0.826553015627018,5.857933154483459,0.17280210069181437,1.6773132017034456,50.48138567464767,45.44077206575102,50.48178243342822,51.83713201934828,42.71300518778631,47.7489710084678,49.55258451057959,50.16792653876926,48.66627703713217,0
1912,10.99717607265966,0.6054933875890133,-0.8138351983723295,5.835979644267587,0.17204932472108045,1.941203034682081,50.48138567464767,45.44077206575102,50.48178243342822,51.83713201934828,42.71300518778631,47.7489710084678,49.55258451057959,50.16792653876926,48.66627703713217,0
1913,10.99717607265966,0.7395209580838323,0.6415739948674081,5.796665468802915,0.15119284731210325,1.223754686663096,50.48138567464767,45.44077206575102,50.48178243342822,51.83713201934828,42.71300518778631,47.7489710084678,49.55258451057959,50.16792653876926,48.66627703713217,0
1915,10.836145606030273,0.6762629950279893,-5.284934459858837,5.708438286192395,0.16019171130532844,1.5550513667550006,50.48138567464767,45.44077206575102,50.48178243342822,51.83713201934828,42.71300518778631,47.7489710084678,49.55258451057959,50.16792653876926,48.66627703713217,0
1916,10.703102885098216,0.6301626058496546,-4.9872720660813545,5.853064177371955,0.138353581901969,1.6367950481430535,50.48138567464767,45.44077206575102,50.48178243342822,51.83713201934828,42.71300518778631,47.7489710084678,49.55258451057959,50.16792653876926,48.66627703713217,0
1917,10.777588688482723,0.6561202088524979,-4.108816898065741,5.846438775057724,0.12589836383098016,1.5090955675121702,50.48138567464767,45.44077206575102,50.48178243342822,51.83713201934828,42.71300518778631,47.7489710084678,49.55258451057959,50.16792653876926,48.66627703713217,0
1918,10.637596717817242,0.651054743876159,-5.931080840631857,5.845571346927579,0.12282119358190004,1.5320709717052723,50.48138567464767,45.44077206575102,50.48178243342822,51.83713201934828,42.71300518778631,47.7489710084678,49.55258451057959,50.16792653876926,48.66627703713217,0
1919,11.193566949657896,0.671280776285368,0.8187929150769889,5.82363743646448,0.17271827662327777,1.7146151399491094,52.49615023688712,61.21693581887296,46.47721038912244,34.30734041875622,29.787791656984407,38.00017056655962,48.5144275493834,55.84507615879323,45.83063784941992,1
1920,10.769570716198174,0.6548488476504041,2.1350892946223685,5.8544986920348245,0.18571170683274663,1.726912129837098,50.48138567464767,45.44077206575102,50.48178243342822,51.83713201934828,42.71300518778631,47.7489710084678,49.55258451057959,50.16792653876926,48.66627703713217,0
1921,10.596014540816594,0.6464116281417179,-0.1514080952861613,5.842384324093829,0.13150670183560317,1.5942958136955918,50.48138567464767,45.44077206575102,50.48178243342822,51.83713201934828,42.71300518778631,47.7489710084678,49.55258451057959,50.16792653876926,48.66627703713217,0
1922,10.813232910107597,0.6673828245929044,-0.02476626834251749,5.831882477283517,0.1834371823765964,1.7909769355978011,52.47441279087546,15.123225204459668,44.75596841418708,51.56999784905831,32.3282111047041,45.24829300960365,67.25679856782085,56.018624365724506,45.59694141330421,1
1923,10.777615808512849,0.629259344187113,-0.8254987388213711,5.821565510312585,0.07523279582103111,1.5974635805664423,50.48138567464767,45.44077206575102,50.48178243342822,51.83713201934828,42.71300518778631,47.7489710084678,49.55258451057959,50.16792653876926,48.66627703713217,0
1924,10.56741187441917,0.6442398637997352,-7.188347310675326,5.765504533284198,0.128078531598513,1.5338970533933978,50.48138567464767,45.44077206575102,50.48178243342822,51.83713201934828,42.71300518778631,47.7489710084678,49.55258451057959,50.16792653876926,48.66627703713217,0
1925,10.81510337402504,0.6450787599076954,-3.160429417076352,5.785055194784937,0.11757021554539517,1.5584553363038405,50.48138567464767,45.44077206575102,50.48178243342822,51.83713201934828,42.71300518778631,47.7489710084678,49.55258451057959,50.16792653876926,48.66627703713217,0
1926,10.774500544450389,0.6566823084892437,-1.9196782253641294,5.849900982786195,0.12237093690248566,1.5761963271676684,50.48138567464767,45.44077206575102,50.48178243342822,51.83713201934828,42.71300518778631,47.7489710084678,49.55258451057959,50.16792653876926,48.66627703713217,0
1927,10.890590832614208,0.6610982335544721,-5.675005994724643,5.789654313730165,0.1266415500538213,1.5282458893361535,50.48138567464767,45.44077206575102,50.48178243342822,51.83713201934828,42.71300518778631,47.7489710084678,49.55258451057959,50.16792653876926,48.66627703713217,0
1928,10.676729747093917,0.6471727030733242,-2.056949261918206,5.805436128382701,0.13826931020239572,1.653702680298425,50.48138567464767,45.44077206575102,50.48178243342822,51.83713201934828,42.71300518778631,47.7489710084678,49.55258451057959,50.16792653876926,48.66627703713217,0
1929,10.76884282073053,0.6603472582919048,-4.581880240409586,5.839478190110101,0.1144886660399039,1.562345005455808,50.48138567464767,45.44077206575102,50.48178243342822,51.83713201934828,42.71300518778631,47.7489710084678,49.55258451057959,50.16792653876926,48.66627703713217,0
1930,10.67763851724916,0.6789823008849557,0.33185840707964603,5.828357209237832,0.15366277626024336,1.5567791851251014,50.48138567464767,45.44077206575102,50.48178243342822,51.83713201934828,42.71300518778631,47.7489710084678,49.55258451057959,50.16792653876926,48.66627703713217,0
1931,10.77103751902071,0.6700122799836267,-3.520261972984036,5.788123623089952,0.18751300728407908,1.5570709745762712,50.48138567464767,45.44077206575102,50.48178243342822,51.83713201934828,42.71300518778631,47.7489710084678,49.55258451057959,50.16792653876926,48.66627703713217,0
1932,10.645384420255846,0.6269191975792895,-9.24576936008069,5.796665468802915,0.1304973966987925,1.7425127142588057,50.48138567464767,45.44077206575102,50.48178243342822,51.83713201934828,42.71300518778631,47.7489710084678,49.55258451057959,50.16792653876926,48.66627703713217,0
1933,10.787031927309311,0.6567827165479246,-0.807637947445845,5.839478190110101,0.14689666466510182,1.6160362558828656,50.48138567464767,45.44077206575102,50.48178243342822,51.83713201934828,42.71300518778631,47.7489710084678,49.55258451057959,50.16792653876926,48.66627703713217,0
1934,10.780076495558642,0.6635749177895586,-0.7461844810981059,5.84035091743822,0.17155734560797853,1.6975648575521247,50.48138567464767,45.44077206575102,50.48178243342822,51.83713201934828,42.71300518778631,47.7489710084678,49.55258451057959,50.16792653876926,48.66627703713217,0
1935,10.675917151823201,0.6498138021270171,-1.7110074814640857,5.8519150821578965,0.12400995700384702,1.5227003553099092,50.48138567464767,45.44077206575102,50.48178243342822,51.83713201934828,42.71300518778631,47.7489710084678,49.55258451057959,50.16792653876926,48.66627703713217,0
1936,10.594843129131723,0.6694320838675617,-2.8471227091032505,5.733664849138071,0.15001911419365407,1.580675287356322,50.48138567464767,45.44077206575102,50.48178243342822,51.83713201934828,42.71300518778631,47.7489710084678,49.55258451057959,50.16792653876926,48.66627703713217,0
1937,10.596577231442884,0.656770130454341,-9.619710024568326,5.750347943803522,0.11992581908098084,1.5255868153820542,50.48138567464767,45.44077206575102,50.48178243342822,51.83713201934828,42.71300518778631,47.7489710084678,49.55258451057959,50.16792653876926,48.66627703713217,0
1938,10.719862916988353,0.6352187062700312,-7.6739042116191944,5.771441123130016,0.11976247294522449,1.59074202117981,50.48138567464767,45.44077206575102,50.48178243342822,51.83713201934828,42.71300518778631,47.7489710084678,49.55258451057959,50.16792653876926,48.66627703713217,0
1939,10.774925259526313,0.6445781473730587,-1.3354995043506994,5.8585044198517515,0.14127677945065026,1.5775862068965518,50.48138567464767,45.44077206575102,50.48178243342822,51.83713201934828,42.71300518778631,47.7489710084678,49.55258451057959,50.16792653876926,48.66627703713217,0
1940,10.540974020670646,0.6703488970462108,-0.41167793063226865,5.758586266696875,0.16650835335531095,1.6234499517564236,50.48138567464767,45.44077206575102,50.48178243342822,51.83713201934828,42.71300518778631,47.7489710084678,49.55258451057959,50.16792653876926,48.66627703713217,0
1941,10.717778780884636,0.6613957063635865,-0.8327385201046872,5.806639860095909,0.1643254316652034,1.66461820083682,50.48138567464767,45.44077206575102,50.48178243342822,51.83713201934828,42.71300518778631,47.7489710084678,49.55258451057959,50.16792653876926,48.66627703713217,0
1942,10.605497839471479,0.6290352052625168,-3.4717992447313923,5.796665468802915,0.12189139858544376,1.4333693304535637,50.48138567464767,45.44077206575102,50.48178243342822,51.83713201934828,42.71300518778631,47.7489710084678,49.55258451057959,50.16792653876926,48.66627703713217,0
1943,10.573826593770065,0.6337149657351553,0.2462144527883787,5.855358414110991,0.10537926353300527,1.5260397959916672,50.48138567464767,45.44077206575102,50.48178243342822,51.83713201934828,42.71300518778631,47.7489710084678,49.55258451057959,50.16792653876926,48.66627703713217,0
1944,10.8107577211892,0.6525298577729323,-0.8226373953119579,5.867883485336628,0.13850387280880555,1.6139904184394787,50.48138567464767,45.44077206575102,50.48178243342822,51.83713201934828,42.71300518778631,47.7489710084678,49.55258451057959,50.16792653876926,48.66627703713217,0
1945,10.559695814668018,0.6440572301362177,-1.932608085782862,5.833347679010845,0.14749972032665845,1.6940010808863268,50.48138567464767,45.44077206575102,50.48178243342822,51.83713201934828,42.71300518778631,47.7489710084678,49.55258451057959,50.16792653876926,48.66627703713217,0
1947,10.832147469653234,0.6653431178928549,-2.8688439390474607,5.814428994743265,0.10294786873641099,1.4466935714512694,50.48138567464767,45.44077206575102,50.48178243342822,51.83713201934828,42.71300518778631,47.7489710084678,49.55258451057959,50.16792653876926,48.66627703713217,0
1948,10.910797452797425,0.6649738879884747,-2.737259139204034,5.862494165811022,0.13476923076923078,1.5571849427168576,50.48138567464767,45.44077206575102,50.48178243342822,51.83713201934828,42.71300518778631,47.7489710084678,49.55258451057959,50.16792653876926,48.66627703713217,0
1949,10.615505553846324,0.6380419434130015,-1.725851158412217,5.847882818629958,0.15905759162303665,1.743812967318426,50.48138567464767,45.44077206575102,50.48178243342822,51.83713201934828,42.71300518778631,47.7489710084678,49.55258451057959,50.16792653876926,48.66627703713217,0
1950,10.771822571989132,0.6606540592628283,-6.112984822934233,5.800304041646823,0.15309066696260126,1.7264037783941826,50.48138567464767,45.44077206575102,50.48178243342822,51.83713201934828,42.71300518778631,47.7489710084678,49.55258451057959,50.16792653876926,48.66627703713217,0
1951,10.62527806788144,0.6296474436054061,-2.4529844644317254,5.834810737062605,0.1428644240570846,1.5307901730731834,50.48138567464767,45.44077206575102,50.48178243342822,51.83713201934828,42.71300518778631,47.7489710084678,49.55258451057959,50.16792653876926,48.66627703713217,0
1952,10.990195936701413,0.6637932163650772,0.3765775324020407,5.883322388488279,0.17227077470004443,1.7300525561395126,46.148964761906704,45.42119663611507,54.76591468614824,59.74522080356473,36.88814825485358,47.895514063306,69.72368185799508,60.818614195909,52.6759069074748,1
1954,11.478603135124656,0.6007232183215309,-6.729948269800612,4.846546505563361,0.06378674282994169,1.472495657209033,50.48138567464767,45.44077206575102,50.48178243342822,51.83713201934828,42.71300518778631,47.7489710084678,49.55258451057959,50.16792653876926,48.66627703713217,0
1955,11.592544082730349,0.6842155482932182,3.482741346819017,4.909709375506295,0.028023312287518212,1.5159091290696307,50.48138567464767,45.44077206575102,50.48178243342822,51.83713201934828,42.71300518778631,47.7489710084678,49.55258451057959,50.16792653876926,48.66627703713217,0
1956,11.573631024687574,0.6341309255079006,6.772009029345372,4.900820428089049,-0.06271281793148373,1.4509682735887928,50.48138567464767,45.44077206575102,50.48178243342822,51.83713201934828,42.71300518778631,47.7489710084678,49.55258451057959,50.16792653876926,48.66627703713217,0
1957,11.76050091196428,0.6644971603759361,-0.3769412474242348,4.90453376321371,0.07621587301587301,1.4453572926863376,54.695531401908646,59.14687113634376,54.48393214091436,46.250500415044506,40.91786274811304,39.29422824406842,45.36068820550462,37.81733105992768,47.24586816897813,1
1958,11.91655288556456,0.6962946943483276,3.604382929642445,4.9082333604781745,0.1444991127601226,1.7349426084762867,50.48138567464767,45.44077206575102,50.48178243342822,51.83713201934828,42.71300518778631,47.7489710084678,49.55258451057959,50.16792653876926,48.66627703713217,0
1959,11.468239765947487,0.6248450827440403,-11.664358095793542,4.879767018891217,-0.06899012727488997,1.379192927541136,50.48138567464767,45.44077206575102,50.48178243342822,51.83713201934828,42.71300518778631,47.7489710084678,49.55258451057959,50.16792653876926,48.66627703713217,0
1960,11.596307513909183,0.6362132292114755,5.559048343866848,4.906015244966153,0.019970717423133236,1.508137203166227,50.48138567464767,45.44077206575102,50.48178243342822,51.83713201934828,42.71300518778631,47.7489710084678,49.55258451057959,50.16792653876926,48.66627703713217,0
1961,12.169073542772024,0.6530459643721135,-21.200791730811524,4.839451481712757,0.11405577910364922,1.482971490876439,50.48138567464767,45.44077206575102,50.48178243342822,51.83713201934828,42.71300518778631,47.7489710084678,49.55258451057959,50.16792653876926,48.66627703713217,0
1962,11.750704591840934,0.6902355319449015,-8.697287386582671,4.818667360250496,0.09237043573660235,1.4924419484471945,50.48138567464767,45.44077206575102,50.48178243342822,51.83713201934828,42.71300518778631,47.7489710084678,49.55258451057959,50.16792653876926,48.66627703713217,0
1963,11.444778307195172,0.6144976498237368,0.2448100274187231,4.870606649492553,0.03609753275677552,1.5171101062151646,50.48138567464767,45.44077206575102,50.48178243342822,51.83713201934828,42.71300518778631,47.7489710084678,49.55258451057959,50.16792653876926,48.66627703713217,0
1964,12.146973172582708,0.6931700228357899,-22.00539755034254,5.105339229565553,-0.011641550251164154,1.5643325083709418,50.48138567464767,45.44077206575102,50.48178243342822,51.83713201934828,42.71300518778631,47.7489710084678,49.55258451057959,50.16792653876926,48.66627703713217,0
1965,11.457030017957695,0.6516426104666607,-2.0366598778004072,4.863680881139593,0.041726949888202025,1.454207621435011,50.48138567464767,45.44077206575102,50.48178243342822,51.83713201934828,42.71300518778631,47.7489710084678,49.55258451057959,50.16792653876926,48.66627703713217,0
1966,11.542180337534681,0.5930691266614068,0.36414395824482615,4.895598484107897,0.07860955340855348,1.51530170018891,50.48138567464767,45.44077206575102,50.48178243342822,51.83713201934828,42.71300518778631,47.7489710084678,49.55258451057959,50.16792653876926,48.66627703713217,0
1967,11.532014111952918,0.6282278525006082,-1.6682306328849963,4.850466541943434,0.04469934532651153,1.4761411981142922,50.48138567464767,45.44077206575102,50.48178243342822,51.83713201934828,42.71300518778631,47.7489710084678,49.55258451057959,50.16792653876926,48.66627703713217,0
1968,11.903769538115915,0.6241631349425711,-18.11928014249739,4.874433672915854,0.11872576475657044,1.4674078880451749,50.48138567464767,45.44077206575102,50.48178243342822,51.83713201934828,42.71300518778631,47.7489710084678,49.55258451057959,50.16792653876926,48.66627703713217,0
1969,11.596819822431286,0.6415890261297077,-1.1835756122727685,4.916324614625014,-0.005639708270587888,1.3854550849972445,50.48138567464767,45.44077206575102,50.48178243342822,51.83713201934828,42.71300518778631,47.7489710084678,49.55258451057959,50.16792653876926,48.66627703713217,0
1970,11.94024599391223,0.7068837897853442,-2.264118082466147,4.909709375506295,0.15671332725917336,1.7896451052196365,50.48138567464767,45.44077206575102,50.48178243342822,51.83713201934828,42.71300518778631,47.7489710084678,49.55258451057959,50.16792653876926,48.66627703713217,0
1971,10.99717607265966,0.6424400078902047,-0.8873319222005579,5.702114417555504,0.17006954102920724,1.6748434446172868,58.58141108704648,62.21441680586882,51.81781022667492,61.30058237730746,44.17614522157854,63.07300062165775,41.468294834197486,56.29128852048871,54.865368711852526,1
1972,10.99717607265966,0.622279502954551,1.9089074240692556,5.6910349018336985,0.1924478044576756,1.7112955032119914,50.48138567464767,45.44077206575102,50.48178243342822,51.83713201934828,42.71300518778631,47.7489710084678,49.55258451057959,50.16792653876926,48.66627703713217,0
1973,10.993440792953391,0.6227768544520221,-0.4107207671881865,5.684599655239428,0.15641766405282706,1.6156229254259793,50.48138567464767,45.44077206575102,50.48178243342822,51.83713201934828,42.71300518778631,47.7489710084678,49.55258451057959,50.16792653876926,48.66627703713217,0
1974,11.037959141904746,0.6300694159485707,1.4190945151142116,5.705780477318874,0.17393841612028424,1.6630251502125537,51.29061124455578,37.53844521797815,47.48838084079704,55.84953654496313,34.86920017879604,65.14376901358767,35.06875737533672,35.14023984159713,45.29861753220146,1
1975,11.13625916164082,0.6175018384284063,1.6808488286584726,5.697093486505405,0.0307083084279737,1.3132709277948418,50.48138567464767,45.44077206575102,50.48178243342822,51.83713201934828,42.71300518778631,47.7489710084678,49.55258451057959,50.16792653876926,48.66627703713217,0
1976,11.417740777291437,0.6516660600244862,4.930346447834287,5.6957503029589365,0.14018378659920383,1.391138977893548,50.48138567464767,45.44077206575102,50.48178243342822,51.83713201934828,42.71300518778631,47.7489710084678,49.55258451057959,50.16792653876926,48.66627703713217,0
1977,11.223809030980268,0.6418808589811147,-0.5789860587963596,5.783825182329737,0.19144483766733345,1.743588602949354,50.48138567464767,45.44077206575102,50.48178243342822,51.83713201934828,42.71300518778631,47.7489710084678,49.55258451057959,50.16792653876926,48.66627703713217,0
1978,11.07691506319782,0.6326926164644356,0.32112301305135676,5.705780477318874,0.17953207659637882,1.6782190936183332,50.48138567464767,45.44077206575102,50.48178243342822,51.83713201934828,42.71300518778631,47.7489710084678,49.55258451057959,50.16792653876926,48.66627703713217,0
1979,11.708599972974874,0.6716271171291952,14.618805023014703,5.784440377673656,0.18248618624699858,1.6814894787231875,50.48138567464767,45.44077206575102,50.48178243342822,51.83713201934828,42.71300518778631,47.7489710084678,49.55258451057959,50.16792653876926,48.66627703713217,0
1980,11.357185856797988,0.6613435132812344,6.175923890232447,5.774862056337153,0.09436999195213268,1.4843703619134605,50.48138567464767,45.44077206575102,50.48178243342822,51.83713201934828,42.71300518778631,47.7489710084678,49.55258451057959,50.16792653876926,48.66627703713217,0
1981,11.296082026204498,0.6481437523737182,-0.16616027345233575,5.682218296740361,0.10617900059097773,1.468286782493952,50.48138567464767,45.44077206575102,50.48178243342822,51.83713201934828,42.71300518778631,47.7489710084678,49.55258451057959,50.16792653876926,48.66627703713217,0
1982,11.43298033586908,0.6503216695433861,3.404989800721795,5.731397641689174,0.14205967927464647,1.4713948497854077,50.48138567464767,45.44077206575102,50.48178243342822,51.83713201934828,42.71300518778631,47.7489710084678,49.55258451057959,50.16792653876926,48.66627703713217,0
1983,11.249476712658318,0.7150702352737153,-4.480027747268628,5.554508771908447,0.17599354152141206,1.5619596541786744,50.48138567464767,45.44077206575102,50.48178243342822,51.83713201934828,42.71300518778631,47.7489710084678,49.55258451057959,50.16792653876926,48.66627703713217,0
1984,11.535732398345509,0.7419918462434478,-1.8928363424577752,5.523858042461968,0.1761994552692227,1.3963619570515946,50.48138567464767,45.44077206575102,50.48178243342822,51.83713201934828,42.71300518778631,47.7489710084678,49.55258451057959,50.16792653876926,48.66627703713217,0
1985,10.99717607265966,0.6435040770535763,0.39676024735949217,5.699774453258662,0.1792116042238172,1.7027068515581028,50.48138567464767,45.44077206575102,50.48178243342822,51.83713201934828,42.71300518778631,47.7489710084678,49.55258451057959,50.16792653876926,48.66627703713217,0
1986,11.272640841278102,0.6486780549502461,0.31086661688737177,5.7595324897606925,0.1799931833674165,1.6635259581922777,44.84172302433774,43.78079677453436,40.87214866804973,52.24290043550762,44.73220875148957,51.58053940652702,47.64120660513541,48.29003501711622,46.747694835337214,1
1987,11.011550047015723,0.6456665052702149,-1.1359827181645499,5.727824469136439,0.1567776361898694,1.592253238947509,50.48138567464767,45.44077206575102,50.48178243342822,51.83713201934828,42.71300518778631,47.7489710084678,49.55258451057959,50.16792653876926,48.66627703713217,0
1988,11.071832661084064,0.6488524226632665,-0.38806963077946555,5.604330395684541,0.07181808064695626,1.4419161091850188,50.48138567464767,45.44077206575102,50.48178243342822,51.83713201934828,42.71300518778631,47.7489710084678,49.55258451057959,50.16792653876926,48.66627703713217,0
1989,10.988176695830415,0.6803054146995395,3.2639738882088944,5.596568390349052,0.14839844843443836,1.5781476846057572,50.48138567464767,45.44077206575102,50.48178243342822,51.83713201934828,42.71300518778631,47.7489710084678,49.55258451057959,50.16792653876926,48.66627703713217,0
1990,11.340495227387299,0.6741207852074377,-0.6862795877143005,5.680513847716846,0.1661348501664817,1.5205805488146351,50.48138567464767,45.44077206575102,50.48178243342822,51.83713201934828,42.71300518778631,47.7489710084678,49.55258451057959,50.16792653876926,48.66627703713217,0
1991,11.133803314201147,0.6897954902988988,-0.7970634504457262,5.717027701406222,0.15200809464508094,1.427415953355663,50.48138567464767,45.44077206575102,50.48178243342822,51.83713201934828,42.71300518778631,47.7489710084678,49.55258451057959,50.16792653876926,48.66627703713217,0
1992,11.059948849862016,0.6555747230797168,1.452696568004358,5.716040372051703,0.15146806248466507,1.4990366088631986,50.48138567464767,45.44077206575102,50.48178243342822,51.83713201934828,42.71300518778631,47.7489710084678,49.55258451057959,50.16792653876926,48.66627703713217,0
1993,11.23498644116407,0.6745485484977015,0.44023400130376994,5.6061696457892,0.15221940393151553,1.5647897025270137,53.598291297023245,45.3958709235841,42.40406936919174,50.74718226214127,34.91914251983076,43.31725383966581,26.032797920340887,49.23065099090441,43.20565739033528,1
1994,11.257624099406861,0.664092137843302,2.7486881261216234,5.684599655239428,0.12625561453654552,1.4221108072521016,50.48138567464767,45.44077206575102,50.48178243342822,51.83713201934828,42.71300518778631,47.7489710084678,49.55258451057959,50.16792653876926,48.66627703713217,0
1995,11.211973063231138,0.6420736864361983,2.444761602706417,5.780743515792329,0.19069081046585834,1.706204731348627,50.48138567464767,45.44077206575102,50.48178243342822,51.83713201934828,42.71300518778631,47.7489710084678,49.55258451057959,50.16792653876926,48.66627703713217,0
1996,11.17730446594347,0.668136194754062,-1.3447568346919536,5.690021559406164,0.13274932614555257,1.4195487907266473,50.48138567464767,45.44077206575102,50.48178243342822,51.83713201934828,42.71300518778631,47.7489710084678,49.55258451057959,50.16792653876926,48.66627703713217,0
1997,11.258204813520855,0.6486998756145235,1.4215483030267133,5.692384429703832,0.13592037395228884,1.5733098242327401,50.48138567464767,45.44077206575102,50.48178243342822,51.83713201934828,42.71300518778631,47.7489710084678,49.55258451057959,50.16792653876926,48.66627703713217,0
1999,11.22821231423886,0.623716880743806,2.794647175794056,5.717027701406222,0.1802195381621939,1.6181467558463116,50.48138567464767,45.44077206575102,50.48178243342822,51.83713201934828,42.71300518778631,47.7489710084678,49.55258451057959,50.16792653876926,48.66627703713217,0
2000,11.28491132155613,0.6491856415031831,-2.26683261254324,5.717027701406222,0.19084967320261437,1.7673225370501866,50.48138567464767,45.44077206575102,50.48178243342822,51.83713201934828,42.71300518778631,47.7489710084678,49.55258451057959,50.16792653876926,48.66627703713217,0
2001,11.050215174551958,0.6565273272538099,0.4284227920925393,5.677096209393695,0.1441188734316364,1.4627073481047603,50.48138567464767,45.44077206575102,50.48178243342822,51.83713201934828,42.71300518778631,47.7489710084678,49.55258451057959,50.16792653876926,48.66627703713217,0
2002,11.126924691649668,0.6333778492043731,-3.598994997623305,5.6798312538336875,0.1494078922477394,1.4891173360222325,50.48138567464767,45.44077206575102,50.48178243342822,51.83713201934828,42.71300518778631,47.7489710084678,49.55258451057959,50.16792653876926,48.66627703713217,0
2004,11.282592380790527,0.617429153901173,-0.8299961368843398,5.749711406544601,0.18746987951807229,1.7162201942890787,48.58145247878081,40.11639019718119,31.60733907028944,49.90289243728416,42.67794562495092,38.74669274126898,25.57327837022812,48.93878304626268,40.76809674578079,1
2005,11.236269052588616,0.6275452277756138,-2.1298283706398604,5.735281141715572,0.1811086386130393,1.6576774903687397,50.48138567464767,45.44077206575102,50.48178243342822,51.83713201934828,42.71300518778631,47.7489710084678,49.55258451057959,50.16792653876926,48.66627703713217,0
2006,11.331849532064624,0.6649231531978186,-0.9667823500247893,5.749711406544601,0.18184875079861462,1.6315437016510796,50.48138567464767,45.44077206575102,50.48178243342822,51.83713201934828,42.71300518778631,47.7489710084678,49.55258451057959,50.16792653876926,48.66627703713217,0
2007,10.911888805306722,0.6345802161263507,-2.261014131338321,5.746841964116648,0.046216801733130065,1.3477821011673152,50.48138567464767,45.44077206575102,50.48178243342822,51.83713201934828,42.71300518778631,47.7489710084678,49.55258451057959,50.16792653876926,48.66627703713217,0
2008,11.13823783369371,0.6561190738699008,2.9658213891951486,5.702114417555504,0.19242531169136673,1.6984251119141363,50.48138567464767,45.44077206575102,50.48178243342822,51.83713201934828,42.71300518778631,47.7489710084678,49.55258451057959,50.16792653876926,48.66627703713217,0
2009,11.22059929202479,0.6266524822695035,2.4113475177304964,5.583120298248974,0.09748799665994015,1.4575495791600968,52.454187853313854,39.02346788720692,34.50665011653942,46.37335653600316,27.640255481522058,58.92840306952429,48.20413629214239,55.50225551120408,45.32908909343202,1
2010,11.21496407422151,0.6604701967665755,-1.7446535219244792,5.615679593101228,0.20845596152465723,1.7648829431438127,50.48138567464767,45.44077206575102,50.48178243342822,51.83713201934828,42.71300518778631,47.7489710084678,49.55258451057959,50.16792653876926,48.66627703713217,0
2011,11.215632017546577,0.6487944298792281,1.375338462199682,5.696422120249909,0.15067582539330823,1.5940150742518844,50.48138567464767,45.44077206575102,50.48178243342822,51.83713201934828,42.71300518778631,47.7489710084678,49.55258451057959,50.16792653876926,48.66627703713217,0
2012,10.870651990783093,0.6506667412149506,0.43331190070168574,5.599902344168809,0.0689544836413087,1.488364845210887,50.48138567464767,45.44077206575102,50.48178243342822,51.83713201934828,42.71300518778631,47.7489710084678,49.55258451057959,50.16792653876926,48.66627703713217,0
2015,10.99717607265966,0.6273912381118196,-2.0457463709765173,5.709764546333749,0.1307656729596771,1.5380229179231317,50.48138567464767,45.44077206575102,50.48178243342822,51.83713201934828,42.71300518778631,47.7489710084678,49.55258451057959,50.16792653876926,48.66627703713217,0
2016,10.99717607265966,0.6130412102243088,-9.076682316118935,5.625820933186489,0.02986451706890691,1.2788285722850035,50.48138567464767,45.44077206575102,50.48178243342822,51.83713201934828,42.71300518778631,47.7489710084678,49.55258451057959,50.16792653876926,48.66627703713217,0
2017,10.848562029090745,0.6098819030928245,-2.031346464063091,5.733664849138071,0.1364637518159239,1.572756535603622,50.48138567464767,45.44077206575102,50.48178243342822,51.83713201934828,42.71300518778631,47.7489710084678,49.55258451057959,50.16792653876926,48.66627703713217,0
2018,11.080675319176361,0.6084634943697784,-1.1260443152924084,5.743644008081332,0.017860553963705825,1.3935324380303333,50.48138567464767,45.44077206575102,50.48178243342822,51.83713201934828,42.71300518778631,47.7489710084678,49.55258451057959,50.16792653876926,48.66627703713217,0
2019,11.124246674962123,0.6635227646408179,-2.675555289826911,5.733664849138071,0.1458995671658942,1.6011408075323188,50.48138567464767,45.44077206575102,50.48178243342822,51.83713201934828,42.71300518778631,47.7489710084678,49.55258451057959,50.16792653876926,48.66627703713217,0
2020,11.21636543313607,0.6390141929805259,-3.410716250412587,5.754158681981268,0.07839828168149739,1.3453709456940475,50.48138567464767,45.44077206575102,50.48178243342822,51.83713201934828,42.71300518778631,47.7489710084678,49.55258451057959,50.16792653876926,48.66627703713217,0
2021,10.98392059551082,0.632965890954979,-2.4867312474483168,5.638354669333745,0.1253731343283582,1.561523640908144,50.48138567464767,45.44077206575102,50.48178243342822,51.83713201934828,42.71300518778631,47.7489710084678,49.55258451057959,50.16792653876926,48.66627703713217,0
2022,11.245806514878662,0.663160024276755,-8.901476835929596,5.563370320939456,0.07199396909159442,1.7897274363589613,50.48138567464767,45.44077206575102,50.48178243342822,51.83713201934828,42.71300518778631,47.7489710084678,49.55258451057959,50.16792653876926,48.66627703713217,0
2023,10.99717607265966,0.6381158780997679,-0.7287930803014903,5.718342625987531,0.08716717985872124,1.4871990505256019,50.48138567464767,45.44077206575102,50.48178243342822,51.83713201934828,42.71300518778631,47.7489710084678,49.55258451057959,50.16792653876926,48.66627703713217,0
2024,10.936294740515548,0.6294564250146734,1.6661302232235833,5.993462549770655,0.18049054484178992,1.627796112944628,50.48138567464767,45.44077206575102,50.48178243342822,51.83713201934828,42.71300518778631,47.7489710084678,49.55258451057959,50.16792653876926,48.66627703713217,0
2025,10.99717607265966,0.6172710215124144,0.10908932233712965,5.805436128382701,0.17669120060006563,1.6194947674602422,50.48138567464767,45.44077206575102,50.48178243342822,51.83713201934828,42.71300518778631,47.7489710084678,49.55258451057959,50.16792653876926,48.66627703713217,0
2026,11.302078499799315,0.6341154819415689,1.955371520588912,5.736249664793703,0.11291291291291292,1.2732676630434783,50.48138567464767,45.44077206575102,50.48178243342822,51.83713201934828,42.71300518778631,47.7489710084678,49.55258451057959,50.16792653876926,48.66627703713217,0
2027,10.799150997175547,0.616006721982985,-2.2056506669467493,5.736249664793703,0.17668339890562113,1.6684292095906645,50.48138567464767,45.44077206575102,50.48178243342822,51.83713201934828,42.71300518778631,47.7489710084678,49.55258451057959,50.16792653876926,48.66627703713217,0
2028,10.867985421509601,0.6522970085470086,1.9230769230769231,5.644386264699545,0.14481384634541153,1.6549371440850973,50.48138567464767,45.44077206575102,50.48178243342822,51.83713201934828,42.71300518778631,47.7489710084678,49.55258451057959,50.16792653876926,48.66627703713217,0
2029,10.883798546274715,0.6156099887575376,-1.7715395359929138,5.995705541365236,0.03559348493521361,1.3653819588340932,50.48138567464767,45.44077206575102,50.48178243342822,51.83713201934828,42.71300518778631,47.7489710084678,49.55258451057959,50.16792653876926,48.66627703713217,0
2030,10.88066263719959,0.6584774527234524,-0.4310112601691719,5.66988092298052,0.13372043378020665,1.630568882796436,50.48138567464767,45.44077206575102,50.48178243342822,51.83713201934828,42.71300518778631,47.7489710084678,49.55258451057959,50.16792653876926,48.66627703713217,0
2031,11.137431695358048,0.6389851435854542,-3.863464372485761,5.582367852765768,0.12628824476650563,1.579232283464567,50.48138567464767,45.44077206575102,50.48178243342822,51.83713201934828,42.71300518778631,47.7489710084678,49.55258451057959,50.16792653876926,48.66627703713217,0
2032,11.175275535140525,0.6542066899342126,11.90660036445625,5.743644008081332,0.2154333092510407,1.7202308909784936,50.48138567464767,45.44077206575102,50.48178243342822,51.83713201934828,42.71300518778631,47.7489710084678,49.55258451057959,50.16792653876926,48.66627703713217,0
2033,11.28306817687683,0.6734807338664842,9.707907454133345,5.7698822763607245,0.1885245901639344,1.7417010773028212,50.48138567464767,45.44077206575102,50.48178243342822,51.83713201934828,42.71300518778631,47.7489710084678,49.55258451057959,50.16792653876926,48.66627703713217,0
2034,10.934867918336765,0.6314879109584749,-0.3133499617713047,5.655292265495767,0.12771243995361936,1.571663514513609,50.48138567464767,45.44077206575102,50.48178243342822,51.83713201934828,42.71300518778631,47.7489710084678,49.55258451057959,50.16792653876926,48.66627703713217,0
2035,10.833939538847225,0.6143544553307438,-1.7972056351092816,5.6503816979290855,0.13254221816522135,1.5616827909703899,50.48138567464767,45.44077206575102,50.48178243342822,51.83713201934828,42.71300518778631,47.7489710084678,49.55258451057959,50.16792653876926,48.66627703713217,0
2036,10.877916995379731,0.5996381385172095,-0.9256921652781284,5.627621113690637,0.13897359937265835,1.5700982779863042,50.48138567464767,45.44077206575102,50.48178243342822,51.83713201934828,42.71300518778631,47.7489710084678,49.55258451057959,50.16792653876926,48.66627703713217,0
2037,10.818323226326523,0.6320430107526882,2.3963133640552994,5.709764546333749,0.13294162606286425,1.6042267345561623,50.48138567464767,45.44077206575102,50.48178243342822,51.83713201934828,42.71300518778631,47.7489710084678,49.55258451057959,50.16792653876926,48.66627703713217,0
2038,10.769625392148551,0.6080402010050251,2.8991109393119445,5.7120812774708964,0.15119284731210325,1.211885980074798,50.48138567464767,45.44077206575102,50.48178243342822,51.83713201934828,42.71300518778631,47.7489710084678,49.55258451057959,50.16792653876926,48.66627703713217,0
2039,10.892677383313941,0.6285091965150048,-0.06914672935970129,5.645093478307522,0.11272446086433542,1.4827975028189544,50.48138567464767,45.44077206575102,50.48178243342822,51.83713201934828,42.71300518778631,47.7489710084678,49.55258451057959,50.16792653876926,48.66627703713217,0
2040,10.866262935783505,0.7037921622148567,2.6564632481965296,5.739792912179234,0.16109485281459804,1.688639910554145,50.48138567464767,45.44077206575102,50.48178243342822,51.83713201934828,42.71300518778631,47.7489710084678,49.55258451057959,50.16792653876926,48.66627703713217,0
2041,10.887253738534945,0.6774840941116188,-0.8113070583714078,5.630135934487902,0.11133226602050972,1.514717425431711,50.48138567464767,45.44077206575102,50.48178243342822,51.83713201934828,42.71300518778631,47.7489710084678,49.55258451057959,50.16792653876926,48.66627703713217,0
2042,11.019240431690372,0.6404921730078871,2.0418240294663232,5.733017599924536,0.13347976683281237,1.5295239652306603,50.48138567464767,45.44077206575102,50.48178243342822,51.83713201934828,42.71300518778631,47.7489710084678,49.55258451057959,50.16792653876926,48.66627703713217,0
2043,10.826265198812221,0.6718203570771213,-10.307380820909259,5.5626028611934215,0.19752452125175152,1.858970775489922,50.48138567464767,45.44077206575102,50.48178243342822,51.83713201934828,42.71300518778631,47.7489710084678,49.55258451057959,50.16792653876926,48.66627703713217,0
2044,11.133781398938702,0.6647838714695585,-0.7345146510012974,5.918893854273146,0.16917293233082706,1.7489819527996298,45.23403823159976,41.083115819015234,53.773296757863406,52.22615385396151,39.21502540822889,55.266605561298526,46.054405807933016,48.75151242588635,47.70051923322333,1
2045,11.377815684489567,0.6562248186946011,-0.9669621273166801,5.824228627732068,0.1940469177726186,1.6694503741584368,50.48138567464767,45.44077206575102,50.48178243342822,51.83713201934828,42.71300518778631,47.7489710084678,49.55258451057959,50.16792653876926,48.66627703713217,0
2046,10.68303946778213,0.6232266023663994,-1.1215162900241125,5.768945800562614,0.1213338690237043,1.5457322134059295,50.48138567464767,45.44077206575102,50.48178243342822,51.83713201934828,42.71300518778631,47.7489710084678,49.55258451057959,50.16792653876926,48.66627703713217,0
2047,11.006526694879291,0.6766778797943233,0.3484840941902723,5.916202062607435,0.19305824519588857,1.7608483039069336,50.48138567464767,45.44077206575102,50.48178243342822,51.83713201934828,42.71300518778631,47.7489710084678,49.55258451057959,50.16792653876926,48.66627703713217,0
2048,11.260794560606278,0.6611895948225932,-4.784568507466445,5.961005339623274,0.2007387361029842,1.7551213822264344,50.48138567464767,45.44077206575102,50.48178243342822,51.83713201934828,42.71300518778631,47.7489710084678,49.55258451057959,50.16792653876926,48.66627703713217,0
2049,10.76285443129411,0.6723659213795119,0.43840420868040336,5.822157927391522,0.10611979166666667,1.4989458216202403,50.48138567464767,45.44077206575102,50.48178243342822,51.83713201934828,42.71300518778631,47.7489710084678,49.55258451057959,50.16792653876926,48.66627703713217,0
2050,10.595461545180175,0.6365871763941727,1.4846432216757912,5.792403666309729,0.1626844307421273,1.6285492575217806,50.48138567464767,45.44077206575102,50.48178243342822,51.83713201934828,42.71300518778631,47.7489710084678,49.55258451057959,50.16792653876926,48.66627703713217,0
2051,11.175900475609364,0.6545416316232128,-3.637510513036165,5.8484598526909775,0.17454730337518087,1.5693080166719477,50.48138567464767,45.44077206575102,50.48178243342822,51.83713201934828,42.71300518778631,47.7489710084678,49.55258451057959,50.16792653876926,48.66627703713217,0
2052,10.825239345633962,0.6657350272232305,-2.686025408348457,5.831882477283517,0.17766985622926385,1.6227034313007296,50.48138567464767,45.44077206575102,50.48178243342822,51.83713201934828,42.71300518778631,47.7489710084678,49.55258451057959,50.16792653876926,48.66627703713217,0
2053,10.699739456366311,0.669366515837104,-4.9321266968325785,5.831882477283517,0.17317312637336948,1.7474649045342427,50.48138567464767,45.44077206575102,50.48178243342822,51.83713201934828,42.71300518778631,47.7489710084678,49.55258451057959,50.16792653876926,48.66627703713217,0
2054,10.605800102482238,0.664906103286385,-2.5430359937402187,5.795145480670174,0.17958957293399888,1.7286105051764136,50.48138567464767,45.44077206575102,50.48178243342822,51.83713201934828,42.71300518778631,47.7489710084678,49.55258451057959,50.16792653876926,48.66627703713217,0
2055,10.890275889883661,0.6530201656295326,2.760492209797408,5.82923969201315,0.12883285090516608,1.5903946919666387,50.48138567464767,45.44077206575102,50.48178243342822,51.83713201934828,42.71300518778631,47.7489710084678,49.55258451057959,50.16792653876926,48.66627703713217,0
2056,10.677013538128717,0.6392227175809265,-4.99127737933708,5.785055194784937,0.11995461176852001,1.580127658121992,50.48138567464767,45.44077206575102,50.48178243342822,51.83713201934828,42.71300518778631,47.7489710084678,49.55258451057959,50.16792653876926,48.66627703713217,0
2057,10.677804497709953,0.6240754909461872,-0.510073960724305,5.789654313730165,0.1166437728937729,1.475351374029788,50.48138567464767,45.44077206575102,50.48178243342822,51.83713201934828,42.71300518778631,47.7489710084678,49.55258451057959,50.16792653876926,48.66627703713217,0
2058,10.609923544422589,0.6738811701459192,-6.702506458144243,5.905361848054571,0.13517292812529133,1.6341972990976805,50.48138567464767,45.44077206575102,50.48178243342822,51.83713201934828,42.71300518778631,47.7489710084678,49.55258451057959,50.16792653876926,48.66627703713217,0
2059,10.83125220648391,0.6497363365081961,0.1839512733515922,5.809642865355679,0.15421037972333115,1.609844077263207,50.48138567464767,45.44077206575102,50.48178243342822,51.83713201934828,42.71300518778631,47.7489710084678,49.55258451057959,50.16792653876926,48.66627703713217,0
2060,10.895523772245937,0.6559084586341657,-2.384579717824733,5.818003618746224,0.13344966554489177,1.639073030604353,50.48138567464767,45.44077206575102,50.48178243342822,51.83713201934828,42.71300518778631,47.7489710084678,49.55258451057959,50.16792653876926,48.66627703713217,0
2061,10.753670532674159,0.648612690195699,-2.5399743583540966,5.779508185184337,0.1190226352870634,1.5948080150034547,50.48138567464767,45.44077206575102,50.48178243342822,51.83713201934828,42.71300518778631,47.7489710084678,49.55258451057959,50.16792653876926,48.66627703713217,0
2062,10.914644729415246,0.6543799477556881,-0.6081876009491715,5.863347044327539,0.15433910778517385,1.538328435276992,50.48138567464767,45.44077206575102,50.48178243342822,51.83713201934828,42.71300518778631,47.7489710084678,49.55258451057959,50.16792653876926,48.66627703713217,0
2063,11.091846086142057,0.6644134928558569,8.347108790651237,6.282453645317259,0.1890134893547863,1.7972135855505187,50.48138567464767,45.44077206575102,50.48178243342822,51.83713201934828,42.71300518778631,47.7489710084678,49.55258451057959,50.16792653876926,48.66627703713217,0
2064,10.869265348545657,0.6887789053402096,2.744967559474297,5.894953646727139,0.1463266016713092,1.5569976669973988,50.48138567464767,45.44077206575102,50.48178243342822,51.83713201934828,42.71300518778631,47.7489710084678,49.55258451057959,50.16792653876926,48.66627703713217,0
2065,10.652038692113166,0.6418532634587899,-4.525964745116722,5.9099833052400985,0.178642758865563,1.782895916781252,50.48138567464767,45.44077206575102,50.48178243342822,51.83713201934828,42.71300518778631,47.7489710084678,49.55258451057959,50.16792653876926,48.66627703713217,0
2066,10.720371123428322,0.6423655751342358,-4.840051425546396,5.883879336428045,0.1684200726189368,1.7019126013799781,50.48138567464767,45.44077206575102,50.48178243342822,51.83713201934828,42.71300518778631,47.7489710084678,49.55258451057959,50.16792653876926,48.66627703713217,0
2067,10.65120577479594,0.6571715300293346,-1.7755133549482784,5.790265934544339,0.10392364793213149,1.591997490502248,50.48138567464767,45.44077206575102,50.48178243342822,51.83713201934828,42.71300518778631,47.7489710084678,49.55258451057959,50.16792653876926,48.66627703713217,0
2068,11.037388153105544,0.6635747185261003,-5.117707267144319,5.863915226161007,0.2099015634047481,1.7856064893416337,50.48138567464767,45.44077206575102,50.48178243342822,51.83713201934828,42.71300518778631,47.7489710084678,49.55258451057959,50.16792653876926,48.66627703713217,0
2069,10.596019543906001,0.6440321583178726,-5.132962275819419,5.796665468802915,0.14351591497019459,1.5652559509028345,50.48138567464767,45.44077206575102,50.48178243342822,51.83713201934828,42.71300518778631,47.7489710084678,49.55258451057959,50.16792653876926,48.66627703713217,0
2070,10.927500209744347,0.6526120195370567,0.4990443830961988,5.84354441703136,0.19429800514529122,1.6960319296621935,50.48138567464767,45.44077206575102,50.48178243342822,51.83713201934828,42.71300518778631,47.7489710084678,49.55258451057959,50.16792653876926,48.66627703713217,0
2072,10.797313837613778,0.6489672734131849,-0.5658775818164671,5.918893854273146,0.14185897751316243,1.5243312420014359,50.48138567464767,45.44077206575102,50.48178243342822,51.83713201934828,42.71300518778631,47.7489710084678,49.55258451057959,50.16792653876926,48.66627703713217,0
2073,10.990479249575156,0.6352575471518203,1.3349352556401015,5.918893854273146,0.121759697256386,1.4900546316138963,50.48138567464767,45.44077206575102,50.48178243342822,51.83713201934828,42.71300518778631,47.7489710084678,49.55258451057959,50.16792653876926,48.66627703713217,0
2074,11.017615514853713,0.6754396311086398,1.1963133329963436,5.972026853215507,0.17186628331116166,1.7279005120702269,37.7133838245915,39.36588593256572,64.66134777369962,60.95343657381988,41.846385202537135,42.86608320346599,54.85222340481658,49.73809838540223,48.99960553761233,1
2075,10.671243472701985,0.6502505368647101,0.7158196134574087,5.964607092938099,0.14949243439954032,1.6131888505306227,50.48138567464767,45.44077206575102,50.48178243342822,51.83713201934828,42.71300518778631,47.7489710084678,49.55258451057959,50.16792653876926,48.66627703713217,0
2076,10.782381666583102,0.6755881787294057,-0.8227023099771352,5.956096403270191,0.18545106484804977,1.6611067318303643,50.48138567464767,45.44077206575102,50.48178243342822,51.83713201934828,42.71300518778631,47.7489710084678,49.55258451057959,50.16792653876926,48.66627703713217,0
2077,10.739593733344115,0.6114024443096125,3.077056427147439,5.894953646727139,0.14868832731648615,1.5451879010082492,50.48138567464767,45.44077206575102,50.48178243342822,51.83713201934828,42.71300518778631,47.7489710084678,49.55258451057959,50.16792653876926,48.66627703713217,0
2078,10.757913518933481,0.5988997702817072,-0.7858783702091646,5.905361848054571,0.13699232993838803,1.3989529601970898,50.48138567464767,45.44077206575102,50.48178243342822,51.83713201934828,42.71300518778631,47.7489710084678,49.55258451057959,50.16792653876926,48.66627703713217,0
2079,10.922354728133923,0.65977545071791,-3.994386267947749,5.898252165385803,0.1746107657155003,1.6059915786567267,50.48138567464767,45.44077206575102,50.48178243342822,51.83713201934828,42.71300518778631,47.7489710084678,49.55258451057959,50.16792653876926,48.66627703713217,0
2080,11.075142722540534,0.6558836474212779,-0.02000560156843916,5.881370624310908,0.14642874413656368,1.4834381801377419,50.48138567464767,45.44077206575102,50.48178243342822,51.83713201934828,42.71300518778631,47.7489710084678,49.55258451057959,50.16792653876926,48.66627703713217,0
2081,10.891912882169482,0.6445754802300764,-4.594291502369497,5.909169304381152,0.14375913170528073,1.6386960752513786,50.48138567464767,45.44077206575102,50.48178243342822,51.83713201934828,42.71300518778631,47.7489710084678,49.55258451057959,50.16792653876926,48.66627703713217,0
2082,10.84412351959894,0.6358459157150784,0.37966180894249585,5.884435974349459,0.14449805937270535,1.5149588138385504,50.48138567464767,45.44077206575102,50.48178243342822,51.83713201934828,42.71300518778631,47.7489710084678,49.55258451057959,50.16792653876926,48.66627703713217,0
2083,10.808065962161592,0.6568358609883038,-2.098606525267223,5.916202062607435,0.1186643363076074,1.5093350709692042,50.48138567464767,45.44077206575102,50.48178243342822,51.83713201934828,42.71300518778631,47.7489710084678,49.55258451057959,50.16792653876926,48.66627703713217,0
2084,11.011097573264692,0.6559517192090845,-4.907488287143652,6.050676406739828,0.15119284731210325,1.6121311643414482,50.48138567464767,45.44077206575102,50.48178243342822,51.83713201934828,42.71300518778631,47.7489710084678,49.55258451057959,50.16792653876926,48.66627703713217,0
2085,10.791127749568997,0.6316043515390042,1.0396168269409276,5.894953646727139,0.10832407260411706,1.5089235641473955,50.48138567464767,45.44077206575102,50.48178243342822,51.83713201934828,42.71300518778631,47.7489710084678,49.55258451057959,50.16792653876926,48.66627703713217,0
2086,10.92043776750946,0.6546876259572753,0.25796049979846836,5.975589197949692,0.2278770253427503,1.589442535318824,50.48138567464767,45.44077206575102,50.48178243342822,51.83713201934828,42.71300518778631,47.7489710084678,49.55258451057959,50.16792653876926,48.66627703713217,0
2087,10.707505041927497,0.629312737027102,-3.6074368698547774,5.870708345972182,0.17062402412103592,1.531798245614035,50.48138567464767,45.44077206575102,50.48178243342822,51.83713201934828,42.71300518778631,47.7489710084678,49.55258451057959,50.16792653876926,48.66627703713217,0
2088,10.862646184637459,0.649937305083111,-5.465710703147606,5.925858790009988,0.11043815136137938,1.4576282500584092,50.48138567464767,45.44077206575102,50.48178243342822,51.83713201934828,42.71300518778631,47.7489710084678,49.55258451057959,50.16792653876926,48.66627703713217,0
2089,10.947145467271124,0.6461238440730567,0.2306611587577848,5.935687531638983,0.10439019333436998,1.55008304803227,50.48138567464767,45.44077206575102,50.48178243342822,51.83713201934828,42.71300518778631,47.7489710084678,49.55258451057959,50.16792653876926,48.66627703713217,0
2090,10.841968255809864,0.6213247409468712,-1.8673794441800007,5.91943134420815,0.12195392728281987,1.6112009777490204,50.48138567464767,45.44077206575102,50.48178243342822,51.83713201934828,42.71300518778631,47.7489710084678,49.55258451057959,50.16792653876926,48.66627703713217,0
2091,10.764451603687146,0.6721831150062935,0.0,5.905361848054571,0.1632501992939301,1.5451502609321577,50.48138567464767,45.44077206575102,50.48178243342822,51.83713201934828,42.71300518778631,47.7489710084678,49.55258451057959,50.16792653876926,48.66627703713217,0
2092,10.80164486321414,0.6838847542553975,-0.1473730749392086,6.01151224241176,0.15119284731210325,1.1703502779452146,50.48138567464767,45.44077206575102,50.48178243342822,51.83713201934828,42.71300518778631,47.7489710084678,49.55258451057959,50.16792653876926,48.66627703713217,0
2093,10.758961894207467,0.6491862567811935,2.1628904726447544,5.887214525734183,0.15840523015915545,1.5721934369602764,50.48138567464767,45.44077206575102,50.48178243342822,51.83713201934828,42.71300518778631,47.7489710084678,49.55258451057959,50.16792653876926,48.66627703713217,0
2094,10.780602850231894,0.6652844868122942,-1.4106784080707904,5.902906520126191,0.11814545837280287,1.5141649048625794,50.48138567464767,45.44077206575102,50.48178243342822,51.83713201934828,42.71300518778631,47.7489710084678,49.55258451057959,50.16792653876926,48.66627703713217,0
2095,10.599171512748043,0.6324219547031218,-0.7957559681697612,5.909169304381152,0.1410569105691057,1.5300982373023062,50.48138567464767,45.44077206575102,50.48178243342822,51.83713201934828,42.71300518778631,47.7489710084678,49.55258451057959,50.16792653876926,48.66627703713217,0
2096,10.855427241816253,0.6424108948716796,-1.7978336104993484,5.918893854273146,0.14065521241920337,1.5845323741007193,50.48138567464767,45.44077206575102,50.48178243342822,51.83713201934828,42.71300518778631,47.7489710084678,49.55258451057959,50.16792653876926,48.66627703713217,0
2098,11.031563169632639,0.6587943027492548,0.6293474660483604,5.889708638153595,0.1628275570583263,1.55739340305712,50.48138567464767,45.44077206575102,50.48178243342822,51.83713201934828,42.71300518778631,47.7489710084678,49.55258451057959,50.16792653876926,48.66627703713217,0
2099,10.91676160918115,0.6696894005212859,2.2263249348392704,5.914853444736142,0.13680154142581888,1.5713799093912866,50.48138567464767,45.44077206575102,50.48178243342822,51.83713201934828,42.71300518778631,47.7489710084678,49.55258451057959,50.16792653876926,48.66627703713217,0
2100,10.787424499842126,0.6540492028296906,0.0,5.88638177065483,0.18636288226511089,1.6434278721566369,50.48138567464767,45.44077206575102,50.48178243342822,51.83713201934828,42.71300518778631,47.7489710084678,49.55258451057959,50.16792653876926,48.66627703713217,0
2101,11.25661931302668,0.6469308366052552,0.3708849290244639,6.030444846748866,0.17129435701035245,1.7002263148059713,47.307778835035045,45.776856962647045,47.47254194699093,38.62209683106673,35.42690425802758,33.237518462085,47.2820300284997,43.82759482661313,42.369165268870645,1
2102,10.86702630771055,0.655095696932582,-3.5193525631584253,5.777497404613124,0.15119284731210325,1.6121311643414482,50.48138567464767,45.44077206575102,50.48178243342822,51.83713201934828,42.71300518778631,47.7489710084678,49.55258451057959,50.16792653876926,48.66627703713217,0
2105,11.00654162851174,0.6455863599867756,-3.2116374628064044,5.825705078613005,0.15117146694523206,1.698358532393454,50.48138567464767,45.44077206575102,50.48178243342822,51.83713201934828,42.71300518778631,47.7489710084678,49.55258451057959,50.16792653876926,48.66627703713217,0
2108,10.997000193409525,0.6683777847505491,-3.8782554126137434,5.938327448694853,0.18690925393208055,1.7695011973302084,50.48138567464767,45.44077206575102,50.48178243342822,51.83713201934828,42.71300518778631,47.7489710084678,49.55258451057959,50.16792653876926,48.66627703713217,0
2109,11.438000389848012,0.6651265939752357,-3.326557013491037,5.84035091743822,0.13380809595202398,1.4627908495309405,50.48138567464767,45.44077206575102,50.48178243342822,51.83713201934828,42.71300518778631,47.7489710084678,49.55258451057959,50.16792653876926,48.66627703713217,0
2110,10.780259606870022,0.6722587165234967,-10.864072764022234,5.802420444553201,0.17578560515340463,1.6596520387100233,50.48138567464767,45.44077206575102,50.48178243342822,51.83713201934828,42.71300518778631,47.7489710084678,49.55258451057959,50.16792653876926,48.66627703713217,0
2111,10.897698125010526,0.6716321033330088,-1.8336416447603285,5.887769310769217,0.15987129192929872,1.7062089413406196,50.48138567464767,45.44077206575102,50.48178243342822,51.83713201934828,42.71300518778631,47.7489710084678,49.55258451057959,50.16792653876926,48.66627703713217,0
2112,10.697676185011803,0.6452205882352942,-3.063725490196078,5.820082930352362,0.22771884603945672,1.762701870475317,50.48138567464767,45.44077206575102,50.48178243342822,51.83713201934828,42.71300518778631,47.7489710084678,49.55258451057959,50.16792653876926,48.66627703713217,0
2113,10.975018085215629,0.6578247595285776,0.6401628311611569,5.844992643207725,0.17459399148725155,1.5897615344738207,50.48138567464767,45.44077206575102,50.48178243342822,51.83713201934828,42.71300518778631,47.7489710084678,49.55258451057959,50.16792653876926,48.66627703713217,0
2114,10.748907221654415,0.6327795427321493,-2.864434144054997,5.820082930352362,0.14510289634146342,1.6089029726874906,50.48138567464767,45.44077206575102,50.48178243342822,51.83713201934828,42.71300518778631,47.7489710084678,49.55258451057959,50.16792653876926,48.66627703713217,0
2116,10.612042915023743,0.6196901549225388,-7.6211894052973514,5.795145480670174,0.1653051181102362,1.6096281874136416,50.48138567464767,45.44077206575102,50.48178243342822,51.83713201934828,42.71300518778631,47.7489710084678,49.55258451057959,50.16792653876926,48.66627703713217,0
2117,10.719223978179825,0.6408936134872519,-1.2872684992940786,5.813831979800159,0.18638551455420582,1.7826829268292683,50.48138567464767,45.44077206575102,50.48178243342822,51.83713201934828,42.71300518778631,47.7489710084678,49.55258451057959,50.16792653876926,48.66627703713217,0
2118,10.999212343057726,0.63033507230139,-1.0853961696019048,5.9301209168669295,0.16173802612481858,1.6647629434048903,50.48138567464767,45.44077206575102,50.48178243342822,51.83713201934828,42.71300518778631,47.7489710084678,49.55258451057959,50.16792653876926,48.66627703713217,0
2119,11.2529260021539,0.6504640875501803,17.17422247223572,6.35193228928541,0.18930950651974868,1.7342274887688,50.48138567464767,45.44077206575102,50.48178243342822,51.83713201934828,42.71300518778631,47.7489710084678,49.55258451057959,50.16792653876926,48.66627703713217,0
2120,10.866201840847683,0.6533987166779697,-3.8603996035265276,5.966403116512611,0.15885623510722796,1.6473547089019012,50.48138567464767,45.44077206575102,50.48178243342822,51.83713201934828,42.71300518778631,47.7489710084678,49.55258451057959,50.16792653876926,48.66627703713217,0
2121,10.869185401082518,0.6606111013832954,0.10943792680791456,5.940697430054329,0.14964734743943575,1.5717651624348596,50.48138567464767,45.44077206575102,50.48178243342822,51.83713201934828,42.71300518778631,47.7489710084678,49.55258451057959,50.16792653876926,48.66627703713217,0
2122,11.27607337959574,0.655392864508146,-0.0687426960885406,5.91052560460263,0.1712310788345437,1.5766057500070396,50.48138567464767,45.44077206575102,50.48178243342822,51.83713201934828,42.71300518778631,47.7489710084678,49.55258451057959,50.16792653876926,48.66627703713217,0
2124,11.246771327999761,0.6417727163083761,-0.60669410190999,5.9962033014551555,0.18363998184547708,1.662634501509182,50.48138567464767,45.44077206575102,50.48178243342822,51.83713201934828,42.71300518778631,47.7489710084678,49.55258451057959,50.16792653876926,48.66627703713217,0
2125,10.745263768090219,0.6424659130637455,-0.9322922736277823,5.86533426996377,0.19204580625193438,1.6363489237740734,50.48138567464767,45.44077206575102,50.48178243342822,51.83713201934828,42.71300518778631,47.7489710084678,49.55258451057959,50.16792653876926,48.66627703713217,0
2126,11.035158982596437,0.6443979966084316,-0.9070473636471191,5.872681011118015,0.11259403057510313,1.5005499705829688,50.48138567464767,45.44077206575102,50.48178243342822,51.83713201934828,42.71300518778631,47.7489710084678,49.55258451057959,50.16792653876926,48.66627703713217,0
2127,10.683958561267747,0.5915256426818241,-5.425655600051673,5.837438859468874,0.2039164751723449,1.82536490431398,50.48138567464767,45.44077206575102,50.48178243342822,51.83713201934828,42.71300518778631,47.7489710084678,49.55258451057959,50.16792653876926,48.66627703713217,0
2128,10.846749275134647,0.6372327197863796,-2.6906378034611387,5.923720895021463,0.1357114299675714,1.5463213006337835,50.48138567464767,45.44077206575102,50.48178243342822,51.83713201934828,42.71300518778631,47.7489710084678,49.55258451057959,50.16792653876926,48.66627703713217,0
2129,10.71915984066898,0.6421744754239724,-2.515090543259557,5.883322388488279,0.17382108349757247,1.5242538955894005,50.48138567464767,45.44077206575102,50.48178243342822,51.83713201934828,42.71300518778631,47.7489710084678,49.55258451057959,50.16792653876926,48.66627703713217,0
2130,10.680318496381902,0.63627806911389,-1.0757025682398815,5.855931151812786,0.15460188670022973,1.836504985634612,50.48138567464767,45.44077206575102,50.48178243342822,51.83713201934828,42.71300518778631,47.7489710084678,49.55258451057959,50.16792653876926,48.66627703713217,0
2131,10.73296688742332,0.6394424480017423,-1.5898943700315802,5.839478190110101,0.17730155259129673,1.6609610642812087,50.48138567464767,45.44077206575102,50.48178243342822,51.83713201934828,42.71300518778631,47.7489710084678,49.55258451057959,50.16792653876926,48.66627703713217,0
2132,10.590302225022864,0.6570742358078603,-0.8296943231441047,5.865901324132636,0.17839390761092616,1.7363260108245782,50.48138567464767,45.44077206575102,50.48178243342822,51.83713201934828,42.71300518778631,47.7489710084678,49.55258451057959,50.16792653876926,48.66627703713217,0
2133,10.598243438435489,0.6287425149700598,-1.0798075979189163,5.80392942326114,0.19708284204550416,1.786410821012897,50.48138567464767,45.44077206575102,50.48178243342822,51.83713201934828,42.71300518778631,47.7489710084678,49.55258451057959,50.16792653876926,48.66627703713217,0
2134,10.829217593625023,0.6349918984607076,2.7342695112071294,5.923185706354688,0.1146499834115361,1.50183414516808,50.48138567464767,45.44077206575102,50.48178243342822,51.83713201934828,42.71300518778631,47.7489710084678,49.55258451057959,50.16792653876926,48.66627703713217,0
2136,10.829940474007921,0.6170454545454546,-2.789256198347107,5.832761855912661,0.1263905325443787,1.707074112670876,50.48138567464767,45.44077206575102,50.48178243342822,51.83713201934828,42.71300518778631,47.7489710084678,49.55258451057959,50.16792653876926,48.66627703713217,0
2137,10.76558816669966,0.6489734601902855,-2.103154732098147,5.842964538789538,0.15599688829908936,1.522490052476789,50.48138567464767,45.44077206575102,50.48178243342822,51.83713201934828,42.71300518778631,47.7489710084678,49.55258451057959,50.16792653876926,48.66627703713217,0
2138,10.698374200665302,0.6362233878432583,-0.23141005862388153,5.874649792516147,0.12202254610631574,1.5984549995346384,50.48138567464767,45.44077206575102,50.48178243342822,51.83713201934828,42.71300518778631,47.7489710084678,49.55258451057959,50.16792653876926,48.66627703713217,0
2139,10.645374896015463,0.6112485276796231,-4.47585394581861,5.879974171074619,0.1619177282894097,1.6153100472184871,50.48138567464767,45.44077206575102,50.48178243342822,51.83713201934828,42.71300518778631,47.7489710084678,49.55258451057959,50.16792653876926,48.66627703713217,0
2140,10.868659872971806,0.6457731860370786,-1.9565269261053184,5.928258471204189,0.1413805500629157,1.6006466589288675,50.48138567464767,45.44077206575102,50.48178243342822,51.83713201934828,42.71300518778631,47.7489710084678,49.55258451057959,50.16792653876926,48.66627703713217,0
2141,11.055476297635616,0.6873963297438193,-6.187304178404991,5.964607092938099,0.15119284731210325,1.6121311643414482,50.48138567464767,45.44077206575102,50.48178243342822,51.83713201934828,42.71300518778631,47.7489710084678,49.55258451057959,50.16792653876926,48.66627703713217,0
2142,10.81970828196017,0.6365422396856582,-1.9953339882121806,5.795145480670174,0.19984702332894233,1.820010055304173,50.48138567464767,45.44077206575102,50.48178243342822,51.83713201934828,42.71300518778631,47.7489710084678,49.55258451057959,50.16792653876926,48.66627703713217,0
2143,10.6835483969786,0.664653708246839,-1.6355287161099579,5.830708768228588,0.17141552511415525,1.6546988652894967,50.48138567464767,45.44077206575102,50.48178243342822,51.83713201934828,42.71300518778631,47.7489710084678,49.55258451057959,50.16792653876926,48.66627703713217,0
2144,11.412500527063177,0.6757129949302826,-4.085306257339137,5.566051801190121,0.16204477113264285,1.704467203228141,44.66559843447613,44.929863948453125,51.48045908274281,58.73588482407516,50.4401683881237,43.0509241200958,41.89995619116009,49.08514353142908,48.03599981506949,1
2145,11.239811428181376,0.6346007604562738,0.19011406844106463,5.291292751611072,0.14732326058571163,1.8603239881639,50.48138567464767,45.44077206575102,50.48178243342822,51.83713201934828,42.71300518778631,47.7489710084678,49.55258451057959,50.16792653876926,48.66627703713217,0
2146,11.541552765537602,0.6963820013502958,-5.811567534650974,5.392262979390565,0.08268394478008347,1.4500897666068222,50.48138567464767,45.44077206575102,50.48178243342822,51.83713201934828,42.71300518778631,47.7489710084678,49.55258451057959,50.16792653876926,48.66627703713217,0
2148,11.748783049344489,0.6717948717948717,-6.632478632478633,5.380358076884246,0.17448412117664278,1.7201976528721432,50.48138567464767,45.44077206575102,50.48178243342822,51.83713201934828,42.71300518778631,47.7489710084678,49.55258451057959,50.16792653876926,48.66627703713217,0
2149,10.85723397929638,0.6453422280722747,0.49359818116549,5.402677381872279,0.10042079424914527,1.5120452239454993,50.48138567464767,45.44077206575102,50.48178243342822,51.83713201934828,42.71300518778631,47.7489710084678,49.55258451057959,50.16792653876926,48.66627703713217,0
2150,11.045162523507608,0.6491368928141309,0.7582853829341184,5.318610069815799,0.1672767712339558,1.641139830890982,50.48138567464767,45.44077206575102,50.48178243342822,51.83713201934828,42.71300518778631,47.7489710084678,49.55258451057959,50.16792653876926,48.66627703713217,0
2151,11.087468341633121,0.6499000895748639,-3.3418314614483564,5.334649295795427,0.13364932749959488,1.637234496744583,50.48138567464767,45.44077206575102,50.48178243342822,51.83713201934828,42.71300518778631,47.7489710084678,49.55258451057959,50.16792653876926,48.66627703713217,0
2152,10.843865835939344,0.6143516006511123,3.1199131850244166,5.39725731440294,0.12047129658465691,1.6072930800542742,50.48138567464767,45.44077206575102,50.48178243342822,51.83713201934828,42.71300518778631,47.7489710084678,49.55258451057959,50.16792653876926,48.66627703713217,0
2153,11.523079735422343,0.6340535126627558,0.20031478036915154,5.310245937413311,0.13608940357128396,1.601657631063552,50.48138567464767,45.44077206575102,50.48178243342822,51.83713201934828,42.71300518778631,47.7489710084678,49.55258451057959,50.16792653876926,48.66627703713217,0
2154,10.923988739001327,0.6292911830081501,-0.8397135095085206,5.438079308923196,0.120752847944527,1.602972185962446,50.48138567464767,45.44077206575102,50.48178243342822,51.83713201934828,42.71300518778631,47.7489710084678,49.55258451057959,50.16792653876926,48.66627703713217,0
2155,11.270878107299248,0.632407707879406,-2.5188138395685566,5.2988172415896875,0.15544122232616153,1.633846153846154,50.48138567464767,45.44077206575102,50.48178243342822,51.83713201934828,42.71300518778631,47.7489710084678,49.55258451057959,50.16792653876926,48.66627703713217,0
2156,11.075737464666116,0.6257154707590211,1.2857735379510578,5.394081988532416,0.111273124943042,1.5275572692220458,50.48138567464767,45.44077206575102,50.48178243342822,51.83713201934828,42.71300518778631,47.7489710084678,49.55258451057959,50.16792653876926,48.66627703713217,0
2157,11.14699784675937,0.6315074135090609,0.8237232289950577,5.38357721049886,0.1452455131861863,1.6506371934326791,50.48138567464767,45.44077206575102,50.48178243342822,51.83713201934828,42.71300518778631,47.7489710084678,49.55258451057959,50.16792653876926,48.66627703713217,0
2158,11.659205250416917,0.6333800718604855,-1.3583384453597405,5.324472324024888,0.13328241359556997,1.5118448508653493,50.48138567464767,45.44077206575102,50.48178243342822,51.83713201934828,42.71300518778631,47.7489710084678,49.55258451057959,50.16792653876926,48.66627703713217,0
2159,10.850148407927133,0.6354245098334488,-5.240490317140018,5.399519247057004,0.12600289995166747,1.632171226831421,50.48138567464767,45.44077206575102,50.48178243342822,51.83713201934828,42.71300518778631,47.7489710084678,49.55258451057959,50.16792653876926,48.66627703713217,0
2160,11.16578775384157,0.6369486006667183,5.116675711295449,5.351384087484729,0.1509476534296029,1.6163661809500287,50.48138567464767,45.44077206575102,50.48178243342822,51.83713201934828,42.71300518778631,47.7489710084678,49.55258451057959,50.16792653876926,48.66627703713217,0
2161,11.10302302645713,0.6462253559078457,2.1444289756141375,6.118977867406942,0.17004228142278466,1.7581850021058232,50.48138567464767,45.44077206575102,50.48178243342822,51.83713201934828,42.71300518778631,47.7489710084678,49.55258451057959,50.16792653876926,48.66627703713217,0
2162,11.143703564719633,0.6426824559145321,1.9307504183292572,5.354697699984144,0.12798313296249775,1.6139721704203127,50.48138567464767,45.44077206575102,50.48178243342822,51.83713201934828,42.71300518778631,47.7489710084678,49.55258451057959,50.16792653876926,48.66627703713217,0
2163,10.820775786739373,0.6292455931817607,-0.7587061531069017,5.438079308923196,0.060224802257273696,1.4505232680881865,50.48138567464767,45.44077206575102,50.48178243342822,51.83713201934828,42.71300518778631,47.7489710084678,49.55258451057959,50.16792653876926,48.66627703713217,0
2164,11.376837664661107,0.655066140026073,0.19707386939276267,6.003887067106539,0.17476152971033518,1.7461605693594706,58.32861207005,57.48889052260676,50.99807285841608,62.036531266010925,55.19496034003452,60.27445789217045,51.990536302968096,57.77116405382168,56.76040316325981,1
2165,11.092435547593954,0.6543418611148922,1.4041824577491526,6.01713229385656,0.18558374201742936,1.7510793172690764,47.48316873801623,53.63893277496982,42.07330388372466,60.23510362848637,36.8657584094783,39.69189719907803,56.52912575432089,48.92698729919696,48.1805347109089,1
2166,11.547731640683509,0.6578073089700996,2.353266888150609,6.027555367252336,0.1352786204694236,1.4667899047472335,50.48138567464767,45.44077206575102,50.48178243342822,51.83713201934828,42.71300518778631,47.7489710084678,49.55258451057959,50.16792653876926,48.66627703713217,0
2167,10.928668563118356,0.6497968761223691,-1.7957906666773085,5.996949477338552,0.21362229102167182,1.7734774066797643,50.48138567464767,45.44077206575102,50.48178243342822,51.83713201934828,42.71300518778631,47.7489710084678,49.55258451057959,50.16792653876926,48.66627703713217,0
2168,11.091530650117715,0.6606032228426038,2.2704784790444554,5.940171252720432,0.1936565336949561,1.7405997269194413,54.1034464688238,39.09975363007689,51.56067391197744,60.05357126993038,34.942969379024895,41.445877709543424,57.74966501554223,52.25162714601565,48.90094806636684,1
2169,11.299436408674874,0.6530893696794615,1.3983220135836996,5.996949477338552,0.17859657357427833,1.7427513732983042,46.0406032930713,46.53895524373805,40.81771117813214,54.68623601736078,41.94586615103861,47.3546717320803,39.62445234206422,52.63701234576117,46.20568853790581,1
2170,11.419924915914207,0.6728920626201593,-1.3732491073880801,5.917548864157814,0.05420813605179244,1.6354324168920502,50.48138567464767,45.44077206575102,50.48178243342822,51.83713201934828,42.71300518778631,47.7489710084678,49.55258451057959,50.16792653876926,48.66627703713217,0
2171,10.783680529741886,0.646492135198389,0.7075600065313231,5.9327755507593025,0.13255434099761276,1.5280248021538712,50.48138567464767,45.44077206575102,50.48178243342822,51.83713201934828,42.71300518778631,47.7489710084678,49.55258451057959,50.16792653876926,48.66627703713217,0
2172,10.955409969874841,0.6518373162011774,-0.6989059433886187,5.924523141354101,0.15509278696783946,1.6479802600571127,50.48138567464767,45.44077206575102,50.48178243342822,51.83713201934828,42.71300518778631,47.7489710084678,49.55258451057959,50.16792653876926,48.66627703713217,0
2173,11.079846067828706,0.6434334763948498,2.777076495834385,5.980909033168466,0.1696383087111564,1.7081377151799686,50.48138567464767,45.44077206575102,50.48178243342822,51.83713201934828,42.71300518778631,47.7489710084678,49.55258451057959,50.16792653876926,48.66627703713217,0
2174,11.028149256498622,0.6498367983062311,1.8525597671067722,6.028760331851679,0.11693694418735665,1.5158128014600443,50.48138567464767,45.44077206575102,50.48178243342822,51.83713201934828,42.71300518778631,47.7489710084678,49.55258451057959,50.16792653876926,48.66627703713217,0
2175,11.170616829660643,0.6741748277112803,0.1088139281828074,5.953762679923971,0.1775941073187444,1.7314380184807958,50.48138567464767,45.44077206575102,50.48178243342822,51.83713201934828,42.71300518778631,47.7489710084678,49.55258451057959,50.16792653876926,48.66627703713217,0
2176,10.909820065084942,0.6601243159245996,0.40537801499898657,5.982676041074903,0.14882119667058874,1.496281289892879,50.48138567464767,45.44077206575102,50.48178243342822,51.83713201934828,42.71300518778631,47.7489710084678,49.55258451057959,50.16792653876926,48.66627703713217,0
2177,11.018442240444323,0.6708304504740356,3.8521233427454793,6.067730902561432,0.1870567375886525,1.8262887214448031,50.48138567464767,45.44077206575102,50.48178243342822,51.83713201934828,42.71300518778631,47.7489710084678,49.55258451057959,50.16792653876926,48.66627703713217,0
2178,11.00423422844502,0.6584502745576571,-2.501525320317267,5.923720895021463,0.1791126529121782,1.7684162343606957,50.48138567464767,45.44077206575102,50.48178243342822,51.83713201934828,42.71300518778631,47.7489710084678,49.55258451057959,50.16792653876926,48.66627703713217,0
2179,11.038293541676357,0.6413036438295833,3.7824324149276545,5.9917145158631895,0.1641197774048229,1.635340738169617,50.48138567464767,45.44077206575102,50.48178243342822,51.83713201934828,42.71300518778631,47.7489710084678,49.55258451057959,50.16792653876926,48.66627703713217,0
2180,10.92700266199779,0.6513019911203116,3.180072453899164,5.9909644220663,0.14093574445401238,1.5501658818493151,50.48138567464767,45.44077206575102,50.48178243342822,51.83713201934828,42.71300518778631,47.7489710084678,49.55258451057959,50.16792653876926,48.66627703713217,0
2181,10.953541400184923,0.6789648867844921,2.015845483099714,5.939381467237757,0.18283548818546588,1.647571179712711,50.48138567464767,45.44077206575102,50.48178243342822,51.83713201934828,42.71300518778631,47.7489710084678,49.55258451057959,50.16792653876926,48.66627703713217,0
2182,10.922058661307313,0.6630342605156038,5.342605156037992,5.9529835602897005,0.17049363605091158,1.626213059926531,50.48138567464767,45.44077206575102,50.48178243342822,51.83713201934828,42.71300518778631,47.7489710084678,49.55258451057959,50.16792653876926,48.66627703713217,0
2183,10.939658674635647,0.681176828855654,3.8065913243554172,5.965890295988552,0.13658308674661268,1.5856237866557679,50.48138567464767,45.44077206575102,50.48178243342822,51.83713201934828,42.71300518778631,47.7489710084678,49.55258451057959,50.16792653876926,48.66627703713217,0
2184,10.99562056260648,0.6531878445880778,-2.9510415017202414,5.955578268543573,0.16046772523299965,1.5589737985300949,50.48138567464767,45.44077206575102,50.48178243342822,51.83713201934828,42.71300518778631,47.7489710084678,49.55258451057959,50.16792653876926,48.66627703713217,0
2185,10.821995823851237,0.6481240170748146,2.022017524151876,5.962807837858177,0.14343073834485837,1.5380792821444798,50.48138567464767,45.44077206575102,50.48178243342822,51.83713201934828,42.71300518778631,47.7489710084678,49.55258451057959,50.16792653876926,48.66627703713217,0
2186,11.216635786473386,0.656238820209087,3.643783704999271,5.999928625520111,0.19640948132856564,1.7499543617159994,50.48138567464767,45.44077206575102,50.48178243342822,51.83713201934828,42.71300518778631,47.7489710084678,49.55258451057959,50.16792653876926,48.66627703713217,0
2187,10.928413831293977,0.6552346077118575,-0.9564670838684994,5.940171252720432,0.16468715562630096,1.8056010811121654,50.48138567464767,45.44077206575102,50.48178243342822,51.83713201934828,42.71300518778631,47.7489710084678,49.55258451057959,50.16792653876926,48.66627703713217,0
2188,11.21704991748992,0.6521288910814679,-1.9782055477675586,6.000424288479454,0.19646555294767362,1.8085394697940278,50.48138567464767,45.44077206575102,50.48178243342822,51.83713201934828,42.71300518778631,47.7489710084678,49.55258451057959,50.16792653876926,48.66627703713217,0
2189,11.353654197281658,0.6680418810302602,1.9066717072930193,6.027555367252336,0.17225190839694657,1.6462839406603613,50.48138567464767,45.44077206575102,50.48178243342822,51.83713201934828,42.71300518778631,47.7489710084678,49.55258451057959,50.16792653876926,48.66627703713217,0
2190,11.573935894706157,0.6467685977179685,1.6857767970939865,5.825705078613005,0.1481539342811019,1.6452421481883313,59.67864143150783,61.93703946754477,63.11375267881827,37.07802102216744,72.824480772169,49.353393113598855,74.20798500419139,71.86243390913434,61.25696842489148,1
2191,11.018389770245744,0.6425069843445258,0.41115386642770546,5.613857767128214,0.13972847862449916,1.6172895695009637,50.48138567464767,45.44077206575102,50.48178243342822,51.83713201934828,42.71300518778631,47.7489710084678,49.55258451057959,50.16792653876926,48.66627703713217,0
2192,11.079212105473474,0.6703281196619283,1.9458431739524382,5.610570092934022,0.17539921995731841,1.7031834471212954,50.48138567464767,45.44077206575102,50.48178243342822,51.83713201934828,42.71300518778631,47.7489710084678,49.55258451057959,50.16792653876926,48.66627703713217,0
2193,11.485931381025217,0.6360753346154593,-1.714357868562659,5.582367852765768,0.161884152487105,1.6990674241612178,47.612307253795215,58.40941690834494,60.46698770672087,43.77961679546043,56.57227546012399,47.52006681977886,63.155855561122976,63.36369308210767,55.110027448431865,1
2194,11.068155960207417,0.6369007861069722,2.5175974926784153,5.651787179537821,0.1349714417142638,1.5989289370750532,50.48138567464767,45.44077206575102,50.48178243342822,51.83713201934828,42.71300518778631,47.7489710084678,49.55258451057959,50.16792653876926,48.66627703713217,0
2195,10.966878453410684,0.6364632321504916,-1.4696451474989312,5.5506312951620265,0.13438310816856044,1.601217245307909,50.48138567464767,45.44077206575102,50.48178243342822,51.83713201934828,42.71300518778631,47.7489710084678,49.55258451057959,50.16792653876926,48.66627703713217,0
2196,10.891211110119793,0.6236668631759472,-0.2679672008146203,5.571773731735836,0.13601489081581694,1.7066988718011435,50.48138567464767,45.44077206575102,50.48178243342822,51.83713201934828,42.71300518778631,47.7489710084678,49.55258451057959,50.16792653876926,48.66627703713217,0
2197,10.92899674860528,0.6111731843575419,-1.797425309691523,5.559141984829935,0.15335801163405605,1.5942951738189226,50.48138567464767,45.44077206575102,50.48178243342822,51.83713201934828,42.71300518778631,47.7489710084678,49.55258451057959,50.16792653876926,48.66627703713217,0
2198,10.911751995296394,0.6128882707464071,-5.4242002781641165,5.575191240283214,0.13107014388489208,1.5668100941969996,50.48138567464767,45.44077206575102,50.48178243342822,51.83713201934828,42.71300518778631,47.7489710084678,49.55258451057959,50.16792653876926,48.66627703713217,0
2199,10.995786621369858,0.6210520431550115,-1.397506847783554,5.539693686123306,0.04787913491609039,1.4879878511769173,50.48138567464767,45.44077206575102,50.48178243342822,51.83713201934828,42.71300518778631,47.7489710084678,49.55258451057959,50.16792653876926,48.66627703713217,0
2200,10.889875079682428,0.6429031274353675,-3.591637583437807,5.528635121610247,0.1713165572574763,1.6615403172305652,50.48138567464767,45.44077206575102,50.48178243342822,51.83713201934828,42.71300518778631,47.7489710084678,49.55258451057959,50.16792653876926,48.66627703713217,0
2201,11.037943062175016,0.6537861796432767,-1.0253123998718359,5.574432802628352,0.14566003616636528,1.5601632555783955,50.48138567464767,45.44077206575102,50.48178243342822,51.83713201934828,42.71300518778631,47.7489710084678,49.55258451057959,50.16792653876926,48.66627703713217,0
2202,10.974757763545632,0.6340253748558247,-0.5767012687427913,5.638354669333745,0.06832029730780866,1.4693489350664322,50.48138567464767,45.44077206575102,50.48178243342822,51.83713201934828,42.71300518778631,47.7489710084678,49.55258451057959,50.16792653876926,48.66627703713217,0
2203,10.958790380503583,0.6399490644122953,1.1142159810406425,5.689345426858432,0.16418990845220355,1.7216394025604551,50.48138567464767,45.44077206575102,50.48178243342822,51.83713201934828,42.71300518778631,47.7489710084678,49.55258451057959,50.16792653876926,48.66627703713217,0
2204,10.93190982485381,0.6279308103784432,-0.9498575213717941,5.557214087568064,0.1138379790156257,1.5475685841368398,50.48138567464767,45.44077206575102,50.48178243342822,51.83713201934828,42.71300518778631,47.7489710084678,49.55258451057959,50.16792653876926,48.66627703713217,0
2205,10.985897624643657,0.6369997046226554,1.8091862354157437,5.596568390349052,0.09353185473181938,1.5202144038318983,50.48138567464767,45.44077206575102,50.48178243342822,51.83713201934828,42.71300518778631,47.7489710084678,49.55258451057959,50.16792653876926,48.66627703713217,0
2206,10.967156367606036,0.6330374833754038,0.4071329696278805,5.588745664667843,0.1084216055326972,1.6094202470303174,50.48138567464767,45.44077206575102,50.48178243342822,51.83713201934828,42.71300518778631,47.7489710084678,49.55258451057959,50.16792653876926,48.66627703713217,0
2207,10.898489644695593,0.6344170559126856,-1.618646811265782,5.543222409643759,0.07939327029232468,1.421060560409762,50.48138567464767,45.44077206575102,50.48178243342822,51.83713201934828,42.71300518778631,47.7489710084678,49.55258451057959,50.16792653876926,48.66627703713217,0
2208,10.922838356074667,0.6306320820578917,-6.014714569571988,5.543222409643759,0.11003425515916117,1.4839328674533165,50.48138567464767,45.44077206575102,50.48178243342822,51.83713201934828,42.71300518778631,47.7489710084678,49.55258451057959,50.16792653876926,48.66627703713217,0
2209,11.211644681077852,0.6421086496920673,-2.6197260777645,5.7120812774708964,0.17029046339825385,1.5720614294152393,50.48138567464767,45.44077206575102,50.48178243342822,51.83713201934828,42.71300518778631,47.7489710084678,49.55258451057959,50.16792653876926,48.66627703713217,0
2210,11.310834984312127,0.6527661254503282,10.814926572711698,6.518704712142068,0.2287359900373599,1.842100391104117,50.48138567464767,45.44077206575102,50.48178243342822,51.83713201934828,42.71300518778631,47.7489710084678,49.55258451057959,50.16792653876926,48.66627703713217,0
2211,11.717141414042148,0.6523790376625117,1.8496180136710896,5.506550305126492,0.0570656705466431,1.3658344171766061,50.48138567464767,45.44077206575102,50.48178243342822,51.83713201934828,42.71300518778631,47.7489710084678,49.55258451057959,50.16792653876926,48.66627703713217,0
2212,10.906948148840115,0.6274934840391215,2.6321901370287217,5.606904399679714,0.13306574756773265,1.5893562834811628,50.48138567464767,45.44077206575102,50.48178243342822,51.83713201934828,42.71300518778631,47.7489710084678,49.55258451057959,50.16792653876926,48.66627703713217,0
2213,10.914753862787247,0.6453629576324548,1.0794279032112981,5.583120298248974,0.09735042735042736,1.5574504785221455,50.48138567464767,45.44077206575102,50.48178243342822,51.83713201934828,42.71300518778631,47.7489710084678,49.55258451057959,50.16792653876926,48.66627703713217,0
2214,10.980811510797558,0.6330912733191436,0.7825215975960937,5.692384429703832,0.15119284731210325,1.1149415230262198,50.48138567464767,45.44077206575102,50.48178243342822,51.83713201934828,42.71300518778631,47.7489710084678,49.55258451057959,50.16792653876926,48.66627703713217,0
2215,11.042824230961303,0.6321169772256728,-0.28036576949620423,5.5902404332570725,0.12930245331380447,1.5385742479516775,50.48138567464767,45.44077206575102,50.48178243342822,51.83713201934828,42.71300518778631,47.7489710084678,49.55258451057959,50.16792653876926,48.66627703713217,0
2216,11.798874035775858,0.7262828586519319,6.125940672724892,5.479388141440339,0.1591126009730661,1.6867445776303287,51.71082920247029,87.4770816694322,67.41998009518022,49.864635189931306,51.327927940713785,75.04442553841007,60.51622419630991,68.3322666646532,63.961671312137625,1
2217,11.865551523222672,0.6995974916374736,8.279494215425006,5.393172897560715,0.16106149527940802,1.6275477678002221,50.48138567464767,45.44077206575102,50.48178243342822,51.83713201934828,42.71300518778631,47.7489710084678,49.55258451057959,50.16792653876926,48.66627703713217,0
2218,11.646094416921065,0.6791946462016354,5.927093326024393,5.4165447479126865,0.13544331104194274,1.4278932954660717,50.48138567464767,45.44077206575102,50.48178243342822,51.83713201934828,42.71300518778631,47.7489710084678,49.55258451057959,50.16792653876926,48.66627703713217,0
2219,11.733936343754186,0.6925535583611604,4.289715617088208,5.413430173648541,0.1690723343649859,1.6822341938197185,50.48138567464767,45.44077206575102,50.48178243342822,51.83713201934828,42.71300518778631,47.7489710084678,49.55258451057959,50.16792653876926,48.66627703713217,0
2220,11.808946917925816,0.6975432992025556,4.950750757909877,5.49017662782248,0.1504490065888219,1.6434916109222502,54.82254951588862,78.12036073955898,53.05698090187416,50.069922076222376,49.69817252274268,54.09409893364087,49.23203967179922,52.809111528004,55.237904486216365,1
2221,11.690122245836932,0.7009885220642972,3.9523570451673216,5.421861552639491,0.14660118764250457,1.6245732548848697,52.89999802768734,71.31422774406188,59.31841616443441,53.98301135671463,52.31938168288146,51.44915822011561,57.84922722792165,70.4038131672499,58.69215419888336,1
2222,11.677718456827083,0.6828011381599747,2.078722731583939,5.46848199307136,0.15220569700025208,1.703566499600494,50.48138567464767,45.44077206575102,50.48178243342822,51.83713201934828,42.71300518778631,47.7489710084678,49.55258451057959,50.16792653876926,48.66627703713217,0
2223,11.655212043853982,0.6782061849375706,7.845651311170132,5.399519247057004,0.15978621452266864,1.5078830260648441,50.48138567464767,45.44077206575102,50.48178243342822,51.83713201934828,42.71300518778631,47.7489710084678,49.55258451057959,50.16792653876926,48.66627703713217,0
2224,11.680823501098459,0.6816656969907035,0.272334525828454,5.446306244261486,0.19386810759172463,1.7444140397750534,50.48138567464767,45.44077206575102,50.48178243342822,51.83713201934828,42.71300518778631,47.7489710084678,49.55258451057959,50.16792653876926,48.66627703713217,0
2225,11.675856059722234,0.6717068141759691,7.937123790309172,5.362699625477305,0.08966015907447578,1.389565719104365,50.48138567464767,45.44077206575102,50.48178243342822,51.83713201934828,42.71300518778631,47.7489710084678,49.55258451057959,50.16792653876926,48.66627703713217,0
2226,11.855668711925489,0.6924820346071789,12.084106444574724,5.630853294633443,0.1483948539136708,1.5739596768719029,46.59178330585952,68.93697760089427,57.98343665579505,56.491050127469634,51.23312664543945,53.47595338826702,45.0591408888095,67.71921070543264,55.936334914745885,1
2227,11.647598830295648,0.6524116028461641,2.9455616567875196,5.461710913456472,0.1384923817161187,1.5095278443815465,50.48138567464767,45.44077206575102,50.48178243342822,51.83713201934828,42.71300518778631,47.7489710084678,49.55258451057959,50.16792653876926,48.66627703713217,0
2228,11.863979440825663,0.6662298956888135,6.590103283490057,5.50573795739701,0.12934000173455523,1.5661328092330853,50.48138567464767,45.44077206575102,50.48178243342822,51.83713201934828,42.71300518778631,47.7489710084678,49.55258451057959,50.16792653876926,48.66627703713217,0
2229,11.894587514717314,0.682106255565061,-6.843933865251323,5.413430173648541,0.10706423854312587,1.4284516322252172,50.48138567464767,45.44077206575102,50.48178243342822,51.83713201934828,42.71300518778631,47.7489710084678,49.55258451057959,50.16792653876926,48.66627703713217,0
2230,11.720707632051738,0.6627189031223221,3.405770033618246,5.4089638866351,0.16161464134132025,1.651324407735518,50.48138567464767,45.44077206575102,50.48178243342822,51.83713201934828,42.71300518778631,47.7489710084678,49.55258451057959,50.16792653876926,48.66627703713217,0
2231,11.666275538683637,0.6443283729181039,0.03285043198318058,5.446306244261486,0.11595873975505624,1.6203391269285456,50.48138567464767,45.44077206575102,50.48178243342822,51.83713201934828,42.71300518778631,47.7489710084678,49.55258451057959,50.16792653876926,48.66627703713217,0
2232,11.839275934615369,0.7148148148148148,4.592592592592593,5.565286397402276,0.15663517768780927,1.623524487233152,50.48138567464767,45.44077206575102,50.48178243342822,51.83713201934828,42.71300518778631,47.7489710084678,49.55258451057959,50.16792653876926,48.66627703713217,0
2233,11.758465140303796,0.692940414507772,2.1632124352331608,5.594711379601839,0.1061503416856492,1.3887826787976505,50.48138567464767,45.44077206575102,50.48178243342822,51.83713201934828,42.71300518778631,47.7489710084678,49.55258451057959,50.16792653876926,48.66627703713217,0
2234,11.771102513734373,0.6784322892317283,1.4181081502259623,5.448460024977757,0.15695818961348765,1.5970230690324974,50.48138567464767,45.44077206575102,50.48178243342822,51.83713201934828,42.71300518778631,47.7489710084678,49.55258451057959,50.16792653876926,48.66627703713217,0
2235,11.565735159042404,0.650794503475617,0.0,5.502889532276811,0.13137650545431617,1.5878204025460176,50.48138567464767,45.44077206575102,50.48178243342822,51.83713201934828,42.71300518778631,47.7489710084678,49.55258451057959,50.16792653876926,48.66627703713217,0
2236,11.861599385920119,0.6936371082634907,5.659871973540681,5.986954391630096,0.13866057838660578,1.3875265653097923,50.48138567464767,45.44077206575102,50.48178243342822,51.83713201934828,42.71300518778631,47.7489710084678,49.55258451057959,50.16792653876926,48.66627703713217,0
2237,11.865308311020938,0.6830922719594594,4.011824324324324,5.618950539139504,0.16007422935496066,1.5583067092651757,50.48138567464767,45.44077206575102,50.48178243342822,51.83713201934828,42.71300518778631,47.7489710084678,49.55258451057959,50.16792653876926,48.66627703713217,0
2238,12.037925554662387,0.7134965127796669,2.3792747807084726,5.327876168789581,0.12698227157607636,1.5069403926783267,52.00445488601233,70.3217856283866,61.86073787978785,46.66336706649442,51.11375554623808,44.36815252494621,52.41277609669685,55.35854887697501,54.26294731319217,1
2241,11.775893393349838,0.734525447042641,1.5453325861395555,5.353752073436137,0.12117801047120419,1.4488423276696891,50.48138567464767,45.44077206575102,50.48178243342822,51.83713201934828,42.71300518778631,47.7489710084678,49.55258451057959,50.16792653876926,48.66627703713217,0
2242,12.070250058695107,0.7228837278965056,-4.36687354320537,5.3067814449601665,0.1327048417132216,1.4882657219366964,50.48138567464767,45.44077206575102,50.48178243342822,51.83713201934828,42.71300518778631,47.7489710084678,49.55258451057959,50.16792653876926,48.66627703713217,0
2243,11.959021189286988,0.7270990777428945,5.049639276495913,5.360352757467489,0.1421051342947384,1.4683199783615648,46.28074847569398,71.56570206519991,62.57575028144956,45.24792820469168,49.05918044819524,54.98214098920927,40.967044668178936,54.94067745314556,53.20239657322052,1
2244,12.089530964074752,0.7038441192029624,-6.700758243695997,5.2611345754203205,0.1011683420099321,1.7488252883383169,50.48138567464767,45.44077206575102,50.48178243342822,51.83713201934828,42.71300518778631,47.7489710084678,49.55258451057959,50.16792653876926,48.66627703713217,0
2245,12.168377008856348,0.7204015868914256,-9.477268236331302,5.331268466687723,0.14023962301985163,1.54907930984486,50.48138567464767,45.44077206575102,50.48178243342822,51.83713201934828,42.71300518778631,47.7489710084678,49.55258451057959,50.16792653876926,48.66627703713217,0
2248,12.107342875586346,0.6512201963534362,-2.776998597475456,5.260096153727839,0.16531547409235106,1.8165502335095913,50.48138567464767,45.44077206575102,50.48178243342822,51.83713201934828,42.71300518778631,47.7489710084678,49.55258451057959,50.16792653876926,48.66627703713217,0
2249,11.682563592731825,0.6457364765082317,-2.07843351747525,5.365040998590945,0.11840847435731817,1.7677016592738624,50.48138567464767,45.44077206575102,50.48178243342822,51.83713201934828,42.71300518778631,47.7489710084678,49.55258451057959,50.16792653876926,48.66627703713217,0
2250,12.004973080338768,0.6191254975776839,-1.974881969944765,5.289276621895888,0.12274546738874499,1.8187176644493717,50.48138567464767,45.44077206575102,50.48178243342822,51.83713201934828,42.71300518778631,47.7489710084678,49.55258451057959,50.16792653876926,48.66627703713217,0
2251,11.149211519571827,0.6599020939954455,0.5255109528791846,5.859360706474645,0.18037172627428893,1.7560357375897204,63.63325670502992,46.77478693112157,48.94153774747627,50.60940372500851,44.43426641683415,44.78694054316173,67.23455966930415,62.81109480041687,53.653230817294144,1
2252,11.070638164955573,0.6486299581865895,-0.26104757935617423,5.903452669784769,0.1806254354052171,1.6877675513698631,57.88915929355583,44.704685811716566,51.55509192471767,52.03662959351653,45.38701697585725,41.45465262001337,48.02756164074531,57.87272590677971,49.86594047086278,1
2253,11.040148393286096,0.6568592486923442,3.0908226343319067,5.872117789475416,0.10549031416240089,1.4530125899280575,50.48138567464767,45.44077206575102,50.48178243342822,51.83713201934828,42.71300518778631,47.7489710084678,49.55258451057959,50.16792653876926,48.66627703713217,0
2254,10.561960469162052,0.6587258371903076,-2.450313095562211,5.859931157146132,0.1528723404255319,1.7902486556714425,50.48138567464767,45.44077206575102,50.48178243342822,51.83713201934828,42.71300518778631,47.7489710084678,49.55258451057959,50.16792653876926,48.66627703713217,0
2255,10.646334007708875,0.623981753014011,-2.280873248615184,5.8585044198517515,0.12476433403571033,1.5551242236024845,50.48138567464767,45.44077206575102,50.48178243342822,51.83713201934828,42.71300518778631,47.7489710084678,49.55258451057959,50.16792653876926,48.66627703713217,0
2256,10.603367020309452,0.6219997921933986,-1.7663561112458006,5.863915226161007,0.12965179232917307,1.5812635379061373,50.48138567464767,45.44077206575102,50.48178243342822,51.83713201934828,42.71300518778631,47.7489710084678,49.55258451057959,50.16792653876926,48.66627703713217,0
2257,10.72228893193299,0.6474897403444176,-0.7670770528899629,5.869861725348733,0.17300857202592515,1.6502681518151816,50.48138567464767,45.44077206575102,50.48178243342822,51.83713201934828,42.71300518778631,47.7489710084678,49.55258451057959,50.16792653876926,48.66627703713217,0
2258,10.566438377660676,0.6052357880317597,-2.409883057253748,5.8732439157205505,0.13890422725320573,1.5125783758984555,50.48138567464767,45.44077206575102,50.48178243342822,51.83713201934828,42.71300518778631,47.7489710084678,49.55258451057959,50.16792653876926,48.66627703713217,0
2259,10.674842681705053,0.6423802532066377,-0.5540626644873535,5.8544986920348245,0.1372093023255814,1.508248730964467,50.48138567464767,45.44077206575102,50.48178243342822,51.83713201934828,42.71300518778631,47.7489710084678,49.55258451057959,50.16792653876926,48.66627703713217,0
2260,10.658374027551716,0.6280979322084814,-0.6508786862264057,5.863347044327539,0.10124402976785515,1.4763130233063901,50.48138567464767,45.44077206575102,50.48178243342822,51.83713201934828,42.71300518778631,47.7489710084678,49.55258451057959,50.16792653876926,48.66627703713217,0
2261,10.819572263189368,0.6340611057390537,-3.053590513512138,6.01200219832553,0.15119284731210325,1.1088621633798912,50.48138567464767,45.44077206575102,50.48178243342822,51.83713201934828,42.71300518778631,47.7489710084678,49.55258451057959,50.16792653876926,48.66627703713217,0
2262,10.781644340509315,0.6302517076822307,-2.9241134088144474,5.864766894062025,0.13150875565348485,1.5641738346542464,50.48138567464767,45.44077206575102,50.48178243342822,51.83713201934828,42.71300518778631,47.7489710084678,49.55258451057959,50.16792653876926,48.66627703713217,0
2263,10.649803392886136,0.6235409389111357,-10.309278350515465,5.859360706474645,-0.0024893917963224894,1.1523144467106856,50.48138567464767,45.44077206575102,50.48178243342822,51.83713201934828,42.71300518778631,47.7489710084678,49.55258451057959,50.16792653876926,48.66627703713217,0
2264,10.894325303026143,0.6345275246536013,-2.047185120459368,5.860501282589169,0.13030456852791877,1.5181532944867773,50.48138567464767,45.44077206575102,50.48178243342822,51.83713201934828,42.71300518778631,47.7489710084678,49.55258451057959,50.16792653876926,48.66627703713217,0
2265,10.798948850128196,0.6419225177456598,-4.703668861712135,5.847882818629958,0.07390595903165735,1.513071401586702,50.48138567464767,45.44077206575102,50.48178243342822,51.83713201934828,42.71300518778631,47.7489710084678,49.55258451057959,50.16792653876926,48.66627703713217,0
2266,10.592275244318621,0.6408033265504733,0.7962487835088029,5.84354441703136,0.12013767482517483,1.6855916207113513,50.48138567464767,45.44077206575102,50.48178243342822,51.83713201934828,42.71300518778631,47.7489710084678,49.55258451057959,50.16792653876926,48.66627703713217,0
2267,10.923265847186386,0.6156997833972703,-1.0699652913698166,5.839478190110101,0.13173212771969484,1.4641533188780864,50.48138567464767,45.44077206575102,50.48178243342822,51.83713201934828,42.71300518778631,47.7489710084678,49.55258451057959,50.16792653876926,48.66627703713217,0
2268,10.503748862278556,0.5874205385291229,-4.80644994573363,5.841513370344478,0.1171391664967027,1.5130363463696797,50.48138567464767,45.44077206575102,50.48178243342822,51.83713201934828,42.71300518778631,47.7489710084678,49.55258451057959,50.16792653876926,48.66627703713217,0
2269,10.628729152892095,0.6585415673725064,-3.7788520460270987,5.853064177371955,0.09803330115830115,1.5256101888726785,50.48138567464767,45.44077206575102,50.48178243342822,51.83713201934828,42.71300518778631,47.7489710084678,49.55258451057959,50.16792653876926,48.66627703713217,0
2270,10.599051809611678,0.6452088620618698,-2.94944783592839,5.87661470542904,0.15484821691718242,1.4614838984253085,50.48138567464767,45.44077206575102,50.48178243342822,51.83713201934828,42.71300518778631,47.7489710084678,49.55258451057959,50.16792653876926,48.66627703713217,0
2271,10.6552856437195,0.5942644032921811,2.282664609053498,5.857361562584502,0.138468809073724,1.4759877961505141,50.48138567464767,45.44077206575102,50.48178243342822,51.83713201934828,42.71300518778631,47.7489710084678,49.55258451057959,50.16792653876926,48.66627703713217,0
2272,10.877788668553777,0.6509884702314537,1.6021514605327152,5.885270350701578,0.11915342739695589,1.4853056009086392,50.48138567464767,45.44077206575102,50.48178243342822,51.83713201934828,42.71300518778631,47.7489710084678,49.55258451057959,50.16792653876926,48.66627703713217,0
2273,10.709691059888291,0.6468363509900668,3.390788358293303,5.8805329864007,0.16439770307761792,1.573167221742527,50.48138567464767,45.44077206575102,50.48178243342822,51.83713201934828,42.71300518778631,47.7489710084678,49.55258451057959,50.16792653876926,48.66627703713217,0
2274,11.14292498629497,0.6428261091801267,-0.8178286648947045,5.8732439157205505,0.16094753154748728,1.638457774049217,50.48138567464767,45.44077206575102,50.48178243342822,51.83713201934828,42.71300518778631,47.7489710084678,49.55258451057959,50.16792653876926,48.66627703713217,0
2275,11.348245378324341,0.6645561170973586,-1.6863206297744298,5.699774453258662,0.18858984078847613,1.7489807670160082,63.66714653443279,62.67066422010125,49.88969533700562,50.936702086453,58.52749436134606,58.72172235380288,52.97079385467418,51.81740144011997,56.15020252349197,1
2276,10.986075467310952,0.5809961172320003,-0.31535171571042825,5.734634938138965,0.18542867435158503,1.6542644019052755,50.48138567464767,45.44077206575102,50.48178243342822,51.83713201934828,42.71300518778631,47.7489710084678,49.55258451057959,50.16792653876926,48.66627703713217,0
2278,11.106290172463284,0.6253339694656489,-5.916030534351145,5.730748922886015,0.16029936472021583,1.5475095355620372,50.48138567464767,45.44077206575102,50.48178243342822,51.83713201934828,42.71300518778631,47.7489710084678,49.55258451057959,50.16792653876926,48.66627703713217,0
2279,11.179665662951292,0.6551399622885501,-1.4556484236681662,5.752572638825633,0.23390889430503586,1.8162857215177057,43.96014422979419,57.15416206530023,37.25466568378352,49.728122822283375,39.547664850162406,35.55230377207495,46.61488012763702,38.59133686189292,43.55041005161608,1
2280,11.093166180156347,0.631455178252281,1.0615853904349812,5.736249664793703,0.20825832583258325,1.7798672273797245,50.48138567464767,45.44077206575102,50.48178243342822,51.83713201934828,42.71300518778631,47.7489710084678,49.55258451057959,50.16792653876926,48.66627703713217,0
2281,11.33026144954401,0.6555374891499688,1.1394060906879226,5.680513847716846,0.180110057200782,1.714539655983688,53.13061124059314,66.57495269016829,33.816990382786145,57.17695196970689,49.36146202340938,47.42337323308029,48.75294233618551,57.27524418038176,51.68906600703893,1
2282,11.277105658344379,0.6304382940390768,1.9538408970894292,5.733664849138071,0.2002326695408198,1.7841895089725892,54.930431624329785,58.2103842877082,45.089089529850966,57.12145929495372,36.33867019756118,51.670353579499,49.64757931824349,39.24007694130375,49.03100559668127,1
2286,10.963310501662647,0.6298595417226879,1.4088737591898617,5.722931293494962,0.22127714139169088,1.8389608038381462,50.48138567464767,45.44077206575102,50.48178243342822,51.83713201934828,42.71300518778631,47.7489710084678,49.55258451057959,50.16792653876926,48.66627703713217,0
2287,10.951636027264046,0.6149236543546873,-1.5567687452017402,5.74748032992192,0.1792102001062511,1.6838195650871624,40.13913690549021,55.3496989599188,57.82337313924613,50.109912387281504,33.81986314918081,42.70553087538616,57.34281531605268,41.80910513804934,47.387429483825706,1
2288,10.960562312973005,0.6708203181853805,2.160794455826868,5.780126041243535,0.26293857201324555,1.9400891595085354,50.48138567464767,45.44077206575102,50.48178243342822,51.83713201934828,42.71300518778631,47.7489710084678,49.55258451057959,50.16792653876926,48.66627703713217,0
2289,11.15671612690597,0.6249548065721288,1.2988925936340872,5.699774453258662,0.2152445246879661,1.8138976520840895,50.48138567464767,45.44077206575102,50.48178243342822,51.83713201934828,42.71300518778631,47.7489710084678,49.55258451057959,50.16792653876926,48.66627703713217,0
2290,10.758249629078662,0.6934110787172012,-0.6997084548104956,5.643678550586496,0.15119284731210325,1.6121311643414482,50.48138567464767,45.44077206575102,50.48178243342822,51.83713201934828,42.71300518778631,47.7489710084678,49.55258451057959,50.16792653876926,48.66627703713217,0
2291,10.959284541926941,0.6324713728450988,0.4246885617214043,5.693395381769714,0.18943320514964052,1.5304507145474533,50.48138567464767,45.44077206575102,50.48178243342822,51.83713201934828,42.71300518778631,47.7489710084678,49.55258451057959,50.16792653876926,48.66627703713217,0
2292,10.998043291186098,0.6006042219373183,1.4216986760431078,5.733017599924536,0.1335225806451613,1.5063312229256913,50.48138567464767,45.44077206575102,50.48178243342822,51.83713201934828,42.71300518778631,47.7489710084678,49.55258451057959,50.16792653876926,48.66627703713217,0
2293,11.161665831732765,0.62120045466212,-2.7316393502731637,5.756374924775372,0.16416233090530696,1.6137630373599692,50.48138567464767,45.44077206575102,50.48178243342822,51.83713201934828,42.71300518778631,47.7489710084678,49.55258451057959,50.16792653876926,48.66627703713217,0
2294,10.789358251415976,0.6388025380062172,-2.4059958267683004,5.6240175061873385,0.19833422890918861,1.6823214285714285,50.48138567464767,45.44077206575102,50.48178243342822,51.83713201934828,42.71300518778631,47.7489710084678,49.55258451057959,50.16792653876926,48.66627703713217,0
2295,11.203824980544994,0.6084097415259512,0.539351947890304,5.637642672151656,0.18170767285811534,1.6385178666834281,50.48138567464767,45.44077206575102,50.48178243342822,51.83713201934828,42.71300518778631,47.7489710084678,49.55258451057959,50.16792653876926,48.66627703713217,0
2296,11.161367407410959,0.6073475479067109,-3.572165684982615,5.693395381769714,0.14536241243976353,1.589929941727231,50.48138567464767,45.44077206575102,50.48178243342822,51.83713201934828,42.71300518778631,47.7489710084678,49.55258451057959,50.16792653876926,48.66627703713217,0
2297,10.906777661327911,0.6204874647396279,3.6765871129282752,5.718342625987531,0.16973331516060153,1.5913254473764027,50.48138567464767,45.44077206575102,50.48178243342822,51.83713201934828,42.71300518778631,47.7489710084678,49.55258451057959,50.16792653876926,48.66627703713217,0
2298,11.029825248593724,0.6475802788945146,2.708203670372925,5.723911845951367,0.17703349282296652,1.6494303509038433,50.48138567464767,45.44077206575102,50.48178243342822,51.83713201934828,42.71300518778631,47.7489710084678,49.55258451057959,50.16792653876926,48.66627703713217,0
2299,11.06057627496309,0.625461615452757,-0.5637173130241708,5.6394217154958115,0.151870799478383,1.5929298339582219,50.48138567464767,45.44077206575102,50.48178243342822,51.83713201934828,42.71300518778631,47.7489710084678,49.55258451057959,50.16792653876926,48.66627703713217,0
2300,10.946252332458506,0.5866285208269473,-3.3888491536391814,5.732369931508114,0.13378244159433433,1.566218539500014,50.48138567464767,45.44077206575102,50.48178243342822,51.83713201934828,42.71300518778631,47.7489710084678,49.55258451057959,50.16792653876926,48.66627703713217,0
2301,10.887976973951554,0.6070096377785772,-3.048491848597883,5.739792912179234,0.16048868527002638,1.653087107151695,50.48138567464767,45.44077206575102,50.48178243342822,51.83713201934828,42.71300518778631,47.7489710084678,49.55258451057959,50.16792653876926,48.66627703713217,0
2302,10.761695678930892,0.6236964153022266,-7.610116073487586,5.669191029886582,0.10152256056901533,1.6063657407407408,50.48138567464767,45.44077206575102,50.48178243342822,51.83713201934828,42.71300518778631,47.7489710084678,49.55258451057959,50.16792653876926,48.66627703713217,0
2303,11.005160153667495,0.5993451446512671,-2.7450100919488674,5.729125282327996,0.22725734111872725,1.826912306558585,50.48138567464767,45.44077206575102,50.48178243342822,51.83713201934828,42.71300518778631,47.7489710084678,49.55258451057959,50.16792653876926,48.66627703713217,0
2304,11.019849709436679,0.638784113601065,10.22651632813603,5.728475087246572,0.12902920880990643,1.5322825380113336,50.48138567464767,45.44077206575102,50.48178243342822,51.83713201934828,42.71300518778631,47.7489710084678,49.55258451057959,50.16792653876926,48.66627703713217,0
2305,10.864650306485807,0.6156909597769813,-1.122334455667789,5.714392653768217,0.13917251648585408,1.5186283096409081,50.48138567464767,45.44077206575102,50.48178243342822,51.83713201934828,42.71300518778631,47.7489710084678,49.55258451057959,50.16792653876926,48.66627703713217,0
2307,11.0032708220052,0.583656330749354,-2.2609819121447026,5.678806488586024,0.17001490312965722,1.611833904643191,50.48138567464767,45.44077206575102,50.48178243342822,51.83713201934828,42.71300518778631,47.7489710084678,49.55258451057959,50.16792653876926,48.66627703713217,0
2308,10.74145559665402,0.5931951051236428,-1.9971676531464468,5.732369931508114,0.15104193598428048,1.6303757970424637,50.48138567464767,45.44077206575102,50.48178243342822,51.83713201934828,42.71300518778631,47.7489710084678,49.55258451057959,50.16792653876926,48.66627703713217,0
2309,10.873546513618466,0.5647965879265092,-4.046369203849519,5.658436372889324,0.15271859553434464,1.564631052101074,50.48138567464767,45.44077206575102,50.48178243342822,51.83713201934828,42.71300518778631,47.7489710084678,49.55258451057959,50.16792653876926,48.66627703713217,0
2310,11.541016199836744,0.6080052655395121,-1.007857172240734,5.698769932832657,0.13138624338624338,1.551767711452353,50.48138567464767,45.44077206575102,50.48178243342822,51.83713201934828,42.71300518778631,47.7489710084678,49.55258451057959,50.16792653876926,48.66627703713217,0
2311,11.009067179500926,0.6412713785148868,-0.6052902366684825,5.736894826106403,0.2090712396826669,1.7005396178624526,47.52748388684591,46.62865240441369,44.49002394475252,60.68095061273261,57.76972074308871,50.46560939178594,32.159913060655434,40.86438378661171,47.57334222886082,1
2312,11.274877644789708,0.6563368170392909,25.058429245491027,5.749711406544601,0.2380535738322789,1.8326103661106017,50.48138567464767,45.44077206575102,50.48178243342822,51.83713201934828,42.71300518778631,47.7489710084678,49.55258451057959,50.16792653876926,48.66627703713217,0
2313,10.76619816670802,0.6044920390120989,-5.169754762473663,5.823045895483019,0.15119284731210325,1.6121311643414482,50.48138567464767,45.44077206575102,50.48178243342822,51.83713201934828,42.71300518778631,47.7489710084678,49.55258451057959,50.16792653876926,48.66627703713217,0
2314,11.150521283103089,0.6328468918809965,1.1932596952350238,5.697093486505405,0.09599130047946221,1.4747563352826512,50.48138567464767,45.44077206575102,50.48178243342822,51.83713201934828,42.71300518778631,47.7489710084678,49.55258451057959,50.16792653876926,48.66627703713217,0
2315,10.773296553756797,0.6151111532445371,-2.01450443190975,5.697093486505405,0.1262041870728163,1.5844506772472295,50.48138567464767,45.44077206575102,50.48178243342822,51.83713201934828,42.71300518778631,47.7489710084678,49.55258451057959,50.16792653876926,48.66627703713217,0
2316,11.006757311664073,0.6286233149402808,-0.4540057274568694,5.8045323777563445,0.25237449118046135,1.7692283494290477,50.48138567464767,45.44077206575102,50.48178243342822,51.83713201934828,42.71300518778631,47.7489710084678,49.55258451057959,50.16792653876926,48.66627703713217,0
2317,10.893950254516092,0.6207495249950862,-6.32247919806067,5.665041646339771,0.18224395265054041,1.6924515470928256,50.48138567464767,45.44077206575102,50.48178243342822,51.83713201934828,42.71300518778631,47.7489710084678,49.55258451057959,50.16792653876926,48.66627703713217,0
2318,11.247851231852419,0.6484902048464903,-0.2380812234739301,6.037632227952989,0.16437651331719128,1.6591132164042164,49.58575340084913,52.2974346723462,43.522457087577386,46.05690721111576,40.62240812755585,43.11734554527257,48.60950916524098,43.73155246806935,45.9429209597534,1
2320,11.19098591543987,0.6301052875159088,-1.0268425315284044,5.929589143389895,0.17218941188952153,1.666182480673593,43.5612052123611,43.27981205570987,38.99100803302048,35.459665230966785,39.8101889886738,36.84103350503689,39.608742464225344,52.63750957903576,41.27364563362875,1
2321,10.833260982961644,0.6192211465245295,-3.861633851843794,5.91943134420815,0.17916915720263002,1.649403504411582,50.48138567464767,45.44077206575102,50.48178243342822,51.83713201934828,42.71300518778631,47.7489710084678,49.55258451057959,50.16792653876926,48.66627703713217,0
2322,10.86855701994298,0.6058461797658159,-0.3369556060988965,5.961005339623274,0.16050854191497815,1.5315926609488655,50.48138567464767,45.44077206575102,50.48178243342822,51.83713201934828,42.71300518778631,47.7489710084678,49.55258451057959,50.16792653876926,48.66627703713217,0
2323,10.728257117222824,0.6064118141882419,4.486400598186746,5.847016642742108,0.173233240891269,1.602848279751833,50.48138567464767,45.44077206575102,50.48178243342822,51.83713201934828,42.71300518778631,47.7489710084678,49.55258451057959,50.16792653876926,48.66627703713217,0
2324,11.036090555571475,0.6316754908908992,-3.2517613707424853,5.954281755980266,0.12517422777752799,1.4530074140141591,50.48138567464767,45.44077206575102,50.48178243342822,51.83713201934828,42.71300518778631,47.7489710084678,49.55258451057959,50.16792653876926,48.66627703713217,0
2325,10.89847670431838,0.606325132281583,3.7307063958450173,5.893024474294729,0.13392643612187305,1.4615407276476653,50.48138567464767,45.44077206575102,50.48178243342822,51.83713201934828,42.71300518778631,47.7489710084678,49.55258451057959,50.16792653876926,48.66627703713217,0
2326,10.799571495451781,0.6134771716345416,0.613528298992791,5.8687317817256845,0.13595151029404398,1.5614467866982764,50.48138567464767,45.44077206575102,50.48178243342822,51.83713201934828,42.71300518778631,47.7489710084678,49.55258451057959,50.16792653876926,48.66627703713217,0
2327,11.04758295580665,0.6190397714787959,-0.878927708196001,5.903998521326706,0.13531636863823934,1.4802657913697863,50.48138567464767,45.44077206575102,50.48178243342822,51.83713201934828,42.71300518778631,47.7489710084678,49.55258451057959,50.16792653876926,48.66627703713217,0
2328,10.97975368187129,0.5885389554051709,-0.8242234947076176,5.8886009116487426,0.11850702768767922,1.5240415166278332,50.48138567464767,45.44077206575102,50.48178243342822,51.83713201934828,42.71300518778631,47.7489710084678,49.55258451057959,50.16792653876926,48.66627703713217,0
2329,10.926220814479331,0.6094145306790013,0.45999335565152943,5.925057614910383,0.1108000722412859,1.4745644013670234,50.48138567464767,45.44077206575102,50.48178243342822,51.83713201934828,42.71300518778631,47.7489710084678,49.55258451057959,50.16792653876926,48.66627703713217,0
2330,10.822650156634712,0.614864062685504,-2.493173453638846,5.876053695596654,0.15115869903986326,1.5522782302443319,50.48138567464767,45.44077206575102,50.48178243342822,51.83713201934828,42.71300518778631,47.7489710084678,49.55258451057959,50.16792653876926,48.66627703713217,0
2332,10.715341786161297,0.5993390357698289,-2.624416796267496,5.857361562584502,0.1296465106857085,1.5652944652353753,50.48138567464767,45.44077206575102,50.48178243342822,51.83713201934828,42.71300518778631,47.7489710084678,49.55258451057959,50.16792653876926,48.66627703713217,0
2333,10.992147143681603,0.6301386335915892,0.3951143254711309,5.97685839471862,0.15553465036061462,1.650484656991378,50.48138567464767,45.44077206575102,50.48178243342822,51.83713201934828,42.71300518778631,47.7489710084678,49.55258451057959,50.16792653876926,48.66627703713217,0
2334,11.135833505037226,0.6334933111631774,3.533368604035976,6.124683390894205,0.2513909098690405,1.8220695647451737,50.48138567464767,45.44077206575102,50.48178243342822,51.83713201934828,42.71300518778631,47.7489710084678,49.55258451057959,50.16792653876926,48.66627703713217,0
2335,10.9608767245786,0.636332466641904,1.2857510214577559,5.916741000912046,0.21995097263956984,1.7661138839693018,57.655618837014536,37.46453679707329,49.0080772571482,50.56077919183068,36.10064056074495,37.16554878578451,29.511804912807907,55.59547555097984,44.132810236673,1
2336,10.963826678982745,0.6414793765607509,0.053818995952811505,5.937536205082426,0.18977104453810228,1.7417419756933623,50.48138567464767,45.44077206575102,50.48178243342822,51.83713201934828,42.71300518778631,47.7489710084678,49.55258451057959,50.16792653876926,48.66627703713217,0
2337,11.256760147269532,0.6516087029569892,15.632000448028673,6.580222961930396,0.14817496229260935,1.5536450012612462,50.48138567464767,45.44077206575102,50.48178243342822,51.83713201934828,42.71300518778631,47.7489710084678,49.55258451057959,50.16792653876926,48.66627703713217,0
2338,11.24256058072706,0.6492253748422875,-3.293624013379889,4.997887721273753,0.1488796586702834,1.6828463430731386,61.495253148083656,57.22971299305282,42.54397163858004,40.17494834475636,42.18660140062716,48.53613239470675,29.785252035022687,46.23980692307663,46.02395985973827,1
2339,11.032388150753393,0.6435791465418513,-5.2780959020066724,5.160777952525975,0.13892930994868652,1.758389439643747,50.48138567464767,45.44077206575102,50.48178243342822,51.83713201934828,42.71300518778631,47.7489710084678,49.55258451057959,50.16792653876926,48.66627703713217,0
2340,11.10819858430512,0.6877657675203688,-3.6355373778686664,4.948759890378168,0.21327783265133343,1.8267755752564996,50.48138567464767,45.44077206575102,50.48178243342822,51.83713201934828,42.71300518778631,47.7489710084678,49.55258451057959,50.16792653876926,48.66627703713217,0
2341,11.483411171738144,0.6900166531448824,-2.2631196891412952,4.971894465779825,0.15767521987487532,1.6538818761345886,50.48138567464767,45.44077206575102,50.48178243342822,51.83713201934828,42.71300518778631,47.7489710084678,49.55258451057959,50.16792653876926,48.66627703713217,0
2342,10.943363123674503,0.6294453290870489,-7.165605095541402,4.935193098929397,0.16357744141010946,1.7251352813852814,50.48138567464767,45.44077206575102,50.48178243342822,51.83713201934828,42.71300518778631,47.7489710084678,49.55258451057959,50.16792653876926,48.66627703713217,0
2343,11.479373852058835,0.6488807322820374,-0.4078303425774878,4.975353479951616,0.20800112890707684,1.7463682764036121,50.48138567464767,45.44077206575102,50.48178243342822,51.83713201934828,42.71300518778631,47.7489710084678,49.55258451057959,50.16792653876926,48.66627703713217,0
2344,12.205357890153397,0.7317401045556385,-0.7468259895444362,5.777497404613124,0.13739791305946708,1.8425748719805515,41.58577327117453,79.43730603304581,39.52587009276056,67.36330308695355,26.44680026812622,53.10518225667143,55.82169857986496,33.70629950831816,49.624029137114405,1
2345,12.04797393246589,0.7020527859237536,14.467253176930596,5.777497404613124,0.15885202449501873,1.9191558101619874,50.48138567464767,45.44077206575102,50.48178243342822,51.83713201934828,42.71300518778631,47.7489710084678,49.55258451057959,50.16792653876926,48.66627703713217,0
2346,11.952159916014883,0.6996327030336009,-1.6324309617739083,5.777497404613124,0.03765857346887339,2.0584538688386465,50.48138567464767,45.44077206575102,50.48178243342822,51.83713201934828,42.71300518778631,47.7489710084678,49.55258451057959,50.16792653876926,48.66627703713217,0
2347,12.242992155252383,0.7793224178766347,-14.828544949026877,4.712229258281499,0.15119284731210325,1.558902602193295,41.99122386135869,76.02736792171507,43.39822239114483,53.88722978221706,38.510785013957424,57.129136700503125,52.184231624679214,30.36478389840595,49.18662264924767,1
2348,12.028705196852547,0.7080195458465076,11.842483472262144,5.777497404613124,0.18178505743137732,1.9353247706422019,50.48138567464767,45.44077206575102,50.48178243342822,51.83713201934828,42.71300518778631,47.7489710084678,49.55258451057959,50.16792653876926,48.66627703713217,0
2349,12.20305559881844,0.7578715798157569,1.6499381273202254,4.730921391293652,0.09849939882262926,1.7199201722598603,50.48138567464767,45.44077206575102,50.48178243342822,51.83713201934828,42.71300518778631,47.7489710084678,49.55258451057959,50.16792653876926,48.66627703713217,0
2350,11.802166072275364,0.6984577922077922,-5.275974025974026,5.777497404613124,0.15119284731210325,1.6121311643414482,50.48138567464767,45.44077206575102,50.48178243342822,51.83713201934828,42.71300518778631,47.7489710084678,49.55258451057959,50.16792653876926,48.66627703713217,0
2351,11.590846230608618,0.6486299581865895,-0.9550527907605408,6.022963214167353,0.1837251796808381,1.6376637423386613,50.48138567464767,45.44077206575102,50.48178243342822,51.83713201934828,42.71300518778631,47.7489710084678,49.55258451057959,50.16792653876926,48.66627703713217,0
2352,11.989527278244191,0.6486299581865895,-0.9550527907605408,6.039540170339545,0.17126619347793717,1.620716553287982,50.48138567464767,45.44077206575102,50.48178243342822,51.83713201934828,42.71300518778631,47.7489710084678,49.55258451057959,50.16792653876926,48.66627703713217,0
2353,12.064506201019908,0.6486299581865895,-0.9550527907605408,6.029723259225072,0.16456399453691056,1.6061081169361424,50.48138567464767,45.44077206575102,50.48178243342822,51.83713201934828,42.71300518778631,47.7489710084678,49.55258451057959,50.16792653876926,48.66627703713217,0
2354,11.70729498602879,0.6486299581865895,-0.9550527907605408,6.035481432524756,0.17300665698983933,1.6085621106758925,50.48138567464767,45.44077206575102,50.48178243342822,51.83713201934828,42.71300518778631,47.7489710084678,49.55258451057959,50.16792653876926,48.66627703713217,0
2355,11.528373526854311,0.6486299581865895,-0.9550527907605408,6.030444846748866,0.16375272151481163,1.6655794448512282,50.48138567464767,45.44077206575102,50.48178243342822,51.83713201934828,42.71300518778631,47.7489710084678,49.55258451057959,50.16792653876926,48.66627703713217,0
2356,11.744022900117287,0.6486299581865895,-0.9550527907605408,6.020052003959894,0.1629883886192379,1.628403320403995,50.48138567464767,45.44077206575102,50.48178243342822,51.83713201934828,42.71300518778631,47.7489710084678,49.55258451057959,50.16792653876926,48.66627703713217,0
2357,11.80678765111816,0.6486299581865895,-0.9550527907605408,6.0127366823835215,0.1538764905117617,1.601590780777789,50.48138567464767,45.44077206575102,50.48178243342822,51.83713201934828,42.71300518778631,47.7489710084678,49.55258451057959,50.16792653876926,48.66627703713217,0
2358,11.808576451118528,0.6486299581865895,-0.9550527907605408,6.013715156042802,0.17514896022232165,1.5871183550323025,50.48138567464767,45.44077206575102,50.48178243342822,51.83713201934828,42.71300518778631,47.7489710084678,49.55258451057959,50.16792653876926,48.66627703713217,0
2359,12.127623417593178,0.6486299581865895,-0.9550527907605408,5.969474529216367,0.1831831831831832,1.6157610741623791,50.48138567464767,45.44077206575102,50.48178243342822,51.83713201934828,42.71300518778631,47.7489710084678,49.55258451057959,50.16792653876926,48.66627703713217,0
2360,11.7628199967862,0.6486299581865895,-0.9550527907605408,5.983180327520285,0.1633285017788905,1.6375104467256414,50.48138567464767,45.44077206575102,50.48178243342822,51.83713201934828,42.71300518778631,47.7489710084678,49.55258451057959,50.16792653876926,48.66627703713217,0
2361,11.929594243585719,0.6486299581865895,-0.9550527907605408,5.989212012054688,0.1637927251985433,1.5939197708628445,50.48138567464767,45.44077206575102,50.48178243342822,51.83713201934828,42.71300518778631,47.7489710084678,49.55258451057959,50.16792653876926,48.66627703713217,0
2362,11.741440165800556,0.6486299581865895,-0.9550527907605408,5.91052560460263,0.15126170904224814,1.6231287488029034,50.48138567464767,45.44077206575102,50.48178243342822,51.83713201934828,42.71300518778631,47.7489710084678,49.55258451057959,50.16792653876926,48.66627703713217,0
2363,11.571981798842218,0.6486299581865895,-0.9550527907605408,5.938854596835685,0.16171945043495117,1.6532613941943046,50.48138567464767,45.44077206575102,50.48178243342822,51.83713201934828,42.71300518778631,47.7489710084678,49.55258451057959,50.16792653876926,48.66627703713217,0
2364,11.809552164705032,0.6486299581865895,-0.9550527907605408,6.030444846748866,0.1827354260089686,1.6670109854074437,50.48138567464767,45.44077206575102,50.48178243342822,51.83713201934828,42.71300518778631,47.7489710084678,49.55258451057959,50.16792653876926,48.66627703713217,0
2365,11.648836523941519,0.6486299581865895,-0.9550527907605408,6.019565977218857,0.1919989175536713,1.6772980098382793,50.48138567464767,45.44077206575102,50.48178243342822,51.83713201934828,42.71300518778631,47.7489710084678,49.55258451057959,50.16792653876926,48.66627703713217,0
2366,11.605062433643026,0.6486299581865895,-0.9550527907605408,6.000424288479454,0.16171957418241104,1.5895557106303793,50.48138567464767,45.44077206575102,50.48178243342822,51.83713201934828,42.71300518778631,47.7489710084678,49.55258451057959,50.16792653876926,48.66627703713217,0
2367,11.566447274372594,0.6486299581865895,-0.9550527907605408,5.983936280687191,0.1681163882688015,1.6647884271550089,50.48138567464767,45.44077206575102,50.48178243342822,51.83713201934828,42.71300518778631,47.7489710084678,49.55258451057959,50.16792653876926,48.66627703713217,0
2368,11.817935782428286,0.6486299581865895,-0.9550527907605408,5.967684018442578,0.171966473243069,1.626205393625715,50.48138567464767,45.44077206575102,50.48178243342822,51.83713201934828,42.71300518778631,47.7489710084678,49.55258451057959,50.16792653876926,48.66627703713217,0
2369,11.407823804695346,0.6486299581865895,-0.9550527907605408,5.983180327520285,0.15667431631287054,1.6407723239046035,50.48138567464767,45.44077206575102,50.48178243342822,51.83713201934828,42.71300518778631,47.7489710084678,49.55258451057959,50.16792653876926,48.66627703713217,0
2370,11.668929569002355,0.6486299581865895,-0.9550527907605408,5.8988008622445625,0.185797076377476,1.719206384253856,50.48138567464767,45.44077206575102,50.48178243342822,51.83713201934828,42.71300518778631,47.7489710084678,49.55258451057959,50.16792653876926,48.66627703713217,0
2371,12.91309413124461,0.6486299581865895,-0.9550527907605408,5.9482960517066035,0.15968423073231597,1.6242345298913963,50.48138567464767,45.44077206575102,50.48178243342822,51.83713201934828,42.71300518778631,47.7489710084678,49.55258451057959,50.16792653876926,48.66627703713217,0
2372,11.758647395457604,0.6486299581865895,-0.9550527907605408,5.965377212344664,0.16186658533397238,1.6276652202416257,50.48138567464767,45.44077206575102,50.48178243342822,51.83713201934828,42.71300518778631,47.7489710084678,49.55258451057959,50.16792653876926,48.66627703713217,0
2373,11.906060873771862,0.6486299581865895,-0.9550527907605408,6.024657514463746,0.19013094786624132,1.660863785272287,50.48138567464767,45.44077206575102,50.48178243342822,51.83713201934828,42.71300518778631,47.7489710084678,49.55258451057959,50.16792653876926,48.66627703713217,0
2374,11.717768987521442,0.6486299581865895,-0.9550527907605408,6.020780601442035,0.1708969024503005,1.6396678081625224,50.48138567464767,45.44077206575102,50.48178243342822,51.83713201934828,42.71300518778631,47.7489710084678,49.55258451057959,50.16792653876926,48.66627703713217,0
2375,11.617415201610028,0.6486299581865895,-0.9550527907605408,6.008075812913178,0.14417394875539027,1.6104967816471365,50.48138567464767,45.44077206575102,50.48178243342822,51.83713201934828,42.71300518778631,47.7489710084678,49.55258451057959,50.16792653876926,48.66627703713217,0
2376,11.786578843841987,0.6486299581865895,-0.9550527907605408,5.980909033168466,0.17768079800498754,1.6430363251343867,50.48138567464767,45.44077206575102,50.48178243342822,51.83713201934828,42.71300518778631,47.7489710084678,49.55258451057959,50.16792653876926,48.66627703713217,0
2377,11.680824346538136,0.6486299581865895,-0.9550527907605408,5.9604897428085515,0.16584147759073492,1.627529368349837,50.48138567464767,45.44077206575102,50.48178243342822,51.83713201934828,42.71300518778631,47.7489710084678,49.55258451057959,50.16792653876926,48.66627703713217,0
2378,11.82398245296253,0.6486299581865895,-0.9550527907605408,6.01151224241176,0.15260926765092822,1.5983046449269094,50.48138567464767,45.44077206575102,50.48178243342822,51.83713201934828,42.71300518778631,47.7489710084678,49.55258451057959,50.16792653876926,48.66627703713217,0
2379,11.698682779450074,0.6486299581865895,-0.9550527907605408,6.008567455007644,0.14778419119400849,1.5837458193979934,50.48138567464767,45.44077206575102,50.48178243342822,51.83713201934828,42.71300518778631,47.7489710084678,49.55258451057959,50.16792653876926,48.66627703713217,0
2380,11.847056391434064,0.6486299581865895,-0.9550527907605408,6.017863020962513,0.15511068529070646,1.6104314572526246,50.48138567464767,45.44077206575102,50.48178243342822,51.83713201934828,42.71300518778631,47.7489710084678,49.55258451057959,50.16792653876926,48.66627703713217,0
2381,11.550423541390312,0.6486299581865895,-0.9550527907605408,5.994460056087781,0.164654952890247,1.6359086474180609,50.48138567464767,45.44077206575102,50.48178243342822,51.83713201934828,42.71300518778631,47.7489710084678,49.55258451057959,50.16792653876926,48.66627703713217,0
2382,11.574752187503407,0.6486299581865895,-0.9550527907605408,6.008075812913178,0.1773261835170652,1.6192338261007788,50.48138567464767,45.44077206575102,50.48178243342822,51.83713201934828,42.71300518778631,47.7489710084678,49.55258451057959,50.16792653876926,48.66627703713217,0
2383,11.394700331603051,0.6486299581865895,-0.9550527907605408,6.000919705878737,0.16761437063840787,1.6183719595321806,50.48138567464767,45.44077206575102,50.48178243342822,51.83713201934828,42.71300518778631,47.7489710084678,49.55258451057959,50.16792653876926,48.66627703713217,0
2384,11.337276000184332,0.6486299581865895,-0.9550527907605408,5.996949477338552,0.17384201663776422,1.6299120131804956,50.48138567464767,45.44077206575102,50.48178243342822,51.83713201934828,42.71300518778631,47.7489710084678,49.55258451057959,50.16792653876926,48.66627703713217,0
2385,11.789244977342404,0.6486299581865895,-0.9550527907605408,6.0090588555089335,0.17786529921759356,1.64104307556601,50.48138567464767,45.44077206575102,50.48178243342822,51.83713201934828,42.71300518778631,47.7489710084678,49.55258451057959,50.16792653876926,48.66627703713217,0
2386,11.307289016093009,0.6486299581865895,-0.9550527907605408,5.992214265998528,0.1641347771236333,1.6284945350689295,50.48138567464767,45.44077206575102,50.48178243342822,51.83713201934828,42.71300518778631,47.7489710084678,49.55258451057959,50.16792653876926,48.66627703713217,0
2387,11.282112579351113,0.6486299581865895,-0.9550527907605408,6.002157176646725,0.163467524382652,1.6369898240329157,50.48138567464767,45.44077206575102,50.48178243342822,51.83713201934828,42.71300518778631,47.7489710084678,49.55258451057959,50.16792653876926,48.66627703713217,0
2388,11.794661645589963,0.6486299581865895,-0.9550527907605408,6.003887067106539,0.1609030924556801,1.6204894621889525,50.48138567464767,45.44077206575102,50.48178243342822,51.83713201934828,42.71300518778631,47.7489710084678,49.55258451057959,50.16792653876926,48.66627703713217,0
2389,11.672842913548951,0.6486299581865895,-0.9550527907605408,6.01151224241176,0.16891837229997572,1.5923983066445795,50.48138567464767,45.44077206575102,50.48178243342822,51.83713201934828,42.71300518778631,47.7489710084678,49.55258451057959,50.16792653876926,48.66627703713217,0
2390,11.387276070481771,0.6486299581865895,-0.9550527907605408,6.016157159698354,0.1796507372163547,1.6276691512729107,50.48138567464767,45.44077206575102,50.48178243342822,51.83713201934828,42.71300518778631,47.7489710084678,49.55258451057959,50.16792653876926,48.66627703713217,0
2391,11.771453148394416,0.6486299581865895,-0.9550527907605408,5.987456525710443,0.19322120575032672,1.5701092315861336,50.48138567464767,45.44077206575102,50.48178243342822,51.83713201934828,42.71300518778631,47.7489710084678,49.55258451057959,50.16792653876926,48.66627703713217,0
2392,11.556871534482486,0.6486299581865895,-0.9550527907605408,5.900718933801237,0.17567148614751557,1.6338972479925158,50.48138567464767,45.44077206575102,50.48178243342822,51.83713201934828,42.71300518778631,47.7489710084678,49.55258451057959,50.16792653876926,48.66627703713217,0
2393,11.70246673016918,0.6486299581865895,-0.9550527907605408,5.923185706354688,0.198391031598513,1.7400384498634018,50.48138567464767,45.44077206575102,50.48178243342822,51.83713201934828,42.71300518778631,47.7489710084678,49.55258451057959,50.16792653876926,48.66627703713217,0
2394,11.921461187247031,0.6486299581865895,-0.9550527907605408,5.962807837858177,0.11522504892367906,1.4433996514667442,50.48138567464767,45.44077206575102,50.48178243342822,51.83713201934828,42.71300518778631,47.7489710084678,49.55258451057959,50.16792653876926,48.66627703713217,0
2395,11.705056253554435,0.6486299581865895,-0.9550527907605408,5.922650231107622,0.1733956651083723,1.7122866302746729,50.48138567464767,45.44077206575102,50.48178243342822,51.83713201934828,42.71300518778631,47.7489710084678,49.55258451057959,50.16792653876926,48.66627703713217,0
2397,11.633892758824393,0.6486299581865895,-0.9550527907605408,5.9327755507593025,0.22099262240107312,1.6560185354106616,50.48138567464767,45.44077206575102,50.48178243342822,51.83713201934828,42.71300518778631,47.7489710084678,49.55258451057959,50.16792653876926,48.66627703713217,0
2398,11.600678067184555,0.6486299581865895,-0.9550527907605408,5.984439932171018,0.15994126879651663,1.6268862911795963,50.48138567464767,45.44077206575102,50.48178243342822,51.83713201934828,42.71300518778631,47.7489710084678,49.55258451057959,50.16792653876926,48.66627703713217,0
2399,11.585664643610533,0.6486299581865895,-0.9550527907605408,6.018349875889364,0.17599441058134774,1.6471249680552007,50.48138567464767,45.44077206575102,50.48178243342822,51.83713201934828,42.71300518778631,47.7489710084678,49.55258451057959,50.16792653876926,48.66627703713217,0
2400,11.911986779155185,0.6486299581865895,-0.9550527907605408,6.025382765311443,0.1732715315359041,1.646839040134718,50.48138567464767,45.44077206575102,50.48178243342822,51.83713201934828,42.71300518778631,47.7489710084678,49.55258451057959,50.16792653876926,48.66627703713217,0
2401,11.507472625224754,0.6486299581865895,-0.9550527907605408,5.998688392197302,0.16696856686201386,1.6246577893658627,50.48138567464767,45.44077206575102,50.48178243342822,51.83713201934828,42.71300518778631,47.7489710084678,49.55258451057959,50.16792653876926,48.66627703713217,0
2402,11.633157942736883,0.6486299581865895,-0.9550527907605408,5.985697952213645,0.1728465784814082,1.6670026573811052,50.48138567464767,45.44077206575102,50.48178243342822,51.83713201934828,42.71300518778631,47.7489710084678,49.55258451057959,50.16792653876926,48.66627703713217,0
2403,11.50721519235197,0.6486299581865895,-0.9550527907605408,5.9048167403823095,0.1793618392780404,1.7104902971782132,50.48138567464767,45.44077206575102,50.48178243342822,51.83713201934828,42.71300518778631,47.7489710084678,49.55258451057959,50.16792653876926,48.66627703713217,0
2404,11.326803094225452,0.6486299581865895,-0.9550527907605408,6.001662372084428,0.1599712165951217,1.6230663726800814,50.48138567464767,45.44077206575102,50.48178243342822,51.83713201934828,42.71300518778631,47.7489710084678,49.55258451057959,50.16792653876926,48.66627703713217,0
2405,11.471885738414741,0.6486299581865895,-0.9550527907605408,5.968963281761469,0.16306020823902218,1.6577978962451558,50.48138567464767,45.44077206575102,50.48178243342822,51.83713201934828,42.71300518778631,47.7489710084678,49.55258451057959,50.16792653876926,48.66627703713217,0
2406,11.449177031631075,0.6486299581865895,-0.9550527907605408,5.959715848793402,0.1872693492148329,1.67206648823778,50.48138567464767,45.44077206575102,50.48178243342822,51.83713201934828,42.71300518778631,47.7489710084678,49.55258451057959,50.16792653876926,48.66627703713217,0
2407,11.47597617019195,0.6486299581865895,-0.9550527907605408,5.983180327520285,0.1755665333646985,1.6630832156947912,50.48138567464767,45.44077206575102,50.48178243342822,51.83713201934828,42.71300518778631,47.7489710084678,49.55258451057959,50.16792653876926,48.66627703713217,0
2408,11.289049145246812,0.6486299581865895,-0.9550527907605408,5.961005339623274,0.1695293211924925,1.666128487215109,50.48138567464767,45.44077206575102,50.48178243342822,51.83713201934828,42.71300518778631,47.7489710084678,49.55258451057959,50.16792653876926,48.66627703713217,0
2409,11.484438538065012,0.6486299581865895,-0.9550527907605408,5.937008361311923,0.16126632289181353,1.6859417215180692,50.48138567464767,45.44077206575102,50.48178243342822,51.83713201934828,42.71300518778631,47.7489710084678,49.55258451057959,50.16792653876926,48.66627703713217,0
2410,11.301441179487243,0.6486299581865895,-0.9550527907605408,5.828357209237832,0.16444985131116518,1.6720852541012672,50.48138567464767,45.44077206575102,50.48178243342822,51.83713201934828,42.71300518778631,47.7489710084678,49.55258451057959,50.16792653876926,48.66627703713217,0
2411,11.331817171874128,0.6486299581865895,-0.9550527907605408,5.812337881210547,0.17126593243410468,1.7143871357069327,50.48138567464767,45.44077206575102,50.48178243342822,51.83713201934828,42.71300518778631,47.7489710084678,49.55258451057959,50.16792653876926,48.66627703713217,0
2412,11.604251354384223,0.6486299581865895,-0.9550527907605408,5.859360706474645,0.1718212259324714,1.68755449728352,50.48138567464767,45.44077206575102,50.48178243342822,51.83713201934828,42.71300518778631,47.7489710084678,49.55258451057959,50.16792653876926,48.66627703713217,0
2416,11.891151604607199,0.6486299581865895,-0.9550527907605408,5.895779296973574,0.15685903500473036,1.6588425604965171,50.48138567464767,45.44077206575102,50.48178243342822,51.83713201934828,42.71300518778631,47.7489710084678,49.55258451057959,50.16792653876926,48.66627703713217,0
2422,11.429716667185426,0.6486299581865895,-0.9550527907605408,5.8687317817256845,0.180139448741693,1.70132486836853,50.48138567464767,45.44077206575102,50.48178243342822,51.83713201934828,42.71300518778631,47.7489710084678,49.55258451057959,50.16792653876926,48.66627703713217,0
2423,11.99679563284599,0.6486299581865895,-0.9550527907605408,6.020052003959894,0.16817155756207675,1.602324583021958,50.48138567464767,45.44077206575102,50.48178243342822,51.83713201934828,42.71300518778631,47.7489710084678,49.55258451057959,50.16792653876926,48.66627703713217,0
2424,11.616329167317089,0.6486299581865895,-0.9550527907605408,6.016157159698354,0.17894185935864498,1.6275352183035268,50.48138567464767,45.44077206575102,50.48178243342822,51.83713201934828,42.71300518778631,47.7489710084678,49.55258451057959,50.16792653876926,48.66627703713217,0
2425,11.784020733817611,0.6486299581865895,-0.9550527907605408,6.016644845638281,0.17294812544794008,1.6043145821955216,50.48138567464767,45.44077206575102,50.48178243342822,51.83713201934828,42.71300518778631,47.7489710084678,49.55258451057959,50.16792653876926,48.66627703713217,0
2426,11.897352142491785,0.6486299581865895,-0.9550527907605408,5.943324171780047,0.15163696354299788,1.6326866051003983,50.48138567464767,45.44077206575102,50.48178243342822,51.83713201934828,42.71300518778631,47.7489710084678,49.55258451057959,50.16792653876926,48.66627703713217,0
2427,11.849569829633703,0.6486299581865895,-0.9550527907605408,6.002157176646725,0.15791104912443824,1.623829909587553,50.48138567464767,45.44077206575102,50.48178243342822,51.83713201934828,42.71300518778631,47.7489710084678,49.55258451057959,50.16792653876926,48.66627703713217,0
2428,11.617307101682348,0.6486299581865895,-0.9550527907605408,6.014448383498357,0.17148431483287982,1.6175191700496165,50.48138567464767,45.44077206575102,50.48178243342822,51.83713201934828,42.71300518778631,47.7489710084678,49.55258451057959,50.16792653876926,48.66627703713217,0
2429,11.455762345236854,0.6486299581865895,-0.9550527907605408,6.019565977218857,0.20175211238401328,1.7306273062730628,50.48138567464767,45.44077206575102,50.48178243342822,51.83713201934828,42.71300518778631,47.7489710084678,49.55258451057959,50.16792653876926,48.66627703713217,0
2430,11.576557325215003,0.6486299581865895,-0.9550527907605408,5.999928625520111,0.1722969504055858,1.6487481059239484,50.48138567464767,45.44077206575102,50.48178243342822,51.83713201934828,42.71300518778631,47.7489710084678,49.55258451057959,50.16792653876926,48.66627703713217,0
2431,11.718981451867064,0.6486299581865895,-0.9550527907605408,5.965377212344664,0.1548983081123842,1.6465068916609085,50.48138567464767,45.44077206575102,50.48178243342822,51.83713201934828,42.71300518778631,47.7489710084678,49.55258451057959,50.16792653876926,48.66627703713217,0
2432,11.616520322771237,0.6486299581865895,-0.9550527907605408,5.9917145158631895,0.1791434678206718,1.6421971252566736,50.48138567464767,45.44077206575102,50.48178243342822,51.83713201934828,42.71300518778631,47.7489710084678,49.55258451057959,50.16792653876926,48.66627703713217,0
2433,11.361337166105729,0.6486299581865895,-0.9550527907605408,6.003393117973256,0.18685767673621925,1.6686704061683506,50.48138567464767,45.44077206575102,50.48178243342822,51.83713201934828,42.71300518778631,47.7489710084678,49.55258451057959,50.16792653876926,48.66627703713217,0
2434,11.50524202278234,0.6486299581865895,-0.9550527907605408,6.010776858140355,0.15897734439431427,1.6511137081160279,50.48138567464767,45.44077206575102,50.48178243342822,51.83713201934828,42.71300518778631,47.7489710084678,49.55258451057959,50.16792653876926,48.66627703713217,0
2435,11.42221379579036,0.6486299581865895,-0.9550527907605408,5.999928625520111,0.1575879554602959,1.611661186325477,50.48138567464767,45.44077206575102,50.48178243342822,51.83713201934828,42.71300518778631,47.7489710084678,49.55258451057959,50.16792653876926,48.66627703713217,0
2436,11.789061386424935,0.6486299581865895,-0.9550527907605408,5.998688392197302,0.16338100459603855,1.6317158579289646,50.48138567464767,45.44077206575102,50.48178243342822,51.83713201934828,42.71300518778631,47.7489710084678,49.55258451057959,50.16792653876926,48.66627703713217,0
2437,11.37275608960552,0.6486299581865895,-0.9550527907605408,5.903998521326706,0.1575048365026188,1.701716738197425,50.48138567464767,45.44077206575102,50.48178243342822,51.83713201934828,42.71300518778631,47.7489710084678,49.55258451057959,50.16792653876926,48.66627703713217,0
2439,11.969298493218826,0.6486299581865895,-0.9550527907605408,6.032126528826872,0.19370987294033135,1.6351187629523354,50.48138567464767,45.44077206575102,50.48178243342822,51.83713201934828,42.71300518778631,47.7489710084678,49.55258451057959,50.16792653876926,48.66627703713217,0
2440,11.966510671534087,0.6486299581865895,-0.9550527907605408,6.0342845442909105,0.17466708655749505,1.6308164915117218,50.48138567464767,45.44077206575102,50.48178243342822,51.83713201934828,42.71300518778631,47.7489710084678,49.55258451057959,50.16792653876926,48.66627703713217,0
2441,11.764337666248977,0.6486299581865895,-0.9550527907605408,6.035002849122465,0.22806423629477604,1.6464474651521486,50.48138567464767,45.44077206575102,50.48178243342822,51.83713201934828,42.71300518778631,47.7489710084678,49.55258451057959,50.16792653876926,48.66627703713217,0
2442,11.941951488630602,0.6486299581865895,-0.9550527907605408,6.0292419114420115,0.19974600150811606,1.6411476313422877,50.48138567464767,45.44077206575102,50.48178243342822,51.83713201934828,42.71300518778631,47.7489710084678,49.55258451057959,50.16792653876926,48.66627703713217,0
2443,11.584476528159387,0.6486299581865895,-0.9550527907605408,6.0068456491462845,0.17701667228022902,1.713980653694762,50.48138567464767,45.44077206575102,50.48178243342822,51.83713201934828,42.71300518778631,47.7489710084678,49.55258451057959,50.16792653876926,48.66627703713217,0
2444,12.153829426422753,0.6486299581865895,-0.9550527907605408,6.004627533634263,0.21767074206774276,1.760934923867714,50.48138567464767,45.44077206575102,50.48178243342822,51.83713201934828,42.71300518778631,47.7489710084678,49.55258451057959,50.16792653876926,48.66627703713217,0
2445,11.503708115420618,0.6486299581865895,-0.9550527907605408,5.885270350701578,0.17071332016221274,1.6631252043151357,50.48138567464767,45.44077206575102,50.48178243342822,51.83713201934828,42.71300518778631,47.7489710084678,49.55258451057959,50.16792653876926,48.66627703713217,0
2446,12.221446854388638,0.6486299581865895,-0.9550527907605408,5.918087077303206,0.16941809792360932,1.6609120046620047,50.48138567464767,45.44077206575102,50.48178243342822,51.83713201934828,42.71300518778631,47.7489710084678,49.55258451057959,50.16792653876926,48.66627703713217,0
2447,11.482316761775511,0.6486299581865895,-0.9550527907605408,5.917548864157814,0.17134347805854158,1.6688702221780407,50.48138567464767,45.44077206575102,50.48178243342822,51.83713201934828,42.71300518778631,47.7489710084678,49.55258451057959,50.16792653876926,48.66627703713217,0
2448,11.227106988277992,0.6486299581865895,-0.9550527907605408,5.928258471204189,0.15119284731210325,1.0,50.48138567464767,45.44077206575102,50.48178243342822,51.83713201934828,42.71300518778631,47.7489710084678,49.55258451057959,50.16792653876926,48.66627703713217,0
2449,11.635922439946096,0.6486299581865895,-0.9550527907605408,5.969474529216367,0.17262523383911868,1.690898162146409,50.48138567464767,45.44077206575102,50.48178243342822,51.83713201934828,42.71300518778631,47.7489710084678,49.55258451057959,50.16792653876926,48.66627703713217,0
2450,11.617348541369143,0.6486299581865895,-0.9550527907605408,6.014936903293124,0.1612395238349437,1.6267269626535343,50.48138567464767,45.44077206575102,50.48178243342822,51.83713201934828,42.71300518778631,47.7489710084678,49.55258451057959,50.16792653876926,48.66627703713217,0
2451,11.466002606300213,0.6486299581865895,-0.9550527907605408,6.0127366823835215,0.16914459218929956,1.6069298952457696,50.48138567464767,45.44077206575102,50.48178243342822,51.83713201934828,42.71300518778631,47.7489710084678,49.55258451057959,50.16792653876926,48.66627703713217,0
2452,11.476768613395848,0.6486299581865895,-0.9550527907605408,6.01713229385656,0.1775421281957058,1.617830154731918,50.48138567464767,45.44077206575102,50.48178243342822,51.83713201934828,42.71300518778631,47.7489710084678,49.55258451057959,50.16792653876926,48.66627703713217,0
2453,11.463614415163425,0.6486299581865895,-0.9550527907605408,6.010776858140355,0.15592285080707544,1.622547509918658,50.48138567464767,45.44077206575102,50.48178243342822,51.83713201934828,42.71300518778631,47.7489710084678,49.55258451057959,50.16792653876926,48.66627703713217,0
2454,11.548997958445565,0.6486299581865895,-0.9550527907605408,6.000919705878737,0.16567292356766042,1.6349233832568608,50.48138567464767,45.44077206575102,50.48178243342822,51.83713201934828,42.71300518778631,47.7489710084678,49.55258451057959,50.16792653876926,48.66627703713217,0
2455,11.604378214447248,0.6486299581865895,-0.9550527907605408,5.990464046774399,0.16474110975674386,1.6315533708390184,50.48138567464767,45.44077206575102,50.48178243342822,51.83713201934828,42.71300518778631,47.7489710084678,49.55258451057959,50.16792653876926,48.66627703713217,0
2456,11.951566127948825,0.6486299581865895,-0.9550527907605408,6.040492778175336,0.17719693161702035,1.5717296569210046,50.48138567464767,45.44077206575102,50.48178243342822,51.83713201934828,42.71300518778631,47.7489710084678,49.55258451057959,50.16792653876926,48.66627703713217,0
2457,11.744888410840462,0.6486299581865895,-0.9550527907605408,6.046662707572744,0.19946341231777387,1.628396011777302,50.48138567464767,45.44077206575102,50.48178243342822,51.83713201934828,42.71300518778631,47.7489710084678,49.55258451057959,50.16792653876926,48.66627703713217,0
2458,11.790923801029379,0.6486299581865895,-0.9550527907605408,6.040016587690148,0.17646928414658478,1.617178893589846,50.48138567464767,45.44077206575102,50.48178243342822,51.83713201934828,42.71300518778631,47.7489710084678,49.55258451057959,50.16792653876926,48.66627703713217,0
2459,11.883753578617158,0.6486299581865895,-0.9550527907605408,6.027555367252336,0.1680428861700748,1.5803623792326449,50.48138567464767,45.44077206575102,50.48178243342822,51.83713201934828,42.71300518778631,47.7489710084678,49.55258451057959,50.16792653876926,48.66627703713217,0
2460,11.64398442865973,0.6486299581865895,-0.9550527907605408,6.035481432524756,0.17753853127833183,1.6998202930605475,50.48138567464767,45.44077206575102,50.48178243342822,51.83713201934828,42.71300518778631,47.7489710084678,49.55258451057959,50.16792653876926,48.66627703713217,0
2461,11.995618245331952,0.6486299581865895,-0.9550527907605408,6.037632227952989,0.16515642884395268,1.5700364589458828,50.48138567464767,45.44077206575102,50.48178243342822,51.83713201934828,42.71300518778631,47.7489710084678,49.55258451057959,50.16792653876926,48.66627703713217,0
2462,11.923831743027776,0.63777124146734,2.3863699428381153,6.438231534573252,0.18015730897386495,1.6912019508438683,50.48138567464767,45.44077206575102,50.48178243342822,51.83713201934828,42.71300518778631,47.7489710084678,49.55258451057959,50.16792653876926,48.66627703713217,0
2463,11.725557968258775,0.654363873208858,2.125154480777581,6.448731153779409,0.1588092468005463,1.6763413588626135,50.48138567464767,45.44077206575102,50.48178243342822,51.83713201934828,42.71300518778631,47.7489710084678,49.55258451057959,50.16792653876926,48.66627703713217,0
2464,11.848783227126384,0.6877444412867254,4.939574790575562,6.42422051545205,0.17375592689775812,1.68939698250237,50.48138567464767,45.44077206575102,50.48178243342822,51.83713201934828,42.71300518778631,47.7489710084678,49.55258451057959,50.16792653876926,48.66627703713217,0
2465,11.478004773458265,0.6730283911671924,-6.151419558359621,6.377916716034216,0.1468978582329106,1.6104270660011093,50.48138567464767,45.44077206575102,50.48178243342822,51.83713201934828,42.71300518778631,47.7489710084678,49.55258451057959,50.16792653876926,48.66627703713217,0
2466,11.79264517175599,0.6566987313536874,4.188411858478958,6.399426535414734,0.17002910274749666,1.6979690539190775,50.48138567464767,45.44077206575102,50.48178243342822,51.83713201934828,42.71300518778631,47.7489710084678,49.55258451057959,50.16792653876926,48.66627703713217,0
2467,11.596255072557232,0.6748232735182165,5.153855995905703,6.436791188641277,0.14759575229686195,1.6616045175086875,50.48138567464767,45.44077206575102,50.48178243342822,51.83713201934828,42.71300518778631,47.7489710084678,49.55258451057959,50.16792653876926,48.66627703713217,0
2468,11.741002426977197,0.6630443312913457,3.5592445722674375,6.4423809181200635,0.1590903963724141,1.673059673500008,50.48138567464767,45.44077206575102,50.48178243342822,51.83713201934828,42.71300518778631,47.7489710084678,49.55258451057959,50.16792653876926,48.66627703713217,0
2469,11.690885022061066,0.6565239063348847,4.984570234834865,6.396262766228443,0.16031142577458055,1.6944421667185987,50.48138567464767,45.44077206575102,50.48178243342822,51.83713201934828,42.71300518778631,47.7489710084678,49.55258451057959,50.16792653876926,48.66627703713217,0
2470,11.842359419462822,0.6721422514788594,0.5920455172621407,6.441584295756578,0.16260366926363407,1.6872166070339165,50.48138567464767,45.44077206575102,50.48178243342822,51.83713201934828,42.71300518778631,47.7489710084678,49.55258451057959,50.16792653876926,48.66627703713217,0
2471,11.659824486392809,0.6694280595562749,5.0051220641684715,6.406054562993147,0.15178224830452355,1.6800058873552692,50.48138567464767,45.44077206575102,50.48178243342822,51.83713201934828,42.71300518778631,47.7489710084678,49.55258451057959,50.16792653876926,48.66627703713217,0
2472,11.6530595120189,0.6570192488557276,11.938052542479152,6.419180264150966,0.16676585504696353,1.6830355531492511,50.48138567464767,45.44077206575102,50.48178243342822,51.83713201934828,42.71300518778631,47.7489710084678,49.55258451057959,50.16792653876926,48.66627703713217,0
2473,11.801883722750992,0.6678473275647849,2.559128857701309,6.453309988652254,0.1603346956542768,1.6684071336543025,50.48138567464767,45.44077206575102,50.48178243342822,51.83713201934828,42.71300518778631,47.7489710084678,49.55258451057959,50.16792653876926,48.66627703713217,0
2474,11.577513984857841,0.6425683905780173,1.3063203544717934,6.423409288020525,0.16567782935729714,1.682507045748622,50.48138567464767,45.44077206575102,50.48178243342822,51.83713201934828,42.71300518778631,47.7489710084678,49.55258451057959,50.16792653876926,48.66627703713217,0
2475,11.996077276783666,0.6413209454373401,4.677721143299568,6.459121675472594,0.14673339148799414,1.6256840029578505,50.48138567464767,45.44077206575102,50.48178243342822,51.83713201934828,42.71300518778631,47.7489710084678,49.55258451057959,50.16792653876926,48.66627703713217,0
2476,12.1056963546283,0.663452747070069,4.6463303133571605,6.457397401983236,0.17191487651467957,1.6927251069837208,50.48138567464767,45.44077206575102,50.48178243342822,51.83713201934828,42.71300518778631,47.7489710084678,49.55258451057959,50.16792653876926,48.66627703713217,0
2477,12.193943888629013,0.6295574807903715,4.089699993734444,6.453309988652254,0.15918012311535373,1.6322830905636478,50.48138567464767,45.44077206575102,50.48178243342822,51.83713201934828,42.71300518778631,47.7489710084678,49.55258451057959,50.16792653876926,48.66627703713217,0
2478,11.975043711139884,0.6438361498325675,-11.194611011603458,6.324896452316315,0.1257585168904391,1.556776793952442,50.48138567464767,45.44077206575102,50.48178243342822,51.83713201934828,42.71300518778631,47.7489710084678,49.55258451057959,50.16792653876926,48.66627703713217,0
2479,12.121803686490706,0.6716668304990334,-3.9123169173301875,6.464744054800002,0.1915274040504178,1.6250255362614914,50.48138567464767,45.44077206575102,50.48178243342822,51.83713201934828,42.71300518778631,47.7489710084678,49.55258451057959,50.16792653876926,48.66627703713217,0
2480,12.43364278503062,0.6396428009631789,-3.2549641227932193,6.4129670329137705,0.15649158809064695,1.6590327815644272,50.48138567464767,45.44077206575102,50.48178243342822,51.83713201934828,42.71300518778631,47.7489710084678,49.55258451057959,50.16792653876926,48.66627703713217,0
2481,11.939888494577103,0.619376367866178,-3.8784235619153242,6.406384813986902,0.18032786885245902,1.7476012631323252,50.48138567464767,45.44077206575102,50.48178243342822,51.83713201934828,42.71300518778631,47.7489710084678,49.55258451057959,50.16792653876926,48.66627703713217,0
2482,12.29835825593245,0.6366076568551642,-4.40444600380833,6.42080892900609,0.17963023739197023,1.689725346423911,50.48138567464767,45.44077206575102,50.48178243342822,51.83713201934828,42.71300518778631,47.7489710084678,49.55258451057959,50.16792653876926,48.66627703713217,0
2483,11.705847306368145,0.6690231860304879,-4.1177933520061,6.362510728345687,0.1641487570782046,1.6974907136028086,50.48138567464767,45.44077206575102,50.48178243342822,51.83713201934828,42.71300518778631,47.7489710084678,49.55258451057959,50.16792653876926,48.66627703713217,0
2484,11.877390784976017,0.7127942882992743,0.7080620734417717,6.418038618426381,0.19151746404461403,1.727027600206017,50.48138567464767,45.44077206575102,50.48178243342822,51.83713201934828,42.71300518778631,47.7489710084678,49.55258451057959,50.16792653876926,48.66627703713217,0
2485,12.66774888561513,0.6584966945622683,5.640261377966296,6.452206670705986,0.1721922476217521,1.6652958915912741,50.48138567464767,45.44077206575102,50.48178243342822,51.83713201934828,42.71300518778631,47.7489710084678,49.55258451057959,50.16792653876926,48.66627703713217,0
2486,11.998289270382934,0.6647303177079058,-2.1935801658320337,6.454726753942363,0.18628558517849073,1.7073989395339786,50.48138567464767,45.44077206575102,50.48178243342822,51.83713201934828,42.71300518778631,47.7489710084678,49.55258451057959,50.16792653876926,48.66627703713217,0
2487,11.707197002149941,0.6701154909251498,-3.9982177569761808,6.385531610263777,0.16308354462744765,1.690580605311921,50.48138567464767,45.44077206575102,50.48178243342822,51.83713201934828,42.71300518778631,47.7489710084678,49.55258451057959,50.16792653876926,48.66627703713217,0
2488,12.096465347265006,0.6438717880712046,-1.3105137525937252,6.427620502536943,0.1705431930114678,1.681830923871691,50.48138567464767,45.44077206575102,50.48178243342822,51.83713201934828,42.71300518778631,47.7489710084678,49.55258451057959,50.16792653876926,48.66627703713217,0
2489,12.001991251353338,0.695900232028855,-0.9094821275670688,6.441584295756578,0.177950553143563,1.6981797543276442,50.48138567464767,45.44077206575102,50.48178243342822,51.83713201934828,42.71300518778631,47.7489710084678,49.55258451057959,50.16792653876926,48.66627703713217,0
2490,12.00658763575374,0.6294229430972647,-4.193208786110665,6.439829489531367,0.15992396380015703,1.6821636119803307,50.48138567464767,45.44077206575102,50.48178243342822,51.83713201934828,42.71300518778631,47.7489710084678,49.55258451057959,50.16792653876926,48.66627703713217,0
2491,11.590464117034818,0.6467323334215788,14.975854230758697,6.2373475853916815,0.16583685263391865,1.7131083265319187,50.48138567464767,45.44077206575102,50.48178243342822,51.83713201934828,42.71300518778631,47.7489710084678,49.55258451057959,50.16792653876926,48.66627703713217,0
2492,11.894657150318338,0.6554058827685278,19.27560464404305,6.247849432201994,0.1668361451351976,1.6913073679789348,50.48138567464767,45.44077206575102,50.48178243342822,51.83713201934828,42.71300518778631,47.7489710084678,49.55258451057959,50.16792653876926,48.66627703713217,0
2493,11.990716816037791,0.6390539619528177,10.8450013750553,6.23421462806111,0.1755405719600093,1.7217039340540008,50.48138567464767,45.44077206575102,50.48178243342822,51.83713201934828,42.71300518778631,47.7489710084678,49.55258451057959,50.16792653876926,48.66627703713217,0
2494,12.392606982757105,0.6829245956885657,3.9316959407070944,6.461780627535763,0.18038856373529796,1.6769734298182621,50.48138567464767,45.44077206575102,50.48178243342822,51.83713201934828,42.71300518778631,47.7489710084678,49.55258451057959,50.16792653876926,48.66627703713217,0
2495,12.166333397961157,0.6874265296383804,10.05598296069554,6.480044561926653,0.20333003565228752,1.7096839876201335,50.48138567464767,45.44077206575102,50.48178243342822,51.83713201934828,42.71300518778631,47.7489710084678,49.55258451057959,50.16792653876926,48.66627703713217,0
2496,11.981580059677917,0.6354037815868528,2.3161588367455126,6.4337436283388625,0.18717152133797388,1.7274166930603945,50.48138567464767,45.44077206575102,50.48178243342822,51.83713201934828,42.71300518778631,47.7489710084678,49.55258451057959,50.16792653876926,48.66627703713217,0
2497,12.292850161843194,0.6621361108414352,7.09401827940585,6.433422291575172,0.1703162530024019,1.6798477417465778,50.48138567464767,45.44077206575102,50.48178243342822,51.83713201934828,42.71300518778631,47.7489710084678,49.55258451057959,50.16792653876926,48.66627703713217,0
2498,11.734708090645096,0.6784255898366606,1.232936163497199,6.410339342126064,0.17948230824032296,1.7190560847980678,50.48138567464767,45.44077206575102,50.48178243342822,51.83713201934828,42.71300518778631,47.7489710084678,49.55258451057959,50.16792653876926,48.66627703713217,0
2499,11.925227812461655,0.68695244499588,12.260496481441141,6.430364431302384,0.18160982764943162,1.7074876287823477,50.48138567464767,45.44077206575102,50.48178243342822,51.83713201934828,42.71300518778631,47.7489710084678,49.55258451057959,50.16792653876926,48.66627703713217,0
2500,11.77341412543787,0.6800553279778688,3.5885803827496647,6.403739747144695,0.18204377853213158,1.7258446997090433,50.48138567464767,45.44077206575102,50.48178243342822,51.83713201934828,42.71300518778631,47.7489710084678,49.55258451057959,50.16792653876926,48.66627703713217,0
2501,11.679930317652289,0.679055780379074,-1.5682174594877156,6.422597401964724,0.17455363290035342,1.7355485515021458,50.48138567464767,45.44077206575102,50.48178243342822,51.83713201934828,42.71300518778631,47.7489710084678,49.55258451057959,50.16792653876926,48.66627703713217,0
2502,12.155857191116999,0.6431653631014359,4.039034312419789,6.435188367333237,0.1640292628024761,1.6550768936861209,50.48138567464767,45.44077206575102,50.48178243342822,51.83713201934828,42.71300518778631,47.7489710084678,49.55258451057959,50.16792653876926,48.66627703713217,0
2503,11.828823205052256,0.6727781539155947,9.352290679304899,6.413458957167357,0.19687964338781574,1.7096906012842965,50.48138567464767,45.44077206575102,50.48178243342822,51.83713201934828,42.71300518778631,47.7489710084678,49.55258451057959,50.16792653876926,48.66627703713217,0
2504,11.85248293735325,0.6825433705080545,33.495972738537795,6.327758196354847,0.20390882685964654,1.8177706319899645,50.48138567464767,45.44077206575102,50.48178243342822,51.83713201934828,42.71300518778631,47.7489710084678,49.55258451057959,50.16792653876926,48.66627703713217,0
2505,12.27901497429982,0.6602866435422021,6.662840316422528,6.470644693038427,0.1689279288813631,1.6742361430984185,50.48138567464767,45.44077206575102,50.48178243342822,51.83713201934828,42.71300518778631,47.7489710084678,49.55258451057959,50.16792653876926,48.66627703713217,0
2506,11.870295667160919,0.6849330463272734,5.662318351962792,6.453309988652254,0.21094031463912574,1.6904240237143962,50.48138567464767,45.44077206575102,50.48178243342822,51.83713201934828,42.71300518778631,47.7489710084678,49.55258451057959,50.16792653876926,48.66627703713217,0
2507,12.28333271602664,0.6894010223781828,12.585451145622109,6.446195896519065,0.17595530726256983,1.6723687793314432,50.48138567464767,45.44077206575102,50.48178243342822,51.83713201934828,42.71300518778631,47.7489710084678,49.55258451057959,50.16792653876926,48.66627703713217,0
2508,11.57451150682721,0.6671598102101848,5.526730141285626,6.4157514094567345,0.17799346096111535,1.6752166835320517,50.48138567464767,45.44077206575102,50.48178243342822,51.83713201934828,42.71300518778631,47.7489710084678,49.55258451057959,50.16792653876926,48.66627703713217,0
2509,12.11850947996959,0.6524790642031104,11.159112056360495,6.45031243178126,0.17000721222388085,1.6983433275739404,50.48138567464767,45.44077206575102,50.48178243342822,51.83713201934828,42.71300518778631,47.7489710084678,49.55258451057959,50.16792653876926,48.66627703713217,0
2510,11.924041244587206,0.6420545129751638,0.12165216444811536,6.455827296463632,0.18898586866167913,1.6722291444167556,50.48138567464767,45.44077206575102,50.48178243342822,51.83713201934828,42.71300518778631,47.7489710084678,49.55258451057959,50.16792653876926,48.66627703713217,0
2511,11.768957414893837,0.6843955728559384,3.820833408075771,6.428428322275518,0.16370412141123397,1.6842594185446413,50.48138567464767,45.44077206575102,50.48178243342822,51.83713201934828,42.71300518778631,47.7489710084678,49.55258451057959,50.16792653876926,48.66627703713217,0
2512,11.777180248971302,0.6357034370971654,24.40938852088678,6.428751267539102,0.17710464020592495,1.7137291800789052,50.48138567464767,45.44077206575102,50.48178243342822,51.83713201934828,42.71300518778631,47.7489710084678,49.55258451057959,50.16792653876926,48.66627703713217,0
2513,11.519101354841947,0.6582867344982256,3.844207442611924,6.399426535414734,0.15044269313095934,1.6896330020157087,50.48138567464767,45.44077206575102,50.48178243342822,51.83713201934828,42.71300518778631,47.7489710084678,49.55258451057959,50.16792653876926,48.66627703713217,0
2514,12.231985001735637,0.6572429339344547,-1.1444425177735391,6.458495010874302,0.15230660356495201,1.6687119497657221,50.48138567464767,45.44077206575102,50.48178243342822,51.83713201934828,42.71300518778631,47.7489710084678,49.55258451057959,50.16792653876926,48.66627703713217,0
2515,11.80143494502591,0.667266570366336,1.1011390276823985,6.400091318553725,0.16869242434530682,1.6923698021800566,50.48138567464767,45.44077206575102,50.48178243342822,51.83713201934828,42.71300518778631,47.7489710084678,49.55258451057959,50.16792653876926,48.66627703713217,0
2516,11.659060966043398,0.6615104421085641,3.2806855667927075,6.40836403284181,0.17962304648199073,1.7197002380838247,50.48138567464767,45.44077206575102,50.48178243342822,51.83713201934828,42.71300518778631,47.7489710084678,49.55258451057959,50.16792653876926,48.66627703713217,0
2517,11.853173421723415,0.6788345064658701,9.58967643367709,6.448097941790546,0.19402767964756246,1.7080341632889404,50.48138567464767,45.44077206575102,50.48178243342822,51.83713201934828,42.71300518778631,47.7489710084678,49.55258451057959,50.16792653876926,48.66627703713217,0
2518,12.125441598152104,0.6614226649426113,-1.9714892326357296,6.477126197210423,0.1811574528518619,1.67296918767507,50.48138567464767,45.44077206575102,50.48178243342822,51.83713201934828,42.71300518778631,47.7489710084678,49.55258451057959,50.16792653876926,48.66627703713217,0
2519,12.02708711799761,0.6586340443843364,0.6377943074936989,6.45629858702298,0.16288878228192213,1.7051270698662888,50.48138567464767,45.44077206575102,50.48178243342822,51.83713201934828,42.71300518778631,47.7489710084678,49.55258451057959,50.16792653876926,48.66627703713217,0
2520,11.788094322685808,0.58997509754571,4.932550304289348,6.432135910950766,0.16714183065618987,1.6732604831808306,50.48138567464767,45.44077206575102,50.48178243342822,51.83713201934828,42.71300518778631,47.7489710084678,49.55258451057959,50.16792653876926,48.66627703713217,0
2521,11.931710797016054,0.6617678115460671,5.001247912146985,6.4492057997815175,0.17741593969679004,1.6388946602950343,50.48138567464767,45.44077206575102,50.48178243342822,51.83713201934828,42.71300518778631,47.7489710084678,49.55258451057959,50.16792653876926,48.66627703713217,0
2522,11.846620276686725,0.6720827789118738,-2.710811011843269,6.4454023086669245,0.14454971454296178,1.6469327498089057,50.48138567464767,45.44077206575102,50.48178243342822,51.83713201934828,42.71300518778631,47.7489710084678,49.55258451057959,50.16792653876926,48.66627703713217,0
2523,11.710365492895884,0.6624288050854339,4.597461149713286,6.409845880482693,0.1779173938336242,1.6910366457576758,50.48138567464767,45.44077206575102,50.48178243342822,51.83713201934828,42.71300518778631,47.7489710084678,49.55258451057959,50.16792653876926,48.66627703713217,0
2524,11.699546930558451,0.6911580333546798,8.505533557622059,6.365094931696128,0.1674369076775636,1.6596904758288655,50.48138567464767,45.44077206575102,50.48178243342822,51.83713201934828,42.71300518778631,47.7489710084678,49.55258451057959,50.16792653876926,48.66627703713217,0
2525,11.659652658781244,0.6762872118118598,10.5340687198109,6.431008968869009,0.17326118814113403,1.713884970245334,50.48138567464767,45.44077206575102,50.48178243342822,51.83713201934828,42.71300518778631,47.7489710084678,49.55258451057959,50.16792653876926,48.66627703713217,0
2526,11.799972585882939,0.6580242498123586,1.6321020366013992,6.418038618426381,0.1653179190751445,1.6627754415475189,50.48138567464767,45.44077206575102,50.48178243342822,51.83713201934828,42.71300518778631,47.7489710084678,49.55258451057959,50.16792653876926,48.66627703713217,0
2527,11.739209679235369,0.6314915274899427,16.21358039741558,6.359400843323733,0.15233057093255592,1.6843867727082462,50.48138567464767,45.44077206575102,50.48178243342822,51.83713201934828,42.71300518778631,47.7489710084678,49.55258451057959,50.16792653876926,48.66627703713217,0
2528,11.718951341275742,0.6735835812076741,3.562825413979608,6.37519516307014,0.14870158717337748,1.6561972404960121,50.48138567464767,45.44077206575102,50.48178243342822,51.83713201934828,42.71300518778631,47.7489710084678,49.55258451057959,50.16792653876926,48.66627703713217,0
2529,12.076400652973874,0.6613030882265097,9.848575353921511,6.414933279655721,0.20640353049782723,1.7599993472478337,50.48138567464767,45.44077206575102,50.48178243342822,51.83713201934828,42.71300518778631,47.7489710084678,49.55258451057959,50.16792653876926,48.66627703713217,0
2530,11.758146700733228,0.6714505903565404,4.373873087884604,6.380292014063123,0.16767077579015663,1.6960373498746206,50.48138567464767,45.44077206575102,50.48178243342822,51.83713201934828,42.71300518778631,47.7489710084678,49.55258451057959,50.16792653876926,48.66627703713217,0
2531,11.829369906089662,0.669082675493918,7.091129473872034,6.385868707856721,0.15585318087055405,1.6663245128081272,50.48138567464767,45.44077206575102,50.48178243342822,51.83713201934828,42.71300518778631,47.7489710084678,49.55258451057959,50.16792653876926,48.66627703713217,0
2532,11.878839992191399,0.6599719243881467,6.290914984739723,6.439350371100098,0.18436128834473375,1.6943252730109204,50.48138567464767,45.44077206575102,50.48178243342822,51.83713201934828,42.71300518778631,47.7489710084678,49.55258451057959,50.16792653876926,48.66627703713217,0
2533,12.025546076780843,0.6497492422656485,5.447495608326431,6.42648845745769,0.17299497793334348,1.6951084286616604,50.48138567464767,45.44077206575102,50.48178243342822,51.83713201934828,42.71300518778631,47.7489710084678,49.55258451057959,50.16792653876926,48.66627703713217,0
2534,11.94149428175281,0.6495315009816169,5.394431554524362,6.395094639270416,0.15873999128180422,1.665730200230598,50.48138567464767,45.44077206575102,50.48178243342822,51.83713201934828,42.71300518778631,47.7489710084678,49.55258451057959,50.16792653876926,48.66627703713217,0
2535,12.41808365946037,0.6866552182583647,4.2239087081763795,6.490116369942264,0.16632878874634396,1.6627233980723592,50.48138567464767,45.44077206575102,50.48178243342822,51.83713201934828,42.71300518778631,47.7489710084678,49.55258451057959,50.16792653876926,48.66627703713217,0
2536,12.142885211263543,0.63289915585005,1.3252246528092948,6.483260244967167,0.198140350208639,1.6836937319401268,50.48138567464767,45.44077206575102,50.48178243342822,51.83713201934828,42.71300518778631,47.7489710084678,49.55258451057959,50.16792653876926,48.66627703713217,0
2537,12.319488380619664,0.6620558398746972,10.344764784089461,6.488292661230119,0.1885059245821915,1.707683368345774,50.48138567464767,45.44077206575102,50.48178243342822,51.83713201934828,42.71300518778631,47.7489710084678,49.55258451057959,50.16792653876926,48.66627703713217,0
2538,11.83928098546844,0.6431485220973884,10.706493013674494,6.254789888055024,0.17913220016846287,1.6880694343811182,50.48138567464767,45.44077206575102,50.48178243342822,51.83713201934828,42.71300518778631,47.7489710084678,49.55258451057959,50.16792653876926,48.66627703713217,0
2539,10.99717607265966,0.6946428961569553,4.478818465840816,6.487988386163113,0.19702183702948423,1.7397007322508755,50.48138567464767,45.44077206575102,50.48178243342822,51.83713201934828,42.71300518778631,47.7489710084678,49.55258451057959,50.16792653876926,48.66627703713217,0
2540,12.164461798280737,0.6702329517616142,0.08908289163066233,6.489356895462073,0.1772334571203171,1.6609781595230695,50.48138567464767,45.44077206575102,50.48178243342822,51.83713201934828,42.71300518778631,47.7489710084678,49.55258451057959,50.16792653876926,48.66627703713217,0
2541,12.460370230881205,0.6562442161306455,10.104788945376646,6.47095429056412,0.19193100679108255,1.7053754828374694,50.48138567464767,45.44077206575102,50.48178243342822,51.83713201934828,42.71300518778631,47.7489710084678,49.55258451057959,50.16792653876926,48.66627703713217,0
2542,12.241753446735556,0.6800844866877883,2.8458673781335113,6.4829544345672305,0.17089134602350844,1.6852833323783876,50.48138567464767,45.44077206575102,50.48178243342822,51.83713201934828,42.71300518778631,47.7489710084678,49.55258451057959,50.16792653876926,48.66627703713217,0
2543,12.35114308158298,0.6513004863607528,4.738052442376824,6.488292661230119,0.19794731931385917,1.6468078962566284,50.48138567464767,45.44077206575102,50.48178243342822,51.83713201934828,42.71300518778631,47.7489710084678,49.55258451057959,50.16792653876926,48.66627703713217,0
2544,12.27516671189675,0.6534232705389103,2.2008946185036766,6.47095429056412,0.2011763565265165,1.731040456785906,50.48138567464767,45.44077206575102,50.48178243342822,51.83713201934828,42.71300518778631,47.7489710084678,49.55258451057959,50.16792653876926,48.66627703713217,0
2545,12.576599112647255,0.6758160101278828,-1.8898042309597636,6.493753839851687,0.20565381607627162,1.728521215164449,50.48138567464767,45.44077206575102,50.48178243342822,51.83713201934828,42.71300518778631,47.7489710084678,49.55258451057959,50.16792653876926,48.66627703713217,0
2546,11.826381272705651,0.663440341620628,1.3516618402886305,6.418364935936212,0.1548149537970824,1.6705362542839863,50.48138567464767,45.44077206575102,50.48178243342822,51.83713201934828,42.71300518778631,47.7489710084678,49.55258451057959,50.16792653876926,48.66627703713217,0
2547,12.031546029096354,0.6672369678473442,-3.745491537963562,6.399426535414734,0.15546592489568845,1.6388155231246746,50.48138567464767,45.44077206575102,50.48178243342822,51.83713201934828,42.71300518778631,47.7489710084678,49.55258451057959,50.16792653876926,48.66627703713217,0
2548,11.655826822048114,0.6801960434860096,-1.9818214222063804,6.4454023086669245,0.17955448886222156,1.7136471724088609,50.48138567464767,45.44077206575102,50.48178243342822,51.83713201934828,42.71300518778631,47.7489710084678,49.55258451057959,50.16792653876926,48.66627703713217,0
2549,11.99111735373089,0.6385079869687519,3.809276654509729,6.464432528317732,0.17944715447154472,1.6903655104864663,50.48138567464767,45.44077206575102,50.48178243342822,51.83713201934828,42.71300518778631,47.7489710084678,49.55258451057959,50.16792653876926,48.66627703713217,0
2550,11.542601736040195,0.6913695084783786,10.924222610104017,6.4245448222491195,0.17600481106545054,1.6845029914605785,50.48138567464767,45.44077206575102,50.48178243342822,51.83713201934828,42.71300518778631,47.7489710084678,49.55258451057959,50.16792653876926,48.66627703713217,0
2551,11.635609360658421,0.6547621891498053,2.7894515364953243,6.43068675201428,0.15978360957642726,1.6915516381174123,50.48138567464767,45.44077206575102,50.48178243342822,51.83713201934828,42.71300518778631,47.7489710084678,49.55258451057959,50.16792653876926,48.66627703713217,0
2552,11.992106849481731,0.6523810384726642,22.056696557708996,6.366298611662624,0.1718302335745156,1.7301634576639395,50.48138567464767,45.44077206575102,50.48178243342822,51.83713201934828,42.71300518778631,47.7489710084678,49.55258451057959,50.16792653876926,48.66627703713217,0
2553,12.363613856718661,0.6878842315369261,14.71057884231537,6.47095429056412,0.21412558877610136,1.746107932909442,50.48138567464767,45.44077206575102,50.48178243342822,51.83713201934828,42.71300518778631,47.7489710084678,49.55258451057959,50.16792653876926,48.66627703713217,0
2554,11.944034277952522,0.6776346526062871,0.7230416694475962,6.454412090629509,0.17966806043660058,1.6811469841610354,50.48138567464767,45.44077206575102,50.48178243342822,51.83713201934828,42.71300518778631,47.7489710084678,49.55258451057959,50.16792653876926,48.66627703713217,0
2555,11.700904322352782,0.6670746464431861,7.860923543050334,6.45661265737732,0.1931354652604061,1.7435680323063896,50.48138567464767,45.44077206575102,50.48178243342822,51.83713201934828,42.71300518778631,47.7489710084678,49.55258451057959,50.16792653876926,48.66627703713217,0
2556,11.96385393974725,0.6707374377147556,-0.7293124883750526,6.460373827772681,0.16258422320060326,1.6671686231561655,50.48138567464767,45.44077206575102,50.48178243342822,51.83713201934828,42.71300518778631,47.7489710084678,49.55258451057959,50.16792653876926,48.66627703713217,0
2557,12.05772923747827,0.6725190000412298,8.706348006541788,6.479737766403461,0.19213897174942973,1.7042828856078205,50.48138567464767,45.44077206575102,50.48178243342822,51.83713201934828,42.71300518778631,47.7489710084678,49.55258451057959,50.16792653876926,48.66627703713217,0
2558,12.740879506968168,0.6639214513731939,8.235645880418247,6.4752786216271225,0.19334829088029562,1.687431929112154,50.48138567464767,45.44077206575102,50.48178243342822,51.83713201934828,42.71300518778631,47.7489710084678,49.55258451057959,50.16792653876926,48.66627703713217,0
2559,12.226801804247835,0.6363017091899925,1.6039137973742879,6.4775875582336,0.17861215744548503,1.6639492868462757,50.48138567464767,45.44077206575102,50.48178243342822,51.83713201934828,42.71300518778631,47.7489710084678,49.55258451057959,50.16792653876926,48.66627703713217,0
2560,11.745585193500613,0.6859834957528802,-0.48826745757924256,6.452206670705986,0.1481869583251468,1.6403252185947035,50.48138567464767,45.44077206575102,50.48178243342822,51.83713201934828,42.71300518778631,47.7489710084678,49.55258451057959,50.16792653876926,48.66627703713217,0
2561,12.008169117925135,0.6598276893150289,5.0536581518989,6.436791188641277,0.16369554769082886,1.6264426498344626,50.48138567464767,45.44077206575102,50.48178243342822,51.83713201934828,42.71300518778631,47.7489710084678,49.55258451057959,50.16792653876926,48.66627703713217,0
2562,11.980692845674996,0.6630574515625478,7.185271341556732,6.478202375344883,0.18325398278703534,1.6934692638340711,50.48138567464767,45.44077206575102,50.48178243342822,51.83713201934828,42.71300518778631,47.7489710084678,49.55258451057959,50.16792653876926,48.66627703713217,0
2563,12.011573036353019,0.6236947538678722,-1.5602942269113604,6.464432528317732,0.17507559243372478,1.652727891413664,50.48138567464767,45.44077206575102,50.48178243342822,51.83713201934828,42.71300518778631,47.7489710084678,49.55258451057959,50.16792653876926,48.66627703713217,0
2564,12.008777745652933,0.630806216193011,-3.0394092899459086,6.4525220286398515,0.18577540306761073,1.679683117380656,50.48138567464767,45.44077206575102,50.48178243342822,51.83713201934828,42.71300518778631,47.7489710084678,49.55258451057959,50.16792653876926,48.66627703713217,0
2565,11.850334405604368,0.7046584073698341,3.1561580948282044,6.382323502826784,0.16567036720751493,1.7053976666971276,50.48138567464767,45.44077206575102,50.48178243342822,51.83713201934828,42.71300518778631,47.7489710084678,49.55258451057959,50.16792653876926,48.66627703713217,0
2566,11.705492688539358,0.6395622111967666,3.4628004405136297,6.405228458030842,0.1514805172815205,1.6662674650698603,50.48138567464767,45.44077206575102,50.48178243342822,51.83713201934828,42.71300518778631,47.7489710084678,49.55258451057959,50.16792653876926,48.66627703713217,0
2567,12.368772958576958,0.669297798377752,2.4380069524913095,6.463185450993212,0.1632063690290353,1.6671143816532115,50.48138567464767,45.44077206575102,50.48178243342822,51.83713201934828,42.71300518778631,47.7489710084678,49.55258451057959,50.16792653876926,48.66627703713217,0
2568,11.669057038673943,0.6584178576276676,9.704714705202917,6.337002706635798,0.16202515121187067,1.6920163990861579,50.48138567464767,45.44077206575102,50.48178243342822,51.83713201934828,42.71300518778631,47.7489710084678,49.55258451057959,50.16792653876926,48.66627703713217,0
2569,11.906425273538629,0.6447358695466769,8.153332688950927,6.409516770721618,0.16670037074486013,1.6745354736488325,50.48138567464767,45.44077206575102,50.48178243342822,51.83713201934828,42.71300518778631,47.7489710084678,49.55258451057959,50.16792653876926,48.66627703713217,0
2570,11.712841330165134,0.6543489912331074,1.3048249811773414,6.406054562993147,0.1745591633223884,1.7132556183151064,50.48138567464767,45.44077206575102,50.48178243342822,51.83713201934828,42.71300518778631,47.7489710084678,49.55258451057959,50.16792653876926,48.66627703713217,0
2571,11.746577607123083,0.6759480816593326,0.2859710760683062,6.405228458030842,0.1682205540565811,1.6988958070766162,50.48138567464767,45.44077206575102,50.48178243342822,51.83713201934828,42.71300518778631,47.7489710084678,49.55258451057959,50.16792653876926,48.66627703713217,0
2572,11.596964177969111,0.6458745210774959,-4.734035507719176,6.421134343912964,0.15563821923361232,1.682655890707426,50.48138567464767,45.44077206575102,50.48178243342822,51.83713201934828,42.71300518778631,47.7489710084678,49.55258451057959,50.16792653876926,48.66627703713217,0
2573,12.25235204130934,0.6583576872385537,-0.2339885011365156,6.47126379226885,0.17713041675305827,1.7039996340403472,50.48138567464767,45.44077206575102,50.48178243342822,51.83713201934828,42.71300518778631,47.7489710084678,49.55258451057959,50.16792653876926,48.66627703713217,0
2574,12.157632645046283,0.6488891901838114,-5.481415483546069,6.4775875582336,0.18360119858349225,1.677218466636096,50.48138567464767,45.44077206575102,50.48178243342822,51.83713201934828,42.71300518778631,47.7489710084678,49.55258451057959,50.16792653876926,48.66627703713217,0
2575,12.026181333298243,0.6456984239213793,5.278535328028611,6.422272462887942,0.17025068314126174,1.7046942494600432,50.48138567464767,45.44077206575102,50.48178243342822,51.83713201934828,42.71300518778631,47.7489710084678,49.55258451057959,50.16792653876926,48.66627703713217,0
2576,11.835171994327458,0.6924439062285792,-4.7411232463556185,6.456926629122442,0.19238603956362318,1.7361894391262656,50.48138567464767,45.44077206575102,50.48178243342822,51.83713201934828,42.71300518778631,47.7489710084678,49.55258451057959,50.16792653876926,48.66627703713217,0
2577,11.98023108285436,0.636727168239069,-4.525645323499832,6.458808392262012,0.18969453201434938,1.6738505312225687,50.48138567464767,45.44077206575102,50.48178243342822,51.83713201934828,42.71300518778631,47.7489710084678,49.55258451057959,50.16792653876926,48.66627703713217,0
2578,11.781078327743826,0.6408323218598408,4.523668479724272,6.422597401964724,0.17705276987081234,1.7105383897353141,50.48138567464767,45.44077206575102,50.48178243342822,51.83713201934828,42.71300518778631,47.7489710084678,49.55258451057959,50.16792653876926,48.66627703713217,0
2579,12.299456425562823,0.6605918289669765,-3.844888427272903,6.47095429056412,0.17297718419588204,1.6775709121024382,50.48138567464767,45.44077206575102,50.48178243342822,51.83713201934828,42.71300518778631,47.7489710084678,49.55258451057959,50.16792653876926,48.66627703713217,0
2580,11.684720983556666,0.6661678731897179,-2.956943244996478,6.419994928147142,0.16753002658842944,1.6736975116640747,50.48138567464767,45.44077206575102,50.48178243342822,51.83713201934828,42.71300518778631,47.7489710084678,49.55258451057959,50.16792653876926,48.66627703713217,0
2581,11.71416118259547,0.675694364411663,0.2135462920906521,6.405724202897641,0.17688738543119015,1.7239348059899064,50.48138567464767,45.44077206575102,50.48178243342822,51.83713201934828,42.71300518778631,47.7489710084678,49.55258451057959,50.16792653876926,48.66627703713217,0
2582,11.73684391597211,0.6666875200714021,-1.4805917362127714,6.436310611939997,0.16707356168775123,1.7054938561273616,50.48138567464767,45.44077206575102,50.48178243342822,51.83713201934828,42.71300518778631,47.7489710084678,49.55258451057959,50.16792653876926,48.66627703713217,0
2583,12.008465862601675,0.6809712744008888,-0.7844559820436665,6.444290226575984,0.15934955838210205,1.6556023039542935,50.48138567464767,45.44077206575102,50.48178243342822,51.83713201934828,42.71300518778631,47.7489710084678,49.55258451057959,50.16792653876926,48.66627703713217,0
2584,11.738996726355774,0.6654306788459574,-3.4681670226607633,6.4256790685021326,0.15588638316650022,1.6707435906051544,50.48138567464767,45.44077206575102,50.48178243342822,51.83713201934828,42.71300518778631,47.7489710084678,49.55258451057959,50.16792653876926,48.66627703713217,0
2585,11.932550512929746,0.684658837898701,-5.025509230397333,6.403739747144695,0.17201502670408256,1.6907805539415068,50.48138567464767,45.44077206575102,50.48178243342822,51.83713201934828,42.71300518778631,47.7489710084678,49.55258451057959,50.16792653876926,48.66627703713217,0
2586,11.983363999630892,0.5781564245810056,24.88826815642458,6.247075288559693,0.1532528892697501,1.7156407535155214,50.48138567464767,45.44077206575102,50.48178243342822,51.83713201934828,42.71300518778631,47.7489710084678,49.55258451057959,50.16792653876926,48.66627703713217,0
2587,11.741167994372262,0.6307321448592892,11.345162013678664,6.263398262591624,0.14621079074316964,1.647471198885935,50.48138567464767,45.44077206575102,50.48178243342822,51.83713201934828,42.71300518778631,47.7489710084678,49.55258451057959,50.16792653876926,48.66627703713217,0
2588,11.86249512606586,0.6256904880105277,-1.6232870775316581,6.3298991427569264,0.16007244713145072,1.711995217131366,50.48138567464767,45.44077206575102,50.48178243342822,51.83713201934828,42.71300518778631,47.7489710084678,49.55258451057959,50.16792653876926,48.66627703713217,0
2589,11.819578936991181,0.5595213857261436,6.812735900768978,6.334876930813136,0.1569896010380686,1.692481101511879,50.48138567464767,45.44077206575102,50.48178243342822,51.83713201934828,42.71300518778631,47.7489710084678,49.55258451057959,50.16792653876926,48.66627703713217,0
2590,11.610191911853915,0.6618699671935581,-4.672432647380456,6.320588421959424,0.16651256989389338,1.6977774922918807,50.48138567464767,45.44077206575102,50.48178243342822,51.83713201934828,42.71300518778631,47.7489710084678,49.55258451057959,50.16792653876926,48.66627703713217,0
2591,11.695172018951542,0.6286997976472202,2.8809548307439035,6.179395342666448,0.20449125063643916,1.8280591310213028,50.48138567464767,45.44077206575102,50.48178243342822,51.83713201934828,42.71300518778631,47.7489710084678,49.55258451057959,50.16792653876926,48.66627703713217,0
2592,11.62461977970668,0.6737427398411655,20.34460835551341,6.288601778330518,0.15582210658611337,1.7108645326095633,50.48138567464767,45.44077206575102,50.48178243342822,51.83713201934828,42.71300518778631,47.7489710084678,49.55258451057959,50.16792653876926,48.66627703713217,0
2593,11.60486451434876,0.6187790311877903,7.755474452554744,6.154220948407096,0.24488898659045943,1.8304807692307692,50.48138567464767,45.44077206575102,50.48178243342822,51.83713201934828,42.71300518778631,47.7489710084678,49.55258451057959,50.16792653876926,48.66627703713217,0
2594,11.442610291055203,0.6468827051778795,17.259598450158506,6.175867270105761,0.0741431903821999,1.360611470653872,50.48138567464767,45.44077206575102,50.48178243342822,51.83713201934828,42.71300518778631,47.7489710084678,49.55258451057959,50.16792653876926,48.66627703713217,0
2595,12.131671784334797,0.6614035892963694,4.0620553541102495,6.266061380011108,0.24596215966774343,1.8176447843272039,50.48138567464767,45.44077206575102,50.48178243342822,51.83713201934828,42.71300518778631,47.7489710084678,49.55258451057959,50.16792653876926,48.66627703713217,0
2596,11.70436697494592,0.6055930568948891,7.405978784956606,6.240665632741481,0.1844372570869459,1.7453681977737316,50.48138567464767,45.44077206575102,50.48178243342822,51.83713201934828,42.71300518778631,47.7489710084678,49.55258451057959,50.16792653876926,48.66627703713217,0
2597,11.667435508789941,0.6219221853267339,18.921120230561996,6.274950327428353,0.19030417255641066,1.7576473172606952,50.48138567464767,45.44077206575102,50.48178243342822,51.83713201934828,42.71300518778631,47.7489710084678,49.55258451057959,50.16792653876926,48.66627703713217,0
2598,11.582271474096743,0.589594432967272,-4.947265412634555,6.203142620312914,0.1642295404276235,1.715098263067765,50.48138567464767,45.44077206575102,50.48178243342822,51.83713201934828,42.71300518778631,47.7489710084678,49.55258451057959,50.16792653876926,48.66627703713217,0
2599,12.391067293098134,0.6239942999265363,13.519972384737258,6.368701633759592,0.15894013505752816,1.681885834354754,50.48138567464767,45.44077206575102,50.48178243342822,51.83713201934828,42.71300518778631,47.7489710084678,49.55258451057959,50.16792653876926,48.66627703713217,0
2600,11.812289783485417,0.633691739838144,-5.57096678053142,6.376726947898627,0.14096132460150748,1.6619143130771037,50.48138567464767,45.44077206575102,50.48178243342822,51.83713201934828,42.71300518778631,47.7489710084678,49.55258451057959,50.16792653876926,48.66627703713217,0
2601,11.554546180427973,0.6477778767367296,34.55646597791236,6.159095388491933,0.08208660305989951,1.5615318825430011,50.48138567464767,45.44077206575102,50.48178243342822,51.83713201934828,42.71300518778631,47.7489710084678,49.55258451057959,50.16792653876926,48.66627703713217,0
2602,11.408708739379522,0.6379626236716746,48.48508225492276,6.244166900663736,0.19091241425284391,1.752226957337805,50.48138567464767,45.44077206575102,50.48178243342822,51.83713201934828,42.71300518778631,47.7489710084678,49.55258451057959,50.16792653876926,48.66627703713217,0
2603,12.114888940107557,0.6125626614005772,21.95047850524077,6.1516682986483175,0.19035878803607345,1.6003688409573829,50.48138567464767,45.44077206575102,50.48178243342822,51.83713201934828,42.71300518778631,47.7489710084678,49.55258451057959,50.16792653876926,48.66627703713217,0
2604,12.07627883087952,0.6769096370769986,17.73234428641491,6.301336101932016,0.1705034091179056,1.7129043810433329,50.48138567464767,45.44077206575102,50.48178243342822,51.83713201934828,42.71300518778631,47.7489710084678,49.55258451057959,50.16792653876926,48.66627703713217,0
2605,11.994545116242938,0.632336618344489,19.634388348861457,6.364234272378004,0.15453937947494034,1.6988060213088063,50.48138567464767,45.44077206575102,50.48178243342822,51.83713201934828,42.71300518778631,47.7489710084678,49.55258451057959,50.16792653876926,48.66627703713217,0
2606,11.565027282414905,0.6296698778195489,48.255404135338345,6.292679633842347,0.2079937025469135,1.7785710489485713,50.48138567464767,45.44077206575102,50.48178243342822,51.83713201934828,42.71300518778631,47.7489710084678,49.55258451057959,50.16792653876926,48.66627703713217,0
2607,11.51998349834879,0.6722201422688132,10.482965181579932,6.233233562545356,0.22886977886977886,1.7227893544052466,50.48138567464767,45.44077206575102,50.48178243342822,51.83713201934828,42.71300518778631,47.7489710084678,49.55258451057959,50.16792653876926,48.66627703713217,0
2618,10.829253254772802,0.6120740401595919,-1.7986787886715938,5.81740873473106,0.13494557544291114,1.625740087315352,50.48138567464767,45.44077206575102,50.48178243342822,51.83713201934828,42.71300518778631,47.7489710084678,49.55258451057959,50.16792653876926,48.66627703713217,0
2619,11.096295764091193,0.645145590949578,-1.3406672115040266,6.033805387597507,0.17633666781648843,1.7233509538037233,50.48138567464767,45.44077206575102,50.48178243342822,51.83713201934828,42.71300518778631,47.7489710084678,49.55258451057959,50.16792653876926,48.66627703713217,0
2620,11.194650842810727,0.6548736066333471,-1.639401444068506,5.655991810819852,0.1615506790703705,1.6454140931128378,50.48138567464767,45.44077206575102,50.48178243342822,51.83713201934828,42.71300518778631,47.7489710084678,49.55258451057959,50.16792653876926,48.66627703713217,0
2621,11.398339189227757,0.6474524453083083,-1.7378510712248982,5.666772649022301,0.14689692051209463,1.5926802504464574,50.48138567464767,45.44077206575102,50.48178243342822,51.83713201934828,42.71300518778631,47.7489710084678,49.55258451057959,50.16792653876926,48.66627703713217,0
2644,11.46430228685785,0.6684036772081436,4.378809757388036,6.102111067195046,0.17584501236603461,1.7462642950378928,48.55209201951177,46.23846499136709,49.93823161079048,47.57520875072662,42.830536302765296,28.596780881876693,47.08685136004613,43.46113985070451,44.28491322097357,1
2646,11.443284883764619,0.6634027955323379,12.00102266266251,6.087683404848525,0.16219013892672296,1.6560918052753777,51.56269376002815,45.927088749511874,58.287348891955205,48.254938107279294,51.22581780377482,51.701146677396174,45.32196260463624,56.97625016784675,51.15715584530356,1
2647,11.493202234522036,0.7049463727006002,1.6496025127524623,6.0844994130751715,0.16727716727716727,1.66269010108369,50.48138567464767,45.44077206575102,50.48178243342822,51.83713201934828,42.71300518778631,47.7489710084678,49.55258451057959,50.16792653876926,48.66627703713217,0
2648,11.271886491487367,0.6891926928224569,10.798197731047095,6.238715173765425,0.19483587648350426,1.7935138117192733,50.48138567464767,45.44077206575102,50.48178243342822,51.83713201934828,42.71300518778631,47.7489710084678,49.55258451057959,50.16792653876926,48.66627703713217,0
2649,11.50822242298536,0.6635219332542945,-0.91957080580545,6.283387613817017,0.16202077189383254,1.7290260190490092,58.26272909729867,46.6090714485179,34.749539217613986,29.59834106458693,45.06275078819679,71.62827328110123,69.79942595527226,48.93792233603579,50.58100664857794,1
2650,10.713210373477384,0.658686323224442,-0.6467774059092869,5.728475087246572,0.15119284731210325,1.6121311643414482,50.48138567464767,45.44077206575102,50.48178243342822,51.83713201934828,42.71300518778631,47.7489710084678,49.55258451057959,50.16792653876926,48.66627703713217,0
2651,11.753582751554912,0.677178722251008,1.0809373938921325,6.311190196268436,0.16764465065502182,1.7173286144973128,55.048894337030895,58.27720978140004,54.49196465162221,60.438915289134194,54.013454967126016,52.69826643251455,60.29487527801928,58.35371887032091,56.70216245089601,1
2652,11.349395436248574,0.668926232079458,1.8946279403607686,6.1110237821656215,0.16583261432269197,1.7398762193622428,50.48138567464767,45.44077206575102,50.48178243342822,51.83713201934828,42.71300518778631,47.7489710084678,49.55258451057959,50.16792653876926,48.66627703713217,0
2710,10.86702630771055,0.655095696932582,-3.5193525631584253,5.8732439157205505,0.186268773161693,1.779300872562749,50.48138567464767,45.44077206575102,50.48178243342822,51.83713201934828,42.71300518778631,47.7489710084678,49.55258451057959,50.16792653876926,48.66627703713217,0
2714,10.841318616708486,0.6481564650488953,-0.04346251358203549,5.7623657987550985,0.15119284731210325,1.6121311643414482,50.48138567464767,45.44077206575102,50.48178243342822,51.83713201934828,42.71300518778631,47.7489710084678,49.55258451057959,50.16792653876926,48.66627703713217,0
2748,11.804935159741731,0.6986340352874217,19.635742743312466,5.61458689585173,0.15119284731210325,1.6121311643414482,50.48138567464767,45.44077206575102,50.48178243342822,51.83713201934828,42.71300518778631,47.7489710084678,49.55258451057959,50.16792653876926,48.66627703713217,0
2808,11.387770321984222,0.6549252728485906,-1.5887976930937462,6.087229169092361,0.16450145261196075,1.7114025458817186,50.48138567464767,45.44077206575102,50.48178243342822,51.83713201934828,42.71300518778631,47.7489710084678,49.55258451057959,50.16792653876926,48.66627703713217,0
2809,10.951965524065825,0.6331786419675582,-0.3863259915298026,5.739792912179234,0.17297842306916716,1.760311706105672,50.48138567464767,45.44077206575102,50.48178243342822,51.83713201934828,42.71300518778631,47.7489710084678,49.55258451057959,50.16792653876926,48.66627703713217,0
2812,11.290404219983264,0.6473456565613345,-2.069025766101139,5.60248775650462,0.15119284731210325,1.6121311643414482,52.317024565890726,45.08632971850584,56.613440542250494,46.017944106437845,50.21012816932358,50.766827091410455,59.48976856778649,67.55603810493331,53.50718760831734,1
2813,11.192760144918692,0.6872754299439867,-0.49713042536644914,6.0445312680446746,0.18651001138006337,1.7559040040849325,50.48138567464767,45.44077206575102,50.48178243342822,51.83713201934828,42.71300518778631,47.7489710084678,49.55258451057959,50.16792653876926,48.66627703713217,0
2814,11.388020755286135,0.6641149168478658,1.577596467779795,6.259198981750067,0.16009901485222783,1.7318458781362007,61.6875813730638,49.29985058218878,38.10604211914766,45.68204361418884,43.22342608402396,37.58553069164031,56.85855983972193,55.06316997680999,48.43827553509816,1
2872,11.773651465138364,0.6343135306973972,-2.235247367375323,5.318610069815799,0.07488087134104833,1.648538247362251,50.48138567464767,45.44077206575102,50.48178243342822,51.83713201934828,42.71300518778631,47.7489710084678,49.55258451057959,50.16792653876926,48.66627703713217,0
2876,11.061272428937086,0.6779297137984172,-0.9387950509417872,5.714392653768217,0.2176599561490931,1.7518122275831527,40.45628866116447,30.680215061641093,53.03974315878665,46.03150375641196,34.38819483131066,63.06692614452635,45.775376108648,63.51229469475126,47.11881780215506,1
2879,11.965451624145398,0.7273017856364508,12.204512763886266,5.327876168789581,0.13208911383252744,1.4990529406193769,50.48138567464767,45.44077206575102,50.48178243342822,51.83713201934828,42.71300518778631,47.7489710084678,49.55258451057959,50.16792653876926,48.66627703713217,0
2880,11.733346914725423,0.7128836917936939,4.738422988579598,5.329816033607408,0.11102529019729002,1.5485430776500235,50.48138567464767,45.44077206575102,50.48178243342822,51.83713201934828,42.71300518778631,47.7489710084678,49.55258451057959,50.16792653876926,48.66627703713217,0
2881,10.914968457014032,0.6734019270412379,-3.6552031021549807,5.739792912179234,0.2016539699352263,1.779754727524042,50.48138567464767,45.44077206575102,50.48178243342822,51.83713201934828,42.71300518778631,47.7489710084678,49.55258451057959,50.16792653876926,48.66627703713217,0
2882,12.082595680179354,0.6965778117659912,-3.33205877533184,5.307772525318792,0.09263728881037099,1.4634764225937769,50.48138567464767,45.44077206575102,50.48178243342822,51.83713201934828,42.71300518778631,47.7489710084678,49.55258451057959,50.16792653876926,48.66627703713217,0
2883,10.959535009380527,0.6570062226319429,0.8162403011446571,6.005120873555468,0.20720910623946037,1.7880858435184295,50.48138567464767,45.44077206575102,50.48178243342822,51.83713201934828,42.71300518778631,47.7489710084678,49.55258451057959,50.16792653876926,48.66627703713217,0
2884,11.012386749072373,0.6507338635620787,-1.7743466824386374,5.91052560460263,0.2024998034745696,1.7728267033946365,50.48138567464767,45.44077206575102,50.48178243342822,51.83713201934828,42.71300518778631,47.7489710084678,49.55258451057959,50.16792653876926,48.66627703713217,0
2885,10.841195294164088,0.6292635141152373,1.7217324190340486,5.698099691520703,0.14750022200515053,1.7564436183395291,50.48138567464767,45.44077206575102,50.48178243342822,51.83713201934828,42.71300518778631,47.7489710084678,49.55258451057959,50.16792653876926,48.66627703713217,0
2886,11.146777219239015,0.6681313677500142,-0.5350332972849906,5.675725876873676,0.14020509910421142,1.5062592436087048,50.48138567464767,45.44077206575102,50.48178243342822,51.83713201934828,42.71300518778631,47.7489710084678,49.55258451057959,50.16792653876926,48.66627703713217,0
2887,10.99717607265966,0.6657775077553135,0.016492177653737686,5.841513370344478,0.1709161549935824,1.6977045810493343,48.0310976323097,56.243590671425984,57.26496398378497,50.41707945969085,38.90925256324955,33.016136802638655,45.34034184057038,58.62654722748922,48.481126272644914,1
3005,11.149527975270669,0.6473684391943829,0.11030184790064561,5.923185706354688,0.18556247709783805,1.7432057539172874,41.61906532840296,59.80909930270539,44.1054970930168,55.26166789972029,53.43137012854642,60.408660465342905,37.68692621077049,53.712248854624455,50.75431691039121,1
3007,11.304660673884488,0.642065781881131,0.6001154068090018,5.775793010632473,0.13407754171167927,1.6287104622871047,50.48138567464767,45.44077206575102,50.48178243342822,51.83713201934828,42.71300518778631,47.7489710084678,49.55258451057959,50.16792653876926,48.66627703713217,0
3008,11.52006591119849,0.6710644515395855,0.11544636253765535,6.3690444517266105,0.15119284731210325,1.4435560188169463,53.793554802205314,68.33032754017523,47.8500048544842,27.83082183595193,67.13261120641316,37.0020527115917,53.496134231037445,58.20131212327289,51.70460241314149,1
3009,11.796034597451872,0.6698368886338928,-1.3249460286939547,6.019079714140956,0.1863200028337643,1.7869751068644708,50.36835308051975,45.44052992873966,63.30762144948113,58.97528656544736,49.147395592585575,52.32642976998056,48.7572094442992,61.3340436342132,53.7071086831583,1
3010,11.011262733396073,0.6671814982943405,-2.2831663488140967,6.274573679589626,0.15119284731210325,1.5227584315876062,50.48138567464767,45.44077206575102,50.48178243342822,51.83713201934828,42.71300518778631,47.7489710084678,49.55258451057959,50.16792653876926,48.66627703713217,0
3011,11.106878687725366,0.6438252310139758,-0.11496324283344,5.733017599924536,0.23071512309495898,1.7964656555139713,49.224967562479534,54.69291989513721,37.78124189030721,56.15081018070838,38.100396515834746,37.5145920671816,37.99981503204113,40.109410902432906,43.94676925576534,1
3012,10.974992398590738,0.606482219741668,-0.4783926008611067,5.732369931508114,0.1536517563810968,1.6237511353315168,50.48138567464767,45.44077206575102,50.48178243342822,51.83713201934828,42.71300518778631,47.7489710084678,49.55258451057959,50.16792653876926,48.66627703713217,0
3013,10.770373731542762,0.7094752437721806,11.356510353857285,6.1454723595873295,0.18179491117595864,1.7527811225131642,50.48138567464767,45.44077206575102,50.48178243342822,51.83713201934828,42.71300518778631,47.7489710084678,49.55258451057959,50.16792653876926,48.66627703713217,0
3014,11.538614653984046,0.7003428817011417,5.572995496758039,6.162683025557272,0.15119284731210325,1.3135280553420445,50.48138567464767,45.44077206575102,50.48178243342822,51.83713201934828,42.71300518778631,47.7489710084678,49.55258451057959,50.16792653876926,48.66627703713217,0
3101,10.889725899984017,0.6441086108112597,-0.9550527907605408,5.930652407711224,0.15119284731210325,1.2512503745361514,50.48138567464767,45.44077206575102,50.48178243342822,51.83713201934828,42.71300518778631,47.7489710084678,49.55258451057959,50.16792653876926,48.66627703713217,0
