№ агломерации,Агломерация,Регион,Муниципальное образование,Особенность,ОКТМО,ВГП_тыс. руб._2019,ВГП_тыс. руб._2020,ВГП_тыс. руб._2021,ВГП_тыс. руб._2022,ВГП_тыс. руб._2023,ВГП_тыс. руб._2024,Pop_1Jan_чел._2019,Pop_1Jan_чел._2020,Pop_1Jan_чел._2021,Pop_1Jan_чел._2022,Pop_1Jan_чел._2023,Pop_1Jan_чел._2024,Pop_1Jan_чел._2025,отгрузка_тыс.руб._2019,отгрузка_тыс.руб._2020,отгрузка_тыс.руб._2021,отгрузка_тыс.руб._2022,отгрузка_тыс.руб._2023,отгрузка_тыс.руб._2024,"Среднесписочная_численность_занятых, чел._2019","Среднесписочная_численность_занятых, чел._2020","Среднесписочная_численность_занятых, чел._2021","Среднесписочная_численность_занятых, чел._2022","Среднесписочная_численность_занятых, чел._2023","Среднесписочная_численность_занятых, чел._2024","Инвестиции, тыс. руб._2019","Инвестиции, тыс. руб._2020","Инвестиции, тыс. руб._2021","Инвестиции, тыс. руб._2022","Инвестиции, тыс. руб._2023","Инвестиции, тыс. руб._2024",oct11,territory_id,municipal_district_name,region_name
1.0,Московская,Москва и область,Москва,Всё ок,45000000,28777644804.3238,26719440764.213654,33537791770.39779,40493520574.77082,49117951199.92654,52528267746.3441,12615279,12678079,13010112,13015126,13104177,13149803,13274285,18031396390.8,17366987118.4,23965862500.0,24750468021.2,26417301541.7,31172518060.0,3421465,3524821.0,3742168.0,3909004,3937189,4088863,2516512071,2737064780,3579650655.0,4489049756,5462667451,6426559832.0,45000000000,,,
1.0,Московская,Москва и область,ГО Балашиха,Всё ок,46704000,244086193.60508293,211112385.69049942,248481285.910329,294223708.3296147,329101095.2743105,391082081.4355757,501610,518788,518591,529556,549846,554248,569040,106341558.4,116126783.5,130618020.2,138379586.0,160700492.7,221256729.4,59391,62268.0,62667.0,62344,61641,64354,26160869,26767360,19637701.0,63167174,42450757,59207993.0,46704000000,1439.0,городской округ Балашиха,Московская область
1.0,Московская,Москва и область,ГО Бронницы,Всё ок,46705000,15289742.033495102,11816445.102147661,13853939.085121676,18986500.27897634,23633247.25376096,26000759.91446847,22643,22531,22014,21384,21294,20981,21050,11761346.8,10442036.8,12645396.9,20200997.1,27489508.1,27901910.7,4839,4534.0,4352.0,4722,5496,5510,285936,1453853,904039.0,2322946,3768586,4720852.0,46705000000,1440.0,городской округ Бронницы,Московская область
1.0,Московская,Москва и область,ГО Власиха,ЗАТО,46773000,0.0,7734701.288563968,7981759.241627568,0.0,0.0,0.0,26417,26907,27201,27459,28401,28633,28556,0.0,0.0,0.0,0.0,0.0,0.0,0,1886.3,1974.1,0,0,0,0,0,719088.0,147415,381270,0.0,46773000000,1441.0,городской округ Власиха,Московская область
1.0,Московская,Москва и область,ГО Дзержинский,Всё ок,46748000,45131636.75946725,39407535.82429936,46624585.97419732,55533139.53011894,67897157.56809719,79139668.92059726,318372,314850,318383,320334,356489,364888,391176,46144363.4,47878978.0,56409273.1,54911315.7,67517829.0,74933683.8,47868,51225.0,57443.0,59605,57859,59123,7755665,6253620,5265115.0,6957094,6642576,7407114.0,46748000000,1465.0,городской округ Люберцы,Московская область
1.0,Московская,Москва и область,ГО Долгопрудный,Всё ок,46716000,100481196.8557447,87954645.82524987,107699761.38140027,130587548.0515256,153209325.6452998,190929538.12036684,112007,116038,117778,120301,119957,119089,118760,74969888.3,72900957.0,67337756.8,88354379.3,117077898.4,153321733.6,18567,20333.0,21555.0,21088,21222,22849,5828303,9860377,10400142.0,20028423,24927913,17743960.0,46716000000,1444.0,городской округ Долгопрудный,Московская область
1.0,Московская,Москва и область,ГО Домодедово,Всё ок,46709000,288166593.7821975,208252685.02487186,277657226.77892095,345739588.00207037,395499994.98937994,471774318.62495667,179228,184161,182028,183708,222807,226573,231034,233507055.1,173964108.0,254811243.0,272306718.9,327259530.1,332241530.6,64109,63136.0,64522.0,66777,65354,67915,34338716,27362217,34498849.0,44965270,51837025,45899983.0,46709000000,1445.0,городской округ Домодедово,Московская область
1.0,Московская,Москва и область,ГО Жуковский,Всё ок,46725000,135555924.35717678,108442794.20018819,130848201.7229377,155785160.35587588,170918579.4522994,189482380.3488522,107922,107560,107558,107063,110507,110083,109831,49419295.2,48554948.4,64556147.5,71900798.9,76439286.7,78934432.7,28142,28567.0,28171.0,28090,27627,27289,5328859,8932946,7832789.0,4595466,7362674,15390605.0,46725000000,1448.0,городской округ Жуковский,Московская область
1.0,Московская,Москва и область,ГО Звездный Городок,ЗАТО,46774000,0.0,0.0,0.0,0.0,0.0,0.0,5376,5317,5263,5188,7620,7569,7559,0.0,0.0,0.0,0.0,0.0,0.0,0,0.0,0.0,0,0,0,0,0,0.0,0,0,0.0,46774000000,,,
1.0,Московская,Москва и область,ГО Звенигород,Вошло в Одинцовский ГО,46755000,24915677.270016305,0.0,0.0,0.0,0.0,0.0,21931,22317,23649,24476,37154,37271,37915,3679073.0,0.0,0.0,0.0,0.0,0.0,6520,0.0,0.0,0,0,0,3809451,0,0.0,0,0,0.0,46755000000,2651.0,городской округ Одинцовский,Московская область
1.0,Московская,Москва и область,ГО Ивантеевка,Вошло в Пушкинский ГО,46758000,29756225.33684178,23258837.35834056,27008673.52558954,0.0,0.0,0.0,79346,81254,82827,82827,83725,83941,84203,15992864.4,15029750.2,20910955.4,0.0,0.0,0.0,8704,8385.0,8407.0,0,0,0,3386052,2963069,3507967.0,0,0,0.0,46758000000,2814.0,городской округ Пушкинский,Московская область
1.0,Московская,Москва и область,ГО Истра,Всё ок,46733000,138574930.36337826,117306841.0249931,149140413.70816898,191727103.2244156,211046878.19303218,245258436.48873278,120776,122724,123966,125407,172848,171213,172195,111081645.7,122037545.8,156510229.1,166928423.3,186964842.6,210122276.3,34443,34407.0,35322.0,36782,36659,36930,10851537,12789078,14007967.0,17442482,26703627,26121498.0,46733000000,1453.0,городской округ Истра,Московская область
1.0,Московская,Москва и область,ГО Королев,Всё ок,46734000,230712303.95155278,189683053.4026208,224316625.41798145,261218522.23891044,294968141.82927096,331824947.44801825,224533,225858,225299,225271,226936,226007,226477,129167063.3,143317275.1,181193291.3,172790346.0,252616292.9,379072420.5,50666,50320.0,49592.0,47220,47612,47513,30727140,10503287,21615439.0,10350582,22945824,20005366.0,46734000000,1456.0,городской округ Королёв,Московская область
1.0,Московская,Москва и область,ГО Котельники,Всё ок,46739000,46654152.83085542,40123432.81070773,55669117.96116444,60370494.92207576,69282926.7797486,81376019.77165116,46763,49023,50723,53037,68758,72311,75289,30889973.4,25890690.6,39845957.7,45895387.0,46925950.7,55674234.1,11825,12098.0,13049.0,11769,10858,11521,12113526,13263127,32198773.0,18108607,22087853,32561521.0,46739000000,1457.0,городской округ Котельники,Московская область
1.0,Московская,Москва и область,ГО Красноармейск,Вошло в Пушкинский ГО,46758000,12999717.970561352,10692698.759244109,12271760.094263766,0.0,0.0,0.0,79346,81254,82827,82827,83725,83941,84203,5696111.7,5226201.3,5600743.9,0.0,0.0,0.0,4377,4337.0,4363.0,0,0,0,169881,531022,958458.0,0,0,0.0,46758000000,2814.0,городской округ Пушкинский,Московская область
1.0,Московская,Москва и область,ГО Красногорск,Всё ок,46744000,426326972.23419034,360259140.08687425,474374990.44034076,598755938.0932716,667548714.1751002,779895759.2004837,263143,270504,274123,278515,324754,335991,345865,294564290.0,312074869.5,539355564.5,517820894.9,532576880.4,480331149.3,84298,87310.0,91350.0,93859,93319,95513,96568592,77478827,109557312.0,74411311,94817250,104013970.0,46744000000,1459.0,городской округ Красногорск,Московская область
1.0,Московская,Москва и область,ГО Краснознаменск,ЗАТО,46706000,0.0,15079733.783607524,17673790.423965912,0.0,0.0,0.0,42472,43191,43959,44399,44402,44657,44687,10322700.0,11215200.0,13541900.0,21489579.3,29082619.8,0.0,0,5194.9,5113.0,0,0,0,197640,342790,1045460.0,410358,1134011,0.0,46706000000,1460.0,городской округ Краснознаменск,Московская область
1.0,Московская,Москва и область,ГО Лобня,Всё ок,46740000,231325925.43612242,148913769.71810973,152193635.76618397,175850630.87008744,186866205.63295582,228642391.48269293,89339,90231,89522,88974,81968,81143,82353,53215744.8,59367516.0,87336461.6,79078439.9,131969422.6,205601098.7,30134,28824.0,27965.0,26341,24355,23818,5883985,4347812,4465774.0,16275804,8072137,11371029.0,46740000000,1461.0,городской округ Лобня,Московская область
1.0,Московская,Москва и область,ГО Лосино-Петровский,Всё ок,46742000,17380590.42873912,13295145.066301746,18081039.54021962,22458014.445220865,26951034.26700047,30866994.63529688,47827,49904,52325,54639,70669,72040,74266,13782492.3,11570221.0,15927968.0,16843942.8,25931361.5,32859135.0,5847,5492.0,6207.0,6542,6492,6605,313787,2118297,1532365.0,724655,1350204,2226125.0,46742000000,2648.0,городской округ Лосино-Петровский,Московская область
1.0,Московская,Москва и область,ГО Лыткарино,Всё ок,46741000,39966763.28670755,32422498.95836398,42257636.64377979,52615592.20836005,66639314.53055013,79684557.4379564,58606,59150,59937,60561,66079,66526,66930,20348910.5,24380676.8,29031967.6,30971279.4,51428043.9,50792152.9,10397,10159.0,10859.0,10984,11618,12047,1617939,3090344,2446272.0,4597548,4094976,7387098.0,46741000000,1464.0,городской округ Лыткарино,Московская область
1.0,Московская,Москва и область,ГО Люберцы,Всё ок,46748000,199879158.366648,185791844.45796758,256883663.59440795,315112770.37559223,341927829.2417181,394052130.97659117,318372,314850,318383,320334,356489,364888,391176,105703994.1,107855411.0,162838911.2,178534405.8,203262588.8,212621200.0,47868,51225.0,57443.0,59605,57859,59123,22410469,28504635,52661767.0,51048060,51951323,57065930.0,46748000000,1465.0,городской округ Люберцы,Московская область
1.0,Московская,Москва и область,ГО Мытищи,Всё ок,46746000,331044368.7634166,275958285.7790439,332193597.4191566,388054658.0839146,434304933.6310901,507735251.00942093,248008,261964,272817,290495,299964,309564,314245,317302005.7,268554912.9,314707112.9,353814640.3,387736321.0,458027843.4,78317,78475.0,80596.0,76491,75059,77184,36993317,42434132,43943895.0,49301864,70537793,102081456.0,46746000000,1467.0,городской округ Мытищи,Московская область
1.0,Московская,Москва и область,ГО Подольск,Всё ок,46760000,353793133.92464226,305514133.573471,372621448.9073063,475598507.2812064,860036901.8824962,1033991746.3632975,328701,332558,332841,332600,350268,350634,351752,172843980.9,186299171.0,249825372.7,259154557.5,328601714.6,402336861.8,89077,89949.0,91062.0,92447,94640,100843,23489224,31115518,35348106.0,38285862,48003137,48292984.0,46760000000,1472.0,городской округ Подольск,Московская область
1.0,Московская,Москва и область,ГО Реутов,Всё ок,46764000,74939436.6693282,62045268.460836716,74583461.71444316,88858017.91265935,105899871.48787887,129398285.399356,106962,108054,108000,108257,113140,112070,118065,65762576.0,38827361.6,68855085.7,66622369.9,98033737.5,112298489.3,18209,18271.0,18562.0,18697,19566,20316,4633683,5160494,5036557.0,4848011,15990618,25982717.0,46764000000,1475.0,городской округ Реутов,Московская область
1.0,Московская,Москва и область,ГО Фрязино,Всё ок,46780000,70011028.60920611,63897843.78740879,85295524.47623129,104676121.2126031,111070413.07778944,124920718.06366946,59991,59538,58942,58543,59622,58677,58554,43470520.9,52064595.6,70209298.9,76832137.1,76541917.8,88738648.2,15221,16149.0,16726.0,16853,16515,16946,3511341,4454517,14344262.0,8475673,8166628,23514290.0,46780000000,1481.0,городской округ Фрязино,Московская область
1.0,Московская,Москва и область,ГО Химки,Всё ок,46783000,526212522.10349035,404435651.1672238,516043182.881102,590393494.6385853,711375942.5245172,806534350.7488571,254748,259550,257757,256319,278578,277185,280221,354609823.5,226982549.1,398528741.1,396035459.0,487751137.8,552162381.3,96003,96004.0,95811.0,96278,103567,102182,84113899,66220144,53452256.0,52555791,43307557,65666863.0,46783000000,3008.0,городской округ Химки,Московская область
1.0,Московская,Москва и область,ГО Черноголовка,Всё ок,46781000,28479928.776039995,22855136.082842987,34010024.34204218,57880750.73154081,74142909.23916462,96923977.92272812,22945,23236,22627,22258,21789,21254,21197,5830968.0,5602031.4,6288853.8,6939059.0,10693166.1,10069424.4,6214,5943.0,7085.0,9317,9949,11431,594102,803579,1988496.0,1017763,2637108,3984101.0,46781000000,1483.0,городской округ Черноголовка,Московская область
1.0,Московская,Москва и область,ГО Электросталь,Всё ок,46790000,103729340.05773552,83423846.96637416,93699304.60333787,117364419.39253876,212568490.6046553,291156577.51521,165364,163901,160337,156710,152190,150729,151989,66681752.5,64997769.7,67243917.8,81843173.5,120865524.2,123619390.8,30639,30061.0,28286.0,28034,29142,28053,3431927,3768869,9952789.0,14423652,8137963,16615583.0,46790000000,1488.0,городской округ Электросталь,Московская область
1.0,Московская,Москва и область,ГО Ленинский,Всё ок,46707000,156938136.217964,148338497.84146672,166490222.76477525,217712097.85349497,258855625.79650992,306909598.977904,149256,167927,179259,193675,309204,327211,342130,82909792.8,91207513.8,111595623.8,129190690.8,138494692.9,166945320.4,34049,36270.0,36381.0,38920,42214,43382,43803274,35782765,49818232.0,80282608,78796480,89932963.0,46707000000,1493.0,городской округ Ленинский,Московская область
1.0,Московская,Москва и область,ГО Богородск,Всё ок,46751000,180634267.59275213,157418248.34970796,204449511.5366579,256367251.82992324,307818657.6918199,384452877.21019953,208413,214881,211502,211528,218485,220062,222878,174578341.1,176190695.5,221657461.4,253172308.4,304456481.1,360265486.0,50233,52197.0,56210.0,56836,56676,60697,14679583,12850375,13159386.0,23269023,44988298,53904083.0,46751000000,1496.0,городской округ Богородский,Московская область
1.0,Московская,Москва и область,ГО Одинцово,Всё ок,46755000,334593329.4675612,324598600.23956037,418878661.0281703,516185636.34612685,627698011.6111128,798210699.7891536,21931,22317,23649,24476,37154,37271,37915,145579577.3,198867850.6,225984655.7,305151467.0,370582067.8,400647742.6,0,86247.0,90047.0,94539,99417,105513,0,68699775,78005715.0,72419339,108760383,105998836.0,46755000000,2651.0,городской округ Одинцовский,Московская область
1.0,Московская,Москва и область,ГО Пушкино,Всё ок,46758000,109064186.82299712,88889145.24821354,107655003.81934632,189481267.13904694,230609211.7017434,287712038.50417227,79346,81254,82827,82827,83725,83941,84203,72634478.2,69331416.6,90636214.7,141587890.8,154892070.4,180419951.0,0,31145.0,32019.0,46932,50659,54816,0,16700967,18370876.0,25494275,27643480,26570394.0,46758000000,2814.0,городской округ Пушкинский,Московская область
1.0,Московская,Москва и область,ГО Раменское,Всё ок,46768000,178328093.52735913,158043595.7525357,189037238.77614278,241920820.53592855,292330796.3267059,341498816.68163764,305988,311792,315000,319084,334391,338109,326083,156326412.9,154827498.0,169579367.2,189268449.8,198639155.5,247691950.6,46855,51797.0,53014.0,55729,57358,58693,15060774,11590375,17233308.0,19154526,25327069,24358165.0,46768000000,1500.0,городской округ Раменский,Московская область
1.0,Московская,Москва и область,ГО Солнечногорск,Всё ок,46771000,169410096.14158565,153236023.68549567,188526779.31304187,228212340.15952697,188752494.31510577,228266048.75037938,146375,146149,145676,146905,133149,135509,140933,103667984.2,122203666.2,168584834.3,194496993.9,118437190.1,154923718.1,0,46976.0,47665.0,48679,36763,37410,37000,22024728,28712209.0,18379604,20851866,37743929.0,46771000000,3013.0,городской округ Солнечногорск,Московская область
1.0,Московская,Москва и область,ГО Щелково,Всё ок,46788000,157520401.5539146,128299671.38804324,148983947.8932191,173530753.96427965,190520851.46479872,213329627.59209752,188281,189546,190409,191944,217794,218279,223423,156920354.0,131595776.8,156094370.4,170820891.7,182384329.7,204175912.8,38186,37888.0,37881.0,37353,36073,36041,26618261,13375448,11120748.0,14903187,16858672,18207727.0,46788000000,2649.0,городской округ Щёлково,Московская область
1.0,Московская,Москва и область,ГО Наро-Фоминск,Всё ок,46750000,97811001.54801771,84196309.99549428,101535340.31790783,119977559.11694686,128603538.48371115,160984401.64719704,162632,167858,173651,179495,194589,198501,201751,73628644.3,78384306.7,87158649.3,100254852.8,117761639.5,136669183.2,28613,29846.0,30164.0,29442,27914,30178,6930734,7017133,10399154.0,15708188,24606454,20386088.0,46750000000,1468.0,городской округ Наро-Фоминский,Московская область
2.0,Санкт-Петербургская,Санкт-Петербург и область,Санкт-Петербург,Всё ок,40000000,6155003578.234412,5907251430.804672,6244553896.996875,12864751498.049603,12382983697.520016,14074902218.551035,5383890,5398064,5601911,5607916,5600044,5597763,5652922,4589328550.7,4363600887.5,6467686447.0,8006787455.8,8743521704.4,10120423891.1,1453951,1450327.0,1471367.0,1484869,1487236,1512585,498285672,557137827,678368781.0,806758613,1008194602,1330695320.0,40000000000,,,
2.0,Санкт-Петербургская,Санкт-Петербург и область,Всеволожский муниципальный район,Всё ок,41612000,194210293.02480775,192248942.90801248,206928523.1122157,434995667.9992675,433752530.2046236,553466400.3781432,398896,438607,473514,506289,554288,571142,589000,235734031.8,247785911.9,290470553.7,282755855.5,303853991.9,368109898.5,62674,64876.0,68090.0,70096,71751,78447,55610727,65992730,47255997.0,67683531,74535203,132753645.0,41612000000,1395.0,Всеволожский муниципальный район,Ленинградская область
2.0,Санкт-Петербургская,Санкт-Петербург и область,Гатчинский муниципальный район,Всё ок,41618000,113119788.7215815,112600537.38804334,126776263.85645354,270003645.0847862,242882165.26753712,253567806.5524346,243156,238034,232752,230324,261898,261522,262115,99687333.5,112258499.9,131492302.1,136317750.5,149825310.0,178742840.2,42774,43480.0,46668.0,49406,47082,43110,8911407,9240171,13527050.0,24170338,24004954,21470210.0,41618000000,1397.0,Гатчинский муниципальный район,Ленинградская область
2.0,Санкт-Петербургская,Санкт-Петербург и область,Кировский муниципальный район,Всё ок,41625000,66466188.27479293,64278424.46439571,63397138.64530143,122949292.32108912,114560203.62428592,136524184.29434246,105936,106016,106077,104710,108460,108186,108512,90822846.9,84087972.6,96620287.6,99058452.9,107633617.5,115391869.0,22347,22996.0,22964.0,21902,20820,22069,5580438,8044202,10421252.0,7611781,6046983,6678154.0,41625000000,1400.0,Кировский муниципальный район,Ленинградская область
2.0,Санкт-Петербургская,Санкт-Петербург и область,Сосновый Бор,Всё ок,41754000,107472703.4859738,103371522.1084291,99034780.5386288,190836382.5109406,181400826.84805974,207710454.5000741,68344,67720,67054,65941,64121,63462,63746,137868790.8,133646913.8,155903342.5,131226530.1,126079710.5,159393807.7,26274,26427.0,24929.0,24012,23721,24185,40438775,36390953,16281614.0,13943954,20512641,28521361.0,41754000000,1409.0,городской округ Сосновоборский,Ленинградская область
2.0,Санкт-Петербургская,Санкт-Петербург и область,Ломоносовский муниципальный район,Всё ок,41630000,60325522.471349664,62343308.18597479,64756974.39775422,137501659.52173883,141086505.85307604,170385479.37740788,73475,76786,78421,81817,85329,90576,94126,152648144.5,182197281.4,222179673.7,270054101.1,305796213.9,344317215.0,15306,17378.0,17499.0,19072,19497,20773,18154569,17130708,18794735.0,19596736,21137155,26669023.0,41630000000,1402.0,Ломоносовский муниципальный район,Ленинградская область
2.0,Санкт-Петербургская,Санкт-Петербург и область,Тосненский муниципальный район,Всё ок,41648000,60274772.159292236,58178381.1451689,60796413.791921616,124140390.84675196,122548233.82972728,141369680.26440826,128327,126915,123557,120734,133109,130546,130088,60995866.2,65232949.8,71115280.9,76334058.1,84662506.2,99514602.8,21913,22955.0,23460.0,24300,24403,24426,6533437,11905328,11894803.0,13280934,14226229,18421454.0,41648000000,1408.0,Тосненский муниципальный район,Ленинградская область
3.0,Самарско-Тольяттинская,Самарская область,ГО Самара,Всё ок,36701000,1006964897.9784328,943182211.9613155,957277111.9382702,1550764796.0532157,1653900246.2636275,1916668077.3653655,1156644,1156695,1144793,1136721,1163724,1159044,1154322,571891871.8,548172754.4,641973292.6,727670658.8,806242915.3,878657251.7,340927,338198.0,334904.0,329779,329396,331685,109369190,84917320,84096030.0,99437538,120075024,141520319.0,36701000000,1874.0,городской округ Самара,Самарская область
3.0,Самарско-Тольяттинская,Самарская область,ГО Тольятти,Всё ок,36740000,400145984.0810861,368671671.2399583,381994780.33449495,590443725.3235712,657211706.5708324,844969227.0020871,702831,699429,693072,685619,674630,667956,662683,597466187.0,555148435.5,734476090.7,568868401.6,716014838.3,1071796704.5,155194,152410.0,151836.0,146672,145672,146728,34626372,45815735,57224960.0,53010098,81637351,80177963.0,36740000000,1882.0,городской округ Тольятти,Самарская область
3.0,Самарско-Тольяттинская,Самарская область,ГО Жигулевск,Всё ок,36704000,25216454.00031686,23778656.52452751,24355862.77497378,40088493.48329477,41300481.29608905,49366114.73942312,56608,55720,54760,53795,52957,52171,51585,44979257.4,54541339.0,64194210.7,67413382.6,68137429.1,85168769.6,11444,11489.0,11394.0,11200,10943,10783,2709065,1720836,1889912.0,2516144,2692216,4215017.0,36704000000,1875.0,городской округ Жигулевск,Самарская область
3.0,Самарско-Тольяттинская,Самарская область,ГО Кинель,Всё ок,36708000,25062302.714211266,23954774.579137772,24844711.964709323,40287989.81691216,40768853.230799444,46797352.80006231,58254,58384,58125,57998,57729,57721,57821,8109945.7,5530968.0,7629924.6,8567449.5,8300045.4,8789733.8,11833,11958.0,11919.0,11194,10869,10650,787982,570522,1324945.0,1163523,1616872,1603372.0,36708000000,1876.0,городской округ Кинель,Самарская область
3.0,Самарско-Тольяттинская,Самарская область,ГО Новокуйбышевск,Всё ок,36713000,85390404.31614007,75490408.98469341,75095495.67846406,123971647.3318933,120719826.1643549,133306957.16471268,103106,102585,101555,100414,99247,98550,97910,84460993.6,84647451.9,99060601.3,106636529.6,109893208.9,120626284.5,31335,29178.0,29334.0,28994,27739,26496,12554483,10901528,11893998.0,13509230,17564293,17400165.0,36713000000,1877.0,городской округ Новокуйбышевск,Самарская область
3.0,Самарско-Тольяттинская,Самарская область,ГО Октябрьск,Всё ок,36718000,10583265.62109778,9764988.38023784,9711342.034629073,16268081.053653155,17098467.938815627,19751597.95897308,26512,26306,25771,25221,20190,19887,19547,1219488.5,1175003.6,975985.3,739530.9,2085618.1,3135057.7,4803,4747.0,4619.0,4461,4341,4396,544244,262143,333169.0,430434,611615,507958.0,36718000000,1878.0,городской округ Октябрьск,Самарская область
3.0,Самарско-Тольяттинская,Самарская область,ГО Сызрань,Всё ок,36735000,93336340.0426941,88864285.06267008,89654525.57378747,149017509.10777596,156400596.2629475,186555185.39844266,169444,167858,165896,163571,164066,162372,160329,64174313.2,61378116.8,65594744.0,66233635.0,74138598.3,91047063.9,42591,41930.0,40547.0,40400,39500,39535,8141744,4647355,6811033.0,9033855,12580332,12556086.0,36735000000,1881.0,городской округ Сызрань,Самарская область
3.0,Самарско-Тольяттинская,Самарская область,ГО Чапаевск,Всё ок,36750000,26166712.950582996,25290819.249952663,25468140.469130296,42179187.84618937,48686925.07943998,67586958.7375538,72225,71720,70944,70096,69177,68824,68220,17112846.3,17511669.6,22486012.7,22166187.0,27907604.9,40272453.1,13408,13524.0,13359.0,13258,13403,14643,753019,1434306,2248971.0,6328201,2898424,2608657.0,36750000000,1883.0,городской округ Чапаевск,Самарская область
3.0,Самарско-Тольяттинская,Самарская область,Безенчукский муниципальный район,Всё ок,36604000,16756119.125156593,16262166.942040663,16159050.4674167,26220530.96765192,26557725.18113464,30953577.72765699,39283,38938,38322,37466,36495,35844,35502,57467225.8,41674804.7,72387713.3,76916054.9,80300874.9,100015302.9,8128,8222.0,8151.0,7876,7437,7352,4130547,5711472,6093542.0,6420187,4743811,6837441.0,36604000000,1885.0,Безенчукский муниципальный район,Самарская область
3.0,Самарско-Тольяттинская,Самарская область,Волжский муниципальный район,Всё ок,36614000,48981123.10655522,48621011.228160754,49930739.19180939,88758709.91383748,104736227.38607478,129207830.2983368,109739,117332,122408,128374,127070,130495,132763,33396352.4,39774268.5,50348314.3,54837852.8,57932007.6,64482418.0,19540,20721.0,20844.0,21438,23033,23514,10617713,10976454,10331916.0,14702849,10080170,19406985.0,36614000000,1890.0,Волжский муниципальный район,Самарская область
3.0,Самарско-Тольяттинская,Самарская область,Кинельский муниципальный район,Всё ок,36618000,10326802.316358812,9209210.321514703,9234017.890333634,14603608.580027256,15213505.287154054,26991994.15582592,32134,31610,31171,30548,30535,30309,30216,19590834.7,18802096.2,26905539.6,28177560.9,30395861.6,43115497.5,4167,3945.0,4050.0,3833,3648,4869,6091601,1635845,2338669.0,3845318,5737073,8303551.0,36618000000,1894.0,Кинельский муниципальный район,Самарская область
3.0,Самарско-Тольяттинская,Самарская область,Красноармейский муниципальный район,Всё ок,36626000,4864833.408278135,4646862.2290098565,4343247.506892301,7267955.134609095,8285876.936518413,8918307.976219498,16854,16611,16257,15815,16013,15788,15644,2219327.3,1983286.4,5898144.2,5673044.6,7140083.9,7159747.5,2522,2455.0,2347.0,2262,2455,2300,513711,1558188,1359555.0,913577,172350,920699.0,36626000000,1898.0,Красноармейский муниципальный район,Самарская область
3.0,Самарско-Тольяттинская,Самарская область,Красноярский муниципальный район,Всё ок,36628000,16155512.716761483,15721703.060204113,16552719.906063983,30943553.5992245,36681396.18294994,44529165.975054145,57629,57570,57338,56997,56520,56124,56427,25641676.5,19717004.1,32812620.7,33745584.3,37256181.9,46579701.7,7953,7947.0,8362.0,8861,9165,9172,1555893,2091281,2131378.0,1183741,7776940,12629068.0,36628000000,1899.0,Красноярский муниципальный район,Самарская область
3.0,Самарско-Тольяттинская,Самарская область,Приволжский муниципальный район,Всё ок,36636000,5662635.2956393715,5608545.584658053,5556305.488736949,9269564.418914344,9449350.580578933,10800937.408591703,23026,22643,22454,22150,21741,21590,21393,948531.3,1277375.7,757763.1,1100973.0,1691197.4,2044366.6,3371,3317.0,3238.0,3134,3106,3058,207048,478872,373976.0,1387608,891298,2144820.0,36636000000,1903.0,Приволжский муниципальный район,Самарская область
3.0,Самарско-Тольяттинская,Самарская область,Ставропольский муниципальный район,Всё ок,36640000,25186829.725868374,22099655.861236036,25707099.36749272,39293278.22689882,44090676.96365808,46794997.280176215,76184,78233,79059,81908,84781,88162,90149,31528336.0,24299227.9,45173756.6,28902822.5,26315878.6,20993585.9,10527,9629.0,10547.0,10041,10329,9742,2527486,2260769,32400643.0,31301452,32134831,4215972.0,36640000000,1905.0,Ставропольский муниципальный район,Самарская область
3.0,Самарско-Тольяттинская,Самарская область,Сызранский муниципальный район,Всё ок,36642000,6396682.664371072,6259661.79363494,6351209.6518636905,10779851.686213702,11094059.742304241,12566264.556038523,24178,23799,23343,22936,23643,23295,22866,1583422.3,2123013.8,2000963.1,2327616.3,3790302.4,3442945.2,3270,3247.0,3233.0,3224,3216,3126,1617431,800861,400630.0,884639,1838703,2009589.0,36642000000,1906.0,Сызранский муниципальный район,Самарская область
3.0,Самарско-Тольяттинская,Самарская область,Шигонский муниципальный район,Всё ок,36650000,4637062.126852255,4751116.635487063,9765787.616696,16819027.58519988,13019242.641901392,12104776.28707469,19108,18873,18628,18288,19443,19272,18984,575366.1,540696.2,10619440.5,11569762.0,9126895.1,4873110.5,2818,2886.0,4055.0,4048,3398,3022,47691,228450,106668.0,14349994,1891656,4965301.0,36650000000,1910.0,Шигонский муниципальный район,Самарская область
4.0,Екатеринбургская,Свердловская область,МО город Екатеринбург,Всё ок,65701000,1701518610.05859,1694737161.7486358,1671096575.884727,2365537573.376102,2759163750.5559397,3116936945.847257,1515832,1526384,1527525,1525663,1583307,1580109,1592493,1010147410.2,1031541660.2,1250608201.1,1479771109.4,1816187586.7,2127185440.4,453460,447588.0,452238.0,453809,459281,468962,177624180,155350298,190130749.0,225856453,257593459,392893946.0,65701000000,1971.0,городской округ город Екатеринбург,Свердловская область
4.0,Екатеринбургская,Свердловская область,ГО Арамильский,Всё ок,65729000,13039100.926934324,13207918.024301628,11550236.69609968,15262614.94851568,17586838.10583074,19225189.642280687,18404,18608,18959,19778,23157,23609,23991,7212607.9,7795901.1,11033968.4,15493340.2,18533886.0,18608272.6,4354,4383.0,3945.0,3820,3846,3698,772037,1097606,666658.0,701685,1674462,2231544.0,65729000000,2033.0,городской округ Арамильский,Свердловская область
4.0,Екатеринбургская,Свердловская область,ГО Асбестовский,Всё ок,65730000,40270862.97922019,39403776.15146213,37428179.46617127,50636377.584045425,56869099.21475215,62238787.48828108,65543,65123,64481,63735,58683,58293,57659,25041177.9,22121806.9,27267778.2,28393802.3,29659037.3,34648617.5,17050,16707.0,16177.0,15770,15443,15297,1737473,1224878,1137817.0,1537345,2061674,3110571.0,65730000000,1974.0,городской округ Асбестовский,Свердловская область
4.0,Екатеринбургская,Свердловская область,ГО Белоярский,Всё ок,65706000,13891155.600544222,15103910.389393574,14249038.561721511,21722482.54595748,23493843.641390536,25182780.94590352,35537,34869,34640,33940,33553,33349,34284,4048587.4,4308601.9,5340320.9,6071611.9,6393249.6,6873188.4,5734,5990.0,5833.0,6168,6148,5678,769839,1054130,1101732.0,2181115,1200530,1637328.0,65706000000,2019.0,городской округ Белоярский,Свердловская область
4.0,Екатеринбургская,Свердловская область,ГО Березовский,Всё ок,65731000,36291636.649970986,38420360.197116084,37676012.34534806,55131705.76455948,63682016.000286736,71255671.10282397,75277,75464,76491,77787,76947,76770,76948,50680465.4,54529348.9,92757418.7,79655551.2,77267652.4,90029372.5,12968,13097.0,13267.0,14002,14158,14543,2688150,2122136,5339238.0,3938651,2893575,3843716.0,65731000000,1977.0,городской округ Березовский,Свердловская область
4.0,Екатеринбургская,Свердловская область,ГО Верхнее Дуброво,Всё ок,65760000,3087941.387105831,3086045.00977726,2911714.777678094,4269015.191456781,5429723.506476402,5557248.493867424,5122,5072,5007,4867,4567,4522,4622,758402.8,728802.6,660069.3,724855.3,698781.2,927124.0,1147,1161.0,1157.0,1137,1231,1143,16291,30698,35556.0,43487,25064,132522.0,65760000000,2020.0,городской округ Верхнее Дуброво,Свердловская область
4.0,Екатеринбургская,Свердловская область,ГО Верхняя Пышма,Всё ок,65732000,94233617.66332923,89955564.94370763,91160693.11455072,125518705.53393972,153435974.6895003,180878603.4720411,85200,86652,88159,90210,88206,90810,92113,277480286.3,293385433.2,410794960.7,408209161.5,402443223.7,412853130.2,23677,23332.0,22464.0,22275,21839,22734,9550305,11820051,6845182.0,8452567,10046490,13750922.0,65732000000,1979.0,городской округ Верхняя Пышма,Свердловская область
4.0,Екатеринбургская,Свердловская область,ГО Дегтярск,Всё ок,65736000,2748296.3857621243,2931519.7602479244,2713244.1456394303,3846419.9865464927,4000691.383814388,4340255.290062317,15873,15678,15365,15011,15134,14941,14904,603816.5,543261.0,599006.4,688441.0,543660.9,765617.9,1293,1316.0,1286.0,1307,1234,1210,49739,107553,68903.0,211849,421444,552184.0,65736000000,2007.0,городской округ Дегтярск,Свердловская область
4.0,Екатеринбургская,Свердловская область,ГО Заречный,Всё ок,65737000,33778763.54354982,34729331.87605457,33530221.14911013,46479963.426750265,51866937.84916127,56016623.19987285,31269,31269,31500,31903,31833,31897,31493,55308188.4,54359941.9,47754618.7,51822315.1,52112741.6,50724658.8,9346,9390.0,9292.0,9192,9212,9275,2199798,2442283,2811673.0,3759580,5909754,7612409.0,65737000000,1982.0,городской округ Заречный,Свердловская область
4.0,Екатеринбургская,Свердловская область,ГО Первоуральск,Всё ок,65753000,91221435.80453566,94230141.40667163,89821836.55452251,127794443.41715321,150432503.32453114,175402614.38298205,144652,143051,141368,139307,131408,130039,129110,120983587.7,107783482.3,135606277.5,159913611.7,168583019.3,172112147.2,33724,34446.0,33537.0,33148,33224,33754,3469476,3213310,6024041.0,5303145,9195474,28362849.0,65753000000,2004.0,городской округ Первоуральск,Свердловская область
4.0,Екатеринбургская,Свердловская область,ГО Ревда,Всё ок,65719000,39083307.2864219,40245966.104677886,37494408.46897745,54424179.74229249,62821812.725613184,68562281.37070355,63942,63150,62331,61637,60758,60262,60029,67095736.4,59658718.0,60889037.8,58769006.2,87905419.3,168498372.9,13610,13299.0,12848.0,12837,12826,12560,2902473,2563340,2238603.0,4881237,4779398,7989925.0,65719000000,2006.0,городской округ Ревда,Свердловская область
4.0,Екатеринбургская,Свердловская область,ГО Рефтинский,Всё ок,65763000,18822839.126425177,18906752.828359798,17586635.546666786,22290831.62857235,23484716.02140695,27232912.71777667,15840,15841,15636,15581,15084,15137,15115,31398874.4,36485403.1,41702249.3,41653722.8,47121524.7,50584415.5,5835,5704.0,5332.0,4957,4731,4578,2279066,378444,657456.0,1064264,2106206,3063043.0,65763000000,1976.0,городской округ Рефтинский,Свердловская область
4.0,Екатеринбургская,Свердловская область,ГО Среднеуральск,Всё ок,65757000,10949944.287930256,10745626.411303276,9185706.941009564,13114197.799189523,15666847.920380848,18534590.744324706,24300,24414,24651,24945,24894,25139,25378,18916584.3,16379099.3,14414699.2,16748952.2,17255549.6,0.0,3633,3536.0,3106.0,3017,3132,3310,1269461,2524440,1138015.0,2724093,0,0.0,65757000000,1980.0,городской округ Среднеуральск,Свердловская область
4.0,Екатеринбургская,Свердловская область,ГО Уральский,ЗАТО,65767000,0.0,0.0,0.0,1310906.8170584717,1348263.8777118784,0.0,2423,2429,2424,2138,2143,2164,2172,0.0,0.0,0.0,25584.5,12422.3,0.0,0,0.0,0.0,478,453,0,0,0,0.0,4091,3748,0.0,65767000000,,,
4.0,Екатеринбургская,Свердловская область,ГО Малышевский,Всё ок,65762000,4017570.150911157,3812983.715623419,3686108.4925192725,5199254.484411221,5978023.203719367,6398306.750308935,10370,10311,10192,10081,9539,9499,9416,1288801.1,1301793.7,1640773.8,1732351.1,2604099.5,3413025.3,1565,1534.0,1482.0,1472,1484,1425,95806,67987,93209.0,139360,280887,203032.0,65762000000,1975.0,городской округ Малышевский,Свердловская область
4.0,Екатеринбургская,Свердловская область,ГО Новоуральский,ЗАТО,65752000,0.0,0.0,0.0,56283196.054842964,62414437.46452785,0.0,83260,82901,82176,80838,80489,80144,79490,0.0,0.0,0.0,25253066.0,34905147.6,0.0,0,0.0,0.0,15506,15279,0,0,0,0.0,1890602,1582125,0.0,65752000000,,,
4.0,Екатеринбургская,Свердловская область,ГО Полевской,Всё ок,65754000,45766386.07821563,43736716.20681821,43680045.8194174,55584137.211834274,69860824.34140296,78713068.52168845,69041,68605,67473,66368,60688,59979,59662,70721070.1,65934229.6,90927390.4,97354109.7,104139036.8,115758401.2,16385,15857.0,15898.0,14554,15564,15866,4575111,2611126,2028938.0,4049631,4266966,3530421.0,65754000000,2005.0,городской округ Полевской,Свердловская область
4.0,Екатеринбургская,Свердловская область,ГО Сысертский,Всё ок,65722000,28627071.666989964,32964311.918070585,29894641.601313904,41496046.80069646,50277291.236359894,58189419.091833636,61897,62157,62753,63621,64140,65368,66364,15054796.7,27047257.4,18922466.4,18817774.8,23349647.9,23608901.7,11639,11953.0,11764.0,11758,12136,12467,1182784,1122969,1216533.0,2120032,2733241,4664462.0,65722000000,2032.0,городской округ Сысертский,Свердловская область
5.0,Новосибирская,Новосибирская область,ГО Новосибирск,Всё ок,50701000,1232288880.3671973,1268581447.3757849,1262021704.8009057,1983571666.0401628,2238088930.036491,2508797068.152761,1618039,1625631,1620162,1621330,1635338,1633851,1637266,534591369.7,530254182.3,632419507.8,711601279.4,863850467.1,1064411827.8,391345,391499.0,387486.0,388247,390768,395352,0,0,0.0,114604806,161588456,263011735.0,50701000000,1597.0,городской округ город Новосибирск,Новосибирская область
5.0,Новосибирская,Новосибирская область,ГО Бердск,Всё ок,50708000,36093680.577526085,38135495.72083952,37912465.93020325,57286246.74174168,65172654.59778028,70520879.43192913,104237,104334,103561,103544,102965,102760,101987,17799270.4,18744716.5,24496251.1,25802636.2,29820186.5,32609619.7,15211,15022.0,15061.0,15099,15161,14972,1700000,9500000,1600000.0,2404511,3036631,3111573.0,50708000000,1598.0,городской округ город Бердск,Новосибирская область
5.0,Новосибирская,Новосибирская область,ГО Искитим,Всё ок,50712000,26021408.405259468,26189003.66277056,25414701.31771948,41910395.87319151,56567228.25732448,71003172.55618113,56411,56033,55433,54757,56781,56654,56509,15424803.8,14523944.8,19347449.6,26700638.1,41523737.5,50662737.7,11709,11518.0,11187.0,11581,12245,13080,0,0,0.0,2690370,5842242,14669065.0,50712000000,1599.0,городской округ город Искитим,Новосибирская область
5.0,Новосибирская,Новосибирская область,ГО Кольцово,Всё ок,50740000,23717831.32580018,27568252.11462239,27633502.702151757,43623820.04645569,51120075.67553002,64839571.954633996,17450,17480,17489,17599,20873,20883,20942,13123808.7,16459358.1,20029778.5,17740401.9,21478912.8,30497463.4,5593,5802.0,5747.0,5877,6501,7123,0,0,0.0,2285016,4193571,7131312.0,50740000000,1601.0,городской округ рабочий поселок Кольцово,Новосибирская область
5.0,Новосибирская,Новосибирская область,ГО Обь,Всё ок,50717000,37733287.48928551,35253134.21718451,37414754.825697646,61128181.766730405,67360089.03248583,77037671.24717003,29801,29947,30195,30347,30762,31050,31284,46131738.0,34571857.6,51171558.6,60794342.1,75084150.6,94657208.6,9741,9876.0,10165.0,10797,10841,10748,0,0,0.0,10364683,4892112,8099457.0,50717000000,1600.0,городской округ город Обь,Новосибирская область
5.0,Новосибирская,Новосибирская область,Искитимский муниципальный район,Всё ок,50615000,36271874.032068156,35032567.52758026,34434300.399357595,56433343.151246175,53492034.670456775,75113406.83557832,59836,59207,58511,57943,58772,58382,58080,90504046.0,73967323.3,109530777.0,149793178.2,139400048.2,106040201.8,14738,14173.0,13790.0,13682,12237,13763,0,0,0.0,9388060,5879364,7821161.0,50615000000,1608.0,Искитимский муниципальный район,Новосибирская область
5.0,Новосибирская,Новосибирская область,Колыванский муниципальный район,Всё ок,50621000,5676273.561279662,6400226.917982716,6371050.205145319,12661260.568056036,12958801.403941944,14529600.683677202,23845,23677,23449,23059,24523,24293,24029,3020101.6,2969969.7,5191599.3,6736061.1,7906436.6,8613962.3,3154,3256.0,3289.0,3847,3657,3657,0,0,0.0,539635,642565,626785.0,50621000000,1611.0,Колыванский муниципальный район,Новосибирская область
5.0,Новосибирская,Новосибирская область,Коченевский муниципальный район,Всё ок,50623000,12559675.968986977,13832937.051051911,12836424.295819206,19695718.159924388,22366324.99541306,24954627.553261425,46012,45932,45627,45800,45134,45219,44860,23625420.9,5524503.6,6495167.9,0.0,22077917.8,29711608.0,6240,6406.0,5935.0,5756,5716,5642,0,0,0.0,1528873,1916721,1672547.0,50623000000,1612.0,Коченевский муниципальный район,Новосибирская область
5.0,Новосибирская,Новосибирская область,Мошковский муниципальный район,Всё ок,50638000,11649349.292435294,12721912.326362263,12016796.467241379,18687766.26233795,20960357.612447716,23617202.4063037,41784,41600,40995,40928,40629,40479,40234,934894.6,1238995.7,1096571.5,1846460.2,1732709.4,1529250.1,5402,5364.0,5272.0,5196,5186,5227,0,0,0.0,1741670,1428700,498006.0,50638000000,1619.0,Мошковский муниципальный район,Новосибирская область
5.0,Новосибирская,Новосибирская область,Новосибирский муниципальный район,Всё ок,50640000,58587816.48337177,63564401.89734834,74314445.01580518,131131462.28776306,160195099.74038854,204490395.7774569,137987,143576,147850,153043,166514,170131,173582,72473799.1,74177592.3,114884455.8,138012833.4,150799866.4,182746119.3,22747,23853.0,26147.0,29737,31857,34168,0,0,0.0,18263336,16235723,21023946.0,50640000000,1620.0,Новосибирский муниципальный район,Новосибирская область
5.0,Новосибирская,Новосибирская область,Ордынский муниципальный район,Всё ок,50642000,10891187.666082488,11693225.604145214,11381981.760239772,17282202.411264222,19144058.893058546,20697420.636181463,36045,36209,35846,35618,33811,33623,33187,3285048.9,3989968.2,4529207.7,4668244.6,4761276.6,5779250.6,5398,5467.0,5326.0,5239,5249,5241,0,0,0.0,1199845,974850,1690293.0,50642000000,1621.0,Ордынский муниципальный район,Новосибирская область
5.0,Новосибирская,Новосибирская область,Тогучинский муниципальный район,Всё ок,50652000,20126510.998913895,21031573.00475955,19407605.914220896,28995118.84422661,32320897.03751359,36172745.22273043,56258,55427,54531,53403,53998,53463,52999,11042307.5,12747044.8,11969917.3,13533125.5,21172469.2,22382904.6,10338,10552.0,9898.0,9316,9103,9086,0,0,0.0,576612,790692,1356449.0,50652000000,1625.0,Тогучинский муниципальный район,Новосибирская область
6.0,Ростовская,Ростовская область,ГО Ростов-на-Дону,Всё ок,60701000,1107479893.166648,1161663424.6293077,1175392640.9483955,1641150155.0397086,1980315993.3102174,2218926821.556762,1133307,1137904,1137704,1142151,1135968,1140487,1143123,446984462.7,476889280.8,579594386.9,620591699.8,748268109.6,809251665.0,278509,284123.0,283486.0,282596,284381,286147,95134109,107729327,141376765.0,151858154,309976642,366859723.0,60701000000,1790.0,городской округ город Ростов-на-Дону,Ростовская область
6.0,Ростовская,Ростовская область,ГО Азов,Всё ок,60704000,46432246.07291897,51470894.69247988,48269033.76052442,66892252.086251676,81747077.48904757,95868923.14027895,80286,80428,79857,81554,80757,80381,79872,33543337.4,40002401.1,44618957.6,40412884.9,42165200.5,56725216.3,17597,18520.0,17881.0,16891,16570,17234,2734617,3706524,3433164.0,5601911,10961675,11600377.0,60704000000,1791.0,городской округ город Азов,Ростовская область
6.0,Ростовская,Ростовская область,ГО Батайск,Всё ок,60707000,55960555.64203144,55470739.183684625,53207744.52308748,84956513.12356156,102709099.5562166,115643757.19408906,127654,127919,127444,126790,125523,124987,125378,11868168.5,12070822.0,13105313.0,18959176.5,19867241.6,22241442.2,19227,18902.0,18362.0,19570,19252,18898,1821549,1192702,1716731.0,2849042,2403374,6052856.0,60707000000,1792.0,городской округ город Батайск,Ростовская область
6.0,Ростовская,Ростовская область,ГО Новочеркасск,Всё ок,60727000,112616381.97551471,109902419.24447499,106875120.48259799,150182986.72565666,176757592.9903528,195431146.90154836,167355,168035,166312,163818,160782,160529,161060,95083185.6,88659525.8,103225226.5,122119998.4,143634122.4,161508692.7,36973,35472.0,36067.0,35302,34957,34296,5062706,5029395,4118646.0,5453265,6913259,12846225.0,60727000000,1798.0,городской округ город Новочеркасск,Ростовская область
6.0,Ростовская,Ростовская область,ГО Таганрог,Всё ок,60737000,167970566.69452545,169007488.87002063,163491851.93774137,238261544.916658,286711327.80725175,324075765.8886399,248664,248643,248269,244049,242327,241557,240055,102037080.3,98842929.8,141377302.5,141286333.3,171040354.9,174938338.4,56060,54843.0,53267.0,52427,52579,52407,8093522,8316182,8664731.0,16749891,12723891,19252698.0,60737000000,1800.0,городской округ город Таганрог,Ростовская область
6.0,Ростовская,Ростовская область,Азовский муниципальный район,Всё ок,60601000,27449320.23732861,21489065.179919124,20598257.310602125,29454074.758122925,32844688.951248556,36223238.54193313,96944,98084,98338,107088,107010,106693,106235,20924781.9,15470498.6,24392576.6,18078763.6,19781613.3,26979511.0,10268,8209.0,8078.0,7907,7716,7685,1805351,3548850,9780823.0,1683377,2448671,1926505.0,60601000000,1802.0,Азовский муниципальный район,Ростовская область
6.0,Ростовская,Ростовская область,Аксайский муниципальный район,Всё ок,60602000,81999463.95064259,86386052.4650045,95937458.75877094,165972020.13906056,203099000.0802687,220667807.32343626,116492,119843,122330,122134,123487,124569,126110,39804995.8,40442712.2,59296065.8,82997408.6,97307266.6,109810519.6,25606,25697.0,27099.0,31153,31749,31059,6759328,10166278,6025030.0,9589646,8935336,11767812.0,60602000000,1803.0,Аксайский муниципальный район,Ростовская область
6.0,Ростовская,Ростовская область,Мясниковский муниципальный район,Всё ок,60635000,20774663.33332254,20950990.22849369,21726563.496143498,34231709.84208525,42836529.466830455,48395121.43315021,47844,49204,50307,52343,52882,53883,56016,5804704.7,6268700.5,8527655.6,10366400.2,14551399.1,11871179.0,7070,7099.0,7375.0,7796,7703,7750,809954,2106427,2090203.0,1683177,3108896,2670005.0,60635000000,1826.0,Мясниковский муниципальный район,Ростовская область
6.0,Ростовская,Ростовская область,Неклиновский муниципальный район,Всё ок,60636000,20149023.388288897,20136072.91717797,18713151.96029697,28804175.180861562,33772958.56615849,35330443.53266435,84709,85203,86177,88848,89862,89763,89699,5675708.0,6110420.6,5834854.9,6635909.2,10478997.1,9693022.5,8602,8329.0,8080.0,8012,7995,7839,788533,611643,936860.0,1864207,3419398,4743742.0,60636000000,1827.0,Неклиновский муниципальный район,Ростовская область
7.0,Нижегородская,Нижегородская область,ГО Нижний Новгород,Всё ок,22701000,1232055450.9546497,1276837840.9786432,1244095420.6561418,1909518630.6673267,2122213351.2671924,2407446729.0661964,1261823,1271767,1263650,1253030,1237128,1228702,1222172,897139453.7,872977103.0,1047745181.9,1105205881.9,1400919180.7,1600988488.7,387551,393877.0,393345.0,387368,385703,388947,90314438,132032092,125821923.0,187579850,251472366,255235233.0,22701000000,1523.0,городской округ город Нижний Новгород,Нижегородская область
7.0,Нижегородская,Нижегородская область,ГО Бор,Всё ок,22712000,48951438.6705273,53212421.21196726,56546577.25844866,88667595.34666826,100814163.9988949,115937307.23055556,119383,118156,117326,116126,117831,117552,117287,36377886.1,41443380.2,61635178.4,58894429.5,66028751.9,68173031.9,21147,22534.0,23600.0,24525,24602,24359,4726986,6953994,8518049.0,4089188,8198675,8295829.0,22712000000,1525.0,городской округ город Бор,Нижегородская область
7.0,Нижегородская,Нижегородская область,ГО Дзержинск,Всё ок,22721000,121227425.40220647,121502758.19629869,115774122.12532884,193405808.70998454,233587312.4018765,287087737.21643776,239419,238841,237060,235039,226691,225251,223327,101722514.4,114235621.1,129215116.5,165228649.1,205025854.6,274558126.0,48761,48657.0,48420.0,49311,50534,52130,7360401,7534059,11983428.0,12384365,18551487,29660082.0,22721000000,1527.0,городской округ город Дзержинск,Нижегородская область
7.0,Нижегородская,Нижегородская область,Богородский муниципальный район,Всё ок,22507000,18072450.059081037,14758787.492981268,14015870.557374828,23029130.03317133,24600899.877634272,26875488.42873971,70549,59357,58375,57405,58362,57639,57828,8169348.9,5488429.2,6184160.7,9172778.1,10551458.3,9895831.5,9221,7834.0,7696.0,7746,7594,7263,4415173,1138781,1049971.0,1420883,4812193,2557386.0,22507000000,1540.0,Богородский муниципальный округ,Нижегородская область
7.0,Нижегородская,Нижегородская область,Кстовский муниципальный район,Всё ок,22537000,82197844.38307524,95239966.83938645,91606906.81355116,123908034.7820532,132644764.78201312,150346943.65431938,124071,125938,125369,125545,122131,121424,121322,473827714.7,338618172.0,163206670.7,176261247.1,188429008.5,209324734.2,27633,30357.0,31909.0,26827,26081,26339,40207846,47203393,48784151.0,22771351,21534877,31020171.0,22537000000,1560.0,Кстовский муниципальный округ,Нижегородская область
8.0,Краснодарская,Краснодарский край,ГО Краснодар,Всё ок,3701000,1230761167.2022982,1197386062.5537665,1222976217.4686773,2228800940.567663,2548593905.8887815,2915908607.7855434,1007964,1022028,1037888,1062557,1226226,1243839,1262725,495887827.4,651048173.6,525221729.5,551083748.5,640254679.7,711664647.1,290287,301887.0,307523.0,306852,305741,313731,110343495,115285125,131662621.0,150243506,204727943,323482658.0,03701000000,622.0,городской округ город Краснодар,Краснодарский край
8.0,Краснодарская,Краснодарский край,ГО Адыгейск,Всё ок,79703000,3754052.7123843348,3416527.4849018604,3409835.944647007,6199988.615801032,6921254.2987850355,7836914.819662338,15153,15133,15296,15360,15614,15661,15659,476918.0,813874.9,1056059.9,2213887.9,852341.1,1918755.2,1677,1658.0,1646.0,1638,1620,1592,115591,235522,366221.0,357915,613324,684765.0,79703000000,2.0,городской округ город Адыгейск,Республика Адыгея
8.0,Краснодарская,Краснодарский край,ГО Горячий Ключ,Всё ок,3709000,25621778.32003879,26881491.389441095,20612040.703890506,38179221.04882926,38597251.233058095,41983405.36584692,67981,69702,71609,72726,67391,68485,68753,9342085.2,9036489.9,9928712.8,6966542.2,9069964.6,10297496.4,8571,9014.0,8356.0,8728,7936,7676,1950928,1806973,1384127.0,863578,1088977,1581957.0,03709000000,626.0,городской округ город Горячий Ключ,Краснодарский край
8.0,Краснодарская,Краснодарский край,Тахтамукайский муниципальный район,Всё ок,79630000,35946109.761472486,35835633.365322396,40559049.197617784,75405076.9759477,88461281.98779951,111381183.26419128,85905,92035,94179,98923,127291,131043,131771,15742692.0,19832567.4,22700719.5,28267008.7,32128832.2,37516947.6,11340,12438.0,13248.0,13508,13486,14167,4300232,4059244,3891088.0,6205326,5134223,8943086.0,79630000000,7.0,Тахтамукайский муниципальный район,Республика Адыгея
8.0,Краснодарская,Краснодарский край,Теучежский муниципальный район,Всё ок,79633000,9431432.29455532,9981893.965964876,9677882.952763282,17591994.069114104,25268179.91699938,37905758.45756007,20563,20396,20541,20483,22196,22260,22254,3147060.3,3954476.4,4636297.5,9861437.5,8777864.3,6276315.7,3468,3784.0,3643.0,3604,4177,4921,649020,458644,584711.0,975673,7431378,4045689.0,79633000000,8.0,Теучежский муниципальный район,Республика Адыгея
8.0,Краснодарская,Краснодарский край,Динской муниципальный район,Всё ок,3614000,48387161.49545745,46201576.37078295,47467500.696314074,91510421.29033148,103307100.3994552,116485955.56022298,145536,146243,145976,144497,147411,147113,147906,31954016.4,38915346.0,53221162.9,55188533.6,57823060.5,47405110.7,17118,17420.0,17350.0,17652,18205,17837,4724487,2165623,3271994.0,3859164,7844592,10778477.0,03614000000,636.0,Динской муниципальный район,Краснодарский край
8.0,Краснодарская,Краснодарский край,Северский муниципальный район,Всё ок,3643000,56150017.04873969,52495878.96033572,50640910.07388605,89499930.3604599,101998097.79866949,138864200.32374483,122268,124169,124697,124888,122549,123854,124718,107254116.9,90976655.7,203690531.0,241992340.5,243389346.4,274631188.5,15502,16100.0,15439.0,15173,15124,16836,11404664,39300154,23298660.0,35863518,41452351,80710192.0,03643000000,655.0,Северский муниципальный район,Краснодарский край
9.0,Казанская,Республика Татарстан (Татарстан),ГО Казань,Всё ок,92701000,1267933306.2196262,1329102211.0423148,1308822911.6078458,2249065474.7698083,2439618463.008095,2690849853.839907,1251969,1257391,1257341,1259173,1314685,1318604,1329825,649769640.2,639675627.7,793872543.2,952479286.5,1086248985.6,1290565732.8,335590,333645.0,331569.0,334378,335715,339504,115856144,139205375,158273418.0,254413423,337821252,461382975.0,92701000000,354.0,городской округ город Казань,Республика Татарстан
9.0,Казанская,Республика Татарстан (Татарстан),Верхнеуслонский муниципальный район,Всё ок,92620000,21310379.237731844,25687166.780347366,33424148.99664581,76928497.68771937,110324393.81552503,131367775.81677674,16216,15935,16068,16052,17493,17641,17921,11835278.4,14029557.6,14540378.7,24233186.3,36322182.0,55058300.5,5033,5162.0,5814.0,7346,8020,8610,2027223,2515112,4296844.0,5882012,10626954,10446566.0,92620000000,370.0,Верхнеуслонский муниципальный район,Республика Татарстан
9.0,Казанская,Республика Татарстан (Татарстан),Высокогорский муниципальный район,Всё ок,92622000,22515362.653799824,24622285.419848893,23930307.98674318,42311238.66320682,46969628.81459695,54428120.43374883,50526,51567,52683,54511,58283,60647,62235,9446497.5,11160905.5,14240805.1,17410880.3,20891713.3,26632047.6,7979,8185.0,8172.0,8397,8501,8787,1013554,1112634,2051184.0,3207421,4341751,5070727.0,92622000000,371.0,Высокогорский муниципальный район,Республика Татарстан
9.0,Казанская,Республика Татарстан (Татарстан),Зеленодольский муниципальный район,Всё ок,92628000,92914878.44635867,95727811.3106778,105216592.58125116,207628344.84561822,265035738.39792338,311733801.57889676,165681,165915,165592,165726,169710,169798,170312,74276583.9,56433325.7,61976444.1,70311891.6,93744164.8,117278244.9,34598,34542.0,40721.0,48879,53062,57089,2921471,5522719,4713593.0,3683299,5769254,9981940.0,92628000000,375.0,Зеленодольский муниципальный район,Республика Татарстан
9.0,Казанская,Республика Татарстан (Татарстан),Лаишевский муниципальный район,Всё ок,92634000,69581513.31371367,72292773.33590749,71188469.70448919,122672392.29842758,127836343.74491003,145703165.18092123,44458,47423,50904,55530,67057,71646,75518,49318216.0,61857253.8,78404368.0,93952988.6,93209397.2,107304057.0,16507,16239.0,16224.0,16020,15599,16803,2677476,2137698,2997935.0,3563219,3383667,11959565.0,92634000000,379.0,Лаишевский муниципальный район,Республика Татарстан
9.0,Казанская,Республика Татарстан (Татарстан),Пестречинский муниципальный район,Всё ок,92648000,16248071.830997402,17054983.97601639,16227509.629288074,30526490.12984844,32500418.61969913,35290968.51687912,40170,45054,49263,53730,64944,66372,68175,3583616.7,3389003.2,4263985.7,4538092.1,5714961.2,9845144.7,5553,5744.0,5778.0,6232,6419,6413,1929990,2638768,1670464.0,5083551,3033072,5120894.0,92648000000,388.0,Пестречинский муниципальный район,Республика Татарстан
10.0,Челябинская,Челябинская область,ГО Челябинский,Всё ок,75701000,869719663.7216954,868398613.4171536,860610689.6530313,1286514660.7333374,1511844799.3213294,1702538823.491617,1200719,1196680,1187960,1179288,1182517,1177058,1176770,719821104.4,658299918.2,855546745.2,958696557.7,1094975077.6,1167824773.3,325544,319183.0,319841.0,317227,323885,331439,80374489,70727645,66799138.0,90536566,135042490,172054928.0,75701000000,2275.0,городской округ Челябинский,Челябинская область
10.0,Челябинская,Челябинская область,ГО Копейский,Всё ок,75728000,55426841.35518588,57298438.33470458,55248895.81784101,84429059.65106079,100058917.06706107,113018543.80275692,150385,149756,148044,147074,148292,147109,145905,29453584.0,30528342.1,36853849.9,42587880.6,60232267.5,74799377.1,25758,26034.0,25819.0,25766,25905,26042,2830849,1834410,2971560.0,3103489,8229319,12159739.0,75728000000,2279.0,городской округ Копейский,Челябинская область
10.0,Челябинская,Челябинская область,Аргаяшский муниципальный район,Всё ок,75606000,10446969.93571857,10818591.05537265,10875994.640828917,16624254.229442779,16335614.92099166,17145704.83816178,40540,40516,40412,40512,39396,39383,39152,5582080.8,10107846.1,18314982.8,25139457.1,26856680.5,24538077.6,5546,5488.0,5583.0,5579,5017,4738,230831,1763842,3404149.0,1546775,1386869,1706457.0,75606000000,2292.0,Аргаяшский муниципальный район,Челябинская область
10.0,Челябинская,Челябинская область,Еманжелинский муниципальный район,Всё ок,75619000,12884060.544134384,13464680.66135661,12004761.056058683,17565863.083367642,18463113.23924249,20140941.131423496,48774,48671,48162,47728,47327,47326,47144,12060048.9,14090879.6,17077405.9,15085393.4,14488506.2,14114388.3,7103,7211.0,6691.0,6660,6295,6097,203047,550508,418602.0,489921,2283795,1516133.0,75619000000,2297.0,Еманжелинский муниципальный район,Челябинская область
10.0,Челябинская,Челябинская область,Еткульский муниципальный район,Всё ок,75620000,8097590.2265091,8431880.602211567,8619990.535180084,12796385.898085253,13774412.911171418,14615764.982020862,29988,30004,29899,29797,29706,29743,29567,6613912.3,7632491.5,8033070.3,10247739.7,12714816.9,12226400.1,4357,4320.0,4250.0,4244,4052,3912,539427,825391,1076619.0,1432272,1913359,1549123.0,75620000000,2298.0,Еткульский муниципальный район,Челябинская область
10.0,Челябинская,Челябинская область,Коркинский муниципальный район,Всё ок,75533000,16164160.105464147,17549787.51310141,16797512.210683566,24054492.177235357,26990930.176607374,30574649.475118168,58939,58730,57945,57281,56058,55417,54875,10268578.0,10407752.1,13559479.2,17710008.3,21749283.8,23282583.5,8294,8294.0,8108.0,8138,8264,8388,987118,997196,2632154.0,2467391,1971400,2290948.0,75533000000,2303.0,Коркинский муниципальный округ,Челябинская область
10.0,Челябинская,Челябинская область,Красноармейский муниципальный район,Всё ок,75634000,10798501.131840821,10794577.836006248,10674662.971787885,16026993.732007906,17120721.511287563,18405076.845119428,41368,41614,41784,42324,49158,49996,50490,7974178.1,7479923.1,7862193.0,9297172.6,10661617.2,10682164.2,5754,5587.0,5449.0,5355,5093,4976,389906,778886,518078.0,534547,797573,1007908.0,75634000000,2304.0,Красноармейский муниципальный район,Челябинская область
10.0,Челябинская,Челябинская область,Кунашакский муниципальный район,Всё ок,75636000,6355732.743140224,6199229.406418015,5717312.543163266,8507905.907675153,10127294.862244304,11621594.622978168,28551,28438,28298,27946,27737,27505,27255,6623247.5,5927881.8,6844739.6,5877838.2,6180971.6,9815740.2,3480,3377.0,3273.0,3273,3506,3669,139240,145144,450895.0,137548,1228902,2021014.0,75636000000,2305.0,Кунашакский муниципальный район,Челябинская область
10.0,Челябинская,Челябинская область,Сосновский муниципальный район,Всё ок,75652000,28978816.890813183,31789255.385654673,35589863.831996895,54514267.93747549,62292937.86209841,70755620.77504607,74959,79055,81139,84596,88372,93044,96489,30858095.7,61964165.8,130406172.6,121819621.3,139596984.4,155735807.6,11991,12606.0,14000.0,14271,14410,14823,53888384,58336339,28621735.0,11342162,7814627,10704977.0,75652000000,2312.0,Сосновский муниципальный район,Челябинская область
11.0,Уфимская,Республика Башкортостан,ГО Уфа,Всё ок,80701000,1170484947.1607285,1121501296.5118825,1091305975.83357,1534994584.3569834,1694651317.3971028,1912239888.7341766,1135480,1140273,1137500,1146559,1180979,1186715,1190254,1329804360.6,1095861042.1,1416497294.9,1490609317.3,1614348270.0,1808790081.4,312964,310576.0,308109.0,305558,303299,300508,105170972,115885901,134387200.0,159074003,218853034,311915075.0,80701000000,21.0,городской округ город Уфа,Республика Башкортостан
11.0,Уфимская,Республика Башкортостан,Благовещенский муниципальный район,Всё ок,80615000,31210716.935773995,28910336.080344263,26105183.856412053,36496025.52366193,43144665.98246058,52672012.59143041,49020,48519,48149,47569,49148,48718,48236,23652350.6,26525618.0,26968065.0,34105130.5,39109567.6,50603116.9,10119,9848.0,9028.0,8663,9048,9545,6162615,3423742,5466333.0,5944211,5701524,6756991.0,80615000000,44.0,Благовещенский муниципальный район,Республика Башкортостан
11.0,Уфимская,Республика Башкортостан,Иглинский муниципальный район,Всё ок,80628000,12325655.406367945,12919723.121067243,12800890.736446269,20018748.796897646,23459085.531882618,24500688.872035407,65063,65712,66065,66555,70277,71099,71713,1374325.9,1906833.8,1653000.6,1683207.7,2570950.3,1875277.1,4565,4827.0,4830.0,5161,5336,5301,1027287,510187,713326.0,1187718,956446,2205707.0,80628000000,55.0,Иглинский муниципальный район,Республика Башкортостан
11.0,Уфимская,Республика Башкортостан,Кармаскалинский муниципальный район,Всё ок,80635000,12035718.622624842,11835773.658417435,11673685.741473336,16459665.164786436,17772694.131705135,19625248.539944444,49285,48858,48483,47949,51986,51575,51068,2227492.0,2803336.7,2416552.6,3016890.6,3059577.0,2554958.2,4877,4787.0,4744.0,4941,4980,4823,496883,1074110,2500602.0,1067170,1450618,2082400.0,80635000000,60.0,Кармаскалинский муниципальный район,Республика Башкортостан
11.0,Уфимская,Республика Башкортостан,Кушнаренковский муниципальный район,Всё ок,80640000,5541567.687410783,5666775.25542245,5404991.0757520115,7513645.255607252,8129569.526141789,9337843.159076458,26274,25838,25596,25238,26704,26370,26075,967523.5,1302352.7,1782036.0,1512665.8,1676895.9,1323151.4,2608,2610.0,2620.0,2590,2547,2547,387196,388255,439592.0,187397,641301,1190043.0,80640000000,65.0,Кушнаренковский муниципальный район,Республика Башкортостан
11.0,Уфимская,Республика Башкортостан,Уфимский муниципальный район,Всё ок,80652000,62698629.832279235,62486863.49440579,59797426.48646897,90891338.49402347,107672871.1162646,129865977.39308864,95353,99567,102303,107117,114453,117125,119619,47433374.8,54221663.2,71668319.0,66971154.1,79070059.2,90515714.5,16504,17432.0,16989.0,18273,19017,19716,10193345,10028491,10985719.0,8581413,7348920,5949801.0,80652000000,76.0,Уфимский муниципальный район,Республика Башкортостан
11.0,Уфимская,Республика Башкортостан,Чишминский муниципальный район,Всё ок,80657000,16150445.79854361,15957961.493562287,15436059.040974382,21271331.87297942,22877734.31831461,26787659.8595533,52325,52070,51409,51146,50859,50536,49886,14989809.1,15871553.7,22416502.2,24187334.0,21102084.6,25819094.7,6375,6307.0,6072.0,5969,5868,5957,1370079,862136,2022926.0,3618635,2809168,801364.0,80657000000,81.0,Чишминский муниципальный район,Республика Башкортостан
12.0,Волгоградская,Волгоградская область,ГО Волгоград,Всё ок,18701000,686161241.1872774,694811467.8783834,679446474.8490156,983459257.3856276,1079623835.893819,1152359753.560892,1013468,1008998,1004763,1001183,1025662,1018898,1012219,797733594.3,671927399.5,486510329.8,546027303.3,569570215.3,673203309.2,235989,235000.0,232082.0,228811,225688,227336,67105978,66042319,69639005.0,80435272,135061361,152482547.0,18701000000,1007.0,городской округ город-герой Волгоград,Волгоградская область
12.0,Волгоградская,Волгоградская область,ГО Волжский,Всё ок,18710000,161614590.65246278,165551438.85419568,159447659.609497,236202819.3664328,262036866.4320404,281964045.61886513,323604,323906,323853,321427,316544,315220,313034,213727724.3,198444921.5,220432582.3,292159177.5,293032323.6,285320422.3,58919,58724.0,56764.0,55747,56328,56455,20116463,12980121,12167609.0,16218350,28798630,60900733.0,18710000000,1008.0,городской округ город Волжский,Волгоградская область
12.0,Волгоградская,Волгоградская область,Городищенский муниципальный район,Всё ок,18605000,29562296.273963917,28947135.62232724,26632826.00460349,38809203.84669446,43434717.59269662,47230637.34651768,61246,61993,62440,62948,59337,59927,59848,21770585.5,24031733.4,28482620.9,34155376.1,44695255.4,52362222.3,11546,10813.0,10144.0,9993,10052,9979,5973633,9066175,12811426.0,20966851,14320577,18473364.0,18605000000,1015.0,Городищенский муниципальный район,Волгоградская область
12.0,Волгоградская,Волгоградская область,Светлоярский муниципальный район,Всё ок,18649000,11940798.510288429,11769553.605813354,9676721.714276101,13533128.853269469,14336592.074228913,16709228.456500413,36244,36336,36321,35731,33712,33189,32692,18332251.0,17253921.4,18443098.0,21275195.4,24044882.7,27685542.4,4760,4396.0,3786.0,3671,3523,3736,2429138,3667794,574743.0,378904,599832,714275.0,18649000000,1037.0,Светлоярский муниципальный район,Волгоградская область
12.0,Волгоградская,Волгоградская область,Среднеахтубинский муниципальный район,Всё ок,18651000,13366364.941133093,14758913.768177705,15558758.740842482,16673284.971196441,27899540.201797634,28882929.612698413,61118,60471,59913,59626,61206,61526,61258,4176627.0,9135711.7,14416890.3,5664527.4,26957542.4,34052837.6,5707,6004.0,6013.0,5093,6234,6184,1052747,1569677,4145884.0,1532523,2276305,6338936.0,18651000000,1039.0,Среднеахтубинский муниципальный район,Волгоградская область
13.0,Красноярская,Красноярский край,ГО Красноярск,Всё ок,4701000,1192867559.4248304,1159704377.0014668,1141814118.8538837,1403022546.3187914,1672958207.620577,1915966039.8907614,1096086,1094548,1093628,1103781,1197659,1206237,1212581,700114290.5,729326739.6,866946679.6,863387466.5,784405798.1,812525799.0,278500,277422.0,278945.0,279099,279835,284030,100502537,100601727,97179217.0,120984583,140492132,167670854.0,04701000000,666.0,городской округ город Красноярск,Красноярский край
13.0,Красноярская,Красноярский край,ГО Железногорск,ЗАТО,4735000,0.0,0.0,0.0,0.0,0.0,0.0,92302,91379,90392,88978,88713,88213,87322,0.0,0.0,0.0,0.0,0.0,0.0,0,0.0,0.0,0,0,0,0,0,0.0,0,0,0.0,04735000000,,,
13.0,Красноярская,Красноярский край,ГО Дивногорск,Всё ок,4709000,22575790.120277967,21270808.05696243,19581475.288552787,27080234.275077585,31484447.93043968,34314556.74045126,33414,33467,33329,33034,31719,31561,31171,36280379.4,40529278.1,47527117.1,46463174.3,50405955.0,56028493.0,6333,6482.0,6064.0,6393,6238,6174,649500,1125301,2603328.0,3241975,1760442,3243678.0,04709000000,670.0,городской округ город Дивногорск,Красноярский край
13.0,Красноярская,Красноярский край,ГО Сосновоборск,Всё ок,4733000,13309605.77018382,13141054.423800891,13175445.206173187,16944017.94535933,22053781.694863327,24492893.05299634,40614,41080,41152,41165,40619,40913,40819,7285651.3,7251426.9,10036924.6,10077028.2,10346116.1,9712880.9,4671,4713.0,4811.0,4859,4884,4785,428950,331590,498499.0,653771,1170272,2232227.0,04733000000,679.0,городской округ город Сосновоборск,Красноярский край
13.0,Красноярская,Красноярский край,Березовский муниципальный район,Всё ок,4605000,24848891.02509997,23938759.306037568,23135208.329822704,28809199.420889135,33586761.565441646,37391883.33346382,42088,42701,43090,43656,39806,40429,41064,7076988.1,7507571.0,11019942.5,11941330.3,11167582.3,12057698.3,7702,7545.0,7486.0,7456,7389,7309,1044505,866411,976647.0,1489562,808833,2067183.0,04605000000,686.0,Березовский муниципальный район,Красноярский край
13.0,Красноярская,Красноярский край,Емельяновский муниципальный район,Всё ок,4614000,49960910.566565216,49122474.286422744,46307075.0946246,59030852.19585569,70461909.37116838,84374285.47189066,53819,56885,58951,60637,54015,55572,55863,11183946.1,11942889.8,12913770.8,16221616.4,19734763.9,26716352.8,11772,12664.0,12778.0,13263,12863,13128,4779779,2456764,3332715.0,2858675,4519180,7601515.0,04614000000,693.0,Емельяновский муниципальный район,Красноярский край
13.0,Красноярская,Красноярский край,Поселок Кедровый,Всё ок,4775000,1733454.9664213846,1604527.689427047,1506588.6122163525,1882889.9261052266,2175502.7236653846,2360122.513275303,5298,5247,5169,5122,3829,3769,3707,116295.7,94463.8,104573.9,105270.5,140443.2,140820.9,733,696.0,676.0,660,640,635,2411,17012,10255.0,17073,91436,9597.0,04775000000,681.0,городской округ поселок Кедровый,Красноярский край
13.0,Красноярская,Красноярский край,Манский муниципальный район,Всё ок,4631000,5568919.778208452,5280800.672106638,4969024.060250797,5847750.015893873,6547006.884256321,7338997.385817116,15558,15385,15193,14929,13588,13436,13399,428489.5,394432.2,676877.5,1334164.9,775485.4,234438.1,2142,2132.0,2095.0,2001,1919,1884,101609,95095,160820.0,657772,569676,231131.0,04631000000,706.0,Манский муниципальный район,Красноярский край
13.0,Красноярская,Красноярский край,Сухобузимский муниципальный район,Всё ок,4651000,9211005.255637294,8495628.045580234,7607270.432749079,8852522.589089047,11041785.811525358,13171318.784875052,19863,19560,19218,18914,19135,18911,18668,2519755.6,2823637.3,2938009.6,1179780.4,4193448.1,3922931.0,3683,3626.0,3352.0,3156,3212,3238,291021,618195,494370.0,1052417,661804,1666743.0,04651000000,717.0,Сухобузимский муниципальный район,Красноярский край
14.0,Омская,Омская область,ГО Омск,Всё ок,52701000,857702110.1220994,830280934.540676,814718882.1574417,1132600638.951236,1276149640.6476734,1630453148.7089782,1164815,1154507,1139897,1126193,1110836,1104485,1101367,1110118929.0,1003335668.0,1063186457.0,683298425.1,803792353.8,891751237.0,283193,280746.0,275103.0,273814,274819,276216,107409128,139320263,129871113.0,136083115,145625254,157308917.0,52701000000,1632.0,городской округ город Омск,Омская область
14.0,Омская,Омская область,Азовский муниципальный район,Всё ок,52601000,6519570.01005244,6498370.586849675,6882503.11273275,8812165.00246496,9215573.649935447,11392630.791616682,25439,25573,25480,25574,25205,25339,25224,2274020.7,2387650.1,2595906.2,2635676.7,2576162.1,2987288.5,3327,3295.0,3438.0,3190,3048,2969,368667,499871,437700.0,543766,530884,780456.0,52601000000,1633.0,Азовский немецкий национальный муниципальный район,Омская область
14.0,Омская,Омская область,Калачинский муниципальный район,Всё ок,52618000,15840361.036103455,15114426.556668222,14745242.065513354,19098278.747086506,19978746.096214835,24337438.252914596,39098,38854,38240,37435,36093,35486,34920,9140429.2,8843735.4,8164566.7,8706080.0,8258490.8,9452452.1,7516,7225.0,6981.0,6635,6382,6131,468416,505172,1027936.0,575337,1274355,1429387.0,52618000000,1639.0,Калачинский муниципальный район,Омская область
14.0,Омская,Омская область,Кормиловский муниципальный район,Всё ок,52623000,8097194.353570272,7846067.139406804,7581226.02591328,10139016.095361901,11578429.16780687,14426767.244228156,24974,24709,24383,24097,23330,23179,22845,4462145.5,4630906.1,5143952.2,5012423.4,8814433.2,6609131.8,4063,3988.0,3867.0,3731,3740,3532,161665,476927,321534.0,554305,586661,1378029.0,52623000000,1641.0,Кормиловский муниципальный район,Омская область
14.0,Омская,Омская область,Любинский муниципальный район,Всё ок,52629000,10585234.14867975,10261042.501514804,10025916.464005541,13513245.896023115,14888714.144710064,19799960.059241697,37771,37612,37381,37082,38401,38168,37752,7630187.5,7784453.0,8472402.7,9880799.9,11791269.9,12334740.6,5423,5208.0,5045.0,4954,5007,5134,656175,630811,448353.0,607769,699676,1411923.0,52629000000,1643.0,Любинский муниципальный район,Омская область
14.0,Омская,Омская область,Марьяновский муниципальный район,Всё ок,52630000,7017812.567290101,6768081.47942347,6591646.809760068,8590911.732870897,10604977.921470994,13289130.937172227,27074,26821,26609,26536,25346,25313,25097,1609906.8,2054328.3,2185155.5,2739743.1,3406016.8,3598271.4,3565,3563.0,3383.0,3198,3528,3451,252179,361346,321816.0,627046,1514026,2027722.0,52630000000,1644.0,Марьяновский муниципальный район,Омская область
14.0,Омская,Омская область,Москаленский муниципальный район,Всё ок,52632000,7320595.226279083,7504851.287363485,7316640.430013951,10459628.303523257,11028809.415685683,13771928.258427696,28123,27816,27665,27337,26599,26392,26070,1320457.8,1498367.9,1592459.8,2566524.4,2336906.7,2605235.9,3928,3972.0,3930.0,4033,3880,3734,290550,537932,499063.0,512208,595674,367223.0,52632000000,1645.0,Москаленский муниципальный район,Омская область
14.0,Омская,Омская область,Омский муниципальный район,Всё ок,52644000,34860148.5629499,36924160.33687438,34063553.13034306,53380570.6093011,55995497.43010069,69034530.41141202,100266,99680,99227,98932,100896,100576,100526,27737781.7,27122437.5,33364370.9,39770447.6,39628202.7,34815882.6,15683,16784.0,15524.0,17447,17048,16279,2535811,1233849,1113880.0,2267063,3018962,4346831.0,52644000000,1652.0,Омский муниципальный район,Омская область
14.0,Омская,Омская область,Таврический муниципальный район,Всё ок,52653000,8800159.260114301,8669183.701152572,8523919.002796806,11661783.187770693,11975779.729033677,16126780.307334865,34978,34905,34633,34255,33534,33312,32970,1673032.4,3342297.6,6719809.9,7952358.8,5726542.9,5587824.5,4608,4672.0,4462.0,4373,4190,4422,234266,245381,388065.0,770188,201500,327494.0,52653000000,1658.0,Таврический муниципальный район,Омская область
15.0,Кемеровская,Кемеровская область - Кузбасс,ГО Кемерово,Всё ок,32701000,304064467.56692106,290365553.3751681,281732864.2718362,595862325.00667,547855791.0991501,510924748.4549618,558662,556382,552546,556189,549362,544600,542928,237503443.7,227798427.8,323115361.2,336751781.1,335305546.5,370615834.1,133615,135057.0,134737.0,135393,135830,138411,31591336,51458110,71920521.0,55876171,50782700,71372474.0,32701000000,1224.0,городской округ Кемеровский,Кемеровская область
15.0,Кемеровская,Кемеровская область - Кузбасс,ГО Березовский,Всё ок,32710000,15771612.729965577,14694715.545776553,13010086.87846689,26281075.430682246,24751756.599265296,18856148.18867456,47837,47617,46929,46088,45941,45757,45333,11996828.1,12721080.8,21100086.1,21621512.9,13764217.6,12956555.5,8484,8293.0,7685.0,7345,7402,6356,1099836,838466,535233.0,850906,1314315,1902227.0,32710000000,1227.0,городской округ Березовский,Кемеровская область
15.0,Кемеровская,Кемеровская область - Кузбасс,ГО Анжеро-Судженский,Всё ок,32704000,27584273.007427003,22931932.985784132,20801658.255549487,41686788.64992323,38744135.48550141,36329777.64448968,74949,73750,72472,71089,70178,69293,68622,123023739.3,93106391.3,128393006.3,130207452.5,125503949.8,162351222.5,15495,14322.0,13867.0,13852,13794,13693,11202335,21692799,2569699.0,2475125,4861445,8502710.0,32704000000,1225.0,городской округ Анжеро-Судженский,Кемеровская область
15.0,Кемеровская,Кемеровская область - Кузбасс,ГО Беловский,Всё ок,32707000,64429178.016291834,58992683.98109516,58126103.84644178,118563866.15926473,107008369.03394239,100690486.22360414,126477,126018,125053,121044,120094,119175,117941,83138347.2,74577994.2,125636050.6,148921105.3,130956262.9,128417757.0,31929,31409.0,30546.0,29386,28803,28855,11918791,8908777,13041692.0,16676015,14866932,15971396.0,32707000000,1226.0,городской округ Беловский,Кемеровская область
15.0,Кемеровская,Кемеровская область - Кузбасс,ГО Ленинск-Кузнецкий,Всё ок,32719000,56912319.377689734,49535904.265819065,45682863.28129869,95756924.40133943,85348942.61658062,78846275.07570435,97401,96515,95391,93003,91711,90570,88171,3945022.6,57062200.0,81953400.0,135488100.0,101735200.0,85663813.0,26881,25968.0,25117.0,24743,23812,23941,15664826,14500929,8036430.0,8477167,13293633,11346183.0,32719000000,1230.0,городской округ Ленинск-Кузнецкий,Кемеровская область
15.0,Кемеровская,Кемеровская область - Кузбасс,ГО Тайгинский,Всё ок,32740000,13501335.48032297,12720271.811522981,11406189.500169085,21809285.88499308,18436248.532404754,17054567.192867547,24948,24880,24362,23474,23240,23065,22823,2361486.4,2029601.2,2105103.5,2082560.4,1769768.0,1753997.9,6618,6608.0,6260.0,5922,5540,5439,1868305,1035083,281930.0,323458,182401,391948.0,32740000000,1237.0,городской округ Тайгинский,Кемеровская область
15.0,Кемеровская,Кемеровская область - Кузбасс,ГО Юргинский,Всё ок,32749000,22116208.032691974,20369148.57116314,17976529.571877062,36362705.68630088,32278461.93581337,31657407.651829556,81073,80840,80367,79411,78494,78009,77092,16451520.3,15296036.5,20565662.1,21220335.9,21512514.1,23365014.9,2826,2850.0,2492.0,2320,2274,2254,365733,789144,868062.0,1014112,1520226,2920601.0,32749000000,1238.0,городской округ Юргинский,Кемеровская область
15.0,Кемеровская,Кемеровская область - Кузбасс,Беловский муниципальный округ,Всё ок,32501000,27650420.4614132,22459875.44158267,25329415.634045422,58664519.475637965,54146612.05760611,42330862.62687249,564937,25955,25385,14174,14245,13942,13620,77294247.9,52188375.7,96689419.1,129082071.5,89346049.8,56119230.6,12133,11493.0,11807.0,12139,12413,11165,10870113,4770236,5078316.0,7719058,12367702,4451613.0,32501000000,1240.0,Беловский муниципальный округ,Кемеровская область
15.0,Кемеровская,Кемеровская область - Кузбасс,Ижморский муниципальный округ,Всё ок,32504000,2531901.249089874,2332722.929355882,2169595.6890672394,4353568.188194496,3899707.1764114928,3594933.406850781,10922,10723,10585,10364,9939,9689,9488,577414.2,508045.8,1023865.7,348543.0,455732.7,368384.3,1717,1640.0,1647.0,1624,1590,1546,32523,75110,97126.0,83073,472112,121948.0,32504000000,1242.0,Ижморский муниципальный округ,Кемеровская область
15.0,Кемеровская,Кемеровская область - Кузбасс,Кемеровский муниципальный округ,Всё ок,32507000,34920332.79120172,31682286.131205413,31417510.398582943,68900747.06038572,63654591.16040843,57544773.127400994,46556,47123,46776,46045,45809,45263,44910,55869300.4,46784471.4,93821375.6,118966713.8,92376519.8,72194309.0,16177,16231.0,15423.0,15483,15602,15593,9987527,6504800,11205444.0,23206627,34483351,31034808.0,32507000000,1243.0,Кемеровский муниципальный округ,Кемеровская область
15.0,Кемеровская,Кемеровская область - Кузбасс,Крапивинский муниципальный округ,Всё ок,32510000,4554445.183410977,4299354.848111006,4265499.957625869,8546885.63793158,7649295.964401679,7011313.934373627,22740,22557,22392,22085,21743,21713,21510,618290.9,540723.5,1447087.0,1462221.3,1912311.7,1534957.4,3298,3233.0,3273.0,3190,3125,3091,99483,209230,349418.0,430386,331465,707330.0,32510000000,1244.0,Крапивинский муниципальный округ,Кемеровская область
15.0,Кемеровская,Кемеровская область - Кузбасс,Ленинск-Кузнецкий муниципальный округ,Всё ок,32513000,11474697.417188294,10608488.78230907,10318773.113526376,20812702.030105393,17533017.138939798,15800765.583482191,20851,20687,20578,20384,21547,21399,138130,3945022.6,3084375.6,7180181.2,10329152.9,6595226.7,601303.1,5189,4931.0,4947.0,4882,4704,4351,6763525,5112375,6945834.0,9739178,10079759,11465438.0,32513000000,1245.0,Ленинск-Кузнецкий муниципальный округ,Кемеровская область
15.0,Кемеровская,Кемеровская область - Кузбасс,Мариинский муниципальный округ,Всё ок,32516000,15200100.776900547,14093395.734861452,13301678.288534187,26076542.862670563,22870050.34505829,20685074.968811207,53718,53319,53032,52360,50952,50597,50001,6688767.3,4696545.4,7154425.2,8116183.6,8037891.7,8536099.0,10148,9949.0,10248.0,10177,9634,9352,1355393,2830287,1164252.0,706827,729554,1086631.0,32516000000,1246.0,Мариинский муниципальный округ,Кемеровская область
15.0,Кемеровская,Кемеровская область - Кузбасс,Полысаевский муниципальный округ,Всё ок,32732000,14494162.488056807,12374871.902169012,11906221.259647915,21367903.91752855,18745072.477349374,23275952.499344233,28899,28733,28466,28132,28061,27901,25177,21868633.0,6686063.9,6594659.7,14762113.6,12688439.3,19685994.7,7067,6485.0,5981.0,4978,5006,6643,7551251,6631908,14420009.0,6813724,5559313,3706689.0,32732000000,1235.0,городской округ Полысаевский,Кемеровская область
15.0,Кемеровская,Кемеровская область - Кузбасс,Промышленновский муниципальный округ,Всё ок,32525000,9344940.699582472,9041755.392548265,9406530.396394484,19176994.00455235,16903272.035481356,15544896.74939244,46617,46259,46078,45771,45666,45477,45088,4468811.4,5230046.2,6343858.6,6586261.8,7941753.6,8192279.7,6197,6076.0,6366.0,6363,6280,6268,1054087,857802,1595821.0,2627005,3303282,3192017.0,32525000000,1249.0,Промышленновский муниципальный округ,Кемеровская область
15.0,Кемеровская,Кемеровская область - Кузбасс,Тисульский муниципальный округ,Всё ок,32528000,5839932.6763139535,5908825.625506446,6820794.465506462,13383451.335965311,12103916.529004648,10550042.402274236,20413,20099,19768,19305,18309,17957,17727,902036.3,1005132.8,0.0,1606608.4,2214511.2,1886910.7,3593,3576.0,0.0,3458,3473,3484,669227,1191407,97748.0,765002,832311,1660611.0,32528000000,1251.0,Тисульский муниципальный округ,Кемеровская область
15.0,Кемеровская,Кемеровская область - Кузбасс,Топкинский муниципальный округ,Всё ок,32531000,13386875.534319982,12628853.150542937,11362953.748181123,23432087.31958178,20955358.99592904,19786369.103156514,43010,42891,42615,42200,40738,40525,40199,12209643.1,12102000.4,13925087.9,16001313.2,18352371.0,20021564.4,8023,7821.0,7423.0,7315,7112,7018,501504,520042,754156.0,836386,1330667,1556104.0,32531000000,1252.0,Топкинский муниципальный округ,Кемеровская область
15.0,Кемеровская,Кемеровская область - Кузбасс,Тяжинский муниципальный округ,Всё ок,32534000,5306613.459532499,5004086.483160338,4631328.453295055,9355101.394018149,8138445.254783129,7484905.434528178,21900,21484,21112,20636,18850,18381,17891,7144997.3,6656159.7,7913577.4,2084469.0,1953674.1,2824509.1,3806,3640.0,3621.0,3612,3498,3488,287194,151492,130592.0,200714,449573,317259.0,32534000000,1253.0,Тяжинский муниципальный округ,Кемеровская область
15.0,Кемеровская,Кемеровская область - Кузбасс,Чебулинский муниципальный округ,Всё ок,32537000,4103352.545256163,3968965.2869413164,3960127.871630197,8147393.82116015,7265204.356888711,7104225.771402315,14312,14159,13996,13820,13270,12997,12877,1207217.8,1557947.8,2692172.2,2582919.9,2555112.9,2933695.1,3243,3272.0,3284.0,3239,3187,3177,467412,843777,1129387.0,1204538,1165463,5016791.0,32537000000,1254.0,Чебулинский муниципальный округ,Кемеровская область
15.0,Кемеровская,Кемеровская область - Кузбасс,Юргинский муниципальный округ,Всё ок,32540000,4201148.60113706,4153461.1419571233,3385642.556685573,6571475.565867253,5705519.714888904,5163913.766035521,20753,20468,20112,19744,19524,19321,19250,16451520.3,15296036.5,20565662.1,21220335.9,21512514.1,1162116.8,2826,2850.0,2492.0,2320,2274,2254,142215,1364099,1176612.0,1322186,1214549,890772.0,32540000000,1255.0,Юргинский муниципальный округ,Кемеровская область
15.0,Кемеровская,Кемеровская область - Кузбасс,Яйский муниципальный округ,Всё ок,32543000,4736486.761192124,4633795.057320634,4138580.4866618025,8376862.9156872835,8200297.0604088195,8589582.340921076,17352,17135,16920,16472,15662,15502,15225,860599.9,853305.0,847677.2,929900.6,1116980.1,1105947.7,3293,3356.0,3329.0,3305,3329,3485,81198,151595,159716.0,130089,1622673,836811.0,32543000000,1256.0,Яйский муниципальный округ,Кемеровская область
15.0,Кемеровская,Кемеровская область - Кузбасс,Яшкинский муниципальный округ,Всё ок,32546000,9731521.917348307,9236183.031631865,9333755.95337804,18745736.22392835,16807263.391542602,16103629.545337057,27314,27047,26842,26508,26287,26089,25792,123023739.3,93106391.3,128393006.3,130207452.5,125503949.8,32522220.7,5883,5778.0,5978.0,5975,5835,5823,1405527,2992051,1180995.0,1092429,1328816,2224057.0,32546000000,1257.0,Яшкинский муниципальный округ,Кемеровская область
16.0,Воронежская,Воронежская область,ГО город Воронеж,Всё ок,20701000,773482274.4192687,790959865.4875041,945904172.9033382,1090586727.0603788,1149129748.376341,1279254563.0880392,1054111,1058261,1050602,1048738,1051995,1046425,1041722,326638475.0,368539606.7,423259053.3,442008968.8,497577067.6,560922582.1,264254,264748.0,265390.0,261109,258348,261004,114038805,101497214,101119557.0,128645605,144275237,138021415.0,20701000000,1073.0,городской округ город Воронеж,Воронежская область
16.0,Воронежская,Воронежская область,ГО город Нововоронеж,Всё ок,20727000,60733461.52961334,51500653.269956574,57404305.56725177,65258557.65324693,67015968.55001626,72999655.28564662,31568,31540,31558,31313,30495,30557,30434,76980286.0,97137307.8,97674886.6,96443559.6,93811670.8,102109341.0,14965,13201.0,12766.0,12608,12602,12692,9596681,3531801,3787935.0,6276112,6395301,5895866.0,20727000000,1075.0,городской округ город Нововоронеж,Воронежская область
16.0,Воронежская,Воронежская область,Верхнехавский муниципальный район,Всё ок,20611000,8171332.662330252,8576552.876037631,9503288.036009643,10670476.34703016,11514343.839137044,12969706.960565846,23507,23108,22743,22422,22799,22717,22614,15394314.9,18211768.8,23082978.3,24337106.5,22045299.8,24204931.5,3569,3620.0,3504.0,3416,3439,3415,1174589,828132,1115279.0,1620927,4433441,1036904.0,20611000000,1081.0,Верхнехавский муниципальный район,Воронежская область
16.0,Воронежская,Воронежская область,Каширский муниципальный район,Всё ок,20620000,5827408.35052153,6048521.589579646,6500868.010210215,7860476.542670816,7653284.718900506,8087518.849386578,23320,23173,22842,22533,22904,22766,22571,14222748.8,22221091.0,32520290.5,31578818.1,27007400.8,29302188.4,2580,2433.0,2274.0,2315,2107,2135,863954,525822,1252592.0,747403,552575,1224690.0,20620000000,1087.0,Каширский муниципальный район,Воронежская область
16.0,Воронежская,Воронежская область,Новоусманский муниципальный район,Всё ок,20625000,20022392.61720346,22871230.548495755,29595032.282960042,35558247.68211826,39922172.55837186,50992503.26830773,83795,85362,86388,86554,88382,90178,92353,9009978.7,14500910.8,25037451.3,24428518.7,24990307.1,30731972.1,8390,9351.0,10353.0,10553,10747,11843,8424399,5978389,10125390.0,10932772,7204202,11371604.0,20625000000,1090.0,Новоусманский муниципальный район,Воронежская область
16.0,Воронежская,Воронежская область,Рамонский муниципальный район,Всё ок,20643000,36396169.89683661,35755721.52780647,49225880.66835539,63000310.494451076,70774738.8759433,86434201.32800503,34968,36017,36744,37804,39533,40466,40901,40270662.1,44036201.3,50906840.3,53420916.7,60507649.2,78142028.9,13166,12934.0,14313.0,15746,15996,16807,3499005,4775138,9581437.0,7426333,13877621,9830765.0,20643000000,1099.0,Рамонский муниципальный район,Воронежская область
16.0,Воронежская,Воронежская область,Семилукский муниципальный район,Всё ок,20649000,19072680.992848776,19724860.522419743,23966207.74845156,32829061.795130577,36238028.36706314,39752979.34779398,66967,67115,67282,66947,67072,67246,67098,19409436.1,20238260.1,24928745.8,29747825.7,27966291.7,29455695.5,8815,8608.0,8636.0,9430,9737,9845,2114345,1486020,1907834.0,1290509,3131791,2661590.0,20649000000,1102.0,Семилукский муниципальный район,Воронежская область
16.0,Воронежская,Воронежская область,Хохольский муниципальный район,Всё ок,20656000,8182906.555882569,8497015.128683206,10135767.205348933,12475029.226968555,13703525.244947191,15297328.743164295,29625,29630,29636,29585,29826,29974,29865,6060257.2,7462380.8,8877598.7,10553024.1,11697299.4,13528771.0,3816,3848.0,3892.0,4108,4100,4144,391949,512546,1692092.0,1611971,1828996,3223441.0,20656000000,1105.0,Хохольский муниципальный район,Воронежская область
17.0,Пермская,Пермский край,ГО Пермский,Всё ок,57701000,1006206158.2062974,930379747.3268514,911101745.0319737,1464888599.6900692,1637106967.6646183,1874182002.45027,1053938,1055403,1049206,1032452,1027157,1026912,1027521,900973540.4,802062231.3,674284600.3,721284619.9,851605332.1,1015793760.2,275666,271470.0,270556.0,270257,271849,277965,115806552,120085265,121524424.0,153059139,222105538,342111125.0,57701000000,727.0,городской округ Пермский,Пермский край
17.0,Пермская,Пермский край,ГО Звездный,ЗАТО,57763000,0.0,0.0,2765945.703360939,3917439.150808768,3885083.465989979,0.0,9460,9550,9627,7486,7515,7512,7532,0.0,0.0,688469.9,724869.5,514924.2,0.0,1107,1135.0,1100.0,1016,932,0,12834,17009,14853.0,15071,25366,0.0,57763000000,,,
17.0,Пермская,Пермский край,Добрянский муниципальный район,Всё ок,57718000,32234314.965159368,30461630.12214582,29497043.98957571,52855458.8281671,59384739.047360115,61150032.0466319,55578,55349,55035,54822,47852,47730,47516,41733205.3,37956068.8,47428462.5,51417674.1,62082943.5,69218558.2,9706,9664.0,9605.0,10110,10328,9764,2496230,7934433,5774342.0,14565906,8042542,8902371.0,57718000000,741.0,городской округ Добрянский,Пермский край
17.0,Пермская,Пермский край,Ильинский муниципальный район,Всё ок,57759000,5052198.059206187,4726729.30899308,4431355.80378227,6769605.990072845,7346967.492947494,7935027.68628232,18542,18185,17842,17549,17327,17130,16937,4216152.2,3165800.0,4137242.8,5972638.9,5851055.6,7093504.6,2288,2218.0,2156.0,2069,2049,2008,199964,130175,85602.0,43901,91367,150296.0,57759000000,743.0,городской округ Ильинский,Пермский край
17.0,Пермская,Пермский край,Краснокамский муниципальный район,Всё ок,57720000,37763262.36719714,35147386.36496122,35229988.61256165,56990452.15329921,60471095.67461934,67660759.52746007,73832,73262,72417,71570,67055,66475,66129,26895454.0,24149085.9,33686896.9,54042725.2,52542552.6,62705426.8,13239,13074.0,13003.0,12654,11967,12067,5239135,9141865,13796160.0,3894766,3532057,3005314.0,57720000000,748.0,городской округ Краснокамский,Пермский край
17.0,Пермская,Пермский край,Нытвенский муниципальный район,Всё ок,57727000,19713308.009416007,18067420.227082666,17398898.560368173,26929770.606557388,27438163.412475638,30545991.673746128,41156,40630,40207,39675,38404,37780,37281,16746602.0,18789421.1,25760129.6,22102029.2,22021711.6,25817872.0,8281,7906.0,7750.0,7478,6976,6741,2563331,2287892,1503721.0,1138047,1149598,1589920.0,57727000000,751.0,городской округ Нытвенский,Пермский край
17.0,Пермская,Пермский край,Пермский муниципальный район,Всё ок,57546000,46064514.64569794,46353050.62335811,47220686.25505714,75102767.60129741,82823125.09378798,96563867.86895995,112643,115117,116353,126444,128215,128718,129127,900973540.4,802062231.3,674284600.3,721284619.9,851605332.1,1015793760.2,275666,271470.0,270556.0,270257,271849,277965,1847017,3565789,4092829.0,3993491,5034523,7261129.0,57546000000,757.0,муниципальный округ Пермский,Пермский край
18.0,Саратовская,Саратовская область,ГО Саратов,Всё ок,63701000,506903764.10995305,537304369.0392989,553216278.2668046,873085697.063254,992588244.2277684,1082465360.4248762,841902,838042,830155,829787,942315,937364,941080,306926635.6,308064631.5,403777416.7,429296143.3,554224058.5,594121909.5,222801,219404.0,219052.0,227668,228428,227294,61130394,70536104,58665854.0,78910693,123943362,129623169.0,63701000000,2887.0,городской округ город Саратов,Саратовская область
18.0,Саратовская,Саратовская область,Саратовский муниципальный район,Вошёл в Саратов,63643000,19494868.416118726,23857891.67149623,22483745.720181968,0.0,0.0,0.0,49833,49892,50564,39304,0,0,0,27442014.3,28787444.5,34753708.2,0.0,0.0,0.0,14137,14343.0,12612.0,0,0,0,2739312,2022981,1118987.0,0,0,0.0,63643000000,,,
18.0,Саратовская,Саратовская область,(ЗАТО) Светлый,ЗАТО,63775000,0.0,0.0,0.0,0.0,0.0,0.0,12884,12913,12876,12750,12858,13035,13069,0.0,0.0,0.0,0.0,0.0,0.0,0,0.0,0.0,0,0,0,0,0,0.0,0,0,0.0,63775000000,,,
18.0,Саратовская,Саратовская область,Татищевский муниципальный район,Всё ок,63646000,9567365.059228567,10119863.89562244,9566821.05942841,14815957.253504692,16048500.865487484,17684882.319122437,29149,28968,28405,28185,27921,27609,22211,3460914.2,4051142.4,2715297.4,2836898.2,5434338.2,6349455.4,5240,5216.0,4896.0,4859,4724,4662,682022,560047,617681.0,720627,991637,1000989.0,63646000000,1948.0,Татищевский муниципальный район,Саратовская область
18.0,Саратовская,Саратовская область,Энгельсский муниципальный район,Всё ок,63650000,94046753.24407119,101367431.02586731,103747114.72935423,153597564.63540426,185498795.1393864,205872410.92881364,308915,309745,308054,308387,306051,304713,303937,90535604.2,80659422.8,103689411.3,111702075.0,121127441.7,145632778.9,53581,53072.0,52104.0,50374,50183,50127,8934859,8572610,11522230.0,11783009,10832004,12443696.0,63650000000,1952.0,Энгельсский муниципальный район,Саратовская область
19.0,Новокузнецкая,Кемеровская область - Кузбасс,ГО Новокузнецкий,Всё ок,32731000,270305651.60129094,257065407.42332256,249833189.08420104,508235946.46322906,457234860.42846376,444322291.11572534,552105,549403,544583,536388,533565,531186,528747,494011782.0,508599113.8,775288928.6,721623643.5,686295641.8,763038121.6,127103,127116.0,125110.0,123375,123095,124648,20473907,20052218,35573878.0,30557050,43707563,60136723.0,32731000000,1233.0,городской округ Новокузнецкий,Кемеровская область
19.0,Новокузнецкая,Кемеровская область - Кузбасс,ГО Калтанский,Всё ок,32715000,13505195.009546082,12206334.92093122,12165764.290879738,24305606.47466989,22857871.04032231,22523045.43750021,29695,29401,29030,29750,29370,29026,28531,14265215.6,14035468.7,22694361.2,16874369.9,10007811.8,17473834.1,6320,6136.0,6016.0,5982,6230,6440,2228213,3753453,1622473.0,3102615,3408652,3519282.0,32715000000,1228.0,городской округ Калтанский,Кемеровская область
19.0,Новокузнецкая,Кемеровская область - Кузбасс,ГО Киселевский,Всё ок,32716000,35728597.334914654,30653127.88828038,32340301.608567987,65866481.982597165,57724965.152613804,53471047.06551976,93471,91793,90539,87260,86185,85300,84362,53730168.6,41627855.8,101375465.3,121570512.1,93064168.5,85917960.3,18517,17671.0,17314.0,16981,16367,16561,9162608,4887000,4982720.0,7613567,8275011,6663140.0,32716000000,1229.0,городской округ Киселевский,Кемеровская область
19.0,Новокузнецкая,Кемеровская область - Кузбасс,ГО Междуреченский,Всё ок,32725000,65619393.42132168,61917133.64691278,60214501.34890445,128230058.05454081,115124502.77371733,108383391.32504505,98111,98256,98028,97001,96559,96216,95550,159472744.7,112393725.6,213223147.3,263354471.1,202468792.6,133101895.1,29343,29443.0,29361.0,29165,29018,29274,6882108,10030020,17209114.0,16927856,20727979,21040323.0,32725000000,1231.0,городской округ Междуреченский,Кемеровская область
19.0,Новокузнецкая,Кемеровская область - Кузбасс,ГО Мысковский,Всё ок,32728000,18587408.375093836,15833470.790145008,14586556.68885817,31668503.764454752,32744195.80102309,32346870.688048344,43113,42871,42598,42002,41743,41229,40685,72256352.6,46336629.7,82670294.3,142745535.8,121648825.3,155125508.9,9696,9036.0,8525.0,8669,9258,9604,2755549,855918,1612786.0,2742936,10894933,6695722.0,32728000000,1232.0,городской округ Мысковский,Кемеровская область
19.0,Новокузнецкая,Кемеровская область - Кузбасс,ГО Осинниковский,Всё ок,32734000,15599838.447561566,14484910.07417777,13801187.918985058,30011721.88931367,26652523.558276735,23946751.20972978,46665,46396,45947,44659,44002,43655,43151,11252376.2,14290010.0,15643582.1,17272242.6,17999209.7,15198536.3,8260,7896.0,7745.0,8211,8105,7906,1847651,2323994,1852834.0,2213795,1577494,1829202.0,32734000000,1234.0,городской округ Осинниковский,Кемеровская область
19.0,Новокузнецкая,Кемеровская область - Кузбасс,ГО Прокопьевский,Всё ок,32737000,48541176.53876422,44963358.79264422,43399318.041682586,91712406.68827808,77400669.75871673,70471018.15854393,191839,190334,187877,176865,174859,172618,170429,33408765.7,29012712.5,45544535.3,51034048.3,34342046.3,35645099.2,28783,28568.0,27806.0,27586,26038,25476,2785363,1743099,3156049.0,2637961,3777208,5536116.0,32737000000,1236.0,городской округ Прокопьевский,Кемеровская область
19.0,Новокузнецкая,Кемеровская область - Кузбасс,Новокузнецкий муниципальный район,Всё ок,32519000,73997167.06936161,62525567.74646427,69724382.01464318,161400276.3940578,148258005.99575415,141234173.6509391,50102,50170,50094,51165,51550,51873,51600,162732662.2,135676337.7,280532006.1,363551081.2,335077492.2,285006036.9,27252,25645.0,26675.0,28121,29145,29780,22577153,15520076,21197052.0,34146650,38498618,44537279.0,32519000000,1247.0,Новокузнецкий муниципальный округ,Кемеровская область
19.0,Новокузнецкая,Кемеровская область - Кузбасс,Прокопьевский муниципальный район,Всё ок,32522000,50855939.10976471,42510989.55212792,43801896.55491946,97662417.76471673,105537987.91579205,92125781.26391011,30444,30324,30086,29940,43450,43200,42882,153955673.4,130963419.5,224505338.9,293218813.2,258377103.1,188940753.1,19368,18889.0,18291.0,18916,22563,22117,26064383,11423198,13857841.0,27766771,28480802,17225537.0,32522000000,3007.0,Прокопьевский муниципальный округ,Кемеровская область
19.0,Новокузнецкая,Кемеровская область - Кузбасс,Таштагольский муниципальный район,Всё ок,32627000,20376132.406258345,19423021.332706828,19248164.599869058,38783785.79800788,33329027.530970104,32018308.72673309,52073,51420,50753,50236,49596,48876,48262,3415175.1,3839572.6,4564984.2,4632174.3,7427548.5,6662627.1,11297,11139.0,11179.0,11039,10590,10604,2270230,3045673,4024691.0,7702470,10049703,10688157.0,32627000000,1250.0,Таштагольский муниципальный район,Кемеровская область
19.0,Новокузнецкая,Кемеровская область - Кузбасс,Гурьевский муниципальный округ,Всё ок,32502000,13891931.086154884,12314057.058920344,12431477.177760473,25389794.23534492,21792160.489015665,23350713.887812223,39271,38930,38439,37851,36708,36402,35988,9642718.8,9374620.2,15917572.6,19328455.8,17239869.1,23772958.7,8241,7854.0,7815.0,7042,6569,7929,1930281,652200,1910694.0,4221698,1522475,1596427.0,32502000000,1241.0,Гурьевский муниципальный округ,Кемеровская область
20.0,Тюменская,Тюменская область (кроме Ханты-Мансийского автономного округа-Югры и Ямало-Ненецкого автономного округа),ГО Тюмень,Всё ок,71701000,931148177.5045774,913716211.6118797,1190427443.595366,1377205296.6718087,1567574445.147049,1764834353.9568334,788666,807271,816700,849433,855618,861098,872077,712523953.2,697252979.5,589224609.1,627235137.6,978201722.8,1041340227.0,201836,203080.0,203926.0,205021,210984,211835,68998771,79759564,94379302.0,128577006,139486759,164235050.0,71701000000,2190.0,городской округ город Тюмень,Тюменская область
20.0,Тюменская,Тюменская область (кроме Ханты-Мансийского автономного округа-Югры и Ямало-Ненецкого автономного округа),ГО Ялуторовск,Всё ок,71715000,20345700.478556424,19661605.655369934,23926789.440641724,27501254.227119632,29161588.312390044,32673049.931521922,39919,40273,39947,38839,38882,38970,38824,7425531.5,13621680.3,12806246.8,16515465.4,18844530.2,20597979.0,7271,6864.0,6735.0,6717,6679,6503,645238,1398084,1492860.0,2420462,2525650,2197331.0,71715000000,2194.0,городской округ город Ялуторовск,Тюменская область
20.0,Тюменская,Тюменская область (кроме Ханты-Мансийского автономного округа-Югры и Ямало-Ненецкого автономного округа),Тюменский муниципальный район,Всё ок,71644000,57811186.2557516,53481310.12720343,69810767.68938573,93734699.11974475,103837274.44348866,116402021.5673709,123720,127337,128987,137810,140102,143580,146134,35030079.5,34123382.3,38912197.1,45773856.1,59317830.9,61410304.9,19404,17740.0,17482.0,17501,17956,18177,6000244,6919981,4294809.0,11648412,14455111,13388645.0,71644000000,2210.0,Тюменский муниципальный район,Тюменская область
20.0,Тюменская,Тюменская область (кроме Ханты-Мансийского автономного округа-Югры и Ямало-Ненецкого автономного округа),Ялуторовский муниципальный район,Всё ок,71656000,3663939.5954796346,3723665.792410713,4548214.591024367,5021429.574262443,5469760.5893861465,6653396.769169586,14116,14068,14050,15933,15967,15981,15949,773162.2,737366.7,697316.1,818341.2,976180.0,964168.1,1576,1566.0,1525.0,1433,1417,1445,586460,509206,322525.0,617965,1100430,410181.0,71656000000,2214.0,Ялуторовский муниципальный район,Тюменская область
20.0,Тюменская,Тюменская область (кроме Ханты-Мансийского автономного округа-Югры и Ямало-Ненецкого автономного округа),Нижнетавдинский муниципальный район,Всё ок,71632000,7837523.844974051,7029384.005362002,8421248.060011411,11052662.782338873,12250420.155491289,13483197.846993366,21941,21672,21450,26900,27046,27122,27040,2228224.4,1620760.2,1613963.1,3612562.1,5776966.5,12838750.6,2917,2657.0,2536.0,2854,2970,2914,1554613,2972584,1701605.0,2053432,2457677,2172746.0,71632000000,2205.0,Нижнетавдинский муниципальный район,Тюменская область
20.0,Тюменская,Тюменская область (кроме Ханты-Мансийского автономного округа-Югры и Ямало-Ненецкого автономного округа),Исетский муниципальный район,Всё ок,71624000,9256181.736909484,8895507.254696092,10942997.998107115,13741128.33054903,13698475.609745238,14732070.07010262,25150,24878,24729,26081,26041,25979,25957,2566544.7,2351997.4,2571671.9,4179855.4,3723506.2,3444414.8,3634,3516.0,3416.0,3509,3345,3219,1460903,1458344,1700006.0,4323135,1694032,1778769.0,71624000000,2202.0,Исетский муниципальный район,Тюменская область
20.0,Тюменская,Тюменская область (кроме Ханты-Мансийского автономного округа-Югры и Ямало-Ненецкого автономного округа),Ярковский муниципальный район,Всё ок,71658000,7757303.825851038,8744826.91903095,10117731.248339713,10577914.813043002,11480982.407332342,12984199.719082123,23158,23041,22862,23280,23229,23139,23141,1849558.9,3677062.9,3410514.4,1841633.1,1073430.7,1469255.3,2915,3064.0,2810.0,2580,2612,2651,1437691,695098,880701.0,484244,662780,936411.0,71658000000,2215.0,Ярковский муниципальный район,Тюменская область
21.0,Ставропольская,Ставропольский край,ГО Ставрополь,Всё ок,7701000,407520167.05397946,392563878.2819616,388889722.90241474,579970107.7039164,640720234.0624077,922643194.7737912,437552,450863,454671,458348,550260,557402,563103,133297318.5,138959066.2,155358036.4,159090748.3,211464780.2,247578410.8,117851,116835.0,116068.0,114717,116616,116587,18569687,18411967,22817668.0,22053819,45783937,41041151.0,07701000000,809.0,городской округ город Ставрополь,Ставропольский край
21.0,Ставропольская,Ставропольский край,ГО Невинномысск,Всё ок,7724000,80005671.19120766,78041250.99806565,79132726.71430112,126260295.61509858,140331977.26917803,238562858.87501466,116884,116751,115627,114423,115826,114556,113112,110655112.0,117061376.7,167415660.6,183035450.1,164984508.6,206120665.6,23256,23081.0,23984.0,24252,26377,29972,10831975,13411426,11287972.0,21565005,17694213,20844590.0,07724000000,820.0,городской округ город Невинномысск,Ставропольский край
21.0,Ставропольская,Ставропольский край,ГО Изобильный,Всё ок,7520000,52545125.45378964,54606898.42015864,56425682.82166099,84281670.5841344,87348141.25550033,124994799.93100843,98921,98962,97935,97037,104897,104095,103379,23248043.9,25192525.5,37929335.5,47334966.8,65384857.5,69840877.5,0,15637.0,16516.0,16932,16616,16812,12836059,13145423,10333583.0,11405942,13663078,4837304.0,07520000000,814.0,Изобильненский муниципальный округ,Ставропольский край
21.0,Ставропольская,Ставропольский край,Грачевский муниципальный округ,Всё ок,7517000,7237799.547701155,6909989.743476733,6715849.908440522,10005198.688149704,10709036.005291184,15290789.116210325,11372,11181,10905,10545,10778,10558,10353,2650995.7,3108011.4,4987391.2,1788691.4,4369248.2,8329742.2,3073,2983.0,2880.0,2750,2792,2842,9961090,1201804,177922.0,406417,490790,298310.0,07517000000,831.0,Грачёвский муниципальный округ,Ставропольский край
21.0,Ставропольская,Ставропольский край,Кочубеевский муниципальный округ,Всё ок,7528000,26109067.652102374,24127776.281513333,25145729.781771217,37984675.59304712,40062971.05440818,55865924.13667574,75526,74628,73791,73088,78120,77707,77577,14842482.5,14780340.1,14780309.9,16007282.2,12697392.9,15578210.5,10072,9916.0,10013.0,9350,9446,9666,7173770,31611354,4805801.0,18663540,6694926,2462455.0,07528000000,832.0,Кочубеевский муниципальный округ,Ставропольский край
21.0,Ставропольская,Ставропольский край,Труновский муниципальный округ,Всё ок,7554000,9950027.2713835,9308255.644353315,9456227.068573315,15082082.88489519,15664333.51573531,21405537.538159393,31071,30449,29846,29409,32451,32211,31809,3914166.1,3787516.8,5340784.3,7388206.8,6107544.2,7011119.1,3964,3850.0,3763.0,3649,3756,3799,488272,670391,9027799.0,7097063,7846662,2420204.0,07554000000,839.0,Труновский муниципальный округ,Ставропольский край
21.0,Ставропольская,Ставропольский край,Шпаковский муниципальный округ,Всё ок,7558000,35112086.2343469,34062965.08937441,36625588.42457875,60549155.571676664,66603149.98422228,97576297.33023143,147202,148979,148262,146870,166092,165229,167111,8340666.0,7878960.3,11530980.7,12611783.0,17427727.5,23031146.7,11803,12307.0,13201.0,13774,14542,15384,2212268,2800348,3013106.0,6062488,8239939,6693541.0,07558000000,841.0,Шпаковский муниципальный округ,Ставропольский край
22.0,Иркутская,Иркутская область,ГО Иркутск,Всё ок,25701000,530211714.21691465,516938531.65932,502314536.23146135,794441040.9506857,866220620.99038,992565596.8491176,623479,623562,617515,617249,611215,606369,605708,328969092.7,338311606.5,406413030.8,460194858.4,512739694.6,543746265.9,184314,183926.0,185008.0,187545,190163,192864,79002940,133922808,251727370.0,421518933,356634819,430126052.0,25701000000,1134.0,городской округ город Иркутск,Иркутская область
22.0,Иркутская,Иркутская область,ГО Ангарский,Всё ок,25703000,138319121.20795566,131946023.14681621,122287731.92306803,182419761.1221373,189479939.22445142,210751166.46463045,237713,236912,235114,231890,230058,229085,216973,95832399.1,101437786.6,113934640.9,129675530.6,133653576.9,141164530.1,53775,53549.0,52491.0,53217,52594,50601,9004856,11296035,8865358.0,10685895,14497603,19236067.0,25703000000,1135.0,городской округ Ангарский,Иркутская область
22.0,Иркутская,Иркутская область,Иркутский муниципальный район,Всё ок,25612000,22404513.560845044,21421427.16053965,20517449.678550683,31918474.307345036,35181752.29848107,41975921.02505313,132744,136940,139320,141716,165480,167989,171995,11488983.1,11099542.0,14547840.5,14386772.5,14594550.4,16636186.0,11674,11185.0,11165.0,11680,11953,12426,2203298,2410578,2405291.0,2777938,3781767,4573505.0,25612000000,1150.0,Иркутский муниципальный район,Иркутская область
22.0,Иркутская,Иркутская область,Шелеховский муниципальный район,Всё ок,25655000,31888909.50589718,30785750.404631168,31015678.149670504,48856880.692929804,48875895.15283814,56849886.381940715,68030,68416,68288,67580,64199,63683,63265,58153208.8,58976806.1,73376641.5,85184714.8,87235766.1,90518056.6,13332,12963.0,12782.0,12662,12328,12495,2603799,3360303,2623415.0,5905313,4129827,8345169.0,25655000000,1169.0,Шелеховский муниципальный район,Иркутская область
23.0,Ижевская,Удмуртская Республика,ГО Ижевск,Всё ок,94701000,483973657.672682,462506097.24662966,462780130.7663247,720906512.2147027,820569758.782488,1030031691.7157471,648944,648146,646468,645183,620591,618776,616297,386132474.7,280032915.3,390385892.6,411483962.4,489697089.0,703518710.5,175886,175694.0,174061.0,170448,166006,170075,43154688,44049085,45898052.0,55773435,61129529,95718075.0,94701000000,418.0,городской округ город Ижевск,Удмуртская Республика
23.0,Ижевская,Удмуртская Республика,ГО Воткинск,Всё ок,94710000,71046349.44717194,63163411.474952646,53201009.44368687,97684240.74546865,118634642.93557148,142916503.5438279,97345,97244,96861,96105,96646,96037,95137,18413400.7,17591043.9,17411927.4,21818792.7,29906997.4,36740891.7,25580,24744.0,23537.0,23624,24548,24632,2201810,2007952,1526650.0,2206669,5666675,10110293.0,94710000000,419.0,городской округ город Воткинск,Удмуртская Республика
23.0,Ижевская,Удмуртская Республика,ГО Сарапул,Всё ок,94740000,50983806.30630856,45750648.462215625,45301743.48448106,75149609.75181422,99627487.48560806,120799760.63116787,96361,95355,94554,93380,90260,89442,88388,28460193.2,30054038.2,32848976.3,38548221.2,49550058.3,56527845.2,21980,21312.0,20867.0,21098,21425,21704,1433616,1381796,1814068.0,2308068,4772653,8468567.0,94740000000,422.0,городской округ город Сарапул,Удмуртская Республика
23.0,Ижевская,Удмуртская Республика,Воткинский муниципальный район,Всё ок,94508000,14075505.61924073,13485815.510998487,12308007.914078455,19739827.98977294,21652239.239218835,25148070.2546665,24303,24332,24491,24608,23474,23422,23341,54539759.4,42474339.3,47669156.3,59615525.9,89974148.1,127612666.6,5240,5133.0,4981.0,4647,4587,4558,254221,395885,185981.0,479780,443008,2341251.0,94508000000,426.0,муниципальный округ Воткинский район,Удмуртская Республика
23.0,Ижевская,Удмуртская Республика,Завьяловский муниципальный район,Всё ок,94516000,29658816.678621896,28434589.45134465,27341262.754424404,43847011.19268836,53322814.28992845,62364162.71041562,77525,79470,80665,82411,82103,83460,84942,20293795.8,16359657.6,24586758.3,28084687.8,33816130.2,40129058.7,13243,13191.0,13028.0,12980,13804,13550,1928116,2205566,3413827.0,4218247,3334757,5091809.0,94516000000,430.0,муниципальный округ Завьяловский район,Удмуртская Республика
23.0,Ижевская,Удмуртская Республика,Камбарский муниципальный район,Всё ок,94520000,7743859.737911035,7371230.960217305,7149454.967249519,11254488.791208263,12591602.845115136,14043318.451410264,16585,16402,16239,16024,15570,15789,15532,6981525.4,6217064.2,8535094.8,10527463.5,9755410.8,9226495.3,3601,3551.0,3491.0,3554,3566,3375,158633,220870,1438134.0,552104,545778,637598.0,94520000000,432.0,муниципальный округ Камбарский район,Удмуртская Республика
23.0,Ижевская,Удмуртская Республика,Сарапульский муниципальный район,Всё ок,94537000,9383188.318316806,9059300.400466593,8718868.159641812,13225957.669861557,15337706.231234776,18174530.305403985,23984,23722,23449,23205,23267,23501,23040,18032748.8,16960238.2,31156826.9,33121558.4,38477883.7,55325698.3,4820,4771.0,4606.0,4381,4105,3939,815449,1268019,1061996.0,907730,1870021,2276809.0,94537000000,440.0,муниципальный округ Сарапульский район,Удмуртская Республика
23.0,Ижевская,Удмуртская Республика,Шарканский муниципальный район,Всё ок,94546000,6112829.832662685,6059889.42790168,5530729.295981567,8353015.4670490995,9621723.314715417,11231018.730972275,18280,18094,17890,17629,18886,19022,18847,12839392.4,10716325.6,18173290.5,18819542.5,19286836.3,26032723.7,3392,3386.0,3220.0,3043,3015,2927,707408,1030801,956222.0,944211,1270301,1296929.0,94546000000,444.0,муниципальный округ Шарканский район,Удмуртская Республика
23.0,Ижевская,Удмуртская Республика,Якшур-Бодьинский муниципальный район,Всё ок,94550000,10538373.209640883,9924100.363441136,9533038.768605558,14994275.086822325,16003647.29309065,18118573.300436027,20786,20486,20282,19943,19293,19371,19388,22228874.1,15891156.6,28237497.8,32142580.9,28038699.5,33390812.4,4568,4457.0,4369.0,4247,4058,3821,107445,250971,301121.0,675537,283822,225933.0,94550000000,446.0,муниципальный округ Якшур-Бодьинский район,Удмуртская Республика
23.0,Ижевская,Удмуртская Республика,Малопургинский муниципальный район,Всё ок,94533000,8731137.206729118,8269987.2686034925,7687467.039320578,11491645.45009183,12759054.448536731,15122136.98365234,33447,33305,33183,32840,30993,31253,30853,2312538.6,2104141.4,2058029.0,2362373.2,2408011.1,2693430.3,4835,4646.0,4318.0,4049,3920,3855,316868,343802,276136.0,481561,633378,763356.0,94533000000,438.0,муниципальный округ Малопургинский район,Удмуртская Республика
24.0,Махачкалинская,Республика Дагестан,ГО Махачкала,Всё ок,82701000,525277957.19852287,465476858.8287527,471856994.91167897,632415912.8887345,803603791.1936338,865193836.45721,732517,735588,737031,759402,759521,759490,763940,51552828.9,54834431.7,55870058.9,61305231.3,71860117.3,79579900.5,105850,105526.0,106609.0,106833,107601,108508,0,0,0.0,40424243,46919444,53805809.0,82701000000,107.0,городской округ город Махачкала,Республика Дагестан
24.0,Махачкалинская,Республика Дагестан,ГО Каспийск,Всё ок,82720000,40709244.259425275,39070878.85579204,38568502.93788175,54691829.74156249,68922103.2568739,70202098.49032483,119238,123988,128663,122332,125747,129833,133105,15923729.9,16249223.8,19911282.3,19987623.8,20360551.3,26624501.4,10520,10561.0,10668.0,11378,11445,11104,0,0,1279003.0,2215587,5206285,10778232.0,82720000000,,,
24.0,Махачкалинская,Республика Дагестан,Карабудахкентский муниципальный район,Всё ок,82635000,17975680.697155774,17040478.819903646,17253804.339381594,25178138.136197485,30988574.4882554,35233329.489154704,84956,86437,87830,100440,101957,103321,104951,1033889.5,1214490.4,1507625.9,1872602.7,2069996.5,2733850.3,5517,5730.0,5872.0,6412,6619,6999,0,0,0.0,440551,516145,3525634.0,82635000000,139.0,Карабудахкентский муниципальный район,Республика Дагестан
24.0,Махачкалинская,Республика Дагестан,Кумторкалинский муниципальный район,Всё ок,82636000,10369487.593815602,10472774.78891225,11096023.033865241,15795687.750528567,19869921.556204826,21190935.524243664,27044,27376,27859,28891,29179,29603,30008,3039261.9,3294367.6,5694337.8,5293190.1,5219850.0,6906449.2,2106,2452.0,2514.0,2734,2780,2841,0,0,0.0,20661,150395,140671.0,82636000000,140.0,Кумторкалинский муниципальный район,Республика Дагестан
25.0,Тульско-Новомосковская,Тульская область,ГО Тула,Всё ок,70701000,586807062.0579544,590420752.147385,679159235.0655929,848657475.6713326,947998726.6384711,1012970900.5951643,546896,542516,535707,547059,542516,538297,533607,444523487.0,527239032.4,613199012.1,629555432.9,756024063.5,941672105.2,177977,177595.0,176346.0,178166,177523,179057,75711248,45799591,54280308.0,55956532,72340111,79284850.0,70701000000,2164.0,городской округ город Тула,Тульская область
25.0,Тульско-Новомосковская,Тульская область,ГО Новомосковск,Всё ок,70724000,90548461.4757729,92804752.7139075,107050082.83154207,134219871.59286347,146466284.98254272,154211616.64074126,134932,133791,133021,132006,130673,129639,128151,143476353.6,153856945.5,207375899.6,228731012.9,205374731.6,243953089.3,31720,31666.0,31180.0,30584,29562,29453,10116836,10230343,15280703.0,23221877,18992022,33086484.0,70724000000,2169.0,городской округ город Новомосковск,Тульская область
25.0,Тульско-Новомосковская,Тульская область,ГО Донской,Всё ок,70712000,19896125.84153521,19487690.9506823,21764567.238424342,28781865.601619072,32064428.024564005,35360996.37352741,63014,62621,61477,63625,63038,62255,61740,10634859.7,11105403.9,12985627.2,19831826.6,25930202.2,31106550.8,9298,9054.0,8826.0,9012,8847,9785,495630,800250,765664.0,579871,1077885,1958084.0,70712000000,2167.0,городской округ город Донской,Тульская область
25.0,Тульско-Новомосковская,Тульская область,Узловской муниципальный район,Всё ок,70644000,39194014.89859152,40849366.1290463,49922789.10782231,61599094.254828416,73129213.60756302,89175693.07957843,79510,78186,77479,76621,75528,75414,74853,31905429.1,49555033.1,92391025.3,101394543.3,215285210.6,284623358.4,15130,15624.0,16108.0,15777,16316,18502,14177172,4234662,8934091.0,10959284,21117501,26775101.0,70644000000,2186.0,Узловский муниципальный район,Тульская область
25.0,Тульско-Новомосковская,Тульская область,Киреевский муниципальный район,Всё ок,70628000,15567955.624769967,15389234.634681888,17875415.241780315,22887792.49403202,25261380.832913175,26008126.337363876,72146,72028,71774,73822,73476,73376,72945,4634203.9,4682080.3,6388408.6,8986275.3,9056166.0,10208441.3,7305,6986.0,7129.0,7054,7188,7209,581831,901445,1012435.0,1156667,1909852,1750166.0,70628000000,2180.0,Киреевский муниципальный район,Тульская область
25.0,Тульско-Новомосковская,Тульская область,Щекинский муниципальный район,Всё ок,70648000,49217483.67045885,51790567.713342674,61324380.92460991,78265175.31020409,84170500.24567221,92184047.45594701,105608,104920,103098,105676,103032,101699,100124,50414954.2,49845975.4,88407082.5,96962496.5,87883455.0,106218468.0,17960,18227.0,18325.0,18875,18570,19118,7854393,19479826,26841569.0,28692939,19256629,28996540.0,70648000000,2188.0,Щекинский муниципальный район,Тульская область
26.0,Набережночелнинская,Республика Татарстан (Татарстан),ГО Набережные Челны,Всё ок,92730000,415366057.1887733,422274548.0663575,419609628.97367156,741976405.5789187,857548786.0121295,986223652.9883119,533907,533839,532074,528366,545750,544383,548221,392668663.8,451342069.7,632347397.0,609341746.9,822937372.9,882665391.5,129942,127846.0,126337.0,126876,129838,134240,31795397,27084437,36644169.0,37865504,59517957,81714228.0,92730000000,355.0,городской округ город Набережные Челны,Республика Татарстан
26.0,Набережночелнинская,Республика Татарстан (Татарстан),Елабужский муниципальный район,Всё ок,92626000,84231745.82670766,91408333.786664,92243194.94047171,175266009.7422704,245103288.83108982,386106835.22220904,85596,85606,85514,85825,85667,85471,86096,132507672.2,139500612.2,201313451.0,200749545.3,250652436.2,513180080.2,24868,25990.0,26727.0,27729,30362,36579,15614504,16273586,20586641.0,38141925,167961119,156426960.0,92626000000,373.0,Елабужский муниципальный район,Республика Татарстан
26.0,Набережночелнинская,Республика Татарстан (Татарстан),Менделеевский муниципальный район,Всё ок,92639000,18461251.638475537,18140388.753813803,17528128.778175555,31882091.0076872,33833735.07646503,37996557.33829806,30264,30064,29671,29273,30523,30286,29994,21713932.3,21620253.9,36154683.5,45445333.3,29669364.3,36117062.3,6167,5819.0,5544.0,5654,5560,5275,331468,389627,1246032.0,1658886,2386045,3786869.0,92639000000,382.0,Менделеевский муниципальный район,Республика Татарстан
26.0,Набережночелнинская,Республика Татарстан (Татарстан),Тукаевский муниципальный район,Всё ок,92657000,38986231.889082275,40385271.28703315,40708361.36603599,72224474.86780663,81573256.27451791,82948960.13205355,41348,42511,43653,45514,48959,51140,52574,39620280.0,38829036.3,51139624.6,82199208.1,89711397.3,61254213.8,12568,13764.0,14547.0,15493,15059,12770,2198257,3019491,5191571.0,3482469,6819170,3637519.0,92657000000,394.0,Тукаевский муниципальный район,Республика Татарстан
26.0,Набережночелнинская,Республика Татарстан (Татарстан),Нижнекамский муниципальный район,Всё ок,92644000,285784315.9657846,310528893.0573043,323370776.7582856,556104038.8569506,588061146.4159379,613142669.1390249,275520,276326,276037,275816,277053,276414,276801,579471550.5,526122357.6,841654918.7,874640741.7,874112976.0,1005854240.1,78499,79714.0,80189.0,77253,75561,74379,76000500,107909066,116885222.0,112209626,145341801,155157458.0,92644000000,385.0,Нижнекамский муниципальный район,Республика Татарстан
27.0,Ярославско-Рыбинская,Ярославская область,ГО Ярославль,Всё ок,78701000,403419320.8795911,405056544.30985546,455298863.6154357,554791743.7317327,636303037.9179221,713902970.6542836,609828,608353,601403,593958,570824,567443,563717,295069054.5,297871917.8,376346471.1,393415886.7,451818829.1,485773726.7,166816,164490.0,163927.0,162082,160889,160990,39742989,45468430,57331955.0,61300735,76303117,83765190.0,78701000000,2318.0,городской округ город Ярославль,Ярославская область
27.0,Ярославско-Рыбинская,Ярославская область,ГО Рыбинск,Всё ок,78715000,110621407.65562123,108533820.34553613,120123382.55619437,155018549.51272216,187341017.58854875,208869601.16019714,186575,184635,182383,179575,173910,171810,169579,101993956.0,101493685.6,114442089.0,119505229.1,148319198.7,152019186.9,53865,52121.0,51061.0,49739,50178,49857,11791871,6278435,7568608.0,6625650,10292981,18541118.0,78715000000,2320.0,городской округ город Рыбинск,Ярославская область
27.0,Ярославско-Рыбинская,Ярославская область,Рыбинский муниципальный район,Всё ок,78640000,10350257.9120154,11243686.287945822,12419731.150871323,16134252.949219065,18262150.083766468,20904671.794414103,25882,25634,25274,24843,26515,26409,26253,15196526.2,15949648.0,17701231.1,18853256.7,20624032.3,23449342.2,5349,5765.0,5671.0,5654,5332,5273,2056182,2521523,1340542.0,2456113,3103700,2885026.0,78640000000,2334.0,Рыбинский муниципальный район,Ярославская область
27.0,Ярославско-Рыбинская,Ярославская область,Ярославский муниципальный район,Всё ок,78650000,35367412.07314085,37105509.73021637,40211798.97958139,49379548.49003182,55861955.74775351,64354537.0564902,64563,66072,67675,69554,70406,72442,73763,31972392.1,28747587.1,36748436.8,33177939.2,37262512.8,39158127.3,14806,15029.0,14891.0,14697,14378,14384,4225948,4071833,4119674.0,4461689,6941203,9729435.0,78650000000,2337.0,Ярославский муниципальный район,Ярославская область
27.0,Ярославско-Рыбинская,Ярославская область,Тутаевский муниципальный район,Всё ок,78643000,14708662.997552145,14004839.24127683,17279302.535744917,21879579.50719928,24409494.34952865,27792382.78340659,55596,55418,55169,54817,52624,52373,52330,8090958.1,8046113.1,12452192.6,15212177.1,19472839.1,23608587.9,8921,8303.0,8756.0,8807,8607,8351,1492059,2497910,2346717.0,659375,589274,3187196.0,78643000000,2335.0,Тутаевский муниципальный район,Ярославская область
27.0,Ярославско-Рыбинская,Ярославская область,Ростовский муниципальный район,Всё ок,78637000,24485527.681517404,24435004.644425657,27547617.676921118,34414260.8085431,40757678.62664062,45705924.87835886,62906,62249,61721,61122,58436,57986,57768,14155448.2,15096409.5,17982353.0,20610711.9,28479203.2,33717202.6,14093,13830.0,13614.0,13436,13650,13310,2241817,3386979,3877726.0,4690550,4300593,6861529.0,78637000000,2333.0,Ростовский муниципальный район,Ярославская область
27.0,Ярославско-Рыбинская,Ярославская область,Гаврилов-Ямский муниципальный район,Всё ок,78612000,11254170.679651061,11330751.221984442,12384957.333875693,15589457.70554385,17729249.97674418,20103549.07749572,25347,24967,24585,24182,24165,23809,23493,3154709.1,3182079.3,3960988.0,3973547.2,5700375.3,6603106.5,5867,5795.0,5790.0,5734,5680,5603,187086,225258,383390.0,424002,315554,563047.0,78612000000,2324.0,Гаврилов-Ямский муниципальный район,Ярославская область
28.0,Кавминводская,Ставропольский край,ГО Пятигорск,Всё ок,7727000,117500813.15617792,112961157.14026241,112517479.46575002,165803956.4458307,175316659.7433907,232193272.09692404,213997,214567,212305,211066,213377,211692,211304,36455354.1,36748549.1,39805419.8,42782185.3,50282889.7,57803041.1,37106,37144.0,35698.0,34434,34489,33707,4910841,5075551,5021062.0,5097517,5100970,7232994.0,07727000000,824.0,городской округ город-курорт Пятигорск,Ставропольский край
28.0,Кавминводская,Ставропольский край,ГО Кисловодск,Всё ок,7715000,49015137.083223574,43531876.21567605,45871075.54213743,72717474.2619266,80110422.33757505,117389423.4342393,135881,135530,134639,134220,133913,133451,132977,19562104.8,17011631.3,21822765.8,26858519.0,31896782.3,43160988.0,16836,16634.0,16136.0,15856,16394,17203,4191412,4097610,6052411.0,4679195,7212237,12008564.0,07715000000,2876.0,городской округ город-курорт Кисловодск,Ставропольский край
28.0,Кавминводская,Ставропольский край,ГО Ессентуки,Всё ок,7710000,48248139.6357999,41772535.05873674,45305713.16902939,73490014.58151455,75279322.53400555,103767923.18963076,110479,113056,114824,117168,121534,123138,124038,12902706.2,9571651.3,15800097.0,18347184.9,25205363.7,24455280.1,16571,16301.0,16743.0,16632,15565,15118,1458039,1852250,2650581.0,2637239,5066589,4506437.0,07710000000,812.0,городской округ город-курорт Ессентуки,Ставропольский край
28.0,Кавминводская,Ставропольский край,ГО Железноводск,Всё ок,7712000,26286569.66396123,22762866.334930062,23579592.16792503,40224992.7690748,41075028.62754959,55979682.80540421,52703,53926,54134,54217,50136,50082,49818,5087430.2,3700603.7,5487764.1,6207414.2,8025475.9,9050621.5,9677,8965.0,9003.0,9201,8986,8781,1355726,748687,1383943.0,1139163,948489,2686015.0,07712000000,813.0,городской округ город-курорт Железноводск,Ставропольский край
28.0,Кавминводская,Ставропольский край,ГО Лермонтов,Всё ок,7718000,12961039.379618179,10754120.644763619,9365462.18111429,14805018.16083277,20175318.649143714,30754985.05245726,24640,24934,25290,25702,24405,24717,24794,4515058.0,4011151.6,4541231.6,4728906.3,10338551.6,14349399.7,4265,3753.0,3355.0,3458,4152,4520,361067,353649,701685.0,739979,651320,1485820.0,07718000000,818.0,городской округ город Лермонтов,Ставропольский край
28.0,Кавминводская,Ставропольский край,ГО Минераловодский,Всё ок,7539000,73182578.63890485,70246767.96093936,69439920.38765967,108690576.34061177,116228934.65234368,166323086.26428977,137732,137173,135751,134545,131778,130865,130145,26297161.2,25686979.3,32119043.3,37470590.2,46518238.5,53921827.2,23830,24069.0,23676.0,23665,23970, 2397О,5187359,7126683,3643124.0,4268397,5870817,12684583.0,07539000000,819.0,Минераловодский муниципальный округ,Ставропольский край
28.0,Кавминводская,Ставропольский край,ГО Георгиевский,Всё ок,7515000,38623212.9013248,36976651.70037464,35733798.381704494,54848141.260683745,56395229.53986191,80701321.54019308,165798,164433,162981,160901,158452,157898,157087,12698079.7,14348950.1,18800216.3,18544823.6,22262425.5,21001347.3,16080,15827.0,15687.0,15392,15488,15035,1442465,1739071,1370682.0,2459501,1857388,2780472.0,07515000000,811.0,Георгиевский муниципальный округ,Ставропольский край
28.0,Кавминводская,Ставропольский край,Предгорный муниципальный округ,Всё ок,7548000,23570390.599042606,22663499.318706755,22195404.8580327,34068334.88864486,38772765.75669821,53255576.06894795,110776,110600,109332,107341,110643,109591,110618,7383752.3,7748971.1,9958947.0,9555033.1,10283033.3,12279381.3,8666,8530.0,8574.0,8465,9256,9034,2412933,3569182,7970335.0,6083626,2027701,1820034.0,07548000000,2881.0,Предгорный муниципальный округ,Ставропольский край
29.0,Ульяновско-Димитровградская,Ульяновская область,ГО Ульяновск,Всё ок,73701000,387704729.8853975,388398940.8430311,371188684.556075,540009672.4869366,632802239.743902,732759867.0629076,650652,650334,647808,644668,634567,632771,633484,277747631.7,235241277.0,282622577.2,291150544.5,339114058.3,414837680.7,159970,158346.0,156442.0,154128,153275,153914,18773883,21073258,33423634.0,31189846,33655726,41626565.0,73701000000,2251.0,городской округ город Ульяновск,Ульяновская область
29.0,Ульяновско-Димитровградская,Ульяновская область,ГО Новоульяновск,Всё ок,73715000,6154750.695166138,6093940.158734225,5540302.998744805,8453034.82757796,10310949.871818889,14809477.09945768,17774,17617,17375,17120,16857,16791,16618,7417888.8,6723407.2,9672436.3,11899843.0,14212884.4,17712076.3,3058,2965.0,2742.0,2831,3028,3469,155625,498361,488106.0,445640,618111,1049077.0,73715000000,2253.0,городской округ город Новоульяновск,Ульяновская область
29.0,Ульяновско-Димитровградская,Ульяновская область,ГО Димитровград,Всё ок,73705000,65836948.666584596,67281361.97435686,68328654.73448993,96489119.12390268,108868460.87208273,121722479.0256088,114229,113472,112388,111093,109547,108804,108073,30233523.1,30045313.2,37790429.3,44132548.8,66541753.5,80072635.3,28484,27695.0,28738.0,27792,27197,27657,5032415,4243286,8270306.0,14813754,17449801,26924874.0,73705000000,2252.0,городской округ город Димитровград,Ульяновская область
29.0,Ульяновско-Димитровградская,Ульяновская область,Мелекесский муниципальный район,Всё ок,73622000,7075537.319951418,7108153.15635827,6631492.4025192335,9493987.042576248,9779338.053793339,11357093.456671055,33017,32161,31264,30376,29754,29193,28611,8894085.9,10995411.5,14972178.1,14892391.4,16583882.0,22413456.9,3922,3776.0,3750.0,3638,3358,3317,371233,493079,463318.0,1649814,1043591,1738623.0,73622000000,2261.0,Мелекесский муниципальный район,Ульяновская область
29.0,Ульяновско-Димитровградская,Ульяновская область,Новомалыклинский муниципальный район,Всё ок,73627000,2873037.391635078,2785260.1089272737,2369261.889249338,3143131.3239430804,3446625.4855707553,3787738.1645881617,13652,13355,12968,12637,11926,11548,11199,2799761.3,2673692.0,4369114.3,3475940.3,3476757.4,4442588.8,1716,1625.0,1497.0,1358,1356,1311,322706,271721,96915.0,148134,214940,268191.0,73627000000,2263.0,Новомалыклинский муниципальный район,Ульяновская область
29.0,Ульяновско-Димитровградская,Ульяновская область,Старомайнский муниципальный район,Всё ок,73642000,2598325.293737126,2658360.225814684,2296513.539934622,3113377.9716396094,3428276.5728809144,3862866.4177013314,16276,16042,15749,15364,14818,14556,14258,236671.7,450675.4,235334.7,289705.2,305071.8,347243.4,1630,1628.0,1515.0,1458,1387,1365,38250,50681,70236.0,29574,50495,79556.0,73642000000,2269.0,Старомайнский муниципальный район,Ульяновская область
29.0,Ульяновско-Димитровградская,Ульяновская область,Ульяновский муниципальный район,Всё ок,73652000,8244624.086986385,8351785.327525839,8252756.557099833,11868421.412640868,13610971.191433538,15615936.29366144,36380,36099,35976,35713,34975,34931,34505,3833427.7,3574340.9,5073798.0,5793193.1,6479176.3,7568065.7,4524,4339.0,4531.0,4465,4336,4303,243218,368467,625897.0,305500,423186,588785.0,73652000000,2272.0,Ульяновский муниципальный район,Ульяновская область
29.0,Ульяновско-Димитровградская,Ульяновская область,Цильнинский муниципальный район,Всё ок,73654000,5588699.095419248,5533806.914506734,4927677.389002535,6978353.972702384,8317212.401439793,9127099.300535513,24634,24382,24056,23630,23000,23007,22718,2111610.5,3052160.5,2800459.3,3661584.1,8964459.7,11547397.8,3380,3140.0,3081.0,2954,3042,2975,209131,202525,193848.0,394929,654288,687723.0,73654000000,2273.0,Цильнинский муниципальный район,Ульяновская область
29.0,Ульяновско-Димитровградская,Ульяновская область,Чердаклинский муниципальный район,Всё ок,73656000,14151578.049992977,15262729.784500534,13838747.171343293,20766896.29962112,24495146.174217287,30851081.75101319,41958,41654,41403,40670,39311,38945,38645,36535191.8,37855268.5,38587411.9,48754185.2,50460379.8,60185523.9,6319,6359.0,6283.0,6413,6301,6521,1589053,1053959,2661903.0,1900825,2054726,2009578.0,73656000000,2274.0,Чердаклинский муниципальный район,Ульяновская область
30.0,Владивостокская,Приморский край,ГО Владивосток,Всё ок,5701000,796668748.8791183,820780262.1079867,775211449.5973632,1171631863.5136106,1312538829.8858764,1496698551.286628,633144,634665,628623,629001,628385,622782,625630,339298541.6,354465164.5,475318569.6,535587078.0,620530119.2,684488934.3,169550,169616.0,167499.0,169920,170668,170256,61319716,80035885,89331120.0,131280691,218311720,169369476.0,05701000000,775.0,городской округ Владивостокский,Приморский край
30.0,Владивостокская,Приморский край,ГО Артем,Всё ок,5705000,70873053.0112574,70495889.83548167,66335586.481910534,107155836.85382123,118282211.51925108,145391386.39191008,115991,115137,114288,113743,117858,117762,117637,26122580.1,21564906.6,23950683.5,42976648.8,40600185.9,48038012.8,18901,19065.0,19013.0,20539,20107,21344,2024502,3944676,3800060.0,4005239,7347278,27847469.0,05705000000,777.0,городской округ Артемовский,Приморский край
30.0,Владивостокская,Приморский край,ГО Большой Камень,Всё ок,5706000,76242094.45078784,87826041.47502431,77338484.31905553,102156576.0560698,112930919.5813292,126907649.53128552,39161,40301,39873,39460,42271,42502,42181,40759794.9,18837844.7,33409106.1,65826295.1,36865229.7,39210015.4,12446,13606.0,13174.0,13227,13715,13646,9265493,9676891,11586538.0,37662071,36521471,27650730.0,05706000000,778.0,городской округ Большой Камень,Приморский край
30.0,Владивостокская,Приморский край,Надеждинский муниципальный район,Всё ок,5623000,12056439.121992731,12930855.069317354,14042330.440402485,24888934.829613574,28562532.75051499,33909581.70718401,38451,38692,39095,39754,40669,41960,42782,2634497.6,2119002.2,3044730.5,8711507.5,8523792.9,11651012.7,4167,4144.0,4564.0,4965,4997,5138,655916,4827849,9825873.0,5536739,6580740,2413980.0,05623000000,794.0,Надеждинский муниципальный район,Приморский край
30.0,Владивостокская,Приморский край,Шкотовский муниципальный район,Всё ок,5557000,17414215.685213152,22136981.14770919,23604150.628422093,41250965.23565319,49812082.593458384,55907553.40301233,23939,23825,23601,23391,21135,21051,21010,4120970.7,7340087.6,10792007.3,18532100.3,27336610.7,31472865.3,4634,5231.0,5656.0,6204,6581,6375,12518581,3204226,22975669.0,20571310,9702581,15713915.0,05557000000,807.0,Шкотовский муниципальный округ,Приморский край
31.0,Калининградская,Калининградская область,ГО город Калининград,Всё ок,27701000,483833880.8450336,466334430.8641533,422017044.8149622,624110073.0324509,678591307.1173307,776386909.9623826,482443,489359,493256,490562,489735,489584,488690,464562650.1,459700500.5,534068754.6,336191221.7,287666447.8,308378881.1,118385,118794.0,114892.0,114317,113936,115514,48947362,41367395,40989243.0,76393196,119327478,125693615.0,27701000000,1176.0,городской округ город Калининград,Калининградская область
31.0,Калининградская,Калининградская область,ГО Светловский,Всё ок,27725000,28988447.527935572,29035983.448384322,26579447.703204557,39229645.47297226,40993128.39355092,57070448.2307202,28614,28617,28423,27640,27592,27486,27350,124364413.3,144492104.9,187214001.7,199549194.6,201892155.2,214368102.4,5901,6266.0,5994.0,5546,5396,6455,11047431,16292831,5516846.0,3213330,12954938,5088171.0,27725000000,1180.0,городской округ Светловский,Калининградская область
31.0,Калининградская,Калининградская область,ГО Пионерский,Всё ок,27717000,7384052.451554826,7826939.100816468,6661198.862651633,9125220.294679733,10357885.995686602,12522522.153103847,11454,12194,12573,12864,12873,12928,12649,4188174.4,3719326.5,3089823.5,2666884.8,3354694.0,3570739.0,2106,2164.0,2110.0,2054,2005,2080,44075,1289573,334720.0,770097,1914128,1027824.0,27717000000,1179.0,городской округ Пионерский,Калининградская область
31.0,Калининградская,Калининградская область,ГО Ладушкинский,Всё ок,27711000,909164.0609552984,879057.2677574517,793682.7733562483,1208038.2504415456,1407161.1642092464,1738076.6594176567,3960,3972,3905,3746,3721,3745,3701,285846.5,269964.0,273802.5,377881.9,569400.6,677301.6,335,330.0,326.0,315,338,375,9810,28410,31657.0,38588,43207,93099.0,27711000000,1177.0,городской округ Ладушкинский,Калининградская область
31.0,Калининградская,Калининградская область,ГО Янтарный,Всё ок,27740000,5428094.707922287,5068493.390868142,5378704.670896181,7522671.7488631625,9769044.86610506,11004110.020887535,6475,6493,6552,7305,7237,7206,7198,3327653.9,3109173.0,3861978.7,4151970.4,5243020.2,6071191.4,1154,1139.0,1274.0,1330,1426,1473,297094,202614,670226.0,412817,583337,1234045.0,27740000000,1182.0,городской округ Янтарный,Калининградская область
31.0,Калининградская,Калининградская область,ГО Балтийский,Всё ок,27705000,22648892.04307837,21500070.357541807,19116501.68404145,26943823.027131826,27067741.172689527,29884571.646816496,37037,37124,37406,37695,29090,29289,29432,3872821.3,3501115.0,4228303.0,2943527.2,3687073.6,4576613.3,8316,8219.0,8009.0,7597,7325,7254,284474,189116,319925.0,439893,619924,1134240.0,27705000000,1184.0,городской округ Балтийский,Калининградская область
31.0,Калининградская,Калининградская область,ГО Светлогорский,Всё ок,27734000,11550606.049850833,10025634.594343757,9763946.593253542,14892113.121551845,17231545.746848546,19972739.377181087,18633,19710,20784,21456,20746,21165,21354,2063637.0,2530732.5,3592259.2,3384222.1,3796614.3,7138082.2,3520,3452.0,3387.0,3413,3576,3604,1433187,2258759,5629609.0,2821696,3578740,2784800.0,27734000000,1190.0,городской округ Светлогорский,Калининградская область
31.0,Калининградская,Калининградская область,Гвардейский муниципальный округ,Всё ок,27506000,10695111.474570164,9999480.605568882,8441472.172539398,11208877.32127354,12342044.046939045,13319509.44646864,29144,29158,29169,28758,29256,28931,28792,6751058.8,5201534.6,5510204.6,11734498.0,16469208.7,19964242.2,3732,3685.0,3384.0,2888,2824,2831,182795,354194,280369.0,262100,459443,831664.0,27506000000,1185.0,муниципальный округ Гвардейский,Калининградская область
31.0,Калининградская,Калининградская область,Гурьевский муниципальный округ,Всё ок,27507000,40284752.42801339,38781331.849186644,38848300.35513701,55812146.26348819,62283551.11638416,72851974.50599402,68579,70242,71241,74314,107412,110395,112558,59576833.6,57255853.3,68981050.5,69844825.0,75049655.3,89719333.2,10300,10804.0,11255.0,10961,10981,11265,5396338,3330841,4149543.0,3939371,3898587,3514428.0,27507000000,1186.0,муниципальный округ Гурьевский,Калининградская область
31.0,Калининградская,Калининградская область,Зеленоградский муниципальный округ,Всё ок,27510000,18753241.847575247,20200879.129148416,18272496.195033807,28104947.664650783,34357205.575869925,36486169.640125774,37054,38217,39561,41164,39203,39588,39621,13837577.8,16848389.0,22314950.9,22372835.5,28574847.3,29825779.1,4796,5310.0,5278.0,5425,5907,5866,1195275,690934,777469.0,1254285,6331672,1462210.0,27510000000,1188.0,муниципальный округ Зеленоградский,Калининградская область
31.0,Калининградская,Калининградская область,Полесский муниципальный округ,Всё ок,27518000,3578496.431849394,4096357.0351101058,3928759.2452603476,6023033.939033596,6511479.94383732,8828953.874726268,18223,18107,18079,18058,17147,17007,16806,1165503.7,2152244.3,2862461.4,5250541.8,6269828.6,8783948.4,1336,1475.0,1497.0,1570,1600,1748,545100,517591,321579.0,494339,1457385,743350.0,27518000000,1194.0,муниципальный округ Полесский,Калининградская область
31.0,Калининградская,Калининградская область,Багратионовский муниципальный округ,Всё ок,27503000,12518260.906896006,12211641.095575474,11618971.790581023,17298046.305212494,19811944.285134796,23564241.457549427,32786,32908,32813,32922,32921,32981,33108,7208003.0,10249806.1,10453027.1,11734498.0,16469208.7,19964242.2,3346,3446.0,3627.0,3881,4215,4430,2089748,2294483,1915839.0,2033093,684213,2078022.0,27503000000,1183.0,муниципальный округ Багратионовский,Калининградская область
31.0,Калининградская,Калининградская область,Правдинский муниципальный округ,Всё ок,27519000,7456785.277574258,7597029.36085041,7559198.908505187,12526896.56977515,14044175.164321326,16396445.769268854,18869,18568,18471,18271,18197,18045,17931,6943587.9,8505544.2,13701461.3,15848674.9,18461306.9,22178038.1,2197,2272.0,2367.0,2631,2723,2711,1591440,1701097,1702146.0,2048533,2873889,2046829.0,27519000000,1195.0,муниципальный округ Правдинский,Калининградская область
32.0,Барнаульская,Алтайский край,ГО Барнаул,Всё ок,1701000,407945839.56334484,430532006.3896368,405706609.3982468,654717072.7677836,698418004.0282903,826513751.9636027,696735,696986,695540,692148,690128,687601,688818,182179110.8,192211169.3,224711619.0,258812426.5,282692869.3,307182040.5,155811,157202.0,156959.0,156629,156536,158863,31269575,34735299,31939979.0,33083548,44387935,67794216.0,01701000000,504.0,городской округ город Барнаул,Алтайский край
32.0,Барнаульская,Алтайский край,ГО Новоалтайск,Всё ок,1713000,49717311.20229457,48794556.03653209,44053559.1330127,71200432.72213702,78952854.81370482,90640552.841392,73769,74556,74586,74553,73122,73511,73292,34736395.3,28082389.9,31155760.4,39315930.0,49659785.7,66136840.7,18755,18348.0,17683.0,18026,17990,17477,1835772,2546571,1746571.0,1751849,1758617,2263884.0,01713000000,509.0,городской округ город Новоалтайск,Алтайский край
32.0,Барнаульская,Алтайский край,Первомайский муниципальный район,Всё ок,1632000,9455066.537783733,10452471.259471957,9776132.106143583,15975943.07141588,16743899.27202945,18795641.226093646,54531,54871,54590,54449,52558,53359,53754,2296117.3,2566492.7,3175945.8,4708291.5,4844637.2,4834451.4,5260,5306.0,5231.0,5299,5354,5211,653411,457700,898998.0,1047159,826562,1849772.0,01632000000,545.0,Первомайский муниципальный район,Алтайский край
33.0,Астраханская,Астраханская область,ГО Астрахань,Всё ок,12701000,441133104.1603644,411720603.78313994,407748193.99980634,671399453.5406178,683046230.9677799,768877000.6831101,534241,529793,524371,518695,468842,465524,465990,405616453.1,319139935.3,466109906.6,555408593.1,536253984.2,576518369.0,115409,113826.0,110088.0,107484,104431,102810,67308933,76271092,56617717.0,48885072,48059026,55978529.0,12701000000,918.0,городской округ город Астрахань,Астраханская область
33.0,Астраханская,Астраханская область,Володарский муниципальный район,Всё ок,12610000,8384866.136857725,7738644.017525279,7754810.664091817,12988856.942747481,13712091.69684949,15248180.944691787,46634,46234,45974,45466,44300,44068,43945,1344561.3,1273383.1,1250646.7,1143115.5,999373.3,521592.3,3842,3678.0,3595.0,3585,3544,3363,210571,138743,209672.0,148237,203010,145801.0,12610000000,921.0,Володарский муниципальный район,Астраханская область
33.0,Астраханская,Астраханская область,Икрянинский муниципальный район,Всё ок,12620000,10520593.98054276,10263766.173305918,10816053.644414641,17995167.975848895,17609147.711415846,19185020.55863997,46973,46443,45917,45396,48058,47744,47299,1338618.5,1020939.1,1476667.3,1684048.2,1519770.3,1020647.8,4609,4631.0,4725.0,4697,4449,4199,134963,236749,211315.0,278902,210627,260320.0,12620000000,923.0,Икрянинский муниципальный район,Астраханская область
33.0,Астраханская,Астраханская область,Камызякский муниципальный район,Всё ок,12625000,11207629.27986118,10600029.830127817,10397079.50209228,16135073.335381445,16347212.84387784,18136210.47041514,46413,46096,45893,45634,47368,46892,46528,1196694.5,994100.3,986027.1,1060778.0,1029810.7,884989.0,4835,4805.0,4674.0,4355,4174,4037,167204,232090,136795.0,171753,233466,338975.0,12625000000,924.0,Камызякский муниципальный район,Астраханская область
33.0,Астраханская,Астраханская область,Красноярский муниципальный район,Всё ок,12630000,81016815.01949528,85241841.66557856,78065818.71112351,140591929.56465793,147380285.7406695,146950413.6858621,36881,36641,36565,36368,36117,35860,35716,55751156.3,56877946.6,51233136.2,63333200.7,67347146.0,66895607.6,13099,13304.0,12626.0,12558,12747,11862,4166051,10245810,10132609.0,16384363,15258359,11841070.0,12630000000,925.0,Красноярский муниципальный район,Астраханская область
33.0,Астраханская,Астраханская область,Лиманский муниципальный район,Всё ок,12635000,12838797.287575452,12671255.442134613,9844893.623436958,16591190.454564076,16564693.965775106,17750368.086812668,29668,29192,28840,28333,27946,27717,27593,3545302.1,8124322.5,1132778.8,1144765.5,854677.0,5068443.6,4048,3949.0,3683.0,3506,3317,3155,2442895,137297,109296.0,976996,1133192,1341502.0,12635000000,926.0,Лиманский муниципальный район,Астраханская область
33.0,Астраханская,Астраханская область,Наримановский муниципальный район,Всё ок,12640000,34472789.45083816,36974462.54658792,35410049.75349189,55018642.27205514,73455110.18718232,90626918.83964576,48223,47547,46954,46640,47916,47528,47431,21104857.4,25765053.0,20098719.6,19266143.9,22128799.3,31647117.2,7851,8502.0,8255.0,7934,9457,10271,5242338,1280230,1524808.0,1256798,1830183,3543738.0,12640000000,927.0,Наримановский муниципальный район,Астраханская область
33.0,Астраханская,Астраханская область,Приволжский муниципальный район,Всё ок,12642000,9011744.305035122,8482027.921962123,10215915.206198527,18548407.47949231,19182394.61902307,21115381.108496852,51769,52779,53945,55827,64629,66669,68323,747338.3,829900.2,1074536.4,2455870.5,1218835.7,1107208.5,3423,3390.0,3715.0,3754,3759,3696,168363,499403,885044.0,425250,501901,569512.0,12642000000,928.0,Приволжский муниципальный район,Астраханская область
34.0,Томская,Томская область,ГО Томск,Всё ок,69701000,448845028.85304505,390749082.6604054,391781753.23875475,644538876.846039,711194563.420988,861978824.0255444,596446,597819,589701,591528,571984,565753,564927,293019554.4,315378020.2,352221077.0,375628304.5,448675271.5,494797096.5,136955,135171.0,133673.0,132911,132589,132561,26875021,25536246,35104857.0,35058138,45012448,49019490.0,69701000000,2144.0,городской округ город Томск,Томская область
34.0,Томская,Томская область,ГО Северск,ЗАТО,69741000,45301220.646913044,39641391.54299798,39393929.74959012,63558445.792382486,67475178.1003594,0.0,113313,112804,112143,112143,111974,111494,111106,26153000.0,28598300.0,27752900.0,39840774.2,43352746.0,0.0,17514,17386.0,17332.0,17175,16598,0,1383178,1870618,2681368.0,3732476,5518802,0.0,69741000000,,,
34.0,Томская,Томская область,Томский муниципальный район,Всё ок,69654000,31558095.835559137,28880156.47770524,29329596.08800391,48019675.00057643,53090383.28068008,68574551.98391855,76872,79468,81181,81516,88838,89298,90145,21342259.6,23464202.2,31955393.3,33568824.2,38889988.4,42908354.6,13373,13840.0,14080.0,14134,14034,14371,4179984,7157401,12055479.0,13199198,14265519,15506241.0,69654000000,2161.0,Томский муниципальный район,Томская область
35.0,Чебоксарская,Чувашская Республика - Чувашия,ГО Чебоксары,Всё ок,97701000,283620118.85367745,283222271.44366074,334596499.4364411,423011498.18129,539608211.6414005,620894603.1878935,505800,508057,506186,508100,506351,506480,507183,153862341.3,141647884.4,168141436.7,195132364.2,261924274.6,390044453.7,123795,118717.0,118364.0,117465,117905,117771,19900000,24071000,28410600.0,61009574,82133086,57271837.0,97701000000,478.0,городской округ город Чебоксары,Чувашская Республика
35.0,Чебоксарская,Чувашская Республика - Чувашия,ГО Новочебоксарск,Всё ок,97710000,40569633.20032692,42125323.46489717,47391304.561093144,58134057.259617195,74112648.79497026,81236208.45434622,127099,127529,127884,127763,120425,120767,120616,43633040.6,40121682.1,47467640.4,40494278.9,59253567.9,55554530.4,20332,20156.0,19659.0,19301,18974,18451,4590200,3500500,2663900.0,3655110,4795827,7358059.0,97710000000,481.0,городской округ город Новочебоксарск,Чувашская Республика
35.0,Чебоксарская,Чувашская Республика - Чувашия,Чебоксарский район,Всё ок,97544000,13988073.012086838,14976962.414678136,15152087.336372249,18117919.394980427,26135131.119162865,29929107.586362366,62039,62415,62264,61697,61599,61487,61307,8807452.4,8263882.6,7584549.7,9265736.1,16744668.8,18125417.9,8621,8485.0,7396.0,7023,7822,7442,0,0,0.0,881362,998387,1545171.0,97544000000,498.0,Чебоксарский муниципальный округ,Чувашская Республика
35.0,Чебоксарская,Чувашская Республика - Чувашия,Мариинско-Посадский муниципальный район,Всё ок,97529000,3095556.216963822,3117382.081596569,3549068.9659012947,4368989.050009799,5304690.982976974,5973035.1395917125,21562,21278,20858,20455,18877,18507,18171,984765.9,1264877.0,1846551.0,1795273.0,2063429.8,2296772.6,2104,1977.0,1932.0,1900,1867,1815,0,92310,116600.0,225710,600222,165728.0,97529000000,493.0,Мариинско-Посадский муниципальный округ,Чувашская Республика
35.0,Чебоксарская,Чувашская Республика - Чувашия,Моргаушский муниципальный район,Всё ок,97532000,6980614.87296988,7341712.364431971,7893471.309442931,9078581.229036355,10908168.931672651,12671018.565192198,32107,31641,31366,30834,30826,30685,30389,4295981.2,4607941.4,5049240.8,4806327.3,5949069.0,7598376.2,4011,3871.0,3698.0,3455,3281,3239,818400,802600,1629100.0,505647,511404,740492.0,97532000000,494.0,Моргаушский муниципальный округ,Чувашская Республика
35.0,Чебоксарская,Чувашская Республика - Чувашия,Цивильский муниципальный район,Всё ок,97541000,10262858.666610222,12774239.857034234,14544358.7025161,18244075.604583498,21424728.469601415,23586362.153215807,35375,34927,34499,33864,31328,31134,30829,3175980.3,6280212.5,6640506.3,7488583.2,10026486.4,9056300.4,6270,7464.0,7236.0,7071,6653,6324,678900,624900,0.0,803293,1530845,2294711.0,97541000000,497.0,Цивильский муниципальный округ,Чувашская Республика
36.0,Рязанская,Рязанская область,ГО Рязань,Всё ок,61701000,427840707.22892976,412402416.8509947,475816650.0994414,589520775.6307125,649908195.3779713,738237505.3377486,539789,539290,534801,527260,520509,520509,519315,288858845.6,298726271.7,394539142.3,418727287.4,479186911.3,565198428.6,151458,149613.0,149988.0,149573,148433,151746,0,0,0.0,38732020,41362338,60618949.0,61701000000,1845.0,городской округ город Рязань,Рязанская область
36.0,Рязанская,Рязанская область,Рязанский муниципальный район,Всё ок,61634000,22072356.479740504,20763874.202552475,24934867.897417326,32608728.17865459,42193543.813366055,48005786.6647583,59266,60058,60492,61602,62396,63439,63235,22032054.0,21666044.3,26773774.3,31638545.7,35786593.9,39738436.4,8977,9065.0,9389.0,9623,10641,10678,0,0,0.0,2101284,9341644,8002947.0,61634000000,1863.0,Рязанский муниципальный район,Рязанская область
36.0,Рязанская,Рязанская область,Рыбновский муниципальный район,Всё ок,61627000,22091716.19722828,23260399.82052646,29053138.544209886,36473130.182666704,39362817.34555628,42300471.186732225,37599,38143,38252,39042,38973,38941,38672,3823976.7,5362290.6,5867761.5,6169200.8,8379154.8,10268376.8,7673,8324.0,8805.0,8515,8620,8536,1244800,1429600,3352300.0,1580536,1895848,2125532.0,61627000000,1861.0,Рыбновский муниципальный район,Рязанская область
36.0,Рязанская,Рязанская область,Спасский муниципальный район,Всё ок,61646000,5874234.077925993,5513656.833992359,6686125.795360099,8391142.358153734,9013745.250351744,9525429.193951337,25544,25508,25383,24527,24474,24415,24341,3028290.1,2479880.7,3060252.3,3207838.6,4408302.7,3937285.6,3558,3360.0,3283.0,3231,3193,3087,1123560,1051180,1055369.0,528776,701517,381637.0,61646000000,1868.0,Спасский муниципальный район,Рязанская область
36.0,Рязанская,Рязанская область,Клепиковский муниципальный район,Всё ок,61610000,5059432.843219406,6613917.017148661,7853582.742654651,8566046.854557946,9174375.436058521,9100404.594520995,23225,22895,22559,21385,20955,20755,20341,2398295.8,2638215.4,2810563.2,3180447.8,3152588.7,3148855.1,2663,3136.0,3185.0,2988,3066,2954,0,0,0.0,518866,697222,298632.0,61610000000,1853.0,Клепиковский муниципальный район,Рязанская область
36.0,Рязанская,Рязанская область,Пронский муниципальный район,Всё ок,61625000,12413461.918437716,11914712.76805145,12928366.916896066,15839518.616075043,16710029.091122508,17871045.39445026,28655,28427,28123,30269,30144,29852,29510,14420371.6,14019239.7,19610391.9,19777869.8,24186385.1,32984113.6,5665,5475.0,5408.0,5257,5228,5098,0,0,868.0,728205,791826,1549783.0,61625000000,1859.0,Пронский муниципальный район,Рязанская область
37.0,Хабаровская,Хабаровский край,ГО Хабаровск,Всё ок,8701000,597749459.0530018,606191798.7603332,577964302.6902108,756421347.5733172,875866802.5407919,970143456.5567096,617473,616372,610305,613480,617168,615570,615600,265352793.1,274199011.6,299209398.0,331230812.6,398460269.9,418826175.6,186981,185585.0,181996.0,176646,176040,170971,85376195,124884704,122192381.0,128688706,208953276,306816067.0,08701000000,842.0,городской округ город Хабаровск,Хабаровский край
37.0,Хабаровская,Хабаровский край,Хабаровский муниципальный район,Всё ок,8655000,21230001.94575984,22591660.094151452,19993401.914183516,27078207.92135187,31072309.532995217,35589332.692040935,92039,92075,91285,91944,82008,82380,82759,9524380.3,9516841.4,10595551.2,8400798.8,10009343.5,12389815.9,8997,9234.0,8563.0,8363,8318,8109,1464391,1634040,1481114.0,2549753,4754914,2997119.0,08655000000,860.0,Хабаровский муниципальный район,Хабаровский край
38.0,Оренбургская,Оренбургская область,ГО Оренбург,Всё ок,53701000,659755450.5235294,630822823.2353082,594437766.0379233,941417741.4526229,1052911290.404531,1156185073.8663588,580261,586987,587408,586537,552831,550344,549947,330232246.0,292351356.3,406158659.8,459551368.6,501726582.6,552795109.9,155734,154297.0,152889.0,151107,151976,151564,67664314,64467355,54336209.0,70381623,84511818,90047150.0,53701000000,1665.0,городской округ город Оренбург,Оренбургская область
38.0,Оренбургская,Оренбургская область,Оренбургский муниципальный район,Всё ок,53634000,86533103.28222442,78671058.95045654,76128698.10530224,115902697.17453907,120058751.36915618,128429641.72659697,101175,102744,104226,106666,115724,118373,120687,96718067.8,85454715.4,100449116.9,118852541.3,131088789.2,148474941.7,18552,18023.0,18081.0,17477,17721,17455,2540445,3135487,5328139.0,3837085,5564153,9649994.0,53634000000,1695.0,Оренбургский муниципальный район,Оренбургская область
38.0,Оренбургская,Оренбургская область,Сакмарский муниципальный район,Всё ок,53640000,9513692.062871173,10373825.366138987,9512835.917781182,15776208.24685817,16119894.819845496,18231355.820669755,28062,27961,27860,27745,29265,29252,29133,4560381.9,4482196.6,5461292.4,6206620.4,5617277.0,5987634.7,3579,3641.0,3514.0,3596,3558,3378,234841,145787,868018.0,1044777,224845,420891.0,53640000000,1699.0,Сакмарский муниципальный район,Оренбургская область
39.0,Пензенская,Пензенская область,ГО Пенза,Всё ок,56701000,416425103.38906753,446906068.6561414,448961198.74098366,582304987.9151936,642998814.0350639,783039255.3675101,522317,520300,516450,509513,492376,488299,487978,156196199.5,174372716.1,207960371.8,225829611.2,252371151.0,313040151.9,129489,128701.0,128034.0,126172,125017,126934,19496934,23594963,24956687.0,26077451,33473871,38567350.0,56701000000,1734.0,городской округ город Пенза,Пензенская область
39.0,Пензенская,Пензенская область,ГО Заречный,ЗАТО,56734000,22578919.226628378,23778291.87548752,23776254.697339546,30214524.307623032,38842872.30547055,0.0,65194,65502,65493,65318,58550,58753,58597,0.0,0.0,0.0,0.0,0.0,0.0,7932,7829.0,7780.0,7602,8175,0,932763,1885887,1531857.0,1608153,3357676,0.0,56734000000,1736.0,городской округ ЗАТО город Заречный,Пензенская область
39.0,Пензенская,Пензенская область,Мокшанский муниципальный район,Всё ок,56645000,7263412.228581029,8718311.834477907,8009322.927105777,11248730.164591664,11655418.76251996,13741989.3708431,25419,25036,24727,24314,23972,23532,23180,1381719.8,2070436.9,1882835.2,2099945.4,1980777.6,3589749.0,3327,3571.0,3330.0,3247,3134,2963,1859816,321440,2880910.0,2236884,506398,456769.0,56645000000,1752.0,Мокшанский муниципальный район,Пензенская область
39.0,Пензенская,Пензенская область,Пензенский муниципальный район,Всё ок,56655000,17905650.451826043,19875223.542806607,20728506.718938444,29457063.828164503,34127023.19948365,41808646.35513954,61159,61233,60794,61863,66046,66409,66325,7606895.7,11232658.4,14566265.6,14107408.7,19645605.4,20513252.3,6527,6905.0,7027.0,7276,7470,7688,2612012,2023380,2422977.0,4814742,7482541,6149751.0,56655000000,1758.0,Пензенский муниципальный район,Пензенская область
39.0,Пензенская,Пензенская область,Бессоновский муниципальный район,Всё ок,56613000,17492496.999583896,18319188.193290394,18923561.80339115,26106147.89204885,30167816.678411026,38079765.61463938,48561,47952,47153,46497,45314,44901,44616,14470139.7,15019416.0,19131964.3,21550419.1,23152565.0,27507967.2,6418,6265.0,6228.0,6426,6603,6586,2092269,2038489,2154926.0,2442619,5093495,9650345.0,56613000000,1740.0,Бессоновский муниципальный район,Пензенская область
40.0,Сургутская,Ханты-Мансийский автономный округ - Югра (Тюменская область),ГО Сургут,Всё ок,71876000,927813321.9326212,653495020.5005983,1094273756.1209786,1413938620.8197198,1723661710.107583,2005787375.0908337,373940,380632,387235,398388,406938,420347,432875,277319687.2,652898256.3,952587193.0,1074620351.0,1047297778.0,1169784208.0,114903,114346.0,114888.0,113977,114011,120095,45692533,60700435,70626410.0,42084760,57749185,85552652.0,71876000000,2226.0,городской округ город Сургут,Ханты-Мансийский автономный округ — Югра
40.0,Сургутская,Ханты-Мансийский автономный округ - Югра (Тюменская область),ГО Нефтеюганск,Всё ок,71874000,290716875.1395324,213639511.43935135,366524884.5123872,466637695.8216605,594538327.3056965,689665152.5184962,127710,127255,128159,124523,124989,126690,127950,152451510.7,151518972.3,185530776.4,211725539.0,244055989.3,265624389.1,41013,42191.0,42743.0,43173,43060,43268,32059777,25853379,24127794.0,43462692,35826173,40169873.0,71874000000,2220.0,городской округ город Нефтеюганск,Ханты-Мансийский автономный округ — Югра
40.0,Сургутская,Ханты-Мансийский автономный округ - Югра (Тюменская область),Город Когалым,Всё ок,71883000,198573132.75538677,140279812.81448233,226081613.72313383,282454204.61447495,373518337.065974,446518063.9594246,66864,67872,68847,61869,62494,63963,64520,84094733.2,87430579.4,112048947.4,142459300.9,164511697.9,184321166.5,28191,28609.0,27470.0,26503,26770,26472,14836768,11023196,9568243.0,17136344,36185645,26823025.0,71883000000,2217.0,городской округ город Когалым,Ханты-Мансийский автономный округ — Югра
40.0,Сургутская,Ханты-Мансийский автономный округ - Югра (Тюменская область),Город Пыть-Ях,Всё ок,71885000,91863441.53352305,67416332.53767636,112423322.98141952,139085916.12890926,186728620.1219948,219784583.1073347,39831,39570,39436,40186,40253,40530,41213,32261273.6,34887186.4,40843550.9,42178018.6,53508132.0,71450699.7,15231,15727.0,15601.0,15275,15392,15674,1713836,1953395,2386464.0,4297366,6514261,5791653.0,71885000000,2224.0,городской округ город Пыть-Ях,Ханты-Мансийский автономный округ — Югра
40.0,Сургутская,Ханты-Мансийский автономный округ - Югра (Тюменская область),Сургутский муниципальный район,Всё ок,71826000,764096688.8331575,550339310.3798894,904689823.2045518,1217291330.318889,1428364013.3492067,1535266810.942996,124552,125707,126110,126645,127611,129992,131189,1381519943.0,872089874.3,1537571532.0,1887212552.0,1874116459.0,2129546240.0,99402,98436.0,96852.0,96788,96599,91380,232057983,235156386,225839483.0,311593913,342916044,355507115.0,71826000000,2236.0,Сургутский муниципальный район,Ханты-Мансийский автономный округ — Югра
40.0,Сургутская,Ханты-Мансийский автономный округ - Югра (Тюменская область),Нефтеюганский муниципальный район,Всё ок,71818000,191404574.8226327,135137395.00930595,228025489.37146002,292742416.9610642,378837683.68712413,472962985.4599595,44550,44664,44987,46709,47014,47486,47712,362954155.2,313264510.4,427065894.6,477214618.8,2522305056.0,2972621651.0,26053,25599.0,26026.0,26225,26901,28786,115444717,123791517,156172630.0,176301598,223134750,302233999.0,71818000000,2232.0,Нефтеюганский муниципальный район,Ханты-Мансийский автономный округ — Югра
41.0,Златоустско-Миасская,Челябинская область,ГО Златоустовский,Всё ок,75712000,54709345.994132414,49718425.214502715,49534016.78241185,82054832.258273,88915163.63558662,95703117.70832719,167464,165983,164250,161813,161475,160367,158975,20622257.3,14368102.2,17590089.5,36416692.3,40700451.8,44974766.5,28110,25026.0,24900.0,27663,27340,27061,1041258,1035195,2604350.0,1538234,2553052,3118815.0,75712000000,3011.0,городской округ Златоустовский,Челябинская область
41.0,Златоустско-Миасская,Челябинская область,ГО Карабашский,Всё ок,75715000,6232732.884016449,6135897.736201653,6215545.593136563,9482173.919399159,10958456.867932046,12365144.809892729,11059,10959,10818,10643,10588,10372,10306,10544014.6,10506702.5,11839856.3,15719271.1,24002985.2,31026421.7,3016,2978.0,2881.0,2902,3031,3066,2177246,3800088,10080512.0,20095734,13145407,15131573.0,75715000000,2278.0,городской округ Карабашский,Челябинская область
41.0,Златоустско-Миасская,Челябинская область,ГО Миасский,Всё ок,75742000,91805704.17913617,93323902.91912617,93830745.53925619,147022297.7148215,171861326.3783911,191355041.30132666,166476,166411,165610,164880,161093,160837,159986,66594453.5,90368906.9,95828668.1,113608658.9,155688285.5,178910707.0,39780,39239.0,39172.0,39133,39803,39998,2445571,2630912,3919058.0,6344891,9180610,16751811.0,75742000000,2282.0,городской округ Миасский,Челябинская область
41.0,Златоустско-Миасская,Челябинская область,ГО Чебаркульский,Всё ок,75758000,19383239.42808125,18984717.496524148,18372966.371904615,26918525.046094228,28224815.70382223,30894933.43511901,40932,41310,41516,41565,44671,44648,44341,19909946.2,13842752.4,18626148.9,22532199.4,23845961.8,27586826.0,10267,10216.0,9791.0,9511,9157,8863,581357,520325,482215.0,616547,844502,694152.0,75758000000,2288.0,городской округ Чебаркульский,Челябинская область
41.0,Златоустско-Миасская,Челябинская область,ГО Трехгорный,ЗАТО,75707000,0.0,0.0,0.0,15074696.051530331,15901383.972447135,0.0,32613,32665,32571,32509,32478,32540,32496,0.0,0.0,0.0,0.0,0.0,0.0,0,0.0,0.0,4911,4751,0,0,0,0.0,0,0,0.0,75707000000,,,
41.0,Златоустско-Миасская,Челябинская область,ГО Усть-Катавский,Всё ок,75755000,12101470.244167805,11873169.639195938,10657388.784548072,15972847.92959629,18598222.98069763,20764549.997624278,24922,24647,24371,23884,23566,23326,23028,3820493.0,4660407.6,6242147.7,9489146.9,17832528.9,20973350.5,7181,7064.0,6553.0,6070,6056,6010,2456523,975786,174507.0,419273,815010,524249.0,75755000000,2287.0,городской округ Усть-Катавский,Челябинская область
41.0,Златоустско-Миасская,Челябинская область,Чебаркульский муниципальный район,Всё ок,75657000,8964402.024660999,9293573.640646717,9306213.737285085,12834299.624810355,13448531.288842682,14784264.350625807,29609,29384,29212,29000,28704,28564,28472,5291596.7,4286704.8,4758497.4,4875985.7,5757111.0,6222662.7,4888,5081.0,4935.0,4535,4158,4050,361105,303660,116702.0,152829,1256298,744520.0,75657000000,2316.0,Чебаркульский муниципальный район,Челябинская область
41.0,Златоустско-Миасская,Челябинская область,Катав-Ивановский муниципальный район,Всё ок,75629000,8232532.733672314,8264912.518585536,7732362.2064105645,11825525.491100313,12607832.784547145,13611315.282112256,29310,28815,28372,27825,26591,26222,25832,3988794.6,4227870.0,5239105.0,6886943.6,7515212.1,8672975.8,4733,4680.0,4483.0,4377,4283,4199,215738,123756,251700.0,485351,592085,592335.0,75629000000,2301.0,Катав-Ивановский муниципальный район,Челябинская область
41.0,Златоустско-Миасская,Челябинская область,Ашинский муниципальный район,Всё ок,75609000,32193078.946705665,33036936.34184686,32981086.208245575,51941941.11634888,59007336.8712087,61873564.913394004,57977,57432,56577,55395,54979,54113,53309,33746085.5,31698404.8,47864705.4,53252124.4,60201718.4,53512379.0,14163,13940.0,13947.0,14194,14448,14516,1217698,913892,997430.0,1328789,1589290,2850088.0,75609000000,2293.0,Ашинский муниципальный район,Челябинская область
41.0,Златоустско-Миасская,Челябинская область,Кусинский муниципальный район,Всё ок,75638000,5112450.405308414,5079128.7573685935,4343530.46436038,6365752.068829205,6898547.577556753,7128059.0854394995,26463,26089,25745,25292,25198,24970,24717,1206665.6,851111.6,683074.1,763486.1,866289.8,723540.4,3281,3091.0,2709.0,2590,2560,2473,265493,234661,159922.0,202956,97493,146228.0,75638000000,3012.0,Кусинский муниципальный район,Челябинская область
41.0,Златоустско-Миасская,Челябинская область,Саткинский муниципальный район,Всё ок,75649000,36573135.32758714,37785903.491444886,36577190.280679986,55567285.553324975,58111444.01939746,61480658.12827797,78827,77987,76928,75801,74658,74031,73432,48290396.4,42921973.0,52721315.6,52538713.7,51247303.8,64132093.6,18414,18295.0,17998.0,17746,17281,16802,5267716,7111472,4526246.0,2931792,2880233,2184282.0,75649000000,2311.0,Саткинский муниципальный район,Челябинская область
42.0,Кировская,Кировская область,ГО Киров,Всё ок,33701000,258593252.28526485,275952645.0249244,265583052.1261464,418917977.02427083,457051396.4814461,526051189.42917824,538724,543827,546206,494710,496941,500457,500987,183316141.3,191372641.4,227577733.7,245008330.5,290566310.2,368592240.0,133508,132916.0,130727.0,131140,133995,137115,32412811,28680859,32566055.0,35082528,50594398,69411226.0,33701000000,1258.0,городской округ город Киров,Кировская область
42.0,Кировская,Кировская область,ГО Кирово-Чепецк,Всё ок,33707000,38278740.45132298,40049398.03898372,37231435.05077323,58174052.37807335,60787673.18409243,66770015.210868195,70722,69835,68588,66280,65262,64571,63979,55251791.0,60823831.3,102896189.6,91515136.6,79895246.3,89333438.3,20716,19995.0,19567.0,19062,18886,18652,5285845,3538559,3381699.0,4723623,5600021,8383743.0,33707000000,1260.0,городской округ город Кирово-Чепецк,Кировская область
42.0,Кировская,Кировская область,ГО Слободской,Всё ок,33713000,12518519.512287073,13246243.79993229,12992650.109339457,19912746.85181779,20158596.627162546,22127357.292,32841,32342,31912,29353,28908,28479,28225,7804627.2,7555998.3,10584044.2,10391998.6,10819234.0,10699919.5,8133,8054.0,7910.0,7714,7638,7501,857824,596795,578809.0,1740658,1770150,1427970.0,33713000000,1262.0,городской округ город Слободской,Кировская область
42.0,Кировская,Кировская область,Кирово-Чепецкий муниципальный район,Всё ок,33618000,4766557.322640577,5047822.663711047,5157757.642157656,7731215.019828694,8315600.052436353,10623309.112409567,22016,21892,21677,19825,19871,19898,19940,3719921.6,4088805.1,4965616.2,5463123.2,6331924.0,8370223.8,3192,3166.0,3210.0,3022,3179,3444,1242553,1609357,703904.0,974657,486603,1020552.0,33618000000,1275.0,Кирово-Чепецкий муниципальный район,Кировская область
42.0,Кировская,Кировская область,Слободской муниципальный район,Всё ок,33635000,5540407.5669024335,6050357.361123865,5952759.714742224,9320778.882372977,9645560.134781972,10431716.7145564,30274,30066,29770,31939,31977,32057,32369,2579285.8,2991148.3,3365571.3,3920060.8,4073504.4,4138123.6,4075,4093.0,4086.0,3954,3824,3756,1336679,445379,590988.0,974448,1470564,718406.0,33635000000,1293.0,Слободской муниципальный район,Кировская область
43.0,Липецкая,Липецкая область,ГО город Липецк,Всё ок,42701000,482906538.12971336,461839385.4335486,608870607.8368243,629450739.2467688,731369512.8217534,793800052.3733063,509420,508573,503216,496447,490428,485260,483040,595892517.0,627535864.2,866544903.6,906694455.4,961461858.9,1041084643.0,134279,131518.0,131483.0,129931,127940,131408,0,0,0.0,55881988,66700457,103483693.0,42701000000,1410.0,городской округ город Липецк,Липецкая область
43.0,Липецкая,Липецкая область,Липецкий муниципальный район,Всё ок,42640000,28915418.819023784,30297711.7589112,40713448.07657487,43571544.41971317,52616369.07053399,57413290.67407033,51957,52690,53384,54116,60244,60096,59825,32206144.0,32564089.5,42885691.5,65530014.7,78981761.5,86179657.2,10243,10278.0,10230.0,10682,10396,10536,7600000,7800000,8950000.0,3982342,4553417,9283454.0,42640000000,1424.0,Липецкий муниципальный район,Липецкая область
43.0,Липецкая,Липецкая область,Грязинский муниципальный район,Всё ок,42606000,46603696.00232945,49181107.681498595,66370702.59502789,67980494.98235889,82752474.23995547,85680497.05763428,79329,79548,79012,78431,77162,77383,77322,37429005.4,43452719.0,57445550.0,66016255.2,78449441.9,90203207.9,15176,15423.0,15387.0,15308,14904,14662,0,0,0.0,8401965,12307772,15848550.0,42606000000,1413.0,Грязинский муниципальный район,Липецкая область
44.0,Улан-Удэнская,Республика Бурятия,ГО Улан-Удэ,Всё ок,81701000,254473191.8231264,262725191.45386457,245000808.800255,389563751.35351616,414141663.31030613,448179789.32750756,435496,437514,436406,437860,436138,435751,435067,116124395.1,134273019.7,151107812.6,187996695.3,182809432.1,133810778.4,93619,93720.0,91845.0,91087,91029,90837,0,0,39693650.0,83783620,88744300,73352296.2,81701000000,,,
44.0,Улан-Удэнская,Республика Бурятия,Иволгинский муниципальный район,Всё ок,81622000,6311038.608917373,6729591.157161044,6830203.186187067,10955570.658013012,11534460.046903023,12579372.799474472,56625,61808,64368,65420,67429,69756,71719,956589.3,886795.8,1066449.0,1044864.6,1095070.1,976893.6,2974,3032.0,3238.0,3271,3348,3418,0,0,0.0,0,0,150609.9,81622000000,93.0,Иволгинский муниципальный район,Республика Бурятия
44.0,Улан-Удэнская,Республика Бурятия,Заиграевский муниципальный район,Всё ок,81618000,17337384.714343697,18209519.899675477,16574049.293503758,25740530.727280866,26138686.02003971,27592462.03225671,51136,51501,51326,50675,50806,50607,50689,4264787.3,5493607.2,5473505.3,4788071.5,6428134.2,7026645.2,7629,7608.0,7395.0,7219,7038,6932,0,0,1576285.96,2191140,2193000,425787.60000000003,81618000000,91.0,Заиграевский муниципальный район,Республика Бурятия
44.0,Улан-Удэнская,Республика Бурятия,Прибайкальский муниципальный район,Всё ок,81642000,8068345.190281046,7902521.423300564,7173372.160124663,11167449.550670795,11409448.518672228,11832136.796601385,26488,26140,25878,24101,23913,23701,23444,1441284.3,1353444.3,1593017.4,2003597.7,1646734.9,1463179.1,3791,3642.0,3503.0,3382,3330,3118,823890,1018040,1066500.0,1695570,0,691598.0,81642000000,101.0,Прибайкальский муниципальный район,Республика Бурятия
44.0,Улан-Удэнская,Республика Бурятия,Тарбагатайский муниципальный район,Всё ок,81650000,3979192.498566444,4132921.8883575737,3970770.3200984886,6072427.4223980885,6421217.718762026,7163795.654768559,21699,23212,24167,25819,26628,27330,28253,1156063.3,1510983.8,1476568.7,1570259.9,2212405.0,2642716.1,1928,1942.0,1985.0,1876,1925,1989,2403060,1356980,931340.0,1791530,0,31078.300000000003,81650000000,104.0,Тарбагатайский муниципальный район,Республика Бурятия
45.0,Нижнетагильская,Свердловская область,ГО Нижний Тагил,Всё ок,65751000,302370358.47162795,295005281.7936065,282937569.0777576,396125217.5714204,470079982.80211264,545042005.946998,354767,351565,347167,343124,336919,333179,330773,347510854.6,339514531.2,449488830.1,457711840.0,519156195.5,608553690.0,110900,109631.0,108132.0,107195,105752,104645,23372331,32867608,21545479.0,22128747,23103291,27091346.0,65751000000,2000.0,городской округ город Нижний Тагил,Свердловская область
45.0,Нижнетагильская,Свердловская область,ГО Нижняя Салда,Всё ок,65750000,7748005.148191629,7788210.955634198,7436629.679212921,10429818.857117532,12380346.31538735,13516135.12668373,17627,17605,17508,17231,16403,16275,16091,1900776.1,2109176.8,2047386.2,2216098.5,2424864.8,3688291.5,3520,3379.0,3304.0,3309,3328,3281,191612,381411,467747.0,367650,505207,713023.0,65750000000,2001.0,городской округ Нижняя Салда,Свердловская область
45.0,Нижнетагильская,Свердловская область,ГО Горноуральский,Всё ок,65717000,7194301.778260907,7306535.754362736,6180758.520886139,8660004.810768455,9777240.7630965,10948127.375489548,32514,32358,32109,31530,29514,29192,28982,1917827.7,1507683.7,1753956.8,1909764.8,2327360.7,2749261.9,3580,3538.0,3139.0,3172,3176,3139,311520,341602,291745.0,452473,777428,755378.0,65717000000,2029.0,городской округ Горноуральский,Свердловская область
45.0,Нижнетагильская,Свердловская область,ГО Верхняя Тура,Всё ок,65734000,3426796.406176402,4548075.789809992,4337533.4384869505,6971822.488894569,12451027.634244297,13864006.048208427,9025,8979,8862,8717,8465,8418,8279,936350.5,1729241.8,1917648.2,2599452.9,6957677.2,8557605.8,1994,2230.0,2172.0,2173,2668,2734,936561,1162145,745519.0,1344795,2400053,2433609.0,65734000000,1997.0,городской округ Верхняя Тура,Свердловская область
45.0,Нижнетагильская,Свердловская область,ГО Красноуральск,Всё ок,65746000,16552063.622119378,16144900.988426171,15921965.795028036,23080007.930563856,27087719.359350216,29721795.007456813,23188,22972,22744,22467,22027,21994,21799,13890634.5,17028385.2,13897012.4,15818521.2,35720913.4,47214791.7,6216,6077.0,6102.0,6088,5912,5864,3003531,1866932,1761320.0,0,0,0.0,65746000000,1994.0,городской округ Красноуральск,Свердловская область
45.0,Нижнетагильская,Свердловская область,ГО Кушвинский,Всё ок,65748000,17872690.80139374,17862664.232877403,16755310.74855828,22973976.053221103,28414725.132106155,37142773.091083825,37511,37008,36500,35840,36288,35844,35532,8207465.5,9006631.2,10003483.1,11515086.6,18297508.4,20819489.4,7970,7610.0,7483.0,7379,7614,7941,1578773,1664096,3153065.0,4217408,18857721,47313000.0,65748000000,1996.0,городской округ Кушвинский,Свердловская область
45.0,Нижнетагильская,Свердловская область,ГО Верхнесалдинский,Всё ок,65708000,64745381.98234137,57838368.58602061,53598293.789660744,80004855.8797739,94400163.60119382,101209741.53072943,44379,44096,43853,43272,42304,41952,41555,91722729.5,79390733.3,67186656.3,76819871.6,108326849.1,114620492.0,20073,18674.0,18964.0,19001,19060,19216,5395785,4399003,6355534.0,13757738,6936003,5984657.0,65708000000,1981.0,городской округ Верхнесалдинский,Свердловская область
45.0,Нижнетагильская,Свердловская область,ГО ЗАТО Свободный,ЗАТО,65765000,0.0,0.0,0.0,3899490.992409425,5598642.508270756,0.0,9222,9533,9851,7937,8047,8204,8304,0.0,0.0,0.0,801151.2,890433.1,0.0,0,1627.0,1477.0,1453,1675,0,0,50900,65800.0,95945,191747,0.0,65765000000,,,
45.0,Нижнетагильская,Свердловская область,ГО Кировградский,Всё ок,65744000,18375456.29700755,18198247.801142838,18075883.26353501,24279088.245481074,27818586.260371555,30449439.13919443,25084,24786,24591,24236,23954,23721,23535,5241982.3,6098014.9,6226768.9,7528321.9,8143989.3,8958747.3,7103,7193.0,7213.0,7068,6922,6800,855244,1020285,722658.0,709846,1225044,2736632.0,65744000000,1991.0,городской округ Кировградский,Свердловская область
45.0,Нижнетагильская,Свердловская область,ГО Невьянский,Всё ок,65714000,22139141.32851828,22508461.037418175,22133172.665153448,30067643.083225258,33752743.119654424,40619553.36116591,40584,40350,40265,39922,37238,37190,37080,14989404.8,16674756.2,17752491.3,22011612.7,24910478.2,28800983.7,8349,8134.0,8015.0,8082,8214,8254,866054,1038037,593287.0,766086,1762297,2412948.0,65714000000,1999.0,городской округ Невьянский,Свердловская область
45.0,Нижнетагильская,Свердловская область,ГО Верхний Тагил,Всё ок,65733000,6102313.962636605,6134295.77141885,5748280.930245445,8076591.858480633,8808812.362988897,11669829.832719795,12191,12014,11932,11756,11037,10991,10916,11678724.3,11917331.4,14320660.0,15459720.4,18365577.5,17303664.6,2750,2757.0,2666.0,2651,2679,2806,380039,416266,439403.0,842906,1307080,1984076.0,65733000000,1992.0,городской округ Верхний Тагил,Свердловская область
45.0,Нижнетагильская,Свердловская область,ГО Верх-Нейвинский,Всё ок,65761000,3290135.1808883734,3164461.61368413,3014450.1864521992,4098153.068627988,5147589.803149541,5840423.423277239,4835,4780,4745,4674,4348,4346,4370,12763169.7,13260412.9,4255038.7,2955521.8,4045115.3,5552738.7,1080,1099.0,1065.0,1063,1074,1102,267823,51902,38861.0,0,2504000,231820.0,65761000000,2026.0,городской округ Верх-Нейвинский,Свердловская область
46.0,Стерлитамакская,Республика Башкортостан,ГО Стерлитамак,Всё ок,80745000,146477346.33517805,142199700.3498,137301506.46687496,187182388.75655955,205696117.85550937,236826032.67656562,278127,276394,274134,275022,279174,280497,280487,122598588.0,120879781.6,149747638.5,144753065.0,170447200.3,186815055.0,53810,53063.0,52047.0,50947,50418,49654,6038877,8130273,7640170.0,11709125,13923391,16034185.0,80745000000,29.0,городской округ город Стерлитамак,Республика Башкортостан
46.0,Стерлитамакская,Республика Башкортостан,ГО Салават,Всё ок,80739000,123170613.80391902,117650485.96894395,112718528.41092135,154321036.86273324,155310526.25276306,165786116.8066691,151571,150500,148947,147739,147296,146633,144970,282374885.2,227142831.8,356141569.5,334723020.7,334402225.7,380537049.8,38091,37682.0,36385.0,34737,32996,30845,28501856,19770905,18681709.0,20210837,18837463,23891667.0,80739000000,27.0,городской округ город Салават,Республика Башкортостан
46.0,Стерлитамакская,Республика Башкортостан,Ишимбайский муниципальный район,Всё ок,80631000,35489908.27615348,34017283.90652665,33378182.527607985,44826283.32750208,50111023.82490649,58409366.65832555,86245,85939,85165,83888,83847,82948,81884,18462286.2,19732223.0,20830584.2,22353457.0,27483076.2,28372395.8,13831,13535.0,13736.0,13141,12850,12838,1297993,1803124,1458276.0,1851397,3381827,2762037.0,80631000000,57.0,Ишимбайский муниципальный район,Республика Башкортостан
46.0,Стерлитамакская,Республика Башкортостан,Стерлитамакский муниципальный район,Всё ок,80649000,12383929.228598231,11005531.86545004,11666610.976679882,16641348.807911126,17880186.197904546,22513071.1411615,43337,43820,44329,44183,47644,47531,47564,4989404.9,8677077.7,13806336.0,10295426.4,11272145.6,23065616.9,5605,4980.0,4824.0,4636,4525,5380,780554,942476,1158370.0,1454536,1409079,1747184.0,80649000000,73.0,Стерлитамакский муниципальный район,Республика Башкортостан
47.0,Альметьевская,Республика Татарстан (Татарстан),Альметьевский муниципальный район,Всё ок,92608000,242513784.52951467,248230045.45683733,234777391.20175943,427153764.83074343,477965543.3516189,511174363.03902286,208046,208914,208134,207966,213275,212359,212822,936359776.9,826258617.5,1378525643.8,1611175521.4,1606622286.3,1887320980.2,62463,61401.0,60404.0,61828,62651,62825,45337496,33244547,31470304.0,48032717,84723331,86367503.0,92608000000,362.0,Альметьевский муниципальный район,Республика Татарстан
47.0,Альметьевская,Республика Татарстан (Татарстан),Бугульминский муниципальный район,Всё ок,92617000,66071151.68054004,66469685.69075541,59813975.60299702,101607369.52165833,114256145.93515643,119381566.59990232,104416,103062,101859,100093,100110,99177,98145,41671219.1,38368407.1,34051621.6,44038952.6,42551118.6,47424971.4,21583,20804.0,20039.0,19536,19758,19731,4366651,3999738,4451939.0,5430714,6917274,6769294.0,92617000000,368.0,Бугульминский муниципальный район,Республика Татарстан
47.0,Альметьевская,Республика Татарстан (Татарстан),Лениногорский муниципальный район,Всё ок,92636000,72123046.87571642,63701261.92983269,48593852.72361091,83760327.40714908,90900328.08964474,92467937.67978588,81697,81069,80233,79129,78468,77755,77159,39339557.3,32018753.1,27788653.8,36327943.4,43417797.3,46187120.8,22184,18987.0,15669.0,15010,15119,14841,6678210,7612209,9420599.0,11635042,11847441,32359508.0,92636000000,380.0,Лениногорский муниципальный район,Республика Татарстан
48.0,Старооскольская,Белгородская область,ГО Старооскольский,Всё ок,14740000,228115344.83331916,223913631.8813672,289923953.761863,308556412.1718376,328965202.1117474,378929112.9944376,259811,259627,259023,257375,252329,250703,249329,272467635.9,281343335.8,427278739.7,386026061.1,388671512.3,478283940.3,66397,64793.0,62933.0,63352,62190,63359,24365226,21366534,17314170.0,25868589,28641824,32196747.0,14740000000,933.0,городской округ Старооскольский,Белгородская область
48.0,Старооскольская,Белгородская область,ГО Губкинский,Всё ок,14730000,113552715.29869194,118700779.30407183,157878974.3195363,160404248.66496482,174510765.44343582,197665422.32507786,117017,116486,115910,114874,113662,112690,111654,173846661.1,177732191.4,321850969.7,230526205.7,227202000.2,253398987.6,33969,33553.0,33525.0,32791,32361,32058,9175032,12377310,17166499.0,22781118,24853751,35938140.0,14730000000,932.0,городской округ Губкинский,Белгородская область
49.0,Орская,Оренбургская область,ГО Орск,Всё ок,53723000,135975928.6066372,127178635.49403232,160283013.0803009,191928219.98114958,224563085.03277785,293174728.8878957,231901,230449,228682,227131,190980,190318,188136,50366214.0,52572316.2,53148199.7,73724395.0,95066040.4,119764516.3,42447,40289.0,38578.0,37930,39364,40175,6165917,3697220,6630528.0,15131727,22725329,37063644.0,53723000000,1673.0,городской округ город Орск,Оренбургская область
49.0,Орская,Оренбургская область,ГО Новотроицк,Всё ок,53720000,96105588.37117401,98288608.38266905,124868583.15754524,149429165.04328364,157069718.41400012,175961649.01152518,91531,90209,88930,87591,79946,79410,78871,113629214.2,106014596.7,193356326.7,198771545.4,214167037.3,201568197.6,25606,25224.0,25000.0,25173,24601,24044,7647792,6532411,7868561.0,5525967,14656459,19858454.0,53720000000,1672.0,городской округ город Новотроицк,Оренбургская область
49.0,Орская,Оренбургская область,ГО Гайский,Всё ок,53713000,58033515.768990256,52761844.44882777,71560824.34118436,81936296.50518076,92251375.13278538,106564813.03578877,43395,42784,42311,41341,39585,39040,38570,28466528.9,35770919.7,48400757.5,48862247.3,60588120.4,66866308.4,13911,13915.0,13373.0,12859,13195,12961,9534304,8437393,5659367.0,7736738,8843257,10733993.0,53713000000,1669.0,городской округ Гайский,Оренбургская область
49.0,Орская,Оренбургская область,Новоорский муниципальный район,Всё ок,53630000,15279092.24228836,13799582.605552541,16988256.55297217,20663177.738813005,20925552.24535439,21280805.815539863,26589,26304,25856,25380,23850,23447,23185,10596851.8,11034045.4,12960744.4,11044349.6,19722784.0,20156834.3,4456,4044.0,3968.0,3614,3450,3293,401721,1181562,1474964.0,948619,3585365,2751148.0,53630000000,1692.0,Новоорский муниципальный район,Оренбургская область
50.0,Абаканская,Республика Хакасия,ГО Абакан,Всё ок,95701000,161328123.29991585,156400927.78695542,165187555.38010308,201156703.9094049,230006177.54728228,233302602.23922014,186201,186797,187239,185011,185348,185804,184284,40233476.2,45371841.2,54997864.6,60196704.7,59898375.0,55858562.1,46177,46686.0,46680.0,47164,46564,46765,7055332,9542604,13346669.0,17087424,20749548,35474405.0,95701000000,448.0,городской округ город Абакан,Республика Хакасия
50.0,Абаканская,Республика Хакасия,ГО Черногорск,Всё ок,95715000,40374173.111783326,39883746.026413135,41965115.620215125,49588373.05549047,56298929.9208441,56009188.05101446,77397,77761,77662,77985,77875,77948,77963,35326540.9,36436741.4,55843975.4,82398005.7,66207197.2,60885587.0,12584,12824.0,12855.0,12547,12399,12341,3250529,2330437,2674430.0,2787528,3413713,3249675.0,95715000000,452.0,городской округ город Черногорск,Республика Хакасия
50.0,Абаканская,Республика Хакасия,Алтайский муниципальный район,Всё ок,95605000,13234804.700053383,13830604.042485388,14845476.614850357,18594614.507277124,22052525.292174414,21976510.933334585,25444,25346,25133,23926,23993,24152,24177,25367179.0,25293307.0,39014469.2,40234310.2,39037618.5,29033947.9,3997,4215.0,4148.0,4249,4393,4526,6814677,2950973,5104054.0,4802747,7786388,3624741.0,95605000000,453.0,Алтайский муниципальный район,Республика Хакасия
50.0,Абаканская,Республика Хакасия,Усть-Абаканский муниципальный район,Всё ок,95630000,11753296.876750432,10809101.75044078,12244923.309084779,15215247.592950473,17154524.247583278,18652756.84966063,41681,41375,41329,47751,47052,46354,46847,5265534.5,3277818.4,3572508.8,3851136.3,4712561.0,6776075.7,4890,4512.0,4744.0,4820,4722,4856,347118,552663,1427582.0,809275,828183,1384821.0,95630000000,459.0,Усть-Абаканский муниципальный район,Республика Хакасия
51.0,Мурманская,Мурманская область,ГО Мурманск,Всё ок,47701000,432977532.8443897,413240248.71953803,389253494.65948486,570420209.8121067,569600864.0770267,588297218.9119792,292465,287847,282851,279064,267422,266681,264339,200601083.1,215752852.6,290791070.2,273939675.4,297835425.9,304029034.4,87417,88067.0,88521.0,89181,84486,83514,67321874,74247821,91636686.0,90845262,138739022,165549780.0,47701000000,1506.0,городской округ город Мурманск,Мурманская область
51.0,Мурманская,Мурманская область,(ЗАТО) город Североморск,ЗАТО,47730000,0.0,0.0,0.0,0.0,0.0,0.0,62604,63870,65080,65725,50949,52013,52247,0.0,0.0,0.0,0.0,0.0,0.0,0,0.0,0.0,0,0,0,0,0,0.0,0,0,0.0,47730000000,1517.0,городской округ ЗАТО город Североморск,Мурманская область
51.0,Мурманская,Мурманская область,Кольский муниципальный район,Всё ок,47605000,83392431.52976583,94380413.11030728,105966621.0282671,156084844.85777757,183841220.8927069,184221367.5908192,40515,40531,40293,39638,33510,33201,32849,55716411.7,64578003.5,100423603.8,134816290.6,144692166.7,170035963.9,17545,21031.0,24461.0,22904,24644,23732,35923612,53798299,92829761.0,87350425,39460266,62004833.0,47605000000,1519.0,Кольский муниципальный район,Мурманская область
52.0,Южно-Сахалинская,Сахалинская область,ГО Южно-Сахалинск,Всё ок,64701000,778210580.3121343,631390582.3753474,592899584.9017385,1050301245.2499874,1082894152.8533409,1111901002.3461034,208000,207708,207284,208737,187359,187027,189156,196657581.6,193693137.8,207878194.8,206026001.4,294870977.5,351238143.2,78684,78064.0,77179.0,75476,76275,77024,143950634,156703064,167492275.0,174738824,207742973,250928640.0,64701000000,,,
52.0,Южно-Сахалинская,Сахалинская область,ГО Долинский,Всё ок,64712000,22983353.49072089,20441456.429039065,17694190.59549577,30604424.880843293,31248719.382753804,33226716.10569758,24001,23987,23816,23853,22155,22145,22051,1723418.8,2582615.6,2461531.6,2688109.7,2460810.2,4181258.0,3824,3824.0,3489.0,3475,3396,3370,1058998,569445,809504.0,944307,4310183,3085270.0,64712000000,1956.0,городской округ Долинский,Сахалинская область
52.0,Южно-Сахалинская,Сахалинская область,ГО Корсаковский,Всё ок,64716000,57661557.021834984,47594306.93524745,46619029.95863886,80491741.98104374,82318813.84204838,86699638.7022954,40838,40975,40322,40028,39913,39675,39284,289402548.1,232405497.0,297034195.8,547121132.6,502403587.4,530793681.8,7154,7502.0,7403.0,7022,7085,7295,3165765,1902244,4704482.0,4640954,10332486,6318703.0,64716000000,1957.0,городской округ Корсаковский,Сахалинская область
52.0,Южно-Сахалинская,Сахалинская область,ГО Анивский,Всё ок,64708000,16899698.253514398,14072542.095186405,13930140.01559679,26265675.579186156,29164468.708539616,31242939.175929606,19569,19545,19656,19718,20946,20975,21316,1834232.6,2032230.7,1818083.0,2732182.9,2950354.6,2759302.1,2641,2698.0,2713.0,2828,3064,3109,1392042,1339757,1303375.0,2216834,1809406,2278369.0,64708000000,1955.0,городской округ Анивский,Сахалинская область
