municipality,region,spatial_cluster,economy_cluster,type_name,cores,salary,salary_index,hours_for_1000,price_index_2024,basket_fill,basket_fill_real,municipality_full,territory_id
Майкоп,Республика Адыгея,0,14,Быстрая инфляция и экономия на транспорте,Марьино — Выхино-Жулебино — Хорошево-Мневники,57440.49999999997,76.0,3.01,0.8758779231341652,114.2,86.8,городской округ город Майкоп,1
Адыгейск,Республика Адыгея,1,14,Быстрая инфляция и экономия на транспорте,Марьино — Выхино-Жулебино — Хорошево-Мневники,47407.20000000001,62.8,3.65,0.8758779231341652,114.2,71.7,городской округ город Адыгейск,2
Гиагинский,Республика Адыгея,0,14,Быстрая инфляция и экономия на транспорте,Марьино — Выхино-Жулебино — Хорошево-Мневники,54547.70000000014,72.2,3.17,0.8758779231341652,114.2,82.5,Гиагинский муниципальный район,3
Кошехабльский,Республика Адыгея,0,14,Быстрая инфляция и экономия на транспорте,Марьино — Выхино-Жулебино — Хорошево-Мневники,51262.09999999994,67.9,3.37,0.8758779231341652,114.2,77.5,Кошехабльский муниципальный район,4
Красногвардейский,Республика Адыгея,2,14,Быстрая инфляция и экономия на транспорте,Марьино — Выхино-Жулебино — Хорошево-Мневники,48849.09999999999,64.7,3.54,0.8758779231341652,114.2,73.9,Красногвардейский муниципальный район,5
Майкопский,Республика Адыгея,0,14,Быстрая инфляция и экономия на транспорте,Марьино — Выхино-Жулебино — Хорошево-Мневники,47965.79999999994,63.5,3.61,0.8758779231341652,114.2,72.5,Майкопский муниципальный район,6
Тахтамукайский,Республика Адыгея,1,14,Быстрая инфляция и экономия на транспорте,Марьино — Выхино-Жулебино — Хорошево-Мневники,75708.30000000005,100.2,2.29,0.8758779231341652,114.2,114.4,Тахтамукайский муниципальный район,7
Теучежский,Республика Адыгея,1,14,Быстрая инфляция и экономия на транспорте,Марьино — Выхино-Жулебино — Хорошево-Мневники,74168.00000000012,98.2,2.33,0.8758779231341652,114.2,112.1,Теучежский муниципальный район,8
Шовгеновский,Республика Адыгея,0,14,Быстрая инфляция и экономия на транспорте,Марьино — Выхино-Жулебино — Хорошево-Мневники,42776.59999999997,56.6,4.04,0.8758779231341652,114.2,64.6,Шовгеновский муниципальный район,9
Горно-Алтайск,Республика Алтай,3,14,Быстрая инфляция и экономия на транспорте,Марьино — Выхино-Жулебино — Хорошево-Мневники,73499.3,97.3,2.35,1.0339714388641894,96.7,94.1,городской округ город Горно-Алтайск,10
Кош-Агачский,Республика Алтай,4,14,Быстрая инфляция и экономия на транспорте,Марьино — Выхино-Жулебино — Хорошево-Мневники,70732.19999999995,93.6,2.45,1.0339714388641894,96.7,90.5,Кош-Агачский муниципальный район,11
Майминский,Республика Алтай,3,14,Быстрая инфляция и экономия на транспорте,Марьино — Выхино-Жулебино — Хорошево-Мневники,73551.60000000005,97.4,2.35,1.0339714388641894,96.7,94.2,Майминский муниципальный район,12
Онгудайский,Республика Алтай,5,14,Быстрая инфляция и экономия на транспорте,Марьино — Выхино-Жулебино — Хорошево-Мневники,46742.19999999996,61.9,3.7,1.0339714388641894,96.7,59.9,Онгудайский муниципальный район,13
Турочакский,Республика Алтай,6,14,Быстрая инфляция и экономия на транспорте,Марьино — Выхино-Жулебино — Хорошево-Мневники,57696.8,76.4,3.0,1.0339714388641894,96.7,73.9,Турочакский муниципальный район,14
Улаганский,Республика Алтай,7,14,Быстрая инфляция и экономия на транспорте,Марьино — Выхино-Жулебино — Хорошево-Мневники,63314.99999999996,83.8,2.73,1.0339714388641894,96.7,81.0,Улаганский муниципальный район,15
Усть-Канский,Республика Алтай,8,14,Быстрая инфляция и экономия на транспорте,Марьино — Выхино-Жулебино — Хорошево-Мневники,45304.00000000004,60.0,3.82,1.0339714388641894,96.7,58.0,Усть-Канский муниципальный район,16
Усть-Коксинский,Республика Алтай,9,14,Быстрая инфляция и экономия на транспорте,Марьино — Выхино-Жулебино — Хорошево-Мневники,47699.60000000004,63.2,3.63,1.0339714388641894,96.7,61.1,Усть-Коксинский муниципальный район,17
Чемальский,Республика Алтай,10,14,Быстрая инфляция и экономия на транспорте,Марьино — Выхино-Жулебино — Хорошево-Мневники,65317.6999999999,86.5,2.65,1.0339714388641894,96.7,83.6,Чемальский муниципальный район,18
Чойский,Республика Алтай,11,14,Быстрая инфляция и экономия на транспорте,Марьино — Выхино-Жулебино — Хорошево-Мневники,55749.4,73.8,3.1,1.0339714388641894,96.7,71.4,Чойский муниципальный район,19
Шебалинский,Республика Алтай,12,14,Быстрая инфляция и экономия на транспорте,Марьино — Выхино-Жулебино — Хорошево-Мневники,50870.49999999987,67.4,3.4,1.0339714388641894,96.7,65.2,Шебалинский муниципальный район,20
Уфа,Республика Башкортостан,13,14,Быстрая инфляция и экономия на транспорте,Марьино — Выхино-Жулебино — Хорошево-Мневники,87313.00000000004,115.6,1.98,0.907738411925308,110.2,127.4,городской округ город Уфа,21
Агидель,Республика Башкортостан,14,14,Быстрая инфляция и экономия на транспорте,Марьино — Выхино-Жулебино — Хорошево-Мневники,63802.60000000004,84.5,2.71,0.907738411925308,110.2,93.1,городской округ город Агидель,22
Кумертау,Республика Башкортостан,15,14,Быстрая инфляция и экономия на транспорте,Марьино — Выхино-Жулебино — Хорошево-Мневники,60446.90000000007,80.0,2.86,0.907738411925308,110.2,88.2,городской округ город Кумертау,23
Нефтекамск,Республика Башкортостан,14,14,Быстрая инфляция и экономия на транспорте,Марьино — Выхино-Жулебино — Хорошево-Мневники,63974.69999999999,84.7,2.7,0.907738411925308,110.2,93.3,городской округ город Нефтекамск,25
Октябрьский,Республика Башкортостан,16,14,Быстрая инфляция и экономия на транспорте,Марьино — Выхино-Жулебино — Хорошево-Мневники,68419.20000000001,90.6,2.53,0.907738411925308,110.2,99.8,городской округ город Октябрьский,26
Салават,Республика Башкортостан,15,4,Стареющие и изолированные,Екатеринбург — Пермский — Всеволожский,73747.79999999994,97.6,2.35,0.907738411925308,110.2,107.6,городской округ город Салават,27
Сибай,Республика Башкортостан,17,2,Быстрый рост трат,Новосибирск — Казань — Нижний Новгород,56023.40000000008,74.2,3.09,0.907738411925308,110.2,81.8,городской округ город Сибай,28
Стерлитамак,Республика Башкортостан,15,4,Стареющие и изолированные,Екатеринбург — Пермский — Всеволожский,65443.59999999998,86.6,2.64,0.907738411925308,110.2,95.4,городской округ город Стерлитамак,29
Абзелиловский,Республика Башкортостан,18,7,Дальневосточная периферия,Омский — Азнакаевский — Нурлатский,52673.40000000006,69.7,3.28,0.907738411925308,110.2,76.8,Абзелиловский муниципальный район,30
Альшеевский,Республика Башкортостан,19,7,Дальневосточная периферия,Омский — Азнакаевский — Нурлатский,60609.39999999995,80.2,2.85,0.907738411925308,110.2,88.4,Альшеевский муниципальный район,31
Архангельский,Республика Башкортостан,20,7,Дальневосточная периферия,Омский — Азнакаевский — Нурлатский,46871.60000000002,62.1,3.69,0.907738411925308,110.2,68.4,Архангельский муниципальный район,32
Аскинский,Республика Башкортостан,21,7,Дальневосточная периферия,Омский — Азнакаевский — Нурлатский,47944.09999999998,63.5,3.61,0.907738411925308,110.2,70.0,Аскинский муниципальный район,33
Аургазинский,Республика Башкортостан,15,7,Дальневосточная периферия,Омский — Азнакаевский — Нурлатский,47303.50000000013,62.6,3.66,0.907738411925308,110.2,69.0,Аургазинский муниципальный район,34
Баймакский,Республика Башкортостан,17,7,Дальневосточная периферия,Омский — Азнакаевский — Нурлатский,47395.39999999996,62.7,3.65,0.907738411925308,110.2,69.1,Баймакский муниципальный район,35
Бакалинский,Республика Башкортостан,22,7,Дальневосточная периферия,Омский — Азнакаевский — Нурлатский,43414.79999999999,57.5,3.98,0.907738411925308,110.2,63.4,Бакалинский муниципальный район,36
Балтачевский,Республика Башкортостан,23,7,Дальневосточная периферия,Омский — Азнакаевский — Нурлатский,45217.80000000004,59.9,3.83,0.907738411925308,110.2,66.0,Балтачевский муниципальный район,37
Белебеевский,Республика Башкортостан,24,2,Быстрый рост трат,Новосибирск — Казань — Нижний Новгород,58297.8,77.2,2.97,0.907738411925308,110.2,85.1,Белебеевский муниципальный район,38
Белокатайский,Республика Башкортостан,25,7,Дальневосточная периферия,Омский — Азнакаевский — Нурлатский,50585.90000000002,67.0,3.42,0.907738411925308,110.2,73.8,Белокатайский муниципальный район,39
Белорецкий,Республика Башкортостан,26,2,Быстрый рост трат,Новосибирск — Казань — Нижний Новгород,57286.00000000012,75.8,3.02,0.907738411925308,110.2,83.5,Белорецкий муниципальный район,40
Бижбулякский,Республика Башкортостан,27,7,Дальневосточная периферия,Омский — Азнакаевский — Нурлатский,50782.70000000013,67.2,3.41,0.907738411925308,110.2,74.1,Бижбулякский муниципальный район,41
Бирский,Республика Башкортостан,28,2,Быстрый рост трат,Новосибирск — Казань — Нижний Новгород,50586.899999999965,67.0,3.42,0.907738411925308,110.2,73.8,Бирский муниципальный район,42
Благоварский,Республика Башкортостан,19,7,Дальневосточная периферия,Омский — Азнакаевский — Нурлатский,57138.19999999998,75.6,3.03,0.907738411925308,110.2,83.3,Благоварский муниципальный район,43
Благовещенский,Республика Башкортостан,13,2,Быстрый рост трат,Новосибирск — Казань — Нижний Новгород,75715.00000000001,100.2,2.28,0.907738411925308,110.2,110.4,Благовещенский муниципальный район,44
Буздякский,Республика Башкортостан,29,7,Дальневосточная периферия,Омский — Азнакаевский — Нурлатский,52308.90000000011,69.3,3.31,0.907738411925308,110.2,76.4,Буздякский муниципальный район,45
Бураевский,Республика Башкортостан,23,7,Дальневосточная периферия,Омский — Азнакаевский — Нурлатский,71323.4,94.4,2.43,0.907738411925308,110.2,104.0,Бураевский муниципальный район,46
Бурзянский,Республика Башкортостан,30,7,Дальневосточная периферия,Омский — Азнакаевский — Нурлатский,37911.79999999999,50.2,4.56,0.907738411925308,110.2,55.3,Бурзянский муниципальный район,47
Гафурийский,Республика Башкортостан,31,7,Дальневосточная периферия,Омский — Азнакаевский — Нурлатский,48073.999999999935,63.6,3.6,0.907738411925308,110.2,70.1,Гафурийский муниципальный район,48
Давлекановский,Республика Башкортостан,19,7,Дальневосточная периферия,Омский — Азнакаевский — Нурлатский,49262.3,65.2,3.51,0.907738411925308,110.2,71.9,Давлекановский муниципальный район,49
Дуванский,Республика Башкортостан,32,7,Дальневосточная периферия,Омский — Азнакаевский — Нурлатский,51092.39999999998,67.6,3.39,0.907738411925308,110.2,74.5,Дуванский муниципальный район,50
Дюртюлинский,Республика Башкортостан,33,2,Быстрый рост трат,Новосибирск — Казань — Нижний Новгород,56946.39999999998,75.4,3.04,0.907738411925308,110.2,83.1,Дюртюлинский муниципальный район,51
Ермекеевский,Республика Башкортостан,24,7,Дальневосточная периферия,Омский — Азнакаевский — Нурлатский,56981.79999999999,75.4,3.04,0.907738411925308,110.2,83.1,Ермекеевский муниципальный район,52
Зианчуринский,Республика Башкортостан,34,7,Дальневосточная периферия,Омский — Азнакаевский — Нурлатский,43741.20000000004,57.9,3.96,0.907738411925308,110.2,63.8,Зианчуринский муниципальный район,53
Зилаирский,Республика Башкортостан,35,2,Быстрый рост трат,Новосибирск — Казань — Нижний Новгород,45957.40000000001,60.8,3.76,0.907738411925308,110.2,67.0,Зилаирский муниципальный район,54
Иглинский,Республика Башкортостан,13,2,Быстрый рост трат,Новосибирск — Казань — Нижний Новгород,63419.600000000006,84.0,2.73,0.907738411925308,110.2,92.6,Иглинский муниципальный район,55
Илишевский,Республика Башкортостан,33,7,Дальневосточная периферия,Омский — Азнакаевский — Нурлатский,62935.39999999998,83.3,2.75,0.907738411925308,110.2,91.8,Илишевский муниципальный район,56
Ишимбайский,Республика Башкортостан,15,2,Быстрый рост трат,Новосибирск — Казань — Нижний Новгород,62428.70000000001,82.7,2.77,0.907738411925308,110.2,91.1,Ишимбайский муниципальный район,57
Калтасинский,Республика Башкортостан,14,7,Дальневосточная периферия,Омский — Азнакаевский — Нурлатский,66702.30000000008,88.3,2.59,0.907738411925308,110.2,97.3,Калтасинский муниципальный район,58
Караидельский,Республика Башкортостан,36,7,Дальневосточная периферия,Омский — Азнакаевский — Нурлатский,44545.40000000011,59.0,3.88,0.907738411925308,110.2,65.0,Караидельский муниципальный район,59
Кармаскалинский,Республика Башкортостан,20,7,Дальневосточная периферия,Омский — Азнакаевский — Нурлатский,55837.10000000014,73.9,3.1,0.907738411925308,110.2,81.4,Кармаскалинский муниципальный район,60
Кигинский,Республика Башкортостан,25,7,Дальневосточная периферия,Омский — Азнакаевский — Нурлатский,43959.39999999989,58.2,3.94,0.907738411925308,110.2,64.1,Кигинский муниципальный район,61
Краснокамский,Республика Башкортостан,14,7,Дальневосточная периферия,Омский — Азнакаевский — Нурлатский,64900.99999999997,85.9,2.67,0.907738411925308,110.2,94.7,Краснокамский муниципальный район,62
Кугарчинский,Республика Башкортостан,37,7,Дальневосточная периферия,Омский — Азнакаевский — Нурлатский,47305.3999999999,62.6,3.66,0.907738411925308,110.2,69.0,Кугарчинский муниципальный район,63
Куюргазинский,Республика Башкортостан,15,7,Дальневосточная периферия,Омский — Азнакаевский — Нурлатский,59356.60000000001,78.6,2.91,0.907738411925308,110.2,86.6,Куюргазинский муниципальный район,64
Кушнаренковский,Республика Башкортостан,33,7,Дальневосточная периферия,Омский — Азнакаевский — Нурлатский,50295.300000000025,66.6,3.44,0.907738411925308,110.2,73.4,Кушнаренковский муниципальный район,65
Мелеузовский,Республика Башкортостан,15,2,Быстрый рост трат,Новосибирск — Казань — Нижний Новгород,54630.90000000001,72.3,3.17,0.907738411925308,110.2,79.7,Мелеузовский муниципальный район,66
Мечетлинский,Республика Башкортостан,38,7,Дальневосточная периферия,Омский — Азнакаевский — Нурлатский,45561.3,60.3,3.8,0.907738411925308,110.2,66.5,Мечетлинский муниципальный район,67
Мишкинский,Республика Башкортостан,28,7,Дальневосточная периферия,Омский — Азнакаевский — Нурлатский,45268.59999999993,59.9,3.82,0.907738411925308,110.2,66.0,Мишкинский муниципальный район,68
Миякинский,Республика Башкортостан,27,7,Дальневосточная периферия,Омский — Азнакаевский — Нурлатский,47598.09999999998,63.0,3.63,0.907738411925308,110.2,69.4,Миякинский муниципальный район,69
Нуримановский,Республика Башкортостан,13,10,Стареющие с низкой инфляцией,Рославльский — Сухой Лог — Верхнесалдинский,45435.800000000105,60.2,3.81,0.907738411925308,110.2,66.3,Нуримановский муниципальный район,70
Салаватский,Республика Башкортостан,32,7,Дальневосточная периферия,Омский — Азнакаевский — Нурлатский,51691.699999999895,68.4,3.35,0.907738411925308,110.2,75.4,Салаватский муниципальный район,71
Стерлибашевский,Республика Башкортостан,27,7,Дальневосточная периферия,Омский — Азнакаевский — Нурлатский,42736.99999999997,56.6,4.05,0.907738411925308,110.2,62.4,Стерлибашевский муниципальный район,72
Стерлитамакский,Республика Башкортостан,15,4,Стареющие и изолированные,Екатеринбург — Пермский — Всеволожский,57412.29999999999,76.0,3.01,0.907738411925308,110.2,83.8,Стерлитамакский муниципальный район,73
Татышлинский,Республика Башкортостан,23,7,Дальневосточная периферия,Омский — Азнакаевский — Нурлатский,72519.39999999995,96.0,2.39,0.907738411925308,110.2,105.8,Татышлинский муниципальный район,74
Туймазинский,Республика Башкортостан,16,2,Быстрый рост трат,Новосибирск — Казань — Нижний Новгород,61257.30000000001,81.1,2.82,0.907738411925308,110.2,89.4,Туймазинский муниципальный район,75
Уфимский,Республика Башкортостан,13,4,Стареющие и изолированные,Екатеринбург — Пермский — Всеволожский,90380.80000000005,119.7,1.91,0.907738411925308,110.2,131.9,Уфимский муниципальный район,76
Учалинский,Республика Башкортостан,39,2,Быстрый рост трат,Новосибирск — Казань — Нижний Новгород,81713.40000000001,108.2,2.12,0.907738411925308,110.2,119.2,Учалинский муниципальный район,77
Федоровский,Республика Башкортостан,27,7,Дальневосточная периферия,Омский — Азнакаевский — Нурлатский,45108.60000000002,59.7,3.84,0.907738411925308,110.2,65.8,Федоровский муниципальный район,78
Хайбуллинский,Республика Башкортостан,40,2,Быстрый рост трат,Новосибирск — Казань — Нижний Новгород,79129.19999999998,104.8,2.19,0.907738411925308,110.2,115.5,Хайбуллинский муниципальный район,79
Чекмагушевский,Республика Башкортостан,33,7,Дальневосточная периферия,Омский — Азнакаевский — Нурлатский,54175.49999999996,71.7,3.19,0.907738411925308,110.2,79.0,Чекмагушевский муниципальный район,80
Чишминский,Республика Башкортостан,19,2,Быстрый рост трат,Новосибирск — Казань — Нижний Новгород,61702.30000000002,81.7,2.8,0.907738411925308,110.2,90.0,Чишминский муниципальный район,81
Шаранский,Республика Башкортостан,16,7,Дальневосточная периферия,Омский — Азнакаевский — Нурлатский,54072.20000000001,71.6,3.2,0.907738411925308,110.2,78.9,Шаранский муниципальный район,82
Янаульский,Республика Башкортостан,41,7,Дальневосточная периферия,Омский — Азнакаевский — Нурлатский,62296.600000000006,82.5,2.78,0.907738411925308,110.2,90.9,Янаульский муниципальный район,83
Северобайкальск,Республика Бурятия,42,12,Добывающий север с высокими зарплатами,Сургут — Нижневартовск — Норильск,109723.5999999999,145.3,1.58,0.986720420013864,101.3,147.2,городской округ город Северобайкальск,85
Баргузинский,Республика Бурятия,43,9,Середнячки со скромными расходами,Апатиты — Мончегорск — Кандалакшский,58586.30000000016,77.6,2.95,0.986720420013864,101.3,78.6,Баргузинский муниципальный район,86
Баунтовский,Республика Бурятия,44,8,"Низкие зарплаты, дешёвые цены",Красноярск — Владивостокский — Хабаровск,115788.49999999993,153.3,1.49,0.986720420013864,101.3,155.3,Баунтовский эвенкийский муниципальный район,87
Бичурский,Республика Бурятия,45,8,"Низкие зарплаты, дешёвые цены",Красноярск — Владивостокский — Хабаровск,69334.30000000003,91.8,2.5,0.986720420013864,101.3,93.0,Бичурский муниципальный район,88
Джидинский,Республика Бурятия,46,8,"Низкие зарплаты, дешёвые цены",Красноярск — Владивостокский — Хабаровск,52038.79999999998,68.9,3.32,0.986720420013864,101.3,69.8,Джидинский муниципальный район,89
Еравнинский,Республика Бурятия,47,8,"Низкие зарплаты, дешёвые цены",Красноярск — Владивостокский — Хабаровск,112586.49999999996,149.1,1.54,0.986720420013864,101.3,151.0,Еравнинский муниципальный район,90
Заиграевский,Республика Бурятия,48,7,Дальневосточная периферия,Омский — Азнакаевский — Нурлатский,62641.50000000005,82.9,2.76,0.986720420013864,101.3,84.0,Заиграевский муниципальный район,91
Закаменский,Республика Бурятия,49,6,"Отрезанные, но высокооплачиваемые",Ишим — Кирово-Чепецк — Ашинский,47674.7,63.1,3.63,0.986720420013864,101.3,63.9,Закаменский муниципальный район,92
Иволгинский,Республика Бурятия,50,8,"Низкие зарплаты, дешёвые цены",Красноярск — Владивостокский — Хабаровск,57922.70000000003,76.7,2.99,0.986720420013864,101.3,77.7,Иволгинский муниципальный район,93
Кабанский,Республика Бурятия,51,6,"Отрезанные, но высокооплачиваемые",Ишим — Кирово-Чепецк — Ашинский,62687.59999999995,83.0,2.76,0.986720420013864,101.3,84.1,Кабанский муниципальный район,94
Кижингинский,Республика Бурятия,52,7,Дальневосточная периферия,Омский — Азнакаевский — Нурлатский,50322.69999999998,66.6,3.44,0.986720420013864,101.3,67.5,Кижингинский муниципальный район,95
Курумканский,Республика Бурятия,53,8,"Низкие зарплаты, дешёвые цены",Красноярск — Владивостокский — Хабаровск,60544.8,80.2,2.86,0.986720420013864,101.3,81.2,Курумканский муниципальный район,96
Кяхтинский,Республика Бурятия,54,8,"Низкие зарплаты, дешёвые цены",Красноярск — Владивостокский — Хабаровск,60799.59999999999,80.5,2.85,0.986720420013864,101.3,81.5,Кяхтинский муниципальный район,97
Муйский,Республика Бурятия,55,8,"Низкие зарплаты, дешёвые цены",Красноярск — Владивостокский — Хабаровск,135925.09999999995,180.0,1.27,0.986720420013864,101.3,182.3,Муйский муниципальный район,98
Мухоршибирский,Республика Бурятия,56,8,"Низкие зарплаты, дешёвые цены",Красноярск — Владивостокский — Хабаровск,78466.79999999997,103.9,2.2,0.986720420013864,101.3,105.3,Мухоршибирский муниципальный район,99
Окинский,Республика Бурятия,57,8,"Низкие зарплаты, дешёвые цены",Красноярск — Владивостокский — Хабаровск,90079.6000000002,119.3,1.92,0.986720420013864,101.3,120.9,Окинский муниципальный район,100
Прибайкальский,Республика Бурятия,58,7,Дальневосточная периферия,Омский — Азнакаевский — Нурлатский,59712.59999999996,79.1,2.9,0.986720420013864,101.3,80.1,Прибайкальский муниципальный район,101
Северо-Байкальский,Республика Бурятия,59,8,"Низкие зарплаты, дешёвые цены",Красноярск — Владивостокский — Хабаровск,109845.09999999992,145.4,1.57,0.986720420013864,101.3,147.3,Северо-Байкальский муниципальный район,102
Селенгинский,Республика Бурятия,60,8,"Низкие зарплаты, дешёвые цены",Красноярск — Владивостокский — Хабаровск,71174.59999999999,94.2,2.43,0.986720420013864,101.3,95.4,Селенгинский муниципальный район,103
Тарбагатайский,Республика Бурятия,61,7,Дальневосточная периферия,Омский — Азнакаевский — Нурлатский,56676.39999999999,75.0,3.05,0.986720420013864,101.3,76.0,Тарбагатайский муниципальный район,104
Тункинский,Республика Бурятия,62,7,Дальневосточная периферия,Омский — Азнакаевский — Нурлатский,53093.90000000002,70.3,3.26,0.986720420013864,101.3,71.2,Тункинский муниципальный район,105
Хоринский,Республика Бурятия,63,6,"Отрезанные, но высокооплачиваемые",Ишим — Кирово-Чепецк — Ашинский,52188.79999999996,69.1,3.31,0.986720420013864,101.3,70.0,Хоринский муниципальный район,106
Махачкала,Республика Дагестан,64,0,Северный Кавказ,Махачкала — Саранск — Владикавказ,50591.7,67.0,3.42,0.8906862912204786,112.3,75.2,городской округ город Махачкала,107
Буйнакск,Республика Дагестан,64,0,Северный Кавказ,Махачкала — Саранск — Владикавказ,34994.300000000054,46.3,4.94,0.8906862912204786,112.3,52.0,городской округ город Буйнакск,108
Избербаш,Республика Дагестан,65,0,Северный Кавказ,Махачкала — Саранск — Владикавказ,36083.00000000002,47.8,4.79,0.8906862912204786,112.3,53.7,городской округ город Избербаш,111
Кизилюрт,Республика Дагестан,66,0,Северный Кавказ,Махачкала — Саранск — Владикавказ,37740.20000000002,50.0,4.58,0.8906862912204786,112.3,56.2,городской округ город Кизилюрт,113
Кизляр,Республика Дагестан,67,0,Северный Кавказ,Махачкала — Саранск — Владикавказ,44740.09999999989,59.2,3.87,0.8906862912204786,112.3,66.5,городской округ город Кизляр,114
Магас,Республика Ингушетия,68,0,Северный Кавказ,Махачкала — Саранск — Владикавказ,55062.899999999936,72.9,3.14,0.8856602277618292,112.9,82.3,городской округ город Магас,158
Назрань,Республика Ингушетия,69,0,Северный Кавказ,Махачкала — Саранск — Владикавказ,36347.7,48.1,4.76,0.8856602277618292,112.9,54.3,городской округ город Назрань,160
Нальчик,Кабардино-Балкарская Республика,70,0,Северный Кавказ,Махачкала — Саранск — Владикавказ,54194.29999999996,71.8,3.19,0.9393930012606208,106.5,76.5,городской округ Нальчик,167
Баксан,Кабардино-Балкарская Республика,70,0,Северный Кавказ,Махачкала — Саранск — Владикавказ,41355.39999999998,54.8,4.18,0.9393930012606208,106.5,58.4,городской округ Баксан,168
Прохладный,Кабардино-Балкарская Республика,70,0,Северный Кавказ,Махачкала — Саранск — Владикавказ,44481.89999999998,58.9,3.89,0.9393930012606208,106.5,62.7,городской округ Прохладный,169
Майский,Кабардино-Балкарская Республика,70,0,Северный Кавказ,Махачкала — Саранск — Владикавказ,43597.69999999997,57.7,3.97,0.9393930012606208,106.5,61.5,Майский муниципальный район,173
Прохладненский,Кабардино-Балкарская Республика,70,0,Северный Кавказ,Махачкала — Саранск — Владикавказ,37157.10000000002,49.2,4.66,0.9393930012606208,106.5,52.4,Прохладненский муниципальный район,174
Терский,Кабардино-Балкарская Республика,70,0,Северный Кавказ,Махачкала — Саранск — Владикавказ,41697.300000000025,55.2,4.15,0.9393930012606208,106.5,58.8,Терский муниципальный район,176
Урванский,Кабардино-Балкарская Республика,70,0,Северный Кавказ,Махачкала — Саранск — Владикавказ,39502.49999999997,52.3,4.38,0.9393930012606208,106.5,55.7,Урванский муниципальный район,177
Эльбрусский,Кабардино-Балкарская Республика,71,0,Северный Кавказ,Махачкала — Саранск — Владикавказ,49134.69999999998,65.1,3.52,0.9393930012606208,106.5,69.3,Эльбрусский муниципальный район,179
Городовиковский,Республика Калмыкия,72,3,Пригороды мегаполисов,Вольский — Боровичский — Рузаевский,36828.19999999997,48.8,4.7,0.8938049549402117,111.9,54.6,Городовиковский муниципальный район,181
Лаганский,Республика Калмыкия,73,3,Пригороды мегаполисов,Вольский — Боровичский — Рузаевский,39218.100000000006,51.9,4.41,0.8938049549402117,111.9,58.1,Лаганский муниципальный район,184
Малодербетовский,Республика Калмыкия,74,0,Северный Кавказ,Махачкала — Саранск — Владикавказ,37384.99999999995,49.5,4.63,0.8938049549402117,111.9,55.4,Малодербетовский муниципальный район,185
Октябрьский,Республика Калмыкия,75,1,Маркетплейс-провинция,Грязинский — Кинешма — Киреевский,46467.40000000001,61.5,3.72,0.8938049549402117,111.9,68.8,Октябрьский муниципальный район,186
Сарпинский,Республика Калмыкия,74,4,Стареющие и изолированные,Екатеринбург — Пермский — Всеволожский,43198.49999999999,57.2,4.0,0.8938049549402117,111.9,64.0,Сарпинский муниципальный район,188
Целинный,Республика Калмыкия,76,2,Быстрый рост трат,Новосибирск — Казань — Нижний Новгород,46291.2,61.3,3.74,0.8938049549402117,111.9,68.6,Целинный муниципальный район,189
Черноземельский,Республика Калмыкия,77,2,Быстрый рост трат,Новосибирск — Казань — Нижний Новгород,61590.9,81.5,2.81,0.8938049549402117,111.9,91.2,Черноземельский муниципальный район,190
Юстинский,Республика Калмыкия,78,0,Северный Кавказ,Махачкала — Саранск — Владикавказ,42368.80000000008,56.1,4.08,0.8938049549402117,111.9,62.8,Юстинский муниципальный район,191
Яшалтинский,Республика Калмыкия,72,0,Северный Кавказ,Махачкала — Саранск — Владикавказ,34866.1,46.2,4.96,0.8938049549402117,111.9,51.7,Яшалтинский муниципальный район,192
Яшкульский,Республика Калмыкия,79,3,Пригороды мегаполисов,Вольский — Боровичский — Рузаевский,48712.00000000002,64.5,3.55,0.8938049549402117,111.9,72.2,Яшкульский муниципальный район,193
Черкесский,Карачаево-Черкесская Республика,80,0,Северный Кавказ,Махачкала — Саранск — Владикавказ,56717.39999999995,75.1,3.05,0.9098520472828469,109.9,82.5,городской округ Черкесский,194
Карачаевский,Карачаево-Черкесская Республика,80,0,Северный Кавказ,Махачкала — Саранск — Владикавказ,43034.79999999997,57.0,4.02,0.9098520472828469,109.9,62.6,городской округ Карачаевский,195
Абазинский,Карачаево-Черкесская Республика,80,0,Северный Кавказ,Махачкала — Саранск — Владикавказ,40284.49999999998,53.3,4.29,0.9098520472828469,109.9,58.6,Абазинский муниципальный район,196
Адыге-Хабльский,Карачаево-Черкесская Республика,80,0,Северный Кавказ,Махачкала — Саранск — Владикавказ,42207.300000000105,55.9,4.1,0.9098520472828469,109.9,61.4,Адыге-Хабльский муниципальный район,197
Зеленчукский,Карачаево-Черкесская Республика,80,0,Северный Кавказ,Махачкала — Саранск — Владикавказ,49497.500000000015,65.5,3.5,0.9098520472828469,109.9,72.0,Зеленчукский муниципальный район,198
Малокарачаевский,Карачаево-Черкесская Республика,70,0,Северный Кавказ,Махачкала — Саранск — Владикавказ,39521.39999999998,52.3,4.38,0.9098520472828469,109.9,57.5,Малокарачаевский муниципальный район,200
Ногайский,Карачаево-Черкесская Республика,80,0,Северный Кавказ,Махачкала — Саранск — Владикавказ,35727.40000000007,47.3,4.84,0.9098520472828469,109.9,52.0,Ногайский муниципальный район,201
Прикубанский,Карачаево-Черкесская Республика,80,0,Северный Кавказ,Махачкала — Саранск — Владикавказ,52439.00000000003,69.4,3.3,0.9098520472828469,109.9,76.3,Прикубанский муниципальный район,202
Урупский,Карачаево-Черкесская Республика,80,1,Маркетплейс-провинция,Грязинский — Кинешма — Киреевский,56531.00000000004,74.8,3.06,0.9098520472828469,109.9,82.2,Урупский муниципальный район,203
Усть-Джегутинский,Карачаево-Черкесская Республика,80,0,Северный Кавказ,Махачкала — Саранск — Владикавказ,53103.80000000005,70.3,3.26,0.9098520472828469,109.9,77.3,Усть-Джегутинский муниципальный район,204
Хабезский,Карачаево-Черкесская Республика,80,0,Северный Кавказ,Махачкала — Саранск — Владикавказ,38811.59999999997,51.4,4.46,0.9098520472828469,109.9,56.5,Хабезский муниципальный район,205
Петрозаводский,Республика Карелия,81,4,Стареющие и изолированные,Екатеринбург — Пермский — Всеволожский,80872.59999999993,107.1,2.14,1.0517739896217482,95.1,101.9,городской округ Петрозаводский,206
Костомукшский,Республика Карелия,82,12,Добывающий север с высокими зарплатами,Сургут — Нижневартовск — Норильск,112900.49999999993,149.5,1.53,1.0517739896217482,95.1,142.2,городской округ Костомукшский,207
Беломорский,Республика Карелия,83,9,Середнячки со скромными расходами,Апатиты — Мончегорск — Кандалакшский,86078.30000000019,114.0,2.01,1.0517739896217482,95.1,108.4,Беломорский муниципальный округ,208
Калевальский,Республика Карелия,84,9,Середнячки со скромными расходами,Апатиты — Мончегорск — Кандалакшский,70023.09999999996,92.7,2.47,1.0517739896217482,95.1,88.2,Калевальский муниципальный район,209
Кемский,Республика Карелия,85,9,Середнячки со скромными расходами,Апатиты — Мончегорск — Кандалакшский,99031.20000000004,131.1,1.75,1.0517739896217482,95.1,124.7,Кемский муниципальный район,210
Кондопожский,Республика Карелия,86,9,Середнячки со скромными расходами,Апатиты — Мончегорск — Кандалакшский,72960.19999999982,96.6,2.37,1.0517739896217482,95.1,91.9,Кондопожский муниципальный район,211
Лахденпохский,Республика Карелия,87,1,Маркетплейс-провинция,Грязинский — Кинешма — Киреевский,69672.60000000006,92.2,2.48,1.0517739896217482,95.1,87.7,Лахденпохский муниципальный район,212
Лоухский,Республика Карелия,88,9,Середнячки со скромными расходами,Апатиты — Мончегорск — Кандалакшский,98732.69999999992,130.7,1.75,1.0517739896217482,95.1,124.3,Лоухский муниципальный район,213
Медвежьегорский,Республика Карелия,89,9,Середнячки со скромными расходами,Апатиты — Мончегорск — Кандалакшский,75138.70000000001,99.5,2.3,1.0517739896217482,95.1,94.6,Медвежьегорский муниципальный район,214
Муезерский,Республика Карелия,90,9,Середнячки со скромными расходами,Апатиты — Мончегорск — Кандалакшский,58820.99999999995,77.9,2.94,1.0517739896217482,95.1,74.1,Муезерский муниципальный район,215
Олонецкий,Республика Карелия,91,9,Середнячки со скромными расходами,Апатиты — Мончегорск — Кандалакшский,60626.39999999995,80.3,2.85,1.0517739896217482,95.1,76.4,Олонецкий муниципальный район,216
Питкярантский,Республика Карелия,92,9,Середнячки со скромными расходами,Апатиты — Мончегорск — Кандалакшский,71373.20000000001,94.5,2.42,1.0517739896217482,95.1,89.9,Питкярантский муниципальный округ,217
Прионежский,Республика Карелия,81,4,Стареющие и изолированные,Екатеринбург — Пермский — Всеволожский,83749.79999999997,110.9,2.07,1.0517739896217482,95.1,105.5,Прионежский муниципальный район,218
Пряжинский,Республика Карелия,81,9,Середнячки со скромными расходами,Апатиты — Мончегорск — Кандалакшский,70038.60000000005,92.7,2.47,1.0517739896217482,95.1,88.2,Пряжинский муниципальный район,219
Пудожский,Республика Карелия,93,6,"Отрезанные, но высокооплачиваемые",Ишим — Кирово-Чепецк — Ашинский,66905.80000000003,88.6,2.59,1.0517739896217482,95.1,84.3,Пудожский муниципальный район,220
Сегежский,Республика Карелия,94,9,Середнячки со скромными расходами,Апатиты — Мончегорск — Кандалакшский,79173.19999999995,104.8,2.19,1.0517739896217482,95.1,99.7,Сегежский муниципальный округ,221
Сортавальский,Республика Карелия,87,2,Быстрый рост трат,Новосибирск — Казань — Нижний Новгород,69993.10000000005,92.7,2.47,1.0517739896217482,95.1,88.2,Сортавальский муниципальный район,222
Суоярвский,Республика Карелия,95,9,Середнячки со скромными расходами,Апатиты — Мончегорск — Кандалакшский,74690.19999999995,98.9,2.32,1.0517739896217482,95.1,94.1,Суоярвский муниципальный округ,223
Сыктывкар,Республика Коми,96,2,Быстрый рост трат,Новосибирск — Казань — Нижний Новгород,81693.10000000005,108.2,2.12,1.0668887345593427,93.7,101.4,городской округ Сыктывкар,224
Воркута,Республика Коми,97,12,Добывающий север с высокими зарплатами,Сургут — Нижневартовск — Норильск,121203.09999999996,160.5,1.43,1.0668887345593427,93.7,150.4,городской округ Воркута,225
Вуктыл,Республика Коми,98,9,Середнячки со скромными расходами,Апатиты — Мончегорск — Кандалакшский,111490.60000000003,147.6,1.55,1.0668887345593427,93.7,138.3,муниципальный округ Вуктыл,226
Инта,Республика Коми,99,9,Середнячки со скромными расходами,Апатиты — Мончегорск — Кандалакшский,96563.89999999997,127.8,1.79,1.0668887345593427,93.7,119.7,городской округ Инта,227
Усинск,Республика Коми,100,12,Добывающий север с высокими зарплатами,Сургут — Нижневартовск — Норильск,138116.6999999999,182.9,1.25,1.0668887345593427,93.7,171.4,муниципальный округ Усинск,228
Ухта,Республика Коми,101,12,Добывающий север с высокими зарплатами,Сургут — Нижневартовск — Норильск,94997.89999999988,125.8,1.82,1.0668887345593427,93.7,117.9,городской округ Ухта,229
Ижемский,Республика Коми,102,9,Середнячки со скромными расходами,Апатиты — Мончегорск — Кандалакшский,71478.00000000004,94.6,2.42,1.0668887345593427,93.7,88.6,Ижемский муниципальный район,230
Княжпогостский,Республика Коми,103,9,Середнячки со скромными расходами,Апатиты — Мончегорск — Кандалакшский,83973.79999999996,111.2,2.06,1.0668887345593427,93.7,104.2,Княжпогостский муниципальный район,231
Койгородский,Республика Коми,104,9,Середнячки со скромными расходами,Апатиты — Мончегорск — Кандалакшский,66260.90000000004,87.7,2.61,1.0668887345593427,93.7,82.2,Койгородский муниципальный район,232
Корткеросский,Республика Коми,96,10,Стареющие с низкой инфляцией,Рославльский — Сухой Лог — Верхнесалдинский,59748.50000000013,79.1,2.9,1.0668887345593427,93.7,74.1,Корткеросский муниципальный район,233
Печора,Республика Коми,105,9,Середнячки со скромными расходами,Апатиты — Мончегорск — Кандалакшский,107335.99999999988,142.1,1.61,1.0668887345593427,93.7,133.1,муниципальный район Печора,234
Прилузский,Республика Коми,106,9,Середнячки со скромными расходами,Апатиты — Мончегорск — Кандалакшский,66032.30000000002,87.4,2.62,1.0668887345593427,93.7,81.9,Прилузский муниципальный район,235
Сосногорск,Республика Коми,101,9,Середнячки со скромными расходами,Апатиты — Мончегорск — Кандалакшский,89784.29999999994,118.9,1.93,1.0668887345593427,93.7,111.4,муниципальный район Сосногорск,236
Сыктывдинский,Республика Коми,96,9,Середнячки со скромными расходами,Апатиты — Мончегорск — Кандалакшский,69555.40000000005,92.1,2.49,1.0668887345593427,93.7,86.3,Сыктывдинский муниципальный район,237
Сысольский,Республика Коми,107,9,Середнячки со скромными расходами,Апатиты — Мончегорск — Кандалакшский,61634.89999999999,81.6,2.81,1.0668887345593427,93.7,76.5,Сысольский муниципальный район,238
Троицко-Печорский,Республика Коми,108,9,Середнячки со скромными расходами,Апатиты — Мончегорск — Кандалакшский,61461.89999999997,81.4,2.81,1.0668887345593427,93.7,76.3,Троицко-Печорский муниципальный район,239
Удорский,Республика Коми,109,9,Середнячки со скромными расходами,Апатиты — Мончегорск — Кандалакшский,63791.4,84.5,2.71,1.0668887345593427,93.7,79.2,Удорский муниципальный район,240
Усть-Вымский,Республика Коми,110,9,Середнячки со скромными расходами,Апатиты — Мончегорск — Кандалакшский,72808.30000000012,96.4,2.38,1.0668887345593427,93.7,90.3,Усть-Вымский муниципальный район,241
Усть-Куломский,Республика Коми,111,6,"Отрезанные, но высокооплачиваемые",Ишим — Кирово-Чепецк — Ашинский,61561.599999999984,81.5,2.81,1.0668887345593427,93.7,76.4,Усть-Куломский муниципальный район,242
Усть-Цилемский,Республика Коми,112,9,Середнячки со скромными расходами,Апатиты — Мончегорск — Кандалакшский,68239.69999999994,90.3,2.54,1.0668887345593427,93.7,84.6,Усть-Цилемский муниципальный район,243
Йошкар-Ола,Республика Марий Эл,113,4,Стареющие и изолированные,Екатеринбург — Пермский — Всеволожский,72240.80000000005,95.6,2.39,0.8851532052512221,113.0,108.0,городской округ город Йошкар-Ола,269
Волжск,Республика Марий Эл,114,1,Маркетплейс-провинция,Грязинский — Кинешма — Киреевский,72852.49999999994,96.5,2.37,0.8851532052512221,113.0,109.0,городской округ город Волжск,270
Козьмодемьянск,Республика Марий Эл,115,1,Маркетплейс-провинция,Грязинский — Кинешма — Киреевский,62177.50000000005,82.3,2.78,0.8851532052512221,113.0,93.0,городской округ город Козьмодемьянск,271
Волжский,Республика Марий Эл,114,7,Дальневосточная периферия,Омский — Азнакаевский — Нурлатский,50458.899999999965,66.8,3.43,0.8851532052512221,113.0,75.5,Волжский муниципальный район,272
Горномарийский,Республика Марий Эл,115,7,Дальневосточная периферия,Омский — Азнакаевский — Нурлатский,34906.09999999999,46.2,4.96,0.8851532052512221,113.0,52.2,Горномарийский муниципальный район,273
Звениговский,Республика Марий Эл,114,6,"Отрезанные, но высокооплачиваемые",Ишим — Кирово-Чепецк — Ашинский,61841.20000000001,81.9,2.8,0.8851532052512221,113.0,92.5,Звениговский муниципальный район,274
Килемарский,Республика Марий Эл,116,10,Стареющие с низкой инфляцией,Рославльский — Сухой Лог — Верхнесалдинский,44881.70000000001,59.4,3.85,0.8851532052512221,113.0,67.1,Килемарский муниципальный район,275
Куженерский,Республика Марий Эл,113,7,Дальневосточная периферия,Омский — Азнакаевский — Нурлатский,41317.4,54.7,4.19,0.8851532052512221,113.0,61.8,Куженерский муниципальный район,276
Мари-Турекский,Республика Марий Эл,113,7,Дальневосточная периферия,Омский — Азнакаевский — Нурлатский,39885.60000000004,52.8,4.34,0.8851532052512221,113.0,59.7,Мари-Турекский муниципальный район,277
Медведевский,Республика Марий Эл,113,2,Быстрый рост трат,Новосибирск — Казань — Нижний Новгород,57759.10000000004,76.5,3.0,0.8851532052512221,113.0,86.4,Медведевский муниципальный район,278
Моркинский,Республика Марий Эл,117,7,Дальневосточная периферия,Омский — Азнакаевский — Нурлатский,45105.30000000003,59.7,3.84,0.8851532052512221,113.0,67.5,Моркинский муниципальный район,279
Новоторъяльский,Республика Марий Эл,113,10,Стареющие с низкой инфляцией,Рославльский — Сухой Лог — Верхнесалдинский,42378.09999999996,56.1,4.08,0.8851532052512221,113.0,63.4,Новоторъяльский муниципальный район,280
Оршанский,Республика Марий Эл,113,10,Стареющие с низкой инфляцией,Рославльский — Сухой Лог — Верхнесалдинский,47456.69999999999,62.8,3.65,0.8851532052512221,113.0,71.0,Оршанский муниципальный район,281
Параньгинский,Республика Марий Эл,113,7,Дальневосточная периферия,Омский — Азнакаевский — Нурлатский,41324.60000000001,54.7,4.19,0.8851532052512221,113.0,61.8,Параньгинский муниципальный район,282
Сернурский,Республика Марий Эл,113,7,Дальневосточная периферия,Омский — Азнакаевский — Нурлатский,51576.700000000026,68.3,3.35,0.8851532052512221,113.0,77.2,Сернурский муниципальный район,283
Советский,Республика Марий Эл,113,10,Стареющие с низкой инфляцией,Рославльский — Сухой Лог — Верхнесалдинский,47480.39999999998,62.9,3.64,0.8851532052512221,113.0,71.1,Советский муниципальный район,284
Юринский,Республика Марий Эл,118,6,"Отрезанные, но высокооплачиваемые",Ишим — Кирово-Чепецк — Ашинский,45485.09999999996,60.2,3.8,0.8851532052512221,113.0,68.0,Юринский муниципальный район,285
Саранск,Республика Мордовия,119,3,Пригороды мегаполисов,Вольский — Боровичский — Рузаевский,59704.29999999997,79.0,2.9,0.855368516752448,116.9,92.4,городской округ Саранск,286
Ардатовский,Республика Мордовия,114,3,Пригороды мегаполисов,Вольский — Боровичский — Рузаевский,50305.39999999997,66.6,3.44,0.855368516752448,116.9,77.9,Ардатовский муниципальный район,287
Атюрьевский,Республика Мордовия,120,3,Пригороды мегаполисов,Вольский — Боровичский — Рузаевский,37086.29999999999,49.1,4.66,0.855368516752448,116.9,57.4,Атюрьевский муниципальный район,288
Атяшевский,Республика Мордовия,119,3,Пригороды мегаполисов,Вольский — Боровичский — Рузаевский,53073.30000000006,70.3,3.26,0.855368516752448,116.9,82.2,Атяшевский муниципальный район,289
Большеберезниковский,Республика Мордовия,119,7,Дальневосточная периферия,Омский — Азнакаевский — Нурлатский,43037.100000000006,57.0,4.02,0.855368516752448,116.9,66.6,Большеберезниковский муниципальный район,290
Большеигнатовский,Республика Мордовия,119,2,Быстрый рост трат,Новосибирск — Казань — Нижний Новгород,40699.29999999999,53.9,4.25,0.855368516752448,116.9,63.0,Большеигнатовский муниципальный район,291
Дубенский,Республика Мордовия,119,3,Пригороды мегаполисов,Вольский — Боровичский — Рузаевский,51253.2,67.9,3.38,0.855368516752448,116.9,79.4,Дубенский муниципальный район,292
Ельниковский,Республика Мордовия,120,3,Пригороды мегаполисов,Вольский — Боровичский — Рузаевский,45660.99999999997,60.5,3.79,0.855368516752448,116.9,70.7,Ельниковский муниципальный район,293
Зубово-Полянский,Республика Мордовия,120,3,Пригороды мегаполисов,Вольский — Боровичский — Рузаевский,40550.300000000025,53.7,4.27,0.855368516752448,116.9,62.8,Зубово-Полянский муниципальный район,294
Инсарский,Республика Мордовия,121,1,Маркетплейс-провинция,Грязинский — Кинешма — Киреевский,52361.300000000105,69.3,3.3,0.855368516752448,116.9,81.0,Инсарский муниципальный район,295
Ичалковский,Республика Мордовия,119,3,Пригороды мегаполисов,Вольский — Боровичский — Рузаевский,51547.60000000003,68.2,3.36,0.855368516752448,116.9,79.7,Ичалковский муниципальный район,296
Кадошкинский,Республика Мордовия,121,3,Пригороды мегаполисов,Вольский — Боровичский — Рузаевский,47389.60000000004,62.7,3.65,0.855368516752448,116.9,73.3,Кадошкинский муниципальный район,297
Ковылкинский,Республика Мордовия,121,3,Пригороды мегаполисов,Вольский — Боровичский — Рузаевский,49393.29999999995,65.4,3.5,0.855368516752448,116.9,76.5,Ковылкинский муниципальный район,298
Краснослободский,Республика Мордовия,120,3,Пригороды мегаполисов,Вольский — Боровичский — Рузаевский,46337.10000000003,61.3,3.73,0.855368516752448,116.9,71.7,Краснослободский муниципальный район,300
Лямбирский,Республика Мордовия,119,2,Быстрый рост трат,Новосибирск — Казань — Нижний Новгород,66626.10000000011,88.2,2.6,0.855368516752448,116.9,103.1,Лямбирский муниципальный район,301
Ромодановский,Республика Мордовия,119,3,Пригороды мегаполисов,Вольский — Боровичский — Рузаевский,54295.6,71.9,3.19,0.855368516752448,116.9,84.1,Ромодановский муниципальный район,302
Рузаевский,Республика Мордовия,119,1,Маркетплейс-провинция,Грязинский — Кинешма — Киреевский,68748.40000000001,91.0,2.52,0.855368516752448,116.9,106.4,Рузаевский муниципальный район,303
Старошайговский,Республика Мордовия,122,3,Пригороды мегаполисов,Вольский — Боровичский — Рузаевский,45192.19999999995,59.8,3.83,0.855368516752448,116.9,69.9,Старошайговский муниципальный район,304
Темниковский,Республика Мордовия,120,3,Пригороды мегаполисов,Вольский — Боровичский — Рузаевский,43557.80000000002,57.7,3.97,0.855368516752448,116.9,67.5,Темниковский муниципальный район,305
Теньгушевский,Республика Мордовия,123,3,Пригороды мегаполисов,Вольский — Боровичский — Рузаевский,43659.50000000002,57.8,3.96,0.855368516752448,116.9,67.6,Теньгушевский муниципальный район,306
Торбеевский,Республика Мордовия,120,1,Маркетплейс-провинция,Грязинский — Кинешма — Киреевский,53695.59999999998,71.1,3.22,0.855368516752448,116.9,83.1,Торбеевский муниципальный район,307
Чамзинский,Республика Мордовия,119,1,Маркетплейс-провинция,Грязинский — Кинешма — Киреевский,68736.90000000002,91.0,2.52,0.855368516752448,116.9,106.4,Чамзинский муниципальный район,308
Якутск,Республика Саха (Якутия),124,8,"Низкие зарплаты, дешёвые цены",Красноярск — Владивостокский — Хабаровск,121249.1000000001,160.5,1.43,1.2686432095669844,78.8,126.5,городской округ город Якутск,309
Абыйский,Республика Саха (Якутия),125,8,"Низкие зарплаты, дешёвые цены",Красноярск — Владивостокский — Хабаровск,110217.59999999998,145.9,1.57,1.2686432095669844,78.8,115.0,Абыйский муниципальный район,311
Алданский,Республика Саха (Якутия),126,8,"Низкие зарплаты, дешёвые цены",Красноярск — Владивостокский — Хабаровск,139656.8,184.9,1.24,1.2686432095669844,78.8,145.7,Алданский муниципальный район,312
Аллаиховский,Республика Саха (Якутия),127,8,"Низкие зарплаты, дешёвые цены",Красноярск — Владивостокский — Хабаровск,123718.00000000004,163.8,1.4,1.2686432095669844,78.8,129.1,Аллаиховский муниципальный район,313
Амгинский,Республика Саха (Якутия),128,8,"Низкие зарплаты, дешёвые цены",Красноярск — Владивостокский — Хабаровск,82805.09999999992,109.6,2.09,1.2686432095669844,78.8,86.4,Амгинский муниципальный район,314
Анабарский,Республика Саха (Якутия),129,8,"Низкие зарплаты, дешёвые цены",Красноярск — Владивостокский — Хабаровск,185480.39999999985,245.6,0.93,1.2686432095669844,78.8,193.5,Анабарский национальный (долгано-эвенкийский) муниципальный район,315
Булунский,Республика Саха (Якутия),130,8,"Низкие зарплаты, дешёвые цены",Красноярск — Владивостокский — Хабаровск,146103.60000000003,193.4,1.18,1.2686432095669844,78.8,152.4,Булунский муниципальный район,316
Верхневилюйский,Республика Саха (Якутия),131,8,"Низкие зарплаты, дешёвые цены",Красноярск — Владивостокский — Хабаровск,85335.09999999992,113.0,2.03,1.2686432095669844,78.8,89.0,Верхневилюйский муниципальный район,317
Верхнеколымский,Республика Саха (Якутия),132,8,"Низкие зарплаты, дешёвые цены",Красноярск — Владивостокский — Хабаровск,119812.60000000006,158.6,1.44,1.2686432095669844,78.8,125.0,Верхнеколымский муниципальный район,318
Верхоянский,Республика Саха (Якутия),133,8,"Низкие зарплаты, дешёвые цены",Красноярск — Владивостокский — Хабаровск,125194.49999999996,165.8,1.38,1.2686432095669844,78.8,130.7,Верхоянский муниципальный район,319
Вилюйский,Республика Саха (Якутия),134,8,"Низкие зарплаты, дешёвые цены",Красноярск — Владивостокский — Хабаровск,95056.89999999988,125.9,1.82,1.2686432095669844,78.8,99.2,Вилюйский муниципальный район,320
Горный,Республика Саха (Якутия),135,8,"Низкие зарплаты, дешёвые цены",Красноярск — Владивостокский — Хабаровск,85549.4,113.3,2.02,1.2686432095669844,78.8,89.3,Горный муниципальный район,321
Жиганский,Республика Саха (Якутия),136,8,"Низкие зарплаты, дешёвые цены",Красноярск — Владивостокский — Хабаровск,93988.00000000006,124.4,1.84,1.2686432095669844,78.8,98.0,Жиганский муниципальный район,322
Кобяйский,Республика Саха (Якутия),137,8,"Низкие зарплаты, дешёвые цены",Красноярск — Владивостокский — Хабаровск,99222.20000000022,131.4,1.74,1.2686432095669844,78.8,103.5,Кобяйский муниципальный район,323
Нюрбинский,Республика Саха (Якутия),138,8,"Низкие зарплаты, дешёвые цены",Красноярск — Владивостокский — Хабаровск,118883.90000000008,157.4,1.46,1.2686432095669844,78.8,124.0,Нюрбинский муниципальный район,324
Ленский,Республика Саха (Якутия),139,8,"Низкие зарплаты, дешёвые цены",Красноярск — Владивостокский — Хабаровск,150610.10000000003,199.4,1.15,1.2686432095669844,78.8,157.1,Ленский муниципальный район,325
Мегино-Кангаласский,Республика Саха (Якутия),124,8,"Низкие зарплаты, дешёвые цены",Красноярск — Владивостокский — Хабаровск,88872.6,117.7,1.95,1.2686432095669844,78.8,92.7,Мегино-Кангаласский муниципальный район,326
Мирнинский,Республика Саха (Якутия),140,12,Добывающий север с высокими зарплатами,Сургут — Нижневартовск — Норильск,167695.1999999996,222.0,1.03,1.2686432095669844,78.8,174.9,Мирнинский муниципальный район,327
Момский,Республика Саха (Якутия),141,8,"Низкие зарплаты, дешёвые цены",Красноярск — Владивостокский — Хабаровск,100951.00000000022,133.7,1.71,1.2686432095669844,78.8,105.4,Момский муниципальный район,328
Намский,Республика Саха (Якутия),142,8,"Низкие зарплаты, дешёвые цены",Красноярск — Владивостокский — Хабаровск,84208.59999999996,111.5,2.05,1.2686432095669844,78.8,87.9,Намский муниципальный район,329
Нерюнгринский,Республика Саха (Якутия),143,8,"Низкие зарплаты, дешёвые цены",Красноярск — Владивостокский — Хабаровск,161347.50000000006,213.6,1.07,1.2686432095669844,78.8,168.3,Нерюнгринский муниципальный район,330
Нижнеколымский,Республика Саха (Якутия),144,8,"Низкие зарплаты, дешёвые цены",Красноярск — Владивостокский — Хабаровск,121451.50000000012,160.8,1.42,1.2686432095669844,78.8,126.7,Нижнеколымский муниципальный район,331
Оймяконский,Республика Саха (Якутия),145,8,"Низкие зарплаты, дешёвые цены",Красноярск — Владивостокский — Хабаровск,193572.19999999992,256.3,0.89,1.2686432095669844,78.8,202.0,Оймяконский муниципальный район,332
Олекминский,Республика Саха (Якутия),146,8,"Низкие зарплаты, дешёвые цены",Красноярск — Владивостокский — Хабаровск,136467.79999999993,180.7,1.27,1.2686432095669844,78.8,142.4,Олекминский муниципальный район,333
Оленекский,Республика Саха (Якутия),147,8,"Низкие зарплаты, дешёвые цены",Красноярск — Владивостокский — Хабаровск,163066.5999999996,215.9,1.06,1.2686432095669844,78.8,170.1,Оленекский эвенкийский национальный муниципальный район,334
Среднеколымский,Республика Саха (Якутия),148,8,"Низкие зарплаты, дешёвые цены",Красноярск — Владивостокский — Хабаровск,95283.89999999994,126.2,1.82,1.2686432095669844,78.8,99.4,Среднеколымский муниципальный район,335
Сунтарский,Республика Саха (Якутия),149,8,"Низкие зарплаты, дешёвые цены",Красноярск — Владивостокский — Хабаровск,83598.39999999994,110.7,2.07,1.2686432095669844,78.8,87.2,Сунтарский муниципальный район,336
Таттинский,Республика Саха (Якутия),150,8,"Низкие зарплаты, дешёвые цены",Красноярск — Владивостокский — Хабаровск,87074.49999999991,115.3,1.99,1.2686432095669844,78.8,90.9,Таттинский муниципальный район,337
Томпонский,Республика Саха (Якутия),151,8,"Низкие зарплаты, дешёвые цены",Красноярск — Владивостокский — Хабаровск,130182.49999999988,172.4,1.33,1.2686432095669844,78.8,135.9,Томпонский муниципальный район,338
Усть-Алданский,Республика Саха (Якутия),152,8,"Низкие зарплаты, дешёвые цены",Красноярск — Владивостокский — Хабаровск,82703.30000000002,109.5,2.09,1.2686432095669844,78.8,86.3,Усть-Алданский муниципальный район,339
Усть-Майский,Республика Саха (Якутия),153,8,"Низкие зарплаты, дешёвые цены",Красноярск — Владивостокский — Хабаровск,137079.99999999997,181.5,1.26,1.2686432095669844,78.8,143.0,Усть-Майский муниципальный район,340
Усть-Янский,Республика Саха (Якутия),154,8,"Низкие зарплаты, дешёвые цены",Красноярск — Владивостокский — Хабаровск,126513.29999999992,167.5,1.37,1.2686432095669844,78.8,132.0,Усть-Янский муниципальный район,341
Хангаласский,Республика Саха (Якутия),155,8,"Низкие зарплаты, дешёвые цены",Красноярск — Владивостокский — Хабаровск,87875.39999999998,116.3,1.97,1.2686432095669844,78.8,91.6,Хангаласский муниципальный район,342
Чурапчинский,Республика Саха (Якутия),156,8,"Низкие зарплаты, дешёвые цены",Красноярск — Владивостокский — Хабаровск,81064.19999999995,107.3,2.13,1.2686432095669844,78.8,84.6,Чурапчинский муниципальный район,343
Эвено-Бытантайский,Республика Саха (Якутия),157,8,"Низкие зарплаты, дешёвые цены",Красноярск — Владивостокский — Хабаровск,87366.09999999996,115.7,1.98,1.2686432095669844,78.8,91.2,Эвено-Бытантайский национальный муниципальный район,344
Владикавказ,Республика Северная Осетия — Алания,70,0,Северный Кавказ,Махачкала — Саранск — Владикавказ,52729.30000000011,69.8,3.28,0.8705879251909151,114.9,80.2,городской округ город Владикавказ,345
Алагирский,Республика Северная Осетия — Алания,70,0,Северный Кавказ,Махачкала — Саранск — Владикавказ,37932.2,50.2,4.56,0.8705879251909151,114.9,57.7,Алагирский муниципальный район,346
Ардонский,Республика Северная Осетия — Алания,70,0,Северный Кавказ,Махачкала — Саранск — Владикавказ,43124.79999999999,57.1,4.01,0.8705879251909151,114.9,65.6,Ардонский муниципальный район,347
Дигорский,Республика Северная Осетия — Алания,70,0,Северный Кавказ,Махачкала — Саранск — Владикавказ,36657.99999999999,48.5,4.72,0.8705879251909151,114.9,55.7,Дигорский муниципальный район,348
Ирафский,Республика Северная Осетия — Алания,70,0,Северный Кавказ,Махачкала — Саранск — Владикавказ,39217.60000000001,51.9,4.41,0.8705879251909151,114.9,59.6,Ирафский муниципальный район,349
Моздокский,Республика Северная Осетия — Алания,158,0,Северный Кавказ,Махачкала — Саранск — Владикавказ,53656.69999999998,71.0,3.22,0.8705879251909151,114.9,81.6,Моздокский муниципальный район,351
Правобережный,Республика Северная Осетия — Алания,70,0,Северный Кавказ,Махачкала — Саранск — Владикавказ,43131.10000000001,57.1,4.01,0.8705879251909151,114.9,65.6,Правобережный муниципальный район,352
Пригородный,Республика Северная Осетия — Алания,70,0,Северный Кавказ,Махачкала — Саранск — Владикавказ,48163.600000000006,63.8,3.59,0.8705879251909151,114.9,73.3,Пригородный муниципальный район,353
Казань,Республика Татарстан,114,13,"Растущие траты, ускоряющиеся цены",Калининград — Сосновоборский — Кольцово,94672.69999999992,125.3,1.83,0.8725325811893873,114.6,143.6,городской округ город Казань,354
Набережные Челны,Республика Татарстан,159,13,"Растущие траты, ускоряющиеся цены",Калининград — Сосновоборский — Кольцово,87755.30000000016,116.2,1.97,0.8725325811893873,114.6,133.2,городской округ город Набережные Челны,355
Агрызский,Республика Татарстан,14,7,Дальневосточная периферия,Омский — Азнакаевский — Нурлатский,66228.70000000003,87.7,2.61,0.8725325811893873,114.6,100.5,Агрызский муниципальный район,356
Азнакаевский,Республика Татарстан,16,7,Дальневосточная периферия,Омский — Азнакаевский — Нурлатский,74115.10000000005,98.1,2.33,0.8725325811893873,114.6,112.4,Азнакаевский муниципальный район,357
Аксубаевский,Республика Татарстан,160,7,Дальневосточная периферия,Омский — Азнакаевский — Нурлатский,56984.49999999999,75.4,3.04,0.8725325811893873,114.6,86.4,Аксубаевский муниципальный район,358
Актанышский,Республика Татарстан,161,7,Дальневосточная периферия,Омский — Азнакаевский — Нурлатский,62934.90000000003,83.3,2.75,0.8725325811893873,114.6,95.5,Актанышский муниципальный район,359
Алексеевский,Республика Татарстан,162,10,Стареющие с низкой инфляцией,Рославльский — Сухой Лог — Верхнесалдинский,78554.50000000001,104.0,2.2,0.8725325811893873,114.6,119.2,Алексеевский муниципальный район,360
Алькеевский,Республика Татарстан,163,7,Дальневосточная периферия,Омский — Азнакаевский — Нурлатский,57182.10000000002,75.7,3.03,0.8725325811893873,114.6,86.8,Алькеевский муниципальный район,361
Альметьевский,Республика Татарстан,16,13,"Растущие траты, ускоряющиеся цены",Калининград — Сосновоборский — Кольцово,97188.99999999996,128.7,1.78,0.8725325811893873,114.6,147.5,Альметьевский муниципальный район,362
Апастовский,Республика Татарстан,114,7,Дальневосточная периферия,Омский — Азнакаевский — Нурлатский,54835.70000000009,72.6,3.15,0.8725325811893873,114.6,83.2,Апастовский муниципальный район,363
Арский,Республика Татарстан,114,7,Дальневосточная периферия,Омский — Азнакаевский — Нурлатский,53071.20000000013,70.3,3.26,0.8725325811893873,114.6,80.6,Арский муниципальный район,364
Атнинский,Республика Татарстан,114,7,Дальневосточная периферия,Омский — Азнакаевский — Нурлатский,53607.89999999998,71.0,3.23,0.8725325811893873,114.6,81.4,Атнинский муниципальный район,365
Бавлинский,Республика Татарстан,16,7,Дальневосточная периферия,Омский — Азнакаевский — Нурлатский,72233.99999999985,95.6,2.39,0.8725325811893873,114.6,109.6,Бавлинский муниципальный район,366
Балтасинский,Республика Татарстан,114,7,Дальневосточная периферия,Омский — Азнакаевский — Нурлатский,57117.000000000095,75.6,3.03,0.8725325811893873,114.6,86.6,Балтасинский муниципальный район,367
Бугульминский,Республика Татарстан,16,2,Быстрый рост трат,Новосибирск — Казань — Нижний Новгород,72273.29999999994,95.7,2.39,0.8725325811893873,114.6,109.7,Бугульминский муниципальный район,368
Буинский,Республика Татарстан,114,7,Дальневосточная периферия,Омский — Азнакаевский — Нурлатский,54996.20000000009,72.8,3.15,0.8725325811893873,114.6,83.4,Буинский муниципальный район,369
Верхнеуслонский,Республика Татарстан,164,12,Добывающий север с высокими зарплатами,Сургут — Нижневартовск — Норильск,182259.8000000001,241.3,0.95,0.8725325811893873,114.6,276.5,Верхнеуслонский муниципальный район,370
Высокогорский,Республика Татарстан,114,4,Стареющие и изолированные,Екатеринбург — Пермский — Всеволожский,73992.39999999997,98.0,2.34,0.8725325811893873,114.6,112.3,Высокогорский муниципальный район,371
Дрожжановский,Республика Татарстан,114,7,Дальневосточная периферия,Омский — Азнакаевский — Нурлатский,49846.79999999996,66.0,3.47,0.8725325811893873,114.6,75.6,Дрожжановский муниципальный район,372
Елабужский,Республика Татарстан,159,4,Стареющие и изолированные,Екатеринбург — Пермский — Всеволожский,126084.3000000002,166.9,1.37,0.8725325811893873,114.6,191.3,Елабужский муниципальный район,373
Заинский,Республика Татарстан,16,2,Быстрый рост трат,Новосибирск — Казань — Нижний Новгород,69419.40000000004,91.9,2.49,0.8725325811893873,114.6,105.3,Заинский муниципальный район,374
Зеленодольский,Республика Татарстан,114,4,Стареющие и изолированные,Екатеринбург — Пермский — Всеволожский,65225.10000000003,86.4,2.65,0.8725325811893873,114.6,99.0,Зеленодольский муниципальный район,375
Кайбицкий,Республика Татарстан,114,7,Дальневосточная периферия,Омский — Азнакаевский — Нурлатский,59305.70000000013,78.5,2.92,0.8725325811893873,114.6,90.0,Кайбицкий муниципальный район,376
Камско-Устьинский,Республика Татарстан,114,10,Стареющие с низкой инфляцией,Рославльский — Сухой Лог — Верхнесалдинский,56603.19999999999,74.9,3.06,0.8725325811893873,114.6,85.8,Камско-Устьинский муниципальный район,377
Кукморский,Республика Татарстан,159,7,Дальневосточная периферия,Омский — Азнакаевский — Нурлатский,55589.50000000004,73.6,3.11,0.8725325811893873,114.6,84.3,Кукморский муниципальный район,378
Лаишевский,Республика Татарстан,162,4,Стареющие и изолированные,Екатеринбург — Пермский — Всеволожский,103579.80000000008,137.1,1.67,0.8725325811893873,114.6,157.1,Лаишевский муниципальный район,379
Лениногорский,Республика Татарстан,16,2,Быстрый рост трат,Новосибирск — Казань — Нижний Новгород,74421.69999999997,98.5,2.32,0.8725325811893873,114.6,112.9,Лениногорский муниципальный район,380
Мамадышский,Республика Татарстан,165,7,Дальневосточная периферия,Омский — Азнакаевский — Нурлатский,65096.30000000005,86.2,2.66,0.8725325811893873,114.6,98.8,Мамадышский муниципальный район,381
Менделеевский,Республика Татарстан,159,7,Дальневосточная периферия,Омский — Азнакаевский — Нурлатский,86032.79999999999,113.9,2.01,0.8725325811893873,114.6,130.5,Менделеевский муниципальный район,382
Мензелинский,Республика Татарстан,166,7,Дальневосточная периферия,Омский — Азнакаевский — Нурлатский,57040.09999999998,75.5,3.03,0.8725325811893873,114.6,86.5,Мензелинский муниципальный район,383
Муслюмовский,Республика Татарстан,167,7,Дальневосточная периферия,Омский — Азнакаевский — Нурлатский,58339.19999999995,77.2,2.97,0.8725325811893873,114.6,88.5,Муслюмовский муниципальный район,384
Нижнекамский,Республика Татарстан,159,4,Стареющие и изолированные,Екатеринбург — Пермский — Всеволожский,98467.59999999996,130.4,1.76,0.8725325811893873,114.6,149.4,Нижнекамский муниципальный район,385
Новошешминский,Республика Татарстан,168,7,Дальневосточная периферия,Омский — Азнакаевский — Нурлатский,93598.89999999997,123.9,1.85,0.8725325811893873,114.6,142.0,Новошешминский муниципальный район,386
Нурлатский,Республика Татарстан,169,7,Дальневосточная периферия,Омский — Азнакаевский — Нурлатский,69712.60000000006,92.3,2.48,0.8725325811893873,114.6,105.8,Нурлатский муниципальный район,387
Пестречинский,Республика Татарстан,114,4,Стареющие и изолированные,Екатеринбург — Пермский — Всеволожский,65735.29999999994,87.0,2.63,0.8725325811893873,114.6,99.7,Пестречинский муниципальный район,388
Рыбно-Слободский,Республика Татарстан,162,3,Пригороды мегаполисов,Вольский — Боровичский — Рузаевский,48648.0,64.4,3.56,0.8725325811893873,114.6,73.8,Рыбно-Слободский муниципальный район,389
Сабинский,Республика Татарстан,114,7,Дальневосточная периферия,Омский — Азнакаевский — Нурлатский,61804.90000000016,81.8,2.8,0.8725325811893873,114.6,93.7,Сабинский муниципальный район,390
Сармановский,Республика Татарстан,16,7,Дальневосточная периферия,Омский — Азнакаевский — Нурлатский,65866.40000000002,87.2,2.63,0.8725325811893873,114.6,99.9,Сармановский муниципальный район,391
Спасский,Республика Татарстан,170,1,Маркетплейс-провинция,Грязинский — Кинешма — Киреевский,55706.60000000004,73.8,3.11,0.8725325811893873,114.6,84.6,Спасский муниципальный район,392
Тетюшский,Республика Татарстан,114,3,Пригороды мегаполисов,Вольский — Боровичский — Рузаевский,51809.59999999995,68.6,3.34,0.8725325811893873,114.6,78.6,Тетюшский муниципальный район,393
Тюлячинский,Республика Татарстан,114,7,Дальневосточная периферия,Омский — Азнакаевский — Нурлатский,55637.399999999965,73.7,3.11,0.8725325811893873,114.6,84.5,Тюлячинский муниципальный район,395
Черемшанский,Республика Татарстан,169,7,Дальневосточная периферия,Омский — Азнакаевский — Нурлатский,65973.99999999991,87.3,2.62,0.8725325811893873,114.6,100.0,Черемшанский муниципальный район,396
Чистопольский,Республика Татарстан,162,2,Быстрый рост трат,Новосибирск — Казань — Нижний Новгород,64210.4,85.0,2.69,0.8725325811893873,114.6,97.4,Чистопольский муниципальный район,397
Ютазинский,Республика Татарстан,16,10,Стареющие с низкой инфляцией,Рославльский — Сухой Лог — Верхнесалдинский,59884.90000000004,79.3,2.89,0.8725325811893873,114.6,90.9,Ютазинский муниципальный район,398
Бай-Тайгинский,Республика Тыва,171,5,Дёшевые и скромные,Минусинск — Тайшетский — Саяногорск,46623.000000000015,61.7,3.71,0.9243550084549058,108.2,66.8,Бай-Тайгинский муниципальный район,401
Барун-Хемчикский,Республика Тыва,171,5,Дёшевые и скромные,Минусинск — Тайшетский — Саяногорск,48513.69999999997,64.2,3.57,0.9243550084549058,108.2,69.5,Барун-Хемчикский муниципальный район,402
Дзун-Хемчикский,Республика Тыва,172,5,Дёшевые и скромные,Минусинск — Тайшетский — Саяногорск,51531.3,68.2,3.36,0.9243550084549058,108.2,73.8,Дзун-Хемчикский муниципальный район,403
Каа-Хемский,Республика Тыва,173,5,Дёшевые и скромные,Минусинск — Тайшетский — Саяногорск,59905.00000000005,79.3,2.89,0.9243550084549058,108.2,85.8,Каа-Хемский муниципальный район,404
Кызылский,Республика Тыва,174,2,Быстрый рост трат,Новосибирск — Казань — Нижний Новгород,61583.40000000015,81.5,2.81,0.9243550084549058,108.2,88.2,Кызылский муниципальный район,405
Пий-Хемский,Республика Тыва,175,5,Дёшевые и скромные,Минусинск — Тайшетский — Саяногорск,62886.79999999996,83.3,2.75,0.9243550084549058,108.2,90.1,Пий-Хемский муниципальный район,408
Сут-Хольский,Республика Тыва,172,5,Дёшевые и скромные,Минусинск — Тайшетский — Саяногорск,46724.79999999997,61.9,3.7,0.9243550084549058,108.2,67.0,Сут-Хольский муниципальный район,409
Тандинский,Республика Тыва,176,2,Быстрый рост трат,Новосибирск — Казань — Нижний Новгород,55744.80000000002,73.8,3.1,0.9243550084549058,108.2,79.9,Тандинский муниципальный район,410
Тоджинский,Республика Тыва,177,5,Дёшевые и скромные,Минусинск — Тайшетский — Саяногорск,96701.19999999992,128.0,1.79,0.9243550084549058,108.2,138.5,Тоджинский муниципальный район,413
Улуг-Хемский,Республика Тыва,178,5,Дёшевые и скромные,Минусинск — Тайшетский — Саяногорск,52073.1,68.9,3.32,0.9243550084549058,108.2,74.5,Улуг-Хемский муниципальный район,414
Чеди-Хольский,Республика Тыва,179,2,Быстрый рост трат,Новосибирск — Казань — Нижний Новгород,51951.60000000001,68.8,3.33,0.9243550084549058,108.2,74.4,Чеди-Хольский муниципальный район,416
Ижевск,Удмуртская Республика,14,4,Стареющие и изолированные,Екатеринбург — Пермский — Всеволожский,79451.39999999998,105.2,2.18,0.9060109385029697,110.4,116.1,городской округ город Ижевск,418
Воткинск,Удмуртская Республика,180,2,Быстрый рост трат,Новосибирск — Казань — Нижний Новгород,76115.39999999982,100.8,2.27,0.9060109385029697,110.4,111.3,городской округ город Воткинск,419
Глазов,Удмуртская Республика,180,2,Быстрый рост трат,Новосибирск — Казань — Нижний Новгород,64938.70000000001,86.0,2.66,0.9060109385029697,110.4,94.9,городской округ город Глазов,420
Можга,Удмуртская Республика,159,2,Быстрый рост трат,Новосибирск — Казань — Нижний Новгород,54035.1,71.5,3.2,0.9060109385029697,110.4,78.9,городской округ город Можга,421
Сарапул,Удмуртская Республика,14,2,Быстрый рост трат,Новосибирск — Казань — Нижний Новгород,73016.39999999995,96.7,2.37,0.9060109385029697,110.4,106.8,городской округ город Сарапул,422
Алнашский,Удмуртская Республика,159,7,Дальневосточная периферия,Омский — Азнакаевский — Нурлатский,46374.000000000015,61.4,3.73,0.9060109385029697,110.4,67.8,муниципальный округ Алнашский район,423
Балезинский,Удмуртская Республика,180,6,"Отрезанные, но высокооплачиваемые",Ишим — Кирово-Чепецк — Ашинский,49049.49999999994,64.9,3.53,0.9060109385029697,110.4,71.6,муниципальный округ Балезинский район,424
Вавожский,Удмуртская Республика,159,6,"Отрезанные, но высокооплачиваемые",Ишим — Кирово-Чепецк — Ашинский,57916.2,76.7,2.99,0.9060109385029697,110.4,84.7,муниципальный округ Вавожский район,425
Воткинский,Удмуртская Республика,180,7,Дальневосточная периферия,Омский — Азнакаевский — Нурлатский,72380.39999999998,95.8,2.39,0.9060109385029697,110.4,105.8,муниципальный округ Воткинский район,426
Граховский,Удмуртская Республика,159,6,"Отрезанные, но высокооплачиваемые",Ишим — Кирово-Чепецк — Ашинский,47943.00000000004,63.5,3.61,0.9060109385029697,110.4,70.1,муниципальный округ Граховский район,428
Дебёсский,Удмуртская Республика,180,6,"Отрезанные, но высокооплачиваемые",Ишим — Кирово-Чепецк — Ашинский,51971.30000000005,68.8,3.33,0.9060109385029697,110.4,76.0,муниципальный округ Дебёсский район,429
Завьяловский,Удмуртская Республика,14,4,Стареющие и изолированные,Екатеринбург — Пермский — Всеволожский,60377.89999999996,79.9,2.87,0.9060109385029697,110.4,88.2,муниципальный округ Завьяловский район,430
Игринский,Удмуртская Республика,180,6,"Отрезанные, но высокооплачиваемые",Ишим — Кирово-Чепецк — Ашинский,58555.49999999999,77.5,2.95,0.9060109385029697,110.4,85.6,муниципальный округ Игринский район,431
Камбарский,Удмуртская Республика,14,6,"Отрезанные, но высокооплачиваемые",Ишим — Кирово-Чепецк — Ашинский,54584.09999999989,72.3,3.17,0.9060109385029697,110.4,79.8,муниципальный округ Камбарский район,432
Каракулинский,Удмуртская Республика,181,7,Дальневосточная периферия,Омский — Азнакаевский — Нурлатский,60435.79999999998,80.0,2.86,0.9060109385029697,110.4,88.3,муниципальный округ Каракулинский район,433
Кезский,Удмуртская Республика,180,6,"Отрезанные, но высокооплачиваемые",Ишим — Кирово-Чепецк — Ашинский,49007.99999999998,64.9,3.53,0.9060109385029697,110.4,71.6,муниципальный округ Кезский район,434
Кизнерский,Удмуртская Республика,159,7,Дальневосточная периферия,Омский — Азнакаевский — Нурлатский,49308.20000000002,65.3,3.51,0.9060109385029697,110.4,72.1,муниципальный округ Кизнерский район,435
Киясовский,Удмуртская Республика,14,6,"Отрезанные, но высокооплачиваемые",Ишим — Кирово-Чепецк — Ашинский,48497.20000000003,64.2,3.57,0.9060109385029697,110.4,70.9,муниципальный округ Киясовский район,436
Красногорский,Удмуртская Республика,180,6,"Отрезанные, но высокооплачиваемые",Ишим — Кирово-Чепецк — Ашинский,48409.20000000001,64.1,3.57,0.9060109385029697,110.4,70.8,муниципальный округ Красногорский район,437
Малопургинский,Удмуртская Республика,14,6,"Отрезанные, но высокооплачиваемые",Ишим — Кирово-Чепецк — Ашинский,51464.00000000005,68.1,3.36,0.9060109385029697,110.4,75.2,муниципальный округ Малопургинский район,438
Сарапульский,Удмуртская Республика,14,2,Быстрый рост трат,Новосибирск — Казань — Нижний Новгород,60522.90000000001,80.1,2.86,0.9060109385029697,110.4,88.4,муниципальный округ Сарапульский район,440
Селтинский,Удмуртская Республика,159,6,"Отрезанные, но высокооплачиваемые",Ишим — Кирово-Чепецк — Ашинский,48548.800000000025,64.3,3.56,0.9060109385029697,110.4,71.0,муниципальный округ Селтинский район,441
Сюмсинский,Удмуртская Республика,159,6,"Отрезанные, но высокооплачиваемые",Ишим — Кирово-Чепецк — Ашинский,52140.09999999998,69.0,3.32,0.9060109385029697,110.4,76.2,муниципальный округ Сюмсинский район,442
Увинский,Удмуртская Республика,159,2,Быстрый рост трат,Новосибирск — Казань — Нижний Новгород,63935.500000000015,84.6,2.71,0.9060109385029697,110.4,93.4,муниципальный округ Увинский район,443
Шарканский,Удмуртская Республика,180,7,Дальневосточная периферия,Омский — Азнакаевский — Нурлатский,50340.80000000003,66.6,3.44,0.9060109385029697,110.4,73.5,муниципальный округ Шарканский район,444
Юкаменский,Удмуртская Республика,180,6,"Отрезанные, но высокооплачиваемые",Ишим — Кирово-Чепецк — Ашинский,42610.59999999991,56.4,4.06,0.9060109385029697,110.4,62.3,муниципальный округ Юкаменский район,445
Якшур-Бодьинский,Удмуртская Республика,14,6,"Отрезанные, но высокооплачиваемые",Ишим — Кирово-Чепецк — Ашинский,62204.199999999946,82.4,2.78,0.9060109385029697,110.4,91.0,муниципальный округ Якшур-Бодьинский район,446
Ярский,Удмуртская Республика,180,6,"Отрезанные, но высокооплачиваемые",Ишим — Кирово-Чепецк — Ашинский,50798.60000000004,67.3,3.41,0.9060109385029697,110.4,74.3,муниципальный округ Ярский район,447
Абакан,Республика Хакасия,182,2,Быстрый рост трат,Новосибирск — Казань — Нижний Новгород,79021.99999999994,104.6,2.19,0.998443568072804,100.2,104.8,городской округ город Абакан,448
Абаза,Республика Хакасия,183,5,Дёшевые и скромные,Минусинск — Тайшетский — Саяногорск,60495.39999999997,80.1,2.86,0.998443568072804,100.2,80.3,городской округ город Абаза,449
Саяногорск,Республика Хакасия,184,9,Середнячки со скромными расходами,Апатиты — Мончегорск — Кандалакшский,91089.20000000006,120.6,1.9,0.998443568072804,100.2,120.8,городской округ город Саяногорск,450
Сорск,Республика Хакасия,185,1,Маркетплейс-провинция,Грязинский — Кинешма — Киреевский,74830.80000000005,99.1,2.31,0.998443568072804,100.2,99.3,городской округ город Сорск,451
Черногорск,Республика Хакасия,182,2,Быстрый рост трат,Новосибирск — Казань — Нижний Новгород,71890.60000000012,95.2,2.41,0.998443568072804,100.2,95.4,городской округ город Черногорск,452
Алтайский,Республика Хакасия,182,5,Дёшевые и скромные,Минусинск — Тайшетский — Саяногорск,76908.09999999998,101.8,2.25,0.998443568072804,100.2,102.0,Алтайский муниципальный район,453
Бейский,Республика Хакасия,184,5,Дёшевые и скромные,Минусинск — Тайшетский — Саяногорск,62690.39999999999,83.0,2.76,0.998443568072804,100.2,83.2,Бейский муниципальный район,455
Боградский,Республика Хакасия,186,6,"Отрезанные, но высокооплачиваемые",Ишим — Кирово-Чепецк — Ашинский,48923.899999999965,64.8,3.54,0.998443568072804,100.2,64.9,Боградский муниципальный район,456
Орджоникидзевский,Республика Хакасия,187,6,"Отрезанные, но высокооплачиваемые",Ишим — Кирово-Чепецк — Ашинский,50171.7,66.4,3.45,0.998443568072804,100.2,66.5,Орджоникидзевский муниципальный район,457
Таштыпский,Республика Хакасия,183,2,Быстрый рост трат,Новосибирск — Казань — Нижний Новгород,61405.39999999998,81.3,2.82,0.998443568072804,100.2,81.5,Таштыпский муниципальный район,458
Усть-Абаканский,Республика Хакасия,182,5,Дёшевые и скромные,Минусинск — Тайшетский — Саяногорск,60840.69999999995,80.6,2.84,0.998443568072804,100.2,80.8,Усть-Абаканский муниципальный район,459
Ширинский,Республика Хакасия,188,5,Дёшевые и скромные,Минусинск — Тайшетский — Саяногорск,62412.600000000006,82.6,2.77,0.998443568072804,100.2,82.8,Ширинский муниципальный район,460
Грозный,Чеченская Республика,189,0,Северный Кавказ,Махачкала — Саранск — Владикавказ,52751.80000000005,69.8,3.28,0.9114320261731592,109.7,76.6,городской округ город Грозный,461
Чебоксары,Чувашская Республика,114,4,Стареющие и изолированные,Екатеринбург — Пермский — Всеволожский,72298.7,95.7,2.39,0.8635183989720744,115.8,110.8,городской округ город Чебоксары,478
Алатырь,Чувашская Республика,114,3,Пригороды мегаполисов,Вольский — Боровичский — Рузаевский,49270.30000000003,65.2,3.51,0.8635183989720744,115.8,75.5,городской округ город Алатырь,479
Канаш,Чувашская Республика,114,2,Быстрый рост трат,Новосибирск — Казань — Нижний Новгород,61592.80000000005,81.5,2.81,0.8635183989720744,115.8,94.4,городской округ город Канаш,480
Новочебоксарск,Чувашская Республика,114,2,Быстрый рост трат,Новосибирск — Казань — Нижний Новгород,60377.10000000009,79.9,2.87,0.8635183989720744,115.8,92.5,городской округ город Новочебоксарск,481
Шумерля,Чувашская Республика,114,6,"Отрезанные, но высокооплачиваемые",Ишим — Кирово-Чепецк — Ашинский,60368.49999999997,79.9,2.87,0.8635183989720744,115.8,92.5,городской округ город Шумерля,482
Алатырский,Чувашская Республика,114,6,"Отрезанные, но высокооплачиваемые",Ишим — Кирово-Чепецк — Ашинский,42949.899999999965,56.9,4.03,0.8635183989720744,115.8,65.9,Алатырский муниципальный округ,483
Аликовский,Чувашская Республика,114,7,Дальневосточная периферия,Омский — Азнакаевский — Нурлатский,45151.60000000005,59.8,3.83,0.8635183989720744,115.8,69.2,Аликовский муниципальный округ,484
Батыревский,Чувашская Республика,114,7,Дальневосточная периферия,Омский — Азнакаевский — Нурлатский,42382.90000000004,56.1,4.08,0.8635183989720744,115.8,65.0,Батыревский муниципальный округ,485
Вурнарский,Чувашская Республика,114,7,Дальневосточная периферия,Омский — Азнакаевский — Нурлатский,54604.90000000001,72.3,3.17,0.8635183989720744,115.8,83.7,Вурнарский муниципальный округ,486
Ибресинский,Чувашская Республика,114,7,Дальневосточная периферия,Омский — Азнакаевский — Нурлатский,47073.89999999999,62.3,3.68,0.8635183989720744,115.8,72.1,Ибресинский муниципальный округ,487
Козловский,Чувашская Республика,114,6,"Отрезанные, но высокооплачиваемые",Ишим — Кирово-Чепецк — Ашинский,48876.60000000004,64.7,3.54,0.8635183989720744,115.8,74.9,Козловский муниципальный округ,489
Комсомольский,Чувашская Республика,114,7,Дальневосточная периферия,Омский — Азнакаевский — Нурлатский,42179.59999999996,55.8,4.1,0.8635183989720744,115.8,64.6,Комсомольский муниципальный округ,490
Красноармейский,Чувашская Республика,114,7,Дальневосточная периферия,Омский — Азнакаевский — Нурлатский,58927.19999999997,78.0,2.94,0.8635183989720744,115.8,90.3,Красноармейский муниципальный округ,491
Красночетайский,Чувашская Республика,114,7,Дальневосточная периферия,Омский — Азнакаевский — Нурлатский,42630.200000000026,56.4,4.06,0.8635183989720744,115.8,65.3,Красночетайский муниципальный округ,492
Мариинско-Посадский,Чувашская Республика,114,10,Стареющие с низкой инфляцией,Рославльский — Сухой Лог — Верхнесалдинский,45128.59999999996,59.7,3.83,0.8635183989720744,115.8,69.1,Мариинско-Посадский муниципальный округ,493
Моргаушский,Чувашская Республика,114,7,Дальневосточная периферия,Омский — Азнакаевский — Нурлатский,53654.59999999996,71.0,3.22,0.8635183989720744,115.8,82.2,Моргаушский муниципальный округ,494
Порецкий,Чувашская Республика,114,6,"Отрезанные, но высокооплачиваемые",Ишим — Кирово-Чепецк — Ашинский,46956.79999999997,62.2,3.68,0.8635183989720744,115.8,72.0,Порецкий муниципальный округ,495
Урмарский,Чувашская Республика,114,7,Дальневосточная периферия,Омский — Азнакаевский — Нурлатский,41482.4,54.9,4.17,0.8635183989720744,115.8,63.6,Урмарский муниципальный округ,496
Цивильский,Чувашская Республика,114,7,Дальневосточная периферия,Омский — Азнакаевский — Нурлатский,51148.00000000001,67.7,3.38,0.8635183989720744,115.8,78.4,Цивильский муниципальный округ,497
Чебоксарский,Чувашская Республика,114,2,Быстрый рост трат,Новосибирск — Казань — Нижний Новгород,55148.29999999994,73.0,3.14,0.8635183989720744,115.8,84.5,Чебоксарский муниципальный округ,498
Шемуршинский,Чувашская Республика,114,7,Дальневосточная периферия,Омский — Азнакаевский — Нурлатский,40106.09999999992,53.1,4.31,0.8635183989720744,115.8,61.5,Шемуршинский муниципальный округ,499
Шумерлинский,Чувашская Республика,114,7,Дальневосточная периферия,Омский — Азнакаевский — Нурлатский,75940.10000000002,100.5,2.28,0.8635183989720744,115.8,116.4,Шумерлинский муниципальный округ,500
Ядринский,Чувашская Республика,114,7,Дальневосточная периферия,Омский — Азнакаевский — Нурлатский,55961.70000000001,74.1,3.09,0.8635183989720744,115.8,85.8,Ядринский муниципальный округ,501
Яльчикский,Чувашская Республика,114,7,Дальневосточная периферия,Омский — Азнакаевский — Нурлатский,41548.40000000004,55.0,4.16,0.8635183989720744,115.8,63.7,Яльчикский муниципальный округ,502
Янтиковский,Чувашская Республика,114,7,Дальневосточная периферия,Омский — Азнакаевский — Нурлатский,43802.800000000025,58.0,3.95,0.8635183989720744,115.8,67.2,Янтиковский муниципальный округ,503
Барнаул,Алтайский край,190,2,Быстрый рост трат,Новосибирск — Казань — Нижний Новгород,69580.49999999999,92.1,2.49,0.998609899895482,100.1,92.2,городской округ город Барнаул,504
Алейск,Алтайский край,191,2,Быстрый рост трат,Новосибирск — Казань — Нижний Новгород,58039.40000000008,76.8,2.98,0.998609899895482,100.1,76.9,городской округ город Алейск,505
Белокуриха,Алтайский край,192,4,Стареющие и изолированные,Екатеринбург — Пермский — Всеволожский,63592.4,84.2,2.72,0.998609899895482,100.1,84.3,городской округ город Белокуриха,506
Бийск,Алтайский край,192,2,Быстрый рост трат,Новосибирск — Казань — Нижний Новгород,63225.89999999999,83.7,2.74,0.998609899895482,100.1,83.8,городской округ город Бийск,507
Заринск,Алтайский край,193,2,Быстрый рост трат,Новосибирск — Казань — Нижний Новгород,64679.29999999998,85.6,2.67,0.998609899895482,100.1,85.7,городской округ город Заринск,508
Новоалтайск,Алтайский край,190,2,Быстрый рост трат,Новосибирск — Казань — Нижний Новгород,69360.89999999997,91.8,2.49,0.998609899895482,100.1,91.9,городской округ город Новоалтайск,509
Рубцовск,Алтайский край,194,2,Быстрый рост трат,Новосибирск — Казань — Нижний Новгород,52545.19999999995,69.6,3.29,0.998609899895482,100.1,69.7,городской округ город Рубцовск,510
Славгород,Алтайский край,195,2,Быстрый рост трат,Новосибирск — Казань — Нижний Новгород,46914.90000000004,62.1,3.69,0.998609899895482,100.1,62.2,муниципальный округ город Славгород,511
Яровое,Алтайский край,195,5,Дёшевые и скромные,Минусинск — Тайшетский — Саяногорск,46916.800000000105,62.1,3.69,0.998609899895482,100.1,62.2,городской округ город Яровое,512
Алейский,Алтайский край,191,6,"Отрезанные, но высокооплачиваемые",Ишим — Кирово-Чепецк — Ашинский,44739.90000000012,59.2,3.87,0.998609899895482,100.1,59.3,Алейский муниципальный район,514
Алтайский,Алтайский край,192,5,Дёшевые и скромные,Минусинск — Тайшетский — Саяногорск,44459.49999999996,58.9,3.89,0.998609899895482,100.1,59.0,Алтайский муниципальный район,515
Баевский,Алтайский край,196,6,"Отрезанные, но высокооплачиваемые",Ишим — Кирово-Чепецк — Ашинский,44787.79999999997,59.3,3.86,0.998609899895482,100.1,59.4,Баевский муниципальный район,516
Бийский,Алтайский край,192,2,Быстрый рост трат,Новосибирск — Казань — Нижний Новгород,48559.10000000004,64.3,3.56,0.998609899895482,100.1,64.4,Бийский муниципальный район,517
Благовещенский,Алтайский край,197,5,Дёшевые и скромные,Минусинск — Тайшетский — Саяногорск,49998.50000000009,66.2,3.46,0.998609899895482,100.1,66.3,Благовещенский муниципальный район,518
Бурлинский,Алтайский край,198,5,Дёшевые и скромные,Минусинск — Тайшетский — Саяногорск,43451.9999999999,57.5,3.98,0.998609899895482,100.1,57.6,Бурлинский муниципальный район,519
Быстроистокский,Алтайский край,199,5,Дёшевые и скромные,Минусинск — Тайшетский — Саяногорск,43273.49999999991,57.3,4.0,0.998609899895482,100.1,57.4,Быстроистокский муниципальный район,520
Волчихинский,Алтайский край,200,6,"Отрезанные, но высокооплачиваемые",Ишим — Кирово-Чепецк — Ашинский,43276.00000000002,57.3,4.0,0.998609899895482,100.1,57.4,Волчихинский муниципальный район,521
Егорьевский,Алтайский край,194,5,Дёшевые и скромные,Минусинск — Тайшетский — Саяногорск,41455.600000000006,54.9,4.17,0.998609899895482,100.1,55.0,Егорьевский муниципальный район,522
Ельцовский,Алтайский край,201,5,Дёшевые и скромные,Минусинск — Тайшетский — Саяногорск,39602.0999999999,52.4,4.37,0.998609899895482,100.1,52.5,Ельцовский муниципальный район,523
Завьяловский,Алтайский край,202,6,"Отрезанные, но высокооплачиваемые",Ишим — Кирово-Чепецк — Ашинский,46074.80000000001,61.0,3.75,0.998609899895482,100.1,61.1,Завьяловский муниципальный район,524
Залесовский,Алтайский край,193,6,"Отрезанные, но высокооплачиваемые",Ишим — Кирово-Чепецк — Ашинский,43197.59999999998,57.2,4.0,0.998609899895482,100.1,57.3,Залесовский муниципальный округ,525
Змеиногорский,Алтайский край,203,6,"Отрезанные, но высокооплачиваемые",Ишим — Кирово-Чепецк — Ашинский,73635.20000000008,97.5,2.35,0.998609899895482,100.1,97.6,Змеиногорский муниципальный район,527
Калманский,Алтайский край,204,6,"Отрезанные, но высокооплачиваемые",Ишим — Кирово-Чепецк — Ашинский,53572.00000000013,70.9,3.23,0.998609899895482,100.1,71.0,Калманский муниципальный район,528
Каменский,Алтайский край,205,5,Дёшевые и скромные,Минусинск — Тайшетский — Саяногорск,46107.0,61.0,3.75,0.998609899895482,100.1,61.1,Каменский муниципальный район,529
Ключевский,Алтайский край,195,5,Дёшевые и скромные,Минусинск — Тайшетский — Саяногорск,41934.19999999989,55.5,4.13,0.998609899895482,100.1,55.6,Ключевский муниципальный район,530
Косихинский,Алтайский край,192,6,"Отрезанные, но высокооплачиваемые",Ишим — Кирово-Чепецк — Ашинский,43084.00000000003,57.0,4.02,0.998609899895482,100.1,57.1,Косихинский муниципальный район,531
Красногорский,Алтайский край,206,5,Дёшевые и скромные,Минусинск — Тайшетский — Саяногорск,40918.0,54.2,4.23,0.998609899895482,100.1,54.3,Красногорский муниципальный район,532
Краснощёковский,Алтайский край,207,5,Дёшевые и скромные,Минусинск — Тайшетский — Саяногорск,55883.90000000001,74.0,3.1,0.998609899895482,100.1,74.1,Краснощёковский муниципальный район,533
Крутихинский,Алтайский край,205,6,"Отрезанные, но высокооплачиваемые",Ишим — Кирово-Чепецк — Ашинский,40265.29999999992,53.3,4.3,0.998609899895482,100.1,53.4,Крутихинский муниципальный район,534
Кулундинский,Алтайский край,195,5,Дёшевые и скромные,Минусинск — Тайшетский — Саяногорск,53891.70000000001,71.4,3.21,0.998609899895482,100.1,71.5,Кулундинский муниципальный район,535
Курьинский,Алтайский край,207,6,"Отрезанные, но высокооплачиваемые",Ишим — Кирово-Чепецк — Ашинский,48314.4,64.0,3.58,0.998609899895482,100.1,64.1,Курьинский муниципальный район,536
Кытмановский,Алтайский край,208,6,"Отрезанные, но высокооплачиваемые",Ишим — Кирово-Чепецк — Ашинский,47256.399999999965,62.6,3.66,0.998609899895482,100.1,62.7,Кытмановский муниципальный район,537
Локтевский,Алтайский край,203,6,"Отрезанные, но высокооплачиваемые",Ишим — Кирово-Чепецк — Ашинский,45626.7,60.4,3.79,0.998609899895482,100.1,60.5,Локтевский муниципальный район,538
Мамонтовский,Алтайский край,202,6,"Отрезанные, но высокооплачиваемые",Ишим — Кирово-Чепецк — Ашинский,44020.80000000002,58.3,3.93,0.998609899895482,100.1,58.4,Мамонтовский муниципальный район,539
Михайловский,Алтайский край,209,5,Дёшевые и скромные,Минусинск — Тайшетский — Саяногорск,44209.90000000002,58.5,3.91,0.998609899895482,100.1,58.6,Михайловский муниципальный район,540
Новичихинский,Алтайский край,210,5,Дёшевые и скромные,Минусинск — Тайшетский — Саяногорск,46496.4999999999,61.6,3.72,0.998609899895482,100.1,61.7,Новичихинский муниципальный район,541
Зональный,Алтайский край,192,5,Дёшевые и скромные,Минусинск — Тайшетский — Саяногорск,52802.0,69.9,3.28,0.998609899895482,100.1,70.0,Зональный муниципальный район,542
Павловский,Алтайский край,211,6,"Отрезанные, но высокооплачиваемые",Ишим — Кирово-Чепецк — Ашинский,59704.29999999997,79.0,2.9,0.998609899895482,100.1,79.1,Павловский муниципальный район,543
Панкрушихинский,Алтайский край,212,5,Дёшевые и скромные,Минусинск — Тайшетский — Саяногорск,48667.99999999996,64.4,3.55,0.998609899895482,100.1,64.5,Панкрушихинский муниципальный район,544
Первомайский,Алтайский край,190,5,Дёшевые и скромные,Минусинск — Тайшетский — Саяногорск,48236.70000000005,63.9,3.59,0.998609899895482,100.1,64.0,Первомайский муниципальный район,545
Петропавловский,Алтайский край,213,6,"Отрезанные, но высокооплачиваемые",Ишим — Кирово-Чепецк — Ашинский,52754.20000000003,69.8,3.28,0.998609899895482,100.1,69.9,Петропавловский муниципальный район,546
Поспелихинский,Алтайский край,210,6,"Отрезанные, но высокооплачиваемые",Ишим — Кирово-Чепецк — Ашинский,47652.79999999989,63.1,3.63,0.998609899895482,100.1,63.2,Поспелихинский муниципальный район,547
Ребрихинский,Алтайский край,214,6,"Отрезанные, но высокооплачиваемые",Ишим — Кирово-Чепецк — Ашинский,42923.10000000003,56.8,4.03,0.998609899895482,100.1,56.9,Ребрихинский муниципальный район,548
Родинский,Алтайский край,197,6,"Отрезанные, но высокооплачиваемые",Ишим — Кирово-Чепецк — Ашинский,45228.19999999999,59.9,3.83,0.998609899895482,100.1,60.0,Родинский муниципальный район,549
Романовский,Алтайский край,202,6,"Отрезанные, но высокооплачиваемые",Ишим — Кирово-Чепецк — Ашинский,45475.400000000016,60.2,3.8,0.998609899895482,100.1,60.3,Романовский муниципальный район,550
Смоленский,Алтайский край,192,6,"Отрезанные, но высокооплачиваемые",Ишим — Кирово-Чепецк — Ашинский,49164.09999999998,65.1,3.52,0.998609899895482,100.1,65.2,Смоленский муниципальный район,552
Суетский,Алтайский край,215,5,Дёшевые и скромные,Минусинск — Тайшетский — Саяногорск,56623.9,75.0,3.06,0.998609899895482,100.1,75.1,муниципальный округ Суетский район,553
Советский,Алтайский край,192,5,Дёшевые и скромные,Минусинск — Тайшетский — Саяногорск,52884.7,70.0,3.27,0.998609899895482,100.1,70.1,Советский муниципальный район,554
Солонешенский,Алтайский край,216,5,Дёшевые и скромные,Минусинск — Тайшетский — Саяногорск,39451.3,52.2,4.39,0.998609899895482,100.1,52.3,Солонешенский муниципальный район,555
Солтонский,Алтайский край,217,5,Дёшевые и скромные,Минусинск — Тайшетский — Саяногорск,39208.79999999992,51.9,4.41,0.998609899895482,100.1,52.0,Солтонский муниципальный район,556
Шелаболихинский,Алтайский край,211,6,"Отрезанные, но высокооплачиваемые",Ишим — Кирово-Чепецк — Ашинский,46182.80000000011,61.1,3.75,0.998609899895482,100.1,61.2,Шелаболихинский муниципальный район,557
Табунский,Алтайский край,195,5,Дёшевые и скромные,Минусинск — Тайшетский — Саяногорск,42544.09999999991,56.3,4.07,0.998609899895482,100.1,56.4,Табунский муниципальный район,558
Тальменский,Алтайский край,218,5,Дёшевые и скромные,Минусинск — Тайшетский — Саяногорск,51789.10000000002,68.6,3.34,0.998609899895482,100.1,68.7,Тальменский муниципальный район,559
Тогульский,Алтайский край,208,6,"Отрезанные, но высокооплачиваемые",Ишим — Кирово-Чепецк — Ашинский,47637.89999999999,63.1,3.63,0.998609899895482,100.1,63.2,Тогульский муниципальный район,560
Топчихинский,Алтайский край,219,5,Дёшевые и скромные,Минусинск — Тайшетский — Саяногорск,49388.79999999997,65.4,3.5,0.998609899895482,100.1,65.5,Топчихинский муниципальный район,561
Третьяковский,Алтайский край,203,6,"Отрезанные, но высокооплачиваемые",Ишим — Кирово-Чепецк — Ашинский,43011.99999999999,56.9,4.02,0.998609899895482,100.1,57.0,Третьяковский муниципальный район,562
Троицкий,Алтайский край,192,6,"Отрезанные, но высокооплачиваемые",Ишим — Кирово-Чепецк — Ашинский,46816.19999999998,62.0,3.7,0.998609899895482,100.1,62.1,Троицкий муниципальный район,563
Тюменцевский,Алтайский край,220,5,Дёшевые и скромные,Минусинск — Тайшетский — Саяногорск,40369.90000000003,53.4,4.29,0.998609899895482,100.1,53.5,Тюменцевский муниципальный район,564
Угловский,Алтайский край,221,6,"Отрезанные, но высокооплачиваемые",Ишим — Кирово-Чепецк — Ашинский,42524.80000000005,56.3,4.07,0.998609899895482,100.1,56.4,Угловский муниципальный район,565
Усть-Калманский,Алтайский край,222,6,"Отрезанные, но высокооплачиваемые",Ишим — Кирово-Чепецк — Ашинский,46420.39999999999,61.5,3.73,0.998609899895482,100.1,61.6,Усть-Калманский муниципальный район,566
Усть-Пристанский,Алтайский край,222,6,"Отрезанные, но высокооплачиваемые",Ишим — Кирово-Чепецк — Ашинский,40322.30000000003,53.4,4.29,0.998609899895482,100.1,53.5,Усть-Пристанский муниципальный район,567
Хабарский,Алтайский край,223,5,Дёшевые и скромные,Минусинск — Тайшетский — Саяногорск,44449.20000000008,58.8,3.89,0.998609899895482,100.1,58.9,Хабарский муниципальный район,568
Целинный,Алтайский край,224,6,"Отрезанные, но высокооплачиваемые",Ишим — Кирово-Чепецк — Ашинский,53093.3,70.3,3.26,0.998609899895482,100.1,70.4,Целинный муниципальный район,569
Чарышский,Алтайский край,225,5,Дёшевые и скромные,Минусинск — Тайшетский — Саяногорск,38052.19999999999,50.4,4.55,0.998609899895482,100.1,50.5,муниципальный округ Чарышский район,570
Шипуновский,Алтайский край,210,6,"Отрезанные, но высокооплачиваемые",Ишим — Кирово-Чепецк — Ашинский,45316.69999999991,60.0,3.82,0.998609899895482,100.1,60.1,Шипуновский муниципальный район,571
Немецкий,Алтайский край,195,5,Дёшевые и скромные,Минусинск — Тайшетский — Саяногорск,45594.69999999998,60.4,3.79,0.998609899895482,100.1,60.5,Немецкий национальный муниципальный район,572
Чита,Забайкальский край,226,13,"Растущие траты, ускоряющиеся цены",Калининград — Сосновоборский — Кольцово,90678.19999999998,120.1,1.91,1.0099568242413128,99.0,118.9,городской округ город Чита,573
Петровск-Забайкальский,Забайкальский край,227,5,Дёшевые и скромные,Минусинск — Тайшетский — Саяногорск,60368.9,79.9,2.87,1.0099568242413128,99.0,79.1,городской округ город Петровск-Забайкальский,574
Акшинский,Забайкальский край,228,5,Дёшевые и скромные,Минусинск — Тайшетский — Саяногорск,59704.29999999997,79.0,2.9,1.0099568242413128,99.0,78.2,Акшинский муниципальный район,576
Александрово-Заводский,Забайкальский край,229,8,"Низкие зарплаты, дешёвые цены",Красноярск — Владивостокский — Хабаровск,59704.29999999997,79.0,2.9,1.0099568242413128,99.0,78.2,Александрово-Заводский муниципальный район,577
Балейский,Забайкальский край,230,8,"Низкие зарплаты, дешёвые цены",Красноярск — Владивостокский — Хабаровск,82657.8,109.4,2.09,1.0099568242413128,99.0,108.3,Балейский муниципальный район,578
Борзинский,Забайкальский край,231,8,"Низкие зарплаты, дешёвые цены",Красноярск — Владивостокский — Хабаровск,75712.19999999995,100.2,2.28,1.0099568242413128,99.0,99.2,Борзинский муниципальный район,579
Газимуро-Заводский,Забайкальский край,232,8,"Низкие зарплаты, дешёвые цены",Красноярск — Владивостокский — Хабаровск,136668.30000000002,180.9,1.27,1.0099568242413128,99.0,179.1,Газимуро-Заводский муниципальный округ,580
Забайкальский,Забайкальский край,233,12,Добывающий север с высокими зарплатами,Сургут — Нижневартовск — Норильск,93748.40000000004,124.1,1.85,1.0099568242413128,99.0,122.9,Забайкальский муниципальный район,581
Каларский,Забайкальский край,234,12,Добывающий север с высокими зарплатами,Сургут — Нижневартовск — Норильск,191191.79999999964,253.1,0.9,1.0099568242413128,99.0,250.6,Каларский муниципальный округ,582
Калганский,Забайкальский край,235,8,"Низкие зарплаты, дешёвые цены",Красноярск — Владивостокский — Хабаровск,115097.70000000004,152.4,1.5,1.0099568242413128,99.0,150.9,Калганский муниципальный округ,583
Карымский,Забайкальский край,236,8,"Низкие зарплаты, дешёвые цены",Красноярск — Владивостокский — Хабаровск,79219.70000000006,104.9,2.18,1.0099568242413128,99.0,103.9,Карымский муниципальный район,584
Краснокаменск и Краснокаменский,Забайкальский край,237,8,"Низкие зарплаты, дешёвые цены",Красноярск — Владивостокский — Хабаровск,77474.70000000007,102.6,2.23,1.0099568242413128,99.0,101.6,муниципальный район Город Краснокаменск и Краснокаменский район,585
Красночикойский,Забайкальский край,238,8,"Низкие зарплаты, дешёвые цены",Красноярск — Владивостокский — Хабаровск,72216.50000000004,95.6,2.4,1.0099568242413128,99.0,94.6,Красночикойский муниципальный район,586
Кыринский,Забайкальский край,239,2,Быстрый рост трат,Новосибирск — Казань — Нижний Новгород,82082.49999999999,108.7,2.11,1.0099568242413128,99.0,107.6,Кыринский муниципальный район,587
Могочинский,Забайкальский край,240,8,"Низкие зарплаты, дешёвые цены",Красноярск — Владивостокский — Хабаровск,114246.80000000028,151.3,1.51,1.0099568242413128,99.0,149.8,Могочинский муниципальный округ,588
Нерчинский,Забайкальский край,241,8,"Низкие зарплаты, дешёвые цены",Красноярск — Владивостокский — Хабаровск,67910.70000000003,89.9,2.55,1.0099568242413128,99.0,89.0,Нерчинский муниципальный район,589
Нерчинско-Заводский,Забайкальский край,242,8,"Низкие зарплаты, дешёвые цены",Красноярск — Владивостокский — Хабаровск,59704.29999999997,79.0,2.9,1.0099568242413128,99.0,78.2,Нерчинско-Заводский муниципальный район,590
Оловяннинский,Забайкальский край,243,8,"Низкие зарплаты, дешёвые цены",Красноярск — Владивостокский — Хабаровск,72903.79999999996,96.5,2.37,1.0099568242413128,99.0,95.5,Оловяннинский муниципальный район,591
Ононский,Забайкальский край,244,5,Дёшевые и скромные,Минусинск — Тайшетский — Саяногорск,50639.50000000007,67.0,3.42,1.0099568242413128,99.0,66.3,Ононский муниципальный округ,592
Петровск-Забайкальский,Забайкальский край,227,5,Дёшевые и скромные,Минусинск — Тайшетский — Саяногорск,76863.80000000006,101.8,2.25,1.0099568242413128,99.0,100.8,Петровск-Забайкальский муниципальный район,593
Приаргунский,Забайкальский край,245,8,"Низкие зарплаты, дешёвые цены",Красноярск — Владивостокский — Хабаровск,61588.3,81.5,2.81,1.0099568242413128,99.0,80.7,Приаргунский муниципальный округ,594
Сретенский,Забайкальский край,246,8,"Низкие зарплаты, дешёвые цены",Красноярск — Владивостокский — Хабаровск,94046.19999999994,124.5,1.84,1.0099568242413128,99.0,123.3,Сретенский муниципальный район,595
Тунгокоченский,Забайкальский край,247,8,"Низкие зарплаты, дешёвые цены",Красноярск — Владивостокский — Хабаровск,59704.29999999997,79.0,2.9,1.0099568242413128,99.0,78.2,Тунгокоченский муниципальный район,597
Улётовский,Забайкальский край,248,8,"Низкие зарплаты, дешёвые цены",Красноярск — Владивостокский — Хабаровск,64435.69999999998,85.3,2.68,1.0099568242413128,99.0,84.4,Улётовский муниципальный район,598
Хилокский,Забайкальский край,249,8,"Низкие зарплаты, дешёвые цены",Красноярск — Владивостокский — Хабаровск,79406.60000000002,105.1,2.18,1.0099568242413128,99.0,104.0,Хилокский муниципальный район,599
Чернышевский,Забайкальский край,250,8,"Низкие зарплаты, дешёвые цены",Красноярск — Владивостокский — Хабаровск,97270.39999999983,128.8,1.78,1.0099568242413128,99.0,127.5,Чернышевский муниципальный район,600
Читинский,Забайкальский край,251,7,Дальневосточная периферия,Омский — Азнакаевский — Нурлатский,64652.200000000055,85.6,2.68,1.0099568242413128,99.0,84.7,Читинский муниципальный район,601
Шелопугинский,Забайкальский край,252,8,"Низкие зарплаты, дешёвые цены",Красноярск — Владивостокский — Хабаровск,61345.49999999996,81.2,2.82,1.0099568242413128,99.0,80.4,Шелопугинский муниципальный район,602
Шилкинский,Забайкальский край,253,8,"Низкие зарплаты, дешёвые цены",Красноярск — Владивостокский — Хабаровск,74550.69999999988,98.7,2.32,1.0099568242413128,99.0,97.7,Шилкинский муниципальный район,603
Агинское,Забайкальский край,254,8,"Низкие зарплаты, дешёвые цены",Красноярск — Владивостокский — Хабаровск,63486.69999999998,84.1,2.72,1.0099568242413128,99.0,83.3,городской округ поселок Агинское,604
Агинский,Забайкальский край,254,7,Дальневосточная периферия,Омский — Азнакаевский — Нурлатский,49514.599999999904,65.6,3.49,1.0099568242413128,99.0,64.9,Агинский муниципальный район,605
Дульдургинский,Забайкальский край,255,5,Дёшевые и скромные,Минусинск — Тайшетский — Саяногорск,62244.59999999997,82.4,2.78,1.0099568242413128,99.0,81.6,Дульдургинский муниципальный район,606
Могойтуйский,Забайкальский край,254,8,"Низкие зарплаты, дешёвые цены",Красноярск — Владивостокский — Хабаровск,56189.500000000015,74.4,3.08,1.0099568242413128,99.0,73.7,Могойтуйский муниципальный район,607
Петропавловск-Камчатский,Камчатский край,256,12,Добывающий север с высокими зарплатами,Сургут — Нижневартовск — Норильск,203876.7000000002,269.9,0.85,1.5189721271217431,65.8,177.6,городской округ Петропавловск-Камчатский,608
Быстринский,Камчатский край,257,8,"Низкие зарплаты, дешёвые цены",Красноярск — Владивостокский — Хабаровск,165450.39999999967,219.0,1.05,1.5189721271217431,65.8,144.1,Быстринский муниципальный район,611
Елизовский,Камчатский край,256,8,"Низкие зарплаты, дешёвые цены",Красноярск — Владивостокский — Хабаровск,159325.79999999993,210.9,1.09,1.5189721271217431,65.8,138.8,Елизовский муниципальный район,612
Мильковский,Камчатский край,258,8,"Низкие зарплаты, дешёвые цены",Красноярск — Владивостокский — Хабаровск,101695.09999999992,134.6,1.7,1.5189721271217431,65.8,88.6,Мильковский муниципальный округ,613
Соболевский,Камчатский край,259,8,"Низкие зарплаты, дешёвые цены",Красноярск — Владивостокский — Хабаровск,234953.9000000003,311.1,0.74,1.5189721271217431,65.8,204.7,Соболевский муниципальный район,614
Усть-Большерецкий,Камчатский край,260,8,"Низкие зарплаты, дешёвые цены",Красноярск — Владивостокский — Хабаровск,160217.1,212.1,1.08,1.5189721271217431,65.8,139.6,Усть-Большерецкий муниципальный район,615
Усть-Камчатский,Камчатский край,261,8,"Низкие зарплаты, дешёвые цены",Красноярск — Владивостокский — Хабаровск,108107.0,143.1,1.6,1.5189721271217431,65.8,94.2,Усть-Камчатский муниципальный район,616
Карагинский,Камчатский край,262,8,"Низкие зарплаты, дешёвые цены",Красноярск — Владивостокский — Хабаровск,59704.29999999997,79.0,2.9,1.5189721271217431,65.8,52.0,Карагинский муниципальный район,618
Олюторский,Камчатский край,263,8,"Низкие зарплаты, дешёвые цены",Красноярск — Владивостокский — Хабаровск,178982.80000000008,237.0,0.97,1.5189721271217431,65.8,155.9,Олюторский муниципальный район,619
Тигильский,Камчатский край,264,8,"Низкие зарплаты, дешёвые цены",Красноярск — Владивостокский — Хабаровск,115673.09999999998,153.1,1.5,1.5189721271217431,65.8,100.7,Тигильский муниципальный район,621
Красноярск,Красноярский край,265,4,Стареющие и изолированные,Екатеринбург — Пермский — Всеволожский,98129.10000000028,129.9,1.76,1.0321473724258812,96.9,125.9,городской округ город Красноярск,666
Ачинск,Красноярский край,266,2,Быстрый рост трат,Новосибирск — Казань — Нижний Новгород,77971.80000000005,103.2,2.22,1.0321473724258812,96.9,100.0,городской округ город Ачинск,667
Боготол,Красноярский край,267,6,"Отрезанные, но высокооплачиваемые",Ишим — Кирово-Чепецк — Ашинский,76854.30000000012,101.8,2.25,1.0321473724258812,96.9,98.6,городской округ город Боготол,668
Бородино,Красноярский край,268,6,"Отрезанные, но высокооплачиваемые",Ишим — Кирово-Чепецк — Ашинский,76667.7999999999,101.5,2.26,1.0321473724258812,96.9,98.4,городской округ город Бородино,669
Дивногорск,Красноярский край,265,2,Быстрый рост трат,Новосибирск — Казань — Нижний Новгород,80847.89999999995,107.0,2.14,1.0321473724258812,96.9,103.7,городской округ город Дивногорск,670
Енисейск,Красноярский край,269,9,Середнячки со скромными расходами,Апатиты — Мончегорск — Кандалакшский,71515.59999999995,94.7,2.42,1.0321473724258812,96.9,91.8,городской округ город Енисейск,671
Канск,Красноярский край,270,2,Быстрый рост трат,Новосибирск — Казань — Нижний Новгород,63207.100000000006,83.7,2.74,1.0321473724258812,96.9,81.1,городской округ город Канск,674
Лесосибирск,Красноярский край,269,2,Быстрый рост трат,Новосибирск — Казань — Нижний Новгород,75147.0,99.5,2.3,1.0321473724258812,96.9,96.4,городской округ город Лесосибирск,675
Минусинск,Красноярский край,182,2,Быстрый рост трат,Новосибирск — Казань — Нижний Новгород,66414.10000000003,87.9,2.6,1.0321473724258812,96.9,85.2,городской округ город Минусинск,676
Назарово,Красноярский край,266,2,Быстрый рост трат,Новосибирск — Казань — Нижний Новгород,69652.99999999997,92.2,2.48,1.0321473724258812,96.9,89.3,городской округ город Назарово,677
Норильск,Красноярский край,271,12,Добывающий север с высокими зарплатами,Сургут — Нижневартовск — Норильск,182860.4000000001,242.1,0.95,1.0321473724258812,96.9,234.6,городской округ город Норильск,678
Сосновоборск,Красноярский край,265,2,Быстрый рост трат,Новосибирск — Казань — Нижний Новгород,74461.4,98.6,2.32,1.0321473724258812,96.9,95.5,городской округ город Сосновоборск,679
Шарыпово,Красноярский край,272,2,Быстрый рост трат,Новосибирск — Казань — Нижний Новгород,53945.29999999991,71.4,3.21,1.0321473724258812,96.9,69.2,городской округ город Шарыпово,680
Кедровый,Красноярский край,265,10,Стареющие с низкой инфляцией,Рославльский — Сухой Лог — Верхнесалдинский,54069.09999999996,71.6,3.2,1.0321473724258812,96.9,69.4,городской округ поселок Кедровый,681
Абанский,Красноярский край,273,6,"Отрезанные, но высокооплачиваемые",Ишим — Кирово-Чепецк — Ашинский,57179.09999999997,75.7,3.03,1.0321473724258812,96.9,73.4,Абанский муниципальный район,683
Балахтинский,Красноярский край,274,2,Быстрый рост трат,Новосибирск — Казань — Нижний Новгород,65358.89999999984,86.5,2.65,1.0321473724258812,96.9,83.8,Балахтинский муниципальный район,685
Березовский,Красноярский край,265,4,Стареющие и изолированные,Екатеринбург — Пермский — Всеволожский,74424.09999999998,98.5,2.32,1.0321473724258812,96.9,95.4,Березовский муниципальный район,686
Бирилюсский,Красноярский край,266,6,"Отрезанные, но высокооплачиваемые",Ишим — Кирово-Чепецк — Ашинский,59903.00000000006,79.3,2.89,1.0321473724258812,96.9,76.8,Бирилюсский муниципальный район,687
Богучанский,Красноярский край,275,9,Середнячки со скромными расходами,Апатиты — Мончегорск — Кандалакшский,86545.69999999992,114.6,2.0,1.0321473724258812,96.9,111.0,Богучанский муниципальный район,689
Большемуртинский,Красноярский край,276,6,"Отрезанные, но высокооплачиваемые",Ишим — Кирово-Чепецк — Ашинский,62263.9,82.4,2.78,1.0321473724258812,96.9,79.8,Большемуртинский муниципальный район,690
Большеулуйский,Красноярский край,266,9,Середнячки со скромными расходами,Апатиты — Мончегорск — Кандалакшский,108725.7,143.9,1.59,1.0321473724258812,96.9,139.4,Большеулуйский муниципальный район,691
Дзержинский,Красноярский край,277,5,Дёшевые и скромные,Минусинск — Тайшетский — Саяногорск,57387.69999999995,76.0,3.01,1.0321473724258812,96.9,73.6,Дзержинский муниципальный район,692
Емельяновский,Красноярский край,265,4,Стареющие и изолированные,Екатеринбург — Пермский — Всеволожский,93491.09999999992,123.8,1.85,1.0321473724258812,96.9,120.0,Емельяновский муниципальный район,693
Енисейский,Красноярский край,269,9,Середнячки со скромными расходами,Апатиты — Мончегорск — Кандалакшский,79274.10000000006,105.0,2.18,1.0321473724258812,96.9,101.7,Енисейский муниципальный район,694
Ермаковский,Красноярский край,278,5,Дёшевые и скромные,Минусинск — Тайшетский — Саяногорск,57832.39999999998,76.6,2.99,1.0321473724258812,96.9,74.2,Ермаковский муниципальный район,695
Идринский,Красноярский край,279,5,Дёшевые и скромные,Минусинск — Тайшетский — Саяногорск,56047.89999999997,74.2,3.09,1.0321473724258812,96.9,71.9,Идринский муниципальный район,696
Иланский,Красноярский край,270,9,Середнячки со скромными расходами,Апатиты — Мончегорск — Кандалакшский,78793.00000000003,104.3,2.2,1.0321473724258812,96.9,101.1,Иланский муниципальный район,697
Ирбейский,Красноярский край,280,5,Дёшевые и скромные,Минусинск — Тайшетский — Саяногорск,75513.90000000004,100.0,2.29,1.0321473724258812,96.9,96.9,Ирбейский муниципальный район,698
Казачинский,Красноярский край,281,5,Дёшевые и скромные,Минусинск — Тайшетский — Саяногорск,57343.99999999996,75.9,3.02,1.0321473724258812,96.9,73.5,Казачинский муниципальный район,699
Каратузский,Красноярский край,282,5,Дёшевые и скромные,Минусинск — Тайшетский — Саяногорск,60723.70000000016,80.4,2.85,1.0321473724258812,96.9,77.9,Каратузский муниципальный район,701
Кежемский,Красноярский край,283,9,Середнячки со скромными расходами,Апатиты — Мончегорск — Кандалакшский,96691.49999999993,128.0,1.79,1.0321473724258812,96.9,124.0,Кежемский муниципальный район,702
Козульский,Красноярский край,284,6,"Отрезанные, но высокооплачиваемые",Ишим — Кирово-Чепецк — Ашинский,66336.39999999998,87.8,2.61,1.0321473724258812,96.9,85.1,Козульский муниципальный район,703
Краснотуранский,Красноярский край,279,5,Дёшевые и скромные,Минусинск — Тайшетский — Саяногорск,52475.800000000105,69.5,3.3,1.0321473724258812,96.9,67.3,Краснотуранский муниципальный район,704
Курагинский,Красноярский край,285,5,Дёшевые и скромные,Минусинск — Тайшетский — Саяногорск,61814.00000000009,81.8,2.8,1.0321473724258812,96.9,79.3,Курагинский муниципальный район,705
Манский,Красноярский край,286,6,"Отрезанные, но высокооплачиваемые",Ишим — Кирово-Чепецк — Ашинский,56676.39999999999,75.0,3.05,1.0321473724258812,96.9,72.7,Манский муниципальный район,706
Мотыгинский,Красноярский край,287,2,Быстрый рост трат,Новосибирск — Казань — Нижний Новгород,100468.30000000005,133.0,1.72,1.0321473724258812,96.9,128.9,Мотыгинский муниципальный район,708
Назаровский,Красноярский край,266,10,Стареющие с низкой инфляцией,Рославльский — Сухой Лог — Верхнесалдинский,52695.7,69.8,3.28,1.0321473724258812,96.9,67.6,Назаровский муниципальный район,709
Нижнеингашский,Красноярский край,270,5,Дёшевые и скромные,Минусинск — Тайшетский — Саяногорск,59387.09999999996,78.6,2.91,1.0321473724258812,96.9,76.2,Нижнеингашский муниципальный район,710
Новоселовский,Красноярский край,288,5,Дёшевые и скромные,Минусинск — Тайшетский — Саяногорск,58707.40000000003,77.7,2.95,1.0321473724258812,96.9,75.3,Новоселовский муниципальный район,711
Партизанский,Красноярский край,268,5,Дёшевые и скромные,Минусинск — Тайшетский — Саяногорск,65385.3,86.6,2.65,1.0321473724258812,96.9,83.9,Партизанский муниципальный район,712
Пировский,Красноярский край,289,5,Дёшевые и скромные,Минусинск — Тайшетский — Саяногорск,58840.60000000007,77.9,2.94,1.0321473724258812,96.9,75.5,Пировский муниципальный округ,713
Рыбинский,Красноярский край,268,6,"Отрезанные, но высокооплачиваемые",Ишим — Кирово-Чепецк — Ашинский,71689.89999999983,94.9,2.41,1.0321473724258812,96.9,92.0,Рыбинский муниципальный район,714
Саянский,Красноярский край,290,5,Дёшевые и скромные,Минусинск — Тайшетский — Саяногорск,56506.00000000013,74.8,3.06,1.0321473724258812,96.9,72.5,Саянский муниципальный район,715
Северо-Енисейский,Красноярский край,291,2,Быстрый рост трат,Новосибирск — Казань — Нижний Новгород,154150.80000000013,204.1,1.12,1.0321473724258812,96.9,197.8,Северо-Енисейский муниципальный район,716
Сухобузимский,Красноярский край,292,5,Дёшевые и скромные,Минусинск — Тайшетский — Саяногорск,59181.90000000002,78.4,2.92,1.0321473724258812,96.9,76.0,Сухобузимский муниципальный район,717
Таймырский Долгано-Ненецкий,Красноярский край,293,9,Середнячки со скромными расходами,Апатиты — Мончегорск — Кандалакшский,162835.09999999998,215.6,1.06,1.0321473724258812,96.9,208.9,Таймырский Долгано-Ненецкий муниципальный район,718
Тасеевский,Красноярский край,294,5,Дёшевые и скромные,Минусинск — Тайшетский — Саяногорск,56323.29999999998,74.6,3.07,1.0321473724258812,96.9,72.3,Тасеевский муниципальный район,719
Туруханский,Красноярский край,295,4,Стареющие и изолированные,Екатеринбург — Пермский — Всеволожский,152563.19999999984,202.0,1.13,1.0321473724258812,96.9,195.7,Туруханский муниципальный район,720
Тюхтетский,Красноярский край,267,5,Дёшевые и скромные,Минусинск — Тайшетский — Саяногорск,58910.79999999998,78.0,2.94,1.0321473724258812,96.9,75.6,Тюхтетский муниципальный округ,721
Ужурский,Красноярский край,187,5,Дёшевые и скромные,Минусинск — Тайшетский — Саяногорск,68907.90000000004,91.2,2.51,1.0321473724258812,96.9,88.4,Ужурский муниципальный район,722
Уярский,Красноярский край,268,6,"Отрезанные, но высокооплачиваемые",Ишим — Кирово-Чепецк — Ашинский,63090.60000000012,83.5,2.74,1.0321473724258812,96.9,80.9,Уярский муниципальный район,723
Шарыповский,Красноярский край,272,6,"Отрезанные, но высокооплачиваемые",Ишим — Кирово-Чепецк — Ашинский,82687.40000000014,109.5,2.09,1.0321473724258812,96.9,106.1,Шарыповский муниципальный округ,724
Шушенский,Красноярский край,278,5,Дёшевые и скромные,Минусинск — Тайшетский — Саяногорск,58071.50000000001,76.9,2.98,1.0321473724258812,96.9,74.5,Шушенский муниципальный район,725
Эвенкийский,Красноярский край,296,8,"Низкие зарплаты, дешёвые цены",Красноярск — Владивостокский — Хабаровск,133245.99999999997,176.4,1.3,1.0321473724258812,96.9,170.9,Эвенкийский муниципальный район,726
Пермский,Пермский край,297,13,"Растущие траты, ускоряющиеся цены",Калининград — Сосновоборский — Кольцово,88118.19999999995,116.7,1.96,0.9856693057305236,101.5,118.5,городской округ Пермский,727
Лысьвенский,Пермский край,298,2,Быстрый рост трат,Новосибирск — Казань — Нижний Новгород,59536.099999999984,78.8,2.91,0.9856693057305236,101.5,80.0,городской округ Лысьвенский,731
Александровский,Пермский край,299,6,"Отрезанные, но высокооплачиваемые",Ишим — Кирово-Чепецк — Ашинский,58278.99999999996,77.2,2.97,0.9856693057305236,101.5,78.4,муниципальный округ Александровский,734
Бардымский,Пермский край,300,7,Дальневосточная периферия,Омский — Азнакаевский — Нурлатский,64470.99999999994,85.4,2.68,0.9856693057305236,101.5,86.7,муниципальный округ Бардымский,735
Березовский,Пермский край,301,6,"Отрезанные, но высокооплачиваемые",Ишим — Кирово-Чепецк — Ашинский,59871.29999999987,79.3,2.89,0.9856693057305236,101.5,80.5,муниципальный округ Березовский,736
Большесосновский,Пермский край,297,6,"Отрезанные, но высокооплачиваемые",Ишим — Кирово-Чепецк — Ашинский,52881.4,70.0,3.27,0.9856693057305236,101.5,71.0,муниципальный округ Большесосновский,737
Верещагинский,Пермский край,297,6,"Отрезанные, но высокооплачиваемые",Ишим — Кирово-Чепецк — Ашинский,51615.60000000002,68.3,3.35,0.9856693057305236,101.5,69.3,городской округ Верещагинский,738
Горнозаводский,Пермский край,298,10,Стареющие с низкой инфляцией,Рославльский — Сухой Лог — Верхнесалдинский,67217.49999999997,89.0,2.57,0.9856693057305236,101.5,90.3,городской округ Горнозаводский,739
Добрянский,Пермский край,302,6,"Отрезанные, но высокооплачиваемые",Ишим — Кирово-Чепецк — Ашинский,81849.49999999997,108.4,2.11,0.9856693057305236,101.5,110.0,городской округ Добрянский,741
Еловский,Пермский край,303,7,Дальневосточная периферия,Омский — Азнакаевский — Нурлатский,48798.70000000008,64.6,3.55,0.9856693057305236,101.5,65.6,муниципальный округ Еловский,742
Ильинский,Пермский край,304,10,Стареющие с низкой инфляцией,Рославльский — Сухой Лог — Верхнесалдинский,51646.89999999999,68.4,3.35,0.9856693057305236,101.5,69.4,городской округ Ильинский,743
Карагайский,Пермский край,297,6,"Отрезанные, но высокооплачиваемые",Ишим — Кирово-Чепецк — Ашинский,49766.600000000006,65.9,3.48,0.9856693057305236,101.5,66.9,муниципальный округ Карагайский,744
Кизел,Пермский край,299,6,"Отрезанные, но высокооплачиваемые",Ишим — Кирово-Чепецк — Ашинский,50204.19999999999,66.5,3.45,0.9856693057305236,101.5,67.5,городской округ город Кизел,745
Кишертский,Пермский край,301,6,"Отрезанные, но высокооплачиваемые",Ишим — Кирово-Чепецк — Ашинский,52600.8,69.6,3.29,0.9856693057305236,101.5,70.6,муниципальный округ Кишертский,746
Красновишерский,Пермский край,305,6,"Отрезанные, но высокооплачиваемые",Ишим — Кирово-Чепецк — Ашинский,52325.2,69.3,3.31,0.9856693057305236,101.5,70.3,городской округ Красновишерский,747
Краснокамский,Пермский край,297,2,Быстрый рост трат,Новосибирск — Казань — Нижний Новгород,73277.60000000002,97.0,2.36,0.9856693057305236,101.5,98.5,городской округ Краснокамский,748
Куединский,Пермский край,23,3,Пригороды мегаполисов,Вольский — Боровичский — Рузаевский,51245.8,67.8,3.38,0.9856693057305236,101.5,68.8,муниципальный округ Куединский,749
Нытвенский,Пермский край,297,6,"Отрезанные, но высокооплачиваемые",Ишим — Кирово-Чепецк — Ашинский,59224.49999999991,78.4,2.92,0.9856693057305236,101.5,79.6,городской округ Нытвенский,751
Октябрьский,Пермский край,306,6,"Отрезанные, но высокооплачиваемые",Ишим — Кирово-Чепецк — Ашинский,60795.10000000005,80.5,2.85,0.9856693057305236,101.5,81.7,городской округ Октябрьский,752
Ординский,Пермский край,301,7,Дальневосточная периферия,Омский — Азнакаевский — Нурлатский,53812.90000000001,71.2,3.21,0.9856693057305236,101.5,72.3,муниципальный округ Ординский,753
Осинский,Пермский край,300,7,Дальневосточная периферия,Омский — Азнакаевский — Нурлатский,67450.79999999997,89.3,2.56,0.9856693057305236,101.5,90.6,городской округ Осинский,754
Оханский,Пермский край,307,6,"Отрезанные, но высокооплачиваемые",Ишим — Кирово-Чепецк — Ашинский,47448.59999999998,62.8,3.65,0.9856693057305236,101.5,63.7,городской округ Оханский,755
Очерский,Пермский край,297,6,"Отрезанные, но высокооплачиваемые",Ишим — Кирово-Чепецк — Ашинский,59360.10000000005,78.6,2.91,0.9856693057305236,101.5,79.8,городской округ Очерский,756
Пермский,Пермский край,297,4,Стареющие и изолированные,Екатеринбург — Пермский — Всеволожский,72918.59999999992,96.5,2.37,0.9856693057305236,101.5,97.9,муниципальный округ Пермский,757
Сивинский,Пермский край,297,6,"Отрезанные, но высокооплачиваемые",Ишим — Кирово-Чепецк — Ашинский,49361.400000000016,65.4,3.5,0.9856693057305236,101.5,66.4,муниципальный округ Сивинский,758
Суксунский,Пермский край,301,6,"Отрезанные, но высокооплачиваемые",Ишим — Кирово-Чепецк — Ашинский,67480.09999999996,89.3,2.56,0.9856693057305236,101.5,90.6,городской округ Суксунский,760
Уинский,Пермский край,308,6,"Отрезанные, но высокооплачиваемые",Ишим — Кирово-Чепецк — Ашинский,52556.09999999998,69.6,3.29,0.9856693057305236,101.5,70.6,муниципальный округ Уинский,761
Чайковский,Пермский край,180,2,Быстрый рост трат,Новосибирск — Казань — Нижний Новгород,70557.70000000001,93.4,2.45,0.9856693057305236,101.5,94.8,городской округ Чайковский,763
Частинский,Пермский край,309,10,Стареющие с низкой инфляцией,Рославльский — Сухой Лог — Верхнесалдинский,58265.80000000001,77.1,2.97,0.9856693057305236,101.5,78.3,муниципальный округ Частинский,764
Чердынский,Пермский край,310,6,"Отрезанные, но высокооплачиваемые",Ишим — Кирово-Чепецк — Ашинский,48749.799999999945,64.5,3.55,0.9856693057305236,101.5,65.5,городской округ Чердынский,765
Чернушинский,Пермский край,23,2,Быстрый рост трат,Новосибирск — Казань — Нижний Новгород,74102.20000000003,98.1,2.33,0.9856693057305236,101.5,99.6,городской округ Чернушинский,766
Чусовской,Пермский край,298,2,Быстрый рост трат,Новосибирск — Казань — Нижний Новгород,62029.90000000009,82.1,2.79,0.9856693057305236,101.5,83.3,городской округ Чусовской,767
Гайнский,Пермский край,311,10,Стареющие с низкой инфляцией,Рославльский — Сухой Лог — Верхнесалдинский,61143.99999999999,81.0,2.83,0.9856693057305236,101.5,82.2,муниципальный округ Гайнский,769
Косинский,Пермский край,312,6,"Отрезанные, но высокооплачиваемые",Ишим — Кирово-Чепецк — Ашинский,58600.50000000001,77.6,2.95,0.9856693057305236,101.5,78.8,муниципальный округ Косинский,770
Кочевский,Пермский край,313,7,Дальневосточная периферия,Омский — Азнакаевский — Нурлатский,64669.39999999998,85.6,2.68,0.9856693057305236,101.5,86.9,муниципальный округ Кочевский,771
Юрлинский,Пермский край,313,6,"Отрезанные, но высокооплачиваемые",Ишим — Кирово-Чепецк — Ашинский,45241.80000000005,59.9,3.82,0.9856693057305236,101.5,60.8,муниципальный округ Юрлинский,773
Юсьвинский,Пермский край,313,6,"Отрезанные, но высокооплачиваемые",Ишим — Кирово-Чепецк — Ашинский,49483.69999999998,65.5,3.5,0.9856693057305236,101.5,66.5,муниципальный округ Юсьвинский,774
Владивостокский,Приморский край,256,13,"Растущие траты, ускоряющиеся цены",Калининград — Сосновоборский — Кольцово,115583.49999999993,153.0,1.5,1.1585916844865392,86.3,132.0,городской округ Владивостокский,775
Арсеньевский,Приморский край,314,8,"Низкие зарплаты, дешёвые цены",Красноярск — Владивостокский — Хабаровск,95125.1,125.9,1.82,1.1585916844865392,86.3,108.7,городской округ Арсеньевский,776
Артемовский,Приморский край,256,8,"Низкие зарплаты, дешёвые цены",Красноярск — Владивостокский — Хабаровск,89562.8000000001,118.6,1.93,1.1585916844865392,86.3,102.4,городской округ Артемовский,777
Большой Камень,Приморский край,256,8,"Низкие зарплаты, дешёвые цены",Красноярск — Владивостокский — Хабаровск,122281.29999999992,161.9,1.41,1.1585916844865392,86.3,139.7,городской округ Большой Камень,778
Дальнегорский,Приморский край,315,8,"Низкие зарплаты, дешёвые цены",Красноярск — Владивостокский — Хабаровск,73819.20000000001,97.7,2.34,1.1585916844865392,86.3,84.3,городской округ Дальнегорский,779
Дальнереченский,Приморский край,316,8,"Низкие зарплаты, дешёвые цены",Красноярск — Владивостокский — Хабаровск,81576.09999999996,108.0,2.12,1.1585916844865392,86.3,93.2,городской округ Дальнереченский,780
Лесозаводский,Приморский край,317,8,"Низкие зарплаты, дешёвые цены",Красноярск — Владивостокский — Хабаровск,84726.60000000003,112.2,2.04,1.1585916844865392,86.3,96.8,городской округ Лесозаводский,781
Находкинский,Приморский край,318,8,"Низкие зарплаты, дешёвые цены",Красноярск — Владивостокский — Хабаровск,105573.60000000006,139.8,1.64,1.1585916844865392,86.3,120.6,городской округ Находкинский,782
Партизанский,Приморский край,318,8,"Низкие зарплаты, дешёвые цены",Красноярск — Владивостокский — Хабаровск,87831.8000000001,116.3,1.97,1.1585916844865392,86.3,100.4,городской округ Партизанский,783
Спасск-Дальний,Приморский край,319,8,"Низкие зарплаты, дешёвые цены",Красноярск — Владивостокский — Хабаровск,68238.89999999989,90.3,2.54,1.1585916844865392,86.3,77.9,городской округ Спасск-Дальний,784
Уссурийский,Приморский край,320,8,"Низкие зарплаты, дешёвые цены",Красноярск — Владивостокский — Хабаровск,80481.09999999996,106.6,2.15,1.1585916844865392,86.3,92.0,городской округ Уссурийский,785
Анучинский,Приморский край,314,8,"Низкие зарплаты, дешёвые цены",Красноярск — Владивостокский — Хабаровск,76451.09999999998,101.2,2.26,1.1585916844865392,86.3,87.3,Анучинский муниципальный округ,787
Дальнереченский,Приморский край,316,5,Дёшевые и скромные,Минусинск — Тайшетский — Саяногорск,62363.49999999999,82.6,2.77,1.1585916844865392,86.3,71.3,Дальнереченский муниципальный район,788
Кавалеровский,Приморский край,321,8,"Низкие зарплаты, дешёвые цены",Красноярск — Владивостокский — Хабаровск,72875.09999999999,96.5,2.37,1.1585916844865392,86.3,83.3,Кавалеровский муниципальный округ,789
Кировский,Приморский край,317,8,"Низкие зарплаты, дешёвые цены",Красноярск — Владивостокский — Хабаровск,64993.20000000002,86.0,2.66,1.1585916844865392,86.3,74.2,Кировский муниципальный район,790
Красноармейский,Приморский край,322,8,"Низкие зарплаты, дешёвые цены",Красноярск — Владивостокский — Хабаровск,83864.80000000012,111.0,2.06,1.1585916844865392,86.3,95.8,Красноармейский муниципальный округ,791
Лазовский,Приморский край,323,8,"Низкие зарплаты, дешёвые цены",Красноярск — Владивостокский — Хабаровск,94966.2,125.7,1.82,1.1585916844865392,86.3,108.5,Лазовский муниципальный округ,792
Михайловский,Приморский край,320,8,"Низкие зарплаты, дешёвые цены",Красноярск — Владивостокский — Хабаровск,76951.29999999999,101.9,2.25,1.1585916844865392,86.3,87.9,Михайловский муниципальный район,793
Надеждинский,Приморский край,256,4,Стареющие и изолированные,Екатеринбург — Пермский — Всеволожский,86783.20000000004,114.9,1.99,1.1585916844865392,86.3,99.2,Надеждинский муниципальный район,794
Октябрьский,Приморский край,320,6,"Отрезанные, но высокооплачиваемые",Ишим — Кирово-Чепецк — Ашинский,68004.9999999999,90.0,2.54,1.1585916844865392,86.3,77.7,Октябрьский муниципальный округ,795
Ольгинский,Приморский край,324,8,"Низкие зарплаты, дешёвые цены",Красноярск — Владивостокский — Хабаровск,81391.69999999998,107.8,2.13,1.1585916844865392,86.3,93.0,Ольгинский муниципальный округ,796
Партизанский,Приморский край,318,8,"Низкие зарплаты, дешёвые цены",Красноярск — Владивостокский — Хабаровск,69296.50000000006,91.7,2.5,1.1585916844865392,86.3,79.1,Партизанский муниципальный округ,797
Пограничный,Приморский край,325,8,"Низкие зарплаты, дешёвые цены",Красноярск — Владивостокский — Хабаровск,71071.9,94.1,2.43,1.1585916844865392,86.3,81.2,Пограничный муниципальный округ,798
Пожарский,Приморский край,326,8,"Низкие зарплаты, дешёвые цены",Красноярск — Владивостокский — Хабаровск,99163.09999999987,131.3,1.74,1.1585916844865392,86.3,113.3,Пожарский муниципальный округ,799
Спасский,Приморский край,319,8,"Низкие зарплаты, дешёвые цены",Красноярск — Владивостокский — Хабаровск,74247.40000000017,98.3,2.33,1.1585916844865392,86.3,84.8,Спасский муниципальный район,800
Тернейский,Приморский край,327,8,"Низкие зарплаты, дешёвые цены",Красноярск — Владивостокский — Хабаровск,77899.60000000002,103.1,2.22,1.1585916844865392,86.3,89.0,Тернейский муниципальный округ,801
Ханкайский,Приморский край,319,8,"Низкие зарплаты, дешёвые цены",Красноярск — Владивостокский — Хабаровск,73387.70000000006,97.2,2.36,1.1585916844865392,86.3,83.9,Ханкайский муниципальный округ,802
Хасанский,Приморский край,328,8,"Низкие зарплаты, дешёвые цены",Красноярск — Владивостокский — Хабаровск,81322.30000000002,107.7,2.13,1.1585916844865392,86.3,92.9,Хасанский муниципальный округ,803
Хорольский,Приморский край,319,6,"Отрезанные, но высокооплачиваемые",Ишим — Кирово-Чепецк — Ашинский,68059.6,90.1,2.54,1.1585916844865392,86.3,77.8,Хорольский муниципальный округ,804
Черниговский,Приморский край,319,8,"Низкие зарплаты, дешёвые цены",Красноярск — Владивостокский — Хабаровск,75280.00000000006,99.7,2.3,1.1585916844865392,86.3,86.0,Черниговский муниципальный округ,805
Чугуевский,Приморский край,329,8,"Низкие зарплаты, дешёвые цены",Красноярск — Владивостокский — Хабаровск,64568.90000000008,85.5,2.68,1.1585916844865392,86.3,73.8,Чугуевский муниципальный округ,806
Шкотовский,Приморский край,256,8,"Низкие зарплаты, дешёвые цены",Красноярск — Владивостокский — Хабаровск,115314.50000000006,152.7,1.5,1.1585916844865392,86.3,131.8,Шкотовский муниципальный округ,807
Яковлевский,Приморский край,314,8,"Низкие зарплаты, дешёвые цены",Красноярск — Владивостокский — Хабаровск,67064.50000000009,88.8,2.58,1.1585916844865392,86.3,76.6,Яковлевский муниципальный округ,808
Ставрополь,Ставропольский край,330,4,Стареющие и изолированные,Екатеринбург — Пермский — Всеволожский,73824.19999999997,97.7,2.34,0.9850615242848988,101.5,99.2,городской округ город Ставрополь,809
Благодарненский,Ставропольский край,331,3,Пригороды мегаполисов,Вольский — Боровичский — Рузаевский,44098.50000000008,58.4,3.92,0.9850615242848988,101.5,59.3,Благодарненский муниципальный округ,810
Георгиевский,Ставропольский край,70,0,Северный Кавказ,Махачкала — Саранск — Владикавказ,39909.59999999991,52.8,4.33,0.9850615242848988,101.5,53.6,Георгиевский муниципальный округ,811
Ессентуки,Ставропольский край,70,4,Стареющие и изолированные,Екатеринбург — Пермский — Всеволожский,64029.50000000005,84.8,2.7,0.9850615242848988,101.5,86.1,городской округ город-курорт Ессентуки,812
Железноводск,Ставропольский край,70,0,Северный Кавказ,Махачкала — Саранск — Владикавказ,59471.70000000003,78.7,2.91,0.9850615242848988,101.5,79.9,городской округ город-курорт Железноводск,813
Изобильненский,Ставропольский край,330,2,Быстрый рост трат,Новосибирск — Казань — Нижний Новгород,56945.60000000004,75.4,3.04,0.9850615242848988,101.5,76.5,Изобильненский муниципальный округ,814
Ипатовский,Ставропольский край,332,3,Пригороды мегаполисов,Вольский — Боровичский — Рузаевский,41631.099999999984,55.1,4.16,0.9850615242848988,101.5,55.9,Ипатовский муниципальный округ,815
Кировский,Ставропольский край,70,1,Маркетплейс-провинция,Грязинский — Кинешма — Киреевский,47405.90000000001,62.8,3.65,0.9850615242848988,101.5,63.7,Кировский муниципальный округ,817
Лермонтов,Ставропольский край,70,4,Стареющие и изолированные,Екатеринбург — Пермский — Всеволожский,63479.70000000007,84.0,2.73,0.9850615242848988,101.5,85.3,городской округ город Лермонтов,818
Минераловодский,Ставропольский край,70,0,Северный Кавказ,Махачкала — Саранск — Владикавказ,53145.49999999999,70.4,3.26,0.9850615242848988,101.5,71.5,Минераловодский муниципальный округ,819
Невинномысск,Ставропольский край,80,2,Быстрый рост трат,Новосибирск — Казань — Нижний Новгород,74251.99999999988,98.3,2.33,0.9850615242848988,101.5,99.8,городской округ город Невинномысск,820
Нефтекумский,Ставропольский край,333,3,Пригороды мегаполисов,Вольский — Боровичский — Рузаевский,46082.3,61.0,3.75,0.9850615242848988,101.5,61.9,Нефтекумский муниципальный округ,821
Новоалександровский,Ставропольский край,334,3,Пригороды мегаполисов,Вольский — Боровичский — Рузаевский,45458.00000000003,60.2,3.81,0.9850615242848988,101.5,61.1,Новоалександровский муниципальный округ,822
Петровский,Ставропольский край,330,2,Быстрый рост трат,Новосибирск — Казань — Нижний Новгород,40774.60000000003,54.0,4.24,0.9850615242848988,101.5,54.8,Петровский муниципальный округ,823
Пятигорск,Ставропольский край,70,0,Северный Кавказ,Махачкала — Саранск — Владикавказ,64260.199999999975,85.1,2.69,0.9850615242848988,101.5,86.4,городской округ город-курорт Пятигорск,824
Советский,Ставропольский край,70,0,Северный Кавказ,Махачкала — Саранск — Владикавказ,42653.19999999997,56.5,4.06,0.9850615242848988,101.5,57.3,Советский муниципальный округ,825
Александровский,Ставропольский край,335,3,Пригороды мегаполисов,Вольский — Боровичский — Рузаевский,44256.79999999997,58.6,3.91,0.9850615242848988,101.5,59.5,Александровский муниципальный округ,826
Андроповский,Ставропольский край,336,3,Пригороды мегаполисов,Вольский — Боровичский — Рузаевский,47160.59999999992,62.4,3.67,0.9850615242848988,101.5,63.3,Андроповский муниципальный округ,827
Апанасенковский,Ставропольский край,332,3,Пригороды мегаполисов,Вольский — Боровичский — Рузаевский,42531.19999999997,56.3,4.07,0.9850615242848988,101.5,57.1,Апанасенковский муниципальный округ,828
Арзгирский,Ставропольский край,337,3,Пригороды мегаполисов,Вольский — Боровичский — Рузаевский,43853.19999999996,58.1,3.94,0.9850615242848988,101.5,59.0,Арзгирский муниципальный округ,829
Будённовский,Ставропольский край,333,2,Быстрый рост трат,Новосибирск — Казань — Нижний Новгород,54769.5000000001,72.5,3.16,0.9850615242848988,101.5,73.6,Будённовский муниципальный округ,830
Грачёвский,Ставропольский край,330,3,Пригороды мегаполисов,Вольский — Боровичский — Рузаевский,50188.10000000002,66.4,3.45,0.9850615242848988,101.5,67.4,Грачёвский муниципальный округ,831
Кочубеевский,Ставропольский край,80,2,Быстрый рост трат,Новосибирск — Казань — Нижний Новгород,53915.30000000009,71.4,3.21,0.9850615242848988,101.5,72.5,Кочубеевский муниципальный округ,832
Красногвардейский,Ставропольский край,334,1,Маркетплейс-провинция,Грязинский — Кинешма — Киреевский,58768.10000000008,77.8,2.94,0.9850615242848988,101.5,79.0,Красногвардейский муниципальный округ,833
Курский,Ставропольский край,338,0,Северный Кавказ,Махачкала — Саранск — Владикавказ,46725.09999999993,61.9,3.7,0.9850615242848988,101.5,62.8,Курский муниципальный округ,834
Левокумский,Ставропольский край,333,3,Пригороды мегаполисов,Вольский — Боровичский — Рузаевский,46735.2999999999,61.9,3.7,0.9850615242848988,101.5,62.8,Левокумский муниципальный округ,835
Новоселицкий,Ставропольский край,335,3,Пригороды мегаполисов,Вольский — Боровичский — Рузаевский,45695.59999999999,60.5,3.79,0.9850615242848988,101.5,61.4,Новоселицкий муниципальный округ,836
Степновский,Ставропольский край,338,3,Пригороды мегаполисов,Вольский — Боровичский — Рузаевский,45790.30000000003,60.6,3.78,0.9850615242848988,101.5,61.5,Степновский муниципальный округ,838
Труновский,Ставропольский край,330,3,Пригороды мегаполисов,Вольский — Боровичский — Рузаевский,52560.60000000011,69.6,3.29,0.9850615242848988,101.5,70.6,Труновский муниципальный округ,839
Туркменский,Ставропольский край,339,3,Пригороды мегаполисов,Вольский — Боровичский — Рузаевский,43555.59999999998,57.7,3.97,0.9850615242848988,101.5,58.6,Туркменский муниципальный округ,840
Шпаковский,Ставропольский край,330,2,Быстрый рост трат,Новосибирск — Казань — Нижний Новгород,59169.69999999994,78.3,2.92,0.9850615242848988,101.5,79.5,Шпаковский муниципальный округ,841
Хабаровск,Хабаровский край,340,13,"Растущие траты, ускоряющиеся цены",Калининград — Сосновоборский — Кольцово,106096.50000000026,140.5,1.63,1.1663330197917074,85.7,120.4,городской округ город Хабаровск,842
Комсомольск-на-Амуре,Хабаровский край,341,8,"Низкие зарплаты, дешёвые цены",Красноярск — Владивостокский — Хабаровск,97972.99999999993,129.7,1.77,1.1663330197917074,85.7,111.2,городской округ город Комсомольск-на-Амуре,843
Амурский,Хабаровский край,342,8,"Низкие зарплаты, дешёвые цены",Красноярск — Владивостокский — Хабаровск,93168.10000000006,123.4,1.86,1.1663330197917074,85.7,105.8,Амурский муниципальный район,844
Бикинский,Хабаровский край,343,8,"Низкие зарплаты, дешёвые цены",Красноярск — Владивостокский — Хабаровск,71458.50000000001,94.6,2.42,1.1663330197917074,85.7,81.1,Бикинский муниципальный район,846
Ванинский,Хабаровский край,344,12,Добывающий север с высокими зарплатами,Сургут — Нижневартовск — Норильск,115596.00000000007,153.0,1.5,1.1663330197917074,85.7,131.1,Ванинский муниципальный район,847
Верхнебуреинский,Хабаровский край,345,8,"Низкие зарплаты, дешёвые цены",Красноярск — Владивостокский — Хабаровск,131180.90000000008,173.7,1.32,1.1663330197917074,85.7,148.9,Верхнебуреинский муниципальный район,848
Вяземский,Хабаровский край,346,8,"Низкие зарплаты, дешёвые цены",Красноярск — Владивостокский — Хабаровск,60401.299999999945,80.0,2.86,1.1663330197917074,85.7,68.6,Вяземский муниципальный район,849
Комсомольский,Хабаровский край,341,4,Стареющие и изолированные,Екатеринбург — Пермский — Всеволожский,95187.7,126.0,1.82,1.1663330197917074,85.7,108.0,Комсомольский муниципальный район,850
Лазо,Хабаровский край,347,8,"Низкие зарплаты, дешёвые цены",Красноярск — Владивостокский — Хабаровск,62910.399999999965,83.3,2.75,1.1663330197917074,85.7,71.4,муниципальный район имени Лазо,851
Нанайский,Хабаровский край,348,8,"Низкие зарплаты, дешёвые цены",Красноярск — Владивостокский — Хабаровск,98058.09999999985,129.8,1.76,1.1663330197917074,85.7,111.2,Нанайский муниципальный район,852
Николаевский,Хабаровский край,349,8,"Низкие зарплаты, дешёвые цены",Красноярск — Владивостокский — Хабаровск,111410.9000000001,147.5,1.55,1.1663330197917074,85.7,126.4,Николаевский муниципальный район,853
Охотский,Хабаровский край,350,8,"Низкие зарплаты, дешёвые цены",Красноярск — Владивостокский — Хабаровск,128142.29999999976,169.7,1.35,1.1663330197917074,85.7,145.4,Охотский муниципальный округ,854
Полины Осипенко,Хабаровский край,351,8,"Низкие зарплаты, дешёвые цены",Красноярск — Владивостокский — Хабаровск,158798.80000000005,210.2,1.09,1.1663330197917074,85.7,180.1,муниципальный район имени Полины Осипенко,855
Советско-Гаванский,Хабаровский край,344,8,"Низкие зарплаты, дешёвые цены",Красноярск — Владивостокский — Хабаровск,94696.80000000008,125.4,1.83,1.1663330197917074,85.7,107.5,Советско-Гаванский муниципальный район,856
Солнечный,Хабаровский край,341,8,"Низкие зарплаты, дешёвые цены",Красноярск — Владивостокский — Хабаровск,93058.39999999992,123.2,1.86,1.1663330197917074,85.7,105.6,Солнечный муниципальный район,857
Тугуро-Чумиканский,Хабаровский край,352,8,"Низкие зарплаты, дешёвые цены",Красноярск — Владивостокский — Хабаровск,135771.59999999998,179.8,1.27,1.1663330197917074,85.7,154.1,Тугуро-Чумиканский муниципальный район,858
Ульчский,Хабаровский край,353,8,"Низкие зарплаты, дешёвые цены",Красноярск — Владивостокский — Хабаровск,83409.09999999993,110.4,2.07,1.1663330197917074,85.7,94.6,Ульчский муниципальный район,859
Хабаровский,Хабаровский край,340,4,Стареющие и изолированные,Екатеринбург — Пермский — Всеволожский,82059.09999999995,108.6,2.11,1.1663330197917074,85.7,93.1,Хабаровский муниципальный район,860
Белогорск,Амурская область,354,8,"Низкие зарплаты, дешёвые цены",Красноярск — Владивостокский — Хабаровск,86576.49999999997,114.6,2.0,1.0492664140434755,95.3,109.2,городской округ город Белогорск,862
Зея,Амурская область,355,8,"Низкие зарплаты, дешёвые цены",Красноярск — Владивостокский — Хабаровск,100191.80000000008,132.6,1.73,1.0492664140434755,95.3,126.4,городской округ город Зея,863
Райчихинск,Амурская область,356,6,"Отрезанные, но высокооплачиваемые",Ишим — Кирово-Чепецк — Ашинский,64430.90000000002,85.3,2.69,1.0492664140434755,95.3,81.3,городской округ город Райчихинск,864
Свободный,Амурская область,357,8,"Низкие зарплаты, дешёвые цены",Красноярск — Владивостокский — Хабаровск,118579.69999999998,157.0,1.46,1.0492664140434755,95.3,149.6,городской округ город Свободный,865
Тында,Амурская область,358,8,"Низкие зарплаты, дешёвые цены",Красноярск — Владивостокский — Хабаровск,128264.90000000008,169.8,1.35,1.0492664140434755,95.3,161.8,городской округ город Тында,866
Шимановск,Амурская область,359,6,"Отрезанные, но высокооплачиваемые",Ишим — Кирово-Чепецк — Ашинский,74311.99999999996,98.4,2.33,1.0492664140434755,95.3,93.8,городской округ город Шимановск,867
Прогресс,Амурская область,360,6,"Отрезанные, но высокооплачиваемые",Ишим — Кирово-Чепецк — Ашинский,70704.69999999998,93.6,2.45,1.0492664140434755,95.3,89.2,городской округ рабочий поселок (поселок городского типа) Прогресс,868
Архаринский,Амурская область,361,8,"Низкие зарплаты, дешёвые цены",Красноярск — Владивостокский — Хабаровск,86158.00000000003,114.1,2.01,1.0492664140434755,95.3,108.7,Архаринский муниципальный округ,870
Белогорский,Амурская область,362,8,"Низкие зарплаты, дешёвые цены",Красноярск — Владивостокский — Хабаровск,66226.20000000017,87.7,2.61,1.0492664140434755,95.3,83.6,Белогорский муниципальный округ,871
Благовещенский,Амурская область,363,4,Стареющие и изолированные,Екатеринбург — Пермский — Всеволожский,77201.59999999998,102.2,2.24,1.0492664140434755,95.3,97.4,Благовещенский муниципальный округ,872
Бурейский,Амурская область,364,8,"Низкие зарплаты, дешёвые цены",Красноярск — Владивостокский — Хабаровск,95304.5,126.2,1.82,1.0492664140434755,95.3,120.3,Бурейский муниципальный округ,873
Завитинский,Амурская область,365,6,"Отрезанные, но высокооплачиваемые",Ишим — Кирово-Чепецк — Ашинский,71923.90000000002,95.2,2.41,1.0492664140434755,95.3,90.7,Завитинский муниципальный округ,874
Зейский,Амурская область,366,8,"Низкие зарплаты, дешёвые цены",Красноярск — Владивостокский — Хабаровск,126833.1999999997,167.9,1.36,1.0492664140434755,95.3,160.0,Зейский муниципальный округ,875
Ивановский,Амурская область,363,8,"Низкие зарплаты, дешёвые цены",Красноярск — Владивостокский — Хабаровск,63576.59999999997,84.2,2.72,1.0492664140434755,95.3,80.2,Ивановский муниципальный округ,876
Константиновский,Амурская область,367,8,"Низкие зарплаты, дешёвые цены",Красноярск — Владивостокский — Хабаровск,68337.80000000018,90.5,2.53,1.0492664140434755,95.3,86.2,Константиновский муниципальный район,877
Магдагачинский,Амурская область,368,8,"Низкие зарплаты, дешёвые цены",Красноярск — Владивостокский — Хабаровск,119224.40000000002,157.8,1.45,1.0492664140434755,95.3,150.4,Магдагачинский муниципальный район,878
Мазановский,Амурская область,369,8,"Низкие зарплаты, дешёвые цены",Красноярск — Владивостокский — Хабаровск,65854.29999999994,87.2,2.63,1.0492664140434755,95.3,83.1,Мазановский муниципальный район,879
Михайловский,Амурская область,370,8,"Низкие зарплаты, дешёвые цены",Красноярск — Владивостокский — Хабаровск,70692.20000000016,93.6,2.45,1.0492664140434755,95.3,89.2,Михайловский муниципальный район,880
Октябрьский,Амурская область,371,8,"Низкие зарплаты, дешёвые цены",Красноярск — Владивостокский — Хабаровск,74927.2,99.2,2.31,1.0492664140434755,95.3,94.5,Октябрьский муниципальный район,881
Ромненский,Амурская область,372,8,"Низкие зарплаты, дешёвые цены",Красноярск — Владивостокский — Хабаровск,60963.79999999992,80.7,2.84,1.0492664140434755,95.3,76.9,Ромненский муниципальный округ,882
Свободненский,Амурская область,373,8,"Низкие зарплаты, дешёвые цены",Красноярск — Владивостокский — Хабаровск,227512.09999999995,301.2,0.76,1.0492664140434755,95.3,287.0,Свободненский муниципальный район,883
Селемджинский,Амурская область,374,8,"Низкие зарплаты, дешёвые цены",Красноярск — Владивостокский — Хабаровск,129060.5,170.9,1.34,1.0492664140434755,95.3,162.9,Селемджинский муниципальный район,884
Серышевский,Амурская область,362,8,"Низкие зарплаты, дешёвые цены",Красноярск — Владивостокский — Хабаровск,64016.89999999994,84.8,2.7,1.0492664140434755,95.3,80.8,Серышевский муниципальный округ,885
Сковородинский,Амурская область,375,8,"Низкие зарплаты, дешёвые цены",Красноярск — Владивостокский — Хабаровск,107406.69999999995,142.2,1.61,1.0492664140434755,95.3,135.5,Сковородинский муниципальный округ,886
Тамбовский,Амурская область,376,8,"Низкие зарплаты, дешёвые цены",Красноярск — Владивостокский — Хабаровск,71069.49999999997,94.1,2.43,1.0492664140434755,95.3,89.7,Тамбовский муниципальный округ,887
Тындинский,Амурская область,377,8,"Низкие зарплаты, дешёвые цены",Красноярск — Владивостокский — Хабаровск,142195.30000000025,188.3,1.22,1.0492664140434755,95.3,179.4,Тындинский муниципальный округ,888
Шимановский,Амурская область,378,8,"Низкие зарплаты, дешёвые цены",Красноярск — Владивостокский — Хабаровск,123760.59999999996,163.9,1.4,1.0492664140434755,95.3,156.2,Шимановский муниципальный округ,889
Архангельск,Архангельская область,379,2,Быстрый рост трат,Новосибирск — Казань — Нижний Новгород,91197.59999999998,120.7,1.9,1.0992669921663731,91.0,109.8,городской округ город Архангельск,890
Коряжма,Архангельская область,380,9,Середнячки со скромными расходами,Апатиты — Мончегорск — Кандалакшский,73622.19999999998,97.5,2.35,1.0992669921663731,91.0,88.7,городской округ город Коряжма,891
Котлас,Архангельская область,380,2,Быстрый рост трат,Новосибирск — Казань — Нижний Новгород,78418.50000000004,103.8,2.21,1.0992669921663731,91.0,94.5,городской округ Котлас,892
Новодвинск,Архангельская область,379,9,Середнячки со скромными расходами,Апатиты — Мончегорск — Кандалакшский,80850.19999999995,107.0,2.14,1.0992669921663731,91.0,97.4,городской округ город Новодвинск,895
Северодвинск,Архангельская область,379,12,Добывающий север с высокими зарплатами,Сургут — Нижневартовск — Норильск,92164.89999999994,122.0,1.88,1.0992669921663731,91.0,111.0,городской округ Северодвинск,896
Вельский,Архангельская область,381,9,Середнячки со скромными расходами,Апатиты — Мончегорск — Кандалакшский,71844.39999999997,95.1,2.41,1.0992669921663731,91.0,86.5,Вельский муниципальный район,897
Верхнетоемский,Архангельская область,382,6,"Отрезанные, но высокооплачиваемые",Ишим — Кирово-Чепецк — Ашинский,65286.40000000005,86.4,2.65,1.0992669921663731,91.0,78.6,Верхнетоемский муниципальный округ,898
Вилегодский,Архангельская область,383,6,"Отрезанные, но высокооплачиваемые",Ишим — Кирово-Чепецк — Ашинский,63714.00000000002,84.4,2.72,1.0992669921663731,91.0,76.8,муниципальный округ Вилегодский,899
Виноградовский,Архангельская область,384,6,"Отрезанные, но высокооплачиваемые",Ишим — Кирово-Чепецк — Ашинский,64888.90000000001,85.9,2.67,1.0992669921663731,91.0,78.2,Виноградовский муниципальный округ,900
Каргопольский,Архангельская область,385,9,Середнячки со скромными расходами,Апатиты — Мончегорск — Кандалакшский,59758.89999999998,79.1,2.89,1.0992669921663731,91.0,72.0,муниципальный округ Каргопольский,901
Коношский,Архангельская область,386,9,Середнячки со скромными расходами,Апатиты — Мончегорск — Кандалакшский,73751.9,97.6,2.35,1.0992669921663731,91.0,88.8,Коношский муниципальный район,902
Котласский,Архангельская область,380,9,Середнячки со скромными расходами,Апатиты — Мончегорск — Кандалакшский,94195.19999999995,124.7,1.84,1.0992669921663731,91.0,113.5,Котласский муниципальный округ,903
Красноборский,Архангельская область,387,6,"Отрезанные, но высокооплачиваемые",Ишим — Кирово-Чепецк — Ашинский,66348.3,87.8,2.61,1.0992669921663731,91.0,79.9,Красноборский муниципальный округ,904
Ленский,Архангельская область,388,9,Середнячки со скромными расходами,Апатиты — Мончегорск — Кандалакшский,87595.19999999987,116.0,1.97,1.0992669921663731,91.0,105.6,Ленский муниципальный район,905
Мезенский,Архангельская область,389,6,"Отрезанные, но высокооплачиваемые",Ишим — Кирово-Чепецк — Ашинский,106476.50000000023,141.0,1.62,1.0992669921663731,91.0,128.3,Мезенский муниципальный округ,907
Няндомский,Архангельская область,390,9,Середнячки со скромными расходами,Апатиты — Мончегорск — Кандалакшский,80817.50000000006,107.0,2.14,1.0992669921663731,91.0,97.4,Няндомский муниципальный округ,908
Онежский,Архангельская область,391,9,Середнячки со скромными расходами,Апатиты — Мончегорск — Кандалакшский,73165.6,96.9,2.36,1.0992669921663731,91.0,88.2,Онежский муниципальный район,909
Пинежский,Архангельская область,392,6,"Отрезанные, но высокооплачиваемые",Ишим — Кирово-Чепецк — Ашинский,85401.60000000022,113.1,2.03,1.0992669921663731,91.0,102.9,Пинежский муниципальный округ,910
Плесецкий,Архангельская область,393,9,Середнячки со скромными расходами,Апатиты — Мончегорск — Кандалакшский,70221.09999999998,93.0,2.46,1.0992669921663731,91.0,84.6,Плесецкий муниципальный округ,911
Приморский,Архангельская область,379,4,Стареющие и изолированные,Екатеринбург — Пермский — Всеволожский,86680.30000000002,114.8,2.0,1.0992669921663731,91.0,104.5,Приморский муниципальный округ,912
Устьянский,Архангельская область,394,9,Середнячки со скромными расходами,Апатиты — Мончегорск — Кандалакшский,75235.70000000004,99.6,2.3,1.0992669921663731,91.0,90.6,Устьянский муниципальный округ,913
Холмогорский,Архангельская область,395,9,Середнячки со скромными расходами,Апатиты — Мончегорск — Кандалакшский,71012.39999999997,94.0,2.44,1.0992669921663731,91.0,85.5,Холмогорский муниципальный округ,914
Шенкурский,Архангельская область,396,6,"Отрезанные, но высокооплачиваемые",Ишим — Кирово-Чепецк — Ашинский,60597.00000000005,80.2,2.85,1.0992669921663731,91.0,73.0,Шенкурский муниципальный округ,915
Нарьян-Мар,Ненецкий автономный округ,397,12,Добывающий север с высокими зарплатами,Сургут — Нижневартовск — Норильск,113701.89999999994,150.5,1.52,1.1995270064771886,83.4,125.5,городской округ город Нарьян-Мар,916
Заполярный,Ненецкий автономный округ,397,8,"Низкие зарплаты, дешёвые цены",Красноярск — Владивостокский — Хабаровск,158968.40000000005,210.5,1.09,1.1995270064771886,83.4,175.6,муниципальный район Заполярный район,917
Астрахань,Астраханская область,398,2,Быстрый рост трат,Новосибирск — Казань — Нижний Новгород,66194.19999999998,87.6,2.61,0.8618299796206131,116.0,101.6,городской округ город Астрахань,918
Ахтубинский,Астраханская область,399,1,Маркетплейс-провинция,Грязинский — Кинешма — Киреевский,54862.49999999996,72.6,3.15,0.8618299796206131,116.0,84.2,Ахтубинский муниципальный район,920
Володарский,Астраханская область,398,7,Дальневосточная периферия,Омский — Азнакаевский — Нурлатский,40133.09999999992,53.1,4.31,0.8618299796206131,116.0,61.6,Володарский муниципальный район,921
Енотаевский,Астраханская область,78,1,Маркетплейс-провинция,Грязинский — Кинешма — Киреевский,69841.99999999994,92.5,2.48,0.8618299796206131,116.0,107.3,Енотаевский муниципальный район,922
Икрянинский,Астраханская область,398,1,Маркетплейс-провинция,Грязинский — Кинешма — Киреевский,40442.600000000006,53.5,4.28,0.8618299796206131,116.0,62.1,Икрянинский муниципальный район,923
Камызякский,Астраханская область,398,3,Пригороды мегаполисов,Вольский — Боровичский — Рузаевский,39760.59999999997,52.6,4.35,0.8618299796206131,116.0,61.0,Камызякский муниципальный район,924
Красноярский,Астраханская область,398,9,Середнячки со скромными расходами,Апатиты — Мончегорск — Кандалакшский,109649.2000000002,145.2,1.58,0.8618299796206131,116.0,168.4,Красноярский муниципальный район,925
Лиманский,Астраханская область,400,5,Дёшевые и скромные,Минусинск — Тайшетский — Саяногорск,49802.50000000002,65.9,3.47,0.8618299796206131,116.0,76.4,Лиманский муниципальный район,926
Наримановский,Астраханская область,398,2,Быстрый рост трат,Новосибирск — Казань — Нижний Новгород,78100.69999999995,103.4,2.22,0.8618299796206131,116.0,119.9,Наримановский муниципальный район,927
Приволжский,Астраханская область,398,4,Стареющие и изолированные,Екатеринбург — Пермский — Всеволожский,50571.49999999999,67.0,3.42,0.8618299796206131,116.0,77.7,Приволжский муниципальный район,928
Харабалинский,Астраханская область,401,3,Пригороды мегаполисов,Вольский — Боровичский — Рузаевский,51867.29999999997,68.7,3.34,0.8618299796206131,116.0,79.7,Харабалинский муниципальный район,929
Черноярский,Астраханская область,402,10,Стареющие с низкой инфляцией,Рославльский — Сухой Лог — Верхнесалдинский,51028.800000000105,67.6,3.39,0.8618299796206131,116.0,78.4,Черноярский муниципальный район,930
Владимир,Владимирская область,403,4,Стареющие и изолированные,Екатеринбург — Пермский — Всеволожский,73898.5,97.8,2.34,1.00314065577605,99.7,97.5,городской округ город Владимир,986
Гусь-Хрустальный,Владимирская область,403,2,Быстрый рост трат,Новосибирск — Казань — Нижний Новгород,62463.19999999993,82.7,2.77,1.00314065577605,99.7,82.5,городской округ город Гусь-Хрустальный,987
Ковров,Владимирская область,403,2,Быстрый рост трат,Новосибирск — Казань — Нижний Новгород,72958.89999999994,96.6,2.37,1.00314065577605,99.7,96.3,городской округ город Ковров,988
Муром,Владимирская область,404,2,Быстрый рост трат,Новосибирск — Казань — Нижний Новгород,66886.90000000001,88.6,2.59,1.00314065577605,99.7,88.3,городской округ округ Муром,989
Александровский,Владимирская область,403,4,Стареющие и изолированные,Екатеринбург — Пермский — Всеволожский,63364.60000000004,83.9,2.73,1.00314065577605,99.7,83.6,Александровский муниципальный район,991
Вязниковский,Владимирская область,119,3,Пригороды мегаполисов,Вольский — Боровичский — Рузаевский,49634.90000000003,65.7,3.49,1.00314065577605,99.7,65.5,Вязниковский муниципальный район,992
Гороховецкий,Владимирская область,119,1,Маркетплейс-провинция,Грязинский — Кинешма — Киреевский,62567.80000000003,82.8,2.77,1.00314065577605,99.7,82.6,Гороховецкий муниципальный район,993
Гусь-Хрустальный,Владимирская область,403,10,Стареющие с низкой инфляцией,Рославльский — Сухой Лог — Верхнесалдинский,56544.80000000005,74.9,3.06,1.00314065577605,99.7,74.7,Гусь-Хрустальный муниципальный район,994
Камешковский,Владимирская область,403,1,Маркетплейс-провинция,Грязинский — Кинешма — Киреевский,65450.000000000015,86.7,2.64,1.00314065577605,99.7,86.4,Камешковский муниципальный район,995
Киржачский,Владимирская область,403,4,Стареющие и изолированные,Екатеринбург — Пермский — Всеволожский,77759.49999999997,102.9,2.22,1.00314065577605,99.7,102.6,Киржачский муниципальный район,996
Кольчугинский,Владимирская область,403,2,Быстрый рост трат,Новосибирск — Казань — Нижний Новгород,65079.99999999997,86.2,2.66,1.00314065577605,99.7,85.9,Кольчугинский муниципальный район,998
Меленковский,Владимирская область,404,10,Стареющие с низкой инфляцией,Рославльский — Сухой Лог — Верхнесалдинский,50159.09999999988,66.4,3.45,1.00314065577605,99.7,66.2,Меленковский муниципальный район,999
Петушинский,Владимирская область,403,4,Стареющие и изолированные,Екатеринбург — Пермский — Всеволожский,78611.20000000003,104.1,2.2,1.00314065577605,99.7,103.8,Петушинский муниципальный район,1001
Селивановский,Владимирская область,404,10,Стареющие с низкой инфляцией,Рославльский — Сухой Лог — Верхнесалдинский,52714.2999999999,69.8,3.28,1.00314065577605,99.7,69.6,Селивановский муниципальный район,1002
Собинский,Владимирская область,403,1,Маркетплейс-провинция,Грязинский — Кинешма — Киреевский,68552.50000000017,90.8,2.52,1.00314065577605,99.7,90.5,Собинский муниципальный район,1003
Судогодский,Владимирская область,403,10,Стареющие с низкой инфляцией,Рославльский — Сухой Лог — Верхнесалдинский,53831.40000000008,71.3,3.21,1.00314065577605,99.7,71.1,Судогодский муниципальный район,1004
Суздальский,Владимирская область,403,4,Стареющие и изолированные,Екатеринбург — Пермский — Всеволожский,63652.29999999996,84.3,2.72,1.00314065577605,99.7,84.0,Суздальский муниципальный район,1005
Юрьев-Польский,Владимирская область,403,1,Маркетплейс-провинция,Грязинский — Кинешма — Киреевский,58722.30000000008,77.7,2.95,1.00314065577605,99.7,77.5,Юрьев-Польский муниципальный район,1006
Волгоград,Волгоградская область,405,4,Стареющие и изолированные,Екатеринбург — Пермский — Всеволожский,68989.90000000001,91.3,2.51,0.8777055596202018,113.9,104.0,городской округ город-герой Волгоград,1007
Волжский,Волгоградская область,405,2,Быстрый рост трат,Новосибирск — Казань — Нижний Новгород,67975.59999999999,90.0,2.55,0.8777055596202018,113.9,102.5,городской округ город Волжский,1008
Камышин,Волгоградская область,406,2,Быстрый рост трат,Новосибирск — Казань — Нижний Новгород,50409.50000000001,66.7,3.43,0.8777055596202018,113.9,76.0,городской округ город Камышин,1009
Михайловка,Волгоградская область,407,2,Быстрый рост трат,Новосибирск — Казань — Нижний Новгород,51608.39999999996,68.3,3.35,0.8777055596202018,113.9,77.8,городской округ город Михайловка,1010
Урюпинск,Волгоградская область,408,2,Быстрый рост трат,Новосибирск — Казань — Нижний Новгород,47746.30000000002,63.2,3.62,0.8777055596202018,113.9,72.0,городской округ город Урюпинск,1011
Фролово,Волгоградская область,409,3,Пригороды мегаполисов,Вольский — Боровичский — Рузаевский,52506.00000000005,69.5,3.29,0.8777055596202018,113.9,79.2,городской округ город Фролово,1012
Алексеевский,Волгоградская область,410,3,Пригороды мегаполисов,Вольский — Боровичский — Рузаевский,56323.49999999988,74.6,3.07,0.8777055596202018,113.9,85.0,Алексеевский муниципальный район,1013
Быковский,Волгоградская область,411,3,Пригороды мегаполисов,Вольский — Боровичский — Рузаевский,47241.50000000002,62.5,3.66,0.8777055596202018,113.9,71.2,Быковский муниципальный район,1014
Городищенский,Волгоградская область,405,1,Маркетплейс-провинция,Грязинский — Кинешма — Киреевский,64417.59999999998,85.3,2.69,0.8777055596202018,113.9,97.2,Городищенский муниципальный район,1015
Даниловский,Волгоградская область,412,3,Пригороды мегаполисов,Вольский — Боровичский — Рузаевский,46810.30000000002,62.0,3.7,0.8777055596202018,113.9,70.6,Даниловский муниципальный район,1016
Дубовский,Волгоградская область,405,1,Маркетплейс-провинция,Грязинский — Кинешма — Киреевский,59846.70000000003,79.2,2.89,0.8777055596202018,113.9,90.2,Дубовский муниципальный район,1017
Еланский,Волгоградская область,413,3,Пригороды мегаполисов,Вольский — Боровичский — Рузаевский,53337.79999999997,70.6,3.24,0.8777055596202018,113.9,80.4,Еланский муниципальный район,1018
Жирновский,Волгоградская область,414,1,Маркетплейс-провинция,Грязинский — Кинешма — Киреевский,51685.59999999997,68.4,3.35,0.8777055596202018,113.9,77.9,Жирновский муниципальный район,1019
Иловлинский,Волгоградская область,415,10,Стареющие с низкой инфляцией,Рославльский — Сухой Лог — Верхнесалдинский,55517.80000000003,73.5,3.12,0.8777055596202018,113.9,83.7,Иловлинский муниципальный район,1020
Калачевский,Волгоградская область,416,3,Пригороды мегаполисов,Вольский — Боровичский — Рузаевский,50032.60000000004,66.2,3.46,0.8777055596202018,113.9,75.4,Калачевский муниципальный район,1021
Киквидзенский,Волгоградская область,410,3,Пригороды мегаполисов,Вольский — Боровичский — Рузаевский,44522.49999999996,58.9,3.89,0.8777055596202018,113.9,67.1,Киквидзенский муниципальный район,1023
Клетский,Волгоградская область,417,3,Пригороды мегаполисов,Вольский — Боровичский — Рузаевский,48814.30000000008,64.6,3.54,0.8777055596202018,113.9,73.6,Клетский муниципальный район,1024
Котельниковский,Волгоградская область,418,1,Маркетплейс-провинция,Грязинский — Кинешма — Киреевский,91629.69999999995,121.3,1.89,0.8777055596202018,113.9,138.2,Котельниковский муниципальный район,1025
Котовский,Волгоградская область,419,10,Стареющие с низкой инфляцией,Рославльский — Сухой Лог — Верхнесалдинский,57339.30000000003,75.9,3.02,0.8777055596202018,113.9,86.5,Котовский муниципальный район,1026
Кумылженский,Волгоградская область,420,3,Пригороды мегаполисов,Вольский — Боровичский — Рузаевский,46230.29999999997,61.2,3.74,0.8777055596202018,113.9,69.7,Кумылженский муниципальный район,1027
Ленинский,Волгоградская область,405,3,Пригороды мегаполисов,Вольский — Боровичский — Рузаевский,42144.100000000086,55.8,4.1,0.8777055596202018,113.9,63.6,Ленинский муниципальный район,1028
Нехаевский,Волгоградская область,421,3,Пригороды мегаполисов,Вольский — Боровичский — Рузаевский,46398.99999999998,61.4,3.73,0.8777055596202018,113.9,69.9,Нехаевский муниципальный район,1029
Николаевский,Волгоградская область,411,3,Пригороды мегаполисов,Вольский — Боровичский — Рузаевский,48588.80000000006,64.3,3.56,0.8777055596202018,113.9,73.2,Николаевский муниципальный район,1030
Новоаннинский,Волгоградская область,410,3,Пригороды мегаполисов,Вольский — Боровичский — Рузаевский,48591.69999999995,64.3,3.56,0.8777055596202018,113.9,73.2,Новоаннинский муниципальный район,1031
Новониколаевский,Волгоградская область,408,3,Пригороды мегаполисов,Вольский — Боровичский — Рузаевский,48614.90000000004,64.4,3.56,0.8777055596202018,113.9,73.4,Новониколаевский муниципальный район,1032
Октябрьский,Волгоградская область,422,1,Маркетплейс-провинция,Грязинский — Кинешма — Киреевский,51795.1000000001,68.6,3.34,0.8777055596202018,113.9,78.1,Октябрьский муниципальный район,1033
Ольховский,Волгоградская область,423,1,Маркетплейс-провинция,Грязинский — Кинешма — Киреевский,57618.60000000005,76.3,3.0,0.8777055596202018,113.9,86.9,Ольховский муниципальный район,1034
Палласовский,Волгоградская область,424,3,Пригороды мегаполисов,Вольский — Боровичский — Рузаевский,45990.7,60.9,3.76,0.8777055596202018,113.9,69.4,Палласовский муниципальный район,1035
Руднянский,Волгоградская область,414,3,Пригороды мегаполисов,Вольский — Боровичский — Рузаевский,45231.999999999935,59.9,3.82,0.8777055596202018,113.9,68.2,Руднянский муниципальный район,1036
Светлоярский,Волгоградская область,425,3,Пригороды мегаполисов,Вольский — Боровичский — Рузаевский,60865.20000000001,80.6,2.84,0.8777055596202018,113.9,91.8,Светлоярский муниципальный район,1037
Серафимовичский,Волгоградская область,426,3,Пригороды мегаполисов,Вольский — Боровичский — Рузаевский,47142.19999999997,62.4,3.67,0.8777055596202018,113.9,71.1,Серафимовичский муниципальный район,1038
Среднеахтубинский,Волгоградская область,405,2,Быстрый рост трат,Новосибирск — Казань — Нижний Новгород,63569.59999999995,84.2,2.72,0.8777055596202018,113.9,95.9,Среднеахтубинский муниципальный район,1039
Старополтавский,Волгоградская область,427,3,Пригороды мегаполисов,Вольский — Боровичский — Рузаевский,45600.50000000001,60.4,3.79,0.8777055596202018,113.9,68.8,Старополтавский муниципальный район,1040
Суровикинский,Волгоградская область,428,3,Пригороды мегаполисов,Вольский — Боровичский — Рузаевский,41044.99999999999,54.3,4.21,0.8777055596202018,113.9,61.8,Суровикинский муниципальный район,1041
Фроловский,Волгоградская область,409,1,Маркетплейс-провинция,Грязинский — Кинешма — Киреевский,42626.300000000025,56.4,4.06,0.8777055596202018,113.9,64.2,Фроловский муниципальный район,1043
Чернышковский,Волгоградская область,429,3,Пригороды мегаполисов,Вольский — Боровичский — Рузаевский,47213.49999999989,62.5,3.66,0.8777055596202018,113.9,71.2,Чернышковский муниципальный район,1044
Бабаевский,Вологодская область,430,9,Середнячки со скромными расходами,Апатиты — Мончегорск — Кандалакшский,72928.99999999996,96.6,2.37,1.0380214956789733,96.3,93.0,Бабаевский муниципальный округ,1047
Бабушкинский,Вологодская область,431,7,Дальневосточная периферия,Омский — Азнакаевский — Нурлатский,54216.20000000009,71.8,3.19,1.0380214956789733,96.3,69.1,Бабушкинский муниципальный округ,1048
Белозерский,Вологодская область,432,9,Середнячки со скромными расходами,Апатиты — Мончегорск — Кандалакшский,58608.89999999992,77.6,2.95,1.0380214956789733,96.3,74.7,Белозерский муниципальный округ,1049
Великоустюгский,Вологодская область,433,5,Дёшевые и скромные,Минусинск — Тайшетский — Саяногорск,55556.50000000004,73.6,3.11,1.0380214956789733,96.3,70.9,Великоустюгский муниципальный округ,1051
Верховажский,Вологодская область,381,6,"Отрезанные, но высокооплачиваемые",Ишим — Кирово-Чепецк — Ашинский,50373.099999999984,66.7,3.43,1.0380214956789733,96.3,64.2,Верховажский муниципальный округ,1052
Вожегодский,Вологодская область,434,9,Середнячки со скромными расходами,Апатиты — Мончегорск — Кандалакшский,61437.39999999996,81.3,2.82,1.0380214956789733,96.3,78.3,Вожегодский муниципальный округ,1053
Вологодский,Вологодская область,435,2,Быстрый рост трат,Новосибирск — Казань — Нижний Новгород,62777.50000000015,83.1,2.76,1.0380214956789733,96.3,80.0,Вологодский муниципальный округ,1054
Вытегорский,Вологодская область,436,9,Середнячки со скромными расходами,Апатиты — Мончегорск — Кандалакшский,70995.29999999997,94.0,2.44,1.0380214956789733,96.3,90.5,Вытегорский муниципальный район,1055
Грязовецкий,Вологодская область,435,9,Середнячки со скромными расходами,Апатиты — Мончегорск — Кандалакшский,70748.99999999997,93.7,2.45,1.0380214956789733,96.3,90.2,Грязовецкий муниципальный округ,1056
Кадуйский,Вологодская область,437,9,Середнячки со скромными расходами,Апатиты — Мончегорск — Кандалакшский,72910.79999999993,96.5,2.37,1.0380214956789733,96.3,92.9,Кадуйский муниципальный округ,1057
Кирилловский,Вологодская область,438,10,Стареющие с низкой инфляцией,Рославльский — Сухой Лог — Верхнесалдинский,55213.100000000006,73.1,3.13,1.0380214956789733,96.3,70.4,Кирилловский муниципальный округ,1058
Кичменгско-Городецкий,Вологодская область,439,7,Дальневосточная периферия,Омский — Азнакаевский — Нурлатский,47517.89999999997,62.9,3.64,1.0380214956789733,96.3,60.6,Кичменгско-Городецкий муниципальный округ,1059
Междуреченский,Вологодская область,440,10,Стареющие с низкой инфляцией,Рославльский — Сухой Лог — Верхнесалдинский,51162.50000000013,67.7,3.38,1.0380214956789733,96.3,65.2,Междуреченский муниципальный округ,1060
Никольский,Вологодская область,441,7,Дальневосточная периферия,Омский — Азнакаевский — Нурлатский,48311.399999999965,64.0,3.58,1.0380214956789733,96.3,61.6,Никольский муниципальный округ,1061
Нюксенский,Вологодская область,442,9,Середнячки со скромными расходами,Апатиты — Мончегорск — Кандалакшский,71691.60000000014,94.9,2.41,1.0380214956789733,96.3,91.4,Нюксенский муниципальный округ,1062
Сокольский,Вологодская область,435,10,Стареющие с низкой инфляцией,Рославльский — Сухой Лог — Верхнесалдинский,60325.80000000004,79.9,2.87,1.0380214956789733,96.3,76.9,Сокольский муниципальный округ,1063
Сямженский,Вологодская область,443,10,Стареющие с низкой инфляцией,Рославльский — Сухой Лог — Верхнесалдинский,58762.199999999946,77.8,2.94,1.0380214956789733,96.3,74.9,Сямженский муниципальный округ,1064
Тарногский,Вологодская область,442,6,"Отрезанные, но высокооплачиваемые",Ишим — Кирово-Чепецк — Ашинский,53705.200000000106,71.1,3.22,1.0380214956789733,96.3,68.5,Тарногский муниципальный округ,1065
Тотемский,Вологодская область,431,9,Середнячки со скромными расходами,Апатиты — Мончегорск — Кандалакшский,62840.199999999975,83.2,2.75,1.0380214956789733,96.3,80.1,Тотемский муниципальный округ,1066
Усть-Кубинский,Вологодская область,435,10,Стареющие с низкой инфляцией,Рославльский — Сухой Лог — Верхнесалдинский,52990.20000000008,70.2,3.26,1.0380214956789733,96.3,67.6,Усть-Кубинский муниципальный округ,1067
Устюженский,Вологодская область,444,11,Стареющие с низкими зарплатами,Ростовский — Шарья — Шахунья,51007.90000000002,67.5,3.39,1.0380214956789733,96.3,65.0,Устюженский муниципальный округ,1068
Харовский,Вологодская область,445,10,Стареющие с низкой инфляцией,Рославльский — Сухой Лог — Верхнесалдинский,56509.69999999992,74.8,3.06,1.0380214956789733,96.3,72.0,Харовский муниципальный округ,1069
Чагодощенский,Вологодская область,446,1,Маркетплейс-провинция,Грязинский — Кинешма — Киреевский,65786.90000000002,87.1,2.63,1.0380214956789733,96.3,83.9,Чагодощенский муниципальный округ,1070
Череповецкий,Вологодская область,447,4,Стареющие и изолированные,Екатеринбург — Пермский — Всеволожский,77639.89999999997,102.8,2.23,1.0380214956789733,96.3,99.0,Череповецкий муниципальный район,1071
Шекснинский,Вологодская область,448,9,Середнячки со скромными расходами,Апатиты — Мончегорск — Кандалакшский,64438.19999999997,85.3,2.68,1.0380214956789733,96.3,82.1,Шекснинский муниципальный район,1072
Иваново,Ивановская область,403,4,Стареющие и изолированные,Екатеринбург — Пермский — Всеволожский,60499.50000000001,80.1,2.86,0.9551279276940396,104.7,83.9,городской округ Иваново,1107
Вичуга,Ивановская область,403,1,Маркетплейс-провинция,Грязинский — Кинешма — Киреевский,38989.20000000003,51.6,4.44,0.9551279276940396,104.7,54.0,городской округ Вичуга,1108
Кинешма,Ивановская область,403,2,Быстрый рост трат,Новосибирск — Казань — Нижний Новгород,45411.700000000026,60.1,3.81,0.9551279276940396,104.7,62.9,городской округ Кинешма,1109
Кохма,Ивановская область,403,1,Маркетплейс-провинция,Грязинский — Кинешма — Киреевский,48308.39999999997,64.0,3.58,0.9551279276940396,104.7,67.0,городской округ Кохма,1110
Тейково,Ивановская область,403,10,Стареющие с низкой инфляцией,Рославльский — Сухой Лог — Верхнесалдинский,43157.19999999995,57.1,4.01,0.9551279276940396,104.7,59.8,городской округ Тейково,1111
Шуя,Ивановская область,403,1,Маркетплейс-провинция,Грязинский — Кинешма — Киреевский,53084.59999999995,70.3,3.26,0.9551279276940396,104.7,73.6,городской округ Шуя,1112
Вичугский,Ивановская область,403,1,Маркетплейс-провинция,Грязинский — Кинешма — Киреевский,39526.39999999997,52.3,4.38,0.9551279276940396,104.7,54.8,Вичугский муниципальный район,1113
Гаврилово-Посадский,Ивановская область,403,11,Стареющие с низкими зарплатами,Ростовский — Шарья — Шахунья,47938.50000000003,63.5,3.61,0.9551279276940396,104.7,66.5,Гаврилово-Посадский муниципальный район,1115
Заволжский,Ивановская область,403,1,Маркетплейс-провинция,Грязинский — Кинешма — Киреевский,41322.10000000002,54.7,4.19,0.9551279276940396,104.7,57.3,Заволжский муниципальный район,1116
Ивановский,Ивановская область,403,4,Стареющие и изолированные,Екатеринбург — Пермский — Всеволожский,62846.80000000002,83.2,2.75,0.9551279276940396,104.7,87.1,Ивановский муниципальный район,1117
Ильинский,Ивановская область,403,1,Маркетплейс-провинция,Грязинский — Кинешма — Киреевский,42474.40000000007,56.2,4.07,0.9551279276940396,104.7,58.8,Ильинский муниципальный район,1118
Кинешемский,Ивановская область,403,1,Маркетплейс-провинция,Грязинский — Кинешма — Киреевский,43331.09999999996,57.4,3.99,0.9551279276940396,104.7,60.1,Кинешемский муниципальный район,1119
Комсомольский,Ивановская область,403,1,Маркетплейс-провинция,Грязинский — Кинешма — Киреевский,55184.80000000002,73.1,3.13,0.9551279276940396,104.7,76.5,Комсомольский муниципальный район,1120
Лежневский,Ивановская область,403,10,Стареющие с низкой инфляцией,Рославльский — Сухой Лог — Верхнесалдинский,58888.50000000003,78.0,2.94,0.9551279276940396,104.7,81.7,Лежневский муниципальный район,1121
Лухский,Ивановская область,403,10,Стареющие с низкой инфляцией,Рославльский — Сухой Лог — Верхнесалдинский,40833.49999999996,54.1,4.24,0.9551279276940396,104.7,56.6,Лухский муниципальный район,1122
Палехский,Ивановская область,403,1,Маркетплейс-провинция,Грязинский — Кинешма — Киреевский,48757.9999999999,64.6,3.55,0.9551279276940396,104.7,67.6,Палехский муниципальный район,1123
Пестяковский,Ивановская область,449,10,Стареющие с низкой инфляцией,Рославльский — Сухой Лог — Верхнесалдинский,42939.300000000025,56.8,4.03,0.9551279276940396,104.7,59.5,Пестяковский муниципальный район,1124
Приволжский,Ивановская область,403,1,Маркетплейс-провинция,Грязинский — Кинешма — Киреевский,49070.00000000006,65.0,3.53,0.9551279276940396,104.7,68.1,Приволжский муниципальный район,1125
Пучежский,Ивановская область,449,11,Стареющие с низкими зарплатами,Ростовский — Шарья — Шахунья,42853.90000000003,56.7,4.04,0.9551279276940396,104.7,59.4,Пучежский муниципальный район,1126
Родниковский,Ивановская область,403,1,Маркетплейс-провинция,Грязинский — Кинешма — Киреевский,44956.0,59.5,3.85,0.9551279276940396,104.7,62.3,Родниковский муниципальный район,1127
Савинский,Ивановская область,403,11,Стареющие с низкими зарплатами,Ростовский — Шарья — Шахунья,44763.1,59.3,3.86,0.9551279276940396,104.7,62.1,Савинский муниципальный район,1128
Тейковский,Ивановская область,403,10,Стареющие с низкой инфляцией,Рославльский — Сухой Лог — Верхнесалдинский,41697.300000000025,55.2,4.15,0.9551279276940396,104.7,57.8,Тейковский муниципальный район,1129
Фурмановский,Ивановская область,403,10,Стареющие с низкой инфляцией,Рославльский — Сухой Лог — Верхнесалдинский,55508.59999999995,73.5,3.12,0.9551279276940396,104.7,77.0,Фурмановский муниципальный район,1130
Шуйский,Ивановская область,403,2,Быстрый рост трат,Новосибирск — Казань — Нижний Новгород,42714.79999999997,56.6,4.05,0.9551279276940396,104.7,59.3,Шуйский муниципальный район,1131
Южский,Ивановская область,403,1,Маркетплейс-провинция,Грязинский — Кинешма — Киреевский,46097.49999999999,61.0,3.75,0.9551279276940396,104.7,63.9,Южский муниципальный район,1132
Юрьевецкий,Ивановская область,449,1,Маркетплейс-провинция,Грязинский — Кинешма — Киреевский,39514.99999999996,52.3,4.38,0.9551279276940396,104.7,54.8,Юрьевецкий муниципальный район,1133
Иркутск,Иркутская область,450,13,"Растущие траты, ускоряющиеся цены",Калининград — Сосновоборский — Кольцово,100088.5,132.5,1.73,0.9389871383828368,106.5,141.1,городской округ город Иркутск,1134
Ангарский,Иркутская область,450,2,Быстрый рост трат,Новосибирск — Казань — Нижний Новгород,81000.10000000017,107.2,2.14,0.9389871383828368,106.5,114.2,городской округ Ангарский,1135
Братск,Иркутская область,451,8,"Низкие зарплаты, дешёвые цены",Красноярск — Владивостокский — Хабаровск,92228.99999999994,122.1,1.88,0.9389871383828368,106.5,130.0,городской округ город Братск,1136
Зима,Иркутская область,452,5,Дёшевые и скромные,Минусинск — Тайшетский — Саяногорск,78591.89999999994,104.1,2.2,0.9389871383828368,106.5,110.9,городской округ Зима,1137
Саянск,Иркутская область,452,5,Дёшевые и скромные,Минусинск — Тайшетский — Саяногорск,68906.50000000009,91.2,2.51,0.9389871383828368,106.5,97.1,городской округ город Саянск,1138
Тулун,Иркутская область,453,5,Дёшевые и скромные,Минусинск — Тайшетский — Саяногорск,66572.89999999995,88.1,2.6,0.9389871383828368,106.5,93.8,городской округ город Тулун,1139
Усолье-Сибирское,Иркутская область,450,5,Дёшевые и скромные,Минусинск — Тайшетский — Саяногорск,65751.69999999995,87.1,2.63,0.9389871383828368,106.5,92.8,городской округ город Усолье-Сибирское,1140
Усть-Илимск,Иркутская область,454,9,Середнячки со скромными расходами,Апатиты — Мончегорск — Кандалакшский,87337.59999999982,115.6,1.98,0.9389871383828368,106.5,123.1,городской округ город Усть-Илимск,1141
Черемхово,Иркутская область,455,5,Дёшевые и скромные,Минусинск — Тайшетский — Саяногорск,69323.60000000012,91.8,2.5,0.9389871383828368,106.5,97.8,городской округ город Черемхово,1142
Свирск,Иркутская область,455,5,Дёшевые и скромные,Минусинск — Тайшетский — Саяногорск,62609.40000000001,82.9,2.76,0.9389871383828368,106.5,88.3,городской округ город Свирск,1143
Балаганский,Иркутская область,456,5,Дёшевые и скромные,Минусинск — Тайшетский — Саяногорск,62240.39999999995,82.4,2.78,0.9389871383828368,106.5,87.8,Балаганский муниципальный район,1144
Братский,Иркутская область,451,9,Середнячки со скромными расходами,Апатиты — Мончегорск — Кандалакшский,87830.90000000001,116.3,1.97,0.9389871383828368,106.5,123.9,Братский муниципальный район,1146
Жигаловский,Иркутская область,457,4,Стареющие и изолированные,Екатеринбург — Пермский — Всеволожский,126671.09999999998,167.7,1.37,0.9389871383828368,106.5,178.6,Жигаловский муниципальный район,1147
Заларинский,Иркутская область,455,5,Дёшевые и скромные,Минусинск — Тайшетский — Саяногорск,63924.60000000005,84.6,2.71,0.9389871383828368,106.5,90.1,Заларинский муниципальный район,1148
Зиминский,Иркутская область,452,5,Дёшевые и скромные,Минусинск — Тайшетский — Саяногорск,61874.50000000012,81.9,2.8,0.9389871383828368,106.5,87.2,Зиминский муниципальный район,1149
Иркутский,Иркутская область,450,4,Стареющие и изолированные,Екатеринбург — Пермский — Всеволожский,65699.49999999999,87.0,2.63,0.9389871383828368,106.5,92.7,Иркутский муниципальный район,1150
Казачинско-Ленский,Иркутская область,458,2,Быстрый рост трат,Новосибирск — Казань — Нижний Новгород,121226.19999999995,160.5,1.43,0.9389871383828368,106.5,170.9,Казачинско-Ленский муниципальный район,1151
Катангский,Иркутская область,459,8,"Низкие зарплаты, дешёвые цены",Красноярск — Владивостокский — Хабаровск,153356.8000000001,203.0,1.13,0.9389871383828368,106.5,216.2,Катангский муниципальный район,1152
Качугский,Иркутская область,460,5,Дёшевые и скромные,Минусинск — Тайшетский — Саяногорск,62604.09999999996,82.9,2.76,0.9389871383828368,106.5,88.3,Качугский муниципальный район,1153
Киренский,Иркутская область,461,2,Быстрый рост трат,Новосибирск — Казань — Нижний Новгород,117123.6999999999,155.1,1.48,0.9389871383828368,106.5,165.2,Киренский муниципальный район,1154
Куйтунский,Иркутская область,462,5,Дёшевые и скромные,Минусинск — Тайшетский — Саяногорск,60342.79999999998,79.9,2.87,0.9389871383828368,106.5,85.1,Куйтунский муниципальный район,1155
Нижнеилимский,Иркутская область,463,9,Середнячки со скромными расходами,Апатиты — Мончегорск — Кандалакшский,92977.70000000008,123.1,1.86,0.9389871383828368,106.5,131.1,Нижнеилимский муниципальный район,1157
Нижнеудинский,Иркутская область,464,5,Дёшевые и скромные,Минусинск — Тайшетский — Саяногорск,73923.09999999996,97.9,2.34,0.9389871383828368,106.5,104.3,Нижнеудинский муниципальный район,1158
Ольхонский,Иркутская область,465,5,Дёшевые и скромные,Минусинск — Тайшетский — Саяногорск,61544.29999999985,81.5,2.81,0.9389871383828368,106.5,86.8,Ольхонский муниципальный район,1159
Слюдянский,Иркутская область,466,5,Дёшевые и скромные,Минусинск — Тайшетский — Саяногорск,74683.20000000019,98.9,2.32,0.9389871383828368,106.5,105.3,Слюдянский муниципальный район,1160
Тайшетский,Иркутская область,467,5,Дёшевые и скромные,Минусинск — Тайшетский — Саяногорск,86393.89999999983,114.4,2.0,0.9389871383828368,106.5,121.8,Тайшетский муниципальный район,1161
Усольский,Иркутская область,450,5,Дёшевые и скромные,Минусинск — Тайшетский — Саяногорск,83332.40000000005,110.3,2.08,0.9389871383828368,106.5,117.5,Усольский муниципальный район,1163
Усть-Илимский,Иркутская область,454,5,Дёшевые и скромные,Минусинск — Тайшетский — Саяногорск,112935.1,149.5,1.53,0.9389871383828368,106.5,159.2,Усть-Илимский муниципальный район,1164
Усть-Кутский,Иркутская область,468,12,Добывающий север с высокими зарплатами,Сургут — Нижневартовск — Норильск,134257.79999999987,177.8,1.29,0.9389871383828368,106.5,189.4,Усть-Кутский муниципальный район,1165
Усть-Удинский,Иркутская область,469,5,Дёшевые и скромные,Минусинск — Тайшетский — Саяногорск,58666.59999999996,77.7,2.95,0.9389871383828368,106.5,82.8,Усть-Удинский муниципальный район,1166
Черемховский,Иркутская область,455,5,Дёшевые и скромные,Минусинск — Тайшетский — Саяногорск,63331.99999999994,83.8,2.73,0.9389871383828368,106.5,89.2,Черемховский муниципальный район,1167
Чунский,Иркутская область,470,5,Дёшевые и скромные,Минусинск — Тайшетский — Саяногорск,63915.79999999999,84.6,2.71,0.9389871383828368,106.5,90.1,Чунский муниципальный район,1168
Шелеховский,Иркутская область,450,2,Быстрый рост трат,Новосибирск — Казань — Нижний Новгород,88482.79999999996,117.1,1.96,0.9389871383828368,106.5,124.7,Шелеховский муниципальный район,1169
Аларский,Иркутская область,455,5,Дёшевые и скромные,Минусинск — Тайшетский — Саяногорск,61995.60000000002,82.1,2.79,0.9389871383828368,106.5,87.4,Аларский муниципальный район,1170
Баяндаевский,Иркутская область,471,7,Дальневосточная периферия,Омский — Азнакаевский — Нурлатский,63986.89999999986,84.7,2.7,0.9389871383828368,106.5,90.2,Баяндаевский муниципальный район,1171
Боханский,Иркутская область,472,5,Дёшевые и скромные,Минусинск — Тайшетский — Саяногорск,60665.00000000002,80.3,2.85,0.9389871383828368,106.5,85.5,Боханский муниципальный район,1172
Нукутский,Иркутская область,455,5,Дёшевые и скромные,Минусинск — Тайшетский — Саяногорск,62010.29999999987,82.1,2.79,0.9389871383828368,106.5,87.4,Нукутский муниципальный район,1173
Осинский,Иркутская область,472,6,"Отрезанные, но высокооплачиваемые",Ишим — Кирово-Чепецк — Ашинский,61815.90000000014,81.8,2.8,0.9389871383828368,106.5,87.1,Осинский муниципальный район,1174
Эхирит-Булагатский,Иркутская область,473,7,Дальневосточная периферия,Омский — Азнакаевский — Нурлатский,59167.19999999997,78.3,2.92,0.9389871383828368,106.5,83.4,Эхирит-Булагатский муниципальный район,1175
Калининград,Калининградская область,474,13,"Растущие траты, ускоряющиеся цены",Калининград — Сосновоборский — Кольцово,80295.60000000015,106.3,2.15,1.0490524131861492,95.3,101.3,городской округ город Калининград,1176
Мамоновский,Калининградская область,474,10,Стареющие с низкой инфляцией,Рославльский — Сухой Лог — Верхнесалдинский,56117.90000000004,74.3,3.08,1.0490524131861492,95.3,70.8,городской округ Мамоновский,1178
Пионерский,Калининградская область,474,1,Маркетплейс-провинция,Грязинский — Кинешма — Киреевский,71932.30000000006,95.2,2.41,1.0490524131861492,95.3,90.7,городской округ Пионерский,1179
Светловский,Калининградская область,474,9,Середнячки со скромными расходами,Апатиты — Мончегорск — Кандалакшский,105631.79999999996,139.9,1.64,1.0490524131861492,95.3,133.3,городской округ Светловский,1180
Советский,Калининградская область,474,7,Дальневосточная периферия,Омский — Азнакаевский — Нурлатский,61178.700000000026,81.0,2.83,1.0490524131861492,95.3,77.2,городской округ Советский,1181
Янтарный,Калининградская область,474,12,Добывающий север с высокими зарплатами,Сургут — Нижневартовск — Норильск,85336.19999999992,113.0,2.03,1.0490524131861492,95.3,107.7,городской округ Янтарный,1182
Багратионовский,Калининградская область,474,7,Дальневосточная периферия,Омский — Азнакаевский — Нурлатский,63552.899999999965,84.1,2.72,1.0490524131861492,95.3,80.1,муниципальный округ Багратионовский,1183
Балтийский,Калининградская область,474,2,Быстрый рост трат,Новосибирск — Казань — Нижний Новгород,49215.80000000001,65.2,3.52,1.0490524131861492,95.3,62.1,городской округ Балтийский,1184
Гвардейский,Калининградская область,474,10,Стареющие с низкой инфляцией,Рославльский — Сухой Лог — Верхнесалдинский,56213.3,74.4,3.08,1.0490524131861492,95.3,70.9,муниципальный округ Гвардейский,1185
Гурьевский,Калининградская область,474,4,Стареющие и изолированные,Екатеринбург — Пермский — Всеволожский,77261.69999999998,102.3,2.24,1.0490524131861492,95.3,97.5,муниципальный округ Гурьевский,1186
Гусевский,Калининградская область,474,7,Дальневосточная периферия,Омский — Азнакаевский — Нурлатский,53619.00000000001,71.0,3.23,1.0490524131861492,95.3,67.7,городской округ Гусевский,1187
Зеленоградский,Калининградская область,474,4,Стареющие и изолированные,Екатеринбург — Пермский — Всеволожский,74304.59999999992,98.4,2.33,1.0490524131861492,95.3,93.8,муниципальный округ Зеленоградский,1188
Краснознаменский,Калининградская область,474,2,Быстрый рост трат,Новосибирск — Казань — Нижний Новгород,55329.10000000001,73.3,3.13,1.0490524131861492,95.3,69.9,муниципальный округ Краснознаменский,1189
Светлогорский,Калининградская область,474,4,Стареющие и изолированные,Екатеринбург — Пермский — Всеволожский,66207.10000000015,87.7,2.61,1.0490524131861492,95.3,83.6,городской округ Светлогорский,1190
Неманский,Калининградская область,474,5,Дёшевые и скромные,Минусинск — Тайшетский — Саяногорск,60846.200000000026,80.6,2.84,1.0490524131861492,95.3,76.8,муниципальный округ Неманский,1191
Нестеровский,Калининградская область,474,2,Быстрый рост трат,Новосибирск — Казань — Нижний Новгород,61643.09999999995,81.6,2.81,1.0490524131861492,95.3,77.8,муниципальный округ Нестеровский,1192
Озерский,Калининградская область,474,10,Стареющие с низкой инфляцией,Рославльский — Сухой Лог — Верхнесалдинский,56999.8,75.5,3.04,1.0490524131861492,95.3,72.0,муниципальный округ Озерский,1193
Полесский,Калининградская область,474,7,Дальневосточная периферия,Омский — Азнакаевский — Нурлатский,60341.99999999999,79.9,2.87,1.0490524131861492,95.3,76.1,муниципальный округ Полесский,1194
Правдинский,Калининградская область,474,10,Стареющие с низкой инфляцией,Рославльский — Сухой Лог — Верхнесалдинский,72264.59999999998,95.7,2.39,1.0490524131861492,95.3,91.2,муниципальный округ Правдинский,1195
Славский,Калининградская область,474,2,Быстрый рост трат,Новосибирск — Казань — Нижний Новгород,46801.70000000002,62.0,3.7,1.0490524131861492,95.3,59.1,муниципальный округ Славский,1196
Черняховский,Калининградская область,474,2,Быстрый рост трат,Новосибирск — Казань — Нижний Новгород,62572.900000000016,82.8,2.76,1.0490524131861492,95.3,78.9,муниципальный округ Черняховский,1197
Калуга,Калужская область,475,4,Стареющие и изолированные,Екатеринбург — Пермский — Всеволожский,79422.39999999995,105.2,2.18,0.9890478408995036,101.1,106.4,городской округ город Калуга,1198
Бабынинский,Калужская область,475,10,Стареющие с низкой инфляцией,Рославльский — Сухой Лог — Верхнесалдинский,68312.50000000001,90.4,2.53,0.9890478408995036,101.1,91.4,Бабынинский муниципальный район,1200
Барятинский,Калужская область,475,1,Маркетплейс-провинция,Грязинский — Кинешма — Киреевский,59608.30000000005,78.9,2.9,0.9890478408995036,101.1,79.8,Барятинский муниципальный район,1201
Дзержинский,Калужская область,475,10,Стареющие с низкой инфляцией,Рославльский — Сухой Лог — Верхнесалдинский,68888.70000000001,91.2,2.51,0.9890478408995036,101.1,92.2,Дзержинский муниципальный район,1203
Думиничский,Калужская область,475,1,Маркетплейс-провинция,Грязинский — Кинешма — Киреевский,42288.30000000002,56.0,4.09,0.9890478408995036,101.1,56.6,Думиничский муниципальный район,1204
Жиздринский,Калужская область,475,1,Маркетплейс-провинция,Грязинский — Кинешма — Киреевский,44104.29999999997,58.4,3.92,0.9890478408995036,101.1,59.0,Жиздринский муниципальный район,1205
Жуковский,Калужская область,476,1,Маркетплейс-провинция,Грязинский — Кинешма — Киреевский,83534.00000000006,110.6,2.07,0.9890478408995036,101.1,111.8,Жуковский муниципальный район,1206
Кировский,Калужская область,475,1,Маркетплейс-провинция,Грязинский — Кинешма — Киреевский,56599.00000000013,74.9,3.06,0.9890478408995036,101.1,75.7,Кировский муниципальный район,1207
Износковский,Калужская область,475,1,Маркетплейс-провинция,Грязинский — Кинешма — Киреевский,68389.60000000002,90.5,2.53,0.9890478408995036,101.1,91.5,Износковский муниципальный район,1208
Козельский,Калужская область,475,1,Маркетплейс-провинция,Грязинский — Кинешма — Киреевский,56722.199999999946,75.1,3.05,0.9890478408995036,101.1,75.9,Козельский муниципальный район,1209
Куйбышевский,Калужская область,475,1,Маркетплейс-провинция,Грязинский — Кинешма — Киреевский,56391.29999999987,74.7,3.07,0.9890478408995036,101.1,75.5,Куйбышевский муниципальный район,1210
Людиновский,Калужская область,475,1,Маркетплейс-провинция,Грязинский — Кинешма — Киреевский,61454.19999999994,81.4,2.82,0.9890478408995036,101.1,82.3,Людиновский муниципальный район,1211
Малоярославецкий,Калужская область,476,4,Стареющие и изолированные,Екатеринбург — Пермский — Всеволожский,77128.20000000001,102.1,2.24,0.9890478408995036,101.1,103.2,Малоярославецкий муниципальный район,1212
Медынский,Калужская область,475,1,Маркетплейс-провинция,Грязинский — Кинешма — Киреевский,49871.699999999895,66.0,3.47,0.9890478408995036,101.1,66.7,Медынский муниципальный район,1213
Мещовский,Калужская область,475,10,Стареющие с низкой инфляцией,Рославльский — Сухой Лог — Верхнесалдинский,48563.49999999996,64.3,3.56,0.9890478408995036,101.1,65.0,Мещовский муниципальный район,1214
Мосальский,Калужская область,475,1,Маркетплейс-провинция,Грязинский — Кинешма — Киреевский,49701.50000000006,65.8,3.48,0.9890478408995036,101.1,66.5,Мосальский муниципальный район,1215
Перемышльский,Калужская область,475,10,Стареющие с низкой инфляцией,Рославльский — Сухой Лог — Верхнесалдинский,61744.30000000004,81.7,2.8,0.9890478408995036,101.1,82.6,Перемышльский муниципальный район,1216
Спас-Деменский,Калужская область,477,1,Маркетплейс-провинция,Грязинский — Кинешма — Киреевский,48915.99999999996,64.8,3.54,0.9890478408995036,101.1,65.5,Спас-Деменский муниципальный район,1217
Сухиничский,Калужская область,475,1,Маркетплейс-провинция,Грязинский — Кинешма — Киреевский,50460.19999999999,66.8,3.43,0.9890478408995036,101.1,67.5,Сухиничский муниципальный район,1218
Тарусский,Калужская область,475,1,Маркетплейс-провинция,Грязинский — Кинешма — Киреевский,65384.60000000004,86.6,2.65,0.9890478408995036,101.1,87.6,Тарусский муниципальный район,1219
Ульяновский,Калужская область,475,1,Маркетплейс-провинция,Грязинский — Кинешма — Киреевский,56053.30000000001,74.2,3.09,0.9890478408995036,101.1,75.0,Ульяновский муниципальный район,1220
Ферзиковский,Калужская область,475,4,Стареющие и изолированные,Екатеринбург — Пермский — Всеволожский,72028.20000000001,95.4,2.4,0.9890478408995036,101.1,96.4,Ферзиковский муниципальный район,1221
Хвастовичский,Калужская область,475,1,Маркетплейс-провинция,Грязинский — Кинешма — Киреевский,48986.00000000005,64.9,3.53,0.9890478408995036,101.1,65.6,Хвастовичский муниципальный район,1222
Юхновский,Калужская область,475,3,Пригороды мегаполисов,Вольский — Боровичский — Рузаевский,48955.59999999998,64.8,3.53,0.9890478408995036,101.1,65.5,Юхновский муниципальный район,1223
Кемеровский,Кемеровская область,478,2,Быстрый рост трат,Новосибирск — Казань — Нижний Новгород,89253.40000000021,118.2,1.94,0.8930850186635994,112.0,132.4,городской округ Кемеровский,1224
Анжеро-Судженский,Кемеровская область,479,2,Быстрый рост трат,Новосибирск — Казань — Нижний Новгород,64151.89999999998,84.9,2.7,0.8930850186635994,112.0,95.1,городской округ Анжеро-Судженский,1225
Беловский,Кемеровская область,480,2,Быстрый рост трат,Новосибирск — Казань — Нижний Новгород,84372.80000000006,111.7,2.05,0.8930850186635994,112.0,125.1,городской округ Беловский,1226
Березовский,Кемеровская область,478,2,Быстрый рост трат,Новосибирск — Казань — Нижний Новгород,71731.80000000002,95.0,2.41,0.8930850186635994,112.0,106.4,городской округ Березовский,1227
Калтанский,Кемеровская область,481,2,Быстрый рост трат,Новосибирск — Казань — Нижний Новгород,84563.49999999997,112.0,2.05,0.8930850186635994,112.0,125.4,городской округ Калтанский,1228
Киселевский,Кемеровская область,481,2,Быстрый рост трат,Новосибирск — Казань — Нижний Новгород,78066.90000000017,103.4,2.22,0.8930850186635994,112.0,115.8,городской округ Киселевский,1229
Ленинск-Кузнецкий,Кемеровская область,480,2,Быстрый рост трат,Новосибирск — Казань — Нижний Новгород,79631.2,105.4,2.17,0.8930850186635994,112.0,118.0,городской округ Ленинск-Кузнецкий,1230
Междуреченский,Кемеровская область,482,2,Быстрый рост трат,Новосибирск — Казань — Нижний Новгород,89519.30000000003,118.5,1.93,0.8930850186635994,112.0,132.7,городской округ Междуреченский,1231
Мысковский,Кемеровская область,482,5,Дёшевые и скромные,Минусинск — Тайшетский — Саяногорск,81434.60000000002,107.8,2.12,0.8930850186635994,112.0,120.7,городской округ Мысковский,1232
Новокузнецкий,Кемеровская область,481,2,Быстрый рост трат,Новосибирск — Казань — Нижний Новгород,86188.60000000003,114.1,2.01,0.8930850186635994,112.0,127.8,городской округ Новокузнецкий,1233
Осинниковский,Кемеровская область,481,2,Быстрый рост трат,Новосибирск — Казань — Нижний Новгород,73232.10000000017,97.0,2.36,0.8930850186635994,112.0,108.6,городской округ Осинниковский,1234
Полысаевский,Кемеровская область,480,2,Быстрый рост трат,Новосибирск — Казань — Нижний Новгород,84713.40000000002,112.2,2.04,0.8930850186635994,112.0,125.7,городской округ Полысаевский,1235
Прокопьевский,Кемеровская область,481,2,Быстрый рост трат,Новосибирск — Казань — Нижний Новгород,66883.2,88.6,2.59,0.8930850186635994,112.0,99.2,городской округ Прокопьевский,1236
Тайгинский,Кемеровская область,483,2,Быстрый рост трат,Новосибирск — Казань — Нижний Новгород,75820.20000000014,100.4,2.28,0.8930850186635994,112.0,112.4,городской округ Тайгинский,1237
Юргинский,Кемеровская область,483,2,Быстрый рост трат,Новосибирск — Казань — Нижний Новгород,56879.09999999996,75.3,3.04,0.8930850186635994,112.0,84.3,городской округ Юргинский,1238
Беловский,Кемеровская область,480,2,Быстрый рост трат,Новосибирск — Казань — Нижний Новгород,91675.69999999982,121.4,1.89,0.8930850186635994,112.0,136.0,Беловский муниципальный округ,1240
Гурьевский,Кемеровская область,480,2,Быстрый рост трат,Новосибирск — Казань — Нижний Новгород,71207.09999999995,94.3,2.43,0.8930850186635994,112.0,105.6,Гурьевский муниципальный округ,1241
Ижморский,Кемеровская область,479,5,Дёшевые и скромные,Минусинск — Тайшетский — Саяногорск,56215.19999999998,74.4,3.08,0.8930850186635994,112.0,83.3,Ижморский муниципальный округ,1242
Кемеровский,Кемеровская область,478,2,Быстрый рост трат,Новосибирск — Казань — Нижний Новгород,89228.00000000006,118.1,1.94,0.8930850186635994,112.0,132.3,Кемеровский муниципальный округ,1243
Крапивинский,Кемеровская область,484,5,Дёшевые и скромные,Минусинск — Тайшетский — Саяногорск,54839.69999999998,72.6,3.15,0.8930850186635994,112.0,81.3,Крапивинский муниципальный округ,1244
Ленинск-Кузнецкий,Кемеровская область,480,2,Быстрый рост трат,Новосибирск — Казань — Нижний Новгород,87804.80000000022,116.2,1.97,0.8930850186635994,112.0,130.1,Ленинск-Кузнецкий муниципальный округ,1245
Мариинский,Кемеровская область,485,2,Быстрый рост трат,Новосибирск — Казань — Нижний Новгород,53482.0,70.8,3.23,0.8930850186635994,112.0,79.3,Мариинский муниципальный округ,1246
Новокузнецкий,Кемеровская область,481,4,Стареющие и изолированные,Екатеринбург — Пермский — Всеволожский,114669.10000000028,151.8,1.51,0.8930850186635994,112.0,170.0,Новокузнецкий муниципальный округ,1247
Промышленновский,Кемеровская область,486,2,Быстрый рост трат,Новосибирск — Казань — Нижний Новгород,59965.59999999996,79.4,2.88,0.8930850186635994,112.0,88.9,Промышленновский муниципальный округ,1249
Таштагольский,Кемеровская область,487,2,Быстрый рост трат,Новосибирск — Казань — Нижний Новгород,73006.99999999997,96.7,2.37,0.8930850186635994,112.0,108.3,Таштагольский муниципальный район,1250
Тисульский,Кемеровская область,488,5,Дёшевые и скромные,Минусинск — Тайшетский — Саяногорск,67008.09999999998,88.7,2.58,0.8930850186635994,112.0,99.3,Тисульский муниципальный округ,1251
Топкинский,Кемеровская область,478,2,Быстрый рост трат,Новосибирск — Казань — Нижний Новгород,68169.50000000001,90.3,2.54,0.8930850186635994,112.0,101.1,Топкинский муниципальный округ,1252
Тяжинский,Кемеровская область,488,5,Дёшевые и скромные,Минусинск — Тайшетский — Саяногорск,51882.00000000003,68.7,3.33,0.8930850186635994,112.0,76.9,Тяжинский муниципальный округ,1253
Чебулинский,Кемеровская область,485,2,Быстрый рост трат,Новосибирск — Казань — Нижний Новгород,54074.69999999992,71.6,3.2,0.8930850186635994,112.0,80.2,Чебулинский муниципальный округ,1254
Яйский,Кемеровская область,479,2,Быстрый рост трат,Новосибирск — Казань — Нижний Новгород,59594.19999999984,78.9,2.9,0.8930850186635994,112.0,88.4,Яйский муниципальный округ,1256
Яшкинский,Кемеровская область,483,2,Быстрый рост трат,Новосибирск — Казань — Нижний Новгород,66870.99999999997,88.5,2.59,0.8930850186635994,112.0,99.1,Яшкинский муниципальный округ,1257
Киров,Кировская область,489,4,Стареющие и изолированные,Екатеринбург — Пермский — Всеволожский,71313.00000000003,94.4,2.43,0.9070745649274295,110.2,104.0,городской округ город Киров,1258
Вятские Поляны,Кировская область,159,6,"Отрезанные, но высокооплачиваемые",Ишим — Кирово-Чепецк — Ашинский,51795.00000000011,68.6,3.34,0.9070745649274295,110.2,75.6,городской округ город Вятские Поляны,1259
Кирово-Чепецк,Кировская область,489,2,Быстрый рост трат,Новосибирск — Казань — Нижний Новгород,66540.6,88.1,2.6,0.9070745649274295,110.2,97.1,городской округ город Кирово-Чепецк,1260
Котельнич,Кировская область,490,6,"Отрезанные, но высокооплачиваемые",Ишим — Кирово-Чепецк — Ашинский,47149.399999999965,62.4,3.67,0.9070745649274295,110.2,68.8,городской округ город Котельнич,1261
Слободской,Кировская область,489,6,"Отрезанные, но высокооплачиваемые",Ишим — Кирово-Чепецк — Ашинский,54829.10000000003,72.6,3.16,0.9070745649274295,110.2,80.0,городской округ город Слободской,1262
Арбажский,Кировская область,113,5,Дёшевые и скромные,Минусинск — Тайшетский — Саяногорск,43781.200000000026,58.0,3.95,0.9070745649274295,110.2,63.9,муниципальный округ Арбажский,1264
Афанасьевский,Кировская область,491,7,Дальневосточная периферия,Омский — Азнакаевский — Нурлатский,41260.40000000004,54.6,4.19,0.9070745649274295,110.2,60.2,муниципальный округ Афанасьевский,1265
Белохолуницкий,Кировская область,489,6,"Отрезанные, но высокооплачиваемые",Ишим — Кирово-Чепецк — Ашинский,44284.19999999999,58.6,3.91,0.9070745649274295,110.2,64.6,Белохолуницкий муниципальный район,1266
Богородский,Кировская область,492,6,"Отрезанные, но высокооплачиваемые",Ишим — Кирово-Чепецк — Ашинский,52350.70000000012,69.3,3.3,0.9070745649274295,110.2,76.4,муниципальный округ Богородский,1267
Верхнекамский,Кировская область,493,10,Стареющие с низкой инфляцией,Рославльский — Сухой Лог — Верхнесалдинский,47299.69999999997,62.6,3.66,0.9070745649274295,110.2,69.0,муниципальный округ Верхнекамский,1268
Верхошижемский,Кировская область,494,6,"Отрезанные, но высокооплачиваемые",Ишим — Кирово-Чепецк — Ашинский,48704.70000000003,64.5,3.55,0.9070745649274295,110.2,71.1,Верхошижемский муниципальный район,1269
Вятскополянский,Кировская область,159,6,"Отрезанные, но высокооплачиваемые",Ишим — Кирово-Чепецк — Ашинский,42873.59999999996,56.8,4.04,0.9070745649274295,110.2,62.6,Вятскополянский муниципальный район,1270
Даровской,Кировская область,495,6,"Отрезанные, но высокооплачиваемые",Ишим — Кирово-Чепецк — Ашинский,43238.20000000004,57.2,4.0,0.9070745649274295,110.2,63.0,Даровской муниципальный район,1271
Зуевский,Кировская область,496,6,"Отрезанные, но высокооплачиваемые",Ишим — Кирово-Чепецк — Ашинский,52984.0,70.1,3.27,0.9070745649274295,110.2,77.3,Зуевский муниципальный район,1272
Кикнурский,Кировская область,113,6,"Отрезанные, но высокооплачиваемые",Ишим — Кирово-Чепецк — Ашинский,38942.9,51.6,4.44,0.9070745649274295,110.2,56.9,муниципальный округ Кикнурский,1273
Кильмезский,Кировская область,159,6,"Отрезанные, но высокооплачиваемые",Ишим — Кирово-Чепецк — Ашинский,42344.00000000006,56.1,4.09,0.9070745649274295,110.2,61.8,Кильмезский муниципальный район,1274
Кирово-Чепецкий,Кировская область,489,7,Дальневосточная периферия,Омский — Азнакаевский — Нурлатский,57342.10000000015,75.9,3.02,0.9070745649274295,110.2,83.6,Кирово-Чепецкий муниципальный район,1275
Котельничский,Кировская область,490,6,"Отрезанные, но высокооплачиваемые",Ишим — Кирово-Чепецк — Ашинский,46000.99999999999,60.9,3.76,0.9070745649274295,110.2,67.1,Котельничский муниципальный район,1276
Куменский,Кировская область,497,6,"Отрезанные, но высокооплачиваемые",Ишим — Кирово-Чепецк — Ашинский,57854.19999999995,76.6,2.99,0.9070745649274295,110.2,84.4,Куменский муниципальный район,1277
Лебяжский,Кировская область,113,6,"Отрезанные, но высокооплачиваемые",Ишим — Кирово-Чепецк — Ашинский,40689.30000000002,53.9,4.25,0.9070745649274295,110.2,59.4,муниципальный округ Лебяжский,1278
Лузский,Кировская область,498,6,"Отрезанные, но высокооплачиваемые",Ишим — Кирово-Чепецк — Ашинский,45722.99999999997,60.5,3.78,0.9070745649274295,110.2,66.7,муниципальный округ Лузский,1279
Малмыжский,Кировская область,114,6,"Отрезанные, но высокооплачиваемые",Ишим — Кирово-Чепецк — Ашинский,44116.69999999992,58.4,3.92,0.9070745649274295,110.2,64.4,Малмыжский муниципальный район,1280
Мурашинский,Кировская область,499,6,"Отрезанные, но высокооплачиваемые",Ишим — Кирово-Чепецк — Ашинский,65023.399999999885,86.1,2.66,0.9070745649274295,110.2,94.9,муниципальный округ Мурашинский,1281
Нагорский,Кировская область,500,6,"Отрезанные, но высокооплачиваемые",Ишим — Кирово-Чепецк — Ашинский,44270.20000000001,58.6,3.91,0.9070745649274295,110.2,64.6,Нагорский муниципальный район,1282
Нолинский,Кировская область,497,6,"Отрезанные, но высокооплачиваемые",Ишим — Кирово-Чепецк — Ашинский,43969.90000000002,58.2,3.93,0.9070745649274295,110.2,64.1,Нолинский муниципальный район,1284
Омутнинский,Кировская область,501,10,Стареющие с низкой инфляцией,Рославльский — Сухой Лог — Верхнесалдинский,55132.59999999996,73.0,3.14,0.9070745649274295,110.2,80.4,Омутнинский муниципальный район,1285
Опаринский,Кировская область,502,10,Стареющие с низкой инфляцией,Рославльский — Сухой Лог — Верхнесалдинский,46554.000000000015,61.6,3.72,0.9070745649274295,110.2,67.9,муниципальный округ Опаринский,1286
Оричевский,Кировская область,489,6,"Отрезанные, но высокооплачиваемые",Ишим — Кирово-Чепецк — Ашинский,50711.20000000001,67.1,3.41,0.9070745649274295,110.2,73.9,Оричевский муниципальный район,1287
Орловский,Кировская область,490,6,"Отрезанные, но высокооплачиваемые",Ишим — Кирово-Чепецк — Ашинский,49280.800000000025,65.2,3.51,0.9070745649274295,110.2,71.9,Орловский муниципальный район,1288
Пижанский,Кировская область,113,6,"Отрезанные, но высокооплачиваемые",Ишим — Кирово-Чепецк — Ашинский,45963.29999999997,60.9,3.76,0.9070745649274295,110.2,67.1,муниципальный округ Пижанский,1289
Подосиновский,Кировская область,503,6,"Отрезанные, но высокооплачиваемые",Ишим — Кирово-Чепецк — Ашинский,47295.09999999997,62.6,3.66,0.9070745649274295,110.2,69.0,Подосиновский муниципальный район,1290
Санчурский,Кировская область,116,6,"Отрезанные, но высокооплачиваемые",Ишим — Кирово-Чепецк — Ашинский,39558.69999999998,52.4,4.37,0.9070745649274295,110.2,57.7,муниципальный округ Санчурский,1291
Свечинский,Кировская область,504,6,"Отрезанные, но высокооплачиваемые",Ишим — Кирово-Чепецк — Ашинский,44029.89999999998,58.3,3.93,0.9070745649274295,110.2,64.2,муниципальный округ Свечинский,1292
Слободской,Кировская область,489,10,Стареющие с низкой инфляцией,Рославльский — Сухой Лог — Верхнесалдинский,51617.89999999997,68.3,3.35,0.9070745649274295,110.2,75.3,Слободской муниципальный район,1293
Советский,Кировская область,113,6,"Отрезанные, но высокооплачиваемые",Ишим — Кирово-Чепецк — Ашинский,48817.199999999946,64.6,3.54,0.9070745649274295,110.2,71.2,Советский муниципальный район,1294
Сунский,Кировская область,497,6,"Отрезанные, но высокооплачиваемые",Ишим — Кирово-Чепецк — Ашинский,50882.6,67.4,3.4,0.9070745649274295,110.2,74.3,Сунский муниципальный район,1295
Тужинский,Кировская область,113,6,"Отрезанные, но высокооплачиваемые",Ишим — Кирово-Чепецк — Ашинский,39954.9,52.9,4.33,0.9070745649274295,110.2,58.3,Тужинский муниципальный район,1296
Унинский,Кировская область,505,6,"Отрезанные, но высокооплачиваемые",Ишим — Кирово-Чепецк — Ашинский,44072.10000000004,58.3,3.93,0.9070745649274295,110.2,64.2,муниципальный округ Унинский,1297
Уржумский,Кировская область,506,6,"Отрезанные, но высокооплачиваемые",Ишим — Кирово-Чепецк — Ашинский,46534.19999999995,61.6,3.72,0.9070745649274295,110.2,67.9,Уржумский муниципальный район,1298
Фаленский,Кировская область,496,6,"Отрезанные, но высокооплачиваемые",Ишим — Кирово-Чепецк — Ашинский,44839.40000000004,59.4,3.86,0.9070745649274295,110.2,65.5,муниципальный округ Фаленский,1299
Шабалинский,Кировская область,504,6,"Отрезанные, но высокооплачиваемые",Ишим — Кирово-Чепецк — Ашинский,44357.50000000007,58.7,3.9,0.9070745649274295,110.2,64.7,Шабалинский муниципальный район,1300
Юрьянский,Кировская область,507,6,"Отрезанные, но высокооплачиваемые",Ишим — Кирово-Чепецк — Ашинский,61840.7,81.9,2.8,0.9070745649274295,110.2,90.3,Юрьянский муниципальный район,1301
Яранский,Кировская область,113,7,Дальневосточная периферия,Омский — Азнакаевский — Нурлатский,44396.5,58.8,3.9,0.9070745649274295,110.2,64.8,Яранский муниципальный район,1302
Кострома,Костромская область,403,2,Быстрый рост трат,Новосибирск — Казань — Нижний Новгород,67574.39999999995,89.5,2.56,0.904707548957012,110.5,98.9,городской округ город Кострома,1303
Буй,Костромская область,403,10,Стареющие с низкой инфляцией,Рославльский — Сухой Лог — Верхнесалдинский,63047.29999999999,83.5,2.74,0.904707548957012,110.5,92.3,городской округ город Буй,1304
Волгореченск,Костромская область,403,10,Стареющие с низкой инфляцией,Рославльский — Сухой Лог — Верхнесалдинский,72931.29999999999,96.6,2.37,0.904707548957012,110.5,106.7,городской округ город Волгореченск,1305
Галич,Костромская область,508,1,Маркетплейс-провинция,Грязинский — Кинешма — Киреевский,53922.70000000002,71.4,3.21,0.904707548957012,110.5,78.9,городской округ город Галич,1306
Шарья,Костромская область,509,1,Маркетплейс-провинция,Грязинский — Кинешма — Киреевский,55333.60000000001,73.3,3.13,0.904707548957012,110.5,81.0,городской округ город Шарья,1308
Антроповский,Костромская область,508,11,Стареющие с низкими зарплатами,Ростовский — Шарья — Шахунья,43449.899999999936,57.5,3.98,0.904707548957012,110.5,63.5,Антроповский муниципальный район,1309
Буйский,Костромская область,403,10,Стареющие с низкой инфляцией,Рославльский — Сухой Лог — Верхнесалдинский,40017.59999999999,53.0,4.32,0.904707548957012,110.5,58.6,Буйский муниципальный район,1310
Вохомский,Костромская область,510,6,"Отрезанные, но высокооплачиваемые",Ишим — Кирово-Чепецк — Ашинский,42235.80000000003,55.9,4.1,0.904707548957012,110.5,61.8,Вохомский муниципальный район,1311
Галичский,Костромская область,508,11,Стареющие с низкими зарплатами,Ростовский — Шарья — Шахунья,62147.200000000135,82.3,2.78,0.904707548957012,110.5,90.9,Галичский муниципальный район,1312
Кадыйский,Костромская область,511,6,"Отрезанные, но высокооплачиваемые",Ишим — Кирово-Чепецк — Ашинский,40498.10000000004,53.6,4.27,0.904707548957012,110.5,59.2,Кадыйский муниципальный район,1313
Кологривский,Костромская область,512,5,Дёшевые и скромные,Минусинск — Тайшетский — Саяногорск,38820.900000000096,51.4,4.46,0.904707548957012,110.5,56.8,Кологривский муниципальный округ,1314
Костромской,Костромская область,403,2,Быстрый рост трат,Новосибирск — Казань — Нижний Новгород,51506.69999999998,68.2,3.36,0.904707548957012,110.5,75.4,Костромской муниципальный район,1315
Красносельский,Костромская область,403,1,Маркетплейс-провинция,Грязинский — Кинешма — Киреевский,77237.09999999995,102.3,2.24,0.904707548957012,110.5,113.0,Красносельский муниципальный район,1316
Макарьевский,Костромская область,511,11,Стареющие с низкими зарплатами,Ростовский — Шарья — Шахунья,40165.10000000008,53.2,4.31,0.904707548957012,110.5,58.8,Макарьевский муниципальный район,1317
Межевской,Костромская область,513,6,"Отрезанные, но высокооплачиваемые",Ишим — Кирово-Чепецк — Ашинский,43755.60000000001,57.9,3.95,0.904707548957012,110.5,64.0,Межевской муниципальный округ,1319
Нейский,Костромская область,508,11,Стареющие с низкими зарплатами,Ростовский — Шарья — Шахунья,47761.700000000026,63.2,3.62,0.904707548957012,110.5,69.8,Нейский муниципальный округ,1320
Нерехта и Нерехтский,Костромская область,403,1,Маркетплейс-провинция,Грязинский — Кинешма — Киреевский,57044.79999999999,75.5,3.03,0.904707548957012,110.5,83.4,муниципальный район город Нерехта и Нерехтский район,1321
Октябрьский,Костромская область,510,5,Дёшевые и скромные,Минусинск — Тайшетский — Саяногорск,43080.40000000002,57.0,4.02,0.904707548957012,110.5,63.0,Октябрьский муниципальный район,1322
Островский,Костромская область,403,6,"Отрезанные, но высокооплачиваемые",Ишим — Кирово-Чепецк — Ашинский,43225.89999999997,57.2,4.0,0.904707548957012,110.5,63.2,Островский муниципальный округ,1323
Павинский,Костромская область,510,5,Дёшевые и скромные,Минусинск — Тайшетский — Саяногорск,40332.399999999965,53.4,4.29,0.904707548957012,110.5,59.0,Павинский муниципальный округ,1324
Парфеньевский,Костромская область,508,11,Стареющие с низкими зарплатами,Ростовский — Шарья — Шахунья,41821.50000000002,55.4,4.14,0.904707548957012,110.5,61.2,Парфеньевский муниципальный округ,1325
Поназыревский,Костромская область,514,5,Дёшевые и скромные,Минусинск — Тайшетский — Саяногорск,41439.40000000003,54.9,4.17,0.904707548957012,110.5,60.7,Поназыревский муниципальный округ,1326
Пыщугский,Костромская область,510,5,Дёшевые и скромные,Минусинск — Тайшетский — Саяногорск,43290.69999999998,57.3,4.0,0.904707548957012,110.5,63.3,Пыщугский муниципальный округ,1327
Солигаличский,Костромская область,508,10,Стареющие с низкой инфляцией,Рославльский — Сухой Лог — Верхнесалдинский,48518.80000000002,64.2,3.57,0.904707548957012,110.5,70.9,Солигаличский муниципальный округ,1328
Судиславский,Костромская область,403,10,Стареющие с низкой инфляцией,Рославльский — Сухой Лог — Верхнесалдинский,52917.00000000003,70.1,3.27,0.904707548957012,110.5,77.5,Судиславский муниципальный район,1329
Сусанинский,Костромская область,403,10,Стареющие с низкой инфляцией,Рославльский — Сухой Лог — Верхнесалдинский,46712.49999999993,61.8,3.7,0.904707548957012,110.5,68.3,Сусанинский муниципальный район,1330
Чухломский,Костромская область,508,1,Маркетплейс-провинция,Грязинский — Кинешма — Киреевский,39180.10000000002,51.9,4.42,0.904707548957012,110.5,57.3,Чухломский муниципальный район,1331
Шарьинский,Костромская область,509,5,Дёшевые и скромные,Минусинск — Тайшетский — Саяногорск,46416.80000000002,61.5,3.73,0.904707548957012,110.5,68.0,Шарьинский муниципальный район,1332
Курган,Курганская область,515,2,Быстрый рост трат,Новосибирск — Казань — Нижний Новгород,75790.69999999997,100.3,2.28,0.8935358834089815,111.9,112.2,городской округ город Курган,1333
Шадринск,Курганская область,516,2,Быстрый рост трат,Новосибирск — Казань — Нижний Новгород,64595.200000000026,85.5,2.68,0.8935358834089815,111.9,95.7,городской округ город Шадринск,1334
Альменевский,Курганская область,517,5,Дёшевые и скромные,Минусинск — Тайшетский — Саяногорск,45029.10000000005,59.6,3.84,0.8935358834089815,111.9,66.7,Альменевский муниципальный округ,1335
Белозерский,Курганская область,515,6,"Отрезанные, но высокооплачиваемые",Ишим — Кирово-Чепецк — Ашинский,46685.900000000096,61.8,3.71,0.8935358834089815,111.9,69.2,Белозерский муниципальный округ,1336
Варгашинский,Курганская область,515,6,"Отрезанные, но высокооплачиваемые",Ишим — Кирово-Чепецк — Ашинский,55881.00000000003,74.0,3.1,0.8935358834089815,111.9,82.8,Варгашинский муниципальный округ,1337
Далматовский,Курганская область,518,6,"Отрезанные, но высокооплачиваемые",Ишим — Кирово-Чепецк — Ашинский,58179.80000000003,77.0,2.97,0.8935358834089815,111.9,86.2,Далматовский муниципальный округ,1338
Звериноголовский,Курганская область,519,6,"Отрезанные, но высокооплачиваемые",Ишим — Кирово-Чепецк — Ашинский,43140.40000000002,57.1,4.01,0.8935358834089815,111.9,63.9,Звериноголовский муниципальный округ,1339
Каргапольский,Курганская область,520,6,"Отрезанные, но высокооплачиваемые",Ишим — Кирово-Чепецк — Ашинский,51130.39999999991,67.7,3.38,0.8935358834089815,111.9,75.8,Каргапольский муниципальный округ,1340
Катайский,Курганская область,518,6,"Отрезанные, но высокооплачиваемые",Ишим — Кирово-Чепецк — Ашинский,51186.30000000005,67.8,3.38,0.8935358834089815,111.9,75.9,Катайский муниципальный округ,1341
Кетовский,Курганская область,515,2,Быстрый рост трат,Новосибирск — Казань — Нижний Новгород,50279.40000000001,66.6,3.44,0.8935358834089815,111.9,74.5,Кетовский муниципальный округ,1342
Куртамышский,Курганская область,521,6,"Отрезанные, но высокооплачиваемые",Ишим — Кирово-Чепецк — Ашинский,48743.59999999999,64.5,3.55,0.8935358834089815,111.9,72.2,Куртамышский муниципальный округ,1343
Лебяжьевский,Курганская область,522,6,"Отрезанные, но высокооплачиваемые",Ишим — Кирово-Чепецк — Ашинский,47412.10000000003,62.8,3.65,0.8935358834089815,111.9,70.3,Лебяжьевский муниципальный округ,1344
Макушинский,Курганская область,523,6,"Отрезанные, но высокооплачиваемые",Ишим — Кирово-Чепецк — Ашинский,54038.30000000001,71.5,3.2,0.8935358834089815,111.9,80.0,муниципальный округ Макушинский,1345
Мишкинский,Курганская область,524,6,"Отрезанные, но высокооплачиваемые",Ишим — Кирово-Чепецк — Ашинский,49546.89999999998,65.6,3.49,0.8935358834089815,111.9,73.4,Мишкинский муниципальный округ,1346
Мокроусовский,Курганская область,525,6,"Отрезанные, но высокооплачиваемые",Ишим — Кирово-Чепецк — Ашинский,45432.5000000001,60.2,3.81,0.8935358834089815,111.9,67.4,Мокроусовский муниципальный округ,1347
Петуховский,Курганская область,526,6,"Отрезанные, но высокооплачиваемые",Ишим — Кирово-Чепецк — Ашинский,48003.79999999997,63.6,3.6,0.8935358834089815,111.9,71.2,Петуховский муниципальный округ,1348
Половинский,Курганская область,527,6,"Отрезанные, но высокооплачиваемые",Ишим — Кирово-Чепецк — Ашинский,45206.2,59.9,3.83,0.8935358834089815,111.9,67.0,Половинский муниципальный округ,1349
Притобольный,Курганская область,528,6,"Отрезанные, но высокооплачиваемые",Ишим — Кирово-Чепецк — Ашинский,49686.89999999996,65.8,3.48,0.8935358834089815,111.9,73.6,Притобольный муниципальный округ,1350
Сафакулевский,Курганская область,517,5,Дёшевые и скромные,Минусинск — Тайшетский — Саяногорск,44629.8,59.1,3.88,0.8935358834089815,111.9,66.1,Сафакулевский муниципальный округ,1351
Целинный,Курганская область,529,6,"Отрезанные, но высокооплачиваемые",Ишим — Кирово-Чепецк — Ашинский,43999.09999999997,58.3,3.93,0.8935358834089815,111.9,65.2,Целинный муниципальный округ,1352
Частоозерский,Курганская область,530,6,"Отрезанные, но высокооплачиваемые",Ишим — Кирово-Чепецк — Ашинский,45036.50000000002,59.6,3.84,0.8935358834089815,111.9,66.7,Частоозерский муниципальный округ,1353
Шадринский,Курганская область,516,2,Быстрый рост трат,Новосибирск — Казань — Нижний Новгород,47294.700000000026,62.6,3.66,0.8935358834089815,111.9,70.0,Шадринский муниципальный округ,1354
Шатровский,Курганская область,531,6,"Отрезанные, но высокооплачиваемые",Ишим — Кирово-Чепецк — Ашинский,43750.60000000001,57.9,3.95,0.8935358834089815,111.9,64.8,Шатровский муниципальный округ,1355
Шумихинский,Курганская область,517,6,"Отрезанные, но высокооплачиваемые",Ишим — Кирово-Чепецк — Ашинский,53181.199999999975,70.4,3.25,0.8935358834089815,111.9,78.8,муниципальный округ Шумихинский,1356
Щучанский,Курганская область,517,5,Дёшевые и скромные,Минусинск — Тайшетский — Саяногорск,55419.10000000002,73.4,3.12,0.8935358834089815,111.9,82.1,Щучанский муниципальный округ,1357
Юргамышский,Курганская область,524,6,"Отрезанные, но высокооплачиваемые",Ишим — Кирово-Чепецк — Ашинский,60492.59999999996,80.1,2.86,0.8935358834089815,111.9,89.6,Юргамышский муниципальный округ,1358
Бокситогорский,Ленинградская область,532,1,Маркетплейс-провинция,Грязинский — Кинешма — Киреевский,75396.49999999996,99.8,2.29,0.9894300217951034,101.1,100.9,Бокситогорский муниципальный район,1392
Волосовский,Ленинградская область,533,1,Маркетплейс-провинция,Грязинский — Кинешма — Киреевский,68765.70000000003,91.0,2.52,0.9894300217951034,101.1,92.0,Волосовский муниципальный район,1393
Волховский,Ленинградская область,534,2,Быстрый рост трат,Новосибирск — Казань — Нижний Новгород,77006.29999999994,102.0,2.25,0.9894300217951034,101.1,103.1,Волховский муниципальный район,1394
Всеволожский,Ленинградская область,533,4,Стареющие и изолированные,Екатеринбург — Пермский — Всеволожский,99062.8,131.2,1.75,0.9894300217951034,101.1,132.6,Всеволожский муниципальный район,1395
Выборгский,Ленинградская область,535,4,Стареющие и изолированные,Екатеринбург — Пермский — Всеволожский,91584.50000000006,121.3,1.89,0.9894300217951034,101.1,122.6,Выборгский муниципальный район,1396
Гатчинский,Ленинградская область,533,4,Стареющие и изолированные,Екатеринбург — Пермский — Всеволожский,82586.39999999988,109.3,2.09,0.9894300217951034,101.1,110.5,Гатчинский муниципальный район,1397
Кингисеппский,Ленинградская область,536,12,Добывающий север с высокими зарплатами,Сургут — Нижневартовск — Норильск,123058.19999999972,162.9,1.41,0.9894300217951034,101.1,164.7,Кингисеппский муниципальный район,1398
Киришский,Ленинградская область,537,2,Быстрый рост трат,Новосибирск — Казань — Нижний Новгород,85514.19999999997,113.2,2.02,0.9894300217951034,101.1,114.4,Киришский муниципальный район,1399
Кировский,Ленинградская область,533,4,Стареющие и изолированные,Екатеринбург — Пермский — Всеволожский,86859.29999999999,115.0,1.99,0.9894300217951034,101.1,116.3,Кировский муниципальный район,1400
Лодейнопольский,Ленинградская область,538,2,Быстрый рост трат,Новосибирск — Казань — Нижний Новгород,59047.60000000002,78.2,2.93,0.9894300217951034,101.1,79.1,Лодейнопольский муниципальный район,1401
Ломоносовский,Ленинградская область,533,4,Стареющие и изолированные,Екатеринбург — Пермский — Всеволожский,115167.4,152.5,1.5,0.9894300217951034,101.1,154.2,Ломоносовский муниципальный район,1402
Лужский,Ленинградская область,539,2,Быстрый рост трат,Новосибирск — Казань — Нижний Новгород,70100.00000000006,92.8,2.47,0.9894300217951034,101.1,93.8,Лужский муниципальный район,1403
Подпорожский,Ленинградская область,538,1,Маркетплейс-провинция,Грязинский — Кинешма — Киреевский,61376.20000000011,81.3,2.82,0.9894300217951034,101.1,82.2,Подпорожский муниципальный район,1404
Приозерский,Ленинградская область,540,2,Быстрый рост трат,Новосибирск — Казань — Нижний Новгород,70647.00000000017,93.5,2.45,0.9894300217951034,101.1,94.5,Приозерский муниципальный район,1405
Сланцевский,Ленинградская область,541,1,Маркетплейс-провинция,Грязинский — Кинешма — Киреевский,77914.89999999979,103.2,2.22,0.9894300217951034,101.1,104.3,Сланцевский муниципальный район,1406
Тихвинский,Ленинградская область,532,2,Быстрый рост трат,Новосибирск — Казань — Нижний Новгород,82246.90000000001,108.9,2.1,0.9894300217951034,101.1,110.1,Тихвинский муниципальный район,1407
Тосненский,Ленинградская область,533,4,Стареющие и изолированные,Екатеринбург — Пермский — Всеволожский,81263.89999999982,107.6,2.13,0.9894300217951034,101.1,108.8,Тосненский муниципальный район,1408
Сосновоборский,Ленинградская область,533,13,"Растущие траты, ускоряющиеся цены",Калининград — Сосновоборский — Кольцово,120590.60000000003,159.7,1.43,0.9894300217951034,101.1,161.5,городской округ Сосновоборский,1409
Липецк,Липецкая область,542,4,Стареющие и изолированные,Екатеринбург — Пермский — Всеволожский,80260.60000000006,106.3,2.16,0.8672636526662517,115.3,122.6,городской округ город Липецк,1410
Елец,Липецкая область,542,2,Быстрый рост трат,Новосибирск — Казань — Нижний Новгород,60220.89999999995,79.7,2.87,0.8672636526662517,115.3,91.9,городской округ город Елец,1411
Воловский,Липецкая область,542,3,Пригороды мегаполисов,Вольский — Боровичский — Рузаевский,42462.700000000026,56.2,4.07,0.8672636526662517,115.3,64.8,Воловский муниципальный район,1412
Грязинский,Липецкая область,542,1,Маркетплейс-провинция,Грязинский — Кинешма — Киреевский,77641.89999999997,102.8,2.23,0.8672636526662517,115.3,118.5,Грязинский муниципальный район,1413
Данковский,Липецкая область,542,1,Маркетплейс-провинция,Грязинский — Кинешма — Киреевский,59157.19999999998,78.3,2.92,0.8672636526662517,115.3,90.3,Данковский муниципальный район,1414
Добринский,Липецкая область,543,1,Маркетплейс-провинция,Грязинский — Кинешма — Киреевский,65120.600000000006,86.2,2.66,0.8672636526662517,115.3,99.4,Добринский муниципальный район,1415
Добровский,Липецкая область,542,10,Стареющие с низкой инфляцией,Рославльский — Сухой Лог — Верхнесалдинский,43185.2,57.2,4.01,0.8672636526662517,115.3,66.0,Добровский муниципальный район,1416
Долгоруковский,Липецкая область,542,3,Пригороды мегаполисов,Вольский — Боровичский — Рузаевский,56006.79999999989,74.2,3.09,0.8672636526662517,115.3,85.6,Долгоруковский муниципальный район,1417
Задонский,Липецкая область,542,1,Маркетплейс-провинция,Грязинский — Кинешма — Киреевский,71889.99999999991,95.2,2.41,0.8672636526662517,115.3,109.8,Задонский муниципальный район,1419
Измалковский,Липецкая область,542,10,Стареющие с низкой инфляцией,Рославльский — Сухой Лог — Верхнесалдинский,44710.6999999999,59.2,3.87,0.8672636526662517,115.3,68.3,Измалковский муниципальный район,1420
Краснинский,Липецкая область,542,1,Маркетплейс-провинция,Грязинский — Кинешма — Киреевский,67414.50000000003,89.3,2.57,0.8672636526662517,115.3,103.0,Краснинский муниципальный район,1421
Лебедянский,Липецкая область,542,1,Маркетплейс-провинция,Грязинский — Кинешма — Киреевский,65478.79999999993,86.7,2.64,0.8672636526662517,115.3,100.0,Лебедянский муниципальный район,1422
Лев-Толстовский,Липецкая область,542,1,Маркетплейс-провинция,Грязинский — Кинешма — Киреевский,62104.500000000015,82.2,2.79,0.8672636526662517,115.3,94.8,Лев-Толстовский муниципальный район,1423
Липецкий,Липецкая область,542,2,Быстрый рост трат,Новосибирск — Казань — Нижний Новгород,72402.00000000003,95.9,2.39,0.8672636526662517,115.3,110.6,Липецкий муниципальный район,1424
Становлянский,Липецкая область,542,10,Стареющие с низкой инфляцией,Рославльский — Сухой Лог — Верхнесалдинский,49907.29999999992,66.1,3.47,0.8672636526662517,115.3,76.2,Становлянский муниципальный район,1425
Тербунский,Липецкая область,542,1,Маркетплейс-провинция,Грязинский — Кинешма — Киреевский,62431.8,82.7,2.77,0.8672636526662517,115.3,95.4,Тербунский муниципальный район,1426
Усманский,Липецкая область,544,1,Маркетплейс-провинция,Грязинский — Кинешма — Киреевский,53900.60000000004,71.4,3.21,0.8672636526662517,115.3,82.3,Усманский муниципальный район,1427
Хлевенский,Липецкая область,542,3,Пригороды мегаполисов,Вольский — Боровичский — Рузаевский,59234.19999999985,78.4,2.92,0.8672636526662517,115.3,90.4,Хлевенский муниципальный район,1428
Чаплыгинский,Липецкая область,542,1,Маркетплейс-провинция,Грязинский — Кинешма — Киреевский,59231.99999999998,78.4,2.92,0.8672636526662517,115.3,90.4,Чаплыгинский муниципальный район,1429
Магадан,Магаданская область,545,8,"Низкие зарплаты, дешёвые цены",Красноярск — Владивостокский — Хабаровск,155268.7,205.6,1.11,1.3624899398358528,73.4,150.9,городской округ город Магадан,1430
Ольский,Магаданская область,545,8,"Низкие зарплаты, дешёвые цены",Красноярск — Владивостокский — Хабаровск,116776.10000000003,154.6,1.48,1.3624899398358528,73.4,113.5,муниципальный округ Ольский,1431
Омсукчанский,Магаданская область,546,8,"Низкие зарплаты, дешёвые цены",Красноярск — Владивостокский — Хабаровск,199492.6999999996,264.1,0.87,1.3624899398358528,73.4,193.8,муниципальный округ Омсукчанский,1432
Среднеканский,Магаданская область,547,8,"Низкие зарплаты, дешёвые цены",Красноярск — Владивостокский — Хабаровск,142671.59999999971,188.9,1.21,1.3624899398358528,73.4,138.7,муниципальный округ Среднеканский,1434
Сусуманский,Магаданская область,548,12,Добывающий север с высокими зарплатами,Сургут — Нижневартовск — Норильск,189436.70000000013,250.8,0.91,1.3624899398358528,73.4,184.1,муниципальный округ Сусуманский,1435
Тенькинский,Магаданская область,549,12,Добывающий север с высокими зарплатами,Сургут — Нижневартовск — Норильск,179170.3000000001,237.2,0.97,1.3624899398358528,73.4,174.1,муниципальный округ Тенькинский,1436
Хасынский,Магаданская область,550,9,Середнячки со скромными расходами,Апатиты — Мончегорск — Кандалакшский,134912.3000000001,178.6,1.28,1.3624899398358528,73.4,131.1,муниципальный округ Хасынский,1437
Ягоднинский,Магаданская область,551,8,"Низкие зарплаты, дешёвые цены",Красноярск — Владивостокский — Хабаровск,167101.4000000003,221.2,1.04,1.3624899398358528,73.4,162.4,муниципальный округ Ягоднинский,1438
Балашиха,Московская область,476,13,"Растущие траты, ускоряющиеся цены",Калининград — Сосновоборский — Кольцово,102186.60000000006,135.3,1.69,1.118778946692356,89.4,121.0,городской округ Балашиха,1439
Бронницы,Московская область,476,4,Стареющие и изолированные,Екатеринбург — Пермский — Всеволожский,79343.4000000001,105.0,2.18,1.118778946692356,89.4,93.9,городской округ Бронницы,1440
Дзержинский,Московская область,476,13,"Растущие траты, ускоряющиеся цены",Калининград — Сосновоборский — Кольцово,108785.19999999995,144.0,1.59,1.118778946692356,89.4,128.7,городской округ Дзержинский,1443
Долгопрудный,Московская область,552,13,"Растущие траты, ускоряющиеся цены",Калининград — Сосновоборский — Кольцово,140510.99999999994,186.0,1.23,1.118778946692356,89.4,166.3,городской округ Долгопрудный,1444
Домодедово,Московская область,476,4,Стареющие и изолированные,Екатеринбург — Пермский — Всеволожский,116808.3,154.6,1.48,1.118778946692356,89.4,138.2,городской округ Домодедово,1445
Дубна,Московская область,476,4,Стареющие и изолированные,Екатеринбург — Пермский — Всеволожский,119658.10000000002,158.4,1.45,1.118778946692356,89.4,141.6,городской округ Дубна,1446
Егорьевск,Московская область,553,4,Стареющие и изолированные,Екатеринбург — Пермский — Всеволожский,82618.90000000008,109.4,2.09,1.118778946692356,89.4,97.8,городской округ Егорьевск,1447
Жуковский,Московская область,476,13,"Растущие траты, ускоряющиеся цены",Калининград — Сосновоборский — Кольцово,116756.80000000008,154.6,1.48,1.118778946692356,89.4,138.2,городской округ Жуковский,1448
Зарайск,Московская область,553,1,Маркетплейс-провинция,Грязинский — Кинешма — Киреевский,65077.49999999995,86.2,2.66,1.118778946692356,89.4,77.1,городской округ Зарайск,1449
Истра,Московская область,476,4,Стареющие и изолированные,Екатеринбург — Пермский — Всеволожский,111672.79999999992,147.8,1.55,1.118778946692356,89.4,132.1,городской округ Истра,1453
Кашира,Московская область,554,4,Стареющие и изолированные,Екатеринбург — Пермский — Всеволожский,85341.40000000017,113.0,2.03,1.118778946692356,89.4,101.0,городской округ Кашира,1454
Королёв,Московская область,476,13,"Растущие траты, ускоряющиеся цены",Калининград — Сосновоборский — Кольцово,117436.2,155.5,1.47,1.118778946692356,89.4,139.0,городской округ Королёв,1456
Котельники,Московская область,476,4,Стареющие и изолированные,Екатеринбург — Пермский — Всеволожский,118773.00000000004,157.2,1.46,1.118778946692356,89.4,140.5,городской округ Котельники,1457
Красногорск,Московская область,476,4,Стареющие и изолированные,Екатеринбург — Пермский — Всеволожский,137301.8999999999,181.8,1.26,1.118778946692356,89.4,162.5,городской округ Красногорск,1459
Лобня,Московская область,476,13,"Растущие траты, ускоряющиеся цены",Калининград — Сосновоборский — Кольцово,161420.49999999994,213.7,1.07,1.118778946692356,89.4,191.0,городской округ Лобня,1461
Луховицы,Московская область,553,4,Стареющие и изолированные,Екатеринбург — Пермский — Всеволожский,92259.20000000008,122.1,1.88,1.118778946692356,89.4,109.2,городской округ Луховицы,1463
Лыткарино,Московская область,476,4,Стареющие и изолированные,Екатеринбург — Пермский — Всеволожский,111222.90000000004,147.3,1.56,1.118778946692356,89.4,131.7,городской округ Лыткарино,1464
Люберцы,Московская область,476,4,Стареющие и изолированные,Екатеринбург — Пермский — Всеволожский,112071.99999999974,148.4,1.54,1.118778946692356,89.4,132.7,городской округ Люберцы,1465
Мытищи,Московская область,476,4,Стареющие и изолированные,Екатеринбург — Пермский — Всеволожский,110614.19999999992,146.4,1.56,1.118778946692356,89.4,130.9,городской округ Мытищи,1467
Наро-Фоминский,Московская область,476,4,Стареющие и изолированные,Екатеринбург — Пермский — Всеволожский,89700.29999999999,118.8,1.93,1.118778946692356,89.4,106.2,городской округ Наро-Фоминский,1468
Павловский Посад,Московская область,555,12,Добывающий север с высокими зарплатами,Сургут — Нижневартовск — Норильск,81198.20000000007,107.5,2.13,1.118778946692356,89.4,96.1,городской округ Павловский Посад,1471
Подольск,Московская область,476,4,Стареющие и изолированные,Екатеринбург — Пермский — Всеволожский,172415.0999999999,228.3,1.0,1.118778946692356,89.4,204.1,городской округ Подольск,1472
Протвино,Московская область,475,4,Стареющие и изолированные,Екатеринбург — Пермский — Всеволожский,91076.79999999992,120.6,1.9,1.118778946692356,89.4,107.8,городской округ Протвино,1473
Пущино,Московская область,475,1,Маркетплейс-провинция,Грязинский — Кинешма — Киреевский,86843.09999999995,115.0,1.99,1.118778946692356,89.4,102.8,городской округ Пущино,1474
Реутов,Московская область,552,13,"Растущие траты, ускоряющиеся цены",Калининград — Сосновоборский — Кольцово,107100.49999999996,141.8,1.62,1.118778946692356,89.4,126.8,городской округ Реутов,1475
Рузский,Московская область,556,4,Стареющие и изолированные,Екатеринбург — Пермский — Всеволожский,91991.80000000002,121.8,1.88,1.118778946692356,89.4,108.9,городской округ Рузский,1477
Серебряные Пруды,Московская область,553,1,Маркетплейс-провинция,Грязинский — Кинешма — Киреевский,70705.79999999996,93.6,2.45,1.118778946692356,89.4,83.7,городской округ Серебряные Пруды,1478
Ступино,Московская область,554,4,Стареющие и изолированные,Екатеринбург — Пермский — Всеволожский,102284.59999999992,135.4,1.69,1.118778946692356,89.4,121.0,городской округ Ступино,1480
Фрязино,Московская область,476,13,"Растущие траты, ускоряющиеся цены",Калининград — Сосновоборский — Кольцово,123955.50000000004,164.1,1.4,1.118778946692356,89.4,146.7,городской округ Фрязино,1481
Черноголовка,Московская область,476,1,Маркетплейс-провинция,Грязинский — Кинешма — Киреевский,142578.80000000005,188.8,1.21,1.118778946692356,89.4,168.8,городской округ Черноголовка,1483
Чехов,Московская область,476,4,Стареющие и изолированные,Екатеринбург — Пермский — Всеволожский,92079.69999999998,121.9,1.88,1.118778946692356,89.4,109.0,городской округ Чехов,1484
Шаховская,Московская область,557,4,Стареющие и изолированные,Екатеринбург — Пермский — Всеволожский,71927.3999999998,95.2,2.41,1.118778946692356,89.4,85.1,городской округ Шаховская,1486
Электрогорск,Московская область,558,12,Добывающий север с высокими зарплатами,Сургут — Нижневартовск — Норильск,62289.79999999997,82.5,2.78,1.118778946692356,89.4,73.8,городской округ Электрогорск,1487
Электросталь,Московская область,476,13,"Растущие траты, ускоряющиеся цены",Калининград — Сосновоборский — Кольцово,174519.5999999999,231.1,0.99,1.118778946692356,89.4,206.6,городской округ Электросталь,1488
Волоколамский,Московская область,557,4,Стареющие и изолированные,Екатеринбург — Пермский — Всеволожский,77087.10000000005,102.1,2.24,1.118778946692356,89.4,91.3,городской округ Волоколамский,1489
Воскресенск,Московская область,553,4,Стареющие и изолированные,Екатеринбург — Пермский — Всеволожский,89073.4,117.9,1.94,1.118778946692356,89.4,105.4,городской округ Воскресенск,1490
Дмитровский,Московская область,476,4,Стареющие и изолированные,Екатеринбург — Пермский — Всеволожский,89670.19999999992,118.7,1.93,1.118778946692356,89.4,106.1,городской округ Дмитровский,1491
Клин,Московская область,476,4,Стареющие и изолированные,Екатеринбург — Пермский — Всеволожский,82878.79999999993,109.7,2.09,1.118778946692356,89.4,98.1,городской округ Клин,1492
Ленинский,Московская область,476,4,Стареющие и изолированные,Екатеринбург — Пермский — Всеволожский,118959.90000000002,157.5,1.45,1.118778946692356,89.4,140.8,городской округ Ленинский,1493
Лотошино,Московская область,557,1,Маркетплейс-провинция,Грязинский — Кинешма — Киреевский,61386.30000000014,81.3,2.82,1.118778946692356,89.4,72.7,городской округ Лотошино,1494
Можайский,Московская область,556,4,Стареющие и изолированные,Екатеринбург — Пермский — Всеволожский,71940.1000000002,95.2,2.4,1.118778946692356,89.4,85.1,городской округ Можайский,1495
Богородский,Московская область,476,4,Стареющие и изолированные,Екатеринбург — Пермский — Всеволожский,106506.20000000004,141.0,1.62,1.118778946692356,89.4,126.1,городской округ Богородский,1496
Раменский,Московская область,476,4,Стареющие и изолированные,Екатеринбург — Пермский — Всеволожский,97837.00000000012,129.5,1.77,1.118778946692356,89.4,115.8,городской округ Раменский,1500
Сергиево-Посадский,Московская область,476,4,Стареющие и изолированные,Екатеринбург — Пермский — Всеволожский,90162.6,119.4,1.92,1.118778946692356,89.4,106.7,городской округ Сергиево-Посадский,1501
Талдомский,Московская область,476,1,Маркетплейс-провинция,Грязинский — Кинешма — Киреевский,86441.69999999987,114.4,2.0,1.118778946692356,89.4,102.3,городской округ Талдомский,1504
Мурманск,Мурманская область,559,12,Добывающий север с высокими зарплатами,Сургут — Нижневартовск — Норильск,125235.39999999997,165.8,1.38,1.152301314776229,86.8,143.9,городской округ город Мурманск,1506
Апатиты,Мурманская область,560,12,Добывающий север с высокими зарплатами,Сургут — Нижневартовск — Норильск,100902.60000000024,133.6,1.71,1.152301314776229,86.8,116.0,муниципальный округ город Апатиты,1507
Кировск,Мурманская область,560,12,Добывающий север с высокими зарплатами,Сургут — Нижневартовск — Норильск,155467.09999999977,205.8,1.11,1.152301314776229,86.8,178.6,муниципальный округ город Кировск,1508
Мончегорск,Мурманская область,561,9,Середнячки со скромными расходами,Апатиты — Мончегорск — Кандалакшский,110712.00000000007,146.6,1.56,1.152301314776229,86.8,127.2,муниципальный округ город Мончегорск,1509
Оленегорск,Мурманская область,561,9,Середнячки со скромными расходами,Апатиты — Мончегорск — Кандалакшский,100016.80000000002,132.4,1.73,1.152301314776229,86.8,114.9,муниципальный округ город Оленегорск,1510
Полярные Зори,Мурманская область,562,12,Добывающий север с высокими зарплатами,Сургут — Нижневартовск — Норильск,142415.5,188.6,1.21,1.152301314776229,86.8,163.7,муниципальный округ город Полярные Зори,1511
Ковдорский,Мурманская область,563,12,Добывающий север с высокими зарплатами,Сургут — Нижневартовск — Норильск,118867.29999999976,157.4,1.46,1.152301314776229,86.8,136.6,Ковдорский муниципальный округ,1512
Кандалакшский,Мурманская область,562,9,Середнячки со скромными расходами,Апатиты — Мончегорск — Кандалакшский,93922.49999999996,124.3,1.84,1.152301314776229,86.8,107.9,Кандалакшский муниципальный район,1518
Кольский,Мурманская область,559,9,Середнячки со скромными расходами,Апатиты — Мончегорск — Кандалакшский,138007.29999999993,182.7,1.25,1.152301314776229,86.8,158.6,Кольский муниципальный район,1519
Ловозерский,Мурманская область,564,9,Середнячки со скромными расходами,Апатиты — Мончегорск — Кандалакшский,86372.89999999988,114.4,2.0,1.152301314776229,86.8,99.3,Ловозерский муниципальный район,1520
Печенгский,Мурманская область,565,12,Добывающий север с высокими зарплатами,Сургут — Нижневартовск — Норильск,106442.89999999997,140.9,1.63,1.152301314776229,86.8,122.3,Печенгский муниципальный округ,1521
Терский,Мурманская область,566,1,Маркетплейс-провинция,Грязинский — Кинешма — Киреевский,85974.19999999995,113.8,2.01,1.152301314776229,86.8,98.8,Терский муниципальный район,1522
Нижний Новгород,Нижегородская область,119,4,Стареющие и изолированные,Екатеринбург — Пермский — Всеволожский,91812.6999999999,121.6,1.88,0.9552171279028246,104.7,127.3,городской округ город Нижний Новгород,1523
Бор,Нижегородская область,119,4,Стареющие и изолированные,Екатеринбург — Пермский — Всеволожский,70599.60000000003,93.5,2.45,0.9552171279028246,104.7,97.9,городской округ город Бор,1525
Выкса,Нижегородская область,404,2,Быстрый рост трат,Новосибирск — Казань — Нижний Новгород,91080.7,120.6,1.9,0.9552171279028246,104.7,126.3,городской округ город Выкса,1526
Дзержинск,Нижегородская область,119,4,Стареющие и изолированные,Екатеринбург — Пермский — Всеволожский,81689.29999999993,108.2,2.12,0.9552171279028246,104.7,113.3,городской округ город Дзержинск,1527
Кулебаки,Нижегородская область,404,1,Маркетплейс-провинция,Грязинский — Кинешма — Киреевский,69693.69999999997,92.3,2.48,0.9552171279028246,104.7,96.6,городской округ город Кулебаки,1528
Навашинский,Нижегородская область,404,10,Стареющие с низкой инфляцией,Рославльский — Сухой Лог — Верхнесалдинский,63569.10000000004,84.2,2.72,0.9552171279028246,104.7,88.2,городской округ Навашинский,1529
Перевозский,Нижегородская область,119,3,Пригороды мегаполисов,Вольский — Боровичский — Рузаевский,51293.7000000001,67.9,3.37,0.9552171279028246,104.7,71.1,городской округ Перевозский,1530
Семеновский,Нижегородская область,567,1,Маркетплейс-провинция,Грязинский — Кинешма — Киреевский,52030.20000000003,68.9,3.32,0.9552171279028246,104.7,72.1,городской округ Семеновский,1532
Шахунья,Нижегородская область,568,6,"Отрезанные, но высокооплачиваемые",Ишим — Кирово-Чепецк — Ашинский,50743.10000000003,67.2,3.41,0.9552171279028246,104.7,70.4,городской округ город Шахунья,1533
Первомайск,Нижегородская область,120,1,Маркетплейс-провинция,Грязинский — Кинешма — Киреевский,63924.99999999995,84.6,2.71,0.9552171279028246,104.7,88.6,городской округ город Первомайск,1534
Сокольский,Нижегородская область,569,10,Стареющие с низкой инфляцией,Рославльский — Сухой Лог — Верхнесалдинский,55072.000000000015,72.9,3.14,0.9552171279028246,104.7,76.3,городской округ Сокольский,1535
Чкаловск,Нижегородская область,449,11,Стареющие с низкими зарплатами,Ростовский — Шарья — Шахунья,51333.1,68.0,3.37,0.9552171279028246,104.7,71.2,городской округ город Чкаловск,1536
Ардатовский,Нижегородская область,570,3,Пригороды мегаполисов,Вольский — Боровичский — Рузаевский,51079.900000000016,67.6,3.39,0.9552171279028246,104.7,70.8,Ардатовский муниципальный округ,1537
Балахнинский,Нижегородская область,119,2,Быстрый рост трат,Новосибирск — Казань — Нижний Новгород,64084.99999999999,84.8,2.7,0.9552171279028246,104.7,88.8,Балахнинский муниципальный округ,1539
Богородский,Нижегородская область,119,2,Быстрый рост трат,Новосибирск — Казань — Нижний Новгород,54887.8,72.7,3.15,0.9552171279028246,104.7,76.1,Богородский муниципальный округ,1540
Большеболдинский,Нижегородская область,119,3,Пригороды мегаполисов,Вольский — Боровичский — Рузаевский,52302.89999999998,69.2,3.31,0.9552171279028246,104.7,72.5,Большеболдинский муниципальный округ,1541
Большемурашкинский,Нижегородская область,119,1,Маркетплейс-провинция,Грязинский — Кинешма — Киреевский,54463.0,72.1,3.18,0.9552171279028246,104.7,75.5,Большемурашкинский муниципальный округ,1542
Бутурлинский,Нижегородская область,119,6,"Отрезанные, но высокооплачиваемые",Ишим — Кирово-Чепецк — Ашинский,50073.90000000005,66.3,3.45,0.9552171279028246,104.7,69.4,Бутурлинский муниципальный округ,1543
Вадский,Нижегородская область,119,10,Стареющие с низкой инфляцией,Рославльский — Сухой Лог — Верхнесалдинский,60421.00000000003,80.0,2.86,0.9552171279028246,104.7,83.8,Вадский муниципальный округ,1544
Варнавинский,Нижегородская область,571,1,Маркетплейс-провинция,Грязинский — Кинешма — Киреевский,42530.19999999991,56.3,4.07,0.9552171279028246,104.7,58.9,Варнавинский муниципальный округ,1545
Вачский,Нижегородская область,119,1,Маркетплейс-провинция,Грязинский — Кинешма — Киреевский,47172.49999999997,62.5,3.67,0.9552171279028246,104.7,65.4,Вачский муниципальный округ,1546
Ветлужский,Нижегородская область,572,1,Маркетплейс-провинция,Грязинский — Кинешма — Киреевский,43677.4,57.8,3.96,0.9552171279028246,104.7,60.5,Ветлужский муниципальный округ,1547
Вознесенский,Нижегородская область,123,3,Пригороды мегаполисов,Вольский — Боровичский — Рузаевский,46674.60000000004,61.8,3.71,0.9552171279028246,104.7,64.7,Вознесенский муниципальный округ,1548
Володарский,Нижегородская область,119,1,Маркетплейс-провинция,Грязинский — Кинешма — Киреевский,65717.49999999999,87.0,2.63,0.9552171279028246,104.7,91.1,Володарский муниципальный округ,1549
Воротынский,Нижегородская область,119,6,"Отрезанные, но высокооплачиваемые",Ишим — Кирово-Чепецк — Ашинский,52483.79999999988,69.5,3.3,0.9552171279028246,104.7,72.8,городской округ Воротынский,1550
Воскресенский,Нижегородская область,571,3,Пригороды мегаполисов,Вольский — Боровичский — Рузаевский,47142.80000000002,62.4,3.67,0.9552171279028246,104.7,65.3,Воскресенский муниципальный округ,1551
Гагинский,Нижегородская область,119,3,Пригороды мегаполисов,Вольский — Боровичский — Рузаевский,47769.69999999997,63.2,3.62,0.9552171279028246,104.7,66.2,Гагинский муниципальный округ,1552
Городецкий,Нижегородская область,119,2,Быстрый рост трат,Новосибирск — Казань — Нижний Новгород,62205.099999999984,82.4,2.78,0.9552171279028246,104.7,86.3,Городецкий муниципальный округ,1553
Дальнеконстантиновский,Нижегородская область,119,1,Маркетплейс-провинция,Грязинский — Кинешма — Киреевский,54916.99999999996,72.7,3.15,0.9552171279028246,104.7,76.1,Дальнеконстантиновский муниципальный округ,1554
Дивеевский,Нижегородская область,570,1,Маркетплейс-провинция,Грязинский — Кинешма — Киреевский,50658.29999999997,67.1,3.42,0.9552171279028246,104.7,70.3,Дивеевский муниципальный округ,1555
Княгининский,Нижегородская область,119,1,Маркетплейс-провинция,Грязинский — Кинешма — Киреевский,59292.49999999999,78.5,2.92,0.9552171279028246,104.7,82.2,Княгининский муниципальный округ,1556
Ковернинский,Нижегородская область,573,1,Маркетплейс-провинция,Грязинский — Кинешма — Киреевский,50912.6,67.4,3.4,0.9552171279028246,104.7,70.6,Ковернинский муниципальный округ,1557
Краснобаковский,Нижегородская область,571,10,Стареющие с низкой инфляцией,Рославльский — Сухой Лог — Верхнесалдинский,46131.49999999993,61.1,3.75,0.9552171279028246,104.7,64.0,Краснобаковский муниципальный округ,1558
Краснооктябрьский,Нижегородская область,119,3,Пригороды мегаполисов,Вольский — Боровичский — Рузаевский,41238.199999999975,54.6,4.2,0.9552171279028246,104.7,57.2,Краснооктябрьский муниципальный округ,1559
Кстовский,Нижегородская область,119,4,Стареющие и изолированные,Екатеринбург — Пермский — Всеволожский,84669.90000000002,112.1,2.04,0.9552171279028246,104.7,117.4,Кстовский муниципальный округ,1560
Лукояновский,Нижегородская область,119,3,Пригороды мегаполисов,Вольский — Боровичский — Рузаевский,44283.80000000003,58.6,3.91,0.9552171279028246,104.7,61.4,Лукояновский муниципальный округ,1561
Лысковский,Нижегородская область,119,2,Быстрый рост трат,Новосибирск — Казань — Нижний Новгород,50198.400000000045,66.5,3.45,0.9552171279028246,104.7,69.6,Лысковский муниципальный округ,1562
Павловский,Нижегородская область,119,2,Быстрый рост трат,Новосибирск — Казань — Нижний Новгород,80613.90000000004,106.7,2.15,0.9552171279028246,104.7,111.7,Павловский муниципальный округ,1563
Пильнинский,Нижегородская область,119,3,Пригороды мегаполисов,Вольский — Боровичский — Рузаевский,49831.99999999997,66.0,3.47,0.9552171279028246,104.7,69.1,Пильнинский муниципальный округ,1564
Починковский,Нижегородская область,119,3,Пригороды мегаполисов,Вольский — Боровичский — Рузаевский,51450.69999999999,68.1,3.36,0.9552171279028246,104.7,71.3,Починковский муниципальный округ,1565
Сергачский,Нижегородская область,119,3,Пригороды мегаполисов,Вольский — Боровичский — Рузаевский,56147.99999999998,74.3,3.08,0.9552171279028246,104.7,77.8,Сергачский муниципальный округ,1566
Сеченовский,Нижегородская область,119,3,Пригороды мегаполисов,Вольский — Боровичский — Рузаевский,52087.90000000013,69.0,3.32,0.9552171279028246,104.7,72.2,Сеченовский муниципальный округ,1567
Сосновский,Нижегородская область,119,1,Маркетплейс-провинция,Грязинский — Кинешма — Киреевский,56960.59999999993,75.4,3.04,0.9552171279028246,104.7,78.9,Сосновский муниципальный округ,1568
Спасский,Нижегородская область,119,3,Пригороды мегаполисов,Вольский — Боровичский — Рузаевский,44624.70000000001,59.1,3.88,0.9552171279028246,104.7,61.9,Спасский муниципальный округ,1569
Тонкинский,Нижегородская область,568,10,Стареющие с низкой инфляцией,Рославльский — Сухой Лог — Верхнесалдинский,43416.69999999998,57.5,3.98,0.9552171279028246,104.7,60.2,Тонкинский муниципальный округ,1570
Тоншаевский,Нижегородская область,568,1,Маркетплейс-провинция,Грязинский — Кинешма — Киреевский,43387.00000000002,57.4,3.99,0.9552171279028246,104.7,60.1,Тоншаевский муниципальный округ,1571
Уренский,Нижегородская область,572,2,Быстрый рост трат,Новосибирск — Казань — Нижний Новгород,49860.500000000015,66.0,3.47,0.9552171279028246,104.7,69.1,Уренский муниципальный округ,1572
Шарангский,Нижегородская область,568,1,Маркетплейс-провинция,Грязинский — Кинешма — Киреевский,44175.600000000064,58.5,3.92,0.9552171279028246,104.7,61.2,Шарангский муниципальный округ,1573
Шатковский,Нижегородская область,119,10,Стареющие с низкой инфляцией,Рославльский — Сухой Лог — Верхнесалдинский,48417.59999999995,64.1,3.57,0.9552171279028246,104.7,67.1,Шатковский муниципальный округ,1574
Великий Новгород,Новгородская область,574,4,Стареющие и изолированные,Екатеринбург — Пермский — Всеволожский,75444.30000000002,99.9,2.29,0.8951792208615045,111.7,111.6,городской округ Великий Новгород,1575
Боровичский,Новгородская область,575,2,Быстрый рост трат,Новосибирск — Казань — Нижний Новгород,59524.50000000005,78.8,2.91,0.8951792208615045,111.7,88.0,Боровичский муниципальный район,1577
Валдайский,Новгородская область,576,1,Маркетплейс-провинция,Грязинский — Кинешма — Киреевский,59422.20000000008,78.7,2.91,0.8951792208615045,111.7,87.9,Валдайский муниципальный район,1578
Волотовский,Новгородская область,577,10,Стареющие с низкой инфляцией,Рославльский — Сухой Лог — Верхнесалдинский,47694.19999999996,63.1,3.63,0.8951792208615045,111.7,70.5,муниципальный округ Волотовский,1579
Демянский,Новгородская область,578,6,"Отрезанные, но высокооплачиваемые",Ишим — Кирово-Чепецк — Ашинский,47131.20000000002,62.4,3.67,0.8951792208615045,111.7,69.7,муниципальный округ Демянский,1580
Крестецкий,Новгородская область,579,9,Середнячки со скромными расходами,Апатиты — Мончегорск — Кандалакшский,70229.50000000012,93.0,2.46,0.8951792208615045,111.7,103.9,муниципальный округ Крестецкий,1581
Любытинский,Новгородская область,580,10,Стареющие с низкой инфляцией,Рославльский — Сухой Лог — Верхнесалдинский,56204.69999999997,74.4,3.08,0.8951792208615045,111.7,83.1,Любытинский муниципальный район,1582
Маловишерский,Новгородская область,581,1,Маркетплейс-провинция,Грязинский — Кинешма — Киреевский,59223.2,78.4,2.92,0.8951792208615045,111.7,87.6,Маловишерский муниципальный район,1583
Марёвский,Новгородская область,582,1,Маркетплейс-провинция,Грязинский — Кинешма — Киреевский,43342.49999999998,57.4,3.99,0.8951792208615045,111.7,64.1,муниципальный округ Марёвский,1584
Мошенской,Новгородская область,575,10,Стареющие с низкой инфляцией,Рославльский — Сухой Лог — Верхнесалдинский,42513.700000000106,56.3,4.07,0.8951792208615045,111.7,62.9,муниципальный округ Мошенской,1585
Новгородский,Новгородская область,574,4,Стареющие и изолированные,Екатеринбург — Пермский — Всеволожский,66606.69999999982,88.2,2.6,0.8951792208615045,111.7,98.5,Новгородский муниципальный район,1586
Окуловский,Новгородская область,575,10,Стареющие с низкой инфляцией,Рославльский — Сухой Лог — Верхнесалдинский,63637.50000000003,84.3,2.72,0.8951792208615045,111.7,94.2,Окуловский муниципальный район,1587
Парфинский,Новгородская область,577,1,Маркетплейс-провинция,Грязинский — Кинешма — Киреевский,46930.09999999999,62.1,3.69,0.8951792208615045,111.7,69.4,Парфинский муниципальный район,1588
Пестовский,Новгородская область,444,1,Маркетплейс-провинция,Грязинский — Кинешма — Киреевский,52642.29999999998,69.7,3.29,0.8951792208615045,111.7,77.9,муниципальный округ Пестовский,1589
Поддорский,Новгородская область,583,10,Стареющие с низкой инфляцией,Рославльский — Сухой Лог — Верхнесалдинский,43933.69999999997,58.2,3.94,0.8951792208615045,111.7,65.0,Поддорский муниципальный район,1590
Солецкий,Новгородская область,577,11,Стареющие с низкими зарплатами,Ростовский — Шарья — Шахунья,45516.00000000007,60.3,3.8,0.8951792208615045,111.7,67.4,муниципальный округ Солецкий,1591
Старорусский,Новгородская область,577,3,Пригороды мегаполисов,Вольский — Боровичский — Рузаевский,53512.399999999965,70.8,3.23,0.8951792208615045,111.7,79.1,Старорусский муниципальный район,1592
Хвойнинский,Новгородская область,584,10,Стареющие с низкой инфляцией,Рославльский — Сухой Лог — Верхнесалдинский,58128.90000000002,77.0,2.98,0.8951792208615045,111.7,86.0,муниципальный округ Хвойнинский,1593
Холмский,Новгородская область,583,10,Стареющие с низкой инфляцией,Рославльский — Сухой Лог — Верхнесалдинский,54421.899999999965,72.1,3.18,0.8951792208615045,111.7,80.5,Холмский муниципальный район,1594
Чудовский,Новгородская область,585,1,Маркетплейс-провинция,Грязинский — Кинешма — Киреевский,69403.20000000001,91.9,2.49,0.8951792208615045,111.7,102.7,Чудовский муниципальный район,1595
Шимский,Новгородская область,577,6,"Отрезанные, но высокооплачиваемые",Ишим — Кирово-Чепецк — Ашинский,55998.50000000001,74.1,3.09,0.8951792208615045,111.7,82.8,Шимский муниципальный район,1596
Новосибирск,Новосибирская область,586,13,"Растущие траты, ускоряющиеся цены",Калининград — Сосновоборский — Кольцово,93057.40000000004,123.2,1.86,0.9837605967314575,101.7,125.3,городской округ город Новосибирск,1597
Бердск,Новосибирская область,586,4,Стареющие и изолированные,Екатеринбург — Пермский — Всеволожский,69072.19999999994,91.4,2.5,0.9837605967314575,101.7,93.0,городской округ город Бердск,1598
Искитим,Новосибирская область,586,2,Быстрый рост трат,Новосибирск — Казань — Нижний Новгород,79607.3,105.4,2.17,0.9837605967314575,101.7,107.2,городской округ город Искитим,1599
Обь,Новосибирская область,586,4,Стареющие и изолированные,Екатеринбург — Пермский — Всеволожский,105107.99999999996,139.2,1.65,0.9837605967314575,101.7,141.6,городской округ город Обь,1600
Кольцово,Новосибирская область,586,13,"Растущие траты, ускоряющиеся цены",Калининград — Сосновоборский — Кольцово,133492.59999999992,176.7,1.3,0.9837605967314575,101.7,179.7,городской округ рабочий поселок Кольцово,1601
Баганский,Новосибирская область,587,5,Дёшевые и скромные,Минусинск — Тайшетский — Саяногорск,50910.49999999996,67.4,3.4,0.9837605967314575,101.7,68.5,Баганский муниципальный район,1602
Барабинский,Новосибирская область,588,5,Дёшевые и скромные,Минусинск — Тайшетский — Саяногорск,64127.59999999997,84.9,2.7,0.9837605967314575,101.7,86.3,Барабинский муниципальный район,1603
Болотнинский,Новосибирская область,483,2,Быстрый рост трат,Новосибирск — Казань — Нижний Новгород,58805.599999999984,77.9,2.94,0.9837605967314575,101.7,79.2,Болотнинский муниципальный район,1604
Венгеровский,Новосибирская область,589,6,"Отрезанные, но высокооплачиваемые",Ишим — Кирово-Чепецк — Ашинский,53200.79999999996,70.4,3.25,0.9837605967314575,101.7,71.6,Венгеровский муниципальный район,1605
Доволенский,Новосибирская область,590,6,"Отрезанные, но высокооплачиваемые",Ишим — Кирово-Чепецк — Ашинский,49189.49999999992,65.1,3.52,0.9837605967314575,101.7,66.2,Доволенский муниципальный район,1606
Здвинский,Новосибирская область,591,6,"Отрезанные, но высокооплачиваемые",Ишим — Кирово-Чепецк — Ашинский,53417.19999999999,70.7,3.24,0.9837605967314575,101.7,71.9,Здвинский муниципальный район,1607
Искитимский,Новосибирская область,586,6,"Отрезанные, но высокооплачиваемые",Ишим — Кирово-Чепецк — Ашинский,80035.30000000002,106.0,2.16,0.9837605967314575,101.7,107.8,Искитимский муниципальный район,1608
Карасукский,Новосибирская область,592,5,Дёшевые и скромные,Минусинск — Тайшетский — Саяногорск,60587.60000000002,80.2,2.86,0.9837605967314575,101.7,81.6,Карасукский муниципальный район,1609
Каргатский,Новосибирская область,593,5,Дёшевые и скромные,Минусинск — Тайшетский — Саяногорск,54652.1000000001,72.4,3.17,0.9837605967314575,101.7,73.6,Каргатский муниципальный район,1610
Колыванский,Новосибирская область,594,5,Дёшевые и скромные,Минусинск — Тайшетский — Саяногорск,58264.9999999999,77.1,2.97,0.9837605967314575,101.7,78.4,Колыванский муниципальный район,1611
Коченевский,Новосибирская область,595,1,Маркетплейс-провинция,Грязинский — Кинешма — Киреевский,64857.80000000002,85.9,2.67,0.9837605967314575,101.7,87.4,Коченевский муниципальный район,1612
Кочковский,Новосибирская область,596,5,Дёшевые и скромные,Минусинск — Тайшетский — Саяногорск,54664.399999999965,72.4,3.16,0.9837605967314575,101.7,73.6,Кочковский муниципальный район,1613
Краснозерский,Новосибирская область,597,5,Дёшевые и скромные,Минусинск — Тайшетский — Саяногорск,57316.899999999856,75.9,3.02,0.9837605967314575,101.7,77.2,Краснозерский муниципальный район,1614
Куйбышевский,Новосибирская область,588,2,Быстрый рост трат,Новосибирск — Казань — Нижний Новгород,61548.00000000004,81.5,2.81,0.9837605967314575,101.7,82.9,Куйбышевский муниципальный район,1615
Купинский,Новосибирская область,587,5,Дёшевые и скромные,Минусинск — Тайшетский — Саяногорск,55122.49999999996,73.0,3.14,0.9837605967314575,101.7,74.2,Купинский муниципальный район,1616
Кыштовский,Новосибирская область,598,5,Дёшевые и скромные,Минусинск — Тайшетский — Саяногорск,53398.30000000002,70.7,3.24,0.9837605967314575,101.7,71.9,Кыштовский муниципальный район,1617
Маслянинский,Новосибирская область,599,5,Дёшевые и скромные,Минусинск — Тайшетский — Саяногорск,68730.69999999998,91.0,2.52,0.9837605967314575,101.7,92.5,Маслянинский муниципальный район,1618
Мошковский,Новосибирская область,600,5,Дёшевые и скромные,Минусинск — Тайшетский — Саяногорск,66260.09999999998,87.7,2.61,0.9837605967314575,101.7,89.2,Мошковский муниципальный район,1619
Новосибирский,Новосибирская область,586,4,Стареющие и изолированные,Екатеринбург — Пермский — Всеволожский,87765.60000000005,116.2,1.97,0.9837605967314575,101.7,118.2,Новосибирский муниципальный район,1620
Ордынский,Новосибирская область,601,5,Дёшевые и скромные,Минусинск — Тайшетский — Саяногорск,57913.39999999996,76.7,2.99,0.9837605967314575,101.7,78.0,Ордынский муниципальный район,1621
Северный,Новосибирская область,602,6,"Отрезанные, но высокооплачиваемые",Ишим — Кирово-Чепецк — Ашинский,51040.30000000009,67.6,3.39,0.9837605967314575,101.7,68.7,Северный муниципальный район,1622
Сузунский,Новосибирская область,603,5,Дёшевые и скромные,Минусинск — Тайшетский — Саяногорск,51598.600000000064,68.3,3.35,0.9837605967314575,101.7,69.5,Сузунский муниципальный район,1623
Татарский,Новосибирская область,604,10,Стареющие с низкой инфляцией,Рославльский — Сухой Лог — Верхнесалдинский,57371.00000000005,76.0,3.02,0.9837605967314575,101.7,77.3,Татарский муниципальный район,1624
Тогучинский,Новосибирская область,605,5,Дёшевые и скромные,Минусинск — Тайшетский — Саяногорск,58383.30000000002,77.3,2.96,0.9837605967314575,101.7,78.6,Тогучинский муниципальный район,1625
Убинский,Новосибирская область,606,6,"Отрезанные, но высокооплачиваемые",Ишим — Кирово-Чепецк — Ашинский,50754.19999999993,67.2,3.41,0.9837605967314575,101.7,68.3,Убинский муниципальный район,1626
Усть-Таркский,Новосибирская область,604,10,Стареющие с низкой инфляцией,Рославльский — Сухой Лог — Верхнесалдинский,50752.60000000004,67.2,3.41,0.9837605967314575,101.7,68.3,Усть-Таркский муниципальный район,1627
Чановский,Новосибирская область,589,5,Дёшевые и скромные,Минусинск — Тайшетский — Саяногорск,60120.900000000045,79.6,2.88,0.9837605967314575,101.7,81.0,Чановский муниципальный район,1628
Черепановский,Новосибирская область,607,5,Дёшевые и скромные,Минусинск — Тайшетский — Саяногорск,60695.9,80.4,2.85,0.9837605967314575,101.7,81.8,Черепановский муниципальный район,1629
Чистоозерный,Новосибирская область,608,5,Дёшевые и скромные,Минусинск — Тайшетский — Саяногорск,50424.69999999991,66.8,3.43,0.9837605967314575,101.7,67.9,Чистоозерный муниципальный район,1630
Чулымский,Новосибирская область,609,6,"Отрезанные, но высокооплачиваемые",Ишим — Кирово-Чепецк — Ашинский,59933.99999999996,79.3,2.89,0.9837605967314575,101.7,80.6,Чулымский муниципальный район,1631
Омск,Омская область,610,2,Быстрый рост трат,Новосибирск — Казань — Нижний Новгород,77427.19999999982,102.5,2.23,0.8735749572832073,114.5,117.4,городской округ город Омск,1632
Азовский немецкий,Омская область,610,10,Стареющие с низкой инфляцией,Рославльский — Сухой Лог — Верхнесалдинский,50337.300000000025,66.6,3.44,0.8735749572832073,114.5,76.3,Азовский немецкий национальный муниципальный район,1633
Большереченский,Омская область,611,5,Дёшевые и скромные,Минусинск — Тайшетский — Саяногорск,45128.400000000096,59.7,3.83,0.8735749572832073,114.5,68.4,Большереченский муниципальный район,1634
Большеуковский,Омская область,612,6,"Отрезанные, но высокооплачиваемые",Ишим — Кирово-Чепецк — Ашинский,44267.300000000025,58.6,3.91,0.8735749572832073,114.5,67.1,Большеуковский муниципальный район,1635
Горьковский,Омская область,610,6,"Отрезанные, но высокооплачиваемые",Ишим — Кирово-Чепецк — Ашинский,43825.69999999997,58.0,3.95,0.8735749572832073,114.5,66.4,Горьковский муниципальный район,1636
Знаменский,Омская область,613,6,"Отрезанные, но высокооплачиваемые",Ишим — Кирово-Чепецк — Ашинский,42358.20000000001,56.1,4.08,0.8735749572832073,114.5,64.2,Знаменский муниципальный район,1637
Исилькульский,Омская область,614,6,"Отрезанные, но высокооплачиваемые",Ишим — Кирово-Чепецк — Ашинский,46016.700000000026,60.9,3.76,0.8735749572832073,114.5,69.7,Исилькульский муниципальный район,1638
Калачинский,Омская область,610,6,"Отрезанные, но высокооплачиваемые",Ишим — Кирово-Чепецк — Ашинский,52071.69999999995,68.9,3.32,0.8735749572832073,114.5,78.9,Калачинский муниципальный район,1639
Колосовский,Омская область,615,6,"Отрезанные, но высокооплачиваемые",Ишим — Кирово-Чепецк — Ашинский,43047.69999999993,57.0,4.02,0.8735749572832073,114.5,65.3,Колосовский муниципальный район,1640
Кормиловский,Омская область,610,6,"Отрезанные, но высокооплачиваемые",Ишим — Кирово-Чепецк — Ашинский,53569.89999999997,70.9,3.23,0.8735749572832073,114.5,81.2,Кормиловский муниципальный район,1641
Крутинский,Омская область,616,7,Дальневосточная периферия,Омский — Азнакаевский — Нурлатский,46049.29999999992,61.0,3.76,0.8735749572832073,114.5,69.8,Крутинский муниципальный район,1642
Любинский,Омская область,617,10,Стареющие с низкой инфляцией,Рославльский — Сухой Лог — Верхнесалдинский,50588.300000000025,67.0,3.42,0.8735749572832073,114.5,76.7,Любинский муниципальный район,1643
Марьяновский,Омская область,617,6,"Отрезанные, но высокооплачиваемые",Ишим — Кирово-Чепецк — Ашинский,50511.50000000001,66.9,3.42,0.8735749572832073,114.5,76.6,Марьяновский муниципальный район,1644
Москаленский,Омская область,618,3,Пригороды мегаполисов,Вольский — Боровичский — Рузаевский,48378.29999999993,64.1,3.58,0.8735749572832073,114.5,73.4,Москаленский муниципальный район,1645
Муромцевский,Омская область,619,6,"Отрезанные, но высокооплачиваемые",Ишим — Кирово-Чепецк — Ашинский,42808.399999999965,56.7,4.04,0.8735749572832073,114.5,64.9,Муромцевский муниципальный район,1646
Называевский,Омская область,620,7,Дальневосточная периферия,Омский — Азнакаевский — Нурлатский,46477.200000000026,61.5,3.72,0.8735749572832073,114.5,70.4,Называевский муниципальный район,1647
Нижнеомский,Омская область,621,6,"Отрезанные, но высокооплачиваемые",Ишим — Кирово-Чепецк — Ашинский,43901.70000000001,58.1,3.94,0.8735749572832073,114.5,66.5,Нижнеомский муниципальный район,1648
Нововаршавский,Омская область,622,6,"Отрезанные, но высокооплачиваемые",Ишим — Кирово-Чепецк — Ашинский,50341.39999999991,66.6,3.44,0.8735749572832073,114.5,76.3,Нововаршавский муниципальный район,1649
Одесский,Омская область,623,10,Стареющие с низкой инфляцией,Рославльский — Сухой Лог — Верхнесалдинский,47241.10000000009,62.5,3.66,0.8735749572832073,114.5,71.6,Одесский муниципальный район,1650
Оконешниковский,Омская область,610,7,Дальневосточная периферия,Омский — Азнакаевский — Нурлатский,45186.10000000004,59.8,3.83,0.8735749572832073,114.5,68.5,Оконешниковский муниципальный район,1651
Омский,Омская область,610,7,Дальневосточная периферия,Омский — Азнакаевский — Нурлатский,55625.39999999999,73.6,3.11,0.8735749572832073,114.5,84.3,Омский муниципальный район,1652
Павлоградский,Омская область,623,10,Стареющие с низкой инфляцией,Рославльский — Сухой Лог — Верхнесалдинский,48039.49999999999,63.6,3.6,0.8735749572832073,114.5,72.8,Павлоградский муниципальный район,1653
Полтавский,Омская область,624,7,Дальневосточная периферия,Омский — Азнакаевский — Нурлатский,47737.20000000002,63.2,3.62,0.8735749572832073,114.5,72.4,Полтавский муниципальный район,1654
Русско-Полянский,Омская область,625,6,"Отрезанные, но высокооплачиваемые",Ишим — Кирово-Чепецк — Ашинский,44913.00000000009,59.5,3.85,0.8735749572832073,114.5,68.1,Русско-Полянский муниципальный район,1655
Саргатский,Омская область,626,6,"Отрезанные, но высокооплачиваемые",Ишим — Кирово-Чепецк — Ашинский,44770.49999999997,59.3,3.86,0.8735749572832073,114.5,67.9,Саргатский муниципальный район,1656
Седельниковский,Омская область,627,6,"Отрезанные, но высокооплачиваемые",Ишим — Кирово-Чепецк — Ашинский,43667.20000000003,57.8,3.96,0.8735749572832073,114.5,66.2,Седельниковский муниципальный район,1657
Таврический,Омская область,628,6,"Отрезанные, но высокооплачиваемые",Ишим — Кирово-Чепецк — Ашинский,47838.99999999996,63.3,3.62,0.8735749572832073,114.5,72.5,Таврический муниципальный район,1658
Тарский,Омская область,629,3,Пригороды мегаполисов,Вольский — Боровичский — Рузаевский,49200.2,65.1,3.52,0.8735749572832073,114.5,74.5,Тарский муниципальный район,1659
Тевризский,Омская область,630,5,Дёшевые и скромные,Минусинск — Тайшетский — Саяногорск,45468.8,60.2,3.8,0.8735749572832073,114.5,68.9,Тевризский муниципальный район,1660
Тюкалинский,Омская область,631,7,Дальневосточная периферия,Омский — Азнакаевский — Нурлатский,46387.10000000002,61.4,3.73,0.8735749572832073,114.5,70.3,Тюкалинский муниципальный район,1661
Усть-Ишимский,Омская область,632,5,Дёшевые и скромные,Минусинск — Тайшетский — Саяногорск,44483.79999999999,58.9,3.89,0.8735749572832073,114.5,67.4,Усть-Ишимский муниципальный район,1662
Черлакский,Омская область,633,6,"Отрезанные, но высокооплачиваемые",Ишим — Кирово-Чепецк — Ашинский,44547.79999999989,59.0,3.88,0.8735749572832073,114.5,67.6,Черлакский муниципальный район,1663
Шербакульский,Омская область,617,6,"Отрезанные, но высокооплачиваемые",Ишим — Кирово-Чепецк — Ашинский,45717.9,60.5,3.78,0.8735749572832073,114.5,69.3,Шербакульский муниципальный район,1664
Оренбург,Оренбургская область,634,2,Быстрый рост трат,Новосибирск — Казань — Нижний Новгород,77401.40000000018,102.5,2.24,0.8754944272465498,114.2,117.1,городской округ город Оренбург,1665
Абдулинский,Оренбургская область,24,7,Дальневосточная периферия,Омский — Азнакаевский — Нурлатский,63306.400000000045,83.8,2.73,0.8754944272465498,114.2,95.7,городской округ Абдулинский,1666
Бугуруслан,Оренбургская область,635,2,Быстрый рост трат,Новосибирск — Казань — Нижний Новгород,59751.89999999998,79.1,2.9,0.8754944272465498,114.2,90.3,городской округ город Бугуруслан,1667
Бузулук,Оренбургская область,636,4,Стареющие и изолированные,Екатеринбург — Пермский — Всеволожский,79778.4000000002,105.6,2.17,0.8754944272465498,114.2,120.6,городской округ город Бузулук,1668
Гайский,Оренбургская область,637,10,Стареющие с низкой инфляцией,Рославльский — Сухой Лог — Верхнесалдинский,83424.49999999993,110.5,2.07,0.8754944272465498,114.2,126.2,городской округ Гайский,1669
Кувандыкский,Оренбургская область,638,3,Пригороды мегаполисов,Вольский — Боровичский — Рузаевский,51752.600000000006,68.5,3.34,0.8754944272465498,114.2,78.2,городской округ Кувандыкский,1670
Медногорск,Оренбургская область,638,1,Маркетплейс-провинция,Грязинский — Кинешма — Киреевский,64872.59999999996,85.9,2.67,0.8754944272465498,114.2,98.1,городской округ город Медногорск,1671
Новотроицк,Оренбургская область,637,2,Быстрый рост трат,Новосибирск — Казань — Нижний Новгород,74255.19999999997,98.3,2.33,0.8754944272465498,114.2,112.3,городской округ город Новотроицк,1672
Орск,Оренбургская область,637,2,Быстрый рост трат,Новосибирск — Казань — Нижний Новгород,74043.19999999988,98.0,2.34,0.8754944272465498,114.2,111.9,городской округ город Орск,1673
Соль-Илецкий,Оренбургская область,639,5,Дёшевые и скромные,Минусинск — Тайшетский — Саяногорск,50777.39999999998,67.2,3.41,0.8754944272465498,114.2,76.7,городской округ Соль-Илецкий,1674
Сорочинский,Оренбургская область,640,2,Быстрый рост трат,Новосибирск — Казань — Нижний Новгород,48696.200000000106,64.5,3.55,0.8754944272465498,114.2,73.7,городской округ Сорочинский,1675
Ясненский,Оренбургская область,641,9,Середнячки со скромными расходами,Апатиты — Мончегорск — Кандалакшский,64263.69999999988,85.1,2.69,0.8754944272465498,114.2,97.2,городской округ Ясненский,1676
Адамовский,Оренбургская область,642,5,Дёшевые и скромные,Минусинск — Тайшетский — Саяногорск,43601.59999999997,57.7,3.97,0.8754944272465498,114.2,65.9,Адамовский муниципальный район,1678
Акбулакский,Оренбургская область,643,6,"Отрезанные, но высокооплачиваемые",Ишим — Кирово-Чепецк — Ашинский,41483.199999999975,54.9,4.17,0.8754944272465498,114.2,62.7,Акбулакский муниципальный район,1679
Александровский,Оренбургская область,27,3,Пригороды мегаполисов,Вольский — Боровичский — Рузаевский,53187.50000000002,70.4,3.25,0.8754944272465498,114.2,80.4,Александровский муниципальный район,1680
Асекеевский,Оренбургская область,635,6,"Отрезанные, но высокооплачиваемые",Ишим — Кирово-Чепецк — Ашинский,50076.4999999999,66.3,3.45,0.8754944272465498,114.2,75.7,Асекеевский муниципальный район,1681
Беляевский,Оренбургская область,644,6,"Отрезанные, но высокооплачиваемые",Ишим — Кирово-Чепецк — Ашинский,50165.39999999999,66.4,3.45,0.8754944272465498,114.2,75.8,Беляевский муниципальный район,1682
Бугурусланский,Оренбургская область,635,3,Пригороды мегаполисов,Вольский — Боровичский — Рузаевский,53931.600000000064,71.4,3.21,0.8754944272465498,114.2,81.5,Бугурусланский муниципальный район,1683
Грачёвский,Оренбургская область,636,6,"Отрезанные, но высокооплачиваемые",Ишим — Кирово-Чепецк — Ашинский,53369.000000000015,70.7,3.24,0.8754944272465498,114.2,80.7,Грачёвский муниципальный район,1685
Домбаровский,Оренбургская область,645,10,Стареющие с низкой инфляцией,Рославльский — Сухой Лог — Верхнесалдинский,54897.1,72.7,3.15,0.8754944272465498,114.2,83.0,Домбаровский муниципальный район,1686
Илекский,Оренбургская область,646,7,Дальневосточная периферия,Омский — Азнакаевский — Нурлатский,47564.699999999975,63.0,3.64,0.8754944272465498,114.2,71.9,Илекский муниципальный район,1687
Кваркенский,Оренбургская область,647,3,Пригороды мегаполисов,Вольский — Боровичский — Рузаевский,53385.29999999999,70.7,3.24,0.8754944272465498,114.2,80.7,Кваркенский муниципальный район,1688
Красногвардейский,Оренбургская область,648,6,"Отрезанные, но высокооплачиваемые",Ишим — Кирово-Чепецк — Ашинский,45739.39999999998,60.6,3.78,0.8754944272465498,114.2,69.2,Красногвардейский муниципальный район,1689
Курманаевский,Оренбургская область,636,6,"Отрезанные, но высокооплачиваемые",Ишим — Кирово-Чепецк — Ашинский,51089.19999999997,67.6,3.39,0.8754944272465498,114.2,77.2,Курманаевский муниципальный район,1690
Матвеевский,Оренбургская область,24,6,"Отрезанные, но высокооплачиваемые",Ишим — Кирово-Чепецк — Ашинский,50218.99999999999,66.5,3.44,0.8754944272465498,114.2,75.9,Матвеевский муниципальный район,1691
Новоорский,Оренбургская область,637,6,"Отрезанные, но высокооплачиваемые",Ишим — Кирово-Чепецк — Ашинский,65573.09999999996,86.8,2.64,0.8754944272465498,114.2,99.1,Новоорский муниципальный район,1692
Новосергиевский,Оренбургская область,649,6,"Отрезанные, но высокооплачиваемые",Ишим — Кирово-Чепецк — Ашинский,55143.09999999986,73.0,3.14,0.8754944272465498,114.2,83.4,Новосергиевский муниципальный район,1693
Октябрьский,Оренбургская область,650,6,"Отрезанные, но высокооплачиваемые",Ишим — Кирово-Чепецк — Ашинский,53243.69999999996,70.5,3.25,0.8754944272465498,114.2,80.5,Октябрьский муниципальный район,1694
Оренбургский,Оренбургская область,634,4,Стареющие и изолированные,Екатеринбург — Пермский — Всеволожский,74657.0,98.8,2.32,0.8754944272465498,114.2,112.8,Оренбургский муниципальный район,1695
Первомайский,Оренбургская область,651,6,"Отрезанные, но высокооплачиваемые",Ишим — Кирово-Чепецк — Ашинский,53986.900000000016,71.5,3.2,0.8754944272465498,114.2,81.7,Первомайский муниципальный район,1696
Переволоцкий,Оренбургская область,652,6,"Отрезанные, но высокооплачиваемые",Ишим — Кирово-Чепецк — Ашинский,54376.19999999988,72.0,3.18,0.8754944272465498,114.2,82.2,Переволоцкий муниципальный район,1697
Пономарёвский,Оренбургская область,653,3,Пригороды мегаполисов,Вольский — Боровичский — Рузаевский,43159.199999999975,57.1,4.01,0.8754944272465498,114.2,65.2,Пономарёвский муниципальный район,1698
Сакмарский,Оренбургская область,634,10,Стареющие с низкой инфляцией,Рославльский — Сухой Лог — Верхнесалдинский,54767.89999999994,72.5,3.16,0.8754944272465498,114.2,82.8,Сакмарский муниципальный район,1699
Саракташский,Оренбургская область,654,7,Дальневосточная периферия,Омский — Азнакаевский — Нурлатский,51540.8,68.2,3.36,0.8754944272465498,114.2,77.9,Саракташский муниципальный район,1700
Светлинский,Оренбургская область,655,1,Маркетплейс-провинция,Грязинский — Кинешма — Киреевский,45985.600000000006,60.9,3.76,0.8754944272465498,114.2,69.5,Светлинский муниципальный район,1701
Северный,Оренбургская область,656,7,Дальневосточная периферия,Омский — Азнакаевский — Нурлатский,60306.40000000001,79.8,2.87,0.8754944272465498,114.2,91.1,Северный муниципальный район,1702
Ташлинский,Оренбургская область,657,6,"Отрезанные, но высокооплачиваемые",Ишим — Кирово-Чепецк — Ашинский,57467.09999999996,76.1,3.01,0.8754944272465498,114.2,86.9,Ташлинский муниципальный район,1703
Тоцкий,Оренбургская область,640,2,Быстрый рост трат,Новосибирск — Казань — Нижний Новгород,46971.300000000025,62.2,3.68,0.8754944272465498,114.2,71.0,Тоцкий муниципальный район,1704
Тюльганский,Оренбургская область,34,6,"Отрезанные, но высокооплачиваемые",Ишим — Кирово-Чепецк — Ашинский,42087.20000000001,55.7,4.11,0.8754944272465498,114.2,63.6,Тюльганский муниципальный район,1705
Шарлыкский,Оренбургская область,27,6,"Отрезанные, но высокооплачиваемые",Ишим — Кирово-Чепецк — Ашинский,46125.0,61.1,3.75,0.8754944272465498,114.2,69.8,Шарлыкский муниципальный район,1706
Орёл,Орловская область,475,2,Быстрый рост трат,Новосибирск — Казань — Нижний Новгород,61277.00000000001,81.1,2.82,0.8754932327430377,114.2,92.6,городской округ город Орёл,1707
Ливны,Орловская область,542,1,Маркетплейс-провинция,Грязинский — Кинешма — Киреевский,51959.90000000007,68.8,3.33,0.8754932327430377,114.2,78.6,городской округ город Ливны,1708
Мценск,Орловская область,475,1,Маркетплейс-провинция,Грязинский — Кинешма — Киреевский,53229.59999999993,70.5,3.25,0.8754932327430377,114.2,80.5,городской округ город Мценск,1709
Болховский,Орловская область,475,10,Стареющие с низкой инфляцией,Рославльский — Сухой Лог — Верхнесалдинский,45166.30000000008,59.8,3.83,0.8754932327430377,114.2,68.3,Болховский муниципальный район,1710
Верховский,Орловская область,475,10,Стареющие с низкой инфляцией,Рославльский — Сухой Лог — Верхнесалдинский,52593.99999999997,69.6,3.29,0.8754932327430377,114.2,79.5,Верховский муниципальный район,1711
Глазуновский,Орловская область,475,10,Стареющие с низкой инфляцией,Рославльский — Сухой Лог — Верхнесалдинский,49502.00000000005,65.5,3.49,0.8754932327430377,114.2,74.8,Глазуновский муниципальный район,1712
Дмитровский,Орловская область,658,3,Пригороды мегаполисов,Вольский — Боровичский — Рузаевский,52611.19999999998,69.7,3.29,0.8754932327430377,114.2,79.6,Дмитровский муниципальный район,1713
Должанский,Орловская область,475,3,Пригороды мегаполисов,Вольский — Боровичский — Рузаевский,50892.80000000005,67.4,3.4,0.8754932327430377,114.2,77.0,Должанский муниципальный район,1714
Залегощенский,Орловская область,475,10,Стареющие с низкой инфляцией,Рославльский — Сухой Лог — Верхнесалдинский,48806.00000000003,64.6,3.54,0.8754932327430377,114.2,73.8,Залегощенский муниципальный район,1715
Колпнянский,Орловская область,475,1,Маркетплейс-провинция,Грязинский — Кинешма — Киреевский,69003.6,91.4,2.51,0.8754932327430377,114.2,104.4,Колпнянский муниципальный район,1717
Краснозоренский,Орловская область,542,1,Маркетплейс-провинция,Грязинский — Кинешма — Киреевский,50320.200000000106,66.6,3.44,0.8754932327430377,114.2,76.1,Краснозоренский муниципальный район,1718
Кромской,Орловская область,475,3,Пригороды мегаполисов,Вольский — Боровичский — Рузаевский,54417.39999999987,72.0,3.18,0.8754932327430377,114.2,82.2,Кромской муниципальный район,1719
Ливенский,Орловская область,542,3,Пригороды мегаполисов,Вольский — Боровичский — Рузаевский,59619.39999999997,78.9,2.9,0.8754932327430377,114.2,90.1,Ливенский муниципальный район,1721
Малоархангельский,Орловская область,475,10,Стареющие с низкой инфляцией,Рославльский — Сухой Лог — Верхнесалдинский,46776.79999999997,61.9,3.7,0.8754932327430377,114.2,70.7,Малоархангельский муниципальный район,1722
Мценский,Орловская область,475,3,Пригороды мегаполисов,Вольский — Боровичский — Рузаевский,59768.2,79.1,2.89,0.8754932327430377,114.2,90.3,Мценский муниципальный район,1723
Новодеревеньковский,Орловская область,475,10,Стареющие с низкой инфляцией,Рославльский — Сухой Лог — Верхнесалдинский,51968.30000000004,68.8,3.33,0.8754932327430377,114.2,78.6,Новодеревеньковский муниципальный район,1724
Новосильский,Орловская область,475,10,Стареющие с низкой инфляцией,Рославльский — Сухой Лог — Верхнесалдинский,50855.700000000026,67.3,3.4,0.8754932327430377,114.2,76.9,Новосильский муниципальный район,1725
Орловский,Орловская область,475,4,Стареющие и изолированные,Екатеринбург — Пермский — Всеволожский,65790.70000000001,87.1,2.63,0.8754932327430377,114.2,99.5,муниципальный округ Орловский,1726
Покровский,Орловская область,475,10,Стареющие с низкой инфляцией,Рославльский — Сухой Лог — Верхнесалдинский,53224.9,70.5,3.25,0.8754932327430377,114.2,80.5,Покровский муниципальный район,1727
Свердловский,Орловская область,475,10,Стареющие с низкой инфляцией,Рославльский — Сухой Лог — Верхнесалдинский,49255.1000000001,65.2,3.51,0.8754932327430377,114.2,74.5,Свердловский муниципальный район,1728
Троснянский,Орловская область,475,6,"Отрезанные, но высокооплачиваемые",Ишим — Кирово-Чепецк — Ашинский,54617.8,72.3,3.17,0.8754932327430377,114.2,82.6,Троснянский муниципальный район,1730
Урицкий,Орловская область,475,10,Стареющие с низкой инфляцией,Рославльский — Сухой Лог — Верхнесалдинский,43893.69999999998,58.1,3.94,0.8754932327430377,114.2,66.4,Урицкий муниципальный район,1731
Хотынецкий,Орловская область,475,3,Пригороды мегаполисов,Вольский — Боровичский — Рузаевский,53718.30000000003,71.1,3.22,0.8754932327430377,114.2,81.2,Хотынецкий муниципальный район,1732
Шаблыкинский,Орловская область,475,10,Стареющие с низкой инфляцией,Рославльский — Сухой Лог — Верхнесалдинский,60459.699999999946,80.0,2.86,0.8754932327430377,114.2,91.4,Шаблыкинский муниципальный район,1733
Башмаковский,Пензенская область,121,1,Маркетплейс-провинция,Грязинский — Кинешма — Киреевский,60294.00000000004,79.8,2.87,0.8624007640945065,116.0,92.6,Башмаковский муниципальный район,1737
Бековский,Пензенская область,659,1,Маркетплейс-провинция,Грязинский — Кинешма — Киреевский,48089.90000000004,63.7,3.6,0.8624007640945065,116.0,73.9,Бековский муниципальный район,1738
Белинский,Пензенская область,659,3,Пригороды мегаполисов,Вольский — Боровичский — Рузаевский,46192.29999999999,61.2,3.75,0.8624007640945065,116.0,71.0,Белинский муниципальный район,1739
Бессоновский,Пензенская область,660,2,Быстрый рост трат,Новосибирск — Казань — Нижний Новгород,62408.50000000001,82.6,2.77,0.8624007640945065,116.0,95.8,Бессоновский муниципальный район,1740
Вадинский,Пензенская область,661,1,Маркетплейс-провинция,Грязинский — Кинешма — Киреевский,47719.79999999999,63.2,3.63,0.8624007640945065,116.0,73.3,Вадинский муниципальный район,1741
Городищенский,Пензенская область,662,3,Пригороды мегаполисов,Вольский — Боровичский — Рузаевский,47836.19999999995,63.3,3.62,0.8624007640945065,116.0,73.4,Городищенский муниципальный район,1742
Земетчинский,Пензенская область,661,3,Пригороды мегаполисов,Вольский — Боровичский — Рузаевский,51322.90000000002,67.9,3.37,0.8624007640945065,116.0,78.8,Земетчинский муниципальный район,1743
Иссинский,Пензенская область,119,3,Пригороды мегаполисов,Вольский — Боровичский — Рузаевский,48212.4,63.8,3.59,0.8624007640945065,116.0,74.0,Иссинский муниципальный район,1744
Каменский,Пензенская область,663,3,Пригороды мегаполисов,Вольский — Боровичский — Рузаевский,55626.899999999965,73.6,3.11,0.8624007640945065,116.0,85.4,Каменский муниципальный район,1745
Камешкирский,Пензенская область,664,7,Дальневосточная периферия,Омский — Азнакаевский — Нурлатский,42526.40000000003,56.3,4.07,0.8624007640945065,116.0,65.3,Камешкирский муниципальный район,1746
Колышлейский,Пензенская область,659,3,Пригороды мегаполисов,Вольский — Боровичский — Рузаевский,48162.60000000005,63.8,3.59,0.8624007640945065,116.0,74.0,Колышлейский муниципальный район,1747
Лопатинский,Пензенская область,664,3,Пригороды мегаполисов,Вольский — Боровичский — Рузаевский,47132.30000000002,62.4,3.67,0.8624007640945065,116.0,72.4,Лопатинский муниципальный район,1749
Лунинский,Пензенская область,660,3,Пригороды мегаполисов,Вольский — Боровичский — Рузаевский,45966.29999999997,60.9,3.76,0.8624007640945065,116.0,70.6,Лунинский муниципальный район,1750
Малосердобинский,Пензенская область,659,3,Пригороды мегаполисов,Вольский — Боровичский — Рузаевский,40943.79999999998,54.2,4.23,0.8624007640945065,116.0,62.9,Малосердобинский муниципальный район,1751
Мокшанский,Пензенская область,660,3,Пригороды мегаполисов,Вольский — Боровичский — Рузаевский,50058.59999999999,66.3,3.46,0.8624007640945065,116.0,76.9,Мокшанский муниципальный район,1752
Наровчатский,Пензенская область,121,3,Пригороды мегаполисов,Вольский — Боровичский — Рузаевский,48008.30000000005,63.6,3.6,0.8624007640945065,116.0,73.8,Наровчатский муниципальный район,1753
Неверкинский,Пензенская область,665,7,Дальневосточная периферия,Омский — Азнакаевский — Нурлатский,39738.59999999998,52.6,4.35,0.8624007640945065,116.0,61.0,Неверкинский муниципальный район,1754
Нижнеломовский,Пензенская область,121,1,Маркетплейс-провинция,Грязинский — Кинешма — Киреевский,65412.300000000025,86.6,2.64,0.8624007640945065,116.0,100.5,Нижнеломовский муниципальный район,1755
Никольский,Пензенская область,666,3,Пригороды мегаполисов,Вольский — Боровичский — Рузаевский,51354.50000000009,68.0,3.37,0.8624007640945065,116.0,78.9,Никольский муниципальный район,1756
Пачелмский,Пензенская область,121,1,Маркетплейс-провинция,Грязинский — Кинешма — Киреевский,47733.8,63.2,3.62,0.8624007640945065,116.0,73.3,Пачелмский муниципальный район,1757
Пензенский,Пензенская область,659,4,Стареющие и изолированные,Екатеринбург — Пермский — Всеволожский,58702.900000000096,77.7,2.95,0.8624007640945065,116.0,90.1,Пензенский муниципальный район,1758
Сердобский,Пензенская область,659,3,Пригороды мегаполисов,Вольский — Боровичский — Рузаевский,47333.500000000015,62.7,3.65,0.8624007640945065,116.0,72.7,Сердобский муниципальный район,1759
Сосновоборский,Пензенская область,667,3,Пригороды мегаполисов,Вольский — Боровичский — Рузаевский,38565.00000000001,51.1,4.49,0.8624007640945065,116.0,59.3,Сосновоборский муниципальный район,1760
Спасский,Пензенская область,120,1,Маркетплейс-провинция,Грязинский — Кинешма — Киреевский,50926.99999999997,67.4,3.4,0.8624007640945065,116.0,78.2,Спасский муниципальный район,1761
Тамалинский,Пензенская область,659,3,Пригороды мегаполисов,Вольский — Боровичский — Рузаевский,48864.20000000003,64.7,3.54,0.8624007640945065,116.0,75.1,Тамалинский муниципальный район,1762
Шемышейский,Пензенская область,659,7,Дальневосточная периферия,Омский — Азнакаевский — Нурлатский,39959.59999999995,52.9,4.33,0.8624007640945065,116.0,61.4,Шемышейский муниципальный район,1763
Псков,Псковская область,668,2,Быстрый рост трат,Новосибирск — Казань — Нижний Новгород,63953.69999999996,84.7,2.71,0.9262515188871414,108.0,91.5,городской округ город Псков,1764
Великие Луки,Псковская область,669,2,Быстрый рост трат,Новосибирск — Казань — Нижний Новгород,62918.6,83.3,2.75,0.9262515188871414,108.0,90.0,городской округ город Великие Луки,1765
Бежаницкий,Псковская область,670,10,Стареющие с низкой инфляцией,Рославльский — Сухой Лог — Верхнесалдинский,47785.29999999997,63.3,3.62,0.9262515188871414,108.0,68.4,Бежаницкий муниципальный район,1766
Великолукский,Псковская область,669,2,Быстрый рост трат,Новосибирск — Казань — Нижний Новгород,54214.79999999997,71.8,3.19,0.9262515188871414,108.0,77.5,Великолукский муниципальный район,1767
Гдовский,Псковская область,541,6,"Отрезанные, но высокооплачиваемые",Ишим — Кирово-Чепецк — Ашинский,43483.600000000006,57.6,3.98,0.9262515188871414,108.0,62.2,Гдовский муниципальный район,1768
Дедовичский,Псковская область,577,6,"Отрезанные, но высокооплачиваемые",Ишим — Кирово-Чепецк — Ашинский,50884.29999999997,67.4,3.4,0.9262515188871414,108.0,72.8,Дедовичский муниципальный район,1769
Дновский,Псковская область,577,10,Стареющие с низкой инфляцией,Рославльский — Сухой Лог — Верхнесалдинский,62309.49999999999,82.5,2.78,0.9262515188871414,108.0,89.1,Дновский муниципальный район,1770
Красногородский,Псковская область,670,1,Маркетплейс-провинция,Грязинский — Кинешма — Киреевский,38848.69999999995,51.4,4.45,0.9262515188871414,108.0,55.5,муниципальный округ Красногородский,1771
Локнянский,Псковская область,670,10,Стареющие с низкой инфляцией,Рославльский — Сухой Лог — Верхнесалдинский,41230.4,54.6,4.2,0.9262515188871414,108.0,59.0,муниципальный округ Локнянский,1773
Невельский,Псковская область,671,10,Стареющие с низкой инфляцией,Рославльский — Сухой Лог — Верхнесалдинский,48842.20000000006,64.7,3.54,0.9262515188871414,108.0,69.9,муниципальный округ Невельский,1774
Новоржевский,Псковская область,670,11,Стареющие с низкими зарплатами,Ростовский — Шарья — Шахунья,38828.10000000003,51.4,4.46,0.9262515188871414,108.0,55.5,муниципальный округ Новоржевский,1775
Новосокольнический,Псковская область,669,10,Стареющие с низкой инфляцией,Рославльский — Сухой Лог — Верхнесалдинский,52751.19999999997,69.8,3.28,0.9262515188871414,108.0,75.4,Новосокольнический муниципальный район,1776
Опочецкий,Псковская область,670,6,"Отрезанные, но высокооплачиваемые",Ишим — Кирово-Чепецк — Ашинский,42888.79999999997,56.8,4.03,0.9262515188871414,108.0,61.3,муниципальный округ Опочецкий,1777
Островский,Псковская область,670,1,Маркетплейс-провинция,Грязинский — Кинешма — Киреевский,46005.49999999996,60.9,3.76,0.9262515188871414,108.0,65.8,Островский муниципальный район,1778
Печорский,Псковская область,668,10,Стареющие с низкой инфляцией,Рославльский — Сухой Лог — Верхнесалдинский,53153.10000000002,70.4,3.25,0.9262515188871414,108.0,76.0,муниципальный округ Печорский,1780
Плюсский,Псковская область,672,6,"Отрезанные, но высокооплачиваемые",Ишим — Кирово-Чепецк — Ашинский,55319.79999999999,73.2,3.13,0.9262515188871414,108.0,79.1,Плюсский муниципальный район,1781
Порховский,Псковская область,577,6,"Отрезанные, но высокооплачиваемые",Ишим — Кирово-Чепецк — Ашинский,45317.89999999997,60.0,3.82,0.9262515188871414,108.0,64.8,Порховский муниципальный район,1782
Псковский,Псковская область,668,4,Стареющие и изолированные,Екатеринбург — Пермский — Всеволожский,53166.20000000004,70.4,3.25,0.9262515188871414,108.0,76.0,Псковский муниципальный район,1783
Пустошкинский,Псковская область,673,6,"Отрезанные, но высокооплачиваемые",Ишим — Кирово-Чепецк — Ашинский,43254.700000000026,57.3,4.0,0.9262515188871414,108.0,61.9,Пустошкинский муниципальный район,1784
Пушкиногорский,Псковская область,670,6,"Отрезанные, но высокооплачиваемые",Ишим — Кирово-Чепецк — Ашинский,48343.60000000013,64.0,3.58,0.9262515188871414,108.0,69.1,Пушкиногорский муниципальный район,1785
Пыталовский,Псковская область,670,10,Стареющие с низкой инфляцией,Рославльский — Сухой Лог — Верхнесалдинский,50507.800000000025,66.9,3.43,0.9262515188871414,108.0,72.3,муниципальный округ Пыталовский,1786
Себежский,Псковская область,674,1,Маркетплейс-провинция,Грязинский — Кинешма — Киреевский,51684.49999999996,68.4,3.35,0.9262515188871414,108.0,73.9,Себежский муниципальный район,1787
Струго-Красненский,Псковская область,672,11,Стареющие с низкими зарплатами,Ростовский — Шарья — Шахунья,42718.09999999992,56.6,4.05,0.9262515188871414,108.0,61.1,муниципальный округ Струго-Красненский,1788
Усвятский,Псковская область,675,1,Маркетплейс-провинция,Грязинский — Кинешма — Киреевский,39292.900000000016,52.0,4.4,0.9262515188871414,108.0,56.2,Усвятский муниципальный район,1789
Рязань,Рязанская область,553,4,Стареющие и изолированные,Екатеринбург — Пермский — Всеволожский,76626.69999999995,101.5,2.26,0.9348147760451844,107.0,108.6,городской округ город Рязань,1845
Касимов,Рязанская область,676,1,Маркетплейс-провинция,Грязинский — Кинешма — Киреевский,53175.69999999999,70.4,3.25,0.9348147760451844,107.0,75.3,городской округ город Касимов,1846
Сасово,Рязанская область,677,6,"Отрезанные, но высокооплачиваемые",Ишим — Кирово-Чепецк — Ашинский,47711.09999999996,63.2,3.63,0.9348147760451844,107.0,67.6,городской округ город Сасово,1847
Скопин,Рязанская область,542,1,Маркетплейс-провинция,Грязинский — Кинешма — Киреевский,48624.800000000025,64.4,3.56,0.9348147760451844,107.0,68.9,городской округ город Скопин,1848
Ермишинский,Рязанская область,123,3,Пригороды мегаполисов,Вольский — Боровичский — Рузаевский,51293.99999999993,67.9,3.37,0.9348147760451844,107.0,72.7,Ермишинский муниципальный район,1849
Захаровский,Рязанская область,553,10,Стареющие с низкой инфляцией,Рославльский — Сухой Лог — Верхнесалдинский,54583.19999999998,72.3,3.17,0.9348147760451844,107.0,77.4,Захаровский муниципальный район,1850
Кадомский,Рязанская область,123,1,Маркетплейс-провинция,Грязинский — Кинешма — Киреевский,39054.40000000003,51.7,4.43,0.9348147760451844,107.0,55.3,Кадомский муниципальный район,1851
Касимовский,Рязанская область,676,1,Маркетплейс-провинция,Грязинский — Кинешма — Киреевский,59914.19999999995,79.3,2.89,0.9348147760451844,107.0,84.9,Касимовский муниципальный район,1852
Клепиковский,Рязанская область,678,1,Маркетплейс-провинция,Грязинский — Кинешма — Киреевский,48522.69999999997,64.2,3.57,0.9348147760451844,107.0,68.7,Клепиковский муниципальный район,1853
Кораблинский,Рязанская область,542,1,Маркетплейс-провинция,Грязинский — Кинешма — Киреевский,51736.79999999996,68.5,3.34,0.9348147760451844,107.0,73.3,Кораблинский муниципальный район,1854
Милославский,Рязанская область,542,1,Маркетплейс-провинция,Грязинский — Кинешма — Киреевский,44905.09999999997,59.5,3.85,0.9348147760451844,107.0,63.7,Милославский муниципальный район,1855
Михайловский,Рязанская область,553,1,Маркетплейс-провинция,Грязинский — Кинешма — Киреевский,62990.19999999997,83.4,2.75,0.9348147760451844,107.0,89.2,Михайловский муниципальный район,1856
Александро-Невский,Рязанская область,542,1,Маркетплейс-провинция,Грязинский — Кинешма — Киреевский,50280.9,66.6,3.44,0.9348147760451844,107.0,71.3,Александро-Невский муниципальный район,1857
Пителинский,Рязанская область,542,1,Маркетплейс-провинция,Грязинский — Кинешма — Киреевский,53249.30000000005,70.5,3.25,0.9348147760451844,107.0,75.4,Пителинский муниципальный район,1858
Пронский,Рязанская область,542,1,Маркетплейс-провинция,Грязинский — Кинешма — Киреевский,55214.49999999996,73.1,3.13,0.9348147760451844,107.0,78.2,Пронский муниципальный район,1859
Путятинский,Рязанская область,542,1,Маркетплейс-провинция,Грязинский — Кинешма — Киреевский,61460.50000000003,81.4,2.81,0.9348147760451844,107.0,87.1,Путятинский муниципальный округ,1860
Рыбновский,Рязанская область,553,1,Маркетплейс-провинция,Грязинский — Кинешма — Киреевский,78058.00000000007,103.3,2.22,0.9348147760451844,107.0,110.5,Рыбновский муниципальный район,1861
Ряжский,Рязанская область,542,1,Маркетплейс-провинция,Грязинский — Кинешма — Киреевский,50378.2,66.7,3.43,0.9348147760451844,107.0,71.4,Ряжский муниципальный округ,1862
Рязанский,Рязанская область,553,4,Стареющие и изолированные,Екатеринбург — Пермский — Всеволожский,70812.70000000004,93.8,2.44,0.9348147760451844,107.0,100.4,Рязанский муниципальный район,1863
Сапожковский,Рязанская область,542,1,Маркетплейс-провинция,Грязинский — Кинешма — Киреевский,51195.70000000003,67.8,3.38,0.9348147760451844,107.0,72.5,Сапожковский муниципальный район,1864
Сараевский,Рязанская область,542,1,Маркетплейс-провинция,Грязинский — Кинешма — Киреевский,54025.899999999965,71.5,3.2,0.9348147760451844,107.0,76.5,Сараевский муниципальный район,1865
Спасский,Рязанская область,679,10,Стареющие с низкой инфляцией,Рославльский — Сухой Лог — Верхнесалдинский,48599.09999999999,64.3,3.56,0.9348147760451844,107.0,68.8,Спасский муниципальный район,1868
Старожиловский,Рязанская область,542,1,Маркетплейс-провинция,Грязинский — Кинешма — Киреевский,56686.99999999988,75.1,3.05,0.9348147760451844,107.0,80.4,Старожиловский муниципальный район,1869
Ухоловский,Рязанская область,542,3,Пригороды мегаполисов,Вольский — Боровичский — Рузаевский,43937.7,58.2,3.94,0.9348147760451844,107.0,62.3,Ухоловский муниципальный район,1870
Чучковский,Рязанская область,542,1,Маркетплейс-провинция,Грязинский — Кинешма — Киреевский,46846.40000000002,62.0,3.69,0.9348147760451844,107.0,66.3,Чучковский муниципальный район,1871
Шацкий,Рязанская область,542,1,Маркетплейс-провинция,Грязинский — Кинешма — Киреевский,48959.600000000006,64.8,3.53,0.9348147760451844,107.0,69.3,Шацкий муниципальный район,1872
Шиловский,Рязанская область,542,1,Маркетплейс-провинция,Грязинский — Кинешма — Киреевский,52688.99999999996,69.8,3.28,0.9348147760451844,107.0,74.7,Шиловский муниципальный район,1873
Самара,Самарская область,169,13,"Растущие траты, ускоряющиеся цены",Калининград — Сосновоборский — Кольцово,81323.7,107.7,2.13,0.9136889406407636,109.4,117.8,городской округ Самара,1874
Жигулевск,Самарская область,680,2,Быстрый рост трат,Новосибирск — Казань — Нижний Новгород,64428.70000000008,85.3,2.69,0.9136889406407636,109.4,93.3,городской округ Жигулевск,1875
Кинель,Самарская область,169,2,Быстрый рост трат,Новосибирск — Казань — Нижний Новгород,61842.50000000002,81.9,2.8,0.9136889406407636,109.4,89.6,городской округ Кинель,1876
Новокуйбышевск,Самарская область,169,2,Быстрый рост трат,Новосибирск — Казань — Нижний Новгород,70807.10000000005,93.7,2.44,0.9136889406407636,109.4,102.5,городской округ Новокуйбышевск,1877
Октябрьск,Самарская область,681,10,Стареющие с низкой инфляцией,Рославльский — Сухой Лог — Верхнесалдинский,63239.00000000005,83.7,2.74,0.9136889406407636,109.4,91.6,городской округ Октябрьск,1878
Отрадный,Самарская область,682,2,Быстрый рост трат,Новосибирск — Казань — Нижний Новгород,76578.29999999996,101.4,2.26,0.9136889406407636,109.4,110.9,городской округ Отрадный,1879
Похвистнево,Самарская область,635,2,Быстрый рост трат,Новосибирск — Казань — Нижний Новгород,55675.19999999999,73.7,3.11,0.9136889406407636,109.4,80.6,городской округ Похвистнево,1880
Сызрань,Самарская область,681,2,Быстрый рост трат,Новосибирск — Казань — Нижний Новгород,66408.00000000004,87.9,2.61,0.9136889406407636,109.4,96.2,городской округ Сызрань,1881
Тольятти,Самарская область,683,2,Быстрый рост трат,Новосибирск — Казань — Нижний Новгород,81044.60000000005,107.3,2.13,0.9136889406407636,109.4,117.4,городской округ Тольятти,1882
Чапаевск,Самарская область,169,2,Быстрый рост трат,Новосибирск — Казань — Нижний Новгород,64958.3,86.0,2.66,0.9136889406407636,109.4,94.1,городской округ Чапаевск,1883
Алексеевский,Самарская область,682,1,Маркетплейс-провинция,Грязинский — Кинешма — Киреевский,50570.80000000009,67.0,3.42,0.9136889406407636,109.4,73.3,Алексеевский муниципальный район,1884
Безенчукский,Самарская область,169,1,Маркетплейс-провинция,Грязинский — Кинешма — Киреевский,59250.9,78.4,2.92,0.9136889406407636,109.4,85.8,Безенчукский муниципальный район,1885
Богатовский,Самарская область,682,1,Маркетплейс-провинция,Грязинский — Кинешма — Киреевский,54352.2,72.0,3.18,0.9136889406407636,109.4,78.8,Богатовский муниципальный район,1886
Большеглушицкий,Самарская область,169,3,Пригороды мегаполисов,Вольский — Боровичский — Рузаевский,52391.10000000002,69.4,3.3,0.9136889406407636,109.4,75.9,Большеглушицкий муниципальный район,1887
Большечерниговский,Самарская область,169,1,Маркетплейс-провинция,Грязинский — Кинешма — Киреевский,51925.399999999965,68.7,3.33,0.9136889406407636,109.4,75.2,Большечерниговский муниципальный район,1888
Борский,Самарская область,682,1,Маркетплейс-провинция,Грязинский — Кинешма — Киреевский,48139.3,63.7,3.59,0.9136889406407636,109.4,69.7,Борский муниципальный район,1889
Волжский,Самарская область,169,4,Стареющие и изолированные,Екатеринбург — Пермский — Всеволожский,77330.79999999984,102.4,2.24,0.9136889406407636,109.4,112.0,Волжский муниципальный район,1890
Елховский,Самарская область,169,10,Стареющие с низкой инфляцией,Рославльский — Сухой Лог — Верхнесалдинский,47937.599999999984,63.5,3.61,0.9136889406407636,109.4,69.5,Елховский муниципальный район,1891
Исаклинский,Самарская область,169,10,Стареющие с низкой инфляцией,Рославльский — Сухой Лог — Верхнесалдинский,45915.40000000004,60.8,3.77,0.9136889406407636,109.4,66.5,Исаклинский муниципальный район,1892
Камышлинский,Самарская область,656,3,Пригороды мегаполисов,Вольский — Боровичский — Рузаевский,47809.80000000012,63.3,3.62,0.9136889406407636,109.4,69.3,Камышлинский муниципальный район,1893
Кинельский,Самарская область,169,1,Маркетплейс-провинция,Грязинский — Кинешма — Киреевский,78024.39999999997,103.3,2.22,0.9136889406407636,109.4,113.0,Кинельский муниципальный район,1894
Кинель-Черкасский,Самарская область,682,10,Стареющие с низкой инфляцией,Рославльский — Сухой Лог — Верхнесалдинский,55781.2,73.9,3.1,0.9136889406407636,109.4,80.8,Кинель-Черкасский муниципальный район,1895
Клявлинский,Самарская область,656,3,Пригороды мегаполисов,Вольский — Боровичский — Рузаевский,53888.59999999992,71.3,3.21,0.9136889406407636,109.4,78.0,Клявлинский муниципальный район,1896
Кошкинский,Самарская область,169,10,Стареющие с низкой инфляцией,Рославльский — Сухой Лог — Верхнесалдинский,54399.40000000003,72.0,3.18,0.9136889406407636,109.4,78.8,Кошкинский муниципальный район,1897
Красноармейский,Самарская область,169,10,Стареющие с низкой инфляцией,Рославльский — Сухой Лог — Верхнесалдинский,54573.00000000009,72.3,3.17,0.9136889406407636,109.4,79.1,Красноармейский муниципальный район,1898
Красноярский,Самарская область,169,1,Маркетплейс-провинция,Грязинский — Кинешма — Киреевский,68328.30000000002,90.5,2.53,0.9136889406407636,109.4,99.0,Красноярский муниципальный район,1899
Нефтегорский,Самарская область,682,1,Маркетплейс-провинция,Грязинский — Кинешма — Киреевский,56101.500000000015,74.3,3.08,0.9136889406407636,109.4,81.3,Нефтегорский муниципальный район,1900
Пестравский,Самарская область,169,1,Маркетплейс-провинция,Грязинский — Кинешма — Киреевский,57468.2,76.1,3.01,0.9136889406407636,109.4,83.3,Пестравский муниципальный район,1901
Похвистневский,Самарская область,635,1,Маркетплейс-провинция,Грязинский — Кинешма — Киреевский,49082.10000000002,65.0,3.52,0.9136889406407636,109.4,71.1,Похвистневский муниципальный район,1902
Приволжский,Самарская область,684,1,Маркетплейс-провинция,Грязинский — Кинешма — Киреевский,49714.20000000008,65.8,3.48,0.9136889406407636,109.4,72.0,Приволжский муниципальный район,1903
Сергиевский,Самарская область,685,10,Стареющие с низкой инфляцией,Рославльский — Сухой Лог — Верхнесалдинский,71418.89999999997,94.6,2.42,0.9136889406407636,109.4,103.5,Сергиевский муниципальный район,1904
Ставропольский,Самарская область,680,4,Стареющие и изолированные,Екатеринбург — Пермский — Всеволожский,67602.80000000005,89.5,2.56,0.9136889406407636,109.4,97.9,Ставропольский муниципальный район,1905
Сызранский,Самарская область,681,2,Быстрый рост трат,Новосибирск — Казань — Нижний Новгород,56573.999999999854,74.9,3.06,0.9136889406407636,109.4,81.9,Сызранский муниципальный район,1906
Хворостянский,Самарская область,684,1,Маркетплейс-провинция,Грязинский — Кинешма — Киреевский,52156.49999999996,69.1,3.32,0.9136889406407636,109.4,75.6,Хворостянский муниципальный район,1907
Челно-Вершинский,Самарская область,169,3,Пригороды мегаполисов,Вольский — Боровичский — Рузаевский,48023.30000000004,63.6,3.6,0.9136889406407636,109.4,69.6,Челно-Вершинский муниципальный район,1908
Шенталинский,Самарская область,169,3,Пригороды мегаполисов,Вольский — Боровичский — Рузаевский,49451.79999999996,65.5,3.5,0.9136889406407636,109.4,71.7,Шенталинский муниципальный район,1909
Шигонский,Самарская область,681,1,Маркетплейс-провинция,Грязинский — Кинешма — Киреевский,56363.99999999999,74.6,3.07,0.9136889406407636,109.4,81.6,Шигонский муниципальный район,1910
Шиханы,Саратовская область,686,2,Быстрый рост трат,Новосибирск — Казань — Нижний Новгород,59704.29999999997,79.0,2.9,0.8717240340498997,114.7,90.6,городской округ город Шиханы,1912
Александрово-Гайский,Саратовская область,687,3,Пригороды мегаполисов,Вольский — Боровичский — Рузаевский,50824.099999999904,67.3,3.4,0.8717240340498997,114.7,77.2,Александрово-Гайский муниципальный район,1915
Аркадакский,Саратовская область,688,3,Пригороды мегаполисов,Вольский — Боровичский — Рузаевский,44492.700000000026,58.9,3.89,0.8717240340498997,114.7,67.6,Аркадакский муниципальный район,1916
Аткарский,Саратовская область,689,3,Пригороды мегаполисов,Вольский — Боровичский — Рузаевский,47933.400000000096,63.5,3.61,0.8717240340498997,114.7,72.8,Аткарский муниципальный район,1917
Базарно-Карабулакский,Саратовская область,665,3,Пригороды мегаполисов,Вольский — Боровичский — Рузаевский,41671.49999999997,55.2,4.15,0.8717240340498997,114.7,63.3,Базарно-Карабулакский муниципальный район,1918
Балаковский,Саратовская область,686,2,Быстрый рост трат,Новосибирск — Казань — Нижний Новгород,72660.50000000006,96.2,2.38,0.8717240340498997,114.7,110.3,Балаковский муниципальный район,1919
Балашовский,Саратовская область,690,2,Быстрый рост трат,Новосибирск — Казань — Нижний Новгород,47550.59999999997,63.0,3.64,0.8717240340498997,114.7,72.3,Балашовский муниципальный район,1920
Балтайский,Саратовская область,665,3,Пригороды мегаполисов,Вольский — Боровичский — Рузаевский,39974.19999999999,52.9,4.33,0.8717240340498997,114.7,60.7,Балтайский муниципальный район,1921
Вольский,Саратовская область,686,2,Быстрый рост трат,Новосибирск — Казань — Нижний Новгород,49672.79999999989,65.8,3.48,0.8717240340498997,114.7,75.5,Вольский муниципальный район,1922
Воскресенский,Саратовская область,691,10,Стареющие с низкой инфляцией,Рославльский — Сухой Лог — Верхнесалдинский,47934.7,63.5,3.61,0.8717240340498997,114.7,72.8,Воскресенский муниципальный район,1923
Дергачевский,Саратовская область,692,3,Пригороды мегаполисов,Вольский — Боровичский — Рузаевский,38846.99999999999,51.4,4.45,0.8717240340498997,114.7,59.0,Дергачевский муниципальный район,1924
Духовницкий,Саратовская область,693,10,Стареющие с низкой инфляцией,Рославльский — Сухой Лог — Верхнесалдинский,49765.80000000002,65.9,3.48,0.8717240340498997,114.7,75.6,Духовницкий муниципальный район,1925
Екатериновский,Саратовская область,694,3,Пригороды мегаполисов,Вольский — Боровичский — Рузаевский,47785.599999999984,63.3,3.62,0.8717240340498997,114.7,72.6,Екатериновский муниципальный район,1926
Ершовский,Саратовская область,692,3,Пригороды мегаполисов,Вольский — Боровичский — Рузаевский,53668.00000000003,71.1,3.22,0.8717240340498997,114.7,81.6,Ершовский муниципальный район,1927
Ивантеевский,Саратовская область,695,3,Пригороды мегаполисов,Вольский — Боровичский — Рузаевский,43334.599999999904,57.4,3.99,0.8717240340498997,114.7,65.8,Ивантеевский муниципальный район,1928
Калининский,Саратовская область,696,3,Пригороды мегаполисов,Вольский — Боровичский — Рузаевский,47516.0,62.9,3.64,0.8717240340498997,114.7,72.1,Калининский муниципальный район,1929
Красноармейский,Саратовская область,697,3,Пригороды мегаполисов,Вольский — Боровичский — Рузаевский,43374.00000000002,57.4,3.99,0.8717240340498997,114.7,65.8,Красноармейский муниципальный район,1930
Краснокутский,Саратовская область,698,3,Пригороды мегаполисов,Вольский — Боровичский — Рузаевский,47620.399999999965,63.0,3.63,0.8717240340498997,114.7,72.3,Краснокутский муниципальный район,1931
Краснопартизанский,Саратовская область,699,3,Пригороды мегаполисов,Вольский — Боровичский — Рузаевский,41997.3,55.6,4.12,0.8717240340498997,114.7,63.8,Краснопартизанский муниципальный район,1932
Лысогорский,Саратовская область,696,3,Пригороды мегаполисов,Вольский — Боровичский — Рузаевский,48388.2000000001,64.1,3.58,0.8717240340498997,114.7,73.5,Лысогорский муниципальный район,1933
Марксовский,Саратовская область,700,3,Пригороды мегаполисов,Вольский — Боровичский — Рузаевский,48052.80000000002,63.6,3.6,0.8717240340498997,114.7,72.9,Марксовский муниципальный район,1934
Новобурасский,Саратовская область,665,3,Пригороды мегаполисов,Вольский — Боровичский — Рузаевский,43299.399999999936,57.3,4.0,0.8717240340498997,114.7,65.7,Новобурасский муниципальный район,1935
Новоузенский,Саратовская область,701,0,Северный Кавказ,Махачкала — Саранск — Владикавказ,39927.40000000006,52.9,4.33,0.8717240340498997,114.7,60.7,Новоузенский муниципальный район,1936
Озинский,Саратовская область,702,3,Пригороды мегаполисов,Вольский — Боровичский — Рузаевский,39996.699999999975,53.0,4.33,0.8717240340498997,114.7,60.8,Озинский муниципальный район,1937
Перелюбский,Саратовская область,703,3,Пригороды мегаполисов,Вольский — Боровичский — Рузаевский,45244.70000000003,59.9,3.82,0.8717240340498997,114.7,68.7,Перелюбский муниципальный район,1938
Петровский,Саратовская область,704,3,Пригороды мегаполисов,Вольский — Боровичский — Рузаевский,47805.89999999994,63.3,3.62,0.8717240340498997,114.7,72.6,Петровский муниципальный район,1939
Питерский,Саратовская область,705,3,Пригороды мегаполисов,Вольский — Боровичский — Рузаевский,37833.40000000002,50.1,4.57,0.8717240340498997,114.7,57.5,Питерский муниципальный район,1940
Пугачевский,Саратовская область,695,3,Пригороды мегаполисов,Вольский — Боровичский — Рузаевский,45150.50000000003,59.8,3.83,0.8717240340498997,114.7,68.6,Пугачевский муниципальный район,1941
Ровенский,Саратовская область,706,3,Пригороды мегаполисов,Вольский — Боровичский — Рузаевский,40355.10000000011,53.4,4.29,0.8717240340498997,114.7,61.2,Ровенский муниципальный район,1942
Романовский,Саратовская область,690,3,Пригороды мегаполисов,Вольский — Боровичский — Рузаевский,39096.99999999999,51.8,4.42,0.8717240340498997,114.7,59.4,Романовский муниципальный район,1943
Ртищевский,Саратовская область,659,3,Пригороды мегаполисов,Вольский — Боровичский — Рузаевский,49549.99999999999,65.6,3.49,0.8717240340498997,114.7,75.2,Ртищевский муниципальный район,1944
Самойловский,Саратовская область,413,3,Пригороды мегаполисов,Вольский — Боровичский — Рузаевский,38548.40000000002,51.0,4.49,0.8717240340498997,114.7,58.5,Самойловский муниципальный район,1945
Советский,Саратовская область,707,10,Стареющие с низкой инфляцией,Рославльский — Сухой Лог — Верхнесалдинский,50621.30000000002,67.0,3.42,0.8717240340498997,114.7,76.8,Советский муниципальный район,1947
Татищевский,Саратовская область,708,3,Пригороды мегаполисов,Вольский — Боровичский — Рузаевский,54763.49999999988,72.5,3.16,0.8717240340498997,114.7,83.2,Татищевский муниципальный район,1948
Турковский,Саратовская область,688,3,Пригороды мегаполисов,Вольский — Боровичский — Рузаевский,40760.99999999997,54.0,4.24,0.8717240340498997,114.7,61.9,Турковский муниципальный район,1949
Федоровский,Саратовская область,709,3,Пригороды мегаполисов,Вольский — Боровичский — Рузаевский,47657.800000000025,63.1,3.63,0.8717240340498997,114.7,72.4,Федоровский муниципальный район,1950
Хвалынский,Саратовская область,710,1,Маркетплейс-провинция,Грязинский — Кинешма — Киреевский,41161.300000000025,54.5,4.2,0.8717240340498997,114.7,62.5,Хвалынский муниципальный район,1951
Энгельсский,Саратовская область,708,2,Быстрый рост трат,Новосибирск — Казань — Нижний Новгород,59288.99999999988,78.5,2.92,0.8717240340498997,114.7,90.0,Энгельсский муниципальный район,1952
Александровск-Сахалинский,Сахалинская область,711,8,"Низкие зарплаты, дешёвые цены",Красноярск — Владивостокский — Хабаровск,96625.0,127.9,1.79,1.202604786788344,83.2,106.4,городской округ Александровск-Сахалинский район,1954
Анивский,Сахалинская область,712,8,"Низкие зарплаты, дешёвые цены",Красноярск — Владивостокский — Хабаровск,108286.39999999986,143.4,1.6,1.202604786788344,83.2,119.3,городской округ Анивский,1955
Долинский,Сахалинская область,713,8,"Низкие зарплаты, дешёвые цены",Красноярск — Владивостокский — Хабаровск,106257.6,140.7,1.63,1.202604786788344,83.2,117.1,городской округ Долинский,1956
Корсаковский,Сахалинская область,714,8,"Низкие зарплаты, дешёвые цены",Красноярск — Владивостокский — Хабаровск,128090.60000000003,169.6,1.35,1.202604786788344,83.2,141.1,городской округ Корсаковский,1957
Курильский,Сахалинская область,714,8,"Низкие зарплаты, дешёвые цены",Красноярск — Владивостокский — Хабаровск,149723.60000000003,198.2,1.16,1.202604786788344,83.2,164.9,городской округ Курильский,1958
Макаровский,Сахалинская область,715,8,"Низкие зарплаты, дешёвые цены",Красноярск — Владивостокский — Хабаровск,95628.8,126.6,1.81,1.202604786788344,83.2,105.3,городской округ Макаровский,1959
Невельский,Сахалинская область,344,8,"Низкие зарплаты, дешёвые цены",Красноярск — Владивостокский — Хабаровск,108694.70000000004,143.9,1.59,1.202604786788344,83.2,119.7,городской округ Невельский,1960
Ногликский,Сахалинская область,716,8,"Низкие зарплаты, дешёвые цены",Красноярск — Владивостокский — Хабаровск,192734.4,255.2,0.9,1.202604786788344,83.2,212.3,городской округ Ногликский,1961
Охинский,Сахалинская область,717,8,"Низкие зарплаты, дешёвые цены",Красноярск — Владивостокский — Хабаровск,126841.89999999997,167.9,1.36,1.202604786788344,83.2,139.7,городской округ Охинский,1962
Поронайский,Сахалинская область,718,8,"Низкие зарплаты, дешёвые цены",Красноярск — Владивостокский — Хабаровск,93411.29999999996,123.7,1.85,1.202604786788344,83.2,102.9,городской округ Поронайский,1963
Северо-Курильский,Сахалинская область,719,8,"Низкие зарплаты, дешёвые цены",Красноярск — Владивостокский — Хабаровск,188521.6000000001,249.6,0.92,1.202604786788344,83.2,207.7,городской округ Северо-Курильский,1964
Смирныховский,Сахалинская область,720,8,"Низкие зарплаты, дешёвые цены",Красноярск — Владивостокский — Хабаровск,94562.79999999994,125.2,1.83,1.202604786788344,83.2,104.2,городской округ Смирныховский,1965
Томаринский,Сахалинская область,721,8,"Низкие зарплаты, дешёвые цены",Красноярск — Владивостокский — Хабаровск,102967.69999999976,136.3,1.68,1.202604786788344,83.2,113.4,городской округ Томаринский,1966
Тымовский,Сахалинская область,722,8,"Низкие зарплаты, дешёвые цены",Красноярск — Владивостокский — Хабаровск,101926.20000000004,134.9,1.7,1.202604786788344,83.2,112.2,городской округ Тымовский,1967
Углегорский,Сахалинская область,723,8,"Низкие зарплаты, дешёвые цены",Красноярск — Владивостокский — Хабаровск,147821.8000000003,195.7,1.17,1.202604786788344,83.2,162.8,городской округ Углегорский,1968
Холмский,Сахалинская область,344,8,"Низкие зарплаты, дешёвые цены",Красноярск — Владивостокский — Хабаровск,108750.40000000004,144.0,1.59,1.202604786788344,83.2,119.8,городской округ Холмский,1969
Южно-Курильский,Сахалинская область,714,8,"Низкие зарплаты, дешёвые цены",Красноярск — Владивостокский — Хабаровск,153313.3999999999,203.0,1.13,1.202604786788344,83.2,168.9,городской округ Южно-Курильский,1970
Екатеринбург,Свердловская область,724,13,"Растущие траты, ускоряющиеся цены",Калининград — Сосновоборский — Кольцово,59704.29999999997,79.0,2.9,0.971909529837072,102.9,81.3,городской округ город Екатеринбург,1971
Алапаевск,Свердловская область,725,2,Быстрый рост трат,Новосибирск — Казань — Нижний Новгород,59704.29999999997,79.0,2.9,0.971909529837072,102.9,81.3,городской округ город Алапаевск,1972
Артемовский,Свердловская область,726,6,"Отрезанные, но высокооплачиваемые",Ишим — Кирово-Чепецк — Ашинский,59481.70000000002,78.8,2.91,0.971909529837072,102.9,81.1,городской округ Артемовский,1973
Асбестовский,Свердловская область,724,2,Быстрый рост трат,Новосибирск — Казань — Нижний Новгород,62189.59999999995,82.3,2.78,0.971909529837072,102.9,84.7,городской округ Асбестовский,1974
Малышевский,Свердловская область,724,9,Середнячки со скромными расходами,Апатиты — Мончегорск — Кандалакшский,68613.5,90.8,2.52,0.971909529837072,102.9,93.4,городской округ Малышевский,1975
Рефтинский,Свердловская область,724,9,Середнячки со скромными расходами,Апатиты — Мончегорск — Кандалакшский,90919.49999999994,120.4,1.9,0.971909529837072,102.9,123.9,городской округ Рефтинский,1976
Березовский,Свердловская область,724,2,Быстрый рост трат,Новосибирск — Казань — Нижний Новгород,74891.50000000004,99.2,2.31,0.971909529837072,102.9,102.1,городской округ Березовский,1977
Богданович,Свердловская область,724,2,Быстрый рост трат,Новосибирск — Казань — Нижний Новгород,64660.100000000006,85.6,2.68,0.971909529837072,102.9,88.1,городской округ Богданович,1978
Верхняя Пышма,Свердловская область,724,4,Стареющие и изолированные,Екатеринбург — Пермский — Всеволожский,121612.1,161.0,1.42,0.971909529837072,102.9,165.7,городской округ Верхняя Пышма,1979
Среднеуральск,Свердловская область,724,9,Середнячки со скромными расходами,Апатиты — Мончегорск — Кандалакшский,85577.20000000004,113.3,2.02,0.971909529837072,102.9,116.6,городской округ Среднеуральск,1980
Верхнесалдинский,Свердловская область,727,9,Середнячки со скромными расходами,Апатиты — Мончегорск — Кандалакшский,80504.59999999998,106.6,2.15,0.971909529837072,102.9,109.7,городской округ Верхнесалдинский,1981
Заречный,Свердловская область,724,9,Середнячки со скромными расходами,Апатиты — Мончегорск — Кандалакшский,92315.69999999992,122.2,1.87,0.971909529837072,102.9,125.7,городской округ Заречный,1982
Ивдельский,Свердловская область,728,12,Добывающий север с высокими зарплатами,Сургут — Нижневартовск — Норильск,76838.70000000001,101.7,2.25,0.971909529837072,102.9,104.6,городской округ Ивдельский,1983
Пелым,Свердловская область,729,12,Добывающий север с высокими зарплатами,Сургут — Нижневартовск — Норильск,102305.89999999972,135.4,1.69,0.971909529837072,102.9,139.3,городской округ Пелым,1984
Ирбит,Свердловская область,730,2,Быстрый рост трат,Новосибирск — Казань — Нижний Новгород,59704.29999999997,79.0,2.9,0.971909529837072,102.9,81.3,городской округ город Ирбит,1985
Каменск-Уральский,Свердловская область,518,2,Быстрый рост трат,Новосибирск — Казань — Нижний Новгород,78639.40000000002,104.1,2.2,0.971909529837072,102.9,107.1,городской округ город Каменск-Уральский,1986
Камышловский,Свердловская область,724,2,Быстрый рост трат,Новосибирск — Казань — Нижний Новгород,60568.700000000055,80.2,2.86,0.971909529837072,102.9,82.5,городской округ Камышловский,1987
Карпинск,Свердловская область,731,9,Середнячки со скромными расходами,Апатиты — Мончегорск — Кандалакшский,64332.30000000005,85.2,2.69,0.971909529837072,102.9,87.7,городской округ Карпинск,1988
Волчанский,Свердловская область,731,1,Маркетплейс-провинция,Грязинский — Кинешма — Киреевский,59169.40000000011,78.3,2.92,0.971909529837072,102.9,80.6,городской округ Волчанский,1989
Качканарский,Свердловская область,727,9,Середнячки со скромными расходами,Апатиты — Мончегорск — Кандалакшский,84160.70000000014,111.4,2.06,0.971909529837072,102.9,114.6,городской округ Качканарский,1990
Кировградский,Свердловская область,732,1,Маркетплейс-провинция,Грязинский — Кинешма — Киреевский,68445.19999999995,90.6,2.53,0.971909529837072,102.9,93.2,городской округ Кировградский,1991
Верхний Тагил,Свердловская область,732,10,Стареющие с низкой инфляцией,Рославльский — Сухой Лог — Верхнесалдинский,63572.3,84.2,2.72,0.971909529837072,102.9,86.6,городской округ Верхний Тагил,1992
Краснотурьинск,Свердловская область,731,2,Быстрый рост трат,Новосибирск — Казань — Нижний Новгород,75733.29999999996,100.3,2.28,0.971909529837072,102.9,103.2,городской округ Краснотурьинск,1993
Красноуральск,Свердловская область,727,10,Стареющие с низкой инфляцией,Рославльский — Сухой Лог — Верхнесалдинский,77467.29999999986,102.6,2.23,0.971909529837072,102.9,105.6,городской округ Красноуральск,1994
Красноуфимск,Свердловская область,733,2,Быстрый рост трат,Новосибирск — Казань — Нижний Новгород,74010.29999999996,98.0,2.34,0.971909529837072,102.9,100.8,городской округ Красноуфимск,1995
Кушвинский,Свердловская область,727,9,Середнячки со скромными расходами,Апатиты — Мончегорск — Кандалакшский,71488.39999999995,94.6,2.42,0.971909529837072,102.9,97.3,городской округ Кушвинский,1996
Верхняя Тура,Свердловская область,727,1,Маркетплейс-провинция,Грязинский — Кинешма — Киреевский,77512.30000000006,102.6,2.23,0.971909529837072,102.9,105.6,городской округ Верхняя Тура,1997
Невьянский,Свердловская область,732,2,Быстрый рост трат,Новосибирск — Казань — Нижний Новгород,75222.00000000006,99.6,2.3,0.971909529837072,102.9,102.5,городской округ Невьянский,1999
Нижний Тагил,Свердловская область,727,2,Быстрый рост трат,Новосибирск — Казань — Нижний Новгород,79610.29999999997,105.4,2.17,0.971909529837072,102.9,108.5,городской округ город Нижний Тагил,2000
Нижняя Салда,Свердловская область,727,9,Середнячки со скромными расходами,Апатиты — Мончегорск — Кандалакшский,62956.50000000001,83.4,2.75,0.971909529837072,102.9,85.8,городской округ Нижняя Салда,2001
Нижнетуринский,Свердловская область,727,9,Середнячки со скромными расходами,Апатиты — Мончегорск — Кандалакшский,67976.00000000004,90.0,2.55,0.971909529837072,102.9,92.6,городской округ Нижнетуринский,2002
Первоуральск,Свердловская область,724,2,Быстрый рост трат,Новосибирск — Казань — Нижний Новгород,79425.89999999995,105.2,2.18,0.971909529837072,102.9,108.3,городской округ Первоуральск,2004
Полевской,Свердловская область,724,2,Быстрый рост трат,Новосибирск — Казань — Нижний Новгород,75830.49999999996,100.4,2.28,0.971909529837072,102.9,103.3,городской округ Полевской,2005
Ревда,Свердловская область,724,2,Быстрый рост трат,Новосибирск — Казань — Нижний Новгород,83436.19999999997,110.5,2.07,0.971909529837072,102.9,113.7,городской округ Ревда,2006
Дегтярск,Свердловская область,724,10,Стареющие с низкой инфляцией,Рославльский — Сухой Лог — Верхнесалдинский,54823.30000000001,72.6,3.16,0.971909529837072,102.9,74.7,городской округ Дегтярск,2007
Режевской,Свердловская область,726,2,Быстрый рост трат,Новосибирск — Казань — Нижний Новгород,68749.39999999997,91.0,2.52,0.971909529837072,102.9,93.6,городской округ Режевской,2008
Североуральский,Свердловская область,731,9,Середнячки со скромными расходами,Апатиты — Мончегорск — Кандалакшский,74651.5,98.8,2.32,0.971909529837072,102.9,101.7,городской округ Североуральский,2009
Серовский,Свердловская область,731,2,Быстрый рост трат,Новосибирск — Казань — Нижний Новгород,74231.99999999999,98.3,2.33,0.971909529837072,102.9,101.2,городской округ Серовский,2010
Сухой Лог,Свердловская область,724,1,Маркетплейс-провинция,Грязинский — Кинешма — Киреевский,74281.59999999986,98.3,2.33,0.971909529837072,102.9,101.2,городской округ Сухой Лог,2011
Тавдинский,Свердловская область,734,10,Стареющие с низкой инфляцией,Рославльский — Сухой Лог — Верхнесалдинский,52608.49999999993,69.7,3.29,0.971909529837072,102.9,71.7,городской округ Тавдинский,2012
Алапаевское,Свердловская область,725,6,"Отрезанные, но высокооплачиваемые",Ишим — Кирово-Чепецк — Ашинский,59704.29999999997,79.0,2.9,0.971909529837072,102.9,81.3,городской округ Алапаевское,2015
Махнёвское,Свердловская область,735,6,"Отрезанные, но высокооплачиваемые",Ишим — Кирово-Чепецк — Ашинский,59704.29999999997,79.0,2.9,0.971909529837072,102.9,81.3,городской округ Махнёвское,2016
Артинский,Свердловская область,736,6,"Отрезанные, но высокооплачиваемые",Ишим — Кирово-Чепецк — Ашинский,51459.09999999989,68.1,3.36,0.971909529837072,102.9,70.1,городской округ Артинский,2017
Ачитский,Свердловская область,733,6,"Отрезанные, но высокооплачиваемые",Ишим — Кирово-Чепецк — Ашинский,64903.69999999984,85.9,2.67,0.971909529837072,102.9,88.4,городской округ Ачитский,2018
Белоярский,Свердловская область,724,1,Маркетплейс-провинция,Грязинский — Кинешма — Киреевский,67794.20000000017,89.8,2.55,0.971909529837072,102.9,92.4,городской округ Белоярский,2019
Верхнее Дуброво,Свердловская область,724,9,Середнячки со скромными расходами,Апатиты — Мончегорск — Кандалакшский,74336.09999999999,98.4,2.33,0.971909529837072,102.9,101.3,городской округ Верхнее Дуброво,2020
Верхотурский,Свердловская область,737,9,Середнячки со скромными расходами,Апатиты — Мончегорск — Кандалакшский,58918.10000000004,78.0,2.94,0.971909529837072,102.9,80.3,городской округ Верхотурский,2021
Гаринский,Свердловская область,738,9,Середнячки со скромными расходами,Апатиты — Мончегорск — Кандалакшский,76557.20000000004,101.4,2.26,0.971909529837072,102.9,104.3,городской округ Гаринский,2022
Ирбитское,Свердловская область,730,10,Стареющие с низкой инфляцией,Рославльский — Сухой Лог — Верхнесалдинский,59704.29999999997,79.0,2.9,0.971909529837072,102.9,81.3,городской округ Ирбитское,2023
Каменский,Свердловская область,518,2,Быстрый рост трат,Новосибирск — Казань — Нижний Новгород,56177.79999999998,74.4,3.08,0.971909529837072,102.9,76.6,городской округ Каменский,2024
Красноуфимский,Свердловская область,733,5,Дёшевые и скромные,Минусинск — Тайшетский — Саяногорск,59704.29999999997,79.0,2.9,0.971909529837072,102.9,81.3,городской округ Красноуфимский округ,2025
Верх-Нейвинский,Свердловская область,732,9,Середнячки со скромными расходами,Апатиты — Мончегорск — Кандалакшский,80988.80000000013,107.2,2.14,0.971909529837072,102.9,110.3,городской округ Верх-Нейвинский,2026
Бисертский,Свердловская область,739,11,Стареющие с низкими зарплатами,Ростовский — Шарья — Шахунья,48978.200000000055,64.8,3.53,0.971909529837072,102.9,66.7,городской округ Бисертский,2027
Новолялинский,Свердловская область,737,1,Маркетплейс-провинция,Грязинский — Кинешма — Киреевский,52468.39999999991,69.5,3.3,0.971909529837072,102.9,71.5,городской округ Новолялинский,2028
Горноуральский,Свердловская область,727,10,Стареющие с низкой инфляцией,Рославльский — Сухой Лог — Верхнесалдинский,53304.70000000013,70.6,3.25,0.971909529837072,102.9,72.6,городской округ Горноуральский,2029
Пышминский,Свердловская область,724,10,Стареющие с низкой инфляцией,Рославльский — Сухой Лог — Верхнесалдинский,53137.79999999996,70.4,3.26,0.971909529837072,102.9,72.4,городской округ Пышминский,2030
Сосьвинский,Свердловская область,738,9,Середнячки со скромными расходами,Апатиты — Мончегорск — Кандалакшский,68693.99999999996,90.9,2.52,0.971909529837072,102.9,93.5,городской округ Сосьвинский,2031
Сысертский,Свердловская область,724,4,Стареющие и изолированные,Екатеринбург — Пермский — Всеволожский,71343.50000000003,94.5,2.42,0.971909529837072,102.9,97.2,городской округ Сысертский,2032
Арамильский,Свердловская область,724,4,Стареющие и изолированные,Екатеринбург — Пермский — Всеволожский,79463.70000000001,105.2,2.18,0.971909529837072,102.9,108.3,городской округ Арамильский,2033
Талицкий,Свердловская область,724,6,"Отрезанные, но высокооплачиваемые",Ишим — Кирово-Чепецк — Ашинский,56097.69999999987,74.3,3.08,0.971909529837072,102.9,76.5,городской округ Талицкий,2034
Тугулымский,Свердловская область,740,6,"Отрезанные, но высокооплачиваемые",Ишим — Кирово-Чепецк — Ашинский,50712.09999999987,67.1,3.41,0.971909529837072,102.9,69.0,городской округ Тугулымский,2035
Туринский,Свердловская область,741,6,"Отрезанные, но высокооплачиваемые",Ишим — Кирово-Чепецк — Ашинский,52992.09999999998,70.2,3.26,0.971909529837072,102.9,72.2,городской округ Туринский,2036
Шалинский,Свердловская область,742,10,Стареющие с низкой инфляцией,Рославльский — Сухой Лог — Верхнесалдинский,49926.30000000002,66.1,3.47,0.971909529837072,102.9,68.0,городской округ Шалинский,2037
Байкаловский,Свердловская область,743,10,Стареющие с низкой инфляцией,Рославльский — Сухой Лог — Верхнесалдинский,53780.09999999988,71.2,3.22,0.971909529837072,102.9,73.3,Байкаловский муниципальный район,2039
Камышловский,Свердловская область,724,4,Стареющие и изолированные,Екатеринбург — Пермский — Всеволожский,52378.10000000003,69.3,3.3,0.971909529837072,102.9,71.3,Камышловский муниципальный район,2040
Слободо-Туринский,Свердловская область,743,10,Стареющие с низкой инфляцией,Рославльский — Сухой Лог — Верхнесалдинский,53489.20000000001,70.8,3.23,0.971909529837072,102.9,72.9,Слободо-Туринский муниципальный район,2041
Нижнесергинский,Свердловская область,744,10,Стареющие с низкой инфляцией,Рославльский — Сухой Лог — Верхнесалдинский,61036.30000000003,80.8,2.83,0.971909529837072,102.9,83.1,Нижнесергинский муниципальный район,2042
Таборинский,Свердловская область,745,2,Быстрый рост трат,Новосибирск — Казань — Нижний Новгород,50324.39999999989,66.6,3.44,0.971909529837072,102.9,68.5,Таборинский муниципальный район,2043
Смоленск,Смоленская область,746,4,Стареющие и изолированные,Екатеринбург — Пермский — Всеволожский,68443.70000000006,90.6,2.53,0.9556821239977284,104.6,94.8,городской округ город Смоленск,2044
Десногорск,Смоленская область,747,2,Быстрый рост трат,Новосибирск — Казань — Нижний Новгород,87361.0,115.7,1.98,0.9556821239977284,104.6,121.0,городской округ город Десногорск,2045
Велижский,Смоленская область,675,1,Маркетплейс-провинция,Грязинский — Кинешма — Киреевский,43608.89999999998,57.7,3.97,0.9556821239977284,104.6,60.4,Велижский муниципальный район,2046
Вяземский,Смоленская область,748,2,Быстрый рост трат,Новосибирск — Казань — Нижний Новгород,60265.20000000007,79.8,2.87,0.9556821239977284,104.6,83.5,Вяземский муниципальный район,2047
Гагаринский,Смоленская область,749,2,Быстрый рост трат,Новосибирск — Казань — Нижний Новгород,77713.29999999997,102.9,2.23,0.9556821239977284,104.6,107.6,Гагаринский муниципальный район,2048
Глинковский,Смоленская область,746,10,Стареющие с низкой инфляцией,Рославльский — Сухой Лог — Верхнесалдинский,47232.29999999997,62.5,3.66,0.9556821239977284,104.6,65.4,Глинковский муниципальный район,2049
Демидовский,Смоленская область,675,1,Маркетплейс-провинция,Грязинский — Кинешма — Киреевский,39952.10000000008,52.9,4.33,0.9556821239977284,104.6,55.3,Демидовский муниципальный район,2050
Дорогобужский,Смоленская область,746,1,Маркетплейс-провинция,Грязинский — Кинешма — Киреевский,71388.10000000002,94.5,2.42,0.9556821239977284,104.6,98.8,Дорогобужский муниципальный район,2051
Духовщинский,Смоленская область,746,1,Маркетплейс-провинция,Грязинский — Кинешма — Киреевский,50272.80000000003,66.6,3.44,0.9556821239977284,104.6,69.7,Духовщинский муниципальный район,2052
Ельнинский,Смоленская область,746,1,Маркетплейс-провинция,Грязинский — Кинешма — Киреевский,44343.300000000105,58.7,3.9,0.9556821239977284,104.6,61.4,Ельнинский муниципальный район,2053
Ершичский,Смоленская область,747,1,Маркетплейс-провинция,Грязинский — Кинешма — Киреевский,40367.30000000002,53.4,4.29,0.9556821239977284,104.6,55.9,Ершичский муниципальный район,2054
Кардымовский,Смоленская область,746,10,Стареющие с низкой инфляцией,Рославльский — Сухой Лог — Верхнесалдинский,53651.09999999995,71.0,3.22,0.9556821239977284,104.6,74.3,Кардымовский муниципальный район,2055
Краснинский,Смоленская область,746,3,Пригороды мегаполисов,Вольский — Боровичский — Рузаевский,43346.89999999989,57.4,3.99,0.9556821239977284,104.6,60.0,Краснинский муниципальный район,2056
Монастырщинский,Смоленская область,746,6,"Отрезанные, но высокооплачиваемые",Ишим — Кирово-Чепецк — Ашинский,43381.19999999995,57.4,3.99,0.9556821239977284,104.6,60.0,Монастырщинский муниципальный район,2057
Новодугинский,Смоленская область,750,1,Маркетплейс-провинция,Грязинский — Кинешма — Киреевский,40534.09999999996,53.7,4.27,0.9556821239977284,104.6,56.2,Новодугинский муниципальный район,2058
Починковский,Смоленская область,746,1,Маркетплейс-провинция,Грязинский — Кинешма — Киреевский,50575.99999999996,67.0,3.42,0.9556821239977284,104.6,70.1,Починковский муниципальный район,2059
Рославльский,Смоленская область,747,3,Пригороды мегаполисов,Вольский — Боровичский — Рузаевский,53933.399999999936,71.4,3.21,0.9556821239977284,104.6,74.7,Рославльский муниципальный район,2060
Руднянский,Смоленская область,675,3,Пригороды мегаполисов,Вольский — Боровичский — Рузаевский,46800.50000000012,62.0,3.7,0.9556821239977284,104.6,64.9,Руднянский муниципальный район,2061
Сафоновский,Смоленская область,746,1,Маркетплейс-провинция,Грязинский — Кинешма — Киреевский,54974.599999999984,72.8,3.15,0.9556821239977284,104.6,76.1,Сафоновский муниципальный район,2062
Смоленский,Смоленская область,746,4,Стареющие и изолированные,Екатеринбург — Пермский — Всеволожский,65632.79999999989,86.9,2.64,0.9556821239977284,104.6,90.9,Смоленский муниципальный район,2063
Сычевский,Смоленская область,750,1,Маркетплейс-провинция,Грязинский — Кинешма — Киреевский,52535.60000000002,69.6,3.29,0.9556821239977284,104.6,72.8,Сычевский муниципальный район,2064
Темкинский,Смоленская область,751,1,Маркетплейс-провинция,Грязинский — Кинешма — Киреевский,42277.7,56.0,4.09,0.9556821239977284,104.6,58.6,Темкинский муниципальный район,2065
Угранский,Смоленская область,751,1,Маркетплейс-провинция,Грязинский — Кинешма — Киреевский,45267.69999999998,59.9,3.82,0.9556821239977284,104.6,62.7,Угранский муниципальный район,2066
Хиславичский,Смоленская область,746,10,Стареющие с низкой инфляцией,Рославльский — Сухой Лог — Верхнесалдинский,42242.5,55.9,4.1,0.9556821239977284,104.6,58.5,Хиславичский муниципальный район,2067
Холм-Жирковский,Смоленская область,752,1,Маркетплейс-провинция,Грязинский — Кинешма — Киреевский,62154.09999999996,82.3,2.78,0.9556821239977284,104.6,86.1,Холм-Жирковский муниципальный район,2068
Шумячский,Смоленская область,747,3,Пригороды мегаполисов,Вольский — Боровичский — Рузаевский,39974.39999999992,52.9,4.33,0.9556821239977284,104.6,55.3,Шумячский муниципальный район,2069
Ярцевский,Смоленская область,746,1,Маркетплейс-провинция,Грязинский — Кинешма — Киреевский,55685.90000000011,73.7,3.11,0.9556821239977284,104.6,77.1,Ярцевский муниципальный район,2070
Кирсанов,Тамбовская область,659,3,Пригороды мегаполисов,Вольский — Боровичский — Рузаевский,48888.30000000005,64.7,3.54,0.9071414508158304,110.2,71.3,городской округ город Кирсанов,2072
Котовск,Тамбовская область,690,1,Маркетплейс-провинция,Грязинский — Кинешма — Киреевский,59305.79999999995,78.5,2.92,0.9071414508158304,110.2,86.5,городской округ город Котовск,2073
Мичуринск,Тамбовская область,542,2,Быстрый рост трат,Новосибирск — Казань — Нижний Новгород,60937.19999999998,80.7,2.84,0.9071414508158304,110.2,88.9,городской округ город Мичуринск,2074
Моршанск,Тамбовская область,690,3,Пригороды мегаполисов,Вольский — Боровичский — Рузаевский,43097.49999999997,57.1,4.01,0.9071414508158304,110.2,62.9,городской округ город Моршанск,2075
Рассказово,Тамбовская область,690,3,Пригороды мегаполисов,Вольский — Боровичский — Рузаевский,48163.70000000004,63.8,3.59,0.9071414508158304,110.2,70.3,городской округ город Рассказово,2076
Уварово,Тамбовская область,690,3,Пригороды мегаполисов,Вольский — Боровичский — Рузаевский,46146.30000000002,61.1,3.75,0.9071414508158304,110.2,67.3,городской округ город Уварово,2077
Бондарский,Тамбовская область,690,6,"Отрезанные, но высокооплачиваемые",Ишим — Кирово-Чепецк — Ашинский,46999.4999999999,62.2,3.68,0.9071414508158304,110.2,68.5,Бондарский муниципальный округ,2078
Гавриловский,Тамбовская область,659,3,Пригороды мегаполисов,Вольский — Боровичский — Рузаевский,55400.1,73.3,3.12,0.9071414508158304,110.2,80.8,Гавриловский муниципальный округ,2079
Жердевский,Тамбовская область,543,1,Маркетплейс-провинция,Грязинский — Кинешма — Киреевский,64545.599999999984,85.5,2.68,0.9071414508158304,110.2,94.2,Жердевский муниципальный округ,2080
Знаменский,Тамбовская область,690,1,Маркетплейс-провинция,Грязинский — Кинешма — Киреевский,53738.99999999999,71.1,3.22,0.9071414508158304,110.2,78.4,Знаменский муниципальный округ,2081
Инжавинский,Тамбовская область,690,3,Пригороды мегаполисов,Вольский — Боровичский — Рузаевский,51231.199999999975,67.8,3.38,0.9071414508158304,110.2,74.7,Инжавинский муниципальный округ,2082
Кирсановский,Тамбовская область,659,1,Маркетплейс-провинция,Грязинский — Кинешма — Киреевский,49416.800000000025,65.4,3.5,0.9071414508158304,110.2,72.1,Кирсановский муниципальный округ,2083
Мордовский,Тамбовская область,543,3,Пригороды мегаполисов,Вольский — Боровичский — Рузаевский,48586.800000000025,64.3,3.56,0.9071414508158304,110.2,70.9,Мордовский муниципальный округ,2085
Моршанский,Тамбовская область,690,1,Маркетплейс-провинция,Грязинский — Кинешма — Киреевский,55293.99999999999,73.2,3.13,0.9071414508158304,110.2,80.7,Моршанский муниципальный округ,2086
Мучкапский,Тамбовская область,690,3,Пригороды мегаполисов,Вольский — Боровичский — Рузаевский,44688.99999999993,59.2,3.87,0.9071414508158304,110.2,65.2,Мучкапский муниципальный округ,2087
Никифоровский,Тамбовская область,542,3,Пригороды мегаполисов,Вольский — Боровичский — Рузаевский,52189.00000000009,69.1,3.31,0.9071414508158304,110.2,76.1,Никифоровский муниципальный округ,2088
Первомайский,Тамбовская область,542,3,Пригороды мегаполисов,Вольский — Боровичский — Рузаевский,56790.69999999999,75.2,3.05,0.9071414508158304,110.2,82.9,Первомайский муниципальный округ,2089
Петровский,Тамбовская область,542,3,Пригороды мегаполисов,Вольский — Боровичский — Рузаевский,51120.90000000002,67.7,3.38,0.9071414508158304,110.2,74.6,Петровский муниципальный округ,2090
Пичаевский,Тамбовская область,690,3,Пригороды мегаполисов,Вольский — Боровичский — Рузаевский,47307.79999999998,62.6,3.66,0.9071414508158304,110.2,69.0,Пичаевский муниципальный округ,2091
Ржаксинский,Тамбовская область,690,3,Пригороды мегаполисов,Вольский — Боровичский — Рузаевский,47048.80000000008,62.3,3.68,0.9071414508158304,110.2,68.7,Ржаксинский муниципальный округ,2093
Сампурский,Тамбовская область,690,10,Стареющие с низкой инфляцией,Рославльский — Сухой Лог — Верхнесалдинский,48078.10000000001,63.7,3.6,0.9071414508158304,110.2,70.2,Сампурский муниципальный округ,2094
Сосновский,Тамбовская область,542,3,Пригороды мегаполисов,Вольский — Боровичский — Рузаевский,40100.6,53.1,4.31,0.9071414508158304,110.2,58.5,Сосновский муниципальный округ,2095
Староюрьевский,Тамбовская область,542,3,Пригороды мегаполисов,Вольский — Боровичский — Рузаевский,51813.59999999988,68.6,3.34,0.9071414508158304,110.2,75.6,Староюрьевский муниципальный округ,2096
Токарёвский,Тамбовская область,543,1,Маркетплейс-провинция,Грязинский — Кинешма — Киреевский,61793.100000000086,81.8,2.8,0.9071414508158304,110.2,90.1,Токарёвский муниципальный округ,2098
Уваровский,Тамбовская область,690,3,Пригороды мегаполисов,Вольский — Боровичский — Рузаевский,55091.09999999998,72.9,3.14,0.9071414508158304,110.2,80.3,Уваровский муниципальный округ,2099
Умётский,Тамбовская область,659,1,Маркетплейс-провинция,Грязинский — Кинешма — Киреевский,48407.19999999998,64.1,3.57,0.9071414508158304,110.2,70.6,Умётский муниципальный округ,2100
Тверь,Тверская область,753,4,Стареющие и изолированные,Екатеринбург — Пермский — Всеволожский,77389.49999999999,102.5,2.24,0.9176097153306296,109.0,111.7,городской округ город Тверь,2101
Осташковский,Тверская область,754,1,Маркетплейс-провинция,Грязинский — Кинешма — Киреевский,60266.10000000003,79.8,2.87,0.9176097153306296,109.0,87.0,городской округ Осташковский,2105
Торжок,Тверская область,755,2,Быстрый рост трат,Новосибирск — Казань — Нижний Новгород,59693.80000000004,79.0,2.9,0.9176097153306296,109.0,86.1,городской округ город Торжок,2108
Удомельский,Тверская область,756,9,Середнячки со скромными расходами,Апатиты — Мончегорск — Кандалакшский,92780.3,122.8,1.86,0.9176097153306296,109.0,133.9,городской округ Удомельский,2109
Андреапольский,Тверская область,757,1,Маркетплейс-провинция,Грязинский — Кинешма — Киреевский,48061.59999999996,63.6,3.6,0.9176097153306296,109.0,69.3,муниципальный округ Андреапольский,2110
Бежецкий,Тверская область,444,1,Маркетплейс-провинция,Грязинский — Кинешма — Киреевский,54050.80000000004,71.6,3.2,0.9176097153306296,109.0,78.0,муниципальный округ Бежецкий,2111
Бельский,Тверская область,758,1,Маркетплейс-провинция,Грязинский — Кинешма — Киреевский,44251.9000000001,58.6,3.91,0.9176097153306296,109.0,63.9,муниципальный округ Бельский,2112
Бологовский,Тверская область,759,1,Маркетплейс-провинция,Грязинский — Кинешма — Киреевский,58395.90000000003,77.3,2.96,0.9176097153306296,109.0,84.3,муниципальный округ Бологовский,2113
Весьегонский,Тверская область,760,1,Маркетплейс-провинция,Грязинский — Кинешма — Киреевский,46578.10000000005,61.7,3.71,0.9176097153306296,109.0,67.3,муниципальный округ Весьегонский,2114
Жарковский,Тверская область,761,1,Маркетплейс-провинция,Грязинский — Кинешма — Киреевский,40620.10000000004,53.8,4.26,0.9176097153306296,109.0,58.6,муниципальный округ Жарковский,2116
Западнодвинский,Тверская область,762,1,Маркетплейс-провинция,Грязинский — Кинешма — Киреевский,45215.79999999998,59.9,3.83,0.9176097153306296,109.0,65.3,муниципальный округ Западнодвинский,2117
Зубцовский,Тверская область,750,1,Маркетплейс-провинция,Грязинский — Кинешма — Киреевский,59826.00000000002,79.2,2.89,0.9176097153306296,109.0,86.3,муниципальный округ Зубцовский,2118
Калининский,Тверская область,753,4,Стареющие и изолированные,Екатеринбург — Пермский — Всеволожский,77104.19999999998,102.1,2.24,0.9176097153306296,109.0,111.3,муниципальный округ Калининский,2119
Калязинский,Тверская область,763,1,Маркетплейс-провинция,Грязинский — Кинешма — Киреевский,52374.90000000004,69.3,3.3,0.9176097153306296,109.0,75.5,муниципальный округ Калязинский,2120
Кашинский,Тверская область,763,1,Маркетплейс-провинция,Грязинский — Кинешма — Киреевский,52531.40000000001,69.5,3.29,0.9176097153306296,109.0,75.8,городской округ Кашинский,2121
Кесовогорский,Тверская область,763,1,Маркетплейс-провинция,Грязинский — Кинешма — Киреевский,78909.80000000005,104.5,2.19,0.9176097153306296,109.0,113.9,муниципальный округ Кесовогорский,2122
Конаковский,Тверская область,764,1,Маркетплейс-провинция,Грязинский — Кинешма — Киреевский,76631.09999999989,101.5,2.26,0.9176097153306296,109.0,110.6,муниципальный округ Конаковский,2124
Краснохолмский,Тверская область,444,1,Маркетплейс-провинция,Грязинский — Кинешма — Киреевский,46408.70000000011,61.4,3.73,0.9176097153306296,109.0,66.9,муниципальный округ Краснохолмский,2125
Кувшиновский,Тверская область,765,1,Маркетплейс-провинция,Грязинский — Кинешма — Киреевский,62015.69999999993,82.1,2.79,0.9176097153306296,109.0,89.5,муниципальный округ Кувшиновский,2126
Лесной,Тверская область,444,5,Дёшевые и скромные,Минусинск — Тайшетский — Саяногорск,43648.99999999996,57.8,3.96,0.9176097153306296,109.0,63.0,муниципальный округ Лесной,2127
Лихославльский,Тверская область,766,10,Стареющие с низкой инфляцией,Рославльский — Сухой Лог — Верхнесалдинский,51365.90000000006,68.0,3.37,0.9176097153306296,109.0,74.1,муниципальный округ Лихославльский,2128
Максатихинский,Тверская область,767,1,Маркетплейс-провинция,Грязинский — Кинешма — Киреевский,45212.899999999965,59.9,3.83,0.9176097153306296,109.0,65.3,муниципальный округ Максатихинский,2129
Молоковский,Тверская область,444,1,Маркетплейс-провинция,Грязинский — Кинешма — Киреевский,43490.40000000003,57.6,3.98,0.9176097153306296,109.0,62.8,муниципальный округ Молоковский,2130
Нелидовский,Тверская область,768,1,Маркетплейс-провинция,Грязинский — Кинешма — Киреевский,45841.500000000015,60.7,3.77,0.9176097153306296,109.0,66.2,городской округ Нелидовский,2131
Оленинский,Тверская область,769,1,Маркетплейс-провинция,Грязинский — Кинешма — Киреевский,39746.49999999999,52.6,4.35,0.9176097153306296,109.0,57.3,муниципальный округ Оленинский,2132
Пеновский,Тверская область,754,1,Маркетплейс-провинция,Грязинский — Кинешма — Киреевский,40063.39999999998,53.0,4.32,0.9176097153306296,109.0,57.8,муниципальный округ Пеновский,2133
Рамешковский,Тверская область,770,10,Стареющие с низкой инфляцией,Рославльский — Сухой Лог — Верхнесалдинский,50473.20000000005,66.8,3.43,0.9176097153306296,109.0,72.8,муниципальный округ Рамешковский,2134
Сандовский,Тверская область,444,11,Стареющие с низкими зарплатами,Ростовский — Шарья — Шахунья,50509.69999999992,66.9,3.43,0.9176097153306296,109.0,72.9,муниципальный округ Сандовский,2136
Селижаровский,Тверская область,754,1,Маркетплейс-провинция,Грязинский — Кинешма — Киреевский,47361.59999999996,62.7,3.65,0.9176097153306296,109.0,68.3,муниципальный округ Селижаровский,2137
Сонковский,Тверская область,444,10,Стареющие с низкой инфляцией,Рославльский — Сухой Лог — Верхнесалдинский,44282.80000000002,58.6,3.91,0.9176097153306296,109.0,63.9,муниципальный округ Сонковский,2138
Спировский,Тверская область,771,11,Стареющие с низкими зарплатами,Ростовский — Шарья — Шахунья,41996.90000000005,55.6,4.12,0.9176097153306296,109.0,60.6,муниципальный округ Спировский,2139
Старицкий,Тверская область,750,1,Маркетплейс-провинция,Грязинский — Кинешма — Киреевский,52503.79999999997,69.5,3.29,0.9176097153306296,109.0,75.8,муниципальный округ Старицкий,2140
Торопецкий,Тверская область,772,1,Маркетплейс-провинция,Грязинский — Кинешма — Киреевский,49995.50000000003,66.2,3.46,0.9176097153306296,109.0,72.2,муниципальный округ Торопецкий,2142
Фировский,Тверская область,773,1,Маркетплейс-провинция,Грязинский — Кинешма — Киреевский,43631.09999999999,57.8,3.97,0.9176097153306296,109.0,63.0,муниципальный округ Фировский,2143
Томск,Томская область,774,2,Быстрый рост трат,Новосибирск — Казань — Нижний Новгород,90444.29999999996,119.7,1.91,0.949189192133271,105.4,126.2,городской округ город Томск,2144
Кедровый,Томская область,775,1,Маркетплейс-провинция,Грязинский — Кинешма — Киреевский,76099.59999999998,100.8,2.27,0.949189192133271,105.4,106.2,городской округ город Кедровый,2145
Стрежевой,Томская область,776,9,Середнячки со скромными расходами,Апатиты — Мончегорск — Кандалакшский,102903.10000000006,136.2,1.68,0.949189192133271,105.4,143.6,городской округ город Стрежевой,2146
Александровский,Томская область,777,8,"Низкие зарплаты, дешёвые цены",Красноярск — Владивостокский — Хабаровск,126598.39999999972,167.6,1.37,0.949189192133271,105.4,176.7,Александровский муниципальный район,2148
Асиновский,Томская область,778,6,"Отрезанные, но высокооплачиваемые",Ишим — Кирово-Чепецк — Ашинский,51907.29999999996,68.7,3.33,0.949189192133271,105.4,72.4,Асиновский муниципальный район,2149
Бакчарский,Томская область,779,1,Маркетплейс-провинция,Грязинский — Кинешма — Киреевский,62639.20000000002,82.9,2.76,0.949189192133271,105.4,87.4,Бакчарский муниципальный район,2150
Верхнекетский,Томская область,780,9,Середнячки со скромными расходами,Апатиты — Мончегорск — Кандалакшский,65346.09999999984,86.5,2.65,0.949189192133271,105.4,91.2,Верхнекетский муниципальный район,2151
Зырянский,Томская область,778,6,"Отрезанные, но высокооплачиваемые",Ишим — Кирово-Чепецк — Ашинский,51218.000000000015,67.8,3.38,0.949189192133271,105.4,71.5,Зырянский муниципальный район,2152
Каргасокский,Томская область,781,3,Пригороды мегаполисов,Вольский — Боровичский — Рузаевский,101019.6000000002,133.7,1.71,0.949189192133271,105.4,140.9,Каргасокский муниципальный район,2153
Кожевниковский,Томская область,782,6,"Отрезанные, но высокооплачиваемые",Ишим — Кирово-Чепецк — Ашинский,55490.69999999999,73.5,3.12,0.949189192133271,105.4,77.5,Кожевниковский муниципальный район,2154
Колпашевский,Томская область,783,5,Дёшевые и скромные,Минусинск — Тайшетский — Саяногорск,78500.90000000002,103.9,2.2,0.949189192133271,105.4,109.5,Колпашевский муниципальный район,2155
Кривошеинский,Томская область,784,6,"Отрезанные, но высокооплачиваемые",Ишим — Кирово-Чепецк — Ашинский,64583.99999999998,85.5,2.68,0.949189192133271,105.4,90.1,Кривошеинский муниципальный район,2156
Молчановский,Томская область,784,5,Дёшевые и скромные,Минусинск — Тайшетский — Саяногорск,69354.29999999999,91.8,2.49,0.949189192133271,105.4,96.8,Молчановский муниципальный район,2157
Парабельский,Томская область,785,9,Середнячки со скромными расходами,Апатиты — Мончегорск — Кандалакшский,115750.9999999998,153.2,1.49,0.949189192133271,105.4,161.5,Парабельский муниципальный район,2158
Первомайский,Томская область,778,6,"Отрезанные, но высокооплачиваемые",Ишим — Кирово-Чепецк — Ашинский,51540.8,68.2,3.36,0.949189192133271,105.4,71.9,Первомайский муниципальный район,2159
Тегульдетский,Томская область,786,9,Середнячки со скромными расходами,Апатиты — Мончегорск — Кандалакшский,70669.79999999996,93.6,2.45,0.949189192133271,105.4,98.7,Тегульдетский муниципальный район,2160
Томский,Томская область,774,4,Стареющие и изолированные,Екатеринбург — Пермский — Всеволожский,66370.50000000004,87.9,2.61,0.949189192133271,105.4,92.6,Томский муниципальный район,2161
Чаинский,Томская область,787,9,Середнячки со скромными расходами,Апатиты — Мончегорск — Кандалакшский,69126.19999999987,91.5,2.5,0.949189192133271,105.4,96.4,Чаинский муниципальный район,2162
Шегарский,Томская область,782,6,"Отрезанные, но высокооплачиваемые",Ишим — Кирово-Чепецк — Ашинский,50048.89999999995,66.3,3.46,0.949189192133271,105.4,69.9,Шегарский муниципальный район,2163
Тула,Тульская область,475,4,Стареющие и изолированные,Екатеринбург — Пермский — Всеволожский,87275.60000000011,115.5,1.98,0.9494491306940804,105.3,121.6,городской округ город Тула,2164
Алексин,Тульская область,475,2,Быстрый рост трат,Новосибирск — Казань — Нижний Новгород,65671.50000000003,86.9,2.63,0.9494491306940804,105.3,91.5,городской округ город Алексин,2165
Новогуровский,Тульская область,475,1,Маркетплейс-провинция,Грязинский — Кинешма — Киреевский,103540.90000000004,137.1,1.67,0.9494491306940804,105.3,144.4,городской округ рабочий поселок Новогуровский,2166
Донской,Тульская область,475,2,Быстрый рост трат,Новосибирск — Казань — Нижний Новгород,55751.00000000005,73.8,3.1,0.9494491306940804,105.3,77.7,городской округ город Донской,2167
Ефремов,Тульская область,788,2,Быстрый рост трат,Новосибирск — Казань — Нижний Новгород,65612.10000000012,86.9,2.64,0.9494491306940804,105.3,91.5,городской округ город Ефремов,2168
Новомосковск,Тульская область,475,4,Стареющие и изолированные,Екатеринбург — Пермский — Всеволожский,80775.10000000002,106.9,2.14,0.9494491306940804,105.3,112.6,городской округ город Новомосковск,2169
Славный,Тульская область,475,1,Маркетплейс-провинция,Грязинский — Кинешма — Киреевский,91118.30000000012,120.6,1.9,0.9494491306940804,105.3,127.0,городской округ Славный,2170
Арсеньевский,Тульская область,475,1,Маркетплейс-провинция,Грязинский — Кинешма — Киреевский,48226.30000000003,63.8,3.59,0.9494491306940804,105.3,67.2,Арсеньевский муниципальный район,2171
Белевский,Тульская область,475,1,Маркетплейс-провинция,Грязинский — Кинешма — Киреевский,57261.99999999987,75.8,3.02,0.9494491306940804,105.3,79.8,Белевский муниципальный район,2172
Богородицкий,Тульская область,475,1,Маркетплейс-провинция,Грязинский — Кинешма — Киреевский,64849.90000000005,85.9,2.67,0.9494491306940804,105.3,90.5,Богородицкий муниципальный район,2173
Веневский,Тульская область,553,1,Маркетплейс-провинция,Грязинский — Кинешма — Киреевский,61582.50000000001,81.5,2.81,0.9494491306940804,105.3,85.8,Веневский муниципальный район,2174
Воловский,Тульская область,475,1,Маркетплейс-провинция,Грязинский — Кинешма — Киреевский,71011.90000000002,94.0,2.44,0.9494491306940804,105.3,99.0,Воловский муниципальный район,2175
Дубенский,Тульская область,475,1,Маркетплейс-провинция,Грязинский — Кинешма — Киреевский,54709.99999999999,72.4,3.16,0.9494491306940804,105.3,76.2,Дубенский муниципальный район,2176
Заокский,Тульская область,475,4,Стареющие и изолированные,Екатеринбург — Пермский — Всеволожский,60987.60000000008,80.7,2.84,0.9494491306940804,105.3,85.0,Заокский муниципальный район,2177
Каменский,Тульская область,788,1,Маркетплейс-провинция,Грязинский — Кинешма — Киреевский,60127.19999999996,79.6,2.88,0.9494491306940804,105.3,83.8,Каменский муниципальный район,2178
Кимовский,Тульская область,475,1,Маркетплейс-провинция,Грязинский — Кинешма — Киреевский,62210.40000000004,82.4,2.78,0.9494491306940804,105.3,86.8,Кимовский муниципальный район,2179
Киреевский,Тульская область,475,1,Маркетплейс-провинция,Грязинский — Кинешма — Киреевский,55658.20000000001,73.7,3.11,0.9494491306940804,105.3,77.6,Киреевский муниципальный район,2180
Куркинский,Тульская область,789,1,Маркетплейс-провинция,Грязинский — Кинешма — Киреевский,57155.10000000012,75.7,3.03,0.9494491306940804,105.3,79.7,Куркинский муниципальный район,2181
Одоевский,Тульская область,475,1,Маркетплейс-провинция,Грязинский — Кинешма — Киреевский,55383.70000000004,73.3,3.12,0.9494491306940804,105.3,77.2,Одоевский муниципальный район,2182
Плавский,Тульская область,475,1,Маркетплейс-провинция,Грязинский — Кинешма — Киреевский,56367.10000000006,74.6,3.07,0.9494491306940804,105.3,78.6,Плавский муниципальный район,2183
Суворовский,Тульская область,475,1,Маркетплейс-провинция,Грязинский — Кинешма — Киреевский,59611.49999999997,78.9,2.9,0.9494491306940804,105.3,83.1,Суворовский муниципальный район,2184
Тепло-Огаревский,Тульская область,475,1,Маркетплейс-провинция,Грязинский — Кинешма — Киреевский,50109.9999999999,66.3,3.45,0.9494491306940804,105.3,69.8,Тепло-Огаревский муниципальный район,2185
Узловский,Тульская область,475,4,Стареющие и изолированные,Екатеринбург — Пермский — Всеволожский,74356.19999999995,98.4,2.33,0.9494491306940804,105.3,103.6,Узловский муниципальный район,2186
Чернский,Тульская область,475,1,Маркетплейс-провинция,Грязинский — Кинешма — Киреевский,55736.80000000001,73.8,3.1,0.9494491306940804,105.3,77.7,Чернский муниципальный район,2187
Щекинский,Тульская область,475,2,Быстрый рост трат,Новосибирск — Казань — Нижний Новгород,74387.00000000001,98.5,2.33,0.9494491306940804,105.3,103.7,Щекинский муниципальный район,2188
Ясногорский,Тульская область,475,1,Маркетплейс-провинция,Грязинский — Кинешма — Киреевский,85275.50000000003,112.9,2.03,0.9494491306940804,105.3,118.9,Ясногорский муниципальный район,2189
Тюмень,Тюменская область,790,13,"Растущие траты, ускоряющиеся цены",Калининград — Сосновоборский — Кольцово,106289.99999999996,140.7,1.63,0.9011032937349592,111.0,156.2,городской округ город Тюмень,2190
Заводоуковский,Тюменская область,791,5,Дёшевые и скромные,Минусинск — Тайшетский — Саяногорск,60984.39999999997,80.7,2.84,0.9011032937349592,111.0,89.6,городской округ Заводоуковский,2191
Ишим,Тюменская область,792,2,Быстрый рост трат,Новосибирск — Казань — Нижний Новгород,64808.80000000005,85.8,2.67,0.9011032937349592,111.0,95.2,городской округ город Ишим,2192
Тобольск,Тюменская область,793,2,Быстрый рост трат,Новосибирск — Казань — Нижний Новгород,97335.69999999978,128.9,1.78,0.9011032937349592,111.0,143.1,городской округ город Тобольск,2193
Ялуторовск,Тюменская область,791,2,Быстрый рост трат,Новосибирск — Казань — Нижний Новгород,64096.200000000026,84.9,2.7,0.9011032937349592,111.0,94.2,городской округ город Ялуторовск,2194
Абатский,Тюменская область,794,5,Дёшевые и скромные,Минусинск — Тайшетский — Саяногорск,57922.49999999998,76.7,2.99,0.9011032937349592,111.0,85.1,Абатский муниципальный район,2195
Армизонский,Тюменская область,795,1,Маркетплейс-провинция,Грязинский — Кинешма — Киреевский,53701.30000000004,71.1,3.22,0.9011032937349592,111.0,78.9,Армизонский муниципальный район,2196
Аромашевский,Тюменская область,796,5,Дёшевые и скромные,Минусинск — Тайшетский — Саяногорск,55769.30000000005,73.8,3.1,0.9011032937349592,111.0,81.9,Аромашевский муниципальный район,2197
Бердюжский,Тюменская область,530,6,"Отрезанные, но высокооплачиваемые",Ишим — Кирово-Чепецк — Ашинский,54815.8,72.6,3.16,0.9011032937349592,111.0,80.6,Бердюжский муниципальный район,2198
Вагайский,Тюменская область,797,6,"Отрезанные, но высокооплачиваемые",Ишим — Кирово-Чепецк — Ашинский,59621.4,78.9,2.9,0.9011032937349592,111.0,87.6,Вагайский муниципальный район,2199
Викуловский,Тюменская область,798,5,Дёшевые и скромные,Минусинск — Тайшетский — Саяногорск,53629.59999999996,71.0,3.23,0.9011032937349592,111.0,78.8,Викуловский муниципальный район,2200
Голышмановский,Тюменская область,799,7,Дальневосточная периферия,Омский — Азнакаевский — Нурлатский,62188.60000000004,82.3,2.78,0.9011032937349592,111.0,91.4,городской округ Голышмановский,2201
Исетский,Тюменская область,800,7,Дальневосточная периферия,Омский — Азнакаевский — Нурлатский,58380.69999999995,77.3,2.96,0.9011032937349592,111.0,85.8,Исетский муниципальный район,2202
Ишимский,Тюменская область,792,2,Быстрый рост трат,Новосибирск — Казань — Нижний Новгород,57455.90000000008,76.1,3.01,0.9011032937349592,111.0,84.5,Ишимский муниципальный район,2203
Казанский,Тюменская область,801,10,Стареющие с низкой инфляцией,Рославльский — Сухой Лог — Верхнесалдинский,55932.00000000001,74.1,3.09,0.9011032937349592,111.0,82.3,Казанский муниципальный район,2204
Нижнетавдинский,Тюменская область,802,10,Стареющие с низкой инфляцией,Рославльский — Сухой Лог — Верхнесалдинский,59034.69999999991,78.2,2.93,0.9011032937349592,111.0,86.8,Нижнетавдинский муниципальный район,2205
Омутинский,Тюменская область,803,6,"Отрезанные, но высокооплачиваемые",Ишим — Кирово-Чепецк — Ашинский,57938.60000000004,76.7,2.99,0.9011032937349592,111.0,85.1,Омутинский муниципальный район,2206
Сладковский,Тюменская область,804,10,Стареющие с низкой инфляцией,Рославльский — Сухой Лог — Верхнесалдинский,54093.60000000002,71.6,3.2,0.9011032937349592,111.0,79.5,Сладковский муниципальный район,2207
Сорокинский,Тюменская область,805,6,"Отрезанные, но высокооплачиваемые",Ишим — Кирово-Чепецк — Ашинский,55426.89999999998,73.4,3.12,0.9011032937349592,111.0,81.5,Сорокинский муниципальный район,2208
Тобольский,Тюменская область,793,2,Быстрый рост трат,Новосибирск — Казань — Нижний Новгород,73985.99999999996,98.0,2.34,0.9011032937349592,111.0,108.8,Тобольский муниципальный район,2209
Тюменский,Тюменская область,790,4,Стареющие и изолированные,Екатеринбург — Пермский — Всеволожский,81701.10000000012,108.2,2.12,0.9011032937349592,111.0,120.1,Тюменский муниципальный район,2210
Уватский,Тюменская область,806,9,Середнячки со скромными расходами,Апатиты — Мончегорск — Кандалакшский,122655.29999999996,162.4,1.41,0.9011032937349592,111.0,180.3,Уватский муниципальный район,2211
Упоровский,Тюменская область,791,6,"Отрезанные, но высокооплачиваемые",Ишим — Кирово-Чепецк — Ашинский,54553.10000000001,72.2,3.17,0.9011032937349592,111.0,80.1,Упоровский муниципальный район,2212
Юргинский,Тюменская область,803,10,Стареющие с низкой инфляцией,Рославльский — Сухой Лог — Верхнесалдинский,54980.59999999996,72.8,3.15,0.9011032937349592,111.0,80.8,Юргинский муниципальный район,2213
Ярковский,Тюменская область,807,6,"Отрезанные, но высокооплачиваемые",Ишим — Кирово-Чепецк — Ашинский,62492.90000000011,82.7,2.77,0.9011032937349592,111.0,91.8,Ярковский муниципальный район,2215
Ханты-Мансийск,Ханты-Мансийский автономный округ — Югра,808,12,Добывающий север с высокими зарплатами,Сургут — Нижневартовск — Норильск,133101.40000000002,176.2,1.3,1.111631754900678,90.0,158.6,городской округ город Ханты-Мансийск,2216
Когалым,Ханты-Мансийский автономный округ — Югра,809,12,Добывающий север с высокими зарплатами,Сургут — Нижневартовск — Норильск,142278.89999999988,188.4,1.22,1.111631754900678,90.0,169.6,городской округ город Когалым,2217
Лангепас,Ханты-Мансийский автономный округ — Югра,810,12,Добывающий север с высокими зарплатами,Сургут — Нижневартовск — Норильск,114243.3,151.3,1.51,1.111631754900678,90.0,136.2,городской округ город Лангепас,2218
Мегион,Ханты-Мансийский автономный округ — Югра,811,12,Добывающий север с высокими зарплатами,Сургут — Нижневартовск — Норильск,124732.70000000004,165.1,1.39,1.111631754900678,90.0,148.6,городской округ город Мегион,2219
Нефтеюганск,Ханты-Мансийский автономный округ — Югра,812,12,Добывающий север с высокими зарплатами,Сургут — Нижневартовск — Норильск,134448.90000000005,178.0,1.29,1.111631754900678,90.0,160.2,городской округ город Нефтеюганск,2220
Нижневартовск,Ханты-Мансийский автономный округ — Югра,811,12,Добывающий север с высокими зарплатами,Сургут — Нижневартовск — Норильск,119385.59999999996,158.1,1.45,1.111631754900678,90.0,142.3,городской округ город Нижневартовск,2221
Нягань,Ханты-Мансийский автономный округ — Югра,813,12,Добывающий север с высокими зарплатами,Сургут — Нижневартовск — Норильск,117913.90000000004,156.1,1.47,1.111631754900678,90.0,140.5,городской округ город Нягань,2222
Покачи,Ханты-Мансийский автономный округ — Югра,814,12,Добывающий север с высокими зарплатами,Сургут — Нижневартовск — Норильск,115289.69999999994,152.6,1.5,1.111631754900678,90.0,137.3,городской округ город Покачи,2223
Пыть-Ях,Ханты-Мансийский автономный округ — Югра,815,12,Добывающий север с высокими зарплатами,Сургут — Нижневартовск — Норильск,118280.60000000022,156.6,1.46,1.111631754900678,90.0,140.9,городской округ город Пыть-Ях,2224
Радужный,Ханты-Мансийский автономный округ — Югра,816,9,Середнячки со скромными расходами,Апатиты — Мончегорск — Кандалакшский,117694.5,155.8,1.47,1.111631754900678,90.0,140.2,городской округ город Радужный,2225
Сургут,Ханты-Мансийский автономный округ — Югра,817,4,Стареющие и изолированные,Екатеринбург — Пермский — Всеволожский,140879.69999999998,186.5,1.23,1.111631754900678,90.0,167.8,городской округ город Сургут,2226
Урай,Ханты-Мансийский автономный округ — Югра,818,12,Добывающий север с высокими зарплатами,Сургут — Нижневартовск — Норильск,114415.30000000005,151.5,1.51,1.111631754900678,90.0,136.4,городской округ город Урай,2227
Югорск,Ханты-Мансийский автономный округ — Югра,819,12,Добывающий север с высокими зарплатами,Сургут — Нижневартовск — Норильск,142055.40000000034,188.1,1.22,1.111631754900678,90.0,169.3,городской округ город Югорск,2228
Белоярский,Ханты-Мансийский автономный округ — Югра,820,12,Добывающий север с высокими зарплатами,Сургут — Нижневартовск — Норильск,146470.70000000004,193.9,1.18,1.111631754900678,90.0,174.5,Белоярский муниципальный район,2229
Березовский,Ханты-Мансийский автономный округ — Югра,821,12,Добывающий север с высокими зарплатами,Сургут — Нижневартовск — Норильск,123093.49999999993,163.0,1.41,1.111631754900678,90.0,146.7,Березовский муниципальный район,2230
Кондинский,Ханты-Мансийский автономный округ — Югра,822,9,Середнячки со скромными расходами,Апатиты — Мончегорск — Кандалакшский,116572.29999999984,154.3,1.48,1.111631754900678,90.0,138.9,Кондинский муниципальный район,2231
Нефтеюганский,Ханты-Мансийский автономный округ — Югра,812,12,Добывающий север с высокими зарплатами,Сургут — Нижневартовск — Норильск,138589.09999999992,183.5,1.25,1.111631754900678,90.0,165.2,Нефтеюганский муниципальный район,2232
Нижневартовский,Ханты-Мансийский автономный округ — Югра,811,9,Середнячки со скромными расходами,Апатиты — Мончегорск — Кандалакшский,127830.10000000002,169.2,1.35,1.111631754900678,90.0,152.3,Нижневартовский муниципальный район,2233
Октябрьский,Ханты-Мансийский автономный округ — Югра,823,12,Добывающий север с высокими зарплатами,Сургут — Нижневартовск — Норильск,129455.79999999986,171.4,1.34,1.111631754900678,90.0,154.3,Октябрьский муниципальный район,2234
Советский,Ханты-Мансийский автономный округ — Югра,819,9,Середнячки со скромными расходами,Апатиты — Мончегорск — Кандалакшский,105421.89999999997,139.6,1.64,1.111631754900678,90.0,125.6,Советский муниципальный район,2235
Сургутский,Ханты-Мансийский автономный округ — Югра,817,12,Добывающий север с высокими зарплатами,Сургут — Нижневартовск — Норильск,141717.70000000027,187.6,1.22,1.111631754900678,90.0,168.8,Сургутский муниципальный район,2236
Ханты-Мансийский,Ханты-Мансийский автономный округ — Югра,808,12,Добывающий север с высокими зарплатами,Сургут — Нижневартовск — Норильск,142244.29999999996,188.3,1.22,1.111631754900678,90.0,169.5,Ханты-Мансийский муниципальный район,2237
Салехард,Ямало-Ненецкий автономный округ,824,12,Добывающий север с высокими зарплатами,Сургут — Нижневартовск — Норильск,169044.90000000037,223.8,1.02,1.1736798202955998,85.2,190.7,городской округ город Салехард,2238
Муравленко,Ямало-Ненецкий автономный округ,825,12,Добывающий север с высокими зарплатами,Сургут — Нижневартовск — Норильск,130077.5000000001,172.2,1.33,1.1736798202955998,85.2,146.7,городской округ город Муравленко,2241
Новый Уренгой,Ямало-Ненецкий автономный округ,826,12,Добывающий север с высокими зарплатами,Сургут — Нижневартовск — Норильск,174598.49999999988,231.2,0.99,1.1736798202955998,85.2,197.0,городской округ город Новый Уренгой,2242
Ноябрьск,Ямало-Ненецкий автономный округ,827,12,Добывающий север с высокими зарплатами,Сургут — Нижневартовск — Норильск,156219.10000000012,206.8,1.11,1.1736798202955998,85.2,176.2,городской округ город Ноябрьск,2243
Красноселькупский,Ямало-Ненецкий автономный округ,828,8,"Низкие зарплаты, дешёвые цены",Красноярск — Владивостокский — Хабаровск,177997.6,235.7,0.97,1.1736798202955998,85.2,200.8,муниципальный округ Красноселькупский район,2244
Надымский,Ямало-Ненецкий автономный округ,829,12,Добывающий север с высокими зарплатами,Сургут — Нижневартовск — Норильск,192600.2000000001,255.0,0.9,1.1736798202955998,85.2,217.3,муниципальный округ Надымский район,2245
Тазовский,Ямало-Ненецкий автономный округ,830,12,Добывающий север с высокими зарплатами,Сургут — Нижневартовск — Норильск,181196.50000000003,239.9,0.95,1.1736798202955998,85.2,204.4,муниципальный округ Тазовский район,2248
Шурышкарский,Ямало-Ненецкий автономный округ,831,8,"Низкие зарплаты, дешёвые цены",Красноярск — Владивостокский — Хабаровск,118486.60000000008,156.9,1.46,1.1736798202955998,85.2,133.7,муниципальный округ Шурышкарский район,2249
Ямальский,Ямало-Ненецкий автономный округ,832,8,"Низкие зарплаты, дешёвые цены",Красноярск — Владивостокский — Хабаровск,163565.20000000004,216.6,1.06,1.1736798202955998,85.2,184.5,муниципальный округ Ямальский район,2250
Ульяновск,Ульяновская область,114,2,Быстрый рост трат,Новосибирск — Казань — Нижний Новгород,69508.00000000019,92.0,2.49,0.9159774968679942,109.2,100.5,городской округ город Ульяновск,2251
Димитровград,Ульяновская область,833,2,Быстрый рост трат,Новосибирск — Казань — Нижний Новгород,64255.49999999987,85.1,2.69,0.9159774968679942,109.2,92.9,городской округ город Димитровград,2252
Новоульяновск,Ульяновская область,114,10,Стареющие с низкой инфляцией,Рославльский — Сухой Лог — Верхнесалдинский,62325.90000000005,82.5,2.78,0.9159774968679942,109.2,90.1,городской округ город Новоульяновск,2253
Базарносызганский,Ульяновская область,834,3,Пригороды мегаполисов,Вольский — Боровичский — Рузаевский,38635.8,51.2,4.48,0.9159774968679942,109.2,55.9,Базарносызганский муниципальный район,2254
Барышский,Ульяновская область,834,6,"Отрезанные, но высокооплачиваемые",Ишим — Кирово-Чепецк — Ашинский,42037.20000000009,55.7,4.12,0.9159774968679942,109.2,60.8,Барышский муниципальный район,2255
Вешкаймский,Ульяновская область,119,6,"Отрезанные, но высокооплачиваемые",Ишим — Кирово-Чепецк — Ашинский,40269.20000000001,53.3,4.3,0.9159774968679942,109.2,58.2,Вешкаймский муниципальный район,2256
Инзенский,Ульяновская область,834,3,Пригороды мегаполисов,Вольский — Боровичский — Рузаевский,45354.60000000001,60.0,3.81,0.9159774968679942,109.2,65.5,Инзенский муниципальный район,2257
Карсунский,Ульяновская область,119,6,"Отрезанные, но высокооплачиваемые",Ишим — Кирово-Чепецк — Ашинский,38809.19999999999,51.4,4.46,0.9159774968679942,109.2,56.1,Карсунский муниципальный район,2258
Кузоватовский,Ульяновская область,835,3,Пригороды мегаполисов,Вольский — Боровичский — Рузаевский,43252.89999999996,57.3,4.0,0.9159774968679942,109.2,62.6,Кузоватовский муниципальный район,2259
Майнский,Ульяновская область,119,6,"Отрезанные, но высокооплачиваемые",Ишим — Кирово-Чепецк — Ашинский,42546.400000000016,56.3,4.07,0.9159774968679942,109.2,61.5,Майнский муниципальный район,2260
Николаевский,Ульяновская область,665,3,Пригороды мегаполисов,Вольский — Боровичский — Рузаевский,48128.20000000008,63.7,3.59,0.9159774968679942,109.2,69.6,Николаевский муниципальный район,2262
Новоспасский,Ульяновская область,665,10,Стареющие с низкой инфляцией,Рославльский — Сухой Лог — Верхнесалдинский,53868.8000000001,71.3,3.21,0.9159774968679942,109.2,77.9,Новоспасский муниципальный район,2264
Павловский,Ульяновская область,665,3,Пригороды мегаполисов,Вольский — Боровичский — Рузаевский,48968.3,64.8,3.53,0.9159774968679942,109.2,70.8,Павловский муниципальный район,2265
Радищевский,Ульяновская область,665,3,Пригороды мегаполисов,Вольский — Боровичский — Рузаевский,39824.99999999996,52.7,4.34,0.9159774968679942,109.2,57.5,Радищевский муниципальный район,2266
Сенгилеевский,Ульяновская область,836,10,Стареющие с низкой инфляцией,Рославльский — Сухой Лог — Верхнесалдинский,55450.59999999995,73.4,3.12,0.9159774968679942,109.2,80.2,Сенгилеевский муниципальный район,2267
Старокулаткинский,Ульяновская область,665,6,"Отрезанные, но высокооплачиваемые",Ишим — Кирово-Чепецк — Ашинский,36450.90000000002,48.3,4.75,0.9159774968679942,109.2,52.7,Старокулаткинский муниципальный район,2268
Старомайнский,Ульяновская область,114,10,Стареющие с низкой инфляцией,Рославльский — Сухой Лог — Верхнесалдинский,41303.60000000002,54.7,4.19,0.9159774968679942,109.2,59.7,Старомайнский муниципальный район,2269
Сурский,Ульяновская область,119,3,Пригороды мегаполисов,Вольский — Боровичский — Рузаевский,40095.8,53.1,4.31,0.9159774968679942,109.2,58.0,Сурский муниципальный район,2270
Тереньгульский,Ульяновская область,837,6,"Отрезанные, но высокооплачиваемые",Ишим — Кирово-Чепецк — Ашинский,42415.19999999997,56.2,4.08,0.9159774968679942,109.2,61.4,Тереньгульский муниципальный район,2271
Ульяновский,Ульяновская область,114,10,Стареющие с низкой инфляцией,Рославльский — Сухой Лог — Верхнесалдинский,52985.3,70.2,3.27,0.9159774968679942,109.2,76.7,Ульяновский муниципальный район,2272
Цильнинский,Ульяновская область,114,3,Пригороды мегаполисов,Вольский — Боровичский — Рузаевский,44786.80000000005,59.3,3.86,0.9159774968679942,109.2,64.8,Цильнинский муниципальный район,2273
Чердаклинский,Ульяновская область,114,3,Пригороды мегаполисов,Вольский — Боровичский — Рузаевский,69072.39999999995,91.4,2.5,0.9159774968679942,109.2,99.8,Чердаклинский муниципальный район,2274
Челябинский,Челябинская область,838,2,Быстрый рост трат,Новосибирск — Казань — Нижний Новгород,84815.49999999988,112.3,2.04,0.8891657268123262,112.5,126.3,городской округ Челябинский,2275
Верхнеуфалейский,Челябинская область,838,5,Дёшевые и скромные,Минусинск — Тайшетский — Саяногорск,59045.19999999997,78.2,2.93,0.8891657268123262,112.5,88.0,городской округ Верхнеуфалейский,2276
Карабашский,Челябинская область,838,6,"Отрезанные, но высокооплачиваемые",Ишим — Кирово-Чепецк — Ашинский,66587.7,88.2,2.6,0.8891657268123262,112.5,99.2,городской округ Карабашский,2278
Копейский,Челябинская область,838,2,Быстрый рост трат,Новосибирск — Казань — Нижний Новгород,71657.4,94.9,2.41,0.8891657268123262,112.5,106.8,городской округ Копейский,2279
Кыштымский,Челябинская область,838,2,Быстрый рост трат,Новосибирск — Казань — Нижний Новгород,65719.50000000007,87.0,2.63,0.8891657268123262,112.5,97.9,городской округ Кыштымский,2280
Магнитогорский,Челябинская область,18,2,Быстрый рост трат,Новосибирск — Казань — Нижний Новгород,83303.79999999997,110.3,2.08,0.8891657268123262,112.5,124.1,городской округ Магнитогорский,2281
Миасский,Челябинская область,839,2,Быстрый рост трат,Новосибирск — Казань — Нижний Новгород,78991.30000000009,104.6,2.19,0.8891657268123262,112.5,117.7,городской округ Миасский,2282
Троицкий,Челябинская область,838,2,Быстрый рост трат,Новосибирск — Казань — Нижний Новгород,57716.20000000004,76.4,3.0,0.8891657268123262,112.5,86.0,городской округ Троицкий,2286
Усть-Катавский,Челябинская область,32,5,Дёшевые и скромные,Минусинск — Тайшетский — Саяногорск,57046.3,75.5,3.03,0.8891657268123262,112.5,84.9,городской округ Усть-Катавский,2287
Чебаркульский,Челябинская область,839,2,Быстрый рост трат,Новосибирск — Казань — Нижний Новгород,57557.79999999987,76.2,3.01,0.8891657268123262,112.5,85.7,городской округ Чебаркульский,2288
Южноуральский,Челябинская область,838,2,Быстрый рост трат,Новосибирск — Казань — Нижний Новгород,70031.59999999996,92.7,2.47,0.8891657268123262,112.5,104.3,городской округ Южноуральский,2289
Агаповский,Челябинская область,18,1,Маркетплейс-провинция,Грязинский — Кинешма — Киреевский,57484.29999999989,76.1,3.01,0.8891657268123262,112.5,85.6,Агаповский муниципальный район,2291
Аргаяшский,Челябинская область,838,6,"Отрезанные, но высокооплачиваемые",Ишим — Кирово-Чепецк — Ашинский,59756.09999999998,79.1,2.9,0.8891657268123262,112.5,89.0,Аргаяшский муниципальный район,2292
Ашинский,Челябинская область,840,1,Маркетплейс-провинция,Грязинский — Кинешма — Киреевский,70379.0999999999,93.2,2.46,0.8891657268123262,112.5,104.8,Ашинский муниципальный район,2293
Брединский,Челябинская область,841,3,Пригороды мегаполисов,Вольский — Боровичский — Рузаевский,48500.9,64.2,3.57,0.8891657268123262,112.5,72.2,Брединский муниципальный район,2294
Варненский,Челябинская область,842,5,Дёшевые и скромные,Минусинск — Тайшетский — Саяногорск,73409.70000000003,97.2,2.36,0.8891657268123262,112.5,109.4,Варненский муниципальный район,2295
Верхнеуральский,Челябинская область,843,6,"Отрезанные, но высокооплачиваемые",Ишим — Кирово-Чепецк — Ашинский,70358.10000000018,93.2,2.46,0.8891657268123262,112.5,104.8,Верхнеуральский муниципальный район,2296
Еманжелинский,Челябинская область,838,11,Стареющие с низкими зарплатами,Ростовский — Шарья — Шахунья,54543.79999999996,72.2,3.17,0.8891657268123262,112.5,81.2,Еманжелинский муниципальный район,2297
Еткульский,Челябинская область,838,1,Маркетплейс-провинция,Грязинский — Кинешма — Киреевский,61685.80000000005,81.7,2.8,0.8891657268123262,112.5,91.9,Еткульский муниципальный район,2298
Карталинский,Челябинская область,842,6,"Отрезанные, но высокооплачиваемые",Ишим — Кирово-Чепецк — Ашинский,63612.199999999946,84.2,2.72,0.8891657268123262,112.5,94.7,Карталинский муниципальный район,2299
Каслинский,Челябинская область,838,6,"Отрезанные, но высокооплачиваемые",Ишим — Кирово-Чепецк — Ашинский,56740.0,75.1,3.05,0.8891657268123262,112.5,84.5,Каслинский муниципальный район,2300
Катав-Ивановский,Челябинская область,32,5,Дёшевые и скромные,Минусинск — Тайшетский — Саяногорск,53527.89999999996,70.9,3.23,0.8891657268123262,112.5,79.8,Катав-Ивановский муниципальный район,2301
Кизильский,Челябинская область,17,6,"Отрезанные, но высокооплачиваемые",Ишим — Кирово-Чепецк — Ашинский,47177.599999999984,62.5,3.67,0.8891657268123262,112.5,70.3,Кизильский муниципальный район,2302
Коркинский,Челябинская область,838,2,Быстрый рост трат,Новосибирск — Казань — Нижний Новгород,60182.90000000008,79.7,2.87,0.8891657268123262,112.5,89.7,Коркинский муниципальный округ,2303
Красноармейский,Челябинская область,838,10,Стареющие с низкой инфляцией,Рославльский — Сухой Лог — Верхнесалдинский,61073.500000000095,80.9,2.83,0.8891657268123262,112.5,91.0,Красноармейский муниципальный район,2304
Кунашакский,Челябинская область,844,6,"Отрезанные, но высокооплачиваемые",Ишим — Кирово-Чепецк — Ашинский,52293.70000000013,69.2,3.31,0.8891657268123262,112.5,77.8,Кунашакский муниципальный район,2305
Нагайбакский,Челябинская область,845,6,"Отрезанные, но высокооплачиваемые",Ишим — Кирово-Чепецк — Ашинский,60069.3,79.5,2.88,0.8891657268123262,112.5,89.4,Нагайбакский муниципальный район,2307
Нязепетровский,Челябинская область,838,6,"Отрезанные, но высокооплачиваемые",Ишим — Кирово-Чепецк — Ашинский,46232.30000000003,61.2,3.74,0.8891657268123262,112.5,68.8,Нязепетровский муниципальный район,2308
Октябрьский,Челябинская область,846,6,"Отрезанные, но высокооплачиваемые",Ишим — Кирово-Чепецк — Ашинский,52761.00000000002,69.9,3.28,0.8891657268123262,112.5,78.6,Октябрьский муниципальный район,2309
Пластовский,Челябинская область,838,6,"Отрезанные, но высокооплачиваемые",Ишим — Кирово-Чепецк — Ашинский,102847.9,136.2,1.68,0.8891657268123262,112.5,153.2,Пластовский муниципальный район,2310
Саткинский,Челябинская область,847,2,Быстрый рост трат,Новосибирск — Казань — Нижний Новгород,60418.49999999996,80.0,2.86,0.8891657268123262,112.5,90.0,Саткинский муниципальный район,2311
Сосновский,Челябинская область,838,4,Стареющие и изолированные,Екатеринбург — Пермский — Всеволожский,78815.50000000001,104.3,2.19,0.8891657268123262,112.5,117.3,Сосновский муниципальный район,2312
Увельский,Челябинская область,838,10,Стареющие с низкой инфляцией,Рославльский — Сухой Лог — Верхнесалдинский,69599.10000000006,92.1,2.49,0.8891657268123262,112.5,103.6,Увельский муниципальный район,2314
Уйский,Челябинская область,848,6,"Отрезанные, но высокооплачиваемые",Ишим — Кирово-Чепецк — Ашинский,47728.09999999993,63.2,3.62,0.8891657268123262,112.5,71.1,Уйский муниципальный район,2315
Чебаркульский,Челябинская область,839,2,Быстрый рост трат,Новосибирск — Казань — Нижний Новгород,60279.10000000002,79.8,2.87,0.8891657268123262,112.5,89.8,Чебаркульский муниципальный район,2316
Чесменский,Челябинская область,849,5,Дёшевые и скромные,Минусинск — Тайшетский — Саяногорск,53848.59999999998,71.3,3.21,0.8891657268123262,112.5,80.2,Чесменский муниципальный район,2317
Ярославль,Ярославская область,403,4,Стареющие и изолированные,Екатеринбург — Пермский — Всеволожский,76713.90000000015,101.6,2.26,0.9338839499116536,107.1,108.8,городской округ город Ярославль,2318
Рыбинск,Ярославская область,403,2,Быстрый рост трат,Новосибирск — Казань — Нижний Новгород,72473.20000000004,96.0,2.39,0.9338839499116536,107.1,102.8,городской округ город Рыбинск,2320
Большесельский,Ярославская область,850,11,Стареющие с низкими зарплатами,Ростовский — Шарья — Шахунья,50677.70000000001,67.1,3.41,0.9338839499116536,107.1,71.9,Большесельский муниципальный район,2321
Борисоглебский,Ярославская область,403,11,Стареющие с низкими зарплатами,Ростовский — Шарья — Шахунья,52498.4,69.5,3.3,0.9338839499116536,107.1,74.4,Борисоглебский муниципальный район,2322
Брейтовский,Ярославская область,851,1,Маркетплейс-провинция,Грязинский — Кинешма — Киреевский,45626.09999999999,60.4,3.79,0.9338839499116536,107.1,64.7,Брейтовский муниципальный район,2323
Гаврилов-Ямский,Ярославская область,403,10,Стареющие с низкой инфляцией,Рославльский — Сухой Лог — Верхнесалдинский,62073.50000000011,82.2,2.79,0.9338839499116536,107.1,88.0,Гаврилов-Ямский муниципальный район,2324
Даниловский,Ярославская область,852,6,"Отрезанные, но высокооплачиваемые",Ишим — Кирово-Чепецк — Ашинский,54092.90000000001,71.6,3.2,0.9338839499116536,107.1,76.7,Даниловский муниципальный район,2325
Любимский,Ярославская область,852,6,"Отрезанные, но высокооплачиваемые",Ишим — Кирово-Чепецк — Ашинский,48998.79999999994,64.9,3.53,0.9338839499116536,107.1,69.5,Любимский муниципальный район,2326
Мышкинский,Ярославская область,850,1,Маркетплейс-провинция,Грязинский — Кинешма — Киреевский,62791.00000000003,83.1,2.76,0.9338839499116536,107.1,89.0,Мышкинский муниципальный район,2327
Некоузский,Ярославская область,850,11,Стареющие с низкими зарплатами,Ростовский — Шарья — Шахунья,58673.09999999999,77.7,2.95,0.9338839499116536,107.1,83.2,Некоузский муниципальный район,2328
Некрасовский,Ярославская область,403,10,Стареющие с низкой инфляцией,Рославльский — Сухой Лог — Верхнесалдинский,55614.700000000135,73.6,3.11,0.9338839499116536,107.1,78.8,Некрасовский муниципальный район,2329
Первомайский,Ярославская область,852,11,Стареющие с низкими зарплатами,Ростовский — Шарья — Шахунья,50142.80000000005,66.4,3.45,0.9338839499116536,107.1,71.1,Первомайский муниципальный район,2330
Пошехонский,Ярославская область,853,6,"Отрезанные, но высокооплачиваемые",Ишим — Кирово-Чепецк — Ашинский,45040.60000000002,59.6,3.84,0.9338839499116536,107.1,63.8,Пошехонский муниципальный район,2332
Ростовский,Ярославская область,403,1,Маркетплейс-провинция,Грязинский — Кинешма — Киреевский,59404.80000000012,78.6,2.91,0.9338839499116536,107.1,84.2,Ростовский муниципальный район,2333
Рыбинский,Ярославская область,403,2,Быстрый рост трат,Новосибирск — Казань — Нижний Новгород,68584.29999999996,90.8,2.52,0.9338839499116536,107.1,97.2,Рыбинский муниципальный район,2334
Тутаевский,Ярославская область,403,2,Быстрый рост трат,Новосибирск — Казань — Нижний Новгород,57575.90000000004,76.2,3.0,0.9338839499116536,107.1,81.6,Тутаевский муниципальный район,2335
Угличский,Ярославская область,850,2,Быстрый рост трат,Новосибирск — Казань — Нижний Новгород,57745.99999999998,76.5,3.0,0.9338839499116536,107.1,81.9,Угличский муниципальный район,2336
Ярославский,Ярославская область,403,4,Стареющие и изолированные,Екатеринбург — Пермский — Всеволожский,77400.39999999994,102.5,2.24,0.9338839499116536,107.1,109.8,Ярославский муниципальный район,2337
Биробиджан,Еврейская автономная область,854,8,"Низкие зарплаты, дешёвые цены",Красноярск — Владивостокский — Хабаровск,76309.09999999996,101.0,2.27,1.1601281725799744,86.2,87.1,городской округ город Биробиджан,2338
Биробиджанский,Еврейская автономная область,854,8,"Низкие зарплаты, дешёвые цены",Красноярск — Владивостокский — Хабаровск,61844.09999999991,81.9,2.8,1.1601281725799744,86.2,70.6,Биробиджанский муниципальный район,2339
Ленинский,Еврейская автономная область,855,8,"Низкие зарплаты, дешёвые цены",Красноярск — Владивостокский — Хабаровск,66714.9,88.3,2.59,1.1601281725799744,86.2,76.1,Ленинский муниципальный район,2340
Облученский,Еврейская автономная область,856,8,"Низкие зарплаты, дешёвые цены",Красноярск — Владивостокский — Хабаровск,97090.70000000006,128.5,1.78,1.1601281725799744,86.2,110.8,Облученский муниципальный район,2341
Октябрьский,Еврейская автономная область,857,8,"Низкие зарплаты, дешёвые цены",Красноярск — Владивостокский — Хабаровск,56576.30000000002,74.9,3.06,1.1601281725799744,86.2,64.6,Октябрьский муниципальный район,2342
Смидовичский,Еврейская автономная область,858,8,"Низкие зарплаты, дешёвые цены",Красноярск — Владивостокский — Хабаровск,96699.50000000016,128.0,1.79,1.1601281725799744,86.2,110.3,Смидовичский муниципальный район,2343
Анадырь,Чукотский автономный округ,859,13,"Растущие траты, ускоряющиеся цены",Калининград — Сосновоборский — Кольцово,199856.0999999997,264.6,0.87,1.6211485471941105,61.7,163.3,городской округ Анадырь,2344
Эгвекинот,Чукотский автономный округ,860,4,Стареющие и изолированные,Екатеринбург — Пермский — Всеволожский,170752.09999999998,226.1,1.01,1.6211485471941105,61.7,139.5,городской округ Эгвекинот,2345
Провиденский,Чукотский автономный округ,861,8,"Низкие зарплаты, дешёвые цены",Красноярск — Владивостокский — Хабаровск,155150.89999999994,205.4,1.12,1.6211485471941105,61.7,126.7,городской округ Провиденский,2346
Певек,Чукотский автономный округ,862,8,"Низкие зарплаты, дешёвые цены",Красноярск — Владивостокский — Хабаровск,207520.9000000005,274.7,0.83,1.6211485471941105,61.7,169.5,городской округ Певек,2347
Анадырский,Чукотский автономный округ,863,4,Стареющие и изолированные,Екатеринбург — Пермский — Всеволожский,167493.39999999994,221.8,1.03,1.6211485471941105,61.7,136.9,Анадырский муниципальный район,2348
Билибинский,Чукотский автономный округ,864,12,Добывающий север с высокими зарплатами,Сургут — Нижневартовск — Норильск,199396.49999999985,264.0,0.87,1.6211485471941105,61.7,162.9,Билибинский муниципальный район,2349
Коломна,Санкт-Петербург,533,13,"Растущие траты, ускоряющиеся цены",Калининград — Сосновоборский — Кольцово,108102.7,143.1,1.6,1.1227174406268754,89.1,127.5,внутригородская территория города федерального значения муниципальный округ Коломна,2351
Сенной,Санкт-Петербург,533,13,"Растущие траты, ускоряющиеся цены",Калининград — Сосновоборский — Кольцово,161058.2000000003,213.2,1.07,1.1227174406268754,89.1,190.0,внутригородская территория города федерального значения муниципальный округ Сенной округ,2352
Адмиралтейский,Санкт-Петербург,533,13,"Растущие траты, ускоряющиеся цены",Калининград — Сосновоборский — Кольцово,173598.50000000012,229.8,1.0,1.1227174406268754,89.1,204.8,внутригородская территория города федерального значения муниципальный округ Адмиралтейский округ,2353
Семеновский,Санкт-Петербург,533,13,"Растущие траты, ускоряющиеся цены",Калининград — Сосновоборский — Кольцово,121453.49999999996,160.8,1.42,1.1227174406268754,89.1,143.3,внутригородская территория города федерального значения муниципальный округ Семеновский,2354
Измайловское,Санкт-Петербург,533,13,"Растущие траты, ускоряющиеся цены",Калининград — Сосновоборский — Кольцово,101555.79999999996,134.5,1.7,1.1227174406268754,89.1,119.8,внутригородская территория города федерального значения муниципальный округ Измайловское,2355
Екатерингофский,Санкт-Петербург,533,13,"Растущие траты, ускоряющиеся цены",Калининград — Сосновоборский — Кольцово,125997.20000000011,166.8,1.37,1.1227174406268754,89.1,148.6,внутригородская территория города федерального значения муниципальный округ Екатерингофский,2356
№ 7,Санкт-Петербург,533,13,"Растущие траты, ускоряющиеся цены",Калининград — Сосновоборский — Кольцово,134158.9,177.6,1.29,1.1227174406268754,89.1,158.2,внутригородская территория города федерального значения муниципальный округ № 7,2357
Васильевский,Санкт-Петербург,533,13,"Растущие траты, ускоряющиеся цены",Калининград — Сосновоборский — Кольцово,134399.09999999992,177.9,1.29,1.1227174406268754,89.1,158.5,внутригородская территория города федерального значения муниципальный округ Васильевский,2358
Гавань,Санкт-Петербург,533,13,"Растущие траты, ускоряющиеся цены",Калининград — Сосновоборский — Кольцово,184908.79999999984,244.8,0.94,1.1227174406268754,89.1,218.1,внутригородская территория города федерального значения муниципальный округ Гавань,2359
Морской,Санкт-Петербург,533,13,"Растущие траты, ускоряющиеся цены",Калининград — Сосновоборский — Кольцово,128387.99999999994,170.0,1.35,1.1227174406268754,89.1,151.5,внутригородская территория города федерального значения муниципальный округ Морской,2360
Остров Декабристов,Санкт-Петербург,533,13,"Растущие траты, ускоряющиеся цены",Калининград — Сосновоборский — Кольцово,151689.00000000035,200.8,1.14,1.1227174406268754,89.1,178.9,внутригородская территория города федерального значения муниципальный округ Остров Декабристов,2361
Левашово,Санкт-Петербург,533,13,"Растущие траты, ускоряющиеся цены",Калининград — Сосновоборский — Кольцово,125672.1999999999,166.4,1.38,1.1227174406268754,89.1,148.3,внутригородская территория города федерального значения поселок Левашово,2362
Парголово,Санкт-Петербург,533,13,"Растущие траты, ускоряющиеся цены",Калининград — Сосновоборский — Кольцово,106082.50000000004,140.4,1.63,1.1227174406268754,89.1,125.1,внутригородская территория города федерального значения поселок Парголово,2363
Сампсониевское,Санкт-Петербург,533,13,"Растущие траты, ускоряющиеся цены",Калининград — Сосновоборский — Кольцово,134530.3,178.1,1.29,1.1227174406268754,89.1,158.7,внутригородская территория города федерального значения муниципальный округ Сампсониевское,2364
Светлановское,Санкт-Петербург,533,13,"Растущие траты, ускоряющиеся цены",Калининград — Сосновоборский — Кольцово,114557.00000000012,151.7,1.51,1.1227174406268754,89.1,135.2,внутригородская территория города федерального значения муниципальный округ Светлановское,2365
Сосновское,Санкт-Петербург,533,13,"Растущие траты, ускоряющиеся цены",Калининград — Сосновоборский — Кольцово,109650.49999999994,145.2,1.58,1.1227174406268754,89.1,129.4,внутригородская территория города федерального значения муниципальный округ Сосновское,2366
№ 15,Санкт-Петербург,533,13,"Растущие траты, ускоряющиеся цены",Калининград — Сосновоборский — Кольцово,105497.00000000004,139.7,1.64,1.1227174406268754,89.1,124.5,внутригородская территория города федерального значения муниципальный округ № 15,2367
Сергиевское,Санкт-Петербург,533,13,"Растущие траты, ускоряющиеся цены",Калининград — Сосновоборский — Кольцово,135662.8999999999,179.6,1.28,1.1227174406268754,89.1,160.0,внутригородская территория города федерального значения муниципальный округ Сергиевское,2368
Шувалово-Озерки,Санкт-Петербург,533,13,"Растущие траты, ускоряющиеся цены",Калининград — Сосновоборский — Кольцово,90022.30000000002,119.2,1.92,1.1227174406268754,89.1,106.2,внутригородская территория города федерального значения муниципальный округ Шувалово-Озерки,2369
Лисий Нос,Санкт-Петербург,533,13,"Растущие траты, ускоряющиеся цены",Калининград — Сосновоборский — Кольцово,116882.10000000022,154.7,1.48,1.1227174406268754,89.1,137.8,внутригородская территория города федерального значения поселок Лисий Нос,2370
Лахта-Ольгино,Санкт-Петербург,533,13,"Растущие траты, ускоряющиеся цены",Калининград — Сосновоборский — Кольцово,405587.3999999998,537.0,0.43,1.1227174406268754,89.1,478.5,внутригородская территория города федерального значения муниципальный округ Лахта-Ольгино,2371
№ 65,Санкт-Петербург,533,13,"Растущие траты, ускоряющиеся цены",Калининград — Сосновоборский — Кольцово,127853.4,169.3,1.35,1.1227174406268754,89.1,150.8,внутригородская территория города федерального значения муниципальный округ № 65,2372
Ланское,Санкт-Петербург,533,13,"Растущие траты, ускоряющиеся цены",Калининград — Сосновоборский — Кольцово,148160.90000000002,196.2,1.17,1.1227174406268754,89.1,174.8,внутригородская территория города федерального значения муниципальный округ Ланское,2373
Комендантский аэродром,Санкт-Петербург,533,13,"Растущие траты, ускоряющиеся цены",Калининград — Сосновоборский — Кольцово,122732.30000000005,162.5,1.41,1.1227174406268754,89.1,144.8,внутригородская территория города федерального значения муниципальный округ Комендантский аэродром,2374
Озеро Долгое,Санкт-Петербург,533,13,"Растущие траты, ускоряющиеся цены",Калининград — Сосновоборский — Кольцово,111013.40000000004,147.0,1.56,1.1227174406268754,89.1,131.0,внутригородская территория города федерального значения муниципальный округ Озеро Долгое,2375
Юнтолово,Санкт-Петербург,533,13,"Растущие траты, ускоряющиеся цены",Калининград — Сосновоборский — Кольцово,131474.90000000017,174.1,1.32,1.1227174406268754,89.1,155.1,внутригородская территория города федерального значения муниципальный округ Юнтолово,2376
Коломяги,Санкт-Петербург,533,13,"Растущие траты, ускоряющиеся цены",Калининград — Сосновоборский — Кольцово,118280.70000000004,156.6,1.46,1.1227174406268754,89.1,139.5,внутригородская территория города федерального значения муниципальный округ Коломяги,2377
Гражданка,Санкт-Петербург,533,13,"Растущие траты, ускоряющиеся цены",Калининград — Сосновоборский — Кольцово,136485.70000000007,180.7,1.27,1.1227174406268754,89.1,161.0,внутригородская территория города федерального значения муниципальный округ Гражданка,2378
Академическое,Санкт-Петербург,533,13,"Растущие траты, ускоряющиеся цены",Калининград — Сосновоборский — Кольцово,120411.99999999996,159.4,1.44,1.1227174406268754,89.1,142.0,внутригородская территория города федерального значения муниципальный округ Академическое,2379
Финляндский,Санкт-Петербург,533,13,"Растущие траты, ускоряющиеся цены",Калининград — Сосновоборский — Кольцово,139671.5999999999,184.9,1.24,1.1227174406268754,89.1,164.7,внутригородская территория города федерального значения муниципальный округ Финляндский округ,2380
№ 21,Санкт-Петербург,533,13,"Растущие траты, ускоряющиеся цены",Калининград — Сосновоборский — Кольцово,103819.99999999996,137.5,1.67,1.1227174406268754,89.1,122.5,внутригородская территория города федерального значения муниципальный округ № 21,2381
Пискаревка,Санкт-Петербург,533,13,"Растущие траты, ускоряющиеся цены",Калининград — Сосновоборский — Кольцово,106376.80000000024,140.8,1.63,1.1227174406268754,89.1,125.5,внутригородская территория города федерального значения муниципальный округ Пискаревка,2382
Северный,Санкт-Петербург,533,13,"Растущие траты, ускоряющиеся цены",Калининград — Сосновоборский — Кольцово,88848.6000000001,117.6,1.95,1.1227174406268754,89.1,104.8,внутригородская территория города федерального значения муниципальный округ Северный,2383
Прометей,Санкт-Петербург,533,13,"Растущие траты, ускоряющиеся цены",Калининград — Сосновоборский — Кольцово,83890.20000000004,111.1,2.06,1.1227174406268754,89.1,99.0,внутригородская территория города федерального значения муниципальный округ Прометей,2384
Княжево,Санкт-Петербург,533,13,"Растущие траты, ускоряющиеся цены",Калининград — Сосновоборский — Кольцово,131825.9,174.5,1.31,1.1227174406268754,89.1,155.5,внутригородская территория города федерального значения муниципальный округ Княжево,2385
Ульянка,Санкт-Петербург,533,13,"Растущие траты, ускоряющиеся цены",Калининград — Сосновоборский — Кольцово,81411.89999999995,107.8,2.12,1.1227174406268754,89.1,96.0,внутригородская территория города федерального значения муниципальный округ Ульянка,2386
Дачное,Санкт-Петербург,533,13,"Растущие траты, ускоряющиеся цены",Калининград — Сосновоборский — Кольцово,79387.80000000003,105.1,2.18,1.1227174406268754,89.1,93.6,внутригородская территория города федерального значения муниципальный округ Дачное,2387
Автово,Санкт-Петербург,533,13,"Растущие траты, ускоряющиеся цены",Калининград — Сосновоборский — Кольцово,132541.9,175.5,1.31,1.1227174406268754,89.1,156.4,внутригородская территория города федерального значения муниципальный округ Автово,2388
Нарвский,Санкт-Петербург,533,13,"Растущие траты, ускоряющиеся цены",Калининград — Сосновоборский — Кольцово,117340.39999999998,155.4,1.47,1.1227174406268754,89.1,138.5,внутригородская территория города федерального значения муниципальный округ Нарвский округ,2389
Красненькая речка,Санкт-Петербург,533,13,"Растущие траты, ускоряющиеся цены",Калининград — Сосновоборский — Кольцово,88191.40000000005,116.8,1.96,1.1227174406268754,89.1,104.1,внутригородская территория города федерального значения муниципальный округ Красненькая речка,2390
Морские ворота,Санкт-Петербург,533,13,"Растущие траты, ускоряющиеся цены",Калининград — Сосновоборский — Кольцово,129501.19999999995,171.5,1.34,1.1227174406268754,89.1,152.8,внутригородская территория города федерального значения муниципальный округ Морские ворота,2391
Колпино,Санкт-Петербург,533,13,"Растущие траты, ускоряющиеся цены",Калининград — Сосновоборский — Кольцово,104491.59999999992,138.3,1.66,1.1227174406268754,89.1,123.2,внутригородская территория города федерального значения город Колпино,2392
Металлострой,Санкт-Петербург,533,4,Стареющие и изолированные,Екатеринбург — Пермский — Всеволожский,120868.50000000004,160.0,1.43,1.1227174406268754,89.1,142.6,внутригородская территория города федерального значения поселок Металлострой,2393
Петро-Славянка,Санкт-Петербург,533,13,"Растущие траты, ускоряющиеся цены",Калининград — Сосновоборский — Кольцово,150460.30000000022,199.2,1.15,1.1227174406268754,89.1,177.5,внутригородская территория города федерального значения поселок Петро-Славянка,2394
Понтонный,Санкт-Петербург,533,4,Стареющие и изолированные,Екатеринбург — Пермский — Всеволожский,121181.89999999994,160.4,1.43,1.1227174406268754,89.1,142.9,внутригородская территория города федерального значения поселок Понтонный,2395
Усть-Ижора,Санкт-Петербург,533,13,"Растущие траты, ускоряющиеся цены",Калининград — Сосновоборский — Кольцово,112857.79999999984,149.4,1.53,1.1227174406268754,89.1,133.1,внутригородская территория города федерального значения поселок Усть-Ижора,2397
Полюстрово,Санкт-Петербург,533,13,"Растущие траты, ускоряющиеся цены",Калининград — Сосновоборский — Кольцово,109170.80000000016,144.5,1.58,1.1227174406268754,89.1,128.7,внутригородская территория города федерального значения муниципальный округ Полюстрово,2398
Большая Охта,Санкт-Петербург,533,13,"Растущие траты, ускоряющиеся цены",Калининград — Сосновоборский — Кольцово,107543.9999999998,142.4,1.61,1.1227174406268754,89.1,126.9,внутригородская территория города федерального значения муниципальный округ Большая Охта,2399
Малая Охта,Санкт-Петербург,533,13,"Растущие траты, ускоряющиеся цены",Калининград — Сосновоборский — Кольцово,149041.4999999998,197.3,1.16,1.1227174406268754,89.1,175.8,внутригородская территория города федерального значения муниципальный округ Малая Охта,2400
Пороховые,Санкт-Петербург,533,13,"Растущие траты, ускоряющиеся цены",Калининград — Сосновоборский — Кольцово,99455.2,131.7,1.74,1.1227174406268754,89.1,117.3,внутригородская территория города федерального значения муниципальный округ Пороховые,2401
Ржевка,Санкт-Петербург,533,13,"Растущие траты, ускоряющиеся цены",Калининград — Сосновоборский — Кольцово,112774.9000000002,149.3,1.53,1.1227174406268754,89.1,133.0,внутригородская территория города федерального значения муниципальный округ Ржевка,2402
Красное Село,Санкт-Петербург,533,4,Стареющие и изолированные,Екатеринбург — Пермский — Всеволожский,99429.59999999996,131.6,1.74,1.1227174406268754,89.1,117.3,внутригородская территория города федерального значения город Красное Село,2403
Юго-Запад,Санкт-Петербург,533,13,"Растущие траты, ускоряющиеся цены",Калининград — Сосновоборский — Кольцово,83016.20000000004,109.9,2.08,1.1227174406268754,89.1,97.9,внутригородская территория города федерального значения муниципальный округ Юго-Запад,2404
Южно-Приморский,Санкт-Петербург,533,13,"Растущие траты, ускоряющиеся цены",Калининград — Сосновоборский — Кольцово,95978.09999999987,127.1,1.8,1.1227174406268754,89.1,113.2,внутригородская территория города федерального значения муниципальный округ Южно-Приморский,2405
Сосновая поляна,Санкт-Петербург,533,13,"Растущие траты, ускоряющиеся цены",Калининград — Сосновоборский — Кольцово,93823.09999999996,124.2,1.84,1.1227174406268754,89.1,110.7,внутригородская территория города федерального значения муниципальный округ Сосновая поляна,2406
Урицк,Санкт-Петербург,533,13,"Растущие траты, ускоряющиеся цены",Калининград — Сосновоборский — Кольцово,96371.50000000006,127.6,1.8,1.1227174406268754,89.1,113.7,внутригородская территория города федерального значения муниципальный округ Урицк,2407
Константиновское,Санкт-Петербург,533,13,"Растущие траты, ускоряющиеся цены",Калининград — Сосновоборский — Кольцово,79940.39999999998,105.8,2.16,1.1227174406268754,89.1,94.3,внутригородская территория города федерального значения муниципальный округ Константиновское,2408
Горелово,Санкт-Петербург,533,13,"Растущие траты, ускоряющиеся цены",Калининград — Сосновоборский — Кольцово,97190.50000000006,128.7,1.78,1.1227174406268754,89.1,114.7,внутригородская территория города федерального значения муниципальный округ Горелово,2409
Кронштадт,Санкт-Петербург,533,4,Стареющие и изолированные,Екатеринбург — Пермский — Всеволожский,80937.20000000001,107.2,2.14,1.1227174406268754,89.1,95.5,внутригородская территория города федерального значения город Кронштадт,2410
Зеленогорск,Санкт-Петербург,533,13,"Растущие траты, ускоряющиеся цены",Калининград — Сосновоборский — Кольцово,83433.50000000007,110.5,2.07,1.1227174406268754,89.1,98.5,внутригородская территория города федерального значения город Зеленогорск,2411
Сестрорецк,Санкт-Петербург,533,13,"Растущие траты, ускоряющиеся цены",Калининград — Сосновоборский — Кольцово,109561.60000000017,145.1,1.58,1.1227174406268754,89.1,129.3,внутригородская территория города федерального значения город Сестрорецк,2412
Песочный,Санкт-Петербург,533,13,"Растущие траты, ускоряющиеся цены",Калининград — Сосновоборский — Кольцово,145968.30000000016,193.3,1.19,1.1227174406268754,89.1,172.2,внутригородская территория города федерального значения поселок Песочный,2416
Ломоносов,Санкт-Петербург,533,4,Стареющие и изолированные,Екатеринбург — Пермский — Всеволожский,92014.89999999998,121.8,1.88,1.1227174406268754,89.1,108.5,внутригородская территория города федерального значения город Ломоносов,2422
Московская застава,Санкт-Петербург,533,13,"Растущие траты, ускоряющиеся цены",Калининград — Сосновоборский — Кольцово,162233.10000000012,214.8,1.07,1.1227174406268754,89.1,191.4,внутригородская территория города федерального значения муниципальный округ Московская застава,2423
Гагаринское,Санкт-Петербург,533,13,"Растущие траты, ускоряющиеся цены",Калининград — Сосновоборский — Кольцово,110892.89999999998,146.8,1.56,1.1227174406268754,89.1,130.8,внутригородская территория города федерального значения муниципальный округ Гагаринское,2424
Новоизмайловское,Санкт-Петербург,533,13,"Растущие траты, ускоряющиеся цены",Калининград — Сосновоборский — Кольцово,131139.00000000032,173.6,1.32,1.1227174406268754,89.1,154.7,внутригородская территория города федерального значения муниципальный округ Новоизмайловское,2425
Пулковский меридиан,Санкт-Петербург,533,13,"Растущие траты, ускоряющиеся цены",Калининград — Сосновоборский — Кольцово,146876.1999999998,194.5,1.18,1.1227174406268754,89.1,173.3,внутригородская территория города федерального значения муниципальный округ Пулковский меридиан,2426
Звездное,Санкт-Петербург,533,13,"Растущие траты, ускоряющиеся цены",Калининград — Сосновоборский — Кольцово,140023.10000000027,185.4,1.24,1.1227174406268754,89.1,165.2,внутригородская территория города федерального значения муниципальный округ Звездное,2427
Невская застава,Санкт-Петербург,533,13,"Растущие траты, ускоряющиеся цены",Калининград — Сосновоборский — Кольцово,111001.3999999999,147.0,1.56,1.1227174406268754,89.1,131.0,внутригородская территория города федерального значения муниципальный округ Невская застава,2428
Ивановский,Санкт-Петербург,533,13,"Растущие траты, ускоряющиеся цены",Калининград — Сосновоборский — Кольцово,94443.0,125.0,1.83,1.1227174406268754,89.1,111.4,внутригородская территория города федерального значения муниципальный округ Ивановский,2429
Обуховский,Санкт-Петербург,533,13,"Растущие траты, ускоряющиеся цены",Калининград — Сосновоборский — Кольцово,106569.00000000028,141.1,1.62,1.1227174406268754,89.1,125.7,внутригородская территория города федерального значения муниципальный округ Обуховский,2430
Рыбацкое,Санкт-Петербург,533,13,"Растущие траты, ускоряющиеся цены",Калининград — Сосновоборский — Кольцово,122881.2,162.7,1.41,1.1227174406268754,89.1,145.0,внутригородская территория города федерального значения муниципальный округ Рыбацкое,2431
Народный,Санкт-Петербург,533,13,"Растущие траты, ускоряющиеся цены",Калининград — Сосновоборский — Кольцово,110914.10000000002,146.8,1.56,1.1227174406268754,89.1,130.8,внутригородская территория города федерального значения муниципальный округ Народный,2432
№ 54,Санкт-Петербург,533,13,"Растущие траты, ускоряющиеся цены",Калининград — Сосновоборский — Кольцово,85933.19999999988,113.8,2.01,1.1227174406268754,89.1,101.4,внутригородская территория города федерального значения муниципальный округ № 54,2433
Невский,Санкт-Петербург,533,13,"Растущие траты, ускоряющиеся цены",Калининград — Сосновоборский — Кольцово,99233.6,131.4,1.74,1.1227174406268754,89.1,117.1,внутригородская территория города федерального значения муниципальный округ Невский округ,2434
Оккервиль,Санкт-Петербург,533,13,"Растущие траты, ускоряющиеся цены",Калининград — Сосновоборский — Кольцово,91327.10000000003,120.9,1.89,1.1227174406268754,89.1,107.7,внутригородская территория города федерального значения муниципальный округ Оккервиль,2435
Правобережный,Санкт-Петербург,533,13,"Растущие траты, ускоряющиеся цены",Калининград — Сосновоборский — Кольцово,131801.70000000013,174.5,1.31,1.1227174406268754,89.1,155.5,внутригородская территория города федерального значения муниципальный округ Правобережный,2436
Павловск,Санкт-Петербург,533,13,"Растущие траты, ускоряющиеся цены",Калининград — Сосновоборский — Кольцово,86920.09999999998,115.1,1.99,1.1227174406268754,89.1,102.6,внутригородская территория города федерального значения город Павловск,2437
Введенский,Санкт-Петербург,533,13,"Растущие траты, ускоряющиеся цены",Калининград — Сосновоборский — Кольцово,157832.89999999997,209.0,1.1,1.1227174406268754,89.1,186.2,внутригородская территория города федерального значения муниципальный округ Введенский,2439
Кронверкское,Санкт-Петербург,533,13,"Растущие траты, ускоряющиеся цены",Калининград — Сосновоборский — Кольцово,157393.50000000026,208.4,1.1,1.1227174406268754,89.1,185.7,внутригородская территория города федерального значения муниципальный округ Кронверкское,2440
Посадский,Санкт-Петербург,533,13,"Растущие траты, ускоряющиеся цены",Калининград — Сосновоборский — Кольцово,128582.9999999998,170.2,1.35,1.1227174406268754,89.1,151.6,внутригородская территория города федерального значения муниципальный округ Посадский,2441
Аптекарский остров,Санкт-Петербург,533,13,"Растущие траты, ускоряющиеся цены",Калининград — Сосновоборский — Кольцово,153575.10000000006,203.3,1.13,1.1227174406268754,89.1,181.1,внутригородская территория города федерального значения муниципальный округ Аптекарский остров,2442
Петровский,Санкт-Петербург,533,13,"Растущие траты, ускоряющиеся цены",Калининград — Сосновоборский — Кольцово,107416.30000000016,142.2,1.61,1.1227174406268754,89.1,126.7,внутригородская территория города федерального значения муниципальный округ округ Петровский,2443
Чкаловское,Санкт-Петербург,533,13,"Растущие траты, ускоряющиеся цены",Калининград — Сосновоборский — Кольцово,189818.5999999995,251.3,0.91,1.1227174406268754,89.1,223.9,внутригородская территория города федерального значения муниципальный округ Чкаловское,2444
Петергоф,Санкт-Петербург,533,13,"Растущие траты, ускоряющиеся цены",Калининград — Сосновоборский — Кольцово,99081.49999999996,131.2,1.75,1.1227174406268754,89.1,116.9,внутригородская территория города федерального значения город Петергоф,2445
Стрельна,Санкт-Петербург,533,13,"Растущие траты, ускоряющиеся цены",Калининград — Сосновоборский — Кольцово,203097.60000000012,268.9,0.85,1.1227174406268754,89.1,239.6,внутригородская территория города федерального значения поселок Стрельна,2446
Пушкин,Санкт-Петербург,533,13,"Растущие траты, ускоряющиеся цены",Калининград — Сосновоборский — Кольцово,96984.50000000022,128.4,1.78,1.1227174406268754,89.1,114.4,внутригородская территория города федерального значения город Пушкин,2447
Шушары,Санкт-Петербург,533,13,"Растущие траты, ускоряющиеся цены",Калининград — Сосновоборский — Кольцово,113087.09999999996,149.7,1.53,1.1227174406268754,89.1,133.4,внутригородская территория города федерального значения поселок Шушары,2449
Волковское,Санкт-Петербург,533,13,"Растущие траты, ускоряющиеся цены",Калининград — Сосновоборский — Кольцово,111006.00000000022,147.0,1.56,1.1227174406268754,89.1,131.0,внутригородская территория города федерального значения муниципальный округ Волковское,2450
№ 72,Санкт-Петербург,533,13,"Растущие траты, ускоряющиеся цены",Калининград — Сосновоборский — Кольцово,95415.09999999986,126.3,1.81,1.1227174406268754,89.1,112.5,внутригородская территория города федерального значения муниципальный округ № 72,2451
Купчино,Санкт-Петербург,533,13,"Растущие траты, ускоряющиеся цены",Калининград — Сосновоборский — Кольцово,96447.9,127.7,1.79,1.1227174406268754,89.1,113.8,внутригородская территория города федерального значения муниципальный округ Купчино,2452
Георгиевский,Санкт-Петербург,533,13,"Растущие траты, ускоряющиеся цены",Калининград — Сосновоборский — Кольцово,95187.49999999993,126.0,1.82,1.1227174406268754,89.1,112.3,внутригородская территория города федерального значения муниципальный округ Георгиевский,2453
№ 75,Санкт-Петербург,533,13,"Растущие траты, ускоряющиеся цены",Калининград — Сосновоборский — Кольцово,103672.1,137.3,1.67,1.1227174406268754,89.1,122.3,внутригородская территория города федерального значения муниципальный округ № 75,2454
Балканский,Санкт-Петербург,533,13,"Растущие траты, ускоряющиеся цены",Калининград — Сосновоборский — Кольцово,109575.49999999994,145.1,1.58,1.1227174406268754,89.1,129.3,внутригородская территория города федерального значения муниципальный округ Балканский,2455
Дворцовый,Санкт-Петербург,533,13,"Растущие траты, ускоряющиеся цены",Калининград — Сосновоборский — Кольцово,155058.8000000001,205.3,1.12,1.1227174406268754,89.1,182.9,внутригородская территория города федерального значения муниципальный округ Дворцовый округ,2456
№ 78,Санкт-Петербург,533,13,"Растущие траты, ускоряющиеся цены",Калининград — Сосновоборский — Кольцово,126106.29999999992,167.0,1.37,1.1227174406268754,89.1,148.8,внутригородская территория города федерального значения муниципальный округ № 78,2457
Литейный,Санкт-Петербург,533,13,"Растущие траты, ускоряющиеся цены",Калининград — Сосновоборский — Кольцово,132047.4000000001,174.8,1.31,1.1227174406268754,89.1,155.7,внутригородская территория города федерального значения муниципальный округ Литейный округ,2458
Смольнинское,Санкт-Петербург,533,13,"Растущие траты, ускоряющиеся цены",Калининград — Сосновоборский — Кольцово,144892.40000000002,191.8,1.19,1.1227174406268754,89.1,170.9,внутригородская территория города федерального значения муниципальный округ Смольнинское,2459
Лиговка-Ямская,Санкт-Петербург,533,13,"Растущие траты, ускоряющиеся цены",Калининград — Сосновоборский — Кольцово,114002.50000000004,150.9,1.52,1.1227174406268754,89.1,134.5,внутригородская территория города федерального значения муниципальный округ Лиговка-Ямская,2460
Владимирский,Санкт-Петербург,533,13,"Растущие траты, ускоряющиеся цены",Калининград — Сосновоборский — Кольцово,162042.20000000007,214.5,1.07,1.1227174406268754,89.1,191.1,внутригородская территория города федерального значения муниципальный округ Владимирский округ,2461
Богородское,Москва,552,13,"Растущие траты, ускоряющиеся цены",Калининград — Сосновоборский — Кольцово,150817.40000000002,199.7,1.15,1.4734069204844886,67.9,135.6,внутригородская территория города федерального значения муниципальный округ Богородское,2462
Вешняки,Москва,552,13,"Растущие траты, ускоряющиеся цены",Калининград — Сосновоборский — Кольцово,123692.00000000028,163.8,1.4,1.4734069204844886,67.9,111.2,внутригородская территория города федерального значения муниципальный округ Вешняки,2463
Восточное Измайлово,Москва,552,13,"Растущие траты, ускоряющиеся цены",Калининград — Сосновоборский — Кольцово,139913.0,185.2,1.24,1.4734069204844886,67.9,125.8,внутригородская территория города федерального значения муниципальный округ Восточное Измайлово,2464
Восточный,Москва,476,13,"Растущие траты, ускоряющиеся цены",Калининград — Сосновоборский — Кольцово,96567.2,127.9,1.79,1.4734069204844886,67.9,86.8,внутригородская территория города федерального значения муниципальный округ Восточный,2465
Гольяново,Москва,552,13,"Растущие траты, ускоряющиеся цены",Калининград — Сосновоборский — Кольцово,132274.9,175.1,1.31,1.4734069204844886,67.9,118.9,внутригородская территория города федерального значения муниципальный округ Гольяново,2466
Ивановское,Москва,552,13,"Растущие траты, ускоряющиеся цены",Калининград — Сосновоборский — Кольцово,108689.0,143.9,1.59,1.4734069204844886,67.9,97.7,внутригородская территория города федерального значения муниципальный округ Ивановское,2467
Измайлово,Москва,552,13,"Растущие траты, ускоряющиеся цены",Калининград — Сосновоборский — Кольцово,125617.19999999994,166.3,1.38,1.4734069204844886,67.9,112.9,внутригородская территория города федерального значения муниципальный округ Измайлово,2468
Косино-Ухтомский,Москва,552,13,"Растущие траты, ускоряющиеся цены",Калининград — Сосновоборский — Кольцово,119476.7000000001,158.2,1.45,1.4734069204844886,67.9,107.4,внутригородская территория города федерального значения муниципальный округ Косино-Ухтомский,2469
Новогиреево,Москва,552,13,"Растущие траты, ускоряющиеся цены",Калининград — Сосновоборский — Кольцово,139017.09999999998,184.1,1.24,1.4734069204844886,67.9,125.0,внутригородская территория города федерального значения муниципальный округ Новогиреево,2470
Новокосино,Москва,552,13,"Растущие траты, ускоряющиеся цены",Калининград — Сосновоборский — Кольцово,115822.6999999998,153.3,1.49,1.4734069204844886,67.9,104.1,внутригородская территория города федерального значения муниципальный округ Новокосино,2471
Метро,Москва,552,4,Стареющие и изолированные,Екатеринбург — Пермский — Всеволожский,115041.80000000005,152.3,1.5,1.4734069204844886,67.9,103.4,внутригородская территория города федерального значения муниципальный округ Метрогородок,2472
Перово,Москва,552,13,"Растущие траты, ускоряющиеся цены",Калининград — Сосновоборский — Кольцово,133502.59999999992,176.8,1.3,1.4734069204844886,67.9,120.0,внутригородская территория города федерального значения муниципальный округ Перово,2473
Северное Измайлово,Москва,552,13,"Растущие траты, ускоряющиеся цены",Калининград — Сосновоборский — Кольцово,106670.9999999998,141.2,1.62,1.4734069204844886,67.9,95.9,внутригородская территория города федерального значения муниципальный округ Северное Измайлово,2474
Соколиная гора,Москва,552,13,"Растущие траты, ускоряющиеся цены",Калининград — Сосновоборский — Кольцово,162116.59999999998,214.6,1.07,1.4734069204844886,67.9,145.7,внутригородская территория города федерального значения муниципальный округ Соколиная гора,2475
Сокольники,Москва,865,13,"Растущие траты, ускоряющиеся цены",Калининград — Сосновоборский — Кольцово,180898.3999999999,239.5,0.96,1.4734069204844886,67.9,162.6,внутригородская территория города федерального значения муниципальный округ Сокольники,2476
Преображенское,Москва,552,13,"Растущие траты, ускоряющиеся цены",Калининград — Сосновоборский — Кольцово,197587.89999999976,261.6,0.88,1.4734069204844886,67.9,177.6,внутригородская территория города федерального значения муниципальный округ Преображенское,2477
Внуково,Москва,476,13,"Растущие траты, ускоряющиеся цены",Калининград — Сосновоборский — Кольцово,158742.3,210.2,1.09,1.4734069204844886,67.9,142.7,внутригородская территория города федерального значения муниципальный округ Внуково,2478
Дорогомилово,Москва,865,13,"Растущие траты, ускоряющиеся цены",Калининград — Сосновоборский — Кольцово,183835.8,243.4,0.94,1.4734069204844886,67.9,165.3,внутригородская территория города федерального значения муниципальный округ Дорогомилово,2479
Крылатское,Москва,865,13,"Растущие траты, ускоряющиеся цены",Калининград — Сосновоборский — Кольцово,251108.10000000003,332.5,0.69,1.4734069204844886,67.9,225.8,внутригородская территория города федерального значения муниципальный округ Крылатское,2480
Кунцево,Москва,552,13,"Растущие траты, ускоряющиеся цены",Калининград — Сосновоборский — Кольцово,153258.60000000018,202.9,1.13,1.4734069204844886,67.9,137.8,внутригородская территория города федерального значения муниципальный округ Кунцево,2481
Можайский,Москва,552,13,"Растущие траты, ускоряющиеся цены",Калининград — Сосновоборский — Кольцово,219334.6000000001,290.4,0.79,1.4734069204844886,67.9,197.2,внутригородская территория города федерального значения муниципальный округ Можайский,2482
Ново-Переделкино,Москва,552,13,"Растущие траты, ускоряющиеся цены",Калининград — Сосновоборский — Кольцово,121277.7999999998,160.6,1.43,1.4734069204844886,67.9,109.0,внутригородская территория города федерального значения муниципальный округ Ново-Переделкино,2483
Очаково-Матвеевское,Москва,865,13,"Растущие траты, ускоряющиеся цены",Калининград — Сосновоборский — Кольцово,143973.39999999988,190.6,1.2,1.4734069204844886,67.9,129.4,внутригородская территория города федерального значения муниципальный округ Очаково-Матвеевское,2484
Проспект Вернадского,Москва,865,13,"Растущие траты, ускоряющиеся цены",Калининград — Сосновоборский — Кольцово,317345.3000000002,420.2,0.55,1.4734069204844886,67.9,285.3,внутригородская территория города федерального значения муниципальный округ Проспект Вернадского,2485
Раменки,Москва,865,13,"Растущие траты, ускоряющиеся цены",Калининград — Сосновоборский — Кольцово,162475.59999999998,215.1,1.06,1.4734069204844886,67.9,146.1,внутригородская территория города федерального значения муниципальный округ Раменки,2486
Солнцево,Москва,552,13,"Растущие траты, ускоряющиеся цены",Калининград — Сосновоборский — Кольцово,121441.59999999971,160.8,1.42,1.4734069204844886,67.9,109.2,внутригородская территория города федерального значения муниципальный округ Солнцево,2487
Тропарево-Никулино,Москва,865,13,"Растущие траты, ускоряющиеся цены",Калининград — Сосновоборский — Кольцово,179236.19999999987,237.3,0.97,1.4734069204844886,67.9,161.1,внутригородская территория города федерального значения муниципальный округ Тропарево-Никулино,2488
Филевский парк,Москва,865,13,"Растущие траты, ускоряющиеся цены",Калининград — Сосновоборский — Кольцово,163078.2000000001,215.9,1.06,1.4734069204844886,67.9,146.6,внутригородская территория города федерального значения муниципальный округ Филевский парк,2489
Фили-Давыдково,Москва,552,13,"Растущие траты, ускоряющиеся цены",Калининград — Сосновоборский — Кольцово,163829.5000000001,216.9,1.06,1.4734069204844886,67.9,147.3,внутригородская территория города федерального значения муниципальный округ Фили-Давыдково,2490
Крюково,Москва,476,4,Стареющие и изолированные,Екатеринбург — Пермский — Всеволожский,108061.3999999999,143.1,1.6,1.4734069204844886,67.9,97.2,внутригородская территория города федерального значения муниципальный округ Крюково,2491
Матушкино,Москва,476,4,Стареющие и изолированные,Екатеринбург — Пермский — Всеволожский,146480.90000000002,193.9,1.18,1.4734069204844886,67.9,131.7,внутригородская территория города федерального значения муниципальный округ Матушкино,2492
Силино,Москва,476,13,"Растущие траты, ускоряющиеся цены",Калининград — Сосновоборский — Кольцово,161249.90000000017,213.5,1.07,1.4734069204844886,67.9,145.0,внутригородская территория города федерального значения муниципальный округ Силино,2493
Аэропорт,Москва,865,13,"Растущие траты, ускоряющиеся цены",Калининград — Сосновоборский — Кольцово,241012.19999999995,319.1,0.72,1.4734069204844886,67.9,216.7,внутригородская территория города федерального значения муниципальный округ Аэропорт,2494
Беговой,Москва,865,13,"Растущие траты, ускоряющиеся цены",Калининград — Сосновоборский — Кольцово,192206.99999999985,254.5,0.9,1.4734069204844886,67.9,172.8,внутригородская территория города федерального значения муниципальный округ Беговой,2495
Бескудниковский,Москва,552,13,"Растущие траты, ускоряющиеся цены",Калининград — Сосновоборский — Кольцово,159783.29999999973,211.5,1.08,1.4734069204844886,67.9,143.6,внутригородская территория города федерального значения муниципальный округ Бескудниковский,2496
Войковский,Москва,552,13,"Растущие траты, ускоряющиеся цены",Калининград — Сосновоборский — Кольцово,218129.80000000016,288.8,0.79,1.4734069204844886,67.9,196.1,внутригородская территория города федерального значения муниципальный округ Войковский,2497
Восточное Дегунино,Москва,552,13,"Растущие траты, ускоряющиеся цены",Калининград — Сосновоборский — Кольцово,124828.99999999994,165.3,1.39,1.4734069204844886,67.9,112.2,внутригородская территория города федерального значения муниципальный округ Восточное Дегунино,2498
Головинский,Москва,552,13,"Растущие траты, ускоряющиеся цены",Калининград — Сосновоборский — Кольцово,151028.1000000003,200.0,1.15,1.4734069204844886,67.9,135.8,внутригородская территория города федерального значения муниципальный округ Головинский,2499
Дмитровский,Москва,476,13,"Растущие траты, ускоряющиеся цены",Калининград — Сосновоборский — Кольцово,129755.4,171.8,1.33,1.4734069204844886,67.9,116.7,внутригородская территория города федерального значения муниципальный округ Дмитровский,2500
Западное Дегунино,Москва,552,13,"Растущие траты, ускоряющиеся цены",Калининград — Сосновоборский — Кольцово,118174.99999999972,156.5,1.46,1.4734069204844886,67.9,106.3,внутригородская территория города федерального значения муниципальный округ Западное Дегунино,2501
Коптево,Москва,552,13,"Растущие траты, ускоряющиеся цены",Калининград — Сосновоборский — Кольцово,190203.9000000004,251.8,0.91,1.4734069204844886,67.9,171.0,внутригородская территория города федерального значения муниципальный округ Коптево,2502
Левобережный,Москва,552,13,"Растущие траты, ускоряющиеся цены",Калининград — Сосновоборский — Кольцово,137148.00000000006,181.6,1.26,1.4734069204844886,67.9,123.3,внутригородская территория города федерального значения муниципальный округ Левобережный,2503
Молжаниновский,Москва,476,4,Стареющие и изолированные,Екатеринбург — Пермский — Всеволожский,140431.60000000006,185.9,1.23,1.4734069204844886,67.9,126.2,внутригородская территория города федерального значения муниципальный округ Молжаниновский,2504
Савеловский,Москва,865,13,"Растущие траты, ускоряющиеся цены",Калининград — Сосновоборский — Кольцово,215132.7,284.8,0.8,1.4734069204844886,67.9,193.4,внутригородская территория города федерального значения муниципальный округ Савеловский,2505
Сокол,Москва,865,13,"Растущие траты, ускоряющиеся цены",Калининград — Сосновоборский — Кольцово,142955.50000000015,189.3,1.21,1.4734069204844886,67.9,128.5,внутригородская территория города федерального значения муниципальный округ Сокол,2506
Тимирязевский,Москва,552,13,"Растущие траты, ускоряющиеся цены",Калининград — Сосновоборский — Кольцово,216063.60000000003,286.1,0.8,1.4734069204844886,67.9,194.3,внутригородская территория города федерального значения муниципальный округ Тимирязевский,2507
Ховрино,Москва,552,13,"Растущие траты, ускоряющиеся цены",Калининград — Сосновоборский — Кольцово,106351.20000000004,140.8,1.63,1.4734069204844886,67.9,95.6,внутригородская территория города федерального значения муниципальный округ Ховрино,2508
Хорошевский,Москва,865,13,"Растущие траты, ускоряющиеся цены",Калининград — Сосновоборский — Кольцово,183231.2,242.6,0.94,1.4734069204844886,67.9,164.7,внутригородская территория города федерального значения муниципальный округ Хорошевский,2509
Алексеевский,Москва,865,13,"Растущие траты, ускоряющиеся цены",Калининград — Сосновоборский — Кольцово,150848.99999999988,199.7,1.15,1.4734069204844886,67.9,135.6,внутригородская территория города федерального значения муниципальный округ Алексеевский,2510
Алтуфьевский,Москва,552,4,Стареющие и изолированные,Екатеринбург — Пермский — Всеволожский,129178.39999999966,171.0,1.34,1.4734069204844886,67.9,116.1,внутригородская территория города федерального значения муниципальный округ Алтуфьевский,2511
Бабушкинский,Москва,552,4,Стареющие и изолированные,Екатеринбург — Пермский — Всеволожский,130245.0,172.4,1.33,1.4734069204844886,67.9,117.1,внутригородская территория города федерального значения муниципальный округ Бабушкинский,2512
Бибирево,Москва,552,13,"Растущие траты, ускоряющиеся цены",Калининград — Сосновоборский — Кольцово,100618.50000000016,133.2,1.72,1.4734069204844886,67.9,90.4,внутригородская территория города федерального значения муниципальный округ Бибирево,2513
Бутырский,Москва,552,13,"Растущие траты, ускоряющиеся цены",Калининград — Сосновоборский — Кольцово,205249.1999999997,271.7,0.84,1.4734069204844886,67.9,184.5,внутригородская территория города федерального значения муниципальный округ Бутырский,2514
Лианозово,Москва,552,13,"Растущие траты, ускоряющиеся цены",Калининград — Сосновоборский — Кольцово,133442.69999999995,176.7,1.3,1.4734069204844886,67.9,120.0,внутригородская территория города федерального значения муниципальный округ Лианозово,2515
Лосиноостровский,Москва,552,13,"Растущие траты, ускоряющиеся цены",Калининград — Сосновоборский — Кольцово,115734.2999999999,153.2,1.49,1.4734069204844886,67.9,104.0,внутригородская территория города федерального значения муниципальный округ Лосиноостровский,2516
Марфино,Москва,552,13,"Растущие траты, ускоряющиеся цены",Калининград — Сосновоборский — Кольцово,140528.5999999999,186.1,1.23,1.4734069204844886,67.9,126.4,внутригородская территория города федерального значения муниципальный округ Марфино,2517
Марьина роща,Москва,865,13,"Растущие траты, ускоряющиеся цены",Калининград — Сосновоборский — Кольцово,184505.80000000016,244.3,0.94,1.4734069204844886,67.9,165.9,внутригородская территория города федерального значения муниципальный округ Марьина роща,2518
Останкинский,Москва,865,13,"Растущие траты, ускоряющиеся цены",Калининград — Сосновоборский — Кольцово,167222.60000000003,221.4,1.03,1.4734069204844886,67.9,150.3,внутригородская территория города федерального значения муниципальный округ Останкинский,2519
Отрадное,Москва,552,13,"Растущие траты, ускоряющиеся цены",Калининград — Сосновоборский — Кольцово,131674.29999999987,174.3,1.31,1.4734069204844886,67.9,118.3,внутригородская территория города федерального значения муниципальный округ Отрадное,2520
Ростокино,Москва,865,13,"Растущие траты, ускоряющиеся цены",Калининград — Сосновоборский — Кольцово,152010.39999999997,201.3,1.14,1.4734069204844886,67.9,136.7,внутригородская территория города федерального значения муниципальный округ Ростокино,2521
Свиблово,Москва,552,13,"Растущие траты, ускоряющиеся цены",Калининград — Сосновоборский — Кольцово,139610.69999999995,184.8,1.24,1.4734069204844886,67.9,125.5,внутригородская территория города федерального значения муниципальный округ Свиблово,2522
Северное Медведково,Москва,552,13,"Растущие траты, ускоряющиеся цены",Калининград — Сосновоборский — Кольцово,121826.99999999994,161.3,1.42,1.4734069204844886,67.9,109.5,внутригородская территория города федерального значения муниципальный округ Северное Медведково,2523
Северный,Москва,476,13,"Растущие траты, ускоряющиеся цены",Калининград — Сосновоборский — Кольцово,120516.1000000001,159.6,1.44,1.4734069204844886,67.9,108.4,внутригородская территория города федерального значения муниципальный округ Северный,2524
Южное Медведково,Москва,552,4,Стареющие и изолированные,Екатеринбург — Пермский — Всеволожский,115802.80000000008,153.3,1.49,1.4734069204844886,67.9,104.1,внутригородская территория города федерального значения муниципальный округ Южное Медведково,2525
Ярославский,Москва,552,13,"Растущие траты, ускоряющиеся цены",Калининград — Сосновоборский — Кольцово,133247.70000000024,176.4,1.3,1.4734069204844886,67.9,119.8,внутригородская территория города федерального значения муниципальный округ Ярославский,2526
Куркино,Москва,865,13,"Растущие траты, ускоряющиеся цены",Калининград — Сосновоборский — Кольцово,125392.19999999968,166.0,1.38,1.4734069204844886,67.9,112.7,внутригородская территория города федерального значения муниципальный округ Куркино,2527
Митино,Москва,552,13,"Растущие траты, ускоряющиеся цены",Калининград — Сосновоборский — Кольцово,122877.49999999996,162.7,1.41,1.4734069204844886,67.9,110.5,внутригородская территория города федерального значения муниципальный округ Митино,2528
Покровское-Стрешнево,Москва,552,13,"Растущие траты, ускоряющиеся цены",Калининград — Сосновоборский — Кольцово,175675.70000000013,232.6,0.98,1.4734069204844886,67.9,157.9,внутригородская территория города федерального значения муниципальный округ Покровское-Стрешнево,2529
Северное Тушино,Москва,552,13,"Растущие траты, ускоряющиеся цены",Калининград — Сосновоборский — Кольцово,127789.39999999992,169.2,1.35,1.4734069204844886,67.9,114.9,внутригородская территория города федерального значения муниципальный округ Северное Тушино,2530
Строгино,Москва,552,13,"Растущие траты, ускоряющиеся цены",Калининград — Сосновоборский — Кольцово,137223.00000000012,181.7,1.26,1.4734069204844886,67.9,123.4,внутригородская территория города федерального значения муниципальный округ Строгино,2531
Хорошево-Мневники,Москва,865,13,"Растущие траты, ускоряющиеся цены",Калининград — Сосновоборский — Кольцово,144182.2000000002,190.9,1.2,1.4734069204844886,67.9,129.6,внутригородская территория города федерального значения муниципальный округ Хорошево-Мневники,2532
Щукино,Москва,865,13,"Растущие траты, ускоряющиеся цены",Калининград — Сосновоборский — Кольцово,166965.10000000003,221.1,1.04,1.4734069204844886,67.9,150.1,внутригородская территория города федерального значения муниципальный округ Щукино,2533
Южное Тушино,Москва,552,13,"Растущие траты, ускоряющиеся цены",Калининград — Сосновоборский — Кольцово,153504.89999999985,203.2,1.13,1.4734069204844886,67.9,138.0,внутригородская территория города федерального значения муниципальный округ Южное Тушино,2534
Арбат,Москва,865,13,"Растущие траты, ускоряющиеся цены",Калининград — Сосновоборский — Кольцово,247231.29999999976,327.3,0.7,1.4734069204844886,67.9,222.2,внутригородская территория города федерального значения муниципальный округ Арбат,2535
Басманный,Москва,865,13,"Растущие траты, ускоряющиеся цены",Калининград — Сосновоборский — Кольцово,187752.5,248.6,0.92,1.4734069204844886,67.9,168.8,внутригородская территория города федерального значения муниципальный округ Басманный,2536
Замоскворечье,Москва,865,13,"Растущие траты, ускоряющиеся цены",Калининград — Сосновоборский — Кольцово,224018.5000000001,296.6,0.77,1.4734069204844886,67.9,201.4,внутригородская территория города федерального значения муниципальный округ Замоскворечье,2537
Савелки,Москва,552,13,"Растущие траты, ускоряющиеся цены",Калининград — Сосновоборский — Кольцово,138589.7999999999,183.5,1.25,1.4734069204844886,67.9,124.6,внутригородская территория города федерального значения муниципальное образование Савелки,2538
Красносельский,Москва,865,13,"Растущие траты, ускоряющиеся цены",Калининград — Сосновоборский — Кольцово,59704.29999999997,79.0,2.9,1.4734069204844886,67.9,53.6,внутригородская территория города федерального значения муниципальный округ Красносельский,2539
Мещанский,Москва,865,13,"Растущие траты, ускоряющиеся цены",Калининград — Сосновоборский — Кольцово,191847.59999999992,254.0,0.9,1.4734069204844886,67.9,172.5,внутригородская территория города федерального значения муниципальный округ Мещанский,2540
Пресненский,Москва,865,13,"Растущие траты, ускоряющиеся цены",Калининград — Сосновоборский — Кольцово,257910.0999999996,341.5,0.67,1.4734069204844886,67.9,231.9,внутригородская территория города федерального значения муниципальный округ Пресненский,2541
Таганский,Москва,865,13,"Растущие траты, ускоряющиеся цены",Калининград — Сосновоборский — Кольцово,207264.0000000001,274.4,0.83,1.4734069204844886,67.9,186.3,внутригородская территория города федерального значения муниципальный округ Таганский,2542
Тверской,Москва,865,13,"Растущие траты, ускоряющиеся цены",Калининград — Сосновоборский — Кольцово,231223.2000000002,306.1,0.75,1.4734069204844886,67.9,207.8,внутригородская территория города федерального значения муниципальный округ Тверской,2543
Хамовники,Москва,865,13,"Растущие траты, ускоряющиеся цены",Калининград — Сосновоборский — Кольцово,214306.39999999988,283.7,0.81,1.4734069204844886,67.9,192.6,внутригородская территория города федерального значения муниципальный округ Хамовники,2544
Якиманка,Москва,865,13,"Растущие траты, ускоряющиеся цены",Калининград — Сосновоборский — Кольцово,289698.4000000007,383.5,0.6,1.4734069204844886,67.9,260.4,внутригородская территория города федерального значения муниципальный округ Якиманка,2545
Выхино-Жулебино,Москва,552,13,"Растущие траты, ускоряющиеся цены",Калининград — Сосновоборский — Кольцово,136813.5000000001,181.1,1.26,1.4734069204844886,67.9,123.0,внутригородская территория города федерального значения муниципальный округ Выхино-Жулебино,2546
Капотня,Москва,476,13,"Растущие траты, ускоряющиеся цены",Калининград — Сосновоборский — Кольцово,167969.8999999999,222.4,1.03,1.4734069204844886,67.9,151.0,внутригородская территория города федерального значения муниципальный округ Капотня,2547
Кузьминки,Москва,552,13,"Растущие траты, ускоряющиеся цены",Калининград — Сосновоборский — Кольцово,115360.60000000006,152.7,1.5,1.4734069204844886,67.9,103.7,внутригородская территория города федерального значения муниципальный округ Кузьминки,2548
Лефортово,Москва,552,13,"Растущие траты, ускоряющиеся цены",Калининград — Сосновоборский — Кольцово,161314.49999999997,213.6,1.07,1.4734069204844886,67.9,145.0,внутригородская территория города федерального значения муниципальный округ Лефортово,2549
Люблино,Москва,552,4,Стареющие и изолированные,Екатеринбург — Пермский — Всеволожский,103011.10000000002,136.4,1.68,1.4734069204844886,67.9,92.6,внутригородская территория города федерального значения муниципальный округ Люблино,2550
Марьино,Москва,552,13,"Растущие траты, ускоряющиеся цены",Калининград — Сосновоборский — Кольцово,113051.69999999976,149.7,1.53,1.4734069204844886,67.9,101.6,внутригородская территория города федерального значения муниципальный округ Марьино,2551
Некрасовка,Москва,476,4,Стареющие и изолированные,Екатеринбург — Пермский — Всеволожский,161474.2000000004,213.8,1.07,1.4734069204844886,67.9,145.2,внутригородская территория города федерального значения муниципальный округ Некрасовка,2552
Нижегородский,Москва,552,4,Стареющие и изолированные,Екатеринбург — Пермский — Всеволожский,234124.79999999944,310.0,0.74,1.4734069204844886,67.9,210.5,внутригородская территория города федерального значения муниципальный округ Нижегородский,2553
Печатники,Москва,552,13,"Растущие траты, ускоряющиеся цены",Калининград — Сосновоборский — Кольцово,153895.29999999996,203.8,1.12,1.4734069204844886,67.9,138.4,внутригородская территория города федерального значения муниципальный округ Печатники,2554
Рязанский,Москва,552,13,"Растущие траты, ускоряющиеся цены",Калининград — Сосновоборский — Кольцово,120679.80000000006,159.8,1.43,1.4734069204844886,67.9,108.5,внутригородская территория города федерального значения муниципальный округ Рязанский,2555
Текстильщики,Москва,552,13,"Растущие траты, ускоряющиеся цены",Калининград — Сосновоборский — Кольцово,156975.89999999985,207.8,1.1,1.4734069204844886,67.9,141.1,внутригородская территория города федерального значения муниципальный округ Текстильщики,2556
Южнопортовый,Москва,552,13,"Растущие траты, ускоряющиеся цены",Калининград — Сосновоборский — Кольцово,172425.99999999997,228.3,1.0,1.4734069204844886,67.9,155.0,внутригородская территория города федерального значения муниципальный округ Южнопортовый,2557
Академический,Москва,865,13,"Растущие траты, ускоряющиеся цены",Калининград — Сосновоборский — Кольцово,341422.7000000003,452.0,0.51,1.4734069204844886,67.9,306.9,внутригородская территория города федерального значения муниципальный округ Академический,2558
Гагаринский,Москва,865,13,"Растущие траты, ускоряющиеся цены",Калининград — Сосновоборский — Кольцово,204188.1000000005,270.3,0.85,1.4734069204844886,67.9,183.5,внутригородская территория города федерального значения муниципальный округ Гагаринский,2559
Зюзино,Москва,552,13,"Растущие траты, ускоряющиеся цены",Калининград — Сосновоборский — Кольцово,126194.1999999998,167.1,1.37,1.4734069204844886,67.9,113.5,внутригородская территория города федерального значения муниципальный округ Зюзино,2560
Коньково,Москва,552,13,"Растущие траты, ускоряющиеся цены",Калининград — Сосновоборский — Кольцово,164088.80000000022,217.2,1.05,1.4734069204844886,67.9,147.5,внутригородская территория города федерального значения муниципальный округ Коньково,2561
Котловка,Москва,552,13,"Растущие траты, ускоряющиеся цены",Калининград — Сосновоборский — Кольцово,159641.60000000012,211.4,1.08,1.4734069204844886,67.9,143.5,внутригородская территория города федерального значения муниципальный округ Котловка,2562
Ломоносовский,Москва,865,13,"Растущие траты, ускоряющиеся цены",Калининград — Сосновоборский — Кольцово,164648.3000000002,218.0,1.05,1.4734069204844886,67.9,148.0,внутригородская территория города федерального значения муниципальный округ Ломоносовский,2563
Обручевский,Москва,865,13,"Растущие траты, ускоряющиеся цены",Калининград — Сосновоборский — Кольцово,164188.69999999972,217.4,1.05,1.4734069204844886,67.9,147.6,внутригородская территория города федерального значения муниципальный округ Обручевский,2564
Северное Бутово,Москва,552,13,"Растущие траты, ускоряющиеся цены",Калининград — Сосновоборский — Кольцово,140130.19999999992,185.5,1.23,1.4734069204844886,67.9,126.0,внутригородская территория города федерального значения муниципальный округ Северное Бутово,2565
Теплый Стан,Москва,552,13,"Растущие траты, ускоряющиеся цены",Калининград — Сосновоборский — Кольцово,121234.80000000008,160.5,1.43,1.4734069204844886,67.9,109.0,внутригородская территория города федерального значения муниципальный округ Теплый Стан,2566
Черемушки,Москва,865,13,"Растущие траты, ускоряющиеся цены",Калининград — Сосновоборский — Кольцово,235335.8,311.6,0.74,1.4734069204844886,67.9,211.6,внутригородская территория города федерального значения муниципальный округ Черемушки,2567
Южное Бутово,Москва,476,13,"Растущие траты, ускоряющиеся цены",Калининград — Сосновоборский — Кольцово,116897.00000000026,154.8,1.48,1.4734069204844886,67.9,105.1,внутригородская территория города федерального значения муниципальный округ Южное Бутово,2568
Ясенево,Москва,552,13,"Растущие траты, ускоряющиеся цены",Калининград — Сосновоборский — Кольцово,148214.89999999988,196.2,1.17,1.4734069204844886,67.9,133.2,внутригородская территория города федерального значения муниципальный округ Ясенево,2569
Бирюлево Восточное,Москва,552,13,"Растущие траты, ускоряющиеся цены",Калининград — Сосновоборский — Кольцово,122128.99999999993,161.7,1.42,1.4734069204844886,67.9,109.8,внутригородская территория города федерального значения муниципальный округ Бирюлево Восточное,2570
Бирюлево Западное,Москва,476,4,Стареющие и изолированные,Екатеринбург — Пермский — Всеволожский,126319.50000000016,167.2,1.37,1.4734069204844886,67.9,113.5,внутригородская территория города федерального значения муниципальный округ Бирюлево Западное,2571
Братеево,Москва,552,13,"Растущие траты, ускоряющиеся цены",Калининград — Сосновоборский — Кольцово,108766.10000000003,144.0,1.59,1.4734069204844886,67.9,97.8,внутригородская территория города федерального значения муниципальный округ Братеево,2572
Даниловский,Москва,865,13,"Растущие траты, ускоряющиеся цены",Калининград — Сосновоборский — Кольцово,209472.4,277.3,0.83,1.4734069204844886,67.9,188.3,внутригородская территория города федерального значения муниципальный округ Даниловский,2573
Донской,Москва,865,13,"Растущие траты, ускоряющиеся цены",Калининград — Сосновоборский — Кольцово,190541.9000000005,252.3,0.91,1.4734069204844886,67.9,171.3,внутригородская территория города федерального значения муниципальный округ Донской,2574
Зябликово,Москва,552,13,"Растущие траты, ускоряющиеся цены",Калининград — Сосновоборский — Кольцово,167071.20000000013,221.2,1.04,1.4734069204844886,67.9,150.2,внутригородская территория города федерального значения муниципальный округ Зябликово,2575
Москворечье-Сабурово,Москва,552,13,"Растущие траты, ускоряющиеся цены",Калининград — Сосновоборский — Кольцово,138021.49999999988,182.7,1.25,1.4734069204844886,67.9,124.1,внутригородская территория города федерального значения муниципальный округ Москворечье-Сабурово,2576
Нагатино-Садовники,Москва,552,13,"Растущие траты, ускоряющиеся цены",Калининград — Сосновоборский — Кольцово,159567.89999999988,211.3,1.08,1.4734069204844886,67.9,143.5,внутригородская территория города федерального значения муниципальный округ Нагатино-Садовники,2577
Нагатинский затон,Москва,552,13,"Растущие траты, ускоряющиеся цены",Калининград — Сосновоборский — Кольцово,130753.7,173.1,1.32,1.4734069204844886,67.9,117.5,внутригородская территория города федерального значения муниципальный округ Нагатинский затон,2578
Нагорный,Москва,552,13,"Растущие траты, ускоряющиеся цены",Калининград — Сосновоборский — Кольцово,219575.6000000001,290.7,0.79,1.4734069204844886,67.9,197.4,внутригородская территория города федерального значения муниципальный округ Нагорный,2579
Орехово-Борисово Северное,Москва,552,13,"Растущие траты, ускоряющиеся цены",Калининград — Сосновоборский — Кольцово,118742.4999999999,157.2,1.46,1.4734069204844886,67.9,106.7,внутригородская территория города федерального значения муниципальный округ Орехово-Борисово Северное,2580
Орехово-Борисово Южное,Москва,552,13,"Растущие траты, ускоряющиеся цены",Калининград — Сосновоборский — Кольцово,122290.2999999999,161.9,1.41,1.4734069204844886,67.9,109.9,внутригородская территория города федерального значения муниципальный округ Орехово-Борисово Южное,2581
Царицыно,Москва,552,13,"Растущие траты, ускоряющиеся цены",Калининград — Сосновоборский — Кольцово,125095.89999999997,165.6,1.38,1.4734069204844886,67.9,112.4,внутригородская территория города федерального значения муниципальный округ Царицыно,2582
Чертаново Северное,Москва,552,13,"Растущие траты, ускоряющиеся цены",Калининград — Сосновоборский — Кольцово,164137.50000000015,217.3,1.05,1.4734069204844886,67.9,147.5,внутригородская территория города федерального значения муниципальный округ Чертаново Северное,2583
Чертаново Центральное,Москва,552,13,"Растущие траты, ускоряющиеся цены",Калининград — Сосновоборский — Кольцово,125365.5000000001,166.0,1.38,1.4734069204844886,67.9,112.7,внутригородская территория города федерального значения муниципальный округ Чертаново Центральное,2584
Чертаново Южное,Москва,552,13,"Растущие траты, ускоряющиеся цены",Калининград — Сосновоборский — Кольцово,152138.09999999998,201.4,1.14,1.4734069204844886,67.9,136.8,внутригородская территория города федерального значения муниципальный округ Чертаново Южное,2585
Старое Крюково,Москва,476,4,Стареющие и изолированные,Екатеринбург — Пермский — Всеволожский,160068.59999999998,211.9,1.08,1.4734069204844886,67.9,143.9,внутригородская территория города федерального значения муниципальный округ Старое Крюково,2586
Троицк,Москва,476,13,"Растущие траты, ускоряющиеся цены",Калининград — Сосновоборский — Кольцово,125638.0000000001,166.3,1.38,1.4734069204844886,67.9,112.9,внутригородская территория города федерального значения городской округ Троицк,2587
Щербинка,Москва,476,13,"Растущие траты, ускоряющиеся цены",Калининград — Сосновоборский — Кольцово,141844.70000000007,187.8,1.22,1.4734069204844886,67.9,127.5,внутригородская территория города федерального значения городской округ Щербинка,2588
Внуковское,Москва,865,13,"Растущие траты, ускоряющиеся цены",Калининград — Сосновоборский — Кольцово,135885.99999999965,179.9,1.27,1.4734069204844886,67.9,122.2,внутригородская территория города федерального значения поселение Внуковское,2589
Воскресенское,Москва,476,13,"Растущие траты, ускоряющиеся цены",Калининград — Сосновоборский — Кольцово,110214.39999999998,145.9,1.57,1.4734069204844886,67.9,99.1,внутригородская территория города федерального значения поселение Воскресенское,2590
Вороновское,Москва,476,4,Стареющие и изолированные,Екатеринбург — Пермский — Всеволожский,119989.99999999996,158.9,1.44,1.4734069204844886,67.9,107.9,внутригородская территория города федерального значения поселение Вороновское,2591
Десеновское,Москва,476,4,Стареющие и изолированные,Екатеринбург — Пермский — Всеволожский,111816.1,148.0,1.55,1.4734069204844886,67.9,100.5,внутригородская территория города федерального значения поселение Десеновское,2592
Киевский,Москва,476,4,Стареющие и изолированные,Екатеринбург — Пермский — Всеволожский,109628.79999999996,145.1,1.58,1.4734069204844886,67.9,98.5,внутригородская территория города федерального значения поселение Киевский,2593
Кленовское,Москва,476,1,Маркетплейс-провинция,Грязинский — Кинешма — Киреевский,93209.00000000004,123.4,1.86,1.4734069204844886,67.9,83.8,внутригородская территория города федерального значения поселение Кленовское,2594
Кокошкино,Москва,476,4,Стареющие и изолированные,Екатеринбург — Пермский — Всеволожский,185658.8999999996,245.8,0.93,1.4734069204844886,67.9,166.9,внутригородская территория города федерального значения поселение Кокошкино,2595
Краснопахорское,Москва,476,4,Стареющие и изолированные,Екатеринбург — Пермский — Всеволожский,121098.39999999994,160.3,1.43,1.4734069204844886,67.9,108.8,внутригородская территория города федерального значения поселение Краснопахорское,2596
Марушкинское,Москва,476,4,Стареющие и изолированные,Екатеринбург — Пермский — Всеволожский,116707.59999999987,154.5,1.48,1.4734069204844886,67.9,104.9,внутригородская территория города федерального значения поселение Марушкинское,2597
Михайлово-Ярцевское,Москва,476,1,Маркетплейс-провинция,Грязинский — Кинешма — Киреевский,107179.70000000011,141.9,1.61,1.4734069204844886,67.9,96.4,внутригородская территория города федерального значения поселение Михайлово-Ярцевское,2598
Московский,Москва,865,13,"Растущие траты, ускоряющиеся цены",Калининград — Сосновоборский — Кольцово,240641.4000000001,318.6,0.72,1.4734069204844886,67.9,216.3,внутригородская территория города федерального значения поселение Московский,2599
Мосрентген,Москва,552,13,"Растущие траты, ускоряющиеся цены",Калининград — Сосновоборский — Кольцово,134899.1,178.6,1.28,1.4734069204844886,67.9,121.3,"внутригородская территория города федерального значения поселение Мосрентген""""",2600
Новофедоровское,Москва,476,4,Стареющие и изолированные,Екатеринбург — Пермский — Всеволожский,104248.89999999976,138.0,1.66,1.4734069204844886,67.9,93.7,внутригородская территория города федерального значения поселение Новофедоровское,2601
Первомайское,Москва,476,4,Стареющие и изолированные,Екатеринбург — Пермский — Всеволожский,90102.00000000004,119.3,1.92,1.4734069204844886,67.9,81.0,внутригородская территория города федерального значения поселение Первомайское,2602
Роговское,Москва,476,4,Стареющие и изолированные,Екатеринбург — Пермский — Всеволожский,182569.0000000001,241.7,0.95,1.4734069204844886,67.9,164.1,внутригородская территория города федерального значения поселение Роговское,2603
Рязановское,Москва,476,4,Стареющие и изолированные,Екатеринбург — Пермский — Всеволожский,175654.29999999987,232.6,0.98,1.4734069204844886,67.9,157.9,внутригородская территория города федерального значения поселение Рязановское,2604
Сосенское,Москва,865,13,"Растущие траты, ускоряющиеся цены",Калининград — Сосновоборский — Кольцово,161868.39999999994,214.3,1.07,1.4734069204844886,67.9,145.5,внутригородская территория города федерального значения поселение Сосенское,2605
Филимонковское,Москва,476,4,Стареющие и изолированные,Екатеринбург — Пермский — Всеволожский,105347.30000000002,139.5,1.64,1.4734069204844886,67.9,94.7,внутригородская территория города федерального значения поселение Филимонковское,2606
Щаповское,Москва,476,4,Стареющие и изолированные,Екатеринбург — Пермский — Всеволожский,100707.2999999999,133.3,1.72,1.4734069204844886,67.9,90.5,внутригородская территория города федерального значения поселение Щаповское,2607
Мантуровский,Костромская область,866,11,Стареющие с низкими зарплатами,Ростовский — Шарья — Шахунья,50475.000000000015,66.8,3.43,0.904707548957012,110.5,73.8,Мантуровский муниципальный округ,2618
Переславль-Залесский,Ярославская область,867,2,Быстрый рост трат,Новосибирск — Казань — Нижний Новгород,65925.49999999984,87.3,2.62,0.9338839499116536,107.1,93.5,городской округ город Переславль-Залесский,2619
Соликамский,Пермский край,868,2,Быстрый рост трат,Новосибирск — Казань — Нижний Новгород,72739.30000000005,96.3,2.38,0.9856693057305236,101.5,97.7,городской округ Соликамский,2620
Березники,Пермский край,868,2,Быстрый рост трат,Новосибирск — Казань — Нижний Новгород,89172.49999999991,118.1,1.94,0.9856693057305236,101.5,119.9,городской округ город Березники,2621
Серпухов,Московская область,475,4,Стареющие и изолированные,Екатеринбург — Пермский — Всеволожский,95253.00000000007,126.1,1.82,1.118778946692356,89.4,112.7,городской округ Серпухов,2644
Обнинск,Калужская область,476,4,Стареющие и изолированные,Екатеринбург — Пермский — Всеволожский,93271.9000000002,123.5,1.85,0.9890478408995036,101.1,124.9,городской округ город Обнинск,2646
Боровский,Калужская область,476,4,Стареющие и изолированные,Екатеринбург — Пермский — Всеволожский,98046.0,129.8,1.76,0.9890478408995036,101.1,131.2,Боровский муниципальный район,2647
Лосино-Петровский,Московская область,476,4,Стареющие и изолированные,Екатеринбург — Пермский — Всеволожский,78580.10000000012,104.0,2.2,1.118778946692356,89.4,93.0,городской округ Лосино-Петровский,2648
Щёлково,Московская область,476,4,Стареющие и изолированные,Екатеринбург — Пермский — Всеволожский,99529.79999999994,131.8,1.74,1.118778946692356,89.4,117.8,городской округ Щёлково,2649
Одинцовский,Московская область,476,13,"Растущие траты, ускоряющиеся цены",Калининград — Сосновоборский — Кольцово,127207.49999999996,168.4,1.36,1.118778946692356,89.4,150.5,городской округ Одинцовский,2651
Орехово-Зуевский,Московская область,476,4,Стареющие и изолированные,Екатеринбург — Пермский — Всеволожский,84913.10000000006,112.4,2.04,1.118778946692356,89.4,100.5,городской округ Орехово-Зуевский,2652
Вышневолоцкий,Тверская область,771,2,Быстрый рост трат,Новосибирск — Казань — Нижний Новгород,52418.09999999999,69.4,3.3,0.9176097153306296,109.0,75.6,городской округ Вышневолоцкий,2710
Коломна,Московская область,553,4,Стареющие и изолированные,Екатеринбург — Пермский — Всеволожский,88234.99999999996,116.8,1.96,1.118778946692356,89.4,104.4,городской округ Коломна,2808
Кунгурский,Пермский край,301,2,Быстрый рост трат,Новосибирск — Казань — Нижний Новгород,57065.09999999988,75.6,3.03,0.9856693057305236,101.5,76.7,муниципальный округ Кунгурский,2809
Шатура,Московская область,553,4,Стареющие и изолированные,Екатеринбург — Пермский — Всеволожский,72601.89999999998,96.1,2.38,1.118778946692356,89.4,85.9,городской округ Шатура,2813
Пушкинский,Московская область,476,4,Стареющие и изолированные,Екатеринбург — Пермский — Всеволожский,88257.10000000018,116.8,1.96,1.118778946692356,89.4,104.4,городской округ Пушкинский,2814
Приуральский,Ямало-Ненецкий автономный округ,869,9,Середнячки со скромными расходами,Апатиты — Мончегорск — Кандалакшский,129786.19999999995,171.8,1.33,1.1736798202955998,85.2,146.4,муниципальный округ Приуральский район,2872
Кисловодск,Ставропольский край,70,0,Северный Кавказ,Махачкала — Саранск — Владикавказ,63656.49999999997,84.3,2.72,0.9850615242848988,101.5,85.6,городской округ город-курорт Кисловодск,2876
Губкинский,Ямало-Ненецкий автономный округ,870,12,Добывающий север с высокими зарплатами,Сургут — Нижневартовск — Норильск,157226.89999999985,208.2,1.1,1.1736798202955998,85.2,177.4,городской округ город Губкинский,2879
Лабытнанги,Ямало-Ненецкий автономный округ,824,12,Добывающий север с высокими зарплатами,Сургут — Нижневартовск — Норильск,124659.1999999999,165.0,1.39,1.1736798202955998,85.2,140.6,городской округ город Лабытнанги,2880
Предгорный,Ставропольский край,70,0,Северный Кавказ,Махачкала — Саранск — Владикавказ,54992.4,72.8,3.15,0.9850615242848988,101.5,73.9,Предгорный муниципальный округ,2881
Пуровский,Ямало-Ненецкий автономный округ,871,12,Добывающий север с высокими зарплатами,Сургут — Нижневартовск — Норильск,176767.40000000002,234.0,0.98,1.1736798202955998,85.2,199.4,муниципальный округ Пуровский район,2882
Кимрский,Тверская область,476,2,Быстрый рост трат,Новосибирск — Казань — Нижний Новгород,57498.700000000026,76.1,3.01,0.9176097153306296,109.0,82.9,муниципальный округ Кимрский,2883
Ржевский,Тверская область,750,2,Быстрый рост трат,Новосибирск — Казань — Нижний Новгород,60619.39999999989,80.3,2.85,0.9176097153306296,109.0,87.5,муниципальный округ Ржевский,2884
Кудымкарский,Пермский край,313,2,Быстрый рост трат,Новосибирск — Казань — Нижний Новгород,51081.40000000001,67.6,3.39,0.9856693057305236,101.5,68.6,муниципальный округ Кудымкарский,2885
Губахинский,Пермский край,299,9,Середнячки со скромными расходами,Апатиты — Мончегорск — Кандалакшский,69339.00000000015,91.8,2.49,0.9856693057305236,101.5,93.2,муниципальный округ Губахинский,2886
Саратов,Саратовская область,708,4,Стареющие и изолированные,Екатеринбург — Пермский — Всеволожский,59704.29999999997,79.0,2.9,0.8717240340498997,114.7,90.6,городской округ город Саратов,2887
Арзамас,Нижегородская область,119,2,Быстрый рост трат,Новосибирск — Казань — Нижний Новгород,69529.99999999996,92.1,2.49,0.9552171279028246,104.7,96.4,городской округ город Арзамас,3005
Прокопьевский,Кемеровская область,481,1,Маркетплейс-провинция,Грязинский — Кинешма — Киреевский,81198.20000000007,107.5,2.13,0.8930850186635994,112.0,120.4,Прокопьевский муниципальный округ,3007
Химки,Московская область,552,13,"Растущие траты, ускоряющиеся цены",Калининград — Сосновоборский — Кольцово,100715.6,133.3,1.72,1.118778946692356,89.4,119.2,городской округ Химки,3008
Тамбов,Тамбовская область,690,4,Стареющие и изолированные,Екатеринбург — Пермский — Всеволожский,132723.9999999999,175.7,1.3,0.9071414508158304,110.2,193.6,городской округ город Тамбов,3009
Тамбовский,Тамбовская область,872,7,Дальневосточная периферия,Омский — Азнакаевский — Нурлатский,60551.29999999994,80.2,2.86,0.9071414508158304,110.2,88.4,Тамбовский муниципальный округ,3010
Златоустовский,Челябинская область,839,2,Быстрый рост трат,Новосибирск — Казань — Нижний Новгород,66626.89999999995,88.2,2.6,0.8891657268123262,112.5,99.2,городской округ Златоустовский,3011
Кусинский,Челябинская область,839,6,"Отрезанные, но высокооплачиваемые",Ишим — Кирово-Чепецк — Ашинский,58394.39999999998,77.3,2.96,0.8891657268123262,112.5,87.0,Кусинский муниципальный район,3012
Солнечногорск,Московская область,476,4,Стареющие и изолированные,Екатеринбург — Пермский — Всеволожский,47588.8,63.0,3.64,1.118778946692356,89.4,56.3,городской округ Солнечногорск,3013
Павлово-Посадский,Московская область,476,12,Добывающий север с высокими зарплатами,Сургут — Нижневартовск — Норильск,102601.20000000006,135.8,1.69,1.118778946692356,89.4,121.4,городской округ Павлово-Посадский,3014
Сасовский,Рязанская область,542,1,Маркетплейс-провинция,Грязинский — Кинешма — Киреевский,53621.59999999998,71.0,3.23,0.9348147760451844,107.0,76.0,Сасовский муниципальный округ,3101
