cluster,cluster_name,core_rank,territory_id,mo_name,activity_rub_month,activity_fmt
0,Майкоп — Майкопский — Кошехабльский,1,1,городской округ город Майкоп,4732278540.0,4.7 млрд ₽/мес
0,Майкоп — Майкопский — Кошехабльский,2,6,Майкопский муниципальный район,1583192028.0,1.6 млрд ₽/мес
0,Майкоп — Майкопский — Кошехабльский,3,4,Кошехабльский муниципальный район,726079412.0,0.7 млрд ₽/мес
1,Тахтамукайский — Теучежский — Адыгейск,1,7,Тахтамукайский муниципальный район,5181964392.0,5.2 млрд ₽/мес
1,Тахтамукайский — Теучежский — Адыгейск,2,8,Теучежский муниципальный район,707600880.0,0.7 млрд ₽/мес
1,Тахтамукайский — Теучежский — Адыгейск,3,2,городской округ город Адыгейск,338888379.0,0.3 млрд ₽/мес
2,Красногвардейский,1,5,Красногвардейский муниципальный район,717580010.0,0.7 млрд ₽/мес
3,Горно-Алтайск — Майминский,1,10,городской округ город Горно-Алтайск,2083608400.0,2.1 млрд ₽/мес
3,Горно-Алтайск — Майминский,2,12,Майминский муниципальный район,1071394007.0,1.1 млрд ₽/мес
4,Кош-Агачский,1,11,Кош-Агачский муниципальный район,502665520.0,0.5 млрд ₽/мес
5,Онгудайский,1,13,Онгудайский муниципальный район,346445550.0,0.3 млрд ₽/мес
6,Турочакский,1,14,Турочакский муниципальный район,293499654.0,0.3 млрд ₽/мес
7,Улаганский,1,15,Улаганский муниципальный район,347714456.0,0.3 млрд ₽/мес
8,Усть-Канский,1,16,Усть-Канский муниципальный район,326022236.0,0.3 млрд ₽/мес
9,Усть-Коксинский,1,17,Усть-Коксинский муниципальный район,420585868.0,0.4 млрд ₽/мес
10,Чемальский,1,18,Чемальский муниципальный район,318071853.0,0.3 млрд ₽/мес
11,Чойский,1,19,Чойский муниципальный район,167645304.0,0.2 млрд ₽/мес
12,Шебалинский,1,20,Шебалинский муниципальный район,284618430.0,0.3 млрд ₽/мес
13,Уфа — Уфимский — Иглинский,1,21,городской округ город Уфа,42891440245.0,42.9 млрд ₽/мес
13,Уфа — Уфимский — Иглинский,2,76,Уфимский муниципальный район,3948283750.0,3.9 млрд ₽/мес
13,Уфа — Уфимский — Иглинский,3,55,Иглинский муниципальный район,2018927204.0,2.0 млрд ₽/мес
14,Ижевск — Нефтекамск — Сарапул,1,418,городской округ город Ижевск,21563106048.0,21.6 млрд ₽/мес
14,Ижевск — Нефтекамск — Сарапул,2,25,городской округ город Нефтекамск,4577105092.0,4.6 млрд ₽/мес
14,Ижевск — Нефтекамск — Сарапул,3,422,городской округ город Сарапул,2820553470.0,2.8 млрд ₽/мес
15,Стерлитамак — Салават — Ишимбайский,1,29,городской округ город Стерлитамак,8948976288.0,8.9 млрд ₽/мес
15,Стерлитамак — Салават — Ишимбайский,2,27,городской округ город Салават,4578908691.0,4.6 млрд ₽/мес
15,Стерлитамак — Салават — Ишимбайский,3,57,Ишимбайский муниципальный район,2602742344.0,2.6 млрд ₽/мес
16,Альметьевский — Туймазинский — Октябрьский,1,362,Альметьевский муниципальный район,6948598839.0,6.9 млрд ₽/мес
16,Альметьевский — Туймазинский — Октябрьский,2,75,Туймазинский муниципальный район,3810344018.0,3.8 млрд ₽/мес
16,Альметьевский — Туймазинский — Октябрьский,3,26,городской округ город Октябрьский,3681421740.0,3.7 млрд ₽/мес
17,Сибай — Баймакский — Кизильский,1,28,городской округ город Сибай,1658862720.0,1.7 млрд ₽/мес
17,Сибай — Баймакский — Кизильский,2,35,Баймакский муниципальный район,1151175642.0,1.2 млрд ₽/мес
17,Сибай — Баймакский — Кизильский,3,2302,Кизильский муниципальный район,382108148.0,0.4 млрд ₽/мес
18,Магнитогорский — Абзелиловский — Агаповский,1,2281,городской округ Магнитогорский,13322882855.0,13.3 млрд ₽/мес
18,Магнитогорский — Абзелиловский — Агаповский,2,30,Абзелиловский муниципальный район,820414899.0,0.8 млрд ₽/мес
18,Магнитогорский — Абзелиловский — Агаповский,3,2291,Агаповский муниципальный район,677843262.0,0.7 млрд ₽/мес
19,Чишминский — Давлекановский — Альшеевский,1,81,Чишминский муниципальный район,1370586856.0,1.4 млрд ₽/мес
19,Чишминский — Давлекановский — Альшеевский,2,49,Давлекановский муниципальный район,854164605.0,0.9 млрд ₽/мес
19,Чишминский — Давлекановский — Альшеевский,3,31,Альшеевский муниципальный район,735417520.0,0.7 млрд ₽/мес
20,Кармаскалинский — Архангельский,1,60,Кармаскалинский муниципальный район,1136094100.0,1.1 млрд ₽/мес
20,Кармаскалинский — Архангельский,2,32,Архангельский муниципальный район,364106408.0,0.4 млрд ₽/мес
21,Аскинский,1,33,Аскинский муниципальный район,347192994.0,0.3 млрд ₽/мес
22,Бакалинский,1,36,Бакалинский муниципальный район,511098174.0,0.5 млрд ₽/мес
23,Чернушинский — Куединский — Татышлинский,1,766,городской округ Чернушинский,1461418392.0,1.5 млрд ₽/мес
23,Чернушинский — Куединский — Татышлинский,2,749,муниципальный округ Куединский,536914804.0,0.5 млрд ₽/мес
23,Чернушинский — Куединский — Татышлинский,3,74,Татышлинский муниципальный район,433163013.0,0.4 млрд ₽/мес
24,Белебеевский — Абдулинский — Ермекеевский,1,38,Белебеевский муниципальный район,2792638134.0,2.8 млрд ₽/мес
24,Белебеевский — Абдулинский — Ермекеевский,2,1666,городской округ Абдулинский,504608742.0,0.5 млрд ₽/мес
24,Белебеевский — Абдулинский — Ермекеевский,3,52,Ермекеевский муниципальный район,282767551.0,0.3 млрд ₽/мес
25,Белокатайский — Кигинский,1,39,Белокатайский муниципальный район,398653288.0,0.4 млрд ₽/мес
25,Белокатайский — Кигинский,2,61,Кигинский муниципальный район,355111826.0,0.4 млрд ₽/мес
26,Белорецкий,1,40,Белорецкий муниципальный район,2762562075.0,2.8 млрд ₽/мес
27,Миякинский — Бижбулякский — Шарлыкский,1,69,Миякинский муниципальный район,463589966.0,0.5 млрд ₽/мес
27,Миякинский — Бижбулякский — Шарлыкский,2,41,Бижбулякский муниципальный район,437247370.0,0.4 млрд ₽/мес
27,Миякинский — Бижбулякский — Шарлыкский,3,1706,Шарлыкский муниципальный район,287459105.0,0.3 млрд ₽/мес
28,Бирский — Мишкинский,1,42,Бирский муниципальный район,1715236200.0,1.7 млрд ₽/мес
28,Бирский — Мишкинский,2,68,Мишкинский муниципальный район,400460996.0,0.4 млрд ₽/мес
29,Буздякский,1,45,Буздякский муниципальный район,539412720.0,0.5 млрд ₽/мес
30,Бурзянский,1,47,Бурзянский муниципальный район,337910166.0,0.3 млрд ₽/мес
31,Гафурийский,1,48,Гафурийский муниципальный район,609366475.0,0.6 млрд ₽/мес
32,Дуванский — Катав-Ивановский — Усть-Катавский,1,50,Дуванский муниципальный район,737354250.0,0.7 млрд ₽/мес
32,Дуванский — Катав-Ивановский — Усть-Катавский,2,2301,Катав-Ивановский муниципальный район,657569094.0,0.7 млрд ₽/мес
32,Дуванский — Катав-Ивановский — Усть-Катавский,3,2287,городской округ Усть-Катавский,621311336.0,0.6 млрд ₽/мес
33,Дюртюлинский — Илишевский — Чекмагушевский,1,51,Дюртюлинский муниципальный район,1572267672.0,1.6 млрд ₽/мес
33,Дюртюлинский — Илишевский — Чекмагушевский,2,56,Илишевский муниципальный район,610015515.0,0.6 млрд ₽/мес
33,Дюртюлинский — Илишевский — Чекмагушевский,3,80,Чекмагушевский муниципальный район,555246286.0,0.6 млрд ₽/мес
34,Зианчуринский — Тюльганский,1,53,Зианчуринский муниципальный район,503159120.0,0.5 млрд ₽/мес
34,Зианчуринский — Тюльганский,2,1705,Тюльганский муниципальный район,335320358.0,0.3 млрд ₽/мес
35,Зилаирский,1,54,Зилаирский муниципальный район,314590486.0,0.3 млрд ₽/мес
36,Караидельский,1,59,Караидельский муниципальный район,477511035.0,0.5 млрд ₽/мес
37,Кугарчинский,1,63,Кугарчинский муниципальный район,555225976.0,0.6 млрд ₽/мес
38,Мечетлинский,1,67,Мечетлинский муниципальный район,500352256.0,0.5 млрд ₽/мес
39,Учалинский,1,77,Учалинский муниципальный район,2055515079.0,2.1 млрд ₽/мес
40,Хайбуллинский,1,79,Хайбуллинский муниципальный район,719028167.0,0.7 млрд ₽/мес
41,Янаульский,1,83,Янаульский муниципальный район,1000046081.0,1.0 млрд ₽/мес
42,Северобайкальск,1,85,городской округ город Северобайкальск,0.0,0.0 млрд ₽/мес
43,Баргузинский,1,86,Баргузинский муниципальный район,0.0,0.0 млрд ₽/мес
44,Баунтовский эвенкийский,1,87,Баунтовский эвенкийский муниципальный район,0.0,0.0 млрд ₽/мес
45,Бичурский,1,88,Бичурский муниципальный район,0.0,0.0 млрд ₽/мес
46,Джидинский,1,89,Джидинский муниципальный район,0.0,0.0 млрд ₽/мес
47,Еравнинский,1,90,Еравнинский муниципальный район,0.0,0.0 млрд ₽/мес
48,Заиграевский,1,91,Заиграевский муниципальный район,0.0,0.0 млрд ₽/мес
49,Закаменский,1,92,Закаменский муниципальный район,0.0,0.0 млрд ₽/мес
50,Иволгинский,1,93,Иволгинский муниципальный район,0.0,0.0 млрд ₽/мес
51,Кабанский,1,94,Кабанский муниципальный район,0.0,0.0 млрд ₽/мес
52,Кижингинский,1,95,Кижингинский муниципальный район,0.0,0.0 млрд ₽/мес
53,Курумканский,1,96,Курумканский муниципальный район,0.0,0.0 млрд ₽/мес
54,Кяхтинский,1,97,Кяхтинский муниципальный район,0.0,0.0 млрд ₽/мес
55,Муйский,1,98,Муйский муниципальный район,0.0,0.0 млрд ₽/мес
56,Мухоршибирский,1,99,Мухоршибирский муниципальный район,0.0,0.0 млрд ₽/мес
57,Окинский,1,100,Окинский муниципальный район,0.0,0.0 млрд ₽/мес
58,Прибайкальский,1,101,Прибайкальский муниципальный район,0.0,0.0 млрд ₽/мес
59,Северо-Байкальский,1,102,Северо-Байкальский муниципальный район,0.0,0.0 млрд ₽/мес
60,Селенгинский,1,103,Селенгинский муниципальный район,0.0,0.0 млрд ₽/мес
61,Тарбагатайский,1,104,Тарбагатайский муниципальный район,0.0,0.0 млрд ₽/мес
62,Тункинский,1,105,Тункинский муниципальный район,0.0,0.0 млрд ₽/мес
63,Хоринский,1,106,Хоринский муниципальный район,0.0,0.0 млрд ₽/мес
64,Махачкала — Буйнакск,1,107,городской округ город Махачкала,23418114660.0,23.4 млрд ₽/мес
64,Махачкала — Буйнакск,2,108,городской округ город Буйнакск,1702681920.0,1.7 млрд ₽/мес
65,Избербаш,1,111,городской округ город Избербаш,1377448996.0,1.4 млрд ₽/мес
66,Кизилюрт,1,113,городской округ город Кизилюрт,1185226545.0,1.2 млрд ₽/мес
67,Кизляр,1,114,городской округ город Кизляр,1312564401.0,1.3 млрд ₽/мес
68,Магас,1,158,городской округ город Магас,0.0,0.0 млрд ₽/мес
69,Назрань,1,160,городской округ город Назрань,0.0,0.0 млрд ₽/мес
70,Владикавказ — Пятигорск — Нальчик,1,345,городской округ город Владикавказ,10055991148.0,10.1 млрд ₽/мес
70,Владикавказ — Пятигорск — Нальчик,2,824,городской округ город-курорт Пятигорск,7759358568.0,7.8 млрд ₽/мес
70,Владикавказ — Пятигорск — Нальчик,3,167,городской округ Нальчик,6756078196.0,6.8 млрд ₽/мес
71,Эльбрусский,1,179,Эльбрусский муниципальный район,898936605.0,0.9 млрд ₽/мес
72,Яшалтинский — овиковский,1,192,Яшалтинский муниципальный район,282956094.0,0.3 млрд ₽/мес
72,Яшалтинский — овиковский,2,181,Городовиковский муниципальный район,270889934.0,0.3 млрд ₽/мес
73,Лаганский,1,184,Лаганский муниципальный район,396797400.0,0.4 млрд ₽/мес
74,Сарпинский — Малодербетовский,1,188,Сарпинский муниципальный район,251793360.0,0.3 млрд ₽/мес
74,Сарпинский — Малодербетовский,2,185,Малодербетовский муниципальный район,178974016.0,0.2 млрд ₽/мес
75,Октябрьский,1,186,Октябрьский муниципальный район,161744328.0,0.2 млрд ₽/мес
76,Целинный,1,189,Целинный муниципальный район,469507368.0,0.5 млрд ₽/мес
77,Черноземельский,1,190,Черноземельский муниципальный район,251030400.0,0.3 млрд ₽/мес
78,Енотаевский — Юстинский,1,922,Енотаевский муниципальный район,530651527.0,0.5 млрд ₽/мес
78,Енотаевский — Юстинский,2,191,Юстинский муниципальный район,195029118.0,0.2 млрд ₽/мес
79,Яшкульский,1,193,Яшкульский муниципальный район,316498140.0,0.3 млрд ₽/мес
80,Невинномысск — Черкесский — Кочубеевский,1,820,городской округ город Невинномысск,3763966492.0,3.8 млрд ₽/мес
80,Невинномысск — Черкесский — Кочубеевский,2,194,городской округ Черкесский,2935602678.0,2.9 млрд ₽/мес
80,Невинномысск — Черкесский — Кочубеевский,3,832,Кочубеевский муниципальный округ,1976244424.0,2.0 млрд ₽/мес
81,Петрозаводский — Прионежский — Пряжинский,1,206,городской округ Петрозаводский,10142384208.0,10.1 млрд ₽/мес
81,Петрозаводский — Прионежский — Пряжинский,2,218,Прионежский муниципальный район,870016338.0,0.9 млрд ₽/мес
81,Петрозаводский — Прионежский — Пряжинский,3,219,Пряжинский муниципальный район,326087806.0,0.3 млрд ₽/мес
82,Костомукшский,1,207,городской округ Костомукшский,1174156260.0,1.2 млрд ₽/мес
83,Беломорский,1,208,Беломорский муниципальный округ,425236190.0,0.4 млрд ₽/мес
84,Калевальский,1,209,Калевальский муниципальный район,215017984.0,0.2 млрд ₽/мес
85,Кемский,1,210,Кемский муниципальный район,393904290.0,0.4 млрд ₽/мес
86,Кондопожский,1,211,Кондопожский муниципальный район,954245928.0,1.0 млрд ₽/мес
87,Сортавальский — Лахденпохский,1,222,Сортавальский муниципальный район,923420169.0,0.9 млрд ₽/мес
87,Сортавальский — Лахденпохский,2,212,Лахденпохский муниципальный район,360565166.0,0.4 млрд ₽/мес
88,Лоухский,1,213,Лоухский муниципальный район,372132408.0,0.4 млрд ₽/мес
89,Медвежьегорский,1,214,Медвежьегорский муниципальный район,751023857.0,0.8 млрд ₽/мес
90,Муезерский,1,215,Муезерский муниципальный район,254050425.0,0.3 млрд ₽/мес
91,Олонецкий,1,216,Олонецкий муниципальный район,541837920.0,0.5 млрд ₽/мес
92,Питкярантский,1,217,Питкярантский муниципальный округ,480639705.0,0.5 млрд ₽/мес
93,Пудожский,1,220,Пудожский муниципальный район,415318648.0,0.4 млрд ₽/мес
94,Сегежский,1,221,Сегежский муниципальный округ,1083736366.0,1.1 млрд ₽/мес
95,Суоярвский,1,223,Суоярвский муниципальный округ,357984130.0,0.4 млрд ₽/мес
96,Сыктывкар — Сыктывдинский — Корткеросский,1,224,городской округ Сыктывкар,8965085988.0,9.0 млрд ₽/мес
96,Сыктывкар — Сыктывдинский — Корткеросский,2,237,Сыктывдинский муниципальный район,674908392.0,0.7 млрд ₽/мес
96,Сыктывкар — Сыктывдинский — Корткеросский,3,233,Корткеросский муниципальный район,406482440.0,0.4 млрд ₽/мес
97,Воркута,1,225,городской округ Воркута,3109728786.0,3.1 млрд ₽/мес
98,Вуктыл,1,226,муниципальный округ Вуктыл,319717125.0,0.3 млрд ₽/мес
99,Инта,1,227,городской округ Инта,834966960.0,0.8 млрд ₽/мес
100,Усинск,1,228,муниципальный округ Усинск,1473171594.0,1.5 млрд ₽/мес
101,Ухта — Сосногорск,1,229,городской округ Ухта,3654018000.0,3.7 млрд ₽/мес
101,Ухта — Сосногорск,2,236,муниципальный район Сосногорск,1093218800.0,1.1 млрд ₽/мес
102,Ижемский,1,230,Ижемский муниципальный район,463514745.0,0.5 млрд ₽/мес
103,Княжпогостский,1,231,Княжпогостский муниципальный район,456950462.0,0.5 млрд ₽/мес
104,Койгородский,1,232,Койгородский муниципальный район,186876990.0,0.2 млрд ₽/мес
105,Печора,1,234,муниципальный район Печора,1591648836.0,1.6 млрд ₽/мес
106,Прилузский,1,235,Прилузский муниципальный район,404739094.0,0.4 млрд ₽/мес
107,Сысольский,1,238,Сысольский муниципальный район,280769832.0,0.3 млрд ₽/мес
108,Троицко-Печорский,1,239,Троицко-Печорский муниципальный район,280707870.0,0.3 млрд ₽/мес
109,Удорский,1,240,Удорский муниципальный район,362790729.0,0.4 млрд ₽/мес
110,Усть-Вымский,1,241,Усть-Вымский муниципальный район,693700532.0,0.7 млрд ₽/мес
111,Усть-Куломский,1,242,Усть-Куломский муниципальный район,518074332.0,0.5 млрд ₽/мес
112,Усть-Цилемский,1,243,Усть-Цилемский муниципальный район,291188520.0,0.3 млрд ₽/мес
113,Йошкар-Ола — Медведевский — Советский,1,269,городской округ город Йошкар-Ола,8954129080.0,9.0 млрд ₽/мес
113,Йошкар-Ола — Медведевский — Советский,2,278,Медведевский муниципальный район,2089792653.0,2.1 млрд ₽/мес
113,Йошкар-Ола — Медведевский — Советский,3,284,Советский муниципальный район,537698304.0,0.5 млрд ₽/мес
114,Казань — Ульяновск — Чебоксары,1,354,городской округ город Казань,49993552056.0,50.0 млрд ₽/мес
114,Казань — Ульяновск — Чебоксары,2,2251,городской округ город Ульяновск,21218077172.0,21.2 млрд ₽/мес
114,Казань — Ульяновск — Чебоксары,3,478,городской округ город Чебоксары,16019455920.0,16.0 млрд ₽/мес
115,Козьмодемьянск — Горномарийский,1,271,городской округ город Козьмодемьянск,461373556.0,0.5 млрд ₽/мес
115,Козьмодемьянск — Горномарийский,2,273,Горномарийский муниципальный район,369182346.0,0.4 млрд ₽/мес
116,Килемарский — Санчурский,1,275,Килемарский муниципальный район,230461272.0,0.2 млрд ₽/мес
116,Килемарский — Санчурский,2,1291,муниципальный округ Санчурский,130941300.0,0.1 млрд ₽/мес
117,Моркинский,1,279,Моркинский муниципальный район,459574236.0,0.5 млрд ₽/мес
118,Юринский,1,285,Юринский муниципальный район,113885050.0,0.1 млрд ₽/мес
119,Нижний Новгород — Саранск — Дзержинск,1,1523,городской округ город Нижний Новгород,47914463192.0,47.9 млрд ₽/мес
119,Нижний Новгород — Саранск — Дзержинск,2,286,городской округ Саранск,10247786616.0,10.2 млрд ₽/мес
119,Нижний Новгород — Саранск — Дзержинск,3,1527,городской округ город Дзержинск,8618328511.0,8.6 млрд ₽/мес
120,Зубово-Полянский — Краснослободский — Торбеевский,1,294,Зубово-Полянский муниципальный район,1046082820.0,1.0 млрд ₽/мес
120,Зубово-Полянский — Краснослободский — Торбеевский,2,300,Краснослободский муниципальный район,438303168.0,0.4 млрд ₽/мес
120,Зубово-Полянский — Краснослободский — Торбеевский,3,307,Торбеевский муниципальный район,437215842.0,0.4 млрд ₽/мес
121,Ковылкинский — Нижнеломовский — Башмаковский,1,298,Ковылкинский муниципальный район,822274922.0,0.8 млрд ₽/мес
121,Ковылкинский — Нижнеломовский — Башмаковский,2,1755,Нижнеломовский муниципальный район,813950865.0,0.8 млрд ₽/мес
121,Ковылкинский — Нижнеломовский — Башмаковский,3,1737,Башмаковский муниципальный район,420511428.0,0.4 млрд ₽/мес
122,Старошайговский,1,304,Старошайговский муниципальный район,201592000.0,0.2 млрд ₽/мес
123,Вознесенский — Теньгушевский — Кадомский,1,1548,Вознесенский муниципальный округ,328248460.0,0.3 млрд ₽/мес
123,Вознесенский — Теньгушевский — Кадомский,2,306,Теньгушевский муниципальный район,170466942.0,0.2 млрд ₽/мес
123,Вознесенский — Теньгушевский — Кадомский,3,1851,Кадомский муниципальный район,160854016.0,0.2 млрд ₽/мес
124,Якутск — Мегино-Кангаласский,1,309,городской округ город Якутск,17638824325.0,17.6 млрд ₽/мес
124,Якутск — Мегино-Кангаласский,2,326,Мегино-Кангаласский муниципальный район,1083956780.0,1.1 млрд ₽/мес
125,Абыйский,1,311,Абыйский муниципальный район,179559113.0,0.2 млрд ₽/мес
126,Алданский,1,312,Алданский муниципальный район,1781662628.0,1.8 млрд ₽/мес
127,Аллаиховский,1,313,Аллаиховский муниципальный район,115786750.0,0.1 млрд ₽/мес
128,Амгинский,1,314,Амгинский муниципальный район,532187890.0,0.5 млрд ₽/мес
129,Анабарский национальный (долгано-эвенкийский),1,315,Анабарский национальный (долгано-эвенкийский) муниципальный район,162093312.0,0.2 млрд ₽/мес
130,Булунский,1,316,Булунский муниципальный район,415766790.0,0.4 млрд ₽/мес
131,Верхневилюйский,1,317,Верхневилюйский муниципальный район,647448366.0,0.6 млрд ₽/мес
132,Верхнеколымский,1,318,Верхнеколымский муниципальный район,197870229.0,0.2 млрд ₽/мес
133,Верхоянский,1,319,Верхоянский муниципальный район,424435096.0,0.4 млрд ₽/мес
134,Вилюйский,1,320,Вилюйский муниципальный район,805325884.0,0.8 млрд ₽/мес
135,Горный,1,321,Горный муниципальный район,327905792.0,0.3 млрд ₽/мес
136,Жиганский,1,322,Жиганский муниципальный район,169867152.0,0.2 млрд ₽/мес
137,Кобяйский,1,323,Кобяйский муниципальный район,381151652.0,0.4 млрд ₽/мес
138,Нюрбинский,1,324,Нюрбинский муниципальный район,765862128.0,0.8 млрд ₽/мес
139,Ленский,1,325,Ленский муниципальный район,1437578280.0,1.4 млрд ₽/мес
140,Мирнинский,1,327,Мирнинский муниципальный район,3241737840.0,3.2 млрд ₽/мес
141,Момский,1,328,Момский муниципальный район,169428448.0,0.2 млрд ₽/мес
142,Намский,1,329,Намский муниципальный район,805667522.0,0.8 млрд ₽/мес
143,Нерюнгринский,1,330,Нерюнгринский муниципальный район,3238223351.0,3.2 млрд ₽/мес
144,Нижнеколымский,1,331,Нижнеколымский муниципальный район,239498875.0,0.2 млрд ₽/мес
145,Оймяконский,1,332,Оймяконский муниципальный район,394763616.0,0.4 млрд ₽/мес
146,Олекминский,1,333,Олекминский муниципальный район,884524875.0,0.9 млрд ₽/мес
147,Оленекский эвенкийский национальный,1,334,Оленекский эвенкийский национальный муниципальный район,198177968.0,0.2 млрд ₽/мес
148,Среднеколымский,1,335,Среднеколымский муниципальный район,276066252.0,0.3 млрд ₽/мес
149,Сунтарский,1,336,Сунтарский муниципальный район,740459136.0,0.7 млрд ₽/мес
150,Таттинский,1,337,Таттинский муниципальный район,476370000.0,0.5 млрд ₽/мес
151,Томпонский,1,338,Томпонский муниципальный район,452704968.0,0.5 млрд ₽/мес
152,Усть-Алданский,1,339,Усть-Алданский муниципальный район,606276516.0,0.6 млрд ₽/мес
153,Усть-Майский,1,340,Усть-Майский муниципальный район,303309958.0,0.3 млрд ₽/мес
154,Усть-Янский,1,341,Усть-Янский муниципальный район,346882225.0,0.3 млрд ₽/мес
155,Хангаласский,1,342,Хангаласский муниципальный район,1104805911.0,1.1 млрд ₽/мес
156,Чурапчинский,1,343,Чурапчинский муниципальный район,650393775.0,0.7 млрд ₽/мес
157,Эвено-Бытантайский национальный,1,344,Эвено-Бытантайский национальный муниципальный район,115518000.0,0.1 млрд ₽/мес
158,Моздокский,1,351,Моздокский муниципальный район,2184629001.0,2.2 млрд ₽/мес
159,Набережные Челны — Нижнекамский — Елабужский,1,355,городской округ город Набережные Челны,18535152384.0,18.5 млрд ₽/мес
159,Набережные Челны — Нижнекамский — Елабужский,2,385,Нижнекамский муниципальный район,8505258780.0,8.5 млрд ₽/мес
159,Набережные Челны — Нижнекамский — Елабужский,3,373,Елабужский муниципальный район,2758832938.0,2.8 млрд ₽/мес
160,Аксубаевский,1,358,Аксубаевский муниципальный район,490694472.0,0.5 млрд ₽/мес
161,Актанышский,1,359,Актанышский муниципальный район,505791832.0,0.5 млрд ₽/мес
162,Лаишевский — Чистопольский — Алексеевский,1,379,Лаишевский муниципальный район,2489411916.0,2.5 млрд ₽/мес
162,Лаишевский — Чистопольский — Алексеевский,2,397,Чистопольский муниципальный район,1963403540.0,2.0 млрд ₽/мес
162,Лаишевский — Чистопольский — Алексеевский,3,360,Алексеевский муниципальный район,576076018.0,0.6 млрд ₽/мес
163,Алькеевский,1,361,Алькеевский муниципальный район,351289224.0,0.4 млрд ₽/мес
164,Верхнеуслонский,1,370,Верхнеуслонский муниципальный район,466780860.0,0.5 млрд ₽/мес
165,Мамадышский,1,381,Мамадышский муниципальный район,814166282.0,0.8 млрд ₽/мес
166,Мензелинский,1,383,Мензелинский муниципальный район,583108500.0,0.6 млрд ₽/мес
167,Муслюмовский,1,384,Муслюмовский муниципальный район,340848620.0,0.3 млрд ₽/мес
168,Новошешминский,1,386,Новошешминский муниципальный район,260973370.0,0.3 млрд ₽/мес
169,Самара — Волжский — Новокуйбышевск,1,1874,городской округ Самара,43835044080.0,43.8 млрд ₽/мес
169,Самара — Волжский — Новокуйбышевск,2,1890,Волжский муниципальный район,4756412255.0,4.8 млрд ₽/мес
169,Самара — Волжский — Новокуйбышевск,3,1877,городской округ Новокуйбышевск,3415841550.0,3.4 млрд ₽/мес
170,Спасский,1,392,Спасский муниципальный район,402775026.0,0.4 млрд ₽/мес
171,Барун-Хемчикский — Бай-Тайгинский,1,402,Барун-Хемчикский муниципальный район,242425352.0,0.2 млрд ₽/мес
171,Барун-Хемчикский — Бай-Тайгинский,2,401,Бай-Тайгинский муниципальный район,210946113.0,0.2 млрд ₽/мес
172,Дзун-Хемчикский — Сут-Хольский,1,403,Дзун-Хемчикский муниципальный район,386226888.0,0.4 млрд ₽/мес
172,Дзун-Хемчикский — Сут-Хольский,2,409,Сут-Хольский муниципальный район,178916535.0,0.2 млрд ₽/мес
173,Каа-Хемский,1,404,Каа-Хемский муниципальный район,280347262.0,0.3 млрд ₽/мес
174,Кызылский,1,405,Кызылский муниципальный район,1117127940.0,1.1 млрд ₽/мес
175,Пий-Хемский,1,408,Пий-Хемский муниципальный район,245834080.0,0.2 млрд ₽/мес
176,Тандинский,1,410,Тандинский муниципальный район,410046582.0,0.4 млрд ₽/мес
177,Тоджинский,1,413,Тоджинский муниципальный район,199561528.0,0.2 млрд ₽/мес
178,Улуг-Хемский,1,414,Улуг-Хемский муниципальный район,471581000.0,0.5 млрд ₽/мес
179,Чеди-Хольский,1,416,Чеди-Хольский муниципальный район,188311968.0,0.2 млрд ₽/мес
180,Воткинск — Чайковский — Глазов,1,419,городской округ город Воткинск,3038610680.0,3.0 млрд ₽/мес
180,Воткинск — Чайковский — Глазов,2,763,городской округ Чайковский,2910429905.0,2.9 млрд ₽/мес
180,Воткинск — Чайковский — Глазов,3,420,городской округ город Глазов,2467045100.0,2.5 млрд ₽/мес
181,Каракулинский район,1,433,муниципальный округ Каракулинский район,197892285.0,0.2 млрд ₽/мес
182,Абакан — Минусинск — Черногорск,1,448,городской округ город Абакан,6201394304.0,6.2 млрд ₽/мес
182,Абакан — Минусинск — Черногорск,2,676,городской округ город Минусинск,2456691146.0,2.5 млрд ₽/мес
182,Абакан — Минусинск — Черногорск,3,452,городской округ город Черногорск,2388638512.0,2.4 млрд ₽/мес
183,Таштыпский — Абаза,1,458,Таштыпский муниципальный район,386373870.0,0.4 млрд ₽/мес
183,Таштыпский — Абаза,2,449,городской округ город Абаза,325641526.0,0.3 млрд ₽/мес
184,Саяногорск — Бейский,1,450,городской округ город Саяногорск,1760666336.0,1.8 млрд ₽/мес
184,Саяногорск — Бейский,2,455,Бейский муниципальный район,497383581.0,0.5 млрд ₽/мес
185,Сорск,1,451,городской округ город Сорск,312094069.0,0.3 млрд ₽/мес
186,Боградский,1,456,Боградский муниципальный район,234144840.0,0.2 млрд ₽/мес
187,Ужурский — Орджоникидзевский,1,722,Ужурский муниципальный район,834433935.0,0.8 млрд ₽/мес
187,Ужурский — Орджоникидзевский,2,457,Орджоникидзевский муниципальный район,220824772.0,0.2 млрд ₽/мес
188,Ширинский,1,460,Ширинский муниципальный район,617675404.0,0.6 млрд ₽/мес
189,Грозный,1,461,городской округ город Грозный,9691503240.0,9.7 млрд ₽/мес
190,Барнаул — Новоалтайск — Первомайский,1,504,городской округ город Барнаул,24464843580.0,24.5 млрд ₽/мес
190,Барнаул — Новоалтайск — Первомайский,2,509,городской округ город Новоалтайск,2307510290.0,2.3 млрд ₽/мес
190,Барнаул — Новоалтайск — Первомайский,3,545,Первомайский муниципальный район,1227523795.0,1.2 млрд ₽/мес
191,Алейск — Алейский,1,505,городской округ город Алейск,679021192.0,0.7 млрд ₽/мес
191,Алейск — Алейский,2,514,Алейский муниципальный район,287922162.0,0.3 млрд ₽/мес
192,Бийск — Бийский — Алтайский,1,507,городской округ город Бийск,6381519120.0,6.4 млрд ₽/мес
192,Бийск — Бийский — Алтайский,2,517,Бийский муниципальный район,849645866.0,0.8 млрд ₽/мес
192,Бийск — Бийский — Алтайский,3,515,Алтайский муниципальный район,677075840.0,0.7 млрд ₽/мес
193,Заринск — Залесовский,1,508,городской округ город Заринск,1120618690.0,1.1 млрд ₽/мес
193,Заринск — Залесовский,2,525,Залесовский муниципальный округ,206656639.0,0.2 млрд ₽/мес
194,Рубцовск — Егорьевский,1,510,городской округ город Рубцовск,3634992098.0,3.6 млрд ₽/мес
194,Рубцовск — Егорьевский,2,522,Егорьевский муниципальный район,193602818.0,0.2 млрд ₽/мес
195,Славгород — Кулундинский — Яровое,1,511,муниципальный округ город Славгород,1010926886.0,1.0 млрд ₽/мес
195,Славгород — Кулундинский — Яровое,2,535,Кулундинский муниципальный район,503102587.0,0.5 млрд ₽/мес
195,Славгород — Кулундинский — Яровое,3,512,городской округ город Яровое,453842352.0,0.5 млрд ₽/мес
196,Баевский,1,516,Баевский муниципальный район,161401977.0,0.2 млрд ₽/мес
197,Благовещенский — Родинский,1,518,Благовещенский муниципальный район,620099328.0,0.6 млрд ₽/мес
197,Благовещенский — Родинский,2,549,Родинский муниципальный район,288472044.0,0.3 млрд ₽/мес
198,Бурлинский,1,519,Бурлинский муниципальный район,156527393.0,0.2 млрд ₽/мес
199,Быстроистокский,1,520,Быстроистокский муниципальный район,132303840.0,0.1 млрд ₽/мес
200,Волчихинский,1,521,Волчихинский муниципальный район,303785376.0,0.3 млрд ₽/мес
201,Ельцовский,1,523,Ельцовский муниципальный район,95402240.0,0.1 млрд ₽/мес
202,Мамонтовский — Завьяловский — Романовский,1,539,Мамонтовский муниципальный район,349108192.0,0.3 млрд ₽/мес
202,Мамонтовский — Завьяловский — Романовский,2,524,Завьяловский муниципальный район,328267649.0,0.3 млрд ₽/мес
202,Мамонтовский — Завьяловский — Романовский,3,550,Романовский муниципальный район,215068794.0,0.2 млрд ₽/мес
203,Локтевский — Змеиногорский — Третьяковский,1,538,Локтевский муниципальный район,400560223.0,0.4 млрд ₽/мес
203,Локтевский — Змеиногорский — Третьяковский,2,527,Змеиногорский муниципальный район,377568795.0,0.4 млрд ₽/мес
203,Локтевский — Змеиногорский — Третьяковский,3,562,Третьяковский муниципальный район,217273350.0,0.2 млрд ₽/мес
204,Калманский,1,528,Калманский муниципальный район,221761050.0,0.2 млрд ₽/мес
205,Каменский — Крутихинский,1,529,Каменский муниципальный район,952024619.0,1.0 млрд ₽/мес
205,Каменский — Крутихинский,2,534,Крутихинский муниципальный район,157622784.0,0.2 млрд ₽/мес
206,Красногорский,1,532,Красногорский муниципальный район,269480140.0,0.3 млрд ₽/мес
207,Краснощёковский — Курьинский,1,533,Краснощёковский муниципальный район,288453402.0,0.3 млрд ₽/мес
207,Краснощёковский — Курьинский,2,536,Курьинский муниципальный район,169634570.0,0.2 млрд ₽/мес
208,Кытмановский — Тогульский,1,537,Кытмановский муниципальный район,180466748.0,0.2 млрд ₽/мес
208,Кытмановский — Тогульский,2,560,Тогульский муниципальный район,123882301.0,0.1 млрд ₽/мес
209,Михайловский,1,540,Михайловский муниципальный район,360528148.0,0.4 млрд ₽/мес
210,Шипуновский — Поспелихинский — Новичихинский,1,571,Шипуновский муниципальный район,528137792.0,0.5 млрд ₽/мес
210,Шипуновский — Поспелихинский — Новичихинский,2,547,Поспелихинский муниципальный район,429582461.0,0.4 млрд ₽/мес
210,Шипуновский — Поспелихинский — Новичихинский,3,541,Новичихинский муниципальный район,155829646.0,0.2 млрд ₽/мес
211,Павловский — Шелаболихинский,1,543,Павловский муниципальный район,861943293.0,0.9 млрд ₽/мес
211,Павловский — Шелаболихинский,2,557,Шелаболихинский муниципальный район,204448684.0,0.2 млрд ₽/мес
212,Панкрушихинский,1,544,Панкрушихинский муниципальный район,191779623.0,0.2 млрд ₽/мес
213,Петропавловский,1,546,Петропавловский муниципальный район,204463852.0,0.2 млрд ₽/мес
214,Ребрихинский,1,548,Ребрихинский муниципальный район,352985100.0,0.4 млрд ₽/мес
215,Суетский район,1,553,муниципальный округ Суетский район,74814144.0,0.1 млрд ₽/мес
216,Солонешенский,1,555,Солонешенский муниципальный район,153381792.0,0.2 млрд ₽/мес
217,Солтонский,1,556,Солтонский муниципальный район,104826345.0,0.1 млрд ₽/мес
218,Тальменский,1,559,Тальменский муниципальный район,956257372.0,1.0 млрд ₽/мес
219,Топчихинский,1,561,Топчихинский муниципальный район,384555974.0,0.4 млрд ₽/мес
220,Тюменцевский,1,564,Тюменцевский муниципальный район,224812014.0,0.2 млрд ₽/мес
221,Угловский,1,565,Угловский муниципальный район,165334800.0,0.2 млрд ₽/мес
222,Усть-Калманский — Усть-Пристанский,1,566,Усть-Калманский муниципальный район,213912006.0,0.2 млрд ₽/мес
222,Усть-Калманский — Усть-Пристанский,2,567,Усть-Пристанский муниципальный район,172019022.0,0.2 млрд ₽/мес
223,Хабарский,1,568,Хабарский муниципальный район,254324752.0,0.3 млрд ₽/мес
224,Целинный,1,569,Целинный муниципальный район,262244229.0,0.3 млрд ₽/мес
225,Чарышский район,1,570,муниципальный округ Чарышский район,195999664.0,0.2 млрд ₽/мес
226,Чита,1,573,городской округ город Чита,0.0,0.0 млрд ₽/мес
227,Петровск-Забайкальский — Петровск-Забайкальский,1,574,городской округ город Петровск-Забайкальский,403651970.0,0.4 млрд ₽/мес
227,Петровск-Забайкальский — Петровск-Забайкальский,2,593,Петровск-Забайкальский муниципальный район,367737904.0,0.4 млрд ₽/мес
228,Акшинский,1,576,Акшинский муниципальный район,0.0,0.0 млрд ₽/мес
229,Александрово-Заводский,1,577,Александрово-Заводский муниципальный район,0.0,0.0 млрд ₽/мес
230,Балейский,1,578,Балейский муниципальный район,433674682.0,0.4 млрд ₽/мес
231,Борзинский,1,579,Борзинский муниципальный район,1376421669.0,1.4 млрд ₽/мес
232,Газимуро-Заводский,1,580,Газимуро-Заводский муниципальный округ,245396970.0,0.2 млрд ₽/мес
233,Забайкальский,1,581,Забайкальский муниципальный район,667934400.0,0.7 млрд ₽/мес
234,Каларский,1,582,Каларский муниципальный округ,270723748.0,0.3 млрд ₽/мес
235,Калганский,1,583,Калганский муниципальный округ,145832624.0,0.1 млрд ₽/мес
236,Карымский,1,584,Карымский муниципальный район,883381989.0,0.9 млрд ₽/мес
237,Краснокаменск и Краснокаменский район,1,585,муниципальный район Город Краснокаменск и Краснокаменский район,1868362308.0,1.9 млрд ₽/мес
238,Красночикойский,1,586,Красночикойский муниципальный район,415528407.0,0.4 млрд ₽/мес
239,Кыринский,1,587,Кыринский муниципальный район,293843715.0,0.3 млрд ₽/мес
240,Могочинский,1,588,Могочинский муниципальный округ,654160500.0,0.7 млрд ₽/мес
241,Нерчинский,1,589,Нерчинский муниципальный район,770700100.0,0.8 млрд ₽/мес
242,Нерчинско-Заводский,1,590,Нерчинско-Заводский муниципальный район,0.0,0.0 млрд ₽/мес
243,Оловяннинский,1,591,Оловяннинский муниципальный район,846327298.0,0.8 млрд ₽/мес
244,Ононский,1,592,Ононский муниципальный округ,204019332.0,0.2 млрд ₽/мес
245,Приаргунский,1,594,Приаргунский муниципальный округ,438041608.0,0.4 млрд ₽/мес
246,Сретенский,1,595,Сретенский муниципальный район,486644346.0,0.5 млрд ₽/мес
247,Тунгокоченский,1,597,Тунгокоченский муниципальный район,0.0,0.0 млрд ₽/мес
248,Улётовский,1,598,Улётовский муниципальный район,410072836.0,0.4 млрд ₽/мес
249,Хилокский,1,599,Хилокский муниципальный район,636928149.0,0.6 млрд ₽/мес
250,Чернышевский,1,600,Чернышевский муниципальный район,863949636.0,0.9 млрд ₽/мес
251,Читинский,1,601,Читинский муниципальный район,1958566791.0,2.0 млрд ₽/мес
252,Шелопугинский,1,602,Шелопугинский муниципальный район,130086976.0,0.1 млрд ₽/мес
253,Шилкинский,1,603,Шилкинский муниципальный район,1010380560.0,1.0 млрд ₽/мес
254,Могойтуйский — Агинское — Агинский,1,607,Могойтуйский муниципальный район,570175260.0,0.6 млрд ₽/мес
254,Могойтуйский — Агинское — Агинский,2,604,городской округ поселок Агинское,440982063.0,0.4 млрд ₽/мес
254,Могойтуйский — Агинское — Агинский,3,605,Агинский муниципальный район,405504456.0,0.4 млрд ₽/мес
255,Дульдургинский,1,606,Дульдургинский муниципальный район,336680568.0,0.3 млрд ₽/мес
256,Владивостокский — Петропавловск-Камчатский — Артемовский,1,775,городской округ Владивостокский,30962229912.0,31.0 млрд ₽/мес
256,Владивостокский — Петропавловск-Камчатский — Артемовский,2,608,городской округ Петропавловск-Камчатский,9564622848.0,9.6 млрд ₽/мес
256,Владивостокский — Петропавловск-Камчатский — Артемовский,3,777,городской округ Артемовский,4909733304.0,4.9 млрд ₽/мес
257,Быстринский,1,611,Быстринский муниципальный район,112922148.0,0.1 млрд ₽/мес
258,Мильковский,1,613,Мильковский муниципальный округ,409942098.0,0.4 млрд ₽/мес
259,Соболевский,1,614,Соболевский муниципальный район,99981059.0,0.1 млрд ₽/мес
260,Усть-Большерецкий,1,615,Усть-Большерецкий муниципальный район,295997268.0,0.3 млрд ₽/мес
261,Усть-Камчатский,1,616,Усть-Камчатский муниципальный район,433856800.0,0.4 млрд ₽/мес
262,Карагинский,1,618,Карагинский муниципальный район,180393174.0,0.2 млрд ₽/мес
263,Олюторский,1,619,Олюторский муниципальный район,197647346.0,0.2 млрд ₽/мес
264,Тигильский,1,621,Тигильский муниципальный район,196429680.0,0.2 млрд ₽/мес
265,Красноярск — Емельяновский — Сосновоборск,1,666,городской округ город Красноярск,50237358576.0,50.2 млрд ₽/мес
265,Красноярск — Емельяновский — Сосновоборск,2,693,Емельяновский муниципальный район,2045271888.0,2.0 млрд ₽/мес
265,Красноярск — Емельяновский — Сосновоборск,3,679,городской округ город Сосновоборск,1487760332.0,1.5 млрд ₽/мес
266,Ачинск — Назарово — Назаровский,1,667,городской округ город Ачинск,3491540865.0,3.5 млрд ₽/мес
266,Ачинск — Назарово — Назаровский,2,677,городской округ город Назарово,1329113569.0,1.3 млрд ₽/мес
266,Ачинск — Назарово — Назаровский,3,709,Назаровский муниципальный район,458923800.0,0.5 млрд ₽/мес
267,Боготол — Тюхтетский,1,668,городской округ город Боготол,476157255.0,0.5 млрд ₽/мес
267,Боготол — Тюхтетский,2,721,Тюхтетский муниципальный округ,182725392.0,0.2 млрд ₽/мес
268,Рыбинский — Уярский — Бородино,1,714,Рыбинский муниципальный район,788919600.0,0.8 млрд ₽/мес
268,Рыбинский — Уярский — Бородино,2,723,Уярский муниципальный район,443931008.0,0.4 млрд ₽/мес
268,Рыбинский — Уярский — Бородино,3,669,городской округ город Бородино,419345406.0,0.4 млрд ₽/мес
269,Лесосибирск — Енисейский — Енисейск,1,675,городской округ город Лесосибирск,2116287416.0,2.1 млрд ₽/мес
269,Лесосибирск — Енисейский — Енисейск,2,694,Енисейский муниципальный район,639221324.0,0.6 млрд ₽/мес
269,Лесосибирск — Енисейский — Енисейск,3,671,городской округ город Енисейск,619348373.0,0.6 млрд ₽/мес
270,Канск — Нижнеингашский — Иланский,1,674,городской округ город Канск,2854412037.0,2.9 млрд ₽/мес
270,Канск — Нижнеингашский — Иланский,2,710,Нижнеингашский муниципальный район,612569720.0,0.6 млрд ₽/мес
270,Канск — Нижнеингашский — Иланский,3,697,Иланский муниципальный район,559843328.0,0.6 млрд ₽/мес
271,Норильск,1,678,городской округ город Норильск,9659835588.0,9.7 млрд ₽/мес
272,Шарыпово — Шарыповский,1,680,городской округ город Шарыпово,1326298884.0,1.3 млрд ₽/мес
272,Шарыпово — Шарыповский,2,724,Шарыповский муниципальный округ,286412940.0,0.3 млрд ₽/мес
273,Абанский,1,683,Абанский муниципальный район,390501792.0,0.4 млрд ₽/мес
274,Балахтинский,1,685,Балахтинский муниципальный район,512463362.0,0.5 млрд ₽/мес
275,Богучанский,1,689,Богучанский муниципальный район,1534540950.0,1.5 млрд ₽/мес
276,Большемуртинский,1,690,Большемуртинский муниципальный район,330378180.0,0.3 млрд ₽/мес
277,Дзержинский,1,692,Дзержинский муниципальный район,265785093.0,0.3 млрд ₽/мес
278,Шушенский — Ермаковский,1,725,Шушенский муниципальный район,888541900.0,0.9 млрд ₽/мес
278,Шушенский — Ермаковский,2,695,Ермаковский муниципальный район,464183566.0,0.5 млрд ₽/мес
279,Краснотуранский — Идринский,1,704,Краснотуранский муниципальный район,327469824.0,0.3 млрд ₽/мес
279,Краснотуранский — Идринский,2,696,Идринский муниципальный район,224616310.0,0.2 млрд ₽/мес
280,Ирбейский,1,698,Ирбейский муниципальный район,317746780.0,0.3 млрд ₽/мес
281,Казачинский,1,699,Казачинский муниципальный район,206513098.0,0.2 млрд ₽/мес
282,Каратузский,1,701,Каратузский муниципальный район,337029712.0,0.3 млрд ₽/мес
283,Кежемский,1,702,Кежемский муниципальный район,651116439.0,0.7 млрд ₽/мес
284,Козульский,1,703,Козульский муниципальный район,288552096.0,0.3 млрд ₽/мес
285,Курагинский,1,705,Курагинский муниципальный район,1097568550.0,1.1 млрд ₽/мес
286,Манский,1,706,Манский муниципальный район,295927900.0,0.3 млрд ₽/мес
287,Мотыгинский,1,708,Мотыгинский муниципальный район,428709291.0,0.4 млрд ₽/мес
288,Новоселовский,1,711,Новоселовский муниципальный район,279672603.0,0.3 млрд ₽/мес
289,Пировский,1,713,Пировский муниципальный округ,139502678.0,0.1 млрд ₽/мес
290,Саянский,1,715,Саянский муниципальный район,214328352.0,0.2 млрд ₽/мес
291,Северо-Енисейский,1,716,Северо-Енисейский муниципальный район,349093852.0,0.3 млрд ₽/мес
292,Сухобузимский,1,717,Сухобузимский муниципальный район,468349826.0,0.5 млрд ₽/мес
293,Таймырский Долгано-Ненецкий,1,718,Таймырский Долгано-Ненецкий муниципальный район,1424400163.0,1.4 млрд ₽/мес
294,Тасеевский,1,719,Тасеевский муниципальный район,246053248.0,0.2 млрд ₽/мес
295,Туруханский,1,720,Туруханский муниципальный район,567786576.0,0.6 млрд ₽/мес
296,Эвенкийский,1,726,Эвенкийский муниципальный район,540502144.0,0.5 млрд ₽/мес
297,Пермский — Пермский — Краснокамский,1,727,городской округ Пермский,39406721088.0,39.4 млрд ₽/мес
297,Пермский — Пермский — Краснокамский,2,757,муниципальный округ Пермский,4370748408.0,4.4 млрд ₽/мес
297,Пермский — Пермский — Краснокамский,3,748,городской округ Краснокамский,2149535600.0,2.1 млрд ₽/мес
298,Чусовской — Лысьвенский — Горнозаводский,1,767,городской округ Чусовской,1960382452.0,2.0 млрд ₽/мес
298,Чусовской — Лысьвенский — Горнозаводский,2,731,городской округ Лысьвенский,1699186076.0,1.7 млрд ₽/мес
298,Чусовской — Лысьвенский — Горнозаводский,3,739,городской округ Горнозаводский,574211105.0,0.6 млрд ₽/мес
299,Губахинский — Александровский — Кизел,1,2886,муниципальный округ Губахинский,1228465230.0,1.2 млрд ₽/мес
299,Губахинский — Александровский — Кизел,2,734,муниципальный округ Александровский,591295830.0,0.6 млрд ₽/мес
299,Губахинский — Александровский — Кизел,3,745,городской округ город Кизел,444198678.0,0.4 млрд ₽/мес
300,Осинский — Бардымский,1,754,городской округ Осинский,710514108.0,0.7 млрд ₽/мес
300,Осинский — Бардымский,2,735,муниципальный округ Бардымский,608674374.0,0.6 млрд ₽/мес
301,Кунгурский — Суксунский — Ординский,1,2809,муниципальный округ Кунгурский,3002777580.0,3.0 млрд ₽/мес
301,Кунгурский — Суксунский — Ординский,2,760,городской округ Суксунский,411891816.0,0.4 млрд ₽/мес
301,Кунгурский — Суксунский — Ординский,3,753,муниципальный округ Ординский,292727176.0,0.3 млрд ₽/мес
302,Добрянский,1,741,городской округ Добрянский,1385936010.0,1.4 млрд ₽/мес
303,Еловский,1,742,муниципальный округ Еловский,197570590.0,0.2 млрд ₽/мес
304,Ильинский,1,743,городской округ Ильинский,348441330.0,0.3 млрд ₽/мес
305,Красновишерский,1,747,городской округ Красновишерский,421489377.0,0.4 млрд ₽/мес
306,Октябрьский,1,752,городской округ Октябрьский,519608744.0,0.5 млрд ₽/мес
307,Оханский,1,755,городской округ Оханский,328849170.0,0.3 млрд ₽/мес
308,Уинский,1,761,муниципальный округ Уинский,209200640.0,0.2 млрд ₽/мес
309,Частинский,1,764,муниципальный округ Частинский,268051467.0,0.3 млрд ₽/мес
310,Чердынский,1,765,городской округ Чердынский,329186040.0,0.3 млрд ₽/мес
311,Гайнский,1,769,муниципальный округ Гайнский,280576296.0,0.3 млрд ₽/мес
312,Косинский,1,770,муниципальный округ Косинский,120055837.0,0.1 млрд ₽/мес
313,Кудымкарский — Юсьвинский — Кочевский,1,2885,муниципальный округ Кудымкарский,1306724328.0,1.3 млрд ₽/мес
313,Кудымкарский — Юсьвинский — Кочевский,2,774,муниципальный округ Юсьвинский,318477942.0,0.3 млрд ₽/мес
313,Кудымкарский — Юсьвинский — Кочевский,3,771,муниципальный округ Кочевский,199688853.0,0.2 млрд ₽/мес
314,Арсеньевский — Яковлевский — Анучинский,1,776,городской округ Арсеньевский,1748863970.0,1.7 млрд ₽/мес
314,Арсеньевский — Яковлевский — Анучинский,2,808,Яковлевский муниципальный округ,325344600.0,0.3 млрд ₽/мес
314,Арсеньевский — Яковлевский — Анучинский,3,787,Анучинский муниципальный округ,309902025.0,0.3 млрд ₽/мес
315,Дальнегорский,1,779,городской округ Дальнегорский,1300787707.0,1.3 млрд ₽/мес
316,Дальнереченский — Дальнереченский,1,780,городской округ Дальнереченский,775288968.0,0.8 млрд ₽/мес
316,Дальнереченский — Дальнереченский,2,788,Дальнереченский муниципальный район,199773555.0,0.2 млрд ₽/мес
317,Лесозаводский — Кировский,1,781,городской округ Лесозаводский,1193169210.0,1.2 млрд ₽/мес
317,Лесозаводский — Кировский,2,790,Кировский муниципальный район,485324608.0,0.5 млрд ₽/мес
318,Находкинский — Партизанский — Партизанский,1,782,городской округ Находкинский,5734296960.0,5.7 млрд ₽/мес
318,Находкинский — Партизанский — Партизанский,2,783,городской округ Партизанский,1204913412.0,1.2 млрд ₽/мес
318,Находкинский — Партизанский — Партизанский,3,797,Партизанский муниципальный округ,902617600.0,0.9 млрд ₽/мес
319,Спасск-Дальний — Черниговский — Хорольский,1,784,городской округ Спасск-Дальний,1145017004.0,1.1 млрд ₽/мес
319,Спасск-Дальний — Черниговский — Хорольский,2,805,Черниговский муниципальный округ,779741802.0,0.8 млрд ₽/мес
319,Спасск-Дальний — Черниговский — Хорольский,3,804,Хорольский муниципальный округ,660245094.0,0.7 млрд ₽/мес
320,Уссурийский — Михайловский — Октябрьский,1,785,городской округ Уссурийский,8704280950.0,8.7 млрд ₽/мес
320,Уссурийский — Михайловский — Октябрьский,2,793,Михайловский муниципальный район,675517176.0,0.7 млрд ₽/мес
320,Уссурийский — Михайловский — Октябрьский,3,795,Октябрьский муниципальный округ,573351030.0,0.6 млрд ₽/мес
321,Кавалеровский,1,789,Кавалеровский муниципальный округ,650185263.0,0.7 млрд ₽/мес
322,Красноармейский,1,791,Красноармейский муниципальный округ,427217534.0,0.4 млрд ₽/мес
323,Лазовский,1,792,Лазовский муниципальный округ,359610496.0,0.4 млрд ₽/мес
324,Ольгинский,1,796,Ольгинский муниципальный округ,216493479.0,0.2 млрд ₽/мес
325,Пограничный,1,798,Пограничный муниципальный округ,495396096.0,0.5 млрд ₽/мес
326,Пожарский,1,799,Пожарский муниципальный округ,807091407.0,0.8 млрд ₽/мес
327,Тернейский,1,801,Тернейский муниципальный округ,336053760.0,0.3 млрд ₽/мес
328,Хасанский,1,803,Хасанский муниципальный округ,813984000.0,0.8 млрд ₽/мес
329,Чугуевский,1,806,Чугуевский муниципальный округ,629009250.0,0.6 млрд ₽/мес
330,Ставрополь — Шпаковский — Изобильненский,1,809,городской округ город Ставрополь,20628333216.0,20.6 млрд ₽/мес
330,Ставрополь — Шпаковский — Изобильненский,2,841,Шпаковский муниципальный округ,5744020956.0,5.7 млрд ₽/мес
330,Ставрополь — Шпаковский — Изобильненский,3,814,Изобильненский муниципальный округ,2957963520.0,3.0 млрд ₽/мес
331,Благодарненский,1,810,Благодарненский муниципальный округ,1409158024.0,1.4 млрд ₽/мес
332,Ипатовский — Апанасенковский,1,815,Ипатовский муниципальный округ,1395900184.0,1.4 млрд ₽/мес
332,Ипатовский — Апанасенковский,2,828,Апанасенковский муниципальный округ,661851795.0,0.7 млрд ₽/мес
333,Будённовский — Нефтекумский — Левокумский,1,830,Будённовский муниципальный округ,3147880222.0,3.1 млрд ₽/мес
333,Будённовский — Нефтекумский — Левокумский,2,821,Нефтекумский муниципальный округ,1469549774.0,1.5 млрд ₽/мес
333,Будённовский — Нефтекумский — Левокумский,3,835,Левокумский муниципальный округ,713184960.0,0.7 млрд ₽/мес
334,Новоалександровский — Красногвардейский,1,822,Новоалександровский муниципальный округ,1672238790.0,1.7 млрд ₽/мес
334,Новоалександровский — Красногвардейский,2,833,Красногвардейский муниципальный округ,848101738.0,0.8 млрд ₽/мес
335,Александровский — Новоселицкий,1,826,Александровский муниципальный округ,1058323083.0,1.1 млрд ₽/мес
335,Александровский — Новоселицкий,2,836,Новоселицкий муниципальный округ,530061560.0,0.5 млрд ₽/мес
336,Андроповский,1,827,Андроповский муниципальный округ,788096215.0,0.8 млрд ₽/мес
337,Арзгирский,1,829,Арзгирский муниципальный округ,488293638.0,0.5 млрд ₽/мес
338,Курский — Степновский,1,834,Курский муниципальный округ,1124948760.0,1.1 млрд ₽/мес
338,Курский — Степновский,2,838,Степновский муниципальный округ,443249809.0,0.4 млрд ₽/мес
339,Туркменский,1,840,Туркменский муниципальный округ,443231100.0,0.4 млрд ₽/мес
340,Хабаровск — Хабаровский,1,842,городской округ город Хабаровск,29645235630.0,29.6 млрд ₽/мес
340,Хабаровск — Хабаровский,2,860,Хабаровский муниципальный район,3322055880.0,3.3 млрд ₽/мес
341,Комсомольск-на-Амуре — Комсомольский — Солнечный,1,843,городской округ город Комсомольск-на-Амуре,10186504416.0,10.2 млрд ₽/мес
341,Комсомольск-на-Амуре — Комсомольский — Солнечный,2,850,Комсомольский муниципальный район,820466970.0,0.8 млрд ₽/мес
341,Комсомольск-на-Амуре — Комсомольский — Солнечный,3,857,Солнечный муниципальный район,819167831.0,0.8 млрд ₽/мес
342,Амурский,1,844,Амурский муниципальный район,1911823260.0,1.9 млрд ₽/мес
343,Бикинский,1,846,Бикинский муниципальный район,764971578.0,0.8 млрд ₽/мес
344,Советско-Гаванский — Ванинский — Холмский,1,856,Советско-Гаванский муниципальный район,1419909120.0,1.4 млрд ₽/мес
344,Советско-Гаванский — Ванинский — Холмский,2,847,Ванинский муниципальный район,1405552455.0,1.4 млрд ₽/мес
344,Советско-Гаванский — Ванинский — Холмский,3,1969,городской округ Холмский,1103023704.0,1.1 млрд ₽/мес
345,Верхнебуреинский,1,848,Верхнебуреинский муниципальный район,978079938.0,1.0 млрд ₽/мес
346,Вяземский,1,849,Вяземский муниципальный район,567553514.0,0.6 млрд ₽/мес
347,имени Лазо,1,851,муниципальный район имени Лазо,1013311804.0,1.0 млрд ₽/мес
348,Нанайский,1,852,Нанайский муниципальный район,364812088.0,0.4 млрд ₽/мес
349,Николаевский,1,853,Николаевский муниципальный район,967568735.0,1.0 млрд ₽/мес
350,Охотский,1,854,Охотский муниципальный округ,282917698.0,0.3 млрд ₽/мес
351,имени Полины Осипенко,1,855,муниципальный район имени Полины Осипенко,117778072.0,0.1 млрд ₽/мес
352,Тугуро-Чумиканский,1,858,Тугуро-Чумиканский муниципальный район,85698041.0,0.1 млрд ₽/мес
353,Ульчский,1,859,Ульчский муниципальный район,438612237.0,0.4 млрд ₽/мес
354,Белогорск,1,862,городской округ город Белогорск,0.0,0.0 млрд ₽/мес
355,Зея,1,863,городской округ город Зея,0.0,0.0 млрд ₽/мес
356,Райчихинск,1,864,городской округ город Райчихинск,0.0,0.0 млрд ₽/мес
357,Свободный,1,865,городской округ город Свободный,0.0,0.0 млрд ₽/мес
358,Тында,1,866,городской округ город Тында,0.0,0.0 млрд ₽/мес
359,Шимановск,1,867,городской округ город Шимановск,0.0,0.0 млрд ₽/мес
360,(поселок городского типа) Прогресс,1,868,городской округ рабочий поселок (поселок городского типа) Прогресс,0.0,0.0 млрд ₽/мес
361,Архаринский,1,870,Архаринский муниципальный округ,346910880.0,0.3 млрд ₽/мес
362,Серышевский — Белогорский,1,885,Серышевский муниципальный округ,581256894.0,0.6 млрд ₽/мес
362,Серышевский — Белогорский,2,871,Белогорский муниципальный округ,551609760.0,0.6 млрд ₽/мес
363,Благовещенский — Ивановский,1,872,Благовещенский муниципальный округ,1542909660.0,1.5 млрд ₽/мес
363,Благовещенский — Ивановский,2,876,Ивановский муниципальный округ,627145805.0,0.6 млрд ₽/мес
364,Бурейский,1,873,Бурейский муниципальный округ,470512260.0,0.5 млрд ₽/мес
365,Завитинский,1,874,Завитинский муниципальный округ,306706170.0,0.3 млрд ₽/мес
366,Зейский,1,875,Зейский муниципальный округ,422393401.0,0.4 млрд ₽/мес
367,Константиновский,1,877,Константиновский муниципальный район,275908088.0,0.3 млрд ₽/мес
368,Магдагачинский,1,878,Магдагачинский муниципальный район,492115470.0,0.5 млрд ₽/мес
369,Мазановский,1,879,Мазановский муниципальный район,257944760.0,0.3 млрд ₽/мес
370,Михайловский,1,880,Михайловский муниципальный район,314455152.0,0.3 млрд ₽/мес
371,Октябрьский,1,881,Октябрьский муниципальный район,567975150.0,0.6 млрд ₽/мес
372,Ромненский,1,882,Ромненский муниципальный округ,178307406.0,0.2 млрд ₽/мес
373,Свободненский,1,883,Свободненский муниципальный район,328006958.0,0.3 млрд ₽/мес
374,Селемджинский,1,884,Селемджинский муниципальный район,237032664.0,0.2 млрд ₽/мес
375,Сковородинский,1,886,Сковородинский муниципальный округ,609235150.0,0.6 млрд ₽/мес
376,Тамбовский,1,887,Тамбовский муниципальный округ,0.0,0.0 млрд ₽/мес
377,Тындинский,1,888,Тындинский муниципальный округ,521563700.0,0.5 млрд ₽/мес
378,Шимановский,1,889,Шимановский муниципальный округ,153927301.0,0.2 млрд ₽/мес
379,Архангельск — Северодвинск — Приморский,1,890,городской округ город Архангельск,12548091136.0,12.5 млрд ₽/мес
379,Архангельск — Северодвинск — Приморский,2,896,городской округ Северодвинск,6884361330.0,6.9 млрд ₽/мес
379,Архангельск — Северодвинск — Приморский,3,912,Приморский муниципальный округ,1093011480.0,1.1 млрд ₽/мес
380,Котлас — Коряжма — Котласский,1,892,городской округ Котлас,2369674452.0,2.4 млрд ₽/мес
380,Котлас — Коряжма — Котласский,2,891,городской округ город Коряжма,1016016666.0,1.0 млрд ₽/мес
380,Котлас — Коряжма — Котласский,3,903,Котласский муниципальный округ,419569571.0,0.4 млрд ₽/мес
381,Вельский — Верховажский,1,897,Вельский муниципальный район,1413556758.0,1.4 млрд ₽/мес
381,Вельский — Верховажский,2,1052,Верховажский муниципальный округ,316963712.0,0.3 млрд ₽/мес
382,Верхнетоемский,1,898,Верхнетоемский муниципальный округ,262615150.0,0.3 млрд ₽/мес
383,Вилегодский,1,899,муниципальный округ Вилегодский,222291540.0,0.2 млрд ₽/мес
384,Виноградовский,1,900,Виноградовский муниципальный округ,334920083.0,0.3 млрд ₽/мес
385,Каргопольский,1,901,муниципальный округ Каргопольский,410934460.0,0.4 млрд ₽/мес
386,Коношский,1,902,Коношский муниципальный район,517079666.0,0.5 млрд ₽/мес
387,Красноборский,1,904,Красноборский муниципальный округ,232505856.0,0.2 млрд ₽/мес
388,Ленский,1,905,Ленский муниципальный район,296981048.0,0.3 млрд ₽/мес
389,Мезенский,1,907,Мезенский муниципальный округ,179366460.0,0.2 млрд ₽/мес
390,Няндомский,1,908,Няндомский муниципальный округ,692455286.0,0.7 млрд ₽/мес
391,Онежский,1,909,Онежский муниципальный район,709168704.0,0.7 млрд ₽/мес
392,Пинежский,1,910,Пинежский муниципальный округ,0.0,0.0 млрд ₽/мес
393,Плесецкий,1,911,Плесецкий муниципальный округ,1035508562.0,1.0 млрд ₽/мес
394,Устьянский,1,913,Устьянский муниципальный округ,673513680.0,0.7 млрд ₽/мес
395,Холмогорский,1,914,Холмогорский муниципальный округ,418038960.0,0.4 млрд ₽/мес
396,Шенкурский,1,915,Шенкурский муниципальный округ,270480248.0,0.3 млрд ₽/мес
397,Нарьян-Мар — Заполярный район,1,916,городской округ город Нарьян-Мар,1176755404.0,1.2 млрд ₽/мес
397,Нарьян-Мар — Заполярный район,2,917,муниципальный район Заполярный район,797766192.0,0.8 млрд ₽/мес
398,Астрахань — Приволжский — Наримановский,1,918,городской округ город Астрахань,15216582988.0,15.2 млрд ₽/мес
398,Астрахань — Приволжский — Наримановский,2,928,Приволжский муниципальный район,2066605662.0,2.1 млрд ₽/мес
398,Астрахань — Приволжский — Наримановский,3,927,Наримановский муниципальный район,1377551552.0,1.4 млрд ₽/мес
399,Ахтубинский,1,920,Ахтубинский муниципальный район,1436642730.0,1.4 млрд ₽/мес
400,Лиманский,1,926,Лиманский муниципальный район,576763053.0,0.6 млрд ₽/мес
401,Харабалинский,1,929,Харабалинский муниципальный район,778072254.0,0.8 млрд ₽/мес
402,Черноярский,1,930,Черноярский муниципальный район,386828410.0,0.4 млрд ₽/мес
403,Ярославль — Владимир — Иваново,1,2318,городской округ город Ярославль,21830099653.0,21.8 млрд ₽/мес
403,Ярославль — Владимир — Иваново,2,986,городской округ город Владимир,13275262020.0,13.3 млрд ₽/мес
403,Ярославль — Владимир — Иваново,3,1107,городской округ Иваново,12816273372.0,12.8 млрд ₽/мес
404,округ Муром — Выкса — Кулебаки,1,989,городской округ округ Муром,3643405864.0,3.6 млрд ₽/мес
404,округ Муром — Выкса — Кулебаки,2,1526,городской округ город Выкса,2542731732.0,2.5 млрд ₽/мес
404,округ Муром — Выкса — Кулебаки,3,1528,городской округ город Кулебаки,1289592832.0,1.3 млрд ₽/мес
405,Волгоград — Волжский — Среднеахтубинский,1,1007,городской округ город-герой Волгоград,34950239196.0,35.0 млрд ₽/мес
405,Волгоград — Волжский — Среднеахтубинский,2,1008,городской округ город Волжский,10087040000.0,10.1 млрд ₽/мес
405,Волгоград — Волжский — Среднеахтубинский,3,1039,Среднеахтубинский муниципальный район,1736263720.0,1.7 млрд ₽/мес
406,Камышин,1,1009,городской округ город Камышин,3265845976.0,3.3 млрд ₽/мес
407,Михайловка,1,1010,городской округ город Михайловка,2232270180.0,2.2 млрд ₽/мес
408,Урюпинск — Новониколаевский,1,1011,городской округ город Урюпинск,913894080.0,0.9 млрд ₽/мес
408,Урюпинск — Новониколаевский,2,1032,Новониколаевский муниципальный район,470809970.0,0.5 млрд ₽/мес
409,Фролово — Фроловский,1,1012,городской округ город Фролово,854154135.0,0.9 млрд ₽/мес
409,Фролово — Фроловский,2,1043,Фроловский муниципальный район,320975353.0,0.3 млрд ₽/мес
410,Новоаннинский — Алексеевский — Киквидзенский,1,1031,Новоаннинский муниципальный район,777822957.0,0.8 млрд ₽/мес
410,Новоаннинский — Алексеевский — Киквидзенский,2,1013,Алексеевский муниципальный район,328359330.0,0.3 млрд ₽/мес
410,Новоаннинский — Алексеевский — Киквидзенский,3,1023,Киквидзенский муниципальный район,326478560.0,0.3 млрд ₽/мес
411,Николаевский — Быковский,1,1030,Николаевский муниципальный район,618244297.0,0.6 млрд ₽/мес
411,Николаевский — Быковский,2,1014,Быковский муниципальный район,491388434.0,0.5 млрд ₽/мес
412,Даниловский,1,1016,Даниловский муниципальный район,272537375.0,0.3 млрд ₽/мес
413,Еланский — Самойловский,1,1018,Еланский муниципальный район,663478816.0,0.7 млрд ₽/мес
413,Еланский — Самойловский,2,1945,Самойловский муниципальный район,326270560.0,0.3 млрд ₽/мес
414,Жирновский — Руднянский,1,1019,Жирновский муниципальный район,879066008.0,0.9 млрд ₽/мес
414,Жирновский — Руднянский,2,1036,Руднянский муниципальный район,322948710.0,0.3 млрд ₽/мес
415,Иловлинский,1,1020,Иловлинский муниципальный район,695877600.0,0.7 млрд ₽/мес
416,Калачевский,1,1021,Калачевский муниципальный район,1328233086.0,1.3 млрд ₽/мес
417,Клетский,1,1024,Клетский муниципальный район,352061736.0,0.4 млрд ₽/мес
418,Котельниковский,1,1025,Котельниковский муниципальный район,969865650.0,1.0 млрд ₽/мес
419,Котовский,1,1026,Котовский муниципальный район,681528384.0,0.7 млрд ₽/мес
420,Кумылженский,1,1027,Кумылженский муниципальный район,363248184.0,0.4 млрд ₽/мес
421,Нехаевский,1,1029,Нехаевский муниципальный район,289765995.0,0.3 млрд ₽/мес
422,Октябрьский,1,1033,Октябрьский муниципальный район,446351560.0,0.4 млрд ₽/мес
423,Ольховский,1,1034,Ольховский муниципальный район,352477860.0,0.4 млрд ₽/мес
424,Палласовский,1,1035,Палласовский муниципальный район,828393261.0,0.8 млрд ₽/мес
425,Светлоярский,1,1037,Светлоярский муниципальный район,775726497.0,0.8 млрд ₽/мес
426,Серафимовичский,1,1038,Серафимовичский муниципальный район,501892921.0,0.5 млрд ₽/мес
427,Старополтавский,1,1040,Старополтавский муниципальный район,357927490.0,0.4 млрд ₽/мес
428,Суровикинский,1,1041,Суровикинский муниципальный район,770057280.0,0.8 млрд ₽/мес
429,Чернышковский,1,1044,Чернышковский муниципальный район,291613616.0,0.3 млрд ₽/мес
430,Бабаевский,1,1047,Бабаевский муниципальный округ,512188535.0,0.5 млрд ₽/мес
431,Тотемский — Бабушкинский,1,1066,Тотемский муниципальный округ,581091038.0,0.6 млрд ₽/мес
431,Тотемский — Бабушкинский,2,1048,Бабушкинский муниципальный округ,216608975.0,0.2 млрд ₽/мес
432,Белозерский,1,1049,Белозерский муниципальный округ,354958135.0,0.4 млрд ₽/мес
433,Великоустюгский,1,1051,Великоустюгский муниципальный округ,1429235523.0,1.4 млрд ₽/мес
434,Вожегодский,1,1053,Вожегодский муниципальный округ,341636734.0,0.3 млрд ₽/мес
435,Вологодский — Сокольский — Грязовецкий,1,1054,Вологодский муниципальный округ,1677276832.0,1.7 млрд ₽/мес
435,Вологодский — Сокольский — Грязовецкий,2,1063,Сокольский муниципальный округ,1262238848.0,1.3 млрд ₽/мес
435,Вологодский — Сокольский — Грязовецкий,3,1056,Грязовецкий муниципальный округ,797420420.0,0.8 млрд ₽/мес
436,Вытегорский,1,1055,Вытегорский муниципальный район,682711093.0,0.7 млрд ₽/мес
437,Кадуйский,1,1057,Кадуйский муниципальный округ,428704104.0,0.4 млрд ₽/мес
438,Кирилловский,1,1058,Кирилловский муниципальный округ,328433048.0,0.3 млрд ₽/мес
439,Кичменгско-Городецкий,1,1059,Кичменгско-Городецкий муниципальный округ,338845496.0,0.3 млрд ₽/мес
440,Междуреченский,1,1060,Междуреченский муниципальный округ,108233260.0,0.1 млрд ₽/мес
441,Никольский,1,1061,Никольский муниципальный округ,458251703.0,0.5 млрд ₽/мес
442,Тарногский — Нюксенский,1,1065,Тарногский муниципальный округ,259784525.0,0.3 млрд ₽/мес
442,Тарногский — Нюксенский,2,1062,Нюксенский муниципальный округ,206731164.0,0.2 млрд ₽/мес
443,Сямженский,1,1064,Сямженский муниципальный округ,180929010.0,0.2 млрд ₽/мес
444,Бежецкий — Пестовский — Устюженский,1,2111,муниципальный округ Бежецкий,804340038.0,0.8 млрд ₽/мес
444,Бежецкий — Пестовский — Устюженский,2,1589,муниципальный округ Пестовский,529632544.0,0.5 млрд ₽/мес
444,Бежецкий — Пестовский — Устюженский,3,1068,Устюженский муниципальный округ,385890650.0,0.4 млрд ₽/мес
445,Харовский,1,1069,Харовский муниципальный округ,322938428.0,0.3 млрд ₽/мес
446,Чагодощенский,1,1070,Чагодощенский муниципальный округ,324108677.0,0.3 млрд ₽/мес
447,Череповецкий,1,1071,Череповецкий муниципальный район,1224748884.0,1.2 млрд ₽/мес
448,Шекснинский,1,1072,Шекснинский муниципальный район,822363768.0,0.8 млрд ₽/мес
449,Чкаловск — Юрьевецкий — Пучежский,1,1536,городской округ город Чкаловск,493560133.0,0.5 млрд ₽/мес
449,Чкаловск — Юрьевецкий — Пучежский,2,1133,Юрьевецкий муниципальный район,250912568.0,0.3 млрд ₽/мес
449,Чкаловск — Юрьевецкий — Пучежский,3,1126,Пучежский муниципальный район,219359008.0,0.2 млрд ₽/мес
450,Иркутск — Ангарский — Иркутский,1,1134,городской округ город Иркутск,24745312521.0,24.7 млрд ₽/мес
450,Иркутск — Ангарский — Иркутский,2,1135,городской округ Ангарский,7608209730.0,7.6 млрд ₽/мес
450,Иркутск — Ангарский — Иркутский,3,1150,Иркутский муниципальный район,6726447549.0,6.7 млрд ₽/мес
451,Братск — Братский,1,1136,городской округ город Братск,8438518980.0,8.4 млрд ₽/мес
451,Братск — Братский,2,1146,Братский муниципальный район,1179010560.0,1.2 млрд ₽/мес
452,Саянск — Зима — Зиминский,1,1138,городской округ город Саянск,1118054028.0,1.1 млрд ₽/мес
452,Саянск — Зима — Зиминский,2,1137,городской округ Зима,831387279.0,0.8 млрд ₽/мес
452,Саянск — Зима — Зиминский,3,1149,Зиминский муниципальный район,325914140.0,0.3 млрд ₽/мес
453,Тулун,1,1139,городской округ город Тулун,1149776719.0,1.1 млрд ₽/мес
454,Усть-Илимск — Усть-Илимский,1,1141,городской округ город Усть-Илимск,2955267048.0,3.0 млрд ₽/мес
454,Усть-Илимск — Усть-Илимский,2,1164,Усть-Илимский муниципальный район,320005420.0,0.3 млрд ₽/мес
455,Черемхово — Черемховский — Заларинский,1,1142,городской округ город Черемхово,1657475640.0,1.7 млрд ₽/мес
455,Черемхово — Черемховский — Заларинский,2,1167,Черемховский муниципальный район,717998220.0,0.7 млрд ₽/мес
455,Черемхово — Черемховский — Заларинский,3,1148,Заларинский муниципальный район,686202580.0,0.7 млрд ₽/мес
456,Балаганский,1,1144,Балаганский муниципальный район,213318567.0,0.2 млрд ₽/мес
457,Жигаловский,1,1147,Жигаловский муниципальный район,294378894.0,0.3 млрд ₽/мес
458,Казачинско-Ленский,1,1151,Казачинско-Ленский муниципальный район,564060210.0,0.6 млрд ₽/мес
459,Катангский,1,1152,Катангский муниципальный район,121047160.0,0.1 млрд ₽/мес
460,Качугский,1,1153,Качугский муниципальный район,381771588.0,0.4 млрд ₽/мес
461,Киренский,1,1154,Киренский муниципальный район,549074880.0,0.5 млрд ₽/мес
462,Куйтунский,1,1155,Куйтунский муниципальный район,713994672.0,0.7 млрд ₽/мес
463,Нижнеилимский,1,1157,Нижнеилимский муниципальный район,1381222778.0,1.4 млрд ₽/мес
464,Нижнеудинский,1,1158,Нижнеудинский муниципальный район,1428984418.0,1.4 млрд ₽/мес
465,Ольхонский,1,1159,Ольхонский муниципальный район,257850351.0,0.3 млрд ₽/мес
466,Слюдянский,1,1160,Слюдянский муниципальный район,1082288808.0,1.1 млрд ₽/мес
467,Тайшетский,1,1161,Тайшетский муниципальный район,2083561326.0,2.1 млрд ₽/мес
468,Усть-Кутский,1,1165,Усть-Кутский муниципальный район,1705037882.0,1.7 млрд ₽/мес
469,Усть-Удинский,1,1166,Усть-Удинский муниципальный район,336501538.0,0.3 млрд ₽/мес
470,Чунский,1,1168,Чунский муниципальный район,680692176.0,0.7 млрд ₽/мес
471,Баяндаевский,1,1171,Баяндаевский муниципальный район,256862180.0,0.3 млрд ₽/мес
472,Боханский — Осинский,1,1172,Боханский муниципальный район,575461807.0,0.6 млрд ₽/мес
472,Боханский — Осинский,2,1174,Осинский муниципальный район,481802784.0,0.5 млрд ₽/мес
473,Эхирит-Булагатский,1,1175,Эхирит-Булагатский муниципальный район,713186698.0,0.7 млрд ₽/мес
474,Калининград — Гурьевский — Зеленоградский,1,1176,городской округ город Калининград,19888860416.0,19.9 млрд ₽/мес
474,Калининград — Гурьевский — Зеленоградский,2,1186,муниципальный округ Гурьевский,4451016005.0,4.5 млрд ₽/мес
474,Калининград — Гурьевский — Зеленоградский,3,1188,муниципальный округ Зеленоградский,1660162368.0,1.7 млрд ₽/мес
475,Тула — Калуга — Орёл,1,2164,городской округ город Тула,21678296784.0,21.7 млрд ₽/мес
475,Тула — Калуга — Орёл,2,1198,городской округ город Калуга,13684239425.0,13.7 млрд ₽/мес
475,Тула — Калуга — Орёл,3,1707,городской округ город Орёл,9733026116.0,9.7 млрд ₽/мес
476,Балашиха — Одинцовский — Красногорск,1,1439,городской округ Балашиха,26346732928.0,26.3 млрд ₽/мес
476,Балашиха — Одинцовский — Красногорск,2,2651,городской округ Одинцовский,24754844376.0,24.8 млрд ₽/мес
476,Балашиха — Одинцовский — Красногорск,3,1459,городской округ Красногорск,18650188428.0,18.7 млрд ₽/мес
477,Спас-Деменский,1,1217,Спас-Деменский муниципальный район,184457434.0,0.2 млрд ₽/мес
478,Кемеровский — Кемеровский — Березовский,1,1224,городской округ Кемеровский,21443080400.0,21.4 млрд ₽/мес
478,Кемеровский — Кемеровский — Березовский,2,1243,Кемеровский муниципальный округ,1627929058.0,1.6 млрд ₽/мес
478,Кемеровский — Кемеровский — Березовский,3,1227,городской округ Березовский,1431645016.0,1.4 млрд ₽/мес
479,Анжеро-Судженский — Яйский — Ижморский,1,1225,городской округ Анжеро-Судженский,2089391829.0,2.1 млрд ₽/мес
479,Анжеро-Судженский — Яйский — Ижморский,2,1256,Яйский муниципальный округ,414864524.0,0.4 млрд ₽/мес
479,Анжеро-Судженский — Яйский — Ижморский,3,1242,Ижморский муниципальный округ,236818538.0,0.2 млрд ₽/мес
480,Беловский — Ленинск-Кузнецкий — Гурьевский,1,1226,городской округ Беловский,3919665750.0,3.9 млрд ₽/мес
480,Беловский — Ленинск-Кузнецкий — Гурьевский,2,1230,городской округ Ленинск-Кузнецкий,3100754520.0,3.1 млрд ₽/мес
480,Беловский — Ленинск-Кузнецкий — Гурьевский,3,1241,Гурьевский муниципальный округ,1036983774.0,1.0 млрд ₽/мес
481,Новокузнецкий — Прокопьевский — Киселевский,1,1233,городской округ Новокузнецкий,19874855376.0,19.9 млрд ₽/мес
481,Новокузнецкий — Прокопьевский — Киселевский,2,1236,городской округ Прокопьевский,5821024196.0,5.8 млрд ₽/мес
481,Новокузнецкий — Прокопьевский — Киселевский,3,1229,городской округ Киселевский,2830168700.0,2.8 млрд ₽/мес
482,Междуреченский — Мысковский,1,1231,городской округ Междуреченский,3535649352.0,3.5 млрд ₽/мес
482,Междуреченский — Мысковский,2,1232,городской округ Мысковский,1268616330.0,1.3 млрд ₽/мес
483,Юргинский — Яшкинский — Болотнинский,1,1238,городской округ Юргинский,2612911455.0,2.6 млрд ₽/мес
483,Юргинский — Яшкинский — Болотнинский,2,1257,Яшкинский муниципальный округ,735501088.0,0.7 млрд ₽/мес
483,Юргинский — Яшкинский — Болотнинский,3,1604,Болотнинский муниципальный район,683912470.0,0.7 млрд ₽/мес
484,Крапивинский,1,1244,Крапивинский муниципальный округ,573548895.0,0.6 млрд ₽/мес
485,Мариинский — Чебулинский,1,1246,Мариинский муниципальный округ,1380893324.0,1.4 млрд ₽/мес
485,Мариинский — Чебулинский,2,1254,Чебулинский муниципальный округ,339520631.0,0.3 млрд ₽/мес
486,Промышленновский,1,1249,Промышленновский муниципальный округ,1229970942.0,1.2 млрд ₽/мес
487,Таштагольский,1,1250,Таштагольский муниципальный район,1718138028.0,1.7 млрд ₽/мес
488,Тисульский — Тяжинский,1,1251,Тисульский муниципальный округ,483330612.0,0.5 млрд ₽/мес
488,Тисульский — Тяжинский,2,1253,Тяжинский муниципальный округ,452374791.0,0.5 млрд ₽/мес
489,Киров — Кирово-Чепецк — Слободской,1,1258,городской округ город Киров,18312222087.0,18.3 млрд ₽/мес
489,Киров — Кирово-Чепецк — Слободской,2,1260,городской округ город Кирово-Чепецк,2023913424.0,2.0 млрд ₽/мес
489,Киров — Кирово-Чепецк — Слободской,3,1293,Слободской муниципальный район,724552314.0,0.7 млрд ₽/мес
490,Котельнич — Котельничский — Орловский,1,1261,городской округ город Котельнич,450029382.0,0.5 млрд ₽/мес
490,Котельнич — Котельничский — Орловский,2,1276,Котельничский муниципальный район,194663430.0,0.2 млрд ₽/мес
490,Котельнич — Котельничский — Орловский,3,1288,Орловский муниципальный район,181276512.0,0.2 млрд ₽/мес
491,Афанасьевский,1,1265,муниципальный округ Афанасьевский,213127005.0,0.2 млрд ₽/мес
492,Богородский,1,1267,муниципальный округ Богородский,56793624.0,0.1 млрд ₽/мес
493,Верхнекамский,1,1268,муниципальный округ Верхнекамский,451936800.0,0.5 млрд ₽/мес
494,Верхошижемский,1,1269,Верхошижемский муниципальный район,133675716.0,0.1 млрд ₽/мес
495,Даровской,1,1271,Даровской муниципальный район,162956892.0,0.2 млрд ₽/мес
496,Зуевский — Фаленский,1,1272,Зуевский муниципальный район,346877110.0,0.3 млрд ₽/мес
496,Зуевский — Фаленский,2,1299,муниципальный округ Фаленский,136564736.0,0.1 млрд ₽/мес
497,Нолинский — Куменский — Сунский,1,1284,Нолинский муниципальный район,314422284.0,0.3 млрд ₽/мес
497,Нолинский — Куменский — Сунский,2,1277,Куменский муниципальный район,306660110.0,0.3 млрд ₽/мес
497,Нолинский — Куменский — Сунский,3,1295,Сунский муниципальный район,88002110.0,0.1 млрд ₽/мес
498,Лузский,1,1279,муниципальный округ Лузский,283522005.0,0.3 млрд ₽/мес
499,Мурашинский,1,1281,муниципальный округ Мурашинский,180832296.0,0.2 млрд ₽/мес
500,Нагорский,1,1282,Нагорский муниципальный район,113606250.0,0.1 млрд ₽/мес
501,Омутнинский,1,1285,Омутнинский муниципальный район,802341196.0,0.8 млрд ₽/мес
502,Опаринский,1,1286,муниципальный округ Опаринский,144949689.0,0.1 млрд ₽/мес
503,Подосиновский,1,1290,Подосиновский муниципальный район,235341290.0,0.2 млрд ₽/мес
504,Шабалинский — Свечинский,1,1300,Шабалинский муниципальный район,147855120.0,0.1 млрд ₽/мес
504,Шабалинский — Свечинский,2,1292,муниципальный округ Свечинский,119957696.0,0.1 млрд ₽/мес
505,Унинский,1,1297,муниципальный округ Унинский,108734157.0,0.1 млрд ₽/мес
506,Уржумский,1,1298,Уржумский муниципальный район,412649900.0,0.4 млрд ₽/мес
507,Юрьянский,1,1301,Юрьянский муниципальный район,330418140.0,0.3 млрд ₽/мес
508,Галич — Нейский — Чухломский,1,1306,городской округ город Галич,336039592.0,0.3 млрд ₽/мес
508,Галич — Нейский — Чухломский,2,1320,Нейский муниципальный округ,233724496.0,0.2 млрд ₽/мес
508,Галич — Нейский — Чухломский,3,1331,Чухломский муниципальный район,175123599.0,0.2 млрд ₽/мес
509,Шарья — Шарьинский,1,1308,городской округ город Шарья,795242008.0,0.8 млрд ₽/мес
509,Шарья — Шарьинский,2,1332,Шарьинский муниципальный район,163611156.0,0.2 млрд ₽/мес
510,Вохомский — Октябрьский — Пыщугский,1,1311,Вохомский муниципальный район,136133658.0,0.1 млрд ₽/мес
510,Вохомский — Октябрьский — Пыщугский,2,1322,Октябрьский муниципальный район,70461938.0,0.1 млрд ₽/мес
510,Вохомский — Октябрьский — Пыщугский,3,1327,Пыщугский муниципальный округ,69306069.0,0.1 млрд ₽/мес
511,Макарьевский — Кадыйский,1,1317,Макарьевский муниципальный район,200100285.0,0.2 млрд ₽/мес
511,Макарьевский — Кадыйский,2,1313,Кадыйский муниципальный район,123587904.0,0.1 млрд ₽/мес
512,Кологривский,1,1314,Кологривский муниципальный округ,84827100.0,0.1 млрд ₽/мес
513,Межевской,1,1319,Межевской муниципальный округ,57773922.0,0.1 млрд ₽/мес
514,Поназыревский,1,1326,Поназыревский муниципальный округ,102111576.0,0.1 млрд ₽/мес
515,Курган — Кетовский — Варгашинский,1,1333,городской округ город Курган,10039966924.0,10.0 млрд ₽/мес
515,Курган — Кетовский — Варгашинский,2,1342,Кетовский муниципальный округ,1451496884.0,1.5 млрд ₽/мес
515,Курган — Кетовский — Варгашинский,3,1337,Варгашинский муниципальный округ,296971330.0,0.3 млрд ₽/мес
516,Шадринск — Шадринский,1,1334,городской округ город Шадринск,1865859624.0,1.9 млрд ₽/мес
516,Шадринск — Шадринский,2,1354,Шадринский муниципальный округ,545055651.0,0.5 млрд ₽/мес
517,Шумихинский — Щучанский — Сафакулевский,1,1356,муниципальный округ Шумихинский,540443101.0,0.5 млрд ₽/мес
517,Шумихинский — Щучанский — Сафакулевский,2,1357,Щучанский муниципальный округ,373485640.0,0.4 млрд ₽/мес
517,Шумихинский — Щучанский — Сафакулевский,3,1351,Сафакулевский муниципальный округ,195643015.0,0.2 млрд ₽/мес
518,Каменск-Уральский — Каменский — Далматовский,1,1986,городской округ город Каменск-Уральский,5660568121.0,5.7 млрд ₽/мес
518,Каменск-Уральский — Каменский — Далматовский,2,2024,городской округ Каменский,831062050.0,0.8 млрд ₽/мес
518,Каменск-Уральский — Каменский — Далматовский,3,1338,Далматовский муниципальный округ,496820384.0,0.5 млрд ₽/мес
519,Звериноголовский,1,1339,Звериноголовский муниципальный округ,117965631.0,0.1 млрд ₽/мес
520,Каргапольский,1,1340,Каргапольский муниципальный округ,529097341.0,0.5 млрд ₽/мес
521,Куртамышский,1,1343,Куртамышский муниципальный округ,489030042.0,0.5 млрд ₽/мес
522,Лебяжьевский,1,1344,Лебяжьевский муниципальный округ,210712719.0,0.2 млрд ₽/мес
523,Макушинский,1,1345,муниципальный округ Макушинский,247859331.0,0.2 млрд ₽/мес
524,Юргамышский — Мишкинский,1,1358,Юргамышский муниципальный округ,342333222.0,0.3 млрд ₽/мес
524,Юргамышский — Мишкинский,2,1346,Мишкинский муниципальный округ,257379408.0,0.3 млрд ₽/мес
525,Мокроусовский,1,1347,Мокроусовский муниципальный округ,173722237.0,0.2 млрд ₽/мес
526,Петуховский,1,1348,Петуховский муниципальный округ,268960546.0,0.3 млрд ₽/мес
527,Половинский,1,1349,Половинский муниципальный округ,138267360.0,0.1 млрд ₽/мес
528,Притобольный,1,1350,Притобольный муниципальный округ,171295152.0,0.2 млрд ₽/мес
529,Целинный,1,1352,Целинный муниципальный округ,209773638.0,0.2 млрд ₽/мес
530,Бердюжский — Частоозерский,1,2198,Бердюжский муниципальный район,268982415.0,0.3 млрд ₽/мес
530,Бердюжский — Частоозерский,2,1353,Частоозерский муниципальный округ,89873840.0,0.1 млрд ₽/мес
531,Шатровский,1,1355,Шатровский муниципальный округ,269051796.0,0.3 млрд ₽/мес
532,Тихвинский — Бокситогорский,1,1407,Тихвинский муниципальный район,2395451530.0,2.4 млрд ₽/мес
532,Тихвинский — Бокситогорский,2,1392,Бокситогорский муниципальный район,1691742430.0,1.7 млрд ₽/мес
533,Всеволожский — Гатчинский — Тосненский,1,1395,Всеволожский муниципальный район,27163513520.0,27.2 млрд ₽/мес
533,Всеволожский — Гатчинский — Тосненский,2,1397,Гатчинский муниципальный район,10969540290.0,11.0 млрд ₽/мес
533,Всеволожский — Гатчинский — Тосненский,3,1408,Тосненский муниципальный район,5402646210.0,5.4 млрд ₽/мес
534,Волховский,1,1394,Волховский муниципальный район,2902625668.0,2.9 млрд ₽/мес
535,Выборгский,1,1396,Выборгский муниципальный район,8075310342.0,8.1 млрд ₽/мес
536,Кингисеппский,1,1398,Кингисеппский муниципальный район,3491075319.0,3.5 млрд ₽/мес
537,Киришский,1,1399,Киришский муниципальный район,2197888238.0,2.2 млрд ₽/мес
538,Лодейнопольский — Подпорожский,1,1401,Лодейнопольский муниципальный район,991822176.0,1.0 млрд ₽/мес
538,Лодейнопольский — Подпорожский,2,1404,Подпорожский муниципальный район,815755381.0,0.8 млрд ₽/мес
539,Лужский,1,1403,Лужский муниципальный район,2876069112.0,2.9 млрд ₽/мес
540,Приозерский,1,1405,Приозерский муниципальный район,2159313990.0,2.2 млрд ₽/мес
541,Сланцевский — Гдовский,1,1406,Сланцевский муниципальный район,1599504120.0,1.6 млрд ₽/мес
541,Сланцевский — Гдовский,2,1768,Гдовский муниципальный район,198289152.0,0.2 млрд ₽/мес
542,Липецк — Елец — Мичуринск,1,1410,городской округ город Липецк,18443276820.0,18.4 млрд ₽/мес
542,Липецк — Елец — Мичуринск,2,1411,городской округ город Елец,3231413100.0,3.2 млрд ₽/мес
542,Липецк — Елец — Мичуринск,3,2074,городской округ город Мичуринск,2424540780.0,2.4 млрд ₽/мес
543,Добринский — Жердевский — Токарёвский,1,1415,Добринский муниципальный район,773629812.0,0.8 млрд ₽/мес
543,Добринский — Жердевский — Токарёвский,2,2080,Жердевский муниципальный округ,588976708.0,0.6 млрд ₽/мес
543,Добринский — Жердевский — Токарёвский,3,2098,Токарёвский муниципальный округ,330392110.0,0.3 млрд ₽/мес
544,Усманский,1,1427,Усманский муниципальный район,1205844560.0,1.2 млрд ₽/мес
545,Магадан — Ольский,1,1430,городской округ город Магадан,5722470912.0,5.7 млрд ₽/мес
545,Магадан — Ольский,2,1431,муниципальный округ Ольский,368328636.0,0.4 млрд ₽/мес
546,Омсукчанский,1,1432,муниципальный округ Омсукчанский,204280175.0,0.2 млрд ₽/мес
547,Среднеканский,1,1434,муниципальный округ Среднеканский,104470080.0,0.1 млрд ₽/мес
548,Сусуманский,1,1435,муниципальный округ Сусуманский,336750958.0,0.3 млрд ₽/мес
549,Тенькинский,1,1436,муниципальный округ Тенькинский,163801976.0,0.2 млрд ₽/мес
550,Хасынский,1,1437,муниципальный округ Хасынский,307297172.0,0.3 млрд ₽/мес
551,Ягоднинский,1,1438,муниципальный округ Ягоднинский,310977204.0,0.3 млрд ₽/мес
552,Химки — Марьино — Выхино-Жулебино,1,3008,городской округ Химки,14357074260.0,14.4 млрд ₽/мес
552,Химки — Марьино — Выхино-Жулебино,2,2551,внутригородская территория города федерального значения муниципальный округ Марьино,13717637918.0,13.7 млрд ₽/мес
552,Химки — Марьино — Выхино-Жулебино,3,2546,внутригородская территория города федерального значения муниципальный округ Выхино-Жулебино,11882650914.0,11.9 млрд ₽/мес
553,Рязань — Коломна — Воскресенск,1,1845,городской округ город Рязань,19360852764.0,19.4 млрд ₽/мес
553,Рязань — Коломна — Воскресенск,2,2808,городской округ Коломна,9079728088.0,9.1 млрд ₽/мес
553,Рязань — Коломна — Воскресенск,3,1490,городской округ Воскресенск,6567967035.0,6.6 млрд ₽/мес
554,Ступино — Кашира,1,1480,городской округ Ступино,4909677498.0,4.9 млрд ₽/мес
554,Ступино — Кашира,2,1454,городской округ Кашира,2646251003.0,2.6 млрд ₽/мес
555,Павловский Посад,1,1471,городской округ Павловский Посад,0.0,0.0 млрд ₽/мес
556,Можайский — Рузский,1,1495,городской округ Можайский,3747331971.0,3.7 млрд ₽/мес
556,Можайский — Рузский,2,1477,городской округ Рузский,3132818028.0,3.1 млрд ₽/мес
557,Волоколамский — Шаховская — Лотошино,1,1489,городской округ Волоколамский,2469106150.0,2.5 млрд ₽/мес
557,Волоколамский — Шаховская — Лотошино,2,1486,городской округ Шаховская,1068517275.0,1.1 млрд ₽/мес
557,Волоколамский — Шаховская — Лотошино,3,1494,городской округ Лотошино,642726162.0,0.6 млрд ₽/мес
558,Электрогорск,1,1487,городской округ Электрогорск,0.0,0.0 млрд ₽/мес
559,Мурманск — Кольский,1,1506,городской округ город Мурманск,13455923217.0,13.5 млрд ₽/мес
559,Мурманск — Кольский,2,1519,Кольский муниципальный район,1162300608.0,1.2 млрд ₽/мес
560,Апатиты — Кировск,1,1507,муниципальный округ город Апатиты,2433112523.0,2.4 млрд ₽/мес
560,Апатиты — Кировск,2,1508,муниципальный округ город Кировск,1379672448.0,1.4 млрд ₽/мес
561,Мончегорск — Оленегорск,1,1509,муниципальный округ город Мончегорск,1790392086.0,1.8 млрд ₽/мес
561,Мончегорск — Оленегорск,2,1510,муниципальный округ город Оленегорск,1174621917.0,1.2 млрд ₽/мес
562,Кандалакшский — Полярные Зори,1,1518,Кандалакшский муниципальный район,1752505470.0,1.8 млрд ₽/мес
562,Кандалакшский — Полярные Зори,2,1511,муниципальный округ город Полярные Зори,761000584.0,0.8 млрд ₽/мес
563,Ковдорский,1,1512,Ковдорский муниципальный округ,817012269.0,0.8 млрд ₽/мес
564,Ловозерский,1,1520,Ловозерский муниципальный район,366357980.0,0.4 млрд ₽/мес
565,Печенгский,1,1521,Печенгский муниципальный округ,1495467776.0,1.5 млрд ₽/мес
566,Терский,1,1522,Терский муниципальный район,172313244.0,0.2 млрд ₽/мес
567,Семеновский,1,1532,городской округ Семеновский,1194060690.0,1.2 млрд ₽/мес
568,Шахунья — Тоншаевский — Шарангский,1,1533,городской округ город Шахунья,711235406.0,0.7 млрд ₽/мес
568,Шахунья — Тоншаевский — Шарангский,2,1571,Тоншаевский муниципальный округ,367297547.0,0.4 млрд ₽/мес
568,Шахунья — Тоншаевский — Шарангский,3,1573,Шарангский муниципальный округ,276235848.0,0.3 млрд ₽/мес
569,Сокольский,1,1535,городской округ Сокольский,259713824.0,0.3 млрд ₽/мес
570,Ардатовский — Дивеевский,1,1537,Ардатовский муниципальный округ,494145978.0,0.5 млрд ₽/мес
570,Ардатовский — Дивеевский,2,1555,Дивеевский муниципальный округ,403131242.0,0.4 млрд ₽/мес
571,Краснобаковский — Воскресенский — Варнавинский,1,1558,Краснобаковский муниципальный округ,447509040.0,0.4 млрд ₽/мес
571,Краснобаковский — Воскресенский — Варнавинский,2,1551,Воскресенский муниципальный округ,372725752.0,0.4 млрд ₽/мес
571,Краснобаковский — Воскресенский — Варнавинский,3,1545,Варнавинский муниципальный округ,245842604.0,0.2 млрд ₽/мес
572,Уренский — Ветлужский,1,1572,Уренский муниципальный округ,735253332.0,0.7 млрд ₽/мес
572,Уренский — Ветлужский,2,1547,Ветлужский муниципальный округ,310095086.0,0.3 млрд ₽/мес
573,Ковернинский,1,1557,Ковернинский муниципальный округ,411517098.0,0.4 млрд ₽/мес
574,Великий Новгород — Новгородский,1,1575,городской округ Великий Новгород,8566760200.0,8.6 млрд ₽/мес
574,Великий Новгород — Новгородский,2,1586,Новгородский муниципальный район,2357884760.0,2.4 млрд ₽/мес
575,Боровичский — Окуловский — Мошенской,1,1577,Боровичский муниципальный район,1883120354.0,1.9 млрд ₽/мес
575,Боровичский — Окуловский — Мошенской,2,1587,Окуловский муниципальный район,507451751.0,0.5 млрд ₽/мес
575,Боровичский — Окуловский — Мошенской,3,1585,муниципальный округ Мошенской,133216920.0,0.1 млрд ₽/мес
576,Валдайский,1,1578,Валдайский муниципальный район,658264416.0,0.7 млрд ₽/мес
577,Старорусский — Порховский — Дедовичский,1,1592,Старорусский муниципальный район,1019992552.0,1.0 млрд ₽/мес
577,Старорусский — Порховский — Дедовичский,2,1782,Порховский муниципальный район,362845555.0,0.4 млрд ₽/мес
577,Старорусский — Порховский — Дедовичский,3,1769,Дедовичский муниципальный район,284087859.0,0.3 млрд ₽/мес
578,Демянский,1,1580,муниципальный округ Демянский,227751040.0,0.2 млрд ₽/мес
579,Крестецкий,1,1581,муниципальный округ Крестецкий,301935165.0,0.3 млрд ₽/мес
580,Любытинский,1,1582,Любытинский муниципальный район,192297440.0,0.2 млрд ₽/мес
581,Маловишерский,1,1583,Маловишерский муниципальный район,366164008.0,0.4 млрд ₽/мес
582,Марёвский,1,1584,муниципальный округ Марёвский,71254106.0,0.1 млрд ₽/мес
583,Холмский — Поддорский,1,1594,Холмский муниципальный район,114631027.0,0.1 млрд ₽/мес
583,Холмский — Поддорский,2,1590,Поддорский муниципальный район,76030640.0,0.1 млрд ₽/мес
584,Хвойнинский,1,1593,муниципальный округ Хвойнинский,371353765.0,0.4 млрд ₽/мес
585,Чудовский,1,1595,Чудовский муниципальный район,548662260.0,0.5 млрд ₽/мес
586,Новосибирск — Новосибирский — Бердск,1,1597,городской округ город Новосибирск,65064848373.0,65.1 млрд ₽/мес
586,Новосибирск — Новосибирский — Бердск,2,1620,Новосибирский муниципальный район,6867507946.0,6.9 млрд ₽/мес
586,Новосибирск — Новосибирский — Бердск,3,1598,городской округ город Бердск,3768311960.0,3.8 млрд ₽/мес
587,Купинский — Баганский,1,1616,Купинский муниципальный район,621681326.0,0.6 млрд ₽/мес
587,Купинский — Баганский,2,1602,Баганский муниципальный район,332980604.0,0.3 млрд ₽/мес
588,Куйбышевский — Барабинский,1,1615,Куйбышевский муниципальный район,1524149178.0,1.5 млрд ₽/мес
588,Куйбышевский — Барабинский,2,1603,Барабинский муниципальный район,1048093524.0,1.0 млрд ₽/мес
589,Чановский — Венгеровский,1,1628,Чановский муниципальный район,522992082.0,0.5 млрд ₽/мес
589,Чановский — Венгеровский,2,1605,Венгеровский муниципальный район,326982852.0,0.3 млрд ₽/мес
590,Доволенский,1,1606,Доволенский муниципальный район,258895035.0,0.3 млрд ₽/мес
591,Здвинский,1,1607,Здвинский муниципальный район,247151275.0,0.2 млрд ₽/мес
592,Карасукский,1,1609,Карасукский муниципальный район,982086024.0,1.0 млрд ₽/мес
593,Каргатский,1,1610,Каргатский муниципальный район,320608899.0,0.3 млрд ₽/мес
594,Колыванский,1,1611,Колыванский муниципальный район,623649896.0,0.6 млрд ₽/мес
595,Коченевский,1,1612,Коченевский муниципальный район,1185099552.0,1.2 млрд ₽/мес
596,Кочковский,1,1613,Кочковский муниципальный район,247398318.0,0.2 млрд ₽/мес
597,Краснозерский,1,1614,Краснозерский муниципальный район,634164300.0,0.6 млрд ₽/мес
598,Кыштовский,1,1617,Кыштовский муниципальный район,219461152.0,0.2 млрд ₽/мес
599,Маслянинский,1,1618,Маслянинский муниципальный район,578294712.0,0.6 млрд ₽/мес
600,Мошковский,1,1619,Мошковский муниципальный район,1053061185.0,1.1 млрд ₽/мес
601,Ордынский,1,1621,Ордынский муниципальный район,885831558.0,0.9 млрд ₽/мес
602,Северный,1,1622,Северный муниципальный район,168834692.0,0.2 млрд ₽/мес
603,Сузунский,1,1623,Сузунский муниципальный район,795637502.0,0.8 млрд ₽/мес
604,Татарский — Усть-Таркский,1,1624,Татарский муниципальный район,945331065.0,0.9 млрд ₽/мес
604,Татарский — Усть-Таркский,2,1627,Усть-Таркский муниципальный район,257978193.0,0.3 млрд ₽/мес
605,Тогучинский,1,1625,Тогучинский муниципальный район,1315938282.0,1.3 млрд ₽/мес
606,Убинский,1,1626,Убинский муниципальный район,250168968.0,0.3 млрд ₽/мес
607,Черепановский,1,1629,Черепановский муниципальный район,1262884000.0,1.3 млрд ₽/мес
608,Чистоозерный,1,1630,Чистоозерный муниципальный район,319719777.0,0.3 млрд ₽/мес
609,Чулымский,1,1631,Чулымский муниципальный район,441062176.0,0.4 млрд ₽/мес
610,Омск — Омский — Калачинский,1,1632,городской округ город Омск,38747542770.0,38.7 млрд ₽/мес
610,Омск — Омский — Калачинский,2,1652,Омский муниципальный район,2655910432.0,2.7 млрд ₽/мес
610,Омск — Омский — Калачинский,3,1639,Калачинский муниципальный район,810358296.0,0.8 млрд ₽/мес
611,Большереченский,1,1634,Большереченский муниципальный район,461798520.0,0.5 млрд ₽/мес
612,Большеуковский,1,1635,Большеуковский муниципальный район,118517238.0,0.1 млрд ₽/мес
613,Знаменский,1,1637,Знаменский муниципальный район,221126409.0,0.2 млрд ₽/мес
614,Исилькульский,1,1638,Исилькульский муниципальный район,807358752.0,0.8 млрд ₽/мес
615,Колосовский,1,1640,Колосовский муниципальный район,184627647.0,0.2 млрд ₽/мес
616,Крутинский,1,1642,Крутинский муниципальный район,266900130.0,0.3 млрд ₽/мес
617,Любинский — Марьяновский — Шербакульский,1,1643,Любинский муниципальный район,832405912.0,0.8 млрд ₽/мес
617,Любинский — Марьяновский — Шербакульский,2,1644,Марьяновский муниципальный район,559569178.0,0.6 млрд ₽/мес
617,Любинский — Марьяновский — Шербакульский,3,1664,Шербакульский муниципальный район,399230391.0,0.4 млрд ₽/мес
618,Москаленский,1,1645,Москаленский муниципальный район,585110640.0,0.6 млрд ₽/мес
619,Муромцевский,1,1646,Муромцевский муниципальный район,358616160.0,0.4 млрд ₽/мес
620,Называевский,1,1647,Называевский муниципальный район,365271082.0,0.4 млрд ₽/мес
621,Нижнеомский,1,1648,Нижнеомский муниципальный район,233091570.0,0.2 млрд ₽/мес
622,Нововаршавский,1,1649,Нововаршавский муниципальный район,437607596.0,0.4 млрд ₽/мес
623,Павлоградский — Одесский,1,1653,Павлоградский муниципальный район,371493453.0,0.4 млрд ₽/мес
623,Павлоградский — Одесский,2,1650,Одесский муниципальный район,318531184.0,0.3 млрд ₽/мес
624,Полтавский,1,1654,Полтавский муниципальный район,401883462.0,0.4 млрд ₽/мес
625,Русско-Полянский,1,1655,Русско-Полянский муниципальный район,340338010.0,0.3 млрд ₽/мес
626,Саргатский,1,1656,Саргатский муниципальный район,332146630.0,0.3 млрд ₽/мес
627,Седельниковский,1,1657,Седельниковский муниципальный район,166832911.0,0.2 млрд ₽/мес
628,Таврический,1,1658,Таврический муниципальный район,729732672.0,0.7 млрд ₽/мес
629,Тарский,1,1659,Тарский муниципальный район,1016665760.0,1.0 млрд ₽/мес
630,Тевризский,1,1660,Тевризский муниципальный район,274376310.0,0.3 млрд ₽/мес
631,Тюкалинский,1,1661,Тюкалинский муниципальный район,390116740.0,0.4 млрд ₽/мес
632,Усть-Ишимский,1,1662,Усть-Ишимский муниципальный район,209622044.0,0.2 млрд ₽/мес
633,Черлакский,1,1663,Черлакский муниципальный район,554984254.0,0.6 млрд ₽/мес
634,Оренбург — Оренбургский — Сакмарский,1,1665,городской округ город Оренбург,18500914248.0,18.5 млрд ₽/мес
634,Оренбург — Оренбургский — Сакмарский,2,1695,Оренбургский муниципальный район,3715491724.0,3.7 млрд ₽/мес
634,Оренбург — Оренбургский — Сакмарский,3,1699,Сакмарский муниципальный район,534902072.0,0.5 млрд ₽/мес
635,Бугуруслан — Похвистнево — Похвистневский,1,1667,городской округ город Бугуруслан,1262091477.0,1.3 млрд ₽/мес
635,Бугуруслан — Похвистнево — Похвистневский,2,1880,городской округ Похвистнево,752284505.0,0.8 млрд ₽/мес
635,Бугуруслан — Похвистнево — Похвистневский,3,1902,Похвистневский муниципальный район,564764685.0,0.6 млрд ₽/мес
636,Бузулук — Курманаевский — Грачёвский,1,1668,городской округ город Бузулук,2869250720.0,2.9 млрд ₽/мес
636,Бузулук — Курманаевский — Грачёвский,2,1690,Курманаевский муниципальный район,286578000.0,0.3 млрд ₽/мес
636,Бузулук — Курманаевский — Грачёвский,3,1685,Грачёвский муниципальный район,221348470.0,0.2 млрд ₽/мес
637,Орск — Новотроицк — Гайский,1,1673,городской округ город Орск,6020709930.0,6.0 млрд ₽/мес
637,Орск — Новотроицк — Гайский,2,1672,городской округ город Новотроицк,2360938710.0,2.4 млрд ₽/мес
637,Орск — Новотроицк — Гайский,3,1669,городской округ Гайский,955582080.0,1.0 млрд ₽/мес
638,Кувандыкский — Медногорск,1,1670,городской округ Кувандыкский,929784923.0,0.9 млрд ₽/мес
638,Кувандыкский — Медногорск,2,1671,городской округ город Медногорск,573369707.0,0.6 млрд ₽/мес
639,Соль-Илецкий,1,1674,городской округ Соль-Илецкий,1069434270.0,1.1 млрд ₽/мес
640,Сорочинский — Тоцкий,1,1675,городской округ Сорочинский,1009911370.0,1.0 млрд ₽/мес
640,Сорочинский — Тоцкий,2,1704,Тоцкий муниципальный район,924171840.0,0.9 млрд ₽/мес
641,Ясненский,1,1676,городской округ Ясненский,425679732.0,0.4 млрд ₽/мес
642,Адамовский,1,1678,Адамовский муниципальный район,388780288.0,0.4 млрд ₽/мес
643,Акбулакский,1,1679,Акбулакский муниципальный район,372751632.0,0.4 млрд ₽/мес
644,Беляевский,1,1682,Беляевский муниципальный район,245661988.0,0.2 млрд ₽/мес
645,Домбаровский,1,1686,Домбаровский муниципальный район,227985650.0,0.2 млрд ₽/мес
646,Илекский,1,1687,Илекский муниципальный район,506270343.0,0.5 млрд ₽/мес
647,Кваркенский,1,1688,Кваркенский муниципальный район,303645578.0,0.3 млрд ₽/мес
648,Красногвардейский,1,1689,Красногвардейский муниципальный район,368557760.0,0.4 млрд ₽/мес
649,Новосергиевский,1,1693,Новосергиевский муниципальный район,631340127.0,0.6 млрд ₽/мес
650,Октябрьский,1,1694,Октябрьский муниципальный район,336217194.0,0.3 млрд ₽/мес
651,Первомайский,1,1696,Первомайский муниципальный район,427754250.0,0.4 млрд ₽/мес
652,Переволоцкий,1,1697,Переволоцкий муниципальный район,407545344.0,0.4 млрд ₽/мес
653,Пономарёвский,1,1698,Пономарёвский муниципальный район,271216365.0,0.3 млрд ₽/мес
654,Саракташский,1,1700,Саракташский муниципальный район,831129540.0,0.8 млрд ₽/мес
655,Светлинский,1,1701,Светлинский муниципальный район,231412076.0,0.2 млрд ₽/мес
656,Клявлинский — Камышлинский — Северный,1,1896,Клявлинский муниципальный район,323405885.0,0.3 млрд ₽/мес
656,Клявлинский — Камышлинский — Северный,2,1893,Камышлинский муниципальный район,225163566.0,0.2 млрд ₽/мес
656,Клявлинский — Камышлинский — Северный,3,1702,Северный муниципальный район,209380380.0,0.2 млрд ₽/мес
657,Ташлинский,1,1703,Ташлинский муниципальный район,397020720.0,0.4 млрд ₽/мес
658,Дмитровский,1,1713,Дмитровский муниципальный район,202772073.0,0.2 млрд ₽/мес
659,Пензенский — Ртищевский — Сердобский,1,1758,Пензенский муниципальный район,2148131923.0,2.1 млрд ₽/мес
659,Пензенский — Ртищевский — Сердобский,2,1944,Ртищевский муниципальный район,1121099218.0,1.1 млрд ₽/мес
659,Пензенский — Ртищевский — Сердобский,3,1759,Сердобский муниципальный район,1018420434.0,1.0 млрд ₽/мес
660,Бессоновский — Мокшанский — Лунинский,1,1740,Бессоновский муниципальный район,1123557723.0,1.1 млрд ₽/мес
660,Бессоновский — Мокшанский — Лунинский,2,1752,Мокшанский муниципальный район,480029268.0,0.5 млрд ₽/мес
660,Бессоновский — Мокшанский — Лунинский,3,1750,Лунинский муниципальный район,305992078.0,0.3 млрд ₽/мес
661,Земетчинский — Вадинский,1,1743,Земетчинский муниципальный район,391566112.0,0.4 млрд ₽/мес
661,Земетчинский — Вадинский,2,1741,Вадинский муниципальный район,151700824.0,0.2 млрд ₽/мес
662,ищенский,1,1742,Городищенский муниципальный район,877858432.0,0.9 млрд ₽/мес
663,Каменский,1,1745,Каменский муниципальный район,1120030736.0,1.1 млрд ₽/мес
664,Лопатинский — Камешкирский,1,1749,Лопатинский муниципальный район,199751645.0,0.2 млрд ₽/мес
664,Лопатинский — Камешкирский,2,1746,Камешкирский муниципальный район,185996315.0,0.2 млрд ₽/мес
665,Базарно-Карабулакский — Новоспасский — Николаевский,1,1918,Базарно-Карабулакский муниципальный район,486174914.0,0.5 млрд ₽/мес
665,Базарно-Карабулакский — Новоспасский — Николаевский,2,2264,Новоспасский муниципальный район,443580907.0,0.4 млрд ₽/мес
665,Базарно-Карабулакский — Новоспасский — Николаевский,3,2262,Николаевский муниципальный район,413696800.0,0.4 млрд ₽/мес
666,Никольский,1,1756,Никольский муниципальный район,547351460.0,0.5 млрд ₽/мес
667,Сосновоборский,1,1760,Сосновоборский муниципальный район,302290464.0,0.3 млрд ₽/мес
668,Псков — Псковский — Печорский,1,1764,городской округ город Псков,6973549314.0,7.0 млрд ₽/мес
668,Псков — Псковский — Печорский,2,1783,Псковский муниципальный район,1872074415.0,1.9 млрд ₽/мес
668,Псков — Псковский — Печорский,3,1780,муниципальный округ Печорский,445344344.0,0.4 млрд ₽/мес
669,Великие Луки — Великолукский — Новосокольнический,1,1765,городской округ город Великие Луки,2704239300.0,2.7 млрд ₽/мес
669,Великие Луки — Великолукский — Новосокольнический,2,1767,Великолукский муниципальный район,573814380.0,0.6 млрд ₽/мес
669,Великие Луки — Великолукский — Новосокольнический,3,1776,Новосокольнический муниципальный район,267677475.0,0.3 млрд ₽/мес
670,Островский — Опочецкий — Бежаницкий,1,1778,Островский муниципальный район,707133788.0,0.7 млрд ₽/мес
670,Островский — Опочецкий — Бежаницкий,2,1777,муниципальный округ Опочецкий,362020360.0,0.4 млрд ₽/мес
670,Островский — Опочецкий — Бежаницкий,3,1766,Бежаницкий муниципальный район,237865134.0,0.2 млрд ₽/мес
671,Невельский,1,1774,муниципальный округ Невельский,457197881.0,0.5 млрд ₽/мес
672,Струго-Красненский — Плюсский,1,1788,муниципальный округ Струго-Красненский,247836593.0,0.2 млрд ₽/мес
672,Струго-Красненский — Плюсский,2,1781,Плюсский муниципальный район,143483793.0,0.1 млрд ₽/мес
673,Пустошкинский,1,1784,Пустошкинский муниципальный район,168811394.0,0.2 млрд ₽/мес
674,Себежский,1,1787,Себежский муниципальный район,494460252.0,0.5 млрд ₽/мес
675,Руднянский — Демидовский — Велижский,1,2061,Руднянский муниципальный район,458604810.0,0.5 млрд ₽/мес
675,Руднянский — Демидовский — Велижский,2,2050,Демидовский муниципальный район,226332323.0,0.2 млрд ₽/мес
675,Руднянский — Демидовский — Велижский,3,2046,Велижский муниципальный район,197558144.0,0.2 млрд ₽/мес
676,Касимов — Касимовский,1,1846,городской округ город Касимов,768475059.0,0.8 млрд ₽/мес
676,Касимов — Касимовский,2,1852,Касимовский муниципальный район,625858156.0,0.6 млрд ₽/мес
677,Сасово,1,1847,городской округ город Сасово,0.0,0.0 млрд ₽/мес
678,Клепиковский,1,1853,Клепиковский муниципальный район,490544425.0,0.5 млрд ₽/мес
679,Спасский,1,1868,Спасский муниципальный район,560690475.0,0.6 млрд ₽/мес
680,Ставропольский — Жигулевск,1,1905,Ставропольский муниципальный район,2971588372.0,3.0 млрд ₽/мес
680,Ставропольский — Жигулевск,2,1875,городской округ Жигулевск,1707348146.0,1.7 млрд ₽/мес
681,Сызрань — Сызранский — Октябрьск,1,1881,городской округ Сызрань,5220584544.0,5.2 млрд ₽/мес
681,Сызрань — Сызранский — Октябрьск,2,1906,Сызранский муниципальный район,641637480.0,0.6 млрд ₽/мес
681,Сызрань — Сызранский — Октябрьск,3,1878,городской округ Октябрьск,460244841.0,0.5 млрд ₽/мес
682,Отрадный — Кинель-Черкасский — Нефтегорский,1,1879,городской округ Отрадный,1509902800.0,1.5 млрд ₽/мес
682,Отрадный — Кинель-Черкасский — Нефтегорский,2,1895,Кинель-Черкасский муниципальный район,983316312.0,1.0 млрд ₽/мес
682,Отрадный — Кинель-Черкасский — Нефтегорский,3,1900,Нефтегорский муниципальный район,895367286.0,0.9 млрд ₽/мес
683,Тольятти,1,1882,городской округ Тольятти,0.0,0.0 млрд ₽/мес
684,Приволжский — Хворостянский,1,1903,Приволжский муниципальный район,528868640.0,0.5 млрд ₽/мес
684,Приволжский — Хворостянский,2,1907,Хворостянский муниципальный район,377436045.0,0.4 млрд ₽/мес
685,Сергиевский,1,1904,Сергиевский муниципальный район,1050978000.0,1.1 млрд ₽/мес
686,Балаковский — Вольский — Шиханы,1,1919,Балаковский муниципальный район,6169825692.0,6.2 млрд ₽/мес
686,Балаковский — Вольский — Шиханы,2,1922,Вольский муниципальный район,2153299460.0,2.2 млрд ₽/мес
686,Балаковский — Вольский — Шиханы,3,1912,городской округ город Шиханы,136143168.0,0.1 млрд ₽/мес
687,Александрово-Гайский,1,1915,Александрово-Гайский муниципальный район,293825280.0,0.3 млрд ₽/мес
688,Аркадакский — Турковский,1,1916,Аркадакский муниципальный район,413413284.0,0.4 млрд ₽/мес
688,Аркадакский — Турковский,2,1949,Турковский муниципальный район,209801826.0,0.2 млрд ₽/мес
689,Аткарский,1,1917,Аткарский муниципальный район,738324825.0,0.7 млрд ₽/мес
690,Тамбов — Балашовский — Рассказово,1,3009,городской округ город Тамбов,9677123977.0,9.7 млрд ₽/мес
690,Тамбов — Балашовский — Рассказово,2,1920,Балашовский муниципальный район,2625224433.0,2.6 млрд ₽/мес
690,Тамбов — Балашовский — Рассказово,3,2076,городской округ город Рассказово,1155099410.0,1.2 млрд ₽/мес
691,Воскресенский,1,1923,Воскресенский муниципальный район,205542198.0,0.2 млрд ₽/мес
692,Ершовский — Дергачевский,1,1927,Ершовский муниципальный район,647248360.0,0.6 млрд ₽/мес
692,Ершовский — Дергачевский,2,1924,Дергачевский муниципальный район,304132860.0,0.3 млрд ₽/мес
693,Духовницкий,1,1925,Духовницкий муниципальный район,202363392.0,0.2 млрд ₽/мес
694,Екатериновский,1,1926,Екатериновский муниципальный район,353932824.0,0.4 млрд ₽/мес
695,Пугачевский — Ивантеевский,1,1941,Пугачевский муниципальный район,1298033367.0,1.3 млрд ₽/мес
695,Пугачевский — Ивантеевский,2,1928,Ивантеевский муниципальный район,271452398.0,0.3 млрд ₽/мес
696,Калининский — Лысогорский,1,1929,Калининский муниципальный район,569276502.0,0.6 млрд ₽/мес
696,Калининский — Лысогорский,2,1933,Лысогорский муниципальный район,361960280.0,0.4 млрд ₽/мес
697,Красноармейский,1,1930,Красноармейский муниципальный район,941610744.0,0.9 млрд ₽/мес
698,Краснокутский,1,1931,Краснокутский муниципальный район,691978032.0,0.7 млрд ₽/мес
699,Краснопартизанский,1,1932,Краснопартизанский муниципальный район,179118160.0,0.2 млрд ₽/мес
700,Марксовский,1,1934,Марксовский муниципальный район,1401387636.0,1.4 млрд ₽/мес
701,Новоузенский,1,1936,Новоузенский муниципальный район,555236286.0,0.6 млрд ₽/мес
702,Озинский,1,1937,Озинский муниципальный район,310055880.0,0.3 млрд ₽/мес
703,Перелюбский,1,1938,Перелюбский муниципальный район,221139920.0,0.2 млрд ₽/мес
704,Петровский,1,1939,Петровский муниципальный район,763352006.0,0.8 млрд ₽/мес
705,Питерский,1,1940,Питерский муниципальный район,302779131.0,0.3 млрд ₽/мес
706,Ровенский,1,1942,Ровенский муниципальный район,321509474.0,0.3 млрд ₽/мес
707,Советский,1,1947,Советский муниципальный район,520479993.0,0.5 млрд ₽/мес
708,Саратов — Энгельсский — Татищевский,1,2887,городской округ город Саратов,31639784456.0,31.6 млрд ₽/мес
708,Саратов — Энгельсский — Татищевский,2,1952,Энгельсский муниципальный район,9645994728.0,9.6 млрд ₽/мес
708,Саратов — Энгельсский — Татищевский,3,1948,Татищевский муниципальный район,610931952.0,0.6 млрд ₽/мес
709,Федоровский,1,1950,Федоровский муниципальный район,341369487.0,0.3 млрд ₽/мес
710,Хвалынский,1,1951,Хвалынский муниципальный район,462541644.0,0.5 млрд ₽/мес
711,Александровск-Сахалинский район,1,1954,городской округ Александровск-Сахалинский район,352840208.0,0.4 млрд ₽/мес
712,Анивский,1,1955,городской округ Анивский,887955650.0,0.9 млрд ₽/мес
713,Долинский,1,1956,городской округ Долинский,700999975.0,0.7 млрд ₽/мес
714,Корсаковский — Южно-Курильский — Курильский,1,1957,городской округ Корсаковский,1681267800.0,1.7 млрд ₽/мес
714,Корсаковский — Южно-Курильский — Курильский,2,1970,городской округ Южно-Курильский,641272800.0,0.6 млрд ₽/мес
714,Корсаковский — Южно-Курильский — Курильский,3,1958,городской округ Курильский,394808648.0,0.4 млрд ₽/мес
715,Макаровский,1,1959,городской округ Макаровский,212205624.0,0.2 млрд ₽/мес
716,Ногликский,1,1961,городской округ Ногликский,540608628.0,0.5 млрд ₽/мес
717,Охинский,1,1962,городской округ Охинский,965780972.0,1.0 млрд ₽/мес
718,Поронайский,1,1963,городской округ Поронайский,729888696.0,0.7 млрд ₽/мес
719,Северо-Курильский,1,1964,городской округ Северо-Курильский,128200358.0,0.1 млрд ₽/мес
720,Смирныховский,1,1965,городской округ Смирныховский,356031078.0,0.4 млрд ₽/мес
721,Томаринский,1,1966,городской округ Томаринский,261083433.0,0.3 млрд ₽/мес
722,Тымовский,1,1967,городской округ Тымовский,544466944.0,0.5 млрд ₽/мес
723,Углегорский,1,1968,городской округ Углегорский,665550900.0,0.7 млрд ₽/мес
724,Екатеринбург — Первоуральск — Верхняя Пышма,1,1971,городской округ город Екатеринбург,66465704976.0,66.5 млрд ₽/мес
724,Екатеринбург — Первоуральск — Верхняя Пышма,2,2004,городской округ Первоуральск,4485825344.0,4.5 млрд ₽/мес
724,Екатеринбург — Первоуральск — Верхняя Пышма,3,1979,городской округ Верхняя Пышма,3711858750.0,3.7 млрд ₽/мес
725,Алапаевск — Алапаевское,1,1972,городской округ город Алапаевск,1249583216.0,1.2 млрд ₽/мес
725,Алапаевск — Алапаевское,2,2015,городской округ Алапаевское,614289906.0,0.6 млрд ₽/мес
726,Артемовский — Режевской,1,1973,городской округ Артемовский,1460374380.0,1.5 млрд ₽/мес
726,Артемовский — Режевской,2,2008,городской округ Режевской,1378909932.0,1.4 млрд ₽/мес
727,Нижний Тагил — Верхнесалдинский — Качканарский,1,2000,городской округ город Нижний Тагил,12444568829.0,12.4 млрд ₽/мес
727,Нижний Тагил — Верхнесалдинский — Качканарский,2,1981,городской округ Верхнесалдинский,1413446784.0,1.4 млрд ₽/мес
727,Нижний Тагил — Верхнесалдинский — Качканарский,3,1990,городской округ Качканарский,1291689996.0,1.3 млрд ₽/мес
728,Ивдельский,1,1983,городской округ Ивдельский,550439272.0,0.6 млрд ₽/мес
729,Пелым,1,1984,городской округ Пелым,95943260.0,0.1 млрд ₽/мес
730,Ирбит — Ирбитское,1,1985,городской округ город Ирбит,1145526900.0,1.1 млрд ₽/мес
730,Ирбит — Ирбитское,2,2023,городской округ Ирбитское,624546117.0,0.6 млрд ₽/мес
731,Серовский — Краснотурьинск — Североуральский,1,2010,городской округ Серовский,3313633050.0,3.3 млрд ₽/мес
731,Серовский — Краснотурьинск — Североуральский,2,1993,городской округ Краснотурьинск,2138667850.0,2.1 млрд ₽/мес
731,Серовский — Краснотурьинск — Североуральский,3,2009,городской округ Североуральский,1107983000.0,1.1 млрд ₽/мес
732,Невьянский — Кировградский — Верхний Тагил,1,1999,городской округ Невьянский,1195584120.0,1.2 млрд ₽/мес
732,Невьянский — Кировградский — Верхний Тагил,2,1991,городской округ Кировградский,702189042.0,0.7 млрд ₽/мес
732,Невьянский — Кировградский — Верхний Тагил,3,1992,городской округ Верхний Тагил,309484578.0,0.3 млрд ₽/мес
733,Красноуфимск — Красноуфимский округ — Ачитский,1,1995,городской округ Красноуфимск,1130413698.0,1.1 млрд ₽/мес
733,Красноуфимск — Красноуфимский округ — Ачитский,2,2025,городской округ Красноуфимский округ,572355300.0,0.6 млрд ₽/мес
733,Красноуфимск — Красноуфимский округ — Ачитский,3,2018,городской округ Ачитский,291852602.0,0.3 млрд ₽/мес
734,Тавдинский,1,2012,городской округ Тавдинский,951499052.0,1.0 млрд ₽/мес
735,Махнёвское,1,2016,городской округ Махнёвское,100059344.0,0.1 млрд ₽/мес
736,Артинский,1,2017,городской округ Артинский,605620223.0,0.6 млрд ₽/мес
737,Новолялинский — Верхотурский,1,2028,городской округ Новолялинский,515424834.0,0.5 млрд ₽/мес
737,Новолялинский — Верхотурский,2,2021,городской округ Верхотурский,368065854.0,0.4 млрд ₽/мес
738,Сосьвинский — Гаринский,1,2031,городской округ Сосьвинский,348565443.0,0.3 млрд ₽/мес
738,Сосьвинский — Гаринский,2,2022,городской округ Гаринский,55560384.0,0.1 млрд ₽/мес
739,Бисертский,1,2027,городской округ Бисертский,246045120.0,0.2 млрд ₽/мес
740,Тугулымский,1,2035,городской округ Тугулымский,424220144.0,0.4 млрд ₽/мес
741,Туринский,1,2036,городской округ Туринский,618436320.0,0.6 млрд ₽/мес
742,Шалинский,1,2037,городской округ Шалинский,385709571.0,0.4 млрд ₽/мес
743,Байкаловский — Слободо-Туринский,1,2039,Байкаловский муниципальный район,373558644.0,0.4 млрд ₽/мес
743,Байкаловский — Слободо-Туринский,2,2041,Слободо-Туринский муниципальный район,299578176.0,0.3 млрд ₽/мес
744,Нижнесергинский,1,2042,Нижнесергинский муниципальный район,1002410904.0,1.0 млрд ₽/мес
745,Таборинский,1,2043,Таборинский муниципальный район,68635603.0,0.1 млрд ₽/мес
746,Смоленск — Смоленский — Сафоновский,1,2044,городской округ город Смоленск,11206829020.0,11.2 млрд ₽/мес
746,Смоленск — Смоленский — Сафоновский,2,2063,Смоленский муниципальный район,2246487540.0,2.2 млрд ₽/мес
746,Смоленск — Смоленский — Сафоновский,3,2062,Сафоновский муниципальный район,1392845040.0,1.4 млрд ₽/мес
747,Рославльский — Десногорск — Шумячский,1,2060,Рославльский муниципальный район,1635059454.0,1.6 млрд ₽/мес
747,Рославльский — Десногорск — Шумячский,2,2045,городской округ город Десногорск,850585956.0,0.9 млрд ₽/мес
747,Рославльский — Десногорск — Шумячский,3,2069,Шумячский муниципальный район,162143316.0,0.2 млрд ₽/мес
748,Вяземский,1,2047,Вяземский муниципальный район,2240629876.0,2.2 млрд ₽/мес
749,Гагаринский,1,2048,Гагаринский муниципальный район,1288925081.0,1.3 млрд ₽/мес
750,Ржевский — Старицкий — Зубцовский,1,2884,муниципальный округ Ржевский,1950918192.0,2.0 млрд ₽/мес
750,Ржевский — Старицкий — Зубцовский,2,2140,муниципальный округ Старицкий,529141932.0,0.5 млрд ₽/мес
750,Ржевский — Старицкий — Зубцовский,3,2118,муниципальный округ Зубцовский,363488274.0,0.4 млрд ₽/мес
751,Угранский — Темкинский,1,2066,Угранский муниципальный район,163752400.0,0.2 млрд ₽/мес
751,Угранский — Темкинский,2,2065,Темкинский муниципальный район,110101176.0,0.1 млрд ₽/мес
752,Холм-Жирковский,1,2068,Холм-Жирковский муниципальный район,193470984.0,0.2 млрд ₽/мес
753,Тверь — Калининский,1,2101,городской округ город Тверь,16167476118.0,16.2 млрд ₽/мес
753,Тверь — Калининский,2,2119,муниципальный округ Калининский,2245185407.0,2.2 млрд ₽/мес
754,Осташковский — Селижаровский — Пеновский,1,2105,городской округ Осташковский,647729152.0,0.6 млрд ₽/мес
754,Осташковский — Селижаровский — Пеновский,2,2137,муниципальный округ Селижаровский,250599040.0,0.3 млрд ₽/мес
754,Осташковский — Селижаровский — Пеновский,3,2133,муниципальный округ Пеновский,138458012.0,0.1 млрд ₽/мес
755,Торжок,1,2108,городской округ город Торжок,1255010310.0,1.3 млрд ₽/мес
756,Удомельский,1,2109,городской округ Удомельский,982111625.0,1.0 млрд ₽/мес
757,Андреапольский,1,2110,муниципальный округ Андреапольский,277080494.0,0.3 млрд ₽/мес
758,Бельский,1,2112,муниципальный округ Бельский,120174336.0,0.1 млрд ₽/мес
759,Бологовский,1,2113,муниципальный округ Бологовский,860479752.0,0.9 млрд ₽/мес
760,Весьегонский,1,2114,муниципальный округ Весьегонский,228024468.0,0.2 млрд ₽/мес
761,Жарковский,1,2116,муниципальный округ Жарковский,93082149.0,0.1 млрд ₽/мес
762,Западнодвинский,1,2117,муниципальный округ Западнодвинский,309148545.0,0.3 млрд ₽/мес
763,Кашинский — Калязинский — Кесовогорский,1,2121,городской округ Кашинский,596057259.0,0.6 млрд ₽/мес
763,Кашинский — Калязинский — Кесовогорский,2,2120,муниципальный округ Калязинский,554244920.0,0.6 млрд ₽/мес
763,Кашинский — Калязинский — Кесовогорский,3,2122,муниципальный округ Кесовогорский,193936368.0,0.2 млрд ₽/мес
764,Конаковский,1,2124,муниципальный округ Конаковский,2299606587.0,2.3 млрд ₽/мес
765,Кувшиновский,1,2126,муниципальный округ Кувшиновский,346901100.0,0.3 млрд ₽/мес
766,Лихославльский,1,2128,муниципальный округ Лихославльский,622378704.0,0.6 млрд ₽/мес
767,Максатихинский,1,2129,муниципальный округ Максатихинский,337153133.0,0.3 млрд ₽/мес
768,Нелидовский,1,2131,городской округ Нелидовский,612191898.0,0.6 млрд ₽/мес
769,Оленинский,1,2132,муниципальный округ Оленинский,293838011.0,0.3 млрд ₽/мес
770,Рамешковский,1,2134,муниципальный округ Рамешковский,347525486.0,0.3 млрд ₽/мес
771,Вышневолоцкий — Спировский,1,2710,городской округ Вышневолоцкий,1941161530.0,1.9 млрд ₽/мес
771,Вышневолоцкий — Спировский,2,2139,муниципальный округ Спировский,201037048.0,0.2 млрд ₽/мес
772,Торопецкий,1,2142,муниципальный округ Торопецкий,455644332.0,0.5 млрд ₽/мес
773,Фировский,1,2143,муниципальный округ Фировский,202333098.0,0.2 млрд ₽/мес
774,Томск — Томский,1,2144,городской округ город Томск,21644578274.0,21.6 млрд ₽/мес
774,Томск — Томский,2,2161,Томский муниципальный район,3533700456.0,3.5 млрд ₽/мес
775,Кедровый,1,2145,городской округ город Кедровый,80760004.0,0.1 млрд ₽/мес
776,Стрежевой,1,2146,городской округ город Стрежевой,1390283888.0,1.4 млрд ₽/мес
777,Александровский,1,2148,Александровский муниципальный район,232186533.0,0.2 млрд ₽/мес
778,Асиновский — Первомайский — Зырянский,1,2149,Асиновский муниципальный район,837050910.0,0.8 млрд ₽/мес
778,Асиновский — Первомайский — Зырянский,2,2159,Первомайский муниципальный район,383724887.0,0.4 млрд ₽/мес
778,Асиновский — Первомайский — Зырянский,3,2152,Зырянский муниципальный район,238557937.0,0.2 млрд ₽/мес
779,Бакчарский,1,2150,Бакчарский муниципальный район,281912481.0,0.3 млрд ₽/мес
780,Верхнекетский,1,2151,Верхнекетский муниципальный район,404018554.0,0.4 млрд ₽/мес
781,Каргасокский,1,2153,Каргасокский муниципальный район,489275404.0,0.5 млрд ₽/мес
782,Кожевниковский — Шегарский,1,2154,Кожевниковский муниципальный район,456700924.0,0.5 млрд ₽/мес
782,Кожевниковский — Шегарский,2,2163,Шегарский муниципальный район,450305966.0,0.5 млрд ₽/мес
783,Колпашевский,1,2155,Колпашевский муниципальный район,952847092.0,1.0 млрд ₽/мес
784,Молчановский — Кривошеинский,1,2157,Молчановский муниципальный район,315876197.0,0.3 млрд ₽/мес
784,Молчановский — Кривошеинский,2,2156,Кривошеинский муниципальный район,293192536.0,0.3 млрд ₽/мес
785,Парабельский,1,2158,Парабельский муниципальный район,337671825.0,0.3 млрд ₽/мес
786,Тегульдетский,1,2160,Тегульдетский муниципальный район,164838815.0,0.2 млрд ₽/мес
787,Чаинский,1,2162,Чаинский муниципальный район,292511785.0,0.3 млрд ₽/мес
788,Ефремов — Каменский,1,2168,городской округ город Ефремов,1785745552.0,1.8 млрд ₽/мес
788,Ефремов — Каменский,2,2178,Каменский муниципальный район,210298312.0,0.2 млрд ₽/мес
789,Куркинский,1,2181,Куркинский муниципальный район,282316371.0,0.3 млрд ₽/мес
790,Тюмень — Тюменский,1,2190,городской округ город Тюмень,37970977408.0,38.0 млрд ₽/мес
790,Тюмень — Тюменский,2,2210,Тюменский муниципальный район,5666671860.0,5.7 млрд ₽/мес
791,Заводоуковский — Ялуторовск — Упоровский,1,2191,городской округ Заводоуковский,1388596806.0,1.4 млрд ₽/мес
791,Заводоуковский — Ялуторовск — Упоровский,2,2194,городской округ город Ялуторовск,1153823760.0,1.2 млрд ₽/мес
791,Заводоуковский — Ялуторовск — Упоровский,3,2212,Упоровский муниципальный район,503915313.0,0.5 млрд ₽/мес
792,Ишим — Ишимский,1,2192,городской округ город Ишим,2150824905.0,2.2 млрд ₽/мес
792,Ишим — Ишимский,2,2203,Ишимский муниципальный район,770414698.0,0.8 млрд ₽/мес
793,Тобольск — Тобольский,1,2193,городской округ город Тобольск,4026619935.0,4.0 млрд ₽/мес
793,Тобольск — Тобольский,2,2209,Тобольский муниципальный район,603679412.0,0.6 млрд ₽/мес
794,Абатский,1,2195,Абатский муниципальный район,472698478.0,0.5 млрд ₽/мес
795,Армизонский,1,2196,Армизонский муниципальный район,232864038.0,0.2 млрд ₽/мес
796,Аромашевский,1,2197,Аромашевский муниципальный район,245547885.0,0.2 млрд ₽/мес
797,Вагайский,1,2199,Вагайский муниципальный район,424294650.0,0.4 млрд ₽/мес
798,Викуловский,1,2200,Викуловский муниципальный район,376930980.0,0.4 млрд ₽/мес
799,Голышмановский,1,2201,городской округ Голышмановский,592648012.0,0.6 млрд ₽/мес
800,Исетский,1,2202,Исетский муниципальный район,642252838.0,0.6 млрд ₽/мес
801,Казанский,1,2204,Казанский муниципальный район,493685865.0,0.5 млрд ₽/мес
802,Нижнетавдинский,1,2205,Нижнетавдинский муниципальный район,671296622.0,0.7 млрд ₽/мес
803,Омутинский — Юргинский,1,2206,Омутинский муниципальный район,465917877.0,0.5 млрд ₽/мес
803,Омутинский — Юргинский,2,2213,Юргинский муниципальный район,284923088.0,0.3 млрд ₽/мес
804,Сладковский,1,2207,Сладковский муниципальный район,242027581.0,0.2 млрд ₽/мес
805,Сорокинский,1,2208,Сорокинский муниципальный район,245259560.0,0.2 млрд ₽/мес
806,Уватский,1,2211,Уватский муниципальный район,592139002.0,0.6 млрд ₽/мес
807,Ярковский,1,2215,Ярковский муниципальный район,570908547.0,0.6 млрд ₽/мес
808,Ханты-Мансийск — Ханты-Мансийский,1,2216,городской округ город Ханты-Мансийск,5565351424.0,5.6 млрд ₽/мес
808,Ханты-Мансийск — Ханты-Мансийский,2,2237,Ханты-Мансийский муниципальный район,642125654.0,0.6 млрд ₽/мес
809,Когалым,1,2217,городской округ город Когалым,2910444426.0,2.9 млрд ₽/мес
810,Лангепас,1,2218,городской округ город Лангепас,1626920508.0,1.6 млрд ₽/мес
811,Нижневартовск — Мегион — Нижневартовский,1,2221,городской округ город Нижневартовск,13295462670.0,13.3 млрд ₽/мес
811,Нижневартовск — Мегион — Нижневартовский,2,2219,городской округ город Мегион,2548875060.0,2.5 млрд ₽/мес
811,Нижневартовск — Мегион — Нижневартовский,3,2233,Нижневартовский муниципальный район,1221305852.0,1.2 млрд ₽/мес
812,Нефтеюганск — Нефтеюганский,1,2220,городской округ город Нефтеюганск,5729301870.0,5.7 млрд ₽/мес
812,Нефтеюганск — Нефтеюганский,2,2232,Нефтеюганский муниципальный район,1831440048.0,1.8 млрд ₽/мес
813,Нягань,1,2222,городской округ город Нягань,2900903928.0,2.9 млрд ₽/мес
814,Покачи,1,2223,городской округ город Покачи,625121448.0,0.6 млрд ₽/мес
815,Пыть-Ях,1,2224,городской округ город Пыть-Ях,1620835230.0,1.6 млрд ₽/мес
816,Радужный,1,2225,городской округ город Радужный,1510960396.0,1.5 млрд ₽/мес
817,Сургут — Сургутский,1,2226,городской округ город Сургут,20074091332.0,20.1 млрд ₽/мес
817,Сургут — Сургутский,2,2236,Сургутский муниципальный район,4862350760.0,4.9 млрд ₽/мес
818,Урай,1,2227,городской округ город Урай,1761393396.0,1.8 млрд ₽/мес
819,Советский — Югорск,1,2235,Советский муниципальный район,1668365420.0,1.7 млрд ₽/мес
819,Советский — Югорск,2,2228,городской округ город Югорск,1532637145.0,1.5 млрд ₽/мес
820,Белоярский,1,2229,Белоярский муниципальный район,1102820796.0,1.1 млрд ₽/мес
821,Березовский,1,2230,Березовский муниципальный район,880662390.0,0.9 млрд ₽/мес
822,Кондинский,1,2231,Кондинский муниципальный район,1088158470.0,1.1 млрд ₽/мес
823,Октябрьский,1,2234,Октябрьский муниципальный район,1152786800.0,1.2 млрд ₽/мес
824,Салехард — Лабытнанги,1,2238,городской округ город Салехард,2848204128.0,2.8 млрд ₽/мес
824,Салехард — Лабытнанги,2,2880,городской округ город Лабытнанги,1575546775.0,1.6 млрд ₽/мес
825,Муравленко,1,2241,городской округ город Муравленко,1266924649.0,1.3 млрд ₽/мес
826,Новый Уренгой,1,2242,городской округ город Новый Уренгой,5201374290.0,5.2 млрд ₽/мес
827,Ноябрьск,1,2243,городской округ город Ноябрьск,4801748886.0,4.8 млрд ₽/мес
828,Красноселькупский район,1,2244,муниципальный округ Красноселькупский район,258876000.0,0.3 млрд ₽/мес
829,Надымский район,1,2245,муниципальный округ Надымский район,2972609395.0,3.0 млрд ₽/мес
830,Тазовский район,1,2248,муниципальный округ Тазовский район,827372784.0,0.8 млрд ₽/мес
831,Шурышкарский район,1,2249,муниципальный округ Шурышкарский район,396604656.0,0.4 млрд ₽/мес
832,Ямальский район,1,2250,муниципальный округ Ямальский район,775707044.0,0.8 млрд ₽/мес
833,Димитровград,1,2252,городской округ город Димитровград,3319066020.0,3.3 млрд ₽/мес
834,Барышский — Инзенский — Базарносызганский,1,2255,Барышский муниципальный район,709311196.0,0.7 млрд ₽/мес
834,Барышский — Инзенский — Базарносызганский,2,2257,Инзенский муниципальный район,580686750.0,0.6 млрд ₽/мес
834,Барышский — Инзенский — Базарносызганский,3,2254,Базарносызганский муниципальный район,157678350.0,0.2 млрд ₽/мес
835,Кузоватовский,1,2259,Кузоватовский муниципальный район,368431182.0,0.4 млрд ₽/мес
836,Сенгилеевский,1,2267,Сенгилеевский муниципальный район,380654208.0,0.4 млрд ₽/мес
837,Тереньгульский,1,2271,Тереньгульский муниципальный район,298850904.0,0.3 млрд ₽/мес
838,Челябинский — Копейский — Сосновский,1,2275,городской округ Челябинский,44287984308.0,44.3 млрд ₽/мес
838,Челябинский — Копейский — Сосновский,2,2279,городской округ Копейский,5287833005.0,5.3 млрд ₽/мес
838,Челябинский — Копейский — Сосновский,3,2312,Сосновский муниципальный район,3423088760.0,3.4 млрд ₽/мес
839,Миасский — Златоустовский — Чебаркульский,1,2282,городской округ Миасский,5641840286.0,5.6 млрд ₽/мес
839,Миасский — Златоустовский — Чебаркульский,2,3011,городской округ Златоустовский,5050598298.0,5.1 млрд ₽/мес
839,Миасский — Златоустовский — Чебаркульский,3,2288,городской округ Чебаркульский,1515531712.0,1.5 млрд ₽/мес
840,Ашинский,1,2293,Ашинский муниципальный район,1513486497.0,1.5 млрд ₽/мес
841,Брединский,1,2294,Брединский муниципальный район,521397380.0,0.5 млрд ₽/мес
842,Карталинский — Варненский,1,2299,Карталинский муниципальный район,994198140.0,1.0 млрд ₽/мес
842,Карталинский — Варненский,2,2295,Варненский муниципальный район,584584362.0,0.6 млрд ₽/мес
843,Верхнеуральский,1,2296,Верхнеуральский муниципальный район,720491805.0,0.7 млрд ₽/мес
844,Кунашакский,1,2305,Кунашакский муниципальный район,589184605.0,0.6 млрд ₽/мес
845,Нагайбакский,1,2307,Нагайбакский муниципальный район,332697277.0,0.3 млрд ₽/мес
846,Октябрьский,1,2309,Октябрьский муниципальный район,368022171.0,0.4 млрд ₽/мес
847,Саткинский,1,2311,Саткинский муниципальный район,2233959456.0,2.2 млрд ₽/мес
848,Уйский,1,2315,Уйский муниципальный район,439048406.0,0.4 млрд ₽/мес
849,Чесменский,1,2317,Чесменский муниципальный район,347183694.0,0.3 млрд ₽/мес
850,Угличский — Некоузский — Мышкинский,1,2336,Угличский муниципальный район,1448147025.0,1.4 млрд ₽/мес
850,Угличский — Некоузский — Мышкинский,2,2328,Некоузский муниципальный район,272084390.0,0.3 млрд ₽/мес
850,Угличский — Некоузский — Мышкинский,3,2327,Мышкинский муниципальный район,239055012.0,0.2 млрд ₽/мес
851,Брейтовский,1,2323,Брейтовский муниципальный район,130831284.0,0.1 млрд ₽/мес
852,Даниловский — Любимский — Первомайский,1,2325,Даниловский муниципальный район,485922379.0,0.5 млрд ₽/мес
852,Даниловский — Любимский — Первомайский,2,2326,Любимский муниципальный район,220692564.0,0.2 млрд ₽/мес
852,Даниловский — Любимский — Первомайский,3,2330,Первомайский муниципальный район,191489800.0,0.2 млрд ₽/мес
853,Пошехонский,1,2332,Пошехонский муниципальный район,227298140.0,0.2 млрд ₽/мес
854,Биробиджан — Биробиджанский,1,2338,городской округ город Биробиджан,2756260080.0,2.8 млрд ₽/мес
854,Биробиджан — Биробиджанский,2,2339,Биробиджанский муниципальный район,296825160.0,0.3 млрд ₽/мес
855,Ленинский,1,2340,Ленинский муниципальный район,527088050.0,0.5 млрд ₽/мес
856,Облученский,1,2341,Облученский муниципальный район,891142560.0,0.9 млрд ₽/мес
857,Октябрьский,1,2342,Октябрьский муниципальный район,219696204.0,0.2 млрд ₽/мес
858,Смидовичский,1,2343,Смидовичский муниципальный район,752707644.0,0.8 млрд ₽/мес
859,Анадырь,1,2344,городской округ Анадырь,995572760.0,1.0 млрд ₽/мес
860,Эгвекинот,1,2345,городской округ Эгвекинот,329463815.0,0.3 млрд ₽/мес
861,Провиденский,1,2346,городской округ Провиденский,180674085.0,0.2 млрд ₽/мес
862,Певек,1,2347,городской округ Певек,0.0,0.0 млрд ₽/мес
863,Анадырский,1,2348,Анадырский муниципальный район,598695690.0,0.6 млрд ₽/мес
864,Билибинский,1,2349,Билибинский муниципальный район,512070371.0,0.5 млрд ₽/мес
865,Хорошево-Мневники — Раменки — Пресненский,1,2532,внутригородская территория города федерального значения муниципальный округ Хорошево-Мневники,11280687061.0,11.3 млрд ₽/мес
865,Хорошево-Мневники — Раменки — Пресненский,2,2486,внутригородская территория города федерального значения муниципальный округ Раменки,11167992017.0,11.2 млрд ₽/мес
865,Хорошево-Мневники — Раменки — Пресненский,3,2541,внутригородская территория города федерального значения муниципальный округ Пресненский,8705472150.0,8.7 млрд ₽/мес
866,Мантуровский,1,2618,Мантуровский муниципальный округ,377463240.0,0.4 млрд ₽/мес
867,Переславль-Залесский,1,2619,городской округ город Переславль-Залесский,1842837978.0,1.8 млрд ₽/мес
868,Березники — Соликамский,1,2621,городской округ город Березники,5373075265.0,5.4 млрд ₽/мес
868,Березники — Соликамский,2,2620,городской округ Соликамский,3581744085.0,3.6 млрд ₽/мес
869,Приуральский район,1,2872,муниципальный округ Приуральский район,430380135.0,0.4 млрд ₽/мес
870,Губкинский,1,2879,городской округ город Губкинский,1751535632.0,1.8 млрд ₽/мес
871,Пуровский район,1,2882,муниципальный округ Пуровский район,1610516512.0,1.6 млрд ₽/мес
872,Тамбовский,1,3010,Тамбовский муниципальный округ,0.0,0.0 млрд ₽/мес
