year,month,value,region_name,region_code
2023,январь,0.8677107493996183,Белгородская область,31
2023,февраль,0.8679856083593005,Белгородская область,31
2023,март,0.8655341598010261,Белгородская область,31
2023,апрель,0.8641736764960896,Белгородская область,31
2023,май,0.865761025460168,Белгородская область,31
2023,июнь,0.8637004627858745,Белгородская область,31
2023,июль,0.8624204021292268,Белгородская область,31
2023,август,0.8604126891928564,Белгородская область,31
2023,сентябрь,0.8570983877190095,Белгородская область,31
2023,октябрь,0.8581636748575312,Белгородская область,31
2023,ноябрь,0.8616675214816167,Белгородская область,31
2023,декабрь,0.858103438406217,Белгородская область,31
2024,январь,0.8643752429498783,Белгородская область,31
2024,февраль,0.8681939143527434,Белгородская область,31
2024,март,0.8682957460735086,Белгородская область,31
2024,апрель,0.8678097297198676,Белгородская область,31
2024,май,0.8653772602129814,Белгородская область,31
2024,июнь,0.8642231016589538,Белгородская область,31
2024,июль,0.8655385700877504,Белгородская область,31
2024,август,0.865340325637266,Белгородская область,31
2024,сентябрь,0.8679957323233862,Белгородская область,31
2024,октябрь,0.86550713488914,Белгородская область,31
2024,ноябрь,0.8656348885245204,Белгородская область,31
2024,декабрь,0.8650232861302972,Белгородская область,31
2025,январь,0.8762582390621063,Белгородская область,31
2025,февраль,0.8779857063218941,Белгородская область,31
2025,март,0.8753762081149544,Белгородская область,31
2023,январь,0.9496661613392252,Брянская область,32
2023,февраль,0.9472525536303751,Брянская область,32
2023,март,0.9475361417690036,Брянская область,32
2023,апрель,0.9493708349116147,Брянская область,32
2023,май,0.9486501147627078,Брянская область,32
2023,июнь,0.955976843037224,Брянская область,32
2023,июль,0.9574567812470766,Брянская область,32
2023,август,0.9548512881063812,Брянская область,32
2023,сентябрь,0.9519556683229041,Брянская область,32
2023,октябрь,0.9480448184186213,Брянская область,32
2023,ноябрь,0.949127971652931,Брянская область,32
2023,декабрь,0.9503453019710997,Брянская область,32
2024,январь,0.9539091359347137,Брянская область,32
2024,февраль,0.9533440467656062,Брянская область,32
2024,март,0.9501744623134339,Брянская область,32
2024,апрель,0.9455056320714483,Брянская область,32
2024,май,0.9444435664166093,Брянская область,32
2024,июнь,0.9397675212575232,Брянская область,32
2024,июль,0.9438096691119736,Брянская область,32
2024,август,0.9417865417908131,Брянская область,32
2024,сентябрь,0.9401977020336731,Брянская область,32
2024,октябрь,0.9369681388919912,Брянская область,32
2024,ноябрь,0.9344830817060966,Брянская область,32
2024,декабрь,0.9322294761409153,Брянская область,32
2025,январь,0.9385920487248518,Брянская область,32
2025,февраль,0.9385138502101081,Брянская область,32
2025,март,0.9404930450799177,Брянская область,32
2023,январь,0.9869518981056575,Владимирская область,33
2023,февраль,0.9861583645084074,Владимирская область,33
2023,март,0.9856652222913104,Владимирская область,33
2023,апрель,0.98739054154989,Владимирская область,33
2023,май,0.9871658920524243,Владимирская область,33
2023,июнь,0.9897657991162608,Владимирская область,33
2023,июль,0.9881006258604453,Владимирская область,33
2023,август,0.9877064517204112,Владимирская область,33
2023,сентябрь,0.9785264880157276,Владимирская область,33
2023,октябрь,0.9775596628572804,Владимирская область,33
2023,ноябрь,0.9812896230148971,Владимирская область,33
2023,декабрь,0.977987610177135,Владимирская область,33
2024,январь,1.004744327540219,Владимирская область,33
2024,февраль,1.006420687736007,Владимирская область,33
2024,март,1.001848516164425,Владимирская область,33
2024,апрель,1.001963185706694,Владимирская область,33
2024,май,0.9985947540797062,Владимирская область,33
2024,июнь,0.9987988181228317,Владимирская область,33
2024,июль,1.000820542502309,Владимирская область,33
2024,август,1.000791951644313,Владимирская область,33
2024,сентябрь,1.004810273752657,Владимирская область,33
2024,октябрь,1.005684108944128,Владимирская область,33
2024,ноябрь,1.006518174655565,Владимирская область,33
2024,декабрь,1.006692528463746,Владимирская область,33
2025,январь,1.016318564911211,Владимирская область,33
2025,февраль,1.015094344273306,Владимирская область,33
2025,март,1.014269275964561,Владимирская область,33
2023,январь,0.957811511886924,Воронежская область,36
2023,февраль,0.957967920581195,Воронежская область,36
2023,март,0.9584578540338878,Воронежская область,36
2023,апрель,0.9589853532266206,Воронежская область,36
2023,май,0.9602580371132555,Воронежская область,36
2023,июнь,0.9636585823595061,Воронежская область,36
2023,июль,0.9620808067088973,Воронежская область,36
2023,август,0.9573603698395997,Воронежская область,36
2023,сентябрь,0.9561869746752734,Воронежская область,36
2023,октябрь,0.9519122157404015,Воронежская область,36
2023,ноябрь,0.9512736742756907,Воронежская область,36
2023,декабрь,0.9491855304070044,Воронежская область,36
2024,январь,0.955586329850299,Воронежская область,36
2024,февраль,0.9590639691423665,Воронежская область,36
2024,март,0.9578969482053109,Воронежская область,36
2024,апрель,0.9551505116643975,Воронежская область,36
2024,май,0.9545805733782663,Воронежская область,36
2024,июнь,0.9511068033011053,Воронежская область,36
2024,июль,0.9515149872503345,Воронежская область,36
2024,август,0.9529178863390302,Воронежская область,36
2024,сентябрь,0.954821282339355,Воронежская область,36
2024,октябрь,0.9582057154142324,Воронежская область,36
2024,ноябрь,0.9587346947467047,Воронежская область,36
2024,декабрь,0.9541157052596168,Воронежская область,36
2025,январь,0.9610294020131825,Воронежская область,36
2025,февраль,0.9603894137883012,Воронежская область,36
2025,март,0.9581460594207555,Воронежская область,36
2023,январь,0.9435323463320755,Ивановская область,37
2023,февраль,0.9445692096376488,Ивановская область,37
2023,март,0.9433642934867092,Ивановская область,37
2023,апрель,0.9443976745740578,Ивановская область,37
2023,май,0.9421035713616475,Ивановская область,37
2023,июнь,0.9475033392118744,Ивановская область,37
2023,июль,0.9466159418465994,Ивановская область,37
2023,август,0.944000818903336,Ивановская область,37
2023,сентябрь,0.9457978055288374,Ивановская область,37
2023,октябрь,0.9450914474394764,Ивановская область,37
2023,ноябрь,0.9405676439660603,Ивановская область,37
2023,декабрь,0.9350690813371253,Ивановская область,37
2024,январь,0.9480083785565662,Ивановская область,37
2024,февраль,0.9466579804320143,Ивановская область,37
2024,март,0.952272505225613,Ивановская область,37
2024,апрель,0.9528397545105607,Ивановская область,37
2024,май,0.9577188957259662,Ивановская область,37
2024,июнь,0.9569929519938368,Ивановская область,37
2024,июль,0.9625317648745733,Ивановская область,37
2024,август,0.9638679144953739,Ивановская область,37
2024,сентябрь,0.9601745883528282,Ивановская область,37
2024,октябрь,0.9536448885061729,Ивановская область,37
2024,ноябрь,0.9535857413598517,Ивановская область,37
2024,декабрь,0.9532397682951188,Ивановская область,37
2025,январь,0.9562766070315505,Ивановская область,37
2025,февраль,0.9540185923804022,Ивановская область,37
2025,март,0.9567607678264299,Ивановская область,37
2023,январь,0.9973736656960862,Калужская область,40
2023,февраль,0.9957167736013075,Калужская область,40
2023,март,0.9956090665319447,Калужская область,40
2023,апрель,0.9923685457175214,Калужская область,40
2023,май,0.9954575397201012,Калужская область,40
2023,июнь,0.9956658295356813,Калужская область,40
2023,июль,0.9948996576502048,Калужская область,40
2023,август,0.988473459438099,Калужская область,40
2023,сентябрь,0.9851992064105929,Калужская область,40
2023,октябрь,0.9810672035746071,Калужская область,40
2023,ноябрь,0.9802324628272594,Калужская область,40
2023,декабрь,0.979410796952016,Калужская область,40
2024,январь,0.9815295545196902,Калужская область,40
2024,февраль,0.9818252518793044,Калужская область,40
2024,март,0.9831363035272715,Калужская область,40
2024,апрель,0.9828152831088031,Калужская область,40
2024,май,0.9834572029916566,Калужская область,40
2024,июнь,0.9852091075325902,Калужская область,40
2024,июль,1.000201091929175,Калужская область,40
2024,август,0.9961060561418312,Калужская область,40
2024,сентябрь,0.9952528189379019,Калужская область,40
2024,октябрь,0.9923375348249771,Калужская область,40
2024,ноябрь,0.9934447733225443,Калужская область,40
2024,декабрь,0.9932591120783003,Калужская область,40
2025,январь,0.9874234115353501,Калужская область,40
2025,февраль,0.9857034462331513,Калужская область,40
2025,март,0.9857791096238528,Калужская область,40
2023,январь,0.9259773492105848,Костромская область,44
2023,февраль,0.9240199442596493,Костромская область,44
2023,март,0.92399735737603,Костромская область,44
2023,апрель,0.9237997715649737,Костромская область,44
2023,май,0.9228065235764451,Костромская область,44
2023,июнь,0.9227766961453294,Костромская область,44
2023,июль,0.9264296986191559,Костромская область,44
2023,август,0.9262782271694987,Костромская область,44
2023,сентябрь,0.9205300213012608,Костромская область,44
2023,октябрь,0.9146022075292566,Костромская область,44
2023,ноябрь,0.9108748855367652,Костромская область,44
2023,декабрь,0.9077204392053051,Костромская область,44
2024,январь,0.9098197850504572,Костромская область,44
2024,февраль,0.9111732682664326,Костромская область,44
2024,март,0.9115345115215765,Костромская область,44
2024,апрель,0.9096815980988481,Костромская область,44
2024,май,0.9062513123380321,Костромская область,44
2024,июнь,0.9013529383375428,Костромская область,44
2024,июль,0.90579323990136,Костромская область,44
2024,август,0.9042000024407976,Костромская область,44
2024,сентябрь,0.9047940001897131,Костромская область,44
2024,октябрь,0.8987148877343206,Костромская область,44
2024,ноябрь,0.8991520623496093,Костромская область,44
2024,декабрь,0.8940229812554535,Костромская область,44
2025,январь,0.8948471048897259,Костромская область,44
2025,февраль,0.8935261888495836,Костромская область,44
2025,март,0.8961624942567528,Костромская область,44
2023,январь,0.9100145733697326,Курская область,46
2023,февраль,0.9084105044180507,Курская область,46
2023,март,0.9115211604228198,Курская область,46
2023,апрель,0.911593804160075,Курская область,46
2023,май,0.9120024446835102,Курская область,46
2023,июнь,0.911254564703826,Курская область,46
2023,июль,0.9102847881102187,Курская область,46
2023,август,0.9129258178320963,Курская область,46
2023,сентябрь,0.9068253718941989,Курская область,46
2023,октябрь,0.9120006753796298,Курская область,46
2023,ноябрь,0.9112673978261939,Курская область,46
2023,декабрь,0.9083161485159158,Курская область,46
2024,январь,0.9160652474764487,Курская область,46
2024,февраль,0.9163444651054788,Курская область,46
2024,март,0.9187148271637386,Курская область,46
2024,апрель,0.917049930326065,Курская область,46
2024,май,0.9150065543523564,Курская область,46
2024,июнь,0.9087879324120698,Курская область,46
2024,июль,0.920659179343837,Курская область,46
2024,август,0.9258803869710225,Курская область,46
2024,сентябрь,0.9250267382471371,Курская область,46
2024,октябрь,0.9266813764150442,Курская область,46
2024,ноябрь,0.9255982623879389,Курская область,46
2024,декабрь,0.9425994259942599,Курская область,46
2025,январь,0.9415635816877314,Курская область,46
2025,февраль,0.9383634942238243,Курская область,46
2025,март,0.9387353064352832,Курская область,46
2023,январь,0.8713257465797543,Липецкая область,48
2023,февраль,0.8716098019689213,Липецкая область,48
2023,март,0.8704419594279497,Липецкая область,48
2023,апрель,0.8701984323428347,Липецкая область,48
2023,май,0.869653876442582,Липецкая область,48
2023,июнь,0.8711367455613672,Липецкая область,48
2023,июль,0.8692194339189862,Липецкая область,48
2023,август,0.8678766122159428,Липецкая область,48
2023,сентябрь,0.8654437936648561,Липецкая область,48
2023,октябрь,0.8667535416162608,Липецкая область,48
2023,ноябрь,0.8676348324211404,Липецкая область,48
2023,декабрь,0.867131692247262,Липецкая область,48
2024,январь,0.86623312902764,Липецкая область,48
2024,февраль,0.8664168913477363,Липецкая область,48
2024,март,0.8681113531459406,Липецкая область,48
2024,апрель,0.8694495188963466,Липецкая область,48
2024,май,0.8684496552135211,Липецкая область,48
2024,июнь,0.8648393329865636,Липецкая область,48
2024,июль,0.8680618366425341,Липецкая область,48
2024,август,0.8682618731726708,Липецкая область,48
2024,сентябрь,0.8662804813841752,Липецкая область,48
2024,октябрь,0.8661284974280937,Липецкая область,48
2024,ноябрь,0.8686544153659419,Липецкая область,48
2024,декабрь,0.8662768473838584,Липецкая область,48
2025,январь,0.8791095844992906,Липецкая область,48
2025,февраль,0.876958273748954,Липецкая область,48
2025,март,0.87159562659337,Липецкая область,48
2023,январь,1.110202922688811,Московская область,50
2023,февраль,1.109522585744839,Московская область,50
2023,март,1.109667437431991,Московская область,50
2023,апрель,1.108541028693881,Московская область,50
2023,май,1.1089873350211,Московская область,50
2023,июнь,1.108113580480379,Московская область,50
2023,июль,1.10876598783991,Московская область,50
2023,август,1.106146059979908,Московская область,50
2023,сентябрь,1.105976263495979,Московская область,50
2023,октябрь,1.10754760318051,Московская область,50
2023,ноябрь,1.110047705700093,Московская область,50
2023,декабрь,1.11062554596991,Московская область,50
2024,январь,1.114737206415776,Московская область,50
2024,февраль,1.113197793671826,Московская область,50
2024,март,1.115556112098057,Московская область,50
2024,апрель,1.114180413299853,Московская область,50
2024,май,1.119025051940364,Московская область,50
2024,июнь,1.126079857145155,Московская область,50
2024,июль,1.122318100328261,Московская область,50
2024,август,1.120142159024936,Московская область,50
2024,сентябрь,1.11824309918258,Московская область,50
2024,октябрь,1.122860320202217,Московская область,50
2024,ноябрь,1.119673345967931,Московская область,50
2024,декабрь,1.119333901031318,Московская область,50
2025,январь,1.145011637468005,Московская область,50
2025,февраль,1.143029213017871,Московская область,50
2025,март,1.142232893254886,Московская область,50
2023,январь,0.8680978087164586,Орловская область,57
2023,февраль,0.8675324624755297,Орловская область,57
2023,март,0.8676589460593813,Орловская область,57
2023,апрель,0.8665786381281116,Орловская область,57
2023,май,0.8656610855682473,Орловская область,57
2023,июнь,0.8716104671458322,Орловская область,57
2023,июль,0.8668478222155526,Орловская область,57
2023,август,0.8641934516299508,Орловская область,57
2023,сентябрь,0.8631015565721911,Орловская область,57
2023,октябрь,0.867488347107399,Орловская область,57
2023,ноябрь,0.8657945212216593,Орловская область,57
2023,декабрь,0.869487536411568,Орловская область,57
2024,январь,0.879316631508914,Орловская область,57
2024,февраль,0.8783013373975573,Орловская область,57
2024,март,0.8781272834105537,Орловская область,57
2024,апрель,0.8759936232954973,Орловская область,57
2024,май,0.8732551266414668,Орловская область,57
2024,июнь,0.8787177204713924,Орловская область,57
2024,июль,0.8739735022039239,Орловская область,57
2024,август,0.8752225048510851,Орловская область,57
2024,сентябрь,0.8749146073067426,Орловская область,57
2024,октябрь,0.8724779515475204,Орловская область,57
2024,ноябрь,0.8697395711334936,Орловская область,57
2024,декабрь,0.8758789331483058,Орловская область,57
2025,январь,0.8723649921090673,Орловская область,57
2025,февраль,0.8713055459586078,Орловская область,57
2025,март,0.8775222512716465,Орловская область,57
2023,январь,0.9487640003557818,Рязанская область,62
2023,февраль,0.9451776224783721,Рязанская область,62
2023,март,0.9425370161666408,Рязанская область,62
2023,апрель,0.9402295587948938,Рязанская область,62
2023,май,0.9390164857578448,Рязанская область,62
2023,июнь,0.942331560220185,Рязанская область,62
2023,июль,0.940775717431536,Рязанская область,62
2023,август,0.9340706637401981,Рязанская область,62
2023,сентябрь,0.9299165269596898,Рязанская область,62
2023,октябрь,0.9276575032931832,Рязанская область,62
2023,ноябрь,0.9257022948853961,Рязанская область,62
2023,декабрь,0.9224121200782427,Рязанская область,62
2024,январь,0.9312739677728581,Рязанская область,62
2024,февраль,0.9298350045427655,Рязанская область,62
2024,март,0.9310081476904786,Рязанская область,62
2024,апрель,0.9323859502680907,Рязанская область,62
2024,май,0.9327762321979229,Рязанская область,62
2024,июнь,0.9333571960983039,Рязанская область,62
2024,июль,0.9424422439935808,Рязанская область,62
2024,август,0.9408472705781029,Рязанская область,62
2024,сентябрь,0.9371488021526355,Рязанская область,62
2024,октябрь,0.9351100881075695,Рязанская область,62
2024,ноябрь,0.9357977896552458,Рязанская область,62
2024,декабрь,0.9357946194846564,Рязанская область,62
2025,январь,0.9367229254804187,Рязанская область,62
2025,февраль,0.9408464220410373,Рязанская область,62
2025,март,0.9412082572649538,Рязанская область,62
2023,январь,0.9471810645890574,Смоленская область,67
2023,февраль,0.943364065482744,Смоленская область,67
2023,март,0.9435474312140527,Смоленская область,67
2023,апрель,0.9442678599280595,Смоленская область,67
2023,май,0.9473355207997498,Смоленская область,67
2023,июнь,0.9440636047633851,Смоленская область,67
2023,июль,0.9382293453943291,Смоленская область,67
2023,август,0.9348191033008469,Смоленская область,67
2023,сентябрь,0.942488019523704,Смоленская область,67
2023,октябрь,0.9404449110475035,Смоленская область,67
2023,ноябрь,0.9401123671816634,Смоленская область,67
2023,декабрь,0.9372220120175045,Смоленская область,67
2024,январь,0.9561946601296258,Смоленская область,67
2024,февраль,0.9558001809734603,Смоленская область,67
2024,март,0.9561181527498168,Смоленская область,67
2024,апрель,0.9547326961190137,Смоленская область,67
2024,май,0.9538711770605345,Смоленская область,67
2024,июнь,0.956437494749298,Смоленская область,67
2024,июль,0.9632325265321128,Смоленская область,67
2024,август,0.9591628412975978,Смоленская область,67
2024,сентябрь,0.9542647612964199,Смоленская область,67
2024,октябрь,0.9552942373691139,Смоленская область,67
2024,ноябрь,0.9521304912587041,Смоленская область,67
2024,декабрь,0.9509462684370434,Смоленская область,67
2025,январь,0.9519283052398446,Смоленская область,67
2025,февраль,0.948294794683971,Смоленская область,67
2025,март,0.9457186886285736,Смоленская область,67
2023,январь,0.898926692333782,Тамбовская область,68
2023,февраль,0.9058342410852916,Тамбовская область,68
2023,март,0.9016414386755792,Тамбовская область,68
2023,апрель,0.9024738408956823,Тамбовская область,68
2023,май,0.8964084581821222,Тамбовская область,68
2023,июнь,0.9009444346548351,Тамбовская область,68
2023,июль,0.9025563922628661,Тамбовская область,68
2023,август,0.8966086927541337,Тамбовская область,68
2023,сентябрь,0.8974521528319194,Тамбовская область,68
2023,октябрь,0.898606274899318,Тамбовская область,68
2023,ноябрь,0.9003978987945938,Тамбовская область,68
2023,декабрь,0.8980020002801695,Тамбовская область,68
2024,январь,0.9093194067551997,Тамбовская область,68
2024,февраль,0.9073860945300679,Тамбовская область,68
2024,март,0.9084525809734937,Тамбовская область,68
2024,апрель,0.9049711383421025,Тамбовская область,68
2024,май,0.9057076375025457,Тамбовская область,68
2024,июнь,0.9048572792158,Тамбовская область,68
2024,июль,0.9105031626077427,Тамбовская область,68
2024,август,0.9062058150258986,Тамбовская область,68
2024,сентябрь,0.9068686619041112,Тамбовская область,68
2024,октябрь,0.904024281864881,Тамбовская область,68
2024,ноябрь,0.9099865846127637,Тамбовская область,68
2024,декабрь,0.9074147664553568,Тамбовская область,68
2025,январь,0.8963535933583545,Тамбовская область,68
2025,февраль,0.8947245178440923,Тамбовская область,68
2025,март,0.8914276188191478,Тамбовская область,68
2023,январь,0.9249896637568799,Тверская область,69
2023,февраль,0.9227646668866688,Тверская область,69
2023,март,0.9239390642002177,Тверская область,69
2023,апрель,0.9298497153281066,Тверская область,69
2023,май,0.9321038164065747,Тверская область,69
2023,июнь,0.929477086822374,Тверская область,69
2023,июль,0.9237370597808562,Тверская область,69
2023,август,0.9202445283450059,Тверская область,69
2023,сентябрь,0.9170778789088099,Тверская область,69
2023,октябрь,0.9159524951551417,Тверская область,69
2023,ноябрь,0.9114407027749868,Тверская область,69
2023,декабрь,0.9104816449395656,Тверская область,69
2024,январь,0.9168060853413716,Тверская область,69
2024,февраль,0.9147130317477576,Тверская область,69
2024,март,0.9158856341855315,Тверская область,69
2024,апрель,0.917199541132709,Тверская область,69
2024,май,0.9174819907710745,Тверская область,69
2024,июнь,0.9220733257186982,Тверская область,69
2024,июль,0.9169665195052613,Тверская область,69
2024,август,0.9194406040625333,Тверская область,69
2024,сентябрь,0.9140864657041188,Тверская область,69
2024,октябрь,0.9192168331035743,Тверская область,69
2024,ноябрь,0.9183599156747088,Тверская область,69
2024,декабрь,0.9190866370202164,Тверская область,69
2025,январь,0.9186400905799506,Тверская область,69
2025,февраль,0.9206826983394701,Тверская область,69
2025,март,0.9217239093929033,Тверская область,69
2023,январь,0.954988715657038,Тульская область,71
2023,февраль,0.9550407247219068,Тульская область,71
2023,март,0.959026698274522,Тульская область,71
2023,апрель,0.9614610347777311,Тульская область,71
2023,май,0.9584149148757166,Тульская область,71
2023,июнь,0.9596720624128189,Тульская область,71
2023,июль,0.954879066323921,Тульская область,71
2023,август,0.9507258244975884,Тульская область,71
2023,сентябрь,0.9448036834240697,Тульская область,71
2023,октябрь,0.9459069023137884,Тульская область,71
2023,ноябрь,0.9482328750120024,Тульская область,71
2023,декабрь,0.9486642847602199,Тульская область,71
2024,январь,0.9447573095771017,Тульская область,71
2024,февраль,0.9512869019075929,Тульская область,71
2024,март,0.9506125101886267,Тульская область,71
2024,апрель,0.9467622716211562,Тульская область,71
2024,май,0.9457359230438205,Тульская область,71
2024,июнь,0.9481744537929284,Тульская область,71
2024,июль,0.9498280008270997,Тульская область,71
2024,август,0.9523334024892648,Тульская область,71
2024,сентябрь,0.9479920424887934,Тульская область,71
2024,октябрь,0.9460803062571337,Тульская область,71
2024,ноябрь,0.9550303443282724,Тульская область,71
2024,декабрь,0.954796101807172,Тульская область,71
2025,январь,0.9463826870283676,Тульская область,71
2025,февраль,0.9450264006214714,Тульская область,71
2025,март,0.9415725722835966,Тульская область,71
2023,январь,0.9548284183642053,Ярославская область,76
2023,февраль,0.9491838993519673,Ярославская область,76
2023,март,0.955352770868957,Ярославская область,76
2023,апрель,0.9538828626260729,Ярославская область,76
2023,май,0.9537359982049258,Ярославская область,76
2023,июнь,0.9521202144927287,Ярославская область,76
2023,июль,0.9465594296734499,Ярославская область,76
2023,август,0.9444597856568129,Ярославская область,76
2023,сентябрь,0.9419157468466876,Ярославская область,76
2023,октябрь,0.9375259693371988,Ярославская область,76
2023,ноябрь,0.9295595009754258,Ярославская область,76
2023,декабрь,0.9268352617095275,Ярославская область,76
2024,январь,0.9316483248678283,Ярославская область,76
2024,февраль,0.9349209669364069,Ярославская область,76
2024,март,0.9379040762304214,Ярославская область,76
2024,апрель,0.9394746744938661,Ярославская область,76
2024,май,0.9391531225855801,Ярославская область,76
2024,июнь,0.9367261358944248,Ярославская область,76
2024,июль,0.935327086951713,Ярославская область,76
2024,август,0.9329857230775669,Ярославская область,76
2024,сентябрь,0.9302216598512056,Ярославская область,76
2024,октябрь,0.926129437449145,Ярославская область,76
2024,ноябрь,0.9309375865079534,Ярославская область,76
2024,декабрь,0.9311786040937332,Ярославская область,76
2025,январь,0.9272828169966713,Ярославская область,76
2025,февраль,0.926137416333672,Ярославская область,76
2025,март,0.9240748797475818,Ярославская область,76
2023,январь,1.422569565604111,Москва,77
2023,февраль,1.430305092269458,Москва,77
2023,март,1.42967608425307,Москва,77
2023,апрель,1.426725929313019,Москва,77
2023,май,1.426402678004719,Москва,77
2023,июнь,1.425714295265124,Москва,77
2023,июль,1.424217413252627,Москва,77
2023,август,1.422436523088789,Москва,77
2023,сентябрь,1.4385212587911,Москва,77
2023,октябрь,1.444156433391863,Москва,77
2023,ноябрь,1.443548723281178,Москва,77
2023,декабрь,1.441881808480387,Москва,77
2024,январь,1.468103895213372,Москва,77
2024,февраль,1.466584411587462,Москва,77
2024,март,1.468266756936637,Москва,77
2024,апрель,1.469813511041779,Москва,77
2024,май,1.475716835722146,Москва,77
2024,июнь,1.470009777477482,Москва,77
2024,июль,1.469705282291539,Москва,77
2024,август,1.475488290273596,Москва,77
2024,сентябрь,1.47864682278264,Москва,77
2024,октябрь,1.482257965061401,Москва,77
2024,ноябрь,1.478109495112966,Москва,77
2024,декабрь,1.478180002312844,Москва,77
2025,январь,1.481397043221092,Москва,77
2025,февраль,1.470484832326373,Москва,77
2025,март,1.476902997060271,Москва,77
2023,январь,1.056347919409559,Республика Карелия,10
2023,февраль,1.054107857481482,Республика Карелия,10
2023,март,1.054255401834292,Республика Карелия,10
2023,апрель,1.055582950105644,Республика Карелия,10
2023,май,1.057398651099747,Республика Карелия,10
2023,июнь,1.057881901017976,Республика Карелия,10
2023,июль,1.05640247304868,Республика Карелия,10
2023,август,1.055056013940401,Республика Карелия,10
2023,сентябрь,1.057494897709818,Республика Карелия,10
2023,октябрь,1.05301635767577,Республика Карелия,10
2023,ноябрь,1.050393331974997,Республика Карелия,10
2023,декабрь,1.046893026896741,Республика Карелия,10
2024,январь,1.061515488329835,Республика Карелия,10
2024,февраль,1.055623999071175,Республика Карелия,10
2024,март,1.054371603122203,Республика Карелия,10
2024,апрель,1.04963475349567,Республика Карелия,10
2024,май,1.044865817528456,Республика Карелия,10
2024,июнь,1.049579139474733,Республика Карелия,10
2024,июль,1.052857450740128,Республика Карелия,10
2024,август,1.049437919185192,Республика Карелия,10
2024,сентябрь,1.053467791834152,Республика Карелия,10
2024,октябрь,1.04914800890174,Республика Карелия,10
2024,ноябрь,1.050989118630353,Республика Карелия,10
2024,декабрь,1.049796785147339,Республика Карелия,10
2025,январь,1.056423070037001,Республика Карелия,10
2025,февраль,1.052812334777874,Республика Карелия,10
2025,март,1.05331400620474,Республика Карелия,10
2023,январь,1.068406381005162,Республика Коми,11
2023,февраль,1.064212864670488,Республика Коми,11
2023,март,1.069736126224157,Республика Коми,11
2023,апрель,1.067358301016914,Республика Коми,11
2023,май,1.074208733112921,Республика Коми,11
2023,июнь,1.081883635450229,Республика Коми,11
2023,июль,1.073689024433679,Республика Коми,11
2023,август,1.071764974742545,Республика Коми,11
2023,сентябрь,1.068757660553093,Республика Коми,11
2023,октябрь,1.065216581324527,Республика Коми,11
2023,ноябрь,1.062932179216053,Республика Коми,11
2023,декабрь,1.060978759705292,Республика Коми,11
2024,январь,1.068298394109992,Республика Коми,11
2024,февраль,1.069457779923741,Республика Коми,11
2024,март,1.065059512588028,Республика Коми,11
2024,апрель,1.067320757815226,Республика Коми,11
2024,май,1.067045402719006,Республика Коми,11
2024,июнь,1.070494361416322,Республика Коми,11
2024,июль,1.076560943313497,Республика Коми,11
2024,август,1.06965426102238,Республика Коми,11
2024,сентябрь,1.066239928013416,Республика Коми,11
2024,октябрь,1.063861494366126,Республика Коми,11
2024,ноябрь,1.061615808862673,Республика Коми,11
2024,декабрь,1.057056170561706,Республика Коми,11
2025,январь,1.056908378976964,Республика Коми,11
2025,февраль,1.059931238838841,Республика Коми,11
2025,март,1.062977706035187,Республика Коми,11
2023,январь,1.210199110740994,Ненецкий автономный округ,83
2023,февраль,1.211468728066717,Ненецкий автономный округ,83
2023,март,1.210149327685373,Ненецкий автономный округ,83
2023,апрель,1.214110367637015,Ненецкий автономный округ,83
2023,май,1.228046016554467,Ненецкий автономный округ,83
2023,июнь,1.220119127607319,Ненецкий автономный округ,83
2023,июль,1.210188717415865,Ненецкий автономный округ,83
2023,август,1.211253731485405,Ненецкий автономный округ,83
2023,сентябрь,1.200400306161137,Ненецкий автономный округ,83
2023,октябрь,1.199099745364901,Ненецкий автономный округ,83
2023,ноябрь,1.204262364956803,Ненецкий автономный округ,83
2023,декабрь,1.212411789645734,Ненецкий автономный округ,83
2024,январь,1.213731029060396,Ненецкий автономный округ,83
2024,февраль,1.208700916477615,Ненецкий автономный округ,83
2024,март,1.212666051106197,Ненецкий автономный округ,83
2024,апрель,1.204897473265051,Ненецкий автономный округ,83
2024,май,1.214121186204567,Ненецкий автономный округ,83
2024,июнь,1.214149547143707,Ненецкий автономный округ,83
2024,июль,1.197633585149973,Ненецкий автономный округ,83
2024,август,1.193869065157092,Ненецкий автономный округ,83
2024,сентябрь,1.188002293963204,Ненецкий автономный округ,83
2024,октябрь,1.187701075030497,Ненецкий автономный округ,83
2024,ноябрь,1.180873490768936,Ненецкий автономный округ,83
2024,декабрь,1.177978364399028,Ненецкий автономный округ,83
2025,январь,1.190271358566635,Ненецкий автономный округ,83
2025,февраль,1.185926679683825,Ненецкий автономный округ,83
2025,март,1.172930092989782,Ненецкий автономный округ,83
2023,январь,1.087655251349088,Архангельская область,29
2023,февраль,1.092988358385341,Архангельская область,29
2023,март,1.093720853412094,Архангельская область,29
2023,апрель,1.093641891767523,Архангельская область,29
2023,май,1.10004415613494,Архангельская область,29
2023,июнь,1.104674323573809,Архангельская область,29
2023,июль,1.101702915980645,Архангельская область,29
2023,август,1.100571327908892,Архангельская область,29
2023,сентябрь,1.095085525344894,Архангельская область,29
2023,октябрь,1.091999722679314,Архангельская область,29
2023,ноябрь,1.096642802106826,Архангельская область,29
2023,декабрь,1.095539673076592,Архангельская область,29
2024,январь,1.109645393948295,Архангельская область,29
2024,февраль,1.11292734708019,Архангельская область,29
2024,март,1.111318285586115,Архангельская область,29
2024,апрель,1.107920022076717,Архангельская область,29
2024,май,1.105216433610484,Архангельская область,29
2024,июнь,1.106323811464495,Архангельская область,29
2024,июль,1.100428806681148,Архангельская область,29
2024,август,1.088466708392682,Архангельская область,29
2024,сентябрь,1.086751579275313,Архангельская область,29
2024,октябрь,1.084265125607079,Архангельская область,29
2024,ноябрь,1.08742956921701,Архангельская область,29
2024,декабрь,1.090510823056948,Архангельская область,29
2025,январь,1.095472411575136,Архангельская область,29
2025,февраль,1.097675110291867,Архангельская область,29
2025,март,1.100335039704645,Архангельская область,29
2023,январь,1.032303814195889,Вологодская область,35
2023,февраль,1.033096198344533,Вологодская область,35
2023,март,1.029624591947769,Вологодская область,35
2023,апрель,1.032811136159095,Вологодская область,35
2023,май,1.031455120021564,Вологодская область,35
2023,июнь,1.038835619087733,Вологодская область,35
2023,июль,1.036735761900443,Вологодская область,35
2023,август,1.033765955522122,Вологодская область,35
2023,сентябрь,1.033784966880787,Вологодская область,35
2023,октябрь,1.030451037570822,Вологодская область,35
2023,ноябрь,1.029202820655139,Вологодская область,35
2023,декабрь,1.038928207254715,Вологодская область,35
2024,январь,1.042688291657536,Вологодская область,35
2024,февраль,1.041180676752282,Вологодская область,35
2024,март,1.042942452435111,Вологодская область,35
2024,апрель,1.041971760960246,Вологодская область,35
2024,май,1.044244023302156,Вологодская область,35
2024,июнь,1.046345153892491,Вологодская область,35
2024,июль,1.036625834804729,Вологодская область,35
2024,август,1.032335337693063,Вологодская область,35
2024,сентябрь,1.030509014422554,Вологодская область,35
2024,октябрь,1.033617826248751,Вологодская область,35
2024,ноябрь,1.032201188220012,Вологодская область,35
2024,декабрь,1.031596387758749,Вологодская область,35
2025,январь,1.075120933517234,Вологодская область,35
2025,февраль,1.077220123217963,Вологодская область,35
2025,март,1.082492549025986,Вологодская область,35
2023,январь,1.034386701580199,Калининградская область,39
2023,февраль,1.029235453822439,Калининградская область,39
2023,март,1.03053202238458,Калининградская область,39
2023,апрель,1.032187250845491,Калининградская область,39
2023,май,1.03140947439785,Калининградская область,39
2023,июнь,1.034686257346386,Калининградская область,39
2023,июль,1.039112597418201,Калининградская область,39
2023,август,1.048524783728581,Калининградская область,39
2023,сентябрь,1.042782365080548,Калининградская область,39
2023,октябрь,1.047019062024092,Калининградская область,39
2023,ноябрь,1.049591913684768,Калининградская область,39
2023,декабрь,1.055067740991176,Калининградская область,39
2024,январь,1.048124345859625,Калининградская область,39
2024,февраль,1.049093658372971,Калининградская область,39
2024,март,1.050395229268754,Калининградская область,39
2024,апрель,1.054248969715215,Калининградская область,39
2024,май,1.053867158201701,Калининградская область,39
2024,июнь,1.050069353953622,Калининградская область,39
2024,июль,1.056599509248262,Калининградская область,39
2024,август,1.041549348568559,Калининградская область,39
2024,сентябрь,1.045472425013249,Калининградская область,39
2024,октябрь,1.049651222005807,Калининградская область,39
2024,ноябрь,1.044288239177189,Калининградская область,39
2024,декабрь,1.045269498848835,Калининградская область,39
2025,январь,1.050791662798562,Калининградская область,39
2025,февраль,1.054164306228312,Калининградская область,39
2025,март,1.058318458492078,Калининградская область,39
2023,январь,1.002887794827285,Ленинградская область,47
2023,февраль,0.9996928731980029,Ленинградская область,47
2023,март,0.9960656964091404,Ленинградская область,47
2023,апрель,0.9981196251650535,Ленинградская область,47
2023,май,0.9969085900739507,Ленинградская область,47
2023,июнь,0.9986199038517098,Ленинградская область,47
2023,июль,0.9958575152404783,Ленинградская область,47
2023,август,0.9951579959721382,Ленинградская область,47
2023,сентябрь,0.9847564780460353,Ленинградская область,47
2023,октябрь,0.9783138053350275,Ленинградская область,47
2023,ноябрь,0.975947615066289,Ленинградская область,47
2023,декабрь,0.9731544529969064,Ленинградская область,47
2024,январь,0.9854519643786251,Ленинградская область,47
2024,февраль,0.9866066739031478,Ленинградская область,47
2024,март,0.9934439599160966,Ленинградская область,47
2024,апрель,0.9949355829689991,Ленинградская область,47
2024,май,0.9941902654207904,Ленинградская область,47
2024,июнь,0.9968518131232694,Ленинградская область,47
2024,июль,0.989266499702078,Ленинградская область,47
2024,август,0.9906356185591275,Ленинградская область,47
2024,сентябрь,0.9877678502275252,Ленинградская область,47
2024,октябрь,0.9862657749977685,Ленинградская область,47
2024,ноябрь,0.9844884052724601,Ленинградская область,47
2024,декабрь,0.9832558530713512,Ленинградская область,47
2025,январь,0.9866616712862883,Ленинградская область,47
2025,февраль,0.9873902267787298,Ленинградская область,47
2025,март,0.9931516095323675,Ленинградская область,47
2023,январь,1.15736258172474,Мурманская область,51
2023,февраль,1.16478545416315,Мурманская область,51
2023,март,1.165107648064666,Мурманская область,51
2023,апрель,1.160492075009615,Мурманская область,51
2023,май,1.161667189589338,Мурманская область,51
2023,июнь,1.164339843662326,Мурманская область,51
2023,июль,1.158131508100949,Мурманская область,51
2023,август,1.159085304017863,Мурманская область,51
2023,сентябрь,1.148214827176973,Мурманская область,51
2023,октябрь,1.148024160857317,Мурманская область,51
2023,ноябрь,1.146326052183525,Мурманская область,51
2023,декабрь,1.144742469745646,Мурманская область,51
2024,январь,1.157158629649175,Мурманская область,51
2024,февраль,1.153715484656878,Мурманская область,51
2024,март,1.152391122168571,Мурманская область,51
2024,апрель,1.153389847903282,Мурманская область,51
2024,май,1.156044160485225,Мурманская область,51
2024,июнь,1.160876594649378,Мурманская область,51
2024,июль,1.149455019014116,Мурманская область,51
2024,август,1.149295306869276,Мурманская область,51
2024,сентябрь,1.148410542832105,Мурманская область,51
2024,октябрь,1.147870485796842,Мурманская область,51
2024,ноябрь,1.148987031792338,Мурманская область,51
2024,декабрь,1.150021551497566,Мурманская область,51
2025,январь,1.146376801984006,Мурманская область,51
2025,февраль,1.149132187149657,Мурманская область,51
2025,март,1.151985232230494,Мурманская область,51
2023,январь,0.8951895173389867,Новгородская область,53
2023,февраль,0.8940797050025164,Новгородская область,53
2023,март,0.8962473768070885,Новгородская область,53
2023,апрель,0.8941337342732947,Новгородская область,53
2023,май,0.8974679171325325,Новгородская область,53
2023,июнь,0.8978342041310241,Новгородская область,53
2023,июль,0.8975999422531071,Новгородская область,53
2023,август,0.8970248099144437,Новгородская область,53
2023,сентябрь,0.8897051182340975,Новгородская область,53
2023,октябрь,0.8853000699432954,Новгородская область,53
2023,ноябрь,0.8873470993669684,Новгородская область,53
2023,декабрь,0.8884711167082965,Новгородская область,53
2024,январь,0.8926544929569439,Новгородская область,53
2024,февраль,0.8955509462405621,Новгородская область,53
2024,март,0.8932585120041171,Новгородская область,53
2024,апрель,0.8900707230352748,Новгородская область,53
2024,май,0.8878693229667848,Новгородская область,53
2024,июнь,0.8868730661776141,Новгородская область,53
2024,июль,0.8995397180603721,Новгородская область,53
2024,август,0.9011468261786001,Новгородская область,53
2024,сентябрь,0.9005076133297015,Новгородская область,53
2024,октябрь,0.8957132884049265,Новгородская область,53
2024,ноябрь,0.9003321905410873,Новгородская область,53
2024,декабрь,0.8986339504420686,Новгородская область,53
2025,январь,0.8984771826054666,Новгородская область,53
2025,февраль,0.9004606398016944,Новгородская область,53
2025,март,0.9007286300372854,Новгородская область,53
2023,январь,0.9232527839436849,Псковская область,60
2023,февраль,0.9346574343668564,Псковская область,60
2023,март,0.9313806738691124,Псковская область,60
2023,апрель,0.9283529718350657,Псковская область,60
2023,май,0.9284987730936827,Псковская область,60
2023,июнь,0.9328303861833751,Псковская область,60
2023,июль,0.9340517186111682,Псковская область,60
2023,август,0.9309140770435684,Псковская область,60
2023,сентябрь,0.929942151109407,Псковская область,60
2023,октябрь,0.9248324167130046,Псковская область,60
2023,ноябрь,0.9256479614419907,Псковская область,60
2023,декабрь,0.9258476873680306,Псковская область,60
2024,январь,0.9324137183342778,Псковская область,60
2024,февраль,0.9319386828007026,Псковская область,60
2024,март,0.9293215486987684,Псковская область,60
2024,апрель,0.9282191980769539,Псковская область,60
2024,май,0.9276189977327314,Псковская область,60
2024,июнь,0.9276859910376103,Псковская область,60
2024,июль,0.9342372561268557,Псковская область,60
2024,август,0.9281333303113934,Псковская область,60
2024,сентябрь,0.9245289586747228,Псковская область,60
2024,октябрь,0.9208946413194445,Псковская область,60
2024,ноябрь,0.9170758714678138,Псковская область,60
2024,декабрь,0.9129500320644233,Псковская область,60
2025,январь,0.9127993912709045,Псковская область,60
2025,февраль,0.9276779489800236,Псковская область,60
2025,март,0.9275866976226006,Псковская область,60
2023,январь,1.124986438262573,Санкт-Петербург,78
2023,февраль,1.118210234380095,Санкт-Петербург,78
2023,март,1.116802036374942,Санкт-Петербург,78
2023,апрель,1.116261125066724,Санкт-Петербург,78
2023,май,1.111364751296216,Санкт-Петербург,78
2023,июнь,1.112864645040703,Санкт-Петербург,78
2023,июль,1.113153042088272,Санкт-Петербург,78
2023,август,1.116333788808638,Санкт-Петербург,78
2023,сентябрь,1.116633062650572,Санкт-Петербург,78
2023,октябрь,1.114379690693108,Санкт-Петербург,78
2023,ноябрь,1.109881426627603,Санкт-Петербург,78
2023,декабрь,1.110790762224025,Санкт-Петербург,78
2024,январь,1.12641825973062,Санкт-Петербург,78
2024,февраль,1.127218168850818,Санкт-Петербург,78
2024,март,1.12779026175998,Санкт-Петербург,78
2024,апрель,1.12847189437842,Санкт-Петербург,78
2024,май,1.126034122369284,Санкт-Петербург,78
2024,июнь,1.129207934950281,Санкт-Петербург,78
2024,июль,1.113069183055295,Санкт-Петербург,78
2024,август,1.114527017014103,Санкт-Петербург,78
2024,сентябрь,1.118959310000931,Санкт-Петербург,78
2024,октябрь,1.11836029282087,Санкт-Петербург,78
2024,ноябрь,1.119056664040374,Санкт-Петербург,78
2024,декабрь,1.123496178551529,Санкт-Петербург,78
2025,январь,1.140212010795327,Санкт-Петербург,78
2025,февраль,1.137015795183925,Санкт-Петербург,78
2025,март,1.140169796821189,Санкт-Петербург,78
2023,январь,0.8818232644152716,Республика Адыгея,1
2023,февраль,0.8822214953716819,Республика Адыгея,1
2023,март,0.8797596378050677,Республика Адыгея,1
2023,апрель,0.8962311126955818,Республика Адыгея,1
2023,май,0.8893953684586818,Республика Адыгея,1
2023,июнь,0.8903969662716916,Республика Адыгея,1
2023,июль,0.8878888714234087,Республика Адыгея,1
2023,август,0.8883606221760928,Республика Адыгея,1
2023,сентябрь,0.8854035827306519,Республика Адыгея,1
2023,октябрь,0.8907130112923285,Республика Адыгея,1
2023,ноябрь,0.8885808432456738,Республика Адыгея,1
2023,декабрь,0.8905523761122428,Республика Адыгея,1
2024,январь,0.8903995474356308,Республика Адыгея,1
2024,февраль,0.8903788279480521,Республика Адыгея,1
2024,март,0.8865001901265386,Республика Адыгея,1
2024,апрель,0.8833847620481172,Республика Адыгея,1
2024,май,0.8822754327159492,Республика Адыгея,1
2024,июнь,0.8795564921914241,Республика Адыгея,1
2024,июль,0.8752788511180929,Республика Адыгея,1
2024,август,0.8748127995425248,Республика Адыгея,1
2024,сентябрь,0.870575570684264,Республика Адыгея,1
2024,октябрь,0.8622938152220454,Республика Адыгея,1
2024,ноябрь,0.8596575882114946,Республика Адыгея,1
2024,декабрь,0.8554212003658499,Республика Адыгея,1
2025,январь,0.8503673593888837,Республика Адыгея,1
2025,февраль,0.8483659878326677,Республика Адыгея,1
2025,март,0.8464046254996118,Республика Адыгея,1
2023,январь,0.9052266691688683,Республика Калмыкия,8
2023,февраль,0.9072379711914086,Республика Калмыкия,8
2023,март,0.9085248911860718,Республика Калмыкия,8
2023,апрель,0.9104438789003731,Республика Калмыкия,8
2023,май,0.9217917492892497,Республика Калмыкия,8
2023,июнь,0.9151995385034887,Республика Калмыкия,8
2023,июль,0.8996272571033189,Республика Калмыкия,8
2023,август,0.8974418792879348,Республика Калмыкия,8
2023,сентябрь,0.8970184403718919,Республика Калмыкия,8
2023,октябрь,0.8912983088626125,Республика Калмыкия,8
2023,ноябрь,0.9075849018602178,Республика Калмыкия,8
2023,декабрь,0.908592594867871,Республика Калмыкия,8
2024,январь,0.8925854592847279,Республика Калмыкия,8
2024,февраль,0.8940895210469185,Республика Калмыкия,8
2024,март,0.8921012399736344,Республика Калмыкия,8
2024,апрель,0.8909989486191789,Республика Калмыкия,8
2024,май,0.8891472297644812,Республика Калмыкия,8
2024,июнь,0.8857322115152588,Республика Калмыкия,8
2024,июль,0.887318137486552,Республика Калмыкия,8
2024,август,0.8910641528776132,Республика Калмыкия,8
2024,сентябрь,0.889792733984682,Республика Калмыкия,8
2024,октябрь,0.8892280055556107,Республика Калмыкия,8
2024,ноябрь,0.9092148804326995,Республика Калмыкия,8
2024,декабрь,0.9143869387411823,Республика Калмыкия,8
2025,январь,0.9129601938914897,Республика Калмыкия,8
2025,февраль,0.9101676387085325,Республика Калмыкия,8
2025,март,0.9056643666570439,Республика Калмыкия,8
2023,январь,0.9637107454899282,Республика Крым,91
2023,февраль,0.9614081301477811,Республика Крым,91
2023,март,0.9605840976216385,Республика Крым,91
2023,апрель,0.9645828832607889,Республика Крым,91
2023,май,0.9659810373664687,Республика Крым,91
2023,июнь,0.9637039488418891,Республика Крым,91
2023,июль,0.9600724875471389,Республика Крым,91
2023,август,0.9635530882654009,Республика Крым,91
2023,сентябрь,0.9641902507702668,Республика Крым,91
2023,октябрь,0.960911460654656,Республика Крым,91
2023,ноябрь,0.9613248929139353,Республика Крым,91
2023,декабрь,0.9574072496892304,Республика Крым,91
2024,январь,0.966637740476944,Республика Крым,91
2024,февраль,0.9646194120758319,Республика Крым,91
2024,март,0.960049575093561,Республика Крым,91
2024,апрель,0.9537985408385048,Республика Крым,91
2024,май,0.9557184974525402,Республика Крым,91
2024,июнь,0.9529251102423992,Республика Крым,91
2024,июль,0.9536942117436812,Республика Крым,91
2024,август,0.9649732471150644,Республика Крым,91
2024,сентябрь,0.981549521670381,Республика Крым,91
2024,октябрь,0.9849402590749762,Республика Крым,91
2024,ноябрь,0.9874981367517728,Республика Крым,91
2024,декабрь,0.9857192418078028,Республика Крым,91
2025,январь,0.9464029945758127,Республика Крым,91
2025,февраль,0.9455608627475791,Республика Крым,91
2025,март,0.9407130165364865,Республика Крым,91
2023,январь,1.021544347125742,Краснодарский край,23
2023,февраль,1.02557572890292,Краснодарский край,23
2023,март,1.024873698119074,Краснодарский край,23
2023,апрель,1.027301763832283,Краснодарский край,23
2023,май,1.030835780979805,Краснодарский край,23
2023,июнь,1.030295259393608,Краснодарский край,23
2023,июль,1.026976726957399,Краснодарский край,23
2023,август,1.030936930159924,Краснодарский край,23
2023,сентябрь,1.029931853997391,Краснодарский край,23
2023,октябрь,1.02975679258818,Краснодарский край,23
2023,ноябрь,1.027173279187247,Краснодарский край,23
2023,декабрь,1.025112405227535,Краснодарский край,23
2024,январь,1.032459262025411,Краснодарский край,23
2024,февраль,1.030324572768101,Краснодарский край,23
2024,март,1.030076688192936,Краснодарский край,23
2024,апрель,1.030012931299904,Краснодарский край,23
2024,май,1.031458181967606,Краснодарский край,23
2024,июнь,1.028961978661147,Краснодарский край,23
2024,июль,1.028756145872085,Краснодарский край,23
2024,август,1.029916332945711,Краснодарский край,23
2024,сентябрь,1.030256643660316,Краснодарский край,23
2024,октябрь,1.028279541562944,Краснодарский край,23
2024,ноябрь,1.026866974723707,Краснодарский край,23
2024,декабрь,1.026061542666709,Краснодарский край,23
2025,январь,1.023386420301579,Краснодарский край,23
2025,февраль,1.024663311455031,Краснодарский край,23
2025,март,1.026874738250231,Краснодарский край,23
2023,январь,0.8681676944264436,Астраханская область,30
2023,февраль,0.8670072805114173,Астраханская область,30
2023,март,0.8658499145033423,Астраханская область,30
2023,апрель,0.8627660594764208,Астраханская область,30
2023,май,0.8609898565814503,Астраханская область,30
2023,июнь,0.8614206776606367,Астраханская область,30
2023,июль,0.8566281418275087,Астраханская область,30
2023,август,0.8599380109218853,Астраханская область,30
2023,сентябрь,0.8564108063682655,Астраханская область,30
2023,октябрь,0.8536944727817765,Астраханская область,30
2023,ноябрь,0.8521718154630169,Астраханская область,30
2023,декабрь,0.8545598988038807,Астраханская область,30
2024,январь,0.8619363620737345,Астраханская область,30
2024,февраль,0.8604458729020809,Астраханская область,30
2024,март,0.8605893142922407,Астраханская область,30
2024,апрель,0.8621345539385729,Астраханская область,30
2024,май,0.8590107556402877,Астраханская область,30
2024,июнь,0.8741243616486936,Астраханская область,30
2024,июль,0.8641396697108779,Астраханская область,30
2024,август,0.8629753671221079,Астраханская область,30
2024,сентябрь,0.8629483170786257,Астраханская область,30
2024,октябрь,0.8608251401299729,Астраханская область,30
2024,ноябрь,0.8544673239496603,Астраханская область,30
2024,декабрь,0.858362716960503,Астраханская область,30
2025,январь,0.8692716138615174,Астраханская область,30
2025,февраль,0.8713096540456646,Астраханская область,30
2025,март,0.8712463558333097,Астраханская область,30
2023,январь,0.8867636465288306,Волгоградская область,34
2023,февраль,0.8860910010386825,Волгоградская область,34
2023,март,0.8841515428260532,Волгоградская область,34
2023,апрель,0.8842978529238811,Волгоградская область,34
2023,май,0.8811085255935014,Волгоградская область,34
2023,июнь,0.8791456010987285,Волгоградская область,34
2023,июль,0.8814127663373607,Волгоградская область,34
2023,август,0.8807362512319258,Волгоградская область,34
2023,сентябрь,0.8811846139318503,Волгоградская область,34
2023,октябрь,0.8788792471215009,Волгоградская область,34
2023,ноябрь,0.8773900274711763,Волгоградская область,34
2023,декабрь,0.8783798940661303,Волгоградская область,34
2024,январь,0.8780286207118624,Волгоградская область,34
2024,февраль,0.8777701194756562,Волгоградская область,34
2024,март,0.8776773096246228,Волгоградская область,34
2024,апрель,0.8816423435073243,Волгоградская область,34
2024,май,0.8816053218722102,Волгоградская область,34
2024,июнь,0.8820151613462532,Волгоградская область,34
2024,июль,0.877436217793051,Волгоградская область,34
2024,август,0.8780804173066497,Волгоградская область,34
2024,сентябрь,0.8749450658470128,Волгоградская область,34
2024,октябрь,0.8750035035188265,Волгоградская область,34
2024,ноябрь,0.8781401588552202,Волгоградская область,34
2024,декабрь,0.8701224755837301,Волгоградская область,34
2025,январь,0.8791667771839318,Волгоградская область,34
2025,февраль,0.8827995627352138,Волгоградская область,34
2025,март,0.8827600928678017,Волгоградская область,34
2023,январь,0.9857262102689964,Ростовская область,61
2023,февраль,0.9842508685701714,Ростовская область,61
2023,март,0.983897481734805,Ростовская область,61
2023,апрель,0.9858090310305442,Ростовская область,61
2023,май,0.9880922579736899,Ростовская область,61
2023,июнь,0.9920775795501268,Ростовская область,61
2023,июль,0.9874523979919657,Ростовская область,61
2023,август,0.9887177021191503,Ростовская область,61
2023,сентябрь,0.9893194747808542,Ростовская область,61
2023,октябрь,0.9859778549056285,Ростовская область,61
2023,ноябрь,0.9870569306756785,Ростовская область,61
2023,декабрь,0.9846306997862426,Ростовская область,61
2024,январь,0.9875016621362355,Ростовская область,61
2024,февраль,0.9875834145748137,Ростовская область,61
2024,март,0.9866705013056578,Ростовская область,61
2024,апрель,0.9845431054733381,Ростовская область,61
2024,май,0.9826538827820799,Ростовская область,61
2024,июнь,0.9826060999304674,Ростовская область,61
2024,июль,0.9774501630811829,Ростовская область,61
2024,август,0.981369740734994,Ростовская область,61
2024,сентябрь,0.9794618062958672,Ростовская область,61
2024,октябрь,0.9777926494665811,Ростовская область,61
2024,ноябрь,0.9772509103298482,Ростовская область,61
2024,декабрь,0.9746403002491563,Ростовская область,61
2025,январь,0.9752409552670318,Ростовская область,61
2025,февраль,0.9745019252549992,Ростовская область,61
2025,март,0.9791482510032895,Ростовская область,61
2023,январь,0.9830133740723039,Севастополь,92
2023,февраль,0.9803799027123532,Севастополь,92
2023,март,0.9769455347427328,Севастополь,92
2023,апрель,0.9808571835453155,Севастополь,92
2023,май,0.9877732190879429,Севастополь,92
2023,июнь,0.9777646931291747,Севастополь,92
2023,июль,0.9888362338958115,Севастополь,92
2023,август,0.9927627037141075,Севастополь,92
2023,сентябрь,0.9962844982910116,Севастополь,92
2023,октябрь,0.9924713093356613,Севастополь,92
2023,ноябрь,0.9908949327038147,Севастополь,92
2023,декабрь,0.9893247029946958,Севастополь,92
2024,январь,0.9768171955927792,Севастополь,92
2024,февраль,0.9724324159956951,Севастополь,92
2024,март,0.9691898682966634,Севастополь,92
2024,апрель,0.9609410884642315,Севастополь,92
2024,май,0.9608486384873919,Севастополь,92
2024,июнь,0.9620555224873045,Севастополь,92
2024,июль,0.9637798463045641,Севастополь,92
2024,август,0.964388763265299,Севастополь,92
2024,сентябрь,0.9637673907386892,Севастополь,92
2024,октябрь,0.9659156128441372,Севастополь,92
2024,ноябрь,0.965988799216371,Севастополь,92
2024,декабрь,0.9646597491615941,Севастополь,92
2025,январь,0.9678581256713924,Севастополь,92
2025,февраль,0.9700816235817343,Севастополь,92
2025,март,0.9640373097612843,Севастополь,92
2023,январь,0.8875289683598556,Республика Дагестан,5
2023,февраль,0.8830022107288981,Республика Дагестан,5
2023,март,0.8809556194621484,Республика Дагестан,5
2023,апрель,0.8826553101455957,Республика Дагестан,5
2023,май,0.8826768131282581,Республика Дагестан,5
2023,июнь,0.877858148082884,Республика Дагестан,5
2023,июль,0.8781540559831433,Республика Дагестан,5
2023,август,0.8842761037341039,Республика Дагестан,5
2023,сентябрь,0.8875825844991926,Республика Дагестан,5
2023,октябрь,0.8944342021299927,Республика Дагестан,5
2023,ноябрь,0.8948081116083869,Республика Дагестан,5
2023,декабрь,0.8943863240035015,Республика Дагестан,5
2024,январь,0.8974493216399251,Республика Дагестан,5
2024,февраль,0.8963268100571117,Республика Дагестан,5
2024,март,0.8973582731648202,Республика Дагестан,5
2024,апрель,0.8948423042801006,Республика Дагестан,5
2024,май,0.896850795124447,Республика Дагестан,5
2024,июнь,0.890413603384759,Республика Дагестан,5
2024,июль,0.8883970394022149,Республика Дагестан,5
2024,август,0.8863529776858798,Республика Дагестан,5
2024,сентябрь,0.88678168971798,Республика Дагестан,5
2024,октябрь,0.8885941381494608,Республика Дагестан,5
2024,ноябрь,0.8819854773109601,Республика Дагестан,5
2024,декабрь,0.8828830647280832,Республика Дагестан,5
2025,январь,0.8791352797634047,Республика Дагестан,5
2025,февраль,0.8806954005446502,Республика Дагестан,5
2025,март,0.8805676971306127,Республика Дагестан,5
2023,январь,0.8789946036502823,Республика Ингушетия,6
2023,февраль,0.8753746606273175,Республика Ингушетия,6
2023,март,0.8731069291154983,Республика Ингушетия,6
2023,апрель,0.8732868583983778,Республика Ингушетия,6
2023,май,0.8706263684678109,Республика Ингушетия,6
2023,июнь,0.872433749415608,Республика Ингушетия,6
2023,июль,0.8667989083177846,Республика Ингушетия,6
2023,август,0.8695125144617376,Республика Ингушетия,6
2023,сентябрь,0.8808837674333192,Республика Ингушетия,6
2023,октябрь,0.8816401915021962,Республика Ингушетия,6
2023,ноябрь,0.8807994510448648,Республика Ингушетия,6
2023,декабрь,0.8823660270703341,Республика Ингушетия,6
2024,январь,0.8789992619420145,Республика Ингушетия,6
2024,февраль,0.8824469565313543,Республика Ингушетия,6
2024,март,0.8851305451471405,Республика Ингушетия,6
2024,апрель,0.8884167938130458,Республика Ингушетия,6
2024,май,0.8857104281258708,Республика Ингушетия,6
2024,июнь,0.8851664763007889,Республика Ингушетия,6
2024,июль,0.8842938897343007,Республика Ингушетия,6
2024,август,0.8851025047813481,Республика Ингушетия,6
2024,сентябрь,0.8917355537319107,Республика Ингушетия,6
2024,октябрь,0.8883461968171232,Республика Ингушетия,6
2024,ноябрь,0.8869253210110517,Республика Ингушетия,6
2024,декабрь,0.8856488052060008,Республика Ингушетия,6
2025,январь,0.8832158534806308,Республика Ингушетия,6
2025,февраль,0.8821870469550244,Республика Ингушетия,6
2025,март,0.8814390443236387,Республика Ингушетия,6
2023,январь,0.9482816423435074,Кабардино-Балкарская Республика,7
2023,февраль,0.9472895451310912,Кабардино-Балкарская Республика,7
2023,март,0.949126088139282,Кабардино-Балкарская Республика,7
2023,апрель,0.9496328861186487,Кабардино-Балкарская Республика,7
2023,май,0.9452699362066372,Кабардино-Балкарская Республика,7
2023,июнь,0.9466136786152431,Кабардино-Балкарская Республика,7
2023,июль,0.9435780563706554,Кабардино-Балкарская Республика,7
2023,август,0.9442026880978113,Кабардино-Балкарская Республика,7
2023,сентябрь,0.9485315226866257,Кабардино-Балкарская Республика,7
2023,октябрь,0.9438788768889523,Кабардино-Балкарская Республика,7
2023,ноябрь,0.9415929535144604,Кабардино-Балкарская Республика,7
2023,декабрь,0.9389993665934595,Кабардино-Балкарская Республика,7
2024,январь,0.9403854858789077,Кабардино-Балкарская Республика,7
2024,февраль,0.9387712602350444,Кабардино-Балкарская Республика,7
2024,март,0.9374160312679032,Кабардино-Балкарская Республика,7
2024,апрель,0.939996943925596,Кабардино-Балкарская Республика,7
2024,май,0.9408613633685081,Кабардино-Балкарская Республика,7
2024,июнь,0.9342545075601172,Кабардино-Балкарская Республика,7
2024,июль,0.9373952737276454,Кабардино-Балкарская Республика,7
2024,август,0.9359155518904848,Кабардино-Балкарская Республика,7
2024,сентябрь,0.9387117603904958,Кабардино-Балкарская Республика,7
2024,октябрь,0.9387149394785987,Кабардино-Балкарская Республика,7
2024,ноябрь,0.9469146738783245,Кабардино-Балкарская Республика,7
2024,декабрь,0.943378223525825,Кабардино-Балкарская Республика,7
2025,январь,0.937611484291076,Кабардино-Балкарская Республика,7
2025,февраль,0.9372596512316251,Кабардино-Балкарская Республика,7
2025,март,0.9378493215852584,Кабардино-Балкарская Республика,7
2023,январь,0.9218164615545513,Карачаево-Черкесская Республика,9
2023,февраль,0.9215054956715077,Карачаево-Черкесская Республика,9
2023,март,0.919871172081455,Карачаево-Черкесская Республика,9
2023,апрель,0.9267021945456535,Карачаево-Черкесская Республика,9
2023,май,0.9205247228710041,Карачаево-Черкесская Республика,9
2023,июнь,0.924258508722542,Карачаево-Черкесская Республика,9
2023,июль,0.9151837761624056,Карачаево-Черкесская Республика,9
2023,август,0.9188938139470664,Карачаево-Черкесская Республика,9
2023,сентябрь,0.9209523452503029,Карачаево-Черкесская Республика,9
2023,октябрь,0.9183941434398801,Карачаево-Черкесская Республика,9
2023,ноябрь,0.9147180398741899,Карачаево-Черкесская Республика,9
2023,декабрь,0.9159640321887803,Карачаево-Черкесская Республика,9
2024,январь,0.9167490978133006,Карачаево-Черкесская Республика,9
2024,февраль,0.9164942012933521,Карачаево-Черкесская Республика,9
2024,март,0.9137591525631305,Карачаево-Черкесская Республика,9
2024,апрель,0.9141991146506839,Карачаево-Черкесская Республика,9
2024,май,0.9177181551722036,Карачаево-Черкесская Республика,9
2024,июнь,0.9113971961698027,Карачаево-Черкесская Республика,9
2024,июль,0.9058911629277411,Карачаево-Черкесская Республика,9
2024,август,0.9028566920567729,Карачаево-Черкесская Республика,9
2024,сентябрь,0.9044911552750275,Карачаево-Черкесская Республика,9
2024,октябрь,0.9047982900240913,Карачаево-Черкесская Республика,9
2024,ноябрь,0.9051855795234343,Карачаево-Черкесская Республика,9
2024,декабрь,0.9046847699246223,Карачаево-Черкесская Республика,9
2025,январь,0.8794481817699561,Карачаево-Черкесская Республика,9
2025,февраль,0.8779606469908469,Карачаево-Черкесская Республика,9
2025,март,0.8773344013401588,Карачаево-Черкесская Республика,9
2023,январь,0.8662822463906229,Республика Северная Осетия — Алания,15
2023,февраль,0.8670871042761201,Республика Северная Осетия — Алания,15
2023,март,0.8672649813461837,Республика Северная Осетия — Алания,15
2023,апрель,0.8658225162534718,Республика Северная Осетия — Алания,15
2023,май,0.8725506918675355,Республика Северная Осетия — Алания,15
2023,июнь,0.8730875043038466,Республика Северная Осетия — Алания,15
2023,июль,0.8666488423790011,Республика Северная Осетия — Алания,15
2023,август,0.8682717806862599,Республика Северная Осетия — Алания,15
2023,сентябрь,0.8699232746524489,Республика Северная Осетия — Алания,15
2023,октябрь,0.8723485336197094,Республика Северная Осетия — Алания,15
2023,ноябрь,0.8711332504279928,Республика Северная Осетия — Алания,15
2023,декабрь,0.8669087666536819,Республика Северная Осетия — Алания,15
2024,январь,0.8706410911582693,Республика Северная Осетия — Алания,15
2024,февраль,0.87385532443455,Республика Северная Осетия — Алания,15
2024,март,0.874594461698791,Республика Северная Осетия — Алания,15
2024,апрель,0.8701925554939779,Республика Северная Осетия — Алания,15
2024,май,0.8730713428723281,Республика Северная Осетия — Алания,15
2024,июнь,0.8689380086477946,Республика Северная Осетия — Алания,15
2024,июль,0.8662476377162776,Республика Северная Осетия — Алания,15
2024,август,0.8648390904193464,Республика Северная Осетия — Алания,15
2024,сентябрь,0.8728221055901864,Республика Северная Осетия — Алания,15
2024,октябрь,0.8752221230936006,Республика Северная Осетия — Алания,15
2024,ноябрь,0.869217435744554,Республика Северная Осетия — Алания,15
2024,декабрь,0.8674139254213055,Республика Северная Осетия — Алания,15
2025,январь,0.8646390064055807,Республика Северная Осетия — Алания,15
2025,февраль,0.8696208194565576,Республика Северная Осетия — Алания,15
2025,март,0.8671864390239935,Республика Северная Осетия — Алания,15
2023,январь,0.9445957820308689,Чеченская Республика,20
2023,февраль,0.942101487155675,Чеченская Республика,20
2023,март,0.9360387843929737,Чеченская Республика,20
2023,апрель,0.9375572177427559,Чеченская Республика,20
2023,май,0.9376817116244028,Чеченская Республика,20
2023,июнь,0.9287063341637787,Чеченская Республика,20
2023,июль,0.9279607511085172,Чеченская Республика,20
2023,август,0.9314006579793084,Чеченская Республика,20
2023,сентябрь,0.9317638383457808,Чеченская Республика,20
2023,октябрь,0.9231128398062717,Чеченская Республика,20
2023,ноябрь,0.9168754522907869,Чеченская Республика,20
2023,декабрь,0.90891465021392,Чеченская Республика,20
2024,январь,0.9015570567933999,Чеченская Республика,20
2024,февраль,0.9023531157105973,Чеченская Республика,20
2024,март,0.9031093142738932,Чеченская Республика,20
2024,апрель,0.90864846249809,Чеченская Республика,20
2024,май,0.9083162832871015,Чеченская Республика,20
2024,июнь,0.9148702562700086,Чеченская Республика,20
2024,июль,0.9091003278235602,Чеченская Республика,20
2024,август,0.91511080349313,Чеченская Республика,20
2024,сентябрь,0.9154666727003584,Чеченская Республика,20
2024,октябрь,0.9190689307088059,Чеченская Республика,20
2024,ноябрь,0.9189851153084474,Чеченская Республика,20
2024,декабрь,0.9205979752105213,Чеченская Республика,20
2025,январь,0.9225412118881211,Чеченская Республика,20
2025,февраль,0.9218707571163365,Чеченская Республика,20
2025,март,0.9179429212697354,Чеченская Республика,20
2023,январь,0.975764319972945,Ставропольский край,26
2023,февраль,0.9773173958372882,Ставропольский край,26
2023,март,0.9750830677755324,Ставропольский край,26
2023,апрель,0.9761024799441216,Ставропольский край,26
2023,май,0.9717665000521323,Ставропольский край,26
2023,июнь,0.9717018209150946,Ставропольский край,26
2023,июль,0.9685098974660227,Ставропольский край,26
2023,август,0.9798630717445022,Ставропольский край,26
2023,сентябрь,0.983466254655647,Ставропольский край,26
2023,октябрь,0.9857024207549067,Ставропольский край,26
2023,ноябрь,0.985743560198879,Ставропольский край,26
2023,декабрь,0.9816642535785607,Ставропольский край,26
2024,январь,0.984999770659948,Ставропольский край,26
2024,февраль,0.9855949179998562,Ставропольский край,26
2024,март,0.9890478857424361,Ставропольский край,26
2024,апрель,0.9872215038166722,Ставропольский край,26
2024,май,0.9872073853078649,Ставропольский край,26
2024,июнь,0.9805822335905507,Ставропольский край,26
2024,июль,0.978073110905259,Ставропольский край,26
2024,август,0.9851372861469047,Ставропольский край,26
2024,сентябрь,0.990733206683822,Ставропольский край,26
2024,октябрь,0.9863886676581445,Ставропольский край,26
2024,ноябрь,0.9837920827921041,Ставропольский край,26
2024,декабрь,0.9819602401152216,Ставропольский край,26
2025,январь,0.9788221290930069,Ставропольский край,26
2025,февраль,0.9836070894079959,Ставропольский край,26
2025,март,0.9831260342927776,Ставропольский край,26
2023,январь,0.9009392052968481,Республика Башкортостан,2
2023,февраль,0.9001054257770407,Республика Башкортостан,2
2023,март,0.9013810624902846,Республика Башкортостан,2
2023,апрель,0.9015641696076789,Республика Башкортостан,2
2023,май,0.8993859942890118,Республика Башкортостан,2
2023,июнь,0.9010676404701495,Республика Башкортостан,2
2023,июль,0.900584639801381,Республика Башкортостан,2
2023,август,0.8964025386003418,Республика Башкортостан,2
2023,сентябрь,0.8958686752836569,Республика Башкортостан,2
2023,октябрь,0.893205124395778,Республика Башкортостан,2
2023,ноябрь,0.8943490876899621,Республика Башкортостан,2
2023,декабрь,0.8914329089369892,Республика Башкортостан,2
2024,январь,0.9044291355455306,Республика Башкортостан,2
2024,февраль,0.9041711433947451,Республика Башкортостан,2
2024,март,0.9045839990055626,Республика Башкортостан,2
2024,апрель,0.9040898942005288,Республика Башкортостан,2
2024,май,0.9056805440722059,Республика Башкортостан,2
2024,июнь,0.9073959377887886,Республика Башкортостан,2
2024,июль,0.9135479567092791,Республика Башкортостан,2
2024,август,0.9130849414993123,Республика Башкортостан,2
2024,сентябрь,0.9096569237048376,Республика Башкортостан,2
2024,октябрь,0.907988324766062,Республика Башкортостан,2
2024,ноябрь,0.9095743276335682,Республика Башкортостан,2
2024,декабрь,0.908657814783276,Республика Башкортостан,2
2025,январь,0.9151144516796413,Республика Башкортостан,2
2025,февраль,0.91731036967443,Республика Башкортостан,2
2025,март,0.9144372024184662,Республика Башкортостан,2
2023,январь,0.8853942775821303,Республика Марий Эл,12
2023,февраль,0.8839274849770702,Республика Марий Эл,12
2023,март,0.8850516866158868,Республика Марий Эл,12
2023,апрель,0.8849193163224479,Республика Марий Эл,12
2023,май,0.888003897655785,Республика Марий Эл,12
2023,июнь,0.888875040173214,Республика Марий Эл,12
2023,июль,0.881982636990969,Республика Марий Эл,12
2023,август,0.8799221089617543,Республика Марий Эл,12
2023,сентябрь,0.8785908805549243,Республика Марий Эл,12
2023,октябрь,0.880955850829769,Республика Марий Эл,12
2023,ноябрь,0.8755384748696113,Республика Марий Эл,12
2023,декабрь,0.8797458368994446,Республика Марий Эл,12
2024,январь,0.8824189769395103,Республика Марий Эл,12
2024,февраль,0.8826432261191514,Республика Марий Эл,12
2024,март,0.8837686978786098,Республика Марий Эл,12
2024,апрель,0.8824898339913017,Республика Марий Эл,12
2024,май,0.8874561481541021,Республика Марий Эл,12
2024,июнь,0.8856598188574829,Республика Марий Эл,12
2024,июль,0.8882916847175817,Республика Марий Эл,12
2024,август,0.8854555487174481,Республика Марий Эл,12
2024,сентябрь,0.8861142125640608,Республика Марий Эл,12
2024,октябрь,0.8813038005741027,Республика Марий Эл,12
2024,ноябрь,0.8884683034858712,Республика Марий Эл,12
2024,декабрь,0.8877682110154435,Республика Марий Эл,12
2025,январь,0.893892650159808,Республика Марий Эл,12
2025,февраль,0.8940618834018083,Республика Марий Эл,12
2025,март,0.8919208265396986,Республика Марий Эл,12
2023,январь,0.8631051344982256,Республика Мордовия,13
2023,февраль,0.8647960648830922,Республика Мордовия,13
2023,март,0.86579162132753,Республика Мордовия,13
2023,апрель,0.8633744445337862,Республика Мордовия,13
2023,май,0.8615376040660161,Республика Мордовия,13
2023,июнь,0.8629559749328696,Республика Мордовия,13
2023,июль,0.8643945290517685,Республика Мордовия,13
2023,август,0.8628827301856339,Республика Мордовия,13
2023,сентябрь,0.8581110161541284,Республика Мордовия,13
2023,октябрь,0.8585324925045595,Республика Мордовия,13
2023,ноябрь,0.8574398175145728,Республика Мордовия,13
2023,декабрь,0.8552319333699135,Республика Мордовия,13
2024,январь,0.8584925547879485,Республика Мордовия,13
2024,февраль,0.8572917376953713,Республика Мордовия,13
2024,март,0.8559496763261957,Республика Мордовия,13
2024,апрель,0.8521165595900299,Республика Мордовия,13
2024,май,0.8511748840288292,Республика Мордовия,13
2024,июнь,0.8500797212972049,Республика Мордовия,13
2024,июль,0.8537720692927816,Республика Мордовия,13
2024,август,0.8552136308084444,Республика Мордовия,13
2024,сентябрь,0.8598250113349282,Республика Мордовия,13
2024,октябрь,0.8561845407932483,Республика Мордовия,13
2024,ноябрь,0.8576525201763165,Республика Мордовия,13
2024,декабрь,0.8566692948980772,Республика Мордовия,13
2025,январь,0.8598464252085462,Республика Мордовия,13
2025,февраль,0.8593731962930267,Республика Мордовия,13
2025,март,0.8568701436523395,Республика Мордовия,13
2023,январь,0.8717098736290427,Республика Татарстан,16
2023,февраль,0.8705618716920593,Республика Татарстан,16
2023,март,0.871750641224934,Республика Татарстан,16
2023,апрель,0.8701766351074991,Республика Татарстан,16
2023,май,0.8722306920212892,Республика Татарстан,16
2023,июнь,0.8746228015760793,Республика Татарстан,16
2023,июль,0.8722896120653014,Республика Татарстан,16
2023,август,0.8696996243518998,Республика Татарстан,16
2023,сентябрь,0.8683440677958059,Республика Татарстан,16
2023,октябрь,0.8680293110986286,Республика Татарстан,16
2023,ноябрь,0.864919565426131,Республика Татарстан,16
2023,декабрь,0.8673741645525965,Республика Татарстан,16
2024,январь,0.8747094446866543,Республика Татарстан,16
2024,февраль,0.874276428667523,Республика Татарстан,16
2024,март,0.8717111434333871,Республика Татарстан,16
2024,апрель,0.8710519053711648,Республика Татарстан,16
2024,май,0.8701655724683787,Республика Татарстан,16
2024,июнь,0.8684826498930197,Республика Татарстан,16
2024,июль,0.8755144784003225,Республика Татарстан,16
2024,август,0.8765348694086121,Республика Татарстан,16
2024,сентябрь,0.8727394324094532,Республика Татарстан,16
2024,октябрь,0.8688166126729499,Республика Татарстан,16
2024,ноябрь,0.8718719788760887,Республика Татарстан,16
2024,декабрь,0.8745164579850927,Республика Татарстан,16
2025,январь,0.8782446487540284,Республика Татарстан,16
2025,февраль,0.8757435124062175,Республика Татарстан,16
2025,март,0.873030523580859,Республика Татарстан,16
2023,январь,0.905732974032816,Удмуртская Республика,18
2023,февраль,0.9051221546965093,Удмуртская Республика,18
2023,март,0.9062524288823256,Удмуртская Республика,18
2023,апрель,0.9048230984818468,Удмуртская Республика,18
2023,май,0.900714041698959,Удмуртская Республика,18
2023,июнь,0.9097431445275845,Удмуртская Республика,18
2023,июль,0.9092310022932545,Удмуртская Республика,18
2023,август,0.9067335755128857,Удмуртская Республика,18
2023,сентябрь,0.9049680955609958,Удмуртская Республика,18
2023,октябрь,0.9021237199268591,Удмуртская Республика,18
2023,ноябрь,0.9001941483818237,Удмуртская Республика,18
2023,декабрь,0.9093795827149359,Удмуртская Республика,18
2024,январь,0.9014175995092588,Удмуртская Республика,18
2024,февраль,0.904469233590296,Удмуртская Республика,18
2024,март,0.9037455157428902,Удмуртская Республика,18
2024,апрель,0.9025928738730726,Удмуртская Республика,18
2024,май,0.9036286682811341,Удмуртская Республика,18
2024,июнь,0.9042678599836624,Удмуртская Республика,18
2024,июль,0.9101031645312306,Удмуртская Республика,18
2024,август,0.9121321587285537,Удмуртская Республика,18
2024,сентябрь,0.9070570697317821,Удмуртская Республика,18
2024,октябрь,0.9064278035804452,Удмуртская Республика,18
2024,ноябрь,0.9075028214901727,Удмуртская Республика,18
2024,декабрь,0.908786492993135,Удмуртская Республика,18
2025,январь,0.9083512095009483,Удмуртская Республика,18
2025,февраль,0.9098829482754868,Удмуртская Республика,18
2025,март,0.9068780723832138,Удмуртская Республика,18
2023,январь,0.8738279482239745,Чувашская Республика,21
2023,февраль,0.8732014099602537,Чувашская Республика,21
2023,март,0.8717899891186073,Чувашская Республика,21
2023,апрель,0.8728426791805403,Чувашская Республика,21
2023,май,0.8698220445299486,Чувашская Республика,21
2023,июнь,0.8745621537522619,Чувашская Республика,21
2023,июль,0.8735243318147864,Чувашская Республика,21
2023,август,0.8680665787456495,Чувашская Республика,21
2023,сентябрь,0.8667259501932963,Чувашская Республика,21
2023,октябрь,0.8653537324393042,Чувашская Республика,21
2023,ноябрь,0.8643031618785318,Чувашская Республика,21
2023,декабрь,0.8659002494067339,Чувашская Республика,21
2024,январь,0.863535719365613,Чувашская Республика,21
2024,февраль,0.8643629715768465,Чувашская Республика,21
2024,март,0.8628167074670421,Чувашская Республика,21
2024,апрель,0.8602589452894263,Чувашская Республика,21
2024,май,0.8615999844664333,Чувашская Республика,21
2024,июнь,0.8670629494377503,Чувашская Республика,21
2024,июль,0.8624745411060318,Чувашская Республика,21
2024,август,0.8640514973421457,Чувашская Республика,21
2024,сентябрь,0.8587193663231233,Чувашская Республика,21
2024,октябрь,0.8645692698494285,Чувашская Республика,21
2024,ноябрь,0.8669427823087242,Чувашская Республика,21
2024,декабрь,0.8658260531323263,Чувашская Республика,21
2025,январь,0.863218306963914,Чувашская Республика,21
2025,февраль,0.861451888343837,Чувашская Республика,21
2025,март,0.8602233869098687,Чувашская Республика,21
2023,январь,0.9624855463645259,Пермский край,59
2023,февраль,0.9621951729985408,Пермский край,59
2023,март,0.964636930669983,Пермский край,59
2023,апрель,0.9650241561805819,Пермский край,59
2023,май,0.9651752719878575,Пермский край,59
2023,июнь,0.9629608936146438,Пермский край,59
2023,июль,0.969933624315621,Пермский край,59
2023,август,0.9659145769554887,Пермский край,59
2023,сентябрь,0.9633161825521368,Пермский край,59
2023,октябрь,0.9627187614518586,Пермский край,59
2023,ноябрь,0.9624846308955883,Пермский край,59
2023,декабрь,0.9658095433562355,Пермский край,59
2024,январь,0.9814165060900208,Пермский край,59
2024,февраль,0.9854576214337447,Пермский край,59
2024,март,0.9857966989996454,Пермский край,59
2024,апрель,0.9856496780858939,Пермский край,59
2024,май,0.9868949077446119,Пермский край,59
2024,июнь,0.9837505295388856,Пермский край,59
2024,июль,0.9919051755379537,Пермский край,59
2024,август,0.9886899542001769,Пермский край,59
2024,сентябрь,0.9846963240022869,Пермский край,59
2024,октябрь,0.9840442206600241,Пермский край,59
2024,ноябрь,0.984497348863951,Пермский край,59
2024,декабрь,0.9852327036090874,Пермский край,59
2025,январь,0.9864366305054175,Пермский край,59
2025,февраль,0.9898057819682092,Пермский край,59
2025,март,0.9897841352194225,Пермский край,59
2023,январь,0.9057588757295237,Кировская область,43
2023,февраль,0.9068106220120846,Кировская область,43
2023,март,0.9048252176278564,Кировская область,43
2023,апрель,0.903688189095376,Кировская область,43
2023,май,0.9037088750948349,Кировская область,43
2023,июнь,0.9072565837510632,Кировская область,43
2023,июль,0.910643806621992,Кировская область,43
2023,август,0.9069859120059799,Кировская область,43
2023,сентябрь,0.9067366364127709,Кировская область,43
2023,октябрь,0.9030599130590217,Кировская область,43
2023,ноябрь,0.8993983507926359,Кировская область,43
2023,декабрь,0.8987857303419418,Кировская область,43
2024,январь,0.9090942365223339,Кировская область,43
2024,февраль,0.9089055712919331,Кировская область,43
2024,март,0.9085489056371486,Кировская область,43
2024,апрель,0.905857399919265,Кировская область,43
2024,май,0.9049734055403355,Кировская область,43
2024,июнь,0.9091610674073954,Кировская область,43
2024,июль,0.9143754937134728,Кировская область,43
2024,август,0.9093893124447552,Кировская область,43
2024,сентябрь,0.9046256079742199,Кировская область,43
2024,октябрь,0.9025129177434148,Кировская область,43
2024,ноябрь,0.9043981175869339,Кировская область,43
2024,декабрь,0.9030527433479463,Кировская область,43
2025,январь,0.9023339588610534,Кировская область,43
2025,февраль,0.9066042839953448,Кировская область,43
2025,март,0.90678536722222,Кировская область,43
2023,январь,0.9627137745223091,Нижегородская область,52
2023,февраль,0.9617819389971216,Нижегородская область,52
2023,март,0.9606559925384736,Нижегородская область,52
2023,апрель,0.9601391535503823,Нижегородская область,52
2023,май,0.96392314045735,Нижегородская область,52
2023,июнь,0.9665095076208526,Нижегородская область,52
2023,июль,0.965720855508821,Нижегородская область,52
2023,август,0.9620381170936549,Нижегородская область,52
2023,сентябрь,0.9583028651121034,Нижегородская область,52
2023,октябрь,0.9592296144535013,Нижегородская область,52
2023,ноябрь,0.9578292852576037,Нижегородская область,52
2023,декабрь,0.955751829362791,Нижегородская область,52
2024,январь,0.9632208053588663,Нижегородская область,52
2024,февраль,0.959733865810575,Нижегородская область,52
2024,март,0.9598697690547385,Нижегородская область,52
2024,апрель,0.9578603830127876,Нижегородская область,52
2024,май,0.9525508238886388,Нижегородская область,52
2024,июнь,0.9553551798287244,Нижегородская область,52
2024,июль,0.9570021739786169,Нижегородская область,52
2024,август,0.9528328942803396,Нижегородская область,52
2024,сентябрь,0.9492055977575552,Нижегородская область,52
2024,октябрь,0.9495717514187635,Нижегородская область,52
2024,ноябрь,0.9517024765230724,Нижегородская область,52
2024,декабрь,0.9536998139212162,Нижегородская область,52
2025,январь,0.9523033732079625,Нижегородская область,52
2025,февраль,0.9486094741525325,Нижегородская область,52
2025,март,0.9471263433099809,Нижегородская область,52
2023,январь,0.8748645048035429,Оренбургская область,56
2023,февраль,0.8750363830878752,Оренбургская область,56
2023,март,0.8741489196331417,Оренбургская область,56
2023,апрель,0.8701969791938123,Оренбургская область,56
2023,май,0.8666369409552236,Оренбургская область,56
2023,июнь,0.8745158321860389,Оренбургская область,56
2023,июль,0.8750895765433641,Оренбургская область,56
2023,август,0.8712417335993181,Оренбургская область,56
2023,сентябрь,0.868181781514264,Оренбургская область,56
2023,октябрь,0.8677123731717704,Оренбургская область,56
2023,ноябрь,0.861108261727944,Оренбургская область,56
2023,декабрь,0.8623716025371632,Оренбургская область,56
2024,январь,0.8742586409076862,Оренбургская область,56
2024,февраль,0.8721073272136538,Оренбургская область,56
2024,март,0.8708974293699403,Оренбургская область,56
2024,апрель,0.8751105546318912,Оренбургская область,56
2024,май,0.8760434921806102,Оренбургская область,56
2024,июнь,0.8785693602097778,Оренбургская область,56
2024,июль,0.8774322833857411,Оренбургская область,56
2024,август,0.8744549611826014,Оренбургская область,56
2024,сентябрь,0.8729648256074519,Оренбургская область,56
2024,октябрь,0.87219465162518,Оренбургская область,56
2024,ноябрь,0.8804769915461766,Оренбургская область,56
2024,декабрь,0.8814226090978858,Оренбургская область,56
2025,январь,0.8871886728644749,Оренбургская область,56
2025,февраль,0.9051853507258785,Оренбургская область,56
2025,март,0.9082328688587913,Оренбургская область,56
2023,январь,0.8682976916212409,Пензенская область,58
2023,февраль,0.8662742647209138,Пензенская область,58
2023,март,0.8668180669982902,Пензенская область,58
2023,апрель,0.8658331726796359,Пензенская область,58
2023,май,0.8664697338283561,Пензенская область,58
2023,июнь,0.864156515319306,Пензенская область,58
2023,июль,0.8677581905846922,Пензенская область,58
2023,август,0.8656836652589782,Пензенская область,58
2023,сентябрь,0.8613818914133949,Пензенская область,58
2023,октябрь,0.8601648171546425,Пензенская область,58
2023,ноябрь,0.8553231551805298,Пензенская область,58
2023,декабрь,0.858445971259818,Пензенская область,58
2024,январь,0.860022878407611,Пензенская область,58
2024,февраль,0.8597303642874125,Пензенская область,58
2024,март,0.8605957359364845,Пензенская область,58
2024,апрель,0.858865922717808,Пензенская область,58
2024,май,0.8610996591194907,Пензенская область,58
2024,июнь,0.8592351581645512,Пензенская область,58
2024,июль,0.8647092844580856,Пензенская область,58
2024,август,0.8625630466732801,Пензенская область,58
2024,сентябрь,0.8620397823345688,Пензенская область,58
2024,октябрь,0.8595716349941377,Пензенская область,58
2024,ноябрь,0.8688550073465217,Пензенская область,58
2024,декабрь,0.8715206946941264,Пензенская область,58
2025,январь,0.8699164821028341,Пензенская область,58
2025,февраль,0.8700295741187228,Пензенская область,58
2025,март,0.8675617322853856,Пензенская область,58
2023,январь,0.9131750690793364,Самарская область,63
2023,февраль,0.9153279150519391,Самарская область,63
2023,март,0.9137474739623815,Самарская область,63
2023,апрель,0.9122491743691639,Самарская область,63
2023,май,0.9117535559142075,Самарская область,63
2023,июнь,0.9168016916444968,Самарская область,63
2023,июль,0.9128530051891471,Самарская область,63
2023,август,0.9085561115422521,Самарская область,63
2023,сентябрь,0.9083153687481228,Самарская область,63
2023,октябрь,0.9076342894765761,Самарская область,63
2023,ноябрь,0.9095849346476406,Самарская область,63
2023,декабрь,0.9074477160365411,Самарская область,63
2024,январь,0.9196985498759017,Самарская область,63
2024,февраль,0.9180523791006983,Самарская область,63
2024,март,0.9166071517851941,Самарская область,63
2024,апрель,0.916025005074452,Самарская область,63
2024,май,0.9164876618776018,Самарская область,63
2024,июнь,0.9182601988742496,Самарская область,63
2024,июль,0.915194287590311,Самарская область,63
2024,август,0.9147303005842223,Самарская область,63
2024,сентябрь,0.9082371206062467,Самарская область,63
2024,октябрь,0.9075493608072452,Самарская область,63
2024,ноябрь,0.9058759396094631,Самарская область,63
2024,декабрь,0.9075493319035755,Самарская область,63
2025,январь,0.9002024952588094,Самарская область,63
2025,февраль,0.8997117355312148,Самарская область,63
2025,март,0.8973457048641748,Самарская область,63
2023,январь,0.8752662254581424,Саратовская область,64
2023,февраль,0.8742542075398413,Саратовская область,64
2023,март,0.8741620355976994,Саратовская область,64
2023,апрель,0.87265037912658,Саратовская область,64
2023,май,0.8720514728881813,Саратовская область,64
2023,июнь,0.8719261223548357,Саратовская область,64
2023,июль,0.8748478564077918,Саратовская область,64
2023,август,0.8741831201169318,Саратовская область,64
2023,сентябрь,0.8705216460004735,Саратовская область,64
2023,октябрь,0.8684896257066844,Саратовская область,64
2023,ноябрь,0.8674582487300728,Саратовская область,64
2023,декабрь,0.8690966021764798,Саратовская область,64
2024,январь,0.8738449021876261,Саратовская область,64
2024,февраль,0.8717046520499575,Саратовская область,64
2024,март,0.8706552416441794,Саратовская область,64
2024,апрель,0.8711992355252685,Саратовская область,64
2024,май,0.870137575923694,Саратовская область,64
2024,июнь,0.8660485584923738,Саратовская область,64
2024,июль,0.868208284025738,Саратовская область,64
2024,август,0.8766447052998433,Саратовская область,64
2024,сентябрь,0.8743667887038846,Саратовская область,64
2024,октябрь,0.8711420867691174,Саратовская область,64
2024,ноябрь,0.8727531355805882,Саратовская область,64
2024,декабрь,0.8739832423965266,Саратовская область,64
2025,январь,0.8668371948065727,Саратовская область,64
2025,февраль,0.8631222365411879,Саратовская область,64
2025,март,0.860596647163344,Саратовская область,64
2023,январь,0.9218907456658642,Ульяновская область,73
2023,февраль,0.9261070436684667,Ульяновская область,73
2023,март,0.9302220969998446,Ульяновская область,73
2023,апрель,0.928655711214726,Ульяновская область,73
2023,май,0.9289129470688543,Ульяновская область,73
2023,июнь,0.9351607907521142,Ульяновская область,73
2023,июль,0.9288421510527647,Ульяновская область,73
2023,август,0.9240586182434524,Ульяновская область,73
2023,сентябрь,0.9228062999344686,Ульяновская область,73
2023,октябрь,0.9228166537674818,Ульяновская область,73
2023,ноябрь,0.9223753082603227,Ульяновская область,73
2023,декабрь,0.9235765456213271,Ульяновская область,73
2024,январь,0.9208253276667037,Ульяновская область,73
2024,февраль,0.9192530329640762,Ульяновская область,73
2024,март,0.9216151169175008,Ульяновская область,73
2024,апрель,0.9179147537693485,Ульяновская область,73
2024,май,0.9160315891335477,Ульяновская область,73
2024,июнь,0.916622873577395,Ульяновская область,73
2024,июль,0.9179422525181299,Ульяновская область,73
2024,август,0.9157846379686985,Ульяновская область,73
2024,сентябрь,0.9107873706708624,Ульяновская область,73
2024,октябрь,0.9110908254376596,Ульяновская область,73
2024,ноябрь,0.9103541236345052,Ульяновская область,73
2024,декабрь,0.9135080581575047,Ульяновская область,73
2025,январь,0.9100769365940348,Ульяновская область,73
2025,февраль,0.913540788990984,Ульяновская область,73
2025,март,0.9155704010311417,Ульяновская область,73
2023,январь,0.8971556027324825,Курганская область,45
2023,февраль,0.899433738000882,Курганская область,45
2023,март,0.8979490517643401,Курганская область,45
2023,апрель,0.8943090809219939,Курганская область,45
2023,май,0.8969590885481858,Курганская область,45
2023,июнь,0.8954861305112517,Курганская область,45
2023,июль,0.9048211532187481,Курганская область,45
2023,август,0.906840699495803,Курганская область,45
2023,сентябрь,0.902207805210908,Курганская область,45
2023,октябрь,0.8995735958635829,Курганская область,45
2023,ноябрь,0.8957102341256179,Курганская область,45
2023,декабрь,0.895730393135567,Курганская область,45
2024,январь,0.9007874935078233,Курганская область,45
2024,февраль,0.8998154328711936,Курганская область,45
2024,март,0.9006805566831657,Курганская область,45
2024,апрель,0.8976269810318128,Курганская область,45
2024,май,0.893150284097195,Курганская область,45
2024,июнь,0.8835090419323299,Курганская область,45
2024,июль,0.8919900275889383,Курганская область,45
2024,август,0.8906601137062988,Курганская область,45
2024,сентябрь,0.8869983804759015,Курганская область,45
2024,октябрь,0.890403031869732,Курганская область,45
2024,ноябрь,0.8930469964438577,Курганская область,45
2024,декабрь,0.89376226069953,Курганская область,45
2025,январь,0.8921615353500524,Курганская область,45
2025,февраль,0.8950987645749794,Курганская область,45
2025,март,0.895064669981825,Курганская область,45
2023,январь,0.9516874711049469,Свердловская область,66
2023,февраль,0.9538535895870872,Свердловская область,66
2023,март,0.9509749533654593,Свердловская область,66
2023,апрель,0.9513616490722612,Свердловская область,66
2023,май,0.9518472303436732,Свердловская область,66
2023,июнь,0.9507534895181936,Свердловская область,66
2023,июль,0.9575740796232775,Свердловская область,66
2023,август,0.9549903112308784,Свердловская область,66
2023,сентябрь,0.9494108106389572,Свердловская область,66
2023,октябрь,0.9489781817478656,Свердловская область,66
2023,ноябрь,0.9499930912216359,Свердловская область,66
2023,декабрь,0.950845604712433,Свердловская область,66
2024,январь,0.962992391933346,Свердловская область,66
2024,февраль,0.9652298749956231,Свердловская область,66
2024,март,0.9656501662517827,Свердловская область,66
2024,апрель,0.9678569392274519,Свердловская область,66
2024,май,0.9706347855261476,Свердловская область,66
2024,июнь,0.9718821554779793,Свердловская область,66
2024,июль,0.976394430453012,Свердловская область,66
2024,август,0.9718379903170072,Свердловская область,66
2024,сентябрь,0.9724850600859974,Свердловская область,66
2024,октябрь,0.9740976768112761,Свердловская область,66
2024,ноябрь,0.9816601009348183,Свердловская область,66
2024,декабрь,0.9821927860304245,Свердловская область,66
2025,январь,0.9811608125671393,Свердловская область,66
2025,февраль,0.9879131862610779,Свердловская область,66
2025,март,0.9880764085695349,Свердловская область,66
2023,январь,1.088748987145916,Ханты-Мансийский автономный округ — Югра,86
2023,февраль,1.084315311658261,Ханты-Мансийский автономный округ — Югра,86
2023,март,1.09098398880771,Ханты-Мансийский автономный округ — Югра,86
2023,апрель,1.091447152360737,Ханты-Мансийский автономный округ — Югра,86
2023,май,1.091249445645912,Ханты-Мансийский автономный округ — Югра,86
2023,июнь,1.082807201523168,Ханты-Мансийский автономный округ — Югра,86
2023,июль,1.085450679831945,Ханты-Мансийский автономный округ — Югра,86
2023,август,1.081608954612759,Ханты-Мансийский автономный округ — Югра,86
2023,сентябрь,1.074332336680448,Ханты-Мансийский автономный округ — Югра,86
2023,октябрь,1.075820324493501,Ханты-Мансийский автономный округ — Югра,86
2023,ноябрь,1.085741920827742,Ханты-Мансийский автономный округ — Югра,86
2023,декабрь,1.086984728898743,Ханты-Мансийский автономный округ — Югра,86
2024,январь,1.105692405415761,Ханты-Мансийский автономный округ — Югра,86
2024,февраль,1.104195193330151,Ханты-Мансийский автономный округ — Югра,86
2024,март,1.106406645117463,Ханты-Мансийский автономный округ — Югра,86
2024,апрель,1.109443041843132,Ханты-Мансийский автономный округ — Югра,86
2024,май,1.114321632433365,Ханты-Мансийский автономный округ — Югра,86
2024,июнь,1.111560213710276,Ханты-Мансийский автономный округ — Югра,86
2024,июль,1.101574156364713,Ханты-Мансийский автономный округ — Югра,86
2024,август,1.11679303605581,Ханты-Мансийский автономный округ — Югра,86
2024,сентябрь,1.117524712754209,Ханты-Мансийский автономный округ — Югра,86
2024,октябрь,1.115098678494259,Ханты-Мансийский автономный округ — Югра,86
2024,ноябрь,1.120926726432572,Ханты-Мансийский автономный округ — Югра,86
2024,декабрь,1.116044616856425,Ханты-Мансийский автономный округ — Югра,86
2025,январь,1.121259266872671,Ханты-Мансийский автономный округ — Югра,86
2025,февраль,1.12519929357335,Ханты-Мансийский автономный округ — Югра,86
2025,март,1.123636969842361,Ханты-Мансийский автономный округ — Югра,86
2023,январь,1.156565493661904,Ямало-Ненецкий автономный округ,89
2023,февраль,1.15187298676191,Ямало-Ненецкий автономный округ,89
2023,март,1.151347543914192,Ямало-Ненецкий автономный округ,89
2023,апрель,1.150885306822728,Ямало-Ненецкий автономный округ,89
2023,май,1.146346596349984,Ямало-Ненецкий автономный округ,89
2023,июнь,1.144221957663999,Ямало-Ненецкий автономный округ,89
2023,июль,1.142449617498068,Ямало-Ненецкий автономный округ,89
2023,август,1.142724853240144,Ямало-Ненецкий автономный округ,89
2023,сентябрь,1.142303240932966,Ямало-Ненецкий автономный округ,89
2023,октябрь,1.142887596926645,Ямало-Ненецкий автономный округ,89
2023,ноябрь,1.163894021681854,Ямало-Ненецкий автономный округ,89
2023,декабрь,1.164643814699034,Ямало-Ненецкий автономный округ,89
2024,январь,1.17151624353041,Ямало-Ненецкий автономный округ,89
2024,февраль,1.172913506849164,Ямало-Ненецкий автономный округ,89
2024,март,1.172261982902831,Ямало-Ненецкий автономный округ,89
2024,апрель,1.168569871211551,Ямало-Ненецкий автономный округ,89
2024,май,1.170220797910555,Ямало-Ненецкий автономный округ,89
2024,июнь,1.171904856385479,Ямало-Ненецкий автономный округ,89
2024,июль,1.183677368108831,Ямало-Ненецкий автономный округ,89
2024,август,1.180341380410507,Ямало-Ненецкий автономный округ,89
2024,сентябрь,1.173795995659223,Ямало-Ненецкий автономный округ,89
2024,октябрь,1.17269394078816,Ямало-Ненецкий автономный округ,89
2024,ноябрь,1.170056855688763,Ямало-Ненецкий автономный округ,89
2024,декабрь,1.176205044101723,Ямало-Ненецкий автономный округ,89
2025,январь,1.164942873625718,Ямало-Ненецкий автономный округ,89
2025,февраль,1.160083114817336,Ямало-Ненецкий автономный округ,89
2025,март,1.156074830955392,Ямало-Ненецкий автономный округ,89
2023,январь,0.9196182383132033,Тюменская область,72
2023,февраль,0.9178404167189903,Тюменская область,72
2023,март,0.9156007111767449,Тюменская область,72
2023,апрель,0.9165364483681621,Тюменская область,72
2023,май,0.9203166749229189,Тюменская область,72
2023,июнь,0.9215279240249907,Тюменская область,72
2023,июль,0.9268661245613777,Тюменская область,72
2023,август,0.9170460442683908,Тюменская область,72
2023,сентябрь,0.9082826267790396,Тюменская область,72
2023,октябрь,0.9019874177529573,Тюменская область,72
2023,ноябрь,0.8927139320785118,Тюменская область,72
2023,декабрь,0.8974686542880134,Тюменская область,72
2024,январь,0.8935296916604082,Тюменская область,72
2024,февраль,0.9004599895691467,Тюменская область,72
2024,март,0.900849354188999,Тюменская область,72
2024,апрель,0.9069252014386356,Тюменская область,72
2024,май,0.9078489216137389,Тюменская область,72
2024,июнь,0.9061666032113741,Тюменская область,72
2024,июль,0.9061294131481773,Тюменская область,72
2024,август,0.8987718429590836,Тюменская область,72
2024,сентябрь,0.8942666584283567,Тюменская область,72
2024,октябрь,0.8944731505409217,Тюменская область,72
2024,ноябрь,0.901116245395115,Тюменская область,72
2024,декабрь,0.9027024526655524,Тюменская область,72
2025,январь,0.9103160683261939,Тюменская область,72
2025,февраль,0.909653306209004,Тюменская область,72
2025,март,0.9189313697187538,Тюменская область,72
2023,январь,0.8858878759533535,Челябинская область,74
2023,февраль,0.8853239141290984,Челябинская область,74
2023,март,0.8872512824498678,Челябинская область,74
2023,апрель,0.885036052627245,Челябинская область,74
2023,май,0.8859080428069466,Челябинская область,74
2023,июнь,0.8868091938280572,Челябинская область,74
2023,июль,0.8952838929384004,Челябинская область,74
2023,август,0.8909254083804281,Челябинская область,74
2023,сентябрь,0.8823761368936983,Челябинская область,74
2023,октябрь,0.8786877637906909,Челябинская область,74
2023,ноябрь,0.8776986976367294,Челябинская область,74
2023,декабрь,0.8815110911300279,Челябинская область,74
2024,январь,0.901353198969406,Челябинская область,74
2024,февраль,0.9002641807080817,Челябинская область,74
2024,март,0.8983233545568675,Челябинская область,74
2024,апрель,0.8933151793391125,Челябинская область,74
2024,май,0.8928509016919395,Челябинская область,74
2024,июнь,0.8931828459788114,Челябинская область,74
2024,июль,0.8874676449643302,Челябинская область,74
2024,август,0.8840137347166844,Челябинская область,74
2024,сентябрь,0.8778651696149083,Челябинская область,74
2024,октябрь,0.8783677439969091,Челябинская область,74
2024,ноябрь,0.8801618364174527,Челябинская область,74
2024,декабрь,0.8828229307934105,Челябинская область,74
2025,январь,0.8956200350118696,Челябинская область,74
2025,февраль,0.898740172942249,Челябинская область,74
2025,март,0.9010217897788494,Челябинская область,74
2023,январь,1.02643879038099,Республика Алтай,4
2023,февраль,1.027952919554194,Республика Алтай,4
2023,март,1.027619792476294,Республика Алтай,4
2023,апрель,1.02423997884215,Республика Алтай,4
2023,май,1.026310617988892,Республика Алтай,4
2023,июнь,1.029951429211335,Республика Алтай,4
2023,июль,1.035474923079334,Республика Алтай,4
2023,август,1.035886058170703,Республика Алтай,4
2023,сентябрь,1.030795482747118,Республика Алтай,4
2023,октябрь,1.023011485698412,Республика Алтай,4
2023,ноябрь,1.024590567058476,Республика Алтай,4
2023,декабрь,1.023690614646351,Республика Алтай,4
2024,январь,1.029397224846377,Республика Алтай,4
2024,февраль,1.031110111846022,Республика Алтай,4
2024,март,1.033781976921528,Республика Алтай,4
2024,апрель,1.032876062499002,Республика Алтай,4
2024,май,1.035738943961303,Республика Алтай,4
2024,июнь,1.039323959824756,Республика Алтай,4
2024,июль,1.040582974245807,Республика Алтай,4
2024,август,1.041655697606101,Республика Алтай,4
2024,сентябрь,1.039602629181196,Республика Алтай,4
2024,октябрь,1.029321326361079,Республика Алтай,4
2024,ноябрь,1.029683354272694,Республика Алтай,4
2024,декабрь,1.024583004804407,Республика Алтай,4
2025,январь,1.031171256448682,Республика Алтай,4
2025,февраль,1.025155871093158,Республика Алтай,4
2025,март,1.023436108660207,Республика Алтай,4
2023,январь,0.8912534368619265,Республика Тыва,17
2023,февраль,0.8964617629565166,Республика Тыва,17
2023,март,0.9011226294108504,Республика Тыва,17
2023,апрель,0.9061856678818222,Республика Тыва,17
2023,май,0.9044627486064872,Республика Тыва,17
2023,июнь,0.9092990305421487,Республика Тыва,17
2023,июль,0.9133283722926989,Республика Тыва,17
2023,август,0.9127096654398986,Республика Тыва,17
2023,сентябрь,0.9125931781870155,Республика Тыва,17
2023,октябрь,0.9130288371066396,Республика Тыва,17
2023,ноябрь,0.9104139880513263,Республика Тыва,17
2023,декабрь,0.9088899841252777,Республика Тыва,17
2024,январь,0.9218145014263098,Республика Тыва,17
2024,февраль,0.9243993505595987,Республика Тыва,17
2024,март,0.9272817592736569,Республика Тыва,17
2024,апрель,0.9304104490376788,Республика Тыва,17
2024,май,0.927087514940898,Республика Тыва,17
2024,июнь,0.9204842621936943,Республика Тыва,17
2024,июль,0.9276257032206621,Республика Тыва,17
2024,август,0.9236200340665606,Республика Тыва,17
2024,сентябрь,0.9232196765651121,Республика Тыва,17
2024,октябрь,0.9260242240837705,Республика Тыва,17
2024,ноябрь,0.9216971529567087,Республика Тыва,17
2024,декабрь,0.9185954731342185,Республика Тыва,17
2025,январь,0.9245276215800432,Республика Тыва,17
2025,февраль,0.9246539860974118,Республика Тыва,17
2025,март,0.9242314213571547,Республика Тыва,17
2023,январь,0.9793402202523901,Республика Хакасия,19
2023,февраль,0.9755836626063628,Республика Хакасия,19
2023,март,0.9802415280584488,Республика Хакасия,19
2023,апрель,0.9775309254331112,Республика Хакасия,19
2023,май,0.9767615727271723,Республика Хакасия,19
2023,июнь,0.975005455916434,Республика Хакасия,19
2023,июль,0.9871893077068833,Республика Хакасия,19
2023,август,0.9867104367325756,Республика Хакасия,19
2023,сентябрь,0.980539881853689,Республика Хакасия,19
2023,октябрь,0.9837522149103259,Республика Хакасия,19
2023,ноябрь,0.9848620469188019,Республика Хакасия,19
2023,декабрь,0.9849569437133817,Республика Хакасия,19
2024,январь,1.005422154804998,Республика Хакасия,19
2024,февраль,1.007601991076645,Республика Хакасия,19
2024,март,1.00445753848285,Республика Хакасия,19
2024,апрель,1.004850947953228,Республика Хакасия,19
2024,май,1.001422405092842,Республика Хакасия,19
2024,июнь,0.9962530096577169,Республика Хакасия,19
2024,июль,0.9895073728607207,Республика Хакасия,19
2024,август,0.9858050186285158,Республика Хакасия,19
2024,сентябрь,0.9799500131841967,Республика Хакасия,19
2024,октябрь,0.9892794479920416,Республика Хакасия,19
2024,ноябрь,1.006953003556142,Республика Хакасия,19
2024,декабрь,1.009819913583751,Республика Хакасия,19
2025,январь,1.006458628967017,Республика Хакасия,19
2025,февраль,1.012228542742386,Республика Хакасия,19
2025,март,1.007338345375517,Республика Хакасия,19
2023,январь,0.975626992109268,Алтайский край,22
2023,февраль,0.9754434842878602,Алтайский край,22
2023,март,0.9761566337634076,Алтайский край,22
2023,апрель,0.9747437856082058,Алтайский край,22
2023,май,0.9692944291678419,Алтайский край,22
2023,июнь,0.9705060559478563,Алтайский край,22
2023,июль,0.9817598650546292,Алтайский край,22
2023,август,0.9811975985183562,Алтайский край,22
2023,сентябрь,0.9795803998031686,Алтайский край,22
2023,октябрь,0.9816614621874661,Алтайский край,22
2023,ноябрь,0.9816807301290653,Алтайский край,22
2023,декабрь,0.9811858245384765,Алтайский край,22
2024,январь,0.9944976920051132,Алтайский край,22
2024,февраль,0.9905615521699307,Алтайский край,22
2024,март,0.9924192489703582,Алтайский край,22
2024,апрель,0.9933806340670193,Алтайский край,22
2024,май,0.9897893892192532,Алтайский край,22
2024,июнь,0.991850016712873,Алтайский край,22
2024,июль,1.002643484555921,Алтайский край,22
2024,август,0.9999429027708282,Алтайский край,22
2024,сентябрь,0.9973579391925702,Алтайский край,22
2024,октябрь,1.009011697225256,Алтайский край,22
2024,ноябрь,1.010832818721918,Алтайский край,22
2024,декабрь,1.011031423134744,Алтайский край,22
2025,январь,1.005412997493468,Алтайский край,22
2025,февраль,1.015577866119908,Алтайский край,22
2025,март,1.01812548538064,Алтайский край,22
2023,январь,1.015951535481904,Красноярский край,24
2023,февраль,1.018403758336473,Красноярский край,24
2023,март,1.02134841831183,Красноярский край,24
2023,апрель,1.019471712516748,Красноярский край,24
2023,май,1.014807440332761,Красноярский край,24
2023,июнь,1.018499496432046,Красноярский край,24
2023,июль,1.025203954332465,Красноярский край,24
2023,август,1.026922399386775,Красноярский край,24
2023,сентябрь,1.021213948838064,Красноярский край,24
2023,октябрь,1.017715037902852,Красноярский край,24
2023,ноябрь,1.018515057623895,Красноярский край,24
2023,декабрь,1.023834887995015,Красноярский край,24
2024,январь,1.033618471742757,Красноярский край,24
2024,февраль,1.032225991990726,Красноярский край,24
2024,март,1.032143540261645,Красноярский край,24
2024,апрель,1.033419313934103,Красноярский край,24
2024,май,1.027414939046555,Красноярский край,24
2024,июнь,1.023277814420975,Красноярский край,24
2024,июль,1.030385427654774,Красноярский край,24
2024,август,1.029330977382524,Красноярский край,24
2024,сентябрь,1.036064652167821,Красноярский край,24
2024,октябрь,1.034011082761954,Красноярский край,24
2024,ноябрь,1.034414940056643,Красноярский край,24
2024,декабрь,1.0394613176901,Красноярский край,24
2025,январь,1.041472570719998,Красноярский край,24
2025,февраль,1.045169238808441,Красноярский край,24
2025,март,1.04532225208485,Красноярский край,24
2023,январь,0.9346334030235589,Иркутская область,38
2023,февраль,0.9315491748461688,Иркутская область,38
2023,март,0.9320325858852792,Иркутская область,38
2023,апрель,0.930129204323409,Иркутская область,38
2023,май,0.9248860420967967,Иркутская область,38
2023,июнь,0.9254552287736199,Иркутская область,38
2023,июль,0.932608521180905,Иркутская область,38
2023,август,0.9416112399243942,Иркутская область,38
2023,сентябрь,0.9367486845083508,Иркутская область,38
2023,октябрь,0.9427073384807448,Иркутская область,38
2023,ноябрь,0.9405685807495673,Иркутская область,38
2023,декабрь,0.9383957455185672,Иркутская область,38
2024,январь,0.9444380867572568,Иркутская область,38
2024,февраль,0.9436015192924713,Иркутская область,38
2024,март,0.9440835327483216,Иркутская область,38
2024,апрель,0.9456588919221568,Иркутская область,38
2024,май,0.9376973022619853,Иркутская область,38
2024,июнь,0.936030808885171,Иркутская область,38
2024,июль,0.938409476500878,Иркутская область,38
2024,август,0.9409100339445207,Иркутская область,38
2024,сентябрь,0.9403125742426919,Иркутская область,38
2024,октябрь,0.9338376100697814,Иркутская область,38
2024,ноябрь,0.9301918613317434,Иркутская область,38
2024,декабрь,0.9326739626370624,Иркутская область,38
2025,январь,0.9371153999177751,Иркутская область,38
2025,февраль,0.9403242841761006,Иркутская область,38
2025,март,0.9380623808149109,Иркутская область,38
2023,январь,0.8894921214857996,Кемеровская область,42
2023,февраль,0.891645080179078,Кемеровская область,42
2023,март,0.8983639048655372,Кемеровская область,42
2023,апрель,0.8960950010704866,Кемеровская область,42
2023,май,0.8956819720446981,Кемеровская область,42
2023,июнь,0.8893425537127213,Кемеровская область,42
2023,июль,0.8939717657584669,Кемеровская область,42
2023,август,0.8930988349671725,Кемеровская область,42
2023,сентябрь,0.8887048273525462,Кемеровская область,42
2023,октябрь,0.8922811937429284,Кемеровская область,42
2023,ноябрь,0.8896651701550142,Кемеровская область,42
2023,декабрь,0.8899482896394516,Кемеровская область,42
2024,январь,0.8946685155953552,Кемеровская область,42
2024,февраль,0.8934523359766763,Кемеровская область,42
2024,март,0.8939685623819164,Кемеровская область,42
2024,апрель,0.8929507310631719,Кемеровская область,42
2024,май,0.891335475821597,Кемеровская область,42
2024,июнь,0.8913846481091217,Кемеровская область,42
2024,июль,0.8957709930138041,Кемеровская область,42
2024,август,0.8944263515480759,Кемеровская область,42
2024,сентябрь,0.8941134954829985,Кемеровская область,42
2024,октябрь,0.8915142402409214,Кемеровская область,42
2024,ноябрь,0.8909997657630799,Кемеровская область,42
2024,декабрь,0.8924351089664744,Кемеровская область,42
2025,январь,0.8946440294152753,Кемеровская область,42
2025,февраль,0.8931679636582187,Кемеровская область,42
2025,март,0.8944523279973653,Кемеровская область,42
2023,январь,0.9828169121463319,Новосибирская область,54
2023,февраль,0.9868952741410916,Новосибирская область,54
2023,март,0.9876564200217629,Новосибирская область,54
2023,апрель,0.9831613935117864,Новосибирская область,54
2023,май,0.9824831315396365,Новосибирская область,54
2023,июнь,0.9774948819444743,Новосибирская область,54
2023,июль,0.9876143362360328,Новосибирская область,54
2023,август,0.9870798954469927,Новосибирская область,54
2023,сентябрь,0.9853486806172763,Новосибирская область,54
2023,октябрь,0.9860353942316354,Новосибирская область,54
2023,ноябрь,0.9870677036860088,Новосибирская область,54
2023,декабрь,0.9895341320492074,Новосибирская область,54
2024,январь,0.98165650234645,Новосибирская область,54
2024,февраль,0.9803209790995925,Новосибирская область,54
2024,март,0.9825537686565965,Новосибирская область,54
2024,апрель,0.9852282134964456,Новосибирская область,54
2024,май,0.9848330976957489,Новосибирская область,54
2024,июнь,0.9859844239600035,Новосибирская область,54
2024,июль,0.9829452186240852,Новосибирская область,54
2024,август,0.9783509971529839,Новосибирская область,54
2024,сентябрь,0.9853981757945109,Новосибирская область,54
2024,октябрь,0.9834323445720468,Новосибирская область,54
2024,ноябрь,0.9853644513532505,Новосибирская область,54
2024,декабрь,0.9890589880257776,Новосибирская область,54
2025,январь,0.9922756720554886,Новосибирская область,54
2025,февраль,0.9988517896675859,Новосибирская область,54
2025,март,1.000513131198133,Новосибирская область,54
2023,январь,0.8856039347120855,Омская область,55
2023,февраль,0.8820832639742696,Омская область,55
2023,март,0.8835180903155605,Омская область,55
2023,апрель,0.8818182963087109,Омская область,55
2023,май,0.8779171757755312,Омская область,55
2023,июнь,0.8760640230901069,Омская область,55
2023,июль,0.8911328601190746,Омская область,55
2023,август,0.8852873541328433,Омская область,55
2023,сентябрь,0.876798139117305,Омская область,55
2023,октябрь,0.878495808826061,Омская область,55
2023,ноябрь,0.8734700568861784,Омская область,55
2023,декабрь,0.8717987023775783,Омская область,55
2024,январь,0.8723576666989442,Омская область,55
2024,февраль,0.8692535858361544,Омская область,55
2024,март,0.8681806151659971,Омская область,55
2024,апрель,0.8646843234786338,Омская область,55
2024,май,0.8607627974689317,Омская область,55
2024,июнь,0.8597687188644542,Омская область,55
2024,июль,0.8900862116072884,Омская область,55
2024,август,0.885842153620313,Омская область,55
2024,сентябрь,0.8826906726377008,Омская область,55
2024,октябрь,0.8780598655424935,Омская область,55
2024,ноябрь,0.8744954323800601,Омская область,55
2024,декабрь,0.876717444097518,Омская область,55
2025,январь,0.8765591223160882,Омская область,55
2025,февраль,0.8784721038294355,Омская область,55
2025,март,0.8732248791376794,Омская область,55
2023,январь,0.9543152715426366,Томская область,70
2023,февраль,0.961609149750356,Томская область,70
2023,март,0.9649497707135085,Томская область,70
2023,апрель,0.962261719889057,Томская область,70
2023,май,0.963289867488352,Томская область,70
2023,июнь,0.9606257136267065,Томская область,70
2023,июль,0.9633539927275008,Томская область,70
2023,август,0.9726448197222394,Томская область,70
2023,сентябрь,0.9613193969593625,Томская область,70
2023,октябрь,0.9593484661760732,Томская область,70
2023,ноябрь,0.9599365797565768,Томская область,70
2023,декабрь,0.95416575332329,Томская область,70
2024,январь,0.953774311782936,Томская область,70
2024,февраль,0.954517517751801,Томская область,70
2024,март,0.9533788627910208,Томская область,70
2024,апрель,0.9527882117631497,Томская область,70
2024,май,0.9463143677815763,Томская область,70
2024,июнь,0.9443126183083713,Томская область,70
2024,июль,0.9533803334716204,Томская область,70
2024,август,0.9494606709055184,Томская область,70
2024,сентябрь,0.9466657906210323,Томская область,70
2024,октябрь,0.9420640878755826,Томская область,70
2024,ноябрь,0.9450982730350717,Томская область,70
2024,декабрь,0.9485152595115695,Томская область,70
2025,январь,0.9441774531517314,Томская область,70
2025,февраль,0.9483970860516887,Томская область,70
2025,март,0.9461244770087136,Томская область,70
2023,январь,0.9641808857207367,Республика Бурятия,3
2023,февраль,0.9646692229740583,Республика Бурятия,3
2023,март,0.9673038434633919,Республика Бурятия,3
2023,апрель,0.9693298367338635,Республика Бурятия,3
2023,май,0.9680134688223574,Республика Бурятия,3
2023,июнь,0.9656843151833976,Республика Бурятия,3
2023,июль,0.9750767069644367,Республика Бурятия,3
2023,август,0.9774563529282936,Республика Бурятия,3
2023,сентябрь,0.9761600503372186,Республика Бурятия,3
2023,октябрь,0.9756330387036862,Республика Бурятия,3
2023,ноябрь,0.9696135533837791,Республика Бурятия,3
2023,декабрь,0.9715576728057302,Республика Бурятия,3
2024,январь,0.9868043757155295,Республика Бурятия,3
2024,февраль,0.9852848489092756,Республика Бурятия,3
2024,март,0.9866388517733141,Республика Бурятия,3
2024,апрель,0.9882227102818658,Республика Бурятия,3
2024,май,0.9858301359322557,Республика Бурятия,3
2024,июнь,0.983455596488688,Республика Бурятия,3
2024,июль,0.9838829190329577,Республика Бурятия,3
2024,август,0.981985170411257,Республика Бурятия,3
2024,сентябрь,0.9834127140909038,Республика Бурятия,3
2024,октябрь,0.9913091172986725,Республика Бурятия,3
2024,ноябрь,0.9879308362258045,Республика Бурятия,3
2024,декабрь,0.9958877640058451,Республика Бурятия,3
2025,январь,1.003904436826121,Республика Бурятия,3
2025,февраль,1.001413592756292,Республика Бурятия,3
2025,март,1.000617221203459,Республика Бурятия,3
2023,январь,0.9935656275687885,Забайкальский край,75
2023,февраль,1.000823060890931,Забайкальский край,75
2023,март,1.00376962536919,Забайкальский край,75
2023,апрель,1.002543495172155,Забайкальский край,75
2023,май,0.9991591595631666,Забайкальский край,75
2023,июнь,0.9953229544372479,Забайкальский край,75
2023,июль,1.008336732770079,Забайкальский край,75
2023,август,1.015411094235777,Забайкальский край,75
2023,сентябрь,1.008950895113238,Забайкальский край,75
2023,октябрь,1.002841122130049,Забайкальский край,75
2023,ноябрь,0.9987114542861357,Забайкальский край,75
2023,декабрь,1.000794434213447,Забайкальский край,75
2024,январь,1.004490895199936,Забайкальский край,75
2024,февраль,1.014332747903233,Забайкальский край,75
2024,март,1.013459307645839,Забайкальский край,75
2024,апрель,1.011649117045369,Забайкальский край,75
2024,май,1.010609787321087,Забайкальский край,75
2024,июнь,1.007656640730433,Забайкальский край,75
2024,июль,1.016700684718019,Забайкальский край,75
2024,август,1.013245249597704,Забайкальский край,75
2024,сентябрь,1.011230063797588,Забайкальский край,75
2024,октябрь,1.009948699860334,Забайкальский край,75
2024,ноябрь,1.005222205660016,Забайкальский край,75
2024,декабрь,1.000936491416196,Забайкальский край,75
2025,январь,0.9963512724957893,Забайкальский край,75
2025,февраль,0.9974172456673033,Забайкальский край,75
2025,март,0.9952203983882314,Забайкальский край,75
2023,январь,1.260032509072925,Республика Саха (Якутия),14
2023,февраль,1.261566901562696,Республика Саха (Якутия),14
2023,март,1.266119520441474,Республика Саха (Якутия),14
2023,апрель,1.267251058619063,Республика Саха (Якутия),14
2023,май,1.266637229243373,Республика Саха (Якутия),14
2023,июнь,1.271378954823102,Республика Саха (Якутия),14
2023,июль,1.272062423631396,Республика Саха (Якутия),14
2023,август,1.275075343867985,Республика Саха (Якутия),14
2023,сентябрь,1.278518373701651,Республика Саха (Якутия),14
2023,октябрь,1.274479092236954,Республика Саха (Якутия),14
2023,ноябрь,1.270966502963749,Республика Саха (Якутия),14
2023,декабрь,1.27047715850382,Республика Саха (Якутия),14
2024,январь,1.276850507814473,Республика Саха (Якутия),14
2024,февраль,1.276040274887997,Республика Саха (Якутия),14
2024,март,1.275237176549807,Республика Саха (Якутия),14
2024,апрель,1.276529576642469,Республика Саха (Якутия),14
2024,май,1.27182838659977,Республика Саха (Якутия),14
2024,июнь,1.272418039892823,Республика Саха (Якутия),14
2024,июль,1.270034985624113,Республика Саха (Якутия),14
2024,август,1.267983012048823,Республика Саха (Якутия),14
2024,сентябрь,1.266533548341619,Республика Саха (Якутия),14
2024,октябрь,1.262779435271573,Республика Саха (Якутия),14
2024,ноябрь,1.259169949532591,Республика Саха (Якутия),14
2024,декабрь,1.248313621597754,Республика Саха (Якутия),14
2025,январь,1.252251236688195,Республика Саха (Якутия),14
2025,февраль,1.261054964972396,Республика Саха (Якутия),14
2025,март,1.258652278391972,Республика Саха (Якутия),14
2023,январь,1.522056516524794,Камчатский край,41
2023,февраль,1.52152710649561,Камчатский край,41
2023,март,1.523127817503498,Камчатский край,41
2023,апрель,1.528865352180353,Камчатский край,41
2023,май,1.521745334897137,Камчатский край,41
2023,июнь,1.519289589538394,Камчатский край,41
2023,июль,1.524057801980395,Камчатский край,41
2023,август,1.544603093740627,Камчатский край,41
2023,сентябрь,1.547832457920638,Камчатский край,41
2023,октябрь,1.539194892771693,Камчатский край,41
2023,ноябрь,1.535617679915127,Камчатский край,41
2023,декабрь,1.533791843343344,Камчатский край,41
2024,январь,1.533124348176191,Камчатский край,41
2024,февраль,1.528950685653522,Камчатский край,41
2024,март,1.531125938993462,Камчатский край,41
2024,апрель,1.527096204766108,Камчатский край,41
2024,май,1.521173290032011,Камчатский край,41
2024,июнь,1.515849523370316,Камчатский край,41
2024,июль,1.506175926585708,Камчатский край,41
2024,август,1.519343320844586,Камчатский край,41
2024,сентябрь,1.531800456530006,Камчатский край,41
2024,октябрь,1.515269952054614,Камчатский край,41
2024,ноябрь,1.505101680117544,Камчатский край,41
2024,декабрь,1.492654198336855,Камчатский край,41
2025,январь,1.502736960067902,Камчатский край,41
2025,февраль,1.495397093857054,Камчатский край,41
2025,март,1.487306711772336,Камчатский край,41
2023,январь,1.133940117232057,Приморский край,25
2023,февраль,1.130739645056816,Приморский край,25
2023,март,1.130935702627079,Приморский край,25
2023,апрель,1.129899413024672,Приморский край,25
2023,май,1.128988766852244,Приморский край,25
2023,июнь,1.124714847781125,Приморский край,25
2023,июль,1.132513922652406,Приморский край,25
2023,август,1.150371125087484,Приморский край,25
2023,сентябрь,1.148309731435185,Приморский край,25
2023,октябрь,1.149083922050249,Приморский край,25
2023,ноябрь,1.152967847248081,Приморский край,25
2023,декабрь,1.157970008828598,Приморский край,25
2024,январь,1.162502947830466,Приморский край,25
2024,февраль,1.167842748437676,Приморский край,25
2024,март,1.166058674563454,Приморский край,25
2024,апрель,1.166739419482702,Приморский край,25
2024,май,1.169002948216778,Приморский край,25
2024,июнь,1.163309792313509,Приморский край,25
2024,июль,1.153426584615331,Приморский край,25
2024,август,1.155526750269795,Приморский край,25
2024,сентябрь,1.158101144980041,Приморский край,25
2024,октябрь,1.153987953069664,Приморский край,25
2024,ноябрь,1.145886160856881,Приморский край,25
2024,декабрь,1.140715089202174,Приморский край,25
2025,январь,1.132406038221291,Приморский край,25
2025,февраль,1.14071677081352,Приморский край,25
2025,март,1.135750037610646,Приморский край,25
2023,январь,1.166485843500971,Хабаровский край,27
2023,февраль,1.161353032280925,Хабаровский край,27
2023,март,1.161630460127468,Хабаровский край,27
2023,апрель,1.157584323815853,Хабаровский край,27
2023,май,1.148644252903662,Хабаровский край,27
2023,июнь,1.155341998809011,Хабаровский край,27
2023,июль,1.159488275148748,Хабаровский край,27
2023,август,1.168495550783909,Хабаровский край,27
2023,сентябрь,1.167908884319776,Хабаровский край,27
2023,октябрь,1.163160776667709,Хабаровский край,27
2023,ноябрь,1.163949291908767,Хабаровский край,27
2023,декабрь,1.16312335976328,Хабаровский край,27
2024,январь,1.171982336646177,Хабаровский край,27
2024,февраль,1.174023858273086,Хабаровский край,27
2024,март,1.174737068069888,Хабаровский край,27
2024,апрель,1.174055752832,Хабаровский край,27
2024,май,1.167519582905671,Хабаровский край,27
2024,июнь,1.16472055540362,Хабаровский край,27
2024,июль,1.166100622029796,Хабаровский край,27
2024,август,1.16417501913411,Хабаровский край,27
2024,сентябрь,1.167668607600885,Хабаровский край,27
2024,октябрь,1.163461899178861,Хабаровский край,27
2024,ноябрь,1.155756904665574,Хабаровский край,27
2024,декабрь,1.151794030760821,Хабаровский край,27
2025,январь,1.151337645717014,Хабаровский край,27
2025,февраль,1.153547148309748,Хабаровский край,27
2025,март,1.143860925994446,Хабаровский край,27
2023,январь,1.044959480949546,Амурская область,28
2023,февраль,1.042422437097413,Амурская область,28
2023,март,1.043172411782994,Амурская область,28
2023,апрель,1.04728595357092,Амурская область,28
2023,май,1.041625925945501,Амурская область,28
2023,июнь,1.040701375368483,Амурская область,28
2023,июль,1.050349496922936,Амурская область,28
2023,август,1.054192832691383,Амурская область,28
2023,сентябрь,1.049913471042576,Амурская область,28
2023,октябрь,1.0441817129646,Амурская область,28
2023,ноябрь,1.040391762862623,Амурская область,28
2023,декабрь,1.040631563564743,Амурская область,28
2024,январь,1.051988841564016,Амурская область,28
2024,февраль,1.052538972874253,Амурская область,28
2024,март,1.049361344545524,Амурская область,28
2024,апрель,1.049175430074053,Амурская область,28
2024,май,1.044823822711429,Амурская область,28
2024,июнь,1.04750611762645,Амурская область,28
2024,июль,1.048342062617404,Амурская область,28
2024,август,1.047361933669582,Амурская область,28
2024,сентябрь,1.048329871212589,Амурская область,28
2024,октябрь,1.054903697430509,Амурская область,28
2024,ноябрь,1.050878814335299,Амурская область,28
2024,декабрь,1.045986059860599,Амурская область,28
2025,январь,1.049230468283755,Амурская область,28
2025,февраль,1.049941603542486,Амурская область,28
2025,март,1.046261095140705,Амурская область,28
2023,январь,1.371837915978806,Магаданская область,49
2023,февраль,1.369046680353522,Магаданская область,49
2023,март,1.371278466500855,Магаданская область,49
2023,апрель,1.36670457771005,Магаданская область,49
2023,май,1.358901449176481,Магаданская область,49
2023,июнь,1.370268813122088,Магаданская область,49
2023,июль,1.367434076650452,Магаданская область,49
2023,август,1.383561943847988,Магаданская область,49
2023,сентябрь,1.379418682947176,Магаданская область,49
2023,октябрь,1.382107344800638,Магаданская область,49
2023,ноябрь,1.373402842669552,Магаданская область,49
2023,декабрь,1.378870656150536,Магаданская область,49
2024,январь,1.380247196144122,Магаданская область,49
2024,февраль,1.395479994323847,Магаданская область,49
2024,март,1.389796557723472,Магаданская область,49
2024,апрель,1.391399203140002,Магаданская область,49
2024,май,1.381448857311998,Магаданская область,49
2024,июнь,1.369133736944744,Магаданская область,49
2024,июль,1.349385423720367,Магаданская область,49
2024,август,1.349314310221886,Магаданская область,49
2024,сентябрь,1.352770813408371,Магаданская область,49
2024,октябрь,1.337903071755946,Магаданская область,49
2024,ноябрь,1.331562786141692,Магаданская область,49
2024,декабрь,1.321437327193785,Магаданская область,49
2025,январь,1.32298283887909,Магаданская область,49
2025,февраль,1.321400709795282,Магаданская область,49
2025,март,1.30688376480538,Магаданская область,49
2023,январь,1.208026300485095,Сахалинская область,65
2023,февраль,1.20492707320326,Сахалинская область,65
2023,март,1.204875252603762,Сахалинская область,65
2023,апрель,1.203546943010402,Сахалинская область,65
2023,май,1.199478102352864,Сахалинская область,65
2023,июнь,1.197976941410859,Сахалинская область,65
2023,июль,1.201039444072182,Сахалинская область,65
2023,август,1.212055494984217,Сахалинская область,65
2023,сентябрь,1.216614224155317,Сахалинская область,65
2023,октябрь,1.219770040782177,Сахалинская область,65
2023,ноябрь,1.222237366888918,Сахалинская область,65
2023,декабрь,1.220479927621319,Сахалинская область,65
2024,январь,1.229344685125375,Сахалинская область,65
2024,февраль,1.230253252270001,Сахалинская область,65
2024,март,1.225190092136834,Сахалинская область,65
2024,апрель,1.220060619744521,Сахалинская область,65
2024,май,1.209694571244207,Сахалинская область,65
2024,июнь,1.198781300887123,Сахалинская область,65
2024,июль,1.189454389508947,Сахалинская область,65
2024,август,1.187442357949939,Сахалинская область,65
2024,сентябрь,1.190062596651475,Сахалинская область,65
2024,октябрь,1.185858116327174,Сахалинская область,65
2024,ноябрь,1.186011371137753,Сахалинская область,65
2024,декабрь,1.179104088476782,Сахалинская область,65
2025,январь,1.16032767263902,Сахалинская область,65
2025,февраль,1.16320608259802,Сахалинская область,65
2025,март,1.160252662223867,Сахалинская область,65
2023,январь,1.157561487207005,Еврейская автономная область,79
2023,февраль,1.156121168580977,Еврейская автономная область,79
2023,март,1.154203909528991,Еврейская автономная область,79
2023,апрель,1.151456878771527,Еврейская автономная область,79
2023,май,1.145705635696992,Еврейская автономная область,79
2023,июнь,1.146285893841476,Еврейская автономная область,79
2023,июль,1.158577431887397,Еврейская автономная область,79
2023,август,1.166049315120669,Еврейская автономная область,79
2023,сентябрь,1.158496279990339,Еврейская автономная область,79
2023,октябрь,1.152928209314862,Еврейская автономная область,79
2023,ноябрь,1.15319548564028,Еврейская автономная область,79
2023,декабрь,1.152715201151953,Еврейская автономная область,79
2024,январь,1.166278950706715,Еврейская автономная область,79
2024,февраль,1.167953322853336,Еврейская автономная область,79
2024,март,1.16597748663266,Еврейская автономная область,79
2024,апрель,1.164182807985021,Еврейская автономная область,79
2024,май,1.162692888290626,Еврейская автономная область,79
2024,июнь,1.153746364726722,Еврейская автономная область,79
2024,июль,1.166831110320344,Еврейская автономная область,79
2024,август,1.166917429561197,Еврейская автономная область,79
2024,сентябрь,1.163001053865493,Еврейская автономная область,79
2024,октябрь,1.158281434541117,Еврейская автономная область,79
2024,ноябрь,1.145615297800302,Еврейская автономная область,79
2024,декабрь,1.14005992367616,Еврейская автономная область,79
2025,январь,1.130902865270613,Еврейская автономная область,79
2025,февраль,1.128641459718358,Еврейская автономная область,79
2025,март,1.12248222134577,Еврейская автономная область,79
2023,январь,1.651037191904205,Чукотский автономный округ,87
2023,февраль,1.645536245343208,Чукотский автономный округ,87
2023,март,1.664664619928494,Чукотский автономный округ,87
2023,апрель,1.693258163549016,Чукотский автономный округ,87
2023,май,1.679728682412645,Чукотский автономный округ,87
2023,июнь,1.670146514636421,Чукотский автономный округ,87
2023,июль,1.667117655970036,Чукотский автономный округ,87
2023,август,1.675050110218676,Чукотский автономный округ,87
2023,сентябрь,1.674603667954676,Чукотский автономный округ,87
2023,октябрь,1.660483075656196,Чукотский автономный округ,87
2023,ноябрь,1.661081095006241,Чукотский автономный округ,87
2023,декабрь,1.653107298881789,Чукотский автономный округ,87
2024,январь,1.644496973869597,Чукотский автономный округ,87
2024,февраль,1.648561795433645,Чукотский автономный округ,87
2024,март,1.645079850852726,Чукотский автономный округ,87
2024,апрель,1.635037664976703,Чукотский автономный округ,87
2024,май,1.626247934690383,Чукотский автономный округ,87
2024,июнь,1.618863381648729,Чукотский автономный округ,87
2024,июль,1.599468155562968,Чукотский автономный округ,87
2024,август,1.601592533251508,Чукотский автономный округ,87
2024,сентябрь,1.608585131184933,Чукотский автономный округ,87
2024,октябрь,1.621834274288656,Чукотский автономный округ,87
2024,ноябрь,1.611691829390345,Чукотский автономный округ,87
2024,декабрь,1.59232304117913,Чукотский автономный округ,87
2025,январь,1.612885097409917,Чукотский автономный округ,87
2025,февраль,1.605032899615196,Чукотский автономный округ,87
2025,март,1.609697041160278,Чукотский автономный округ,87
