mo,mig_per_1000,dist_to_big_city_km,population,type
1,-5.751326520585635,153.70254106981898,161898.0,0
2,1.4388489208633093,213.34849428933853,15661.0,0
3,1.504584280228822,136.76868186256343,31872.0,1
4,4.3491202540018525,111.86414150313456,30319.0,2
5,2.575227868647771,176.03444477976703,32095.0,3
6,5.4684651841049945,163.675656101124,59156.0,2
7,15.131573854002957,234.82837712974393,131043.0,4
8,3.644052546337952,201.2413323076097,22260.0,2
9,3.47168883836677,138.95103658750293,16287.0,3
10,-3.908392229560112,218.0633560503987,64508.0,0
11,-2.1006140256382637,448.5849753996571,18620.0,5
12,4.674869330909327,227.80747187460912,30941.0,4
13,-2.778371446890361,344.624281790004,14025.0,5
14,-6.435598050933162,198.14790969250748,10794.0,5
15,2.0232675771370765,344.8811850266226,11926.0,5
16,-4.104687061465058,275.85158544828346,14207.0,5
17,-2.6177174780526737,382.89098662088657,15634.0,5
18,6.920910696386807,279.16623189137925,10557.0,5
19,-1.341381623071764,236.5803752232586,7439.0,5
20,4.192785088629665,253.47744112182403,12114.0,5
21,2.8990232690541937,0.0,1186715.0,2
22,-6.310854670032456,102.26830504214558,13728.0,6
23,-1.774637339020856,140.49488780761826,61143.0,2
25,2.0651134426411275,104.965284505508,144598.0,2
26,1.2161111087237708,152.39987643384444,116427.0,2
27,0.391250948358277,152.90495427952055,146633.0,2
28,-2.839506172839506,72.68659822200578,56470.0,2
29,3.314447237752179,122.49901827113925,280497.0,2
30,-4.144162505519889,32.5911367213157,43983.0,6
31,-3.296503750471428,114.17015423567067,35536.0,6
32,-3.5561665122672803,62.817999895630656,16616.0,6
33,-7.246170895967719,158.73215189500814,17418.0,6
34,-7.078058020137574,80.22389533572527,29757.0,6
35,-6.668464765022646,96.82141779860598,53399.0,6
36,-0.1806394637015033,107.67163925982706,24813.0,6
37,-5.139888311616147,132.6961042716068,17837.0,6
38,-1.896976366399413,138.21628766718973,94978.0,2
39,-3.576333257038224,146.96629746839744,17369.0,6
40,-2.361541778754338,104.47327186702624,96915.0,2
41,-5.62474889513861,169.94827000297627,20951.0,6
42,-0.9647892462482672,75.00859946497835,61478.0,2
43,-4.50112528132033,71.85326061432445,23850.0,6
44,-2.7384382727402774,51.77143077866507,48718.0,2
45,-1.8570283636647968,100.44356877446486,25432.0,6
46,-2.8532705613809832,124.97155218465112,20840.0,6
47,-8.905963503012313,107.17009976195219,17061.0,6
48,-5.3906997833644015,93.16646737775326,29525.0,6
49,-5.281493868450391,85.32212757904517,35565.0,6
50,-0.3735160855514234,153.96736649857755,30750.0,6
51,-2.717528479361928,111.46081289815568,59179.0,2
52,-6.779544359556748,172.08558066694735,14369.0,6
53,-8.652239216432909,142.32938388534748,23381.0,6
54,-8.162272932513632,149.87835595666027,14231.0,2
55,6.549909461294703,42.57002440466369,71099.0,4
56,-2.438385755899584,123.67922685711075,30405.0,6
57,-2.12236577835067,143.34294861018066,82948.0,2
58,-6.002063209228172,142.59557845423848,21101.0,6
59,-6.724632715123999,125.81878786822271,23105.0,6
60,-2.481629184731704,44.161765407760065,51575.0,6
61,-2.2549288478532468,172.51189222750259,16339.0,6
62,-1.901401548564148,119.24517946331405,25332.0,6
63,-6.728817382151718,161.17260749952734,26359.0,6
64,-3.63941099006345,123.71991823506846,20738.0,6
65,-4.163997437540038,55.753846079761104,26370.0,6
66,-3.9831683044688897,179.7921814577045,79609.0,2
67,-4.932266569688154,166.42222257350645,21838.0,6
68,-8.113783886979764,92.15556948994396,20716.0,6
69,-6.384437398234638,150.35251902936182,23086.0,6
70,-4.381051950314888,78.00987511227476,19945.0,6
71,-6.127138115905029,145.24753488530024,23304.0,6
72,-6.67593040115998,162.1256544525162,16360.0,6
73,-0.6304176516942475,123.26324037313721,47531.0,2
74,-6.750287246265798,168.39367308335207,20679.0,6
75,-1.4640451108899792,142.88574338944628,130733.0,2
76,10.540724939329298,15.293961081120738,117125.0,4
77,-2.738909957427023,108.6598076240444,68451.0,2
78,-3.6452004860267313,160.40165748406702,15491.0,6
79,-9.434600297578791,168.7995250904748,29249.0,6
80,-2.2466255683962686,100.15298098856682,27671.0,6
81,-1.301839341190394,49.79577648758419,50536.0,2
82,-5.871881393309775,132.23106927787097,18637.0,6
83,-2.697282780781274,126.9841865557296,42391.0,6
85,-0.9550527907605408,493.4149464556576,24431.0,7
86,-0.9550527907605408,383.54167513184234,19820.0,8
87,-0.9550527907605408,660.9657871819107,8122.0,7
88,-0.9550527907605408,302.94476752826586,21036.0,8
89,-0.9550527907605408,185.79024920182704,21539.0,8
90,-0.9550527907605408,541.2577967704359,16951.0,8
91,-0.9550527907605408,294.8396995279015,50806.0,8
92,-0.9550527907605408,183.69092292045224,23905.0,8
93,-0.9550527907605408,203.47022563318234,67429.0,7
94,-0.9550527907605408,132.62941686987162,51105.0,8
95,-0.9550527907605408,416.84957765677274,14491.0,8
96,-0.9550527907605408,515.3161549952221,12950.0,8
97,-0.9550527907605408,285.6280389214935,31829.0,8
98,-0.9550527907605408,787.0745600801896,8744.0,7
99,-0.9550527907605408,275.03670009572716,21660.0,8
100,-0.9550527907605408,264.3814706972755,5332.0,7
101,-0.9550527907605408,284.46505614131866,23913.0,8
102,-0.9550527907605408,564.6298160526262,10349.0,7
103,-0.9550527907605408,190.2647857526888,40815.0,8
104,-0.9550527907605408,241.96237155515823,26628.0,8
105,-0.9550527907605408,153.76013836235384,20397.0,8
106,-0.9550527907605408,364.42975884788746,16238.0,8
107,-4.837456714374119,0.0,759490.0,0
108,-1.6533916093970151,66.90032271186618,69554.0,0
111,7.201399128973629,90.07325803590442,58322.0,0
113,-2.301450310497391,56.914876807841196,50403.0,0
114,-1.3659924028367731,86.97389499676517,53441.0,0
158,-0.9550527907605408,31.234287396421248,18521.0,0
160,-0.9550527907605408,39.106610276034495,126292.0,0
167,-1.5674162949448407,104.54996628512663,245756.0,0
168,-1.4864454244581866,123.55224465718636,61043.0,0
169,2.863081276450113,104.75648758093898,60023.0,0
173,-2.4523774805466814,89.55412761585731,37609.0,0
174,2.409542186984473,114.349020501596,50159.0,0
176,0.2158833854269328,76.66640366838423,53393.0,0
177,-1.3677540421426824,90.90181006436431,75785.0,0
179,2.172973797239942,155.2023300470699,39453.0,0
181,3.911006161679519,119.01327287668666,13573.0,3
184,10.606060606060607,146.73261830452515,18650.0,3
185,3.4663922439473542,85.87062671050886,9256.0,0
186,-4.875195007800312,139.754102414001,7654.0,1
188,22.25776356124217,114.18980424932222,11466.0,4
189,0.9612540668441292,230.94460219569726,20296.0,2
190,-6.461086637298092,183.81702350893164,11850.0,2
191,6.147425413118268,151.81668234492417,8903.0,3
192,3.0603373326378023,143.23181897990418,14402.0,0
193,5.147747025003342,181.47843941611708,15057.0,3
194,-0.4211534284105669,91.65933281238765,112782.0,0
195,1.1434132100717675,157.9007142141171,41150.0,0
196,6.835611870623541,105.32176490272907,18121.0,0
197,-1.7997132660220234,73.8016876784274,16364.0,0
198,-1.94646748747369,153.67089866445934,53555.0,0
200,-1.859975434286717,144.2823858738883,42682.0,0
201,-0.9743324300459764,74.74751850645477,16400.0,0
202,-0.8502976041614565,94.3989852574802,30028.0,0
203,-1.9233155478347188,157.03764953328815,24072.0,0
204,-1.5248851417159386,120.29839591573695,50870.0,0
205,0.7909732199066974,102.27455569257468,31020.0,0
206,2.21851291764142,257.3930038581078,235694.0,7
207,0.3773513707288541,482.6777706613453,26470.0,9
208,-2.253430445454911,272.5327523764304,12305.0,9
209,0.5073137735689524,433.1499586083867,5888.0,9
210,-2.102507140590289,308.31651275830893,12493.0,9
211,1.015244531163248,290.64479065894074,31368.0,9
212,-4.431662816463156,123.48550139599016,10502.0,1
213,-1.1285020362101958,425.8560227084451,10092.0,9
214,0.2734884503723651,347.7007376764457,23603.0,9
215,-4.6800871906654695,390.3143633199581,7695.0,9
216,0.7003932977749043,141.85321639688138,18460.0,9
217,-1.5737256243585358,126.60020147036798,14495.0,9
218,2.7978072470031616,256.39137607112184,21969.0,4
219,-4.324190758586607,203.54321779390887,12023.0,9
220,-8.705499327624036,343.3494407656134,13907.0,9
221,-0.8754058699942701,311.083777827728,31219.0,9
222,0.5903685586573333,163.24748081112688,23603.0,2
223,-6.533812479581836,243.24064905893854,12070.0,9
224,0.3798968054327389,355.58084032874194,232811.0,7
225,-0.00739377000939,807.7324879519867,67547.0,7
226,-7.125427037579307,660.3186940743649,10125.0,9
227,-0.1668175968733616,827.8574296777014,20870.0,7
228,-3.466421650517875,757.4719621848725,35807.0,7
229,-3.5511363636363638,584.6028273039074,93096.0,7
230,-2.0011699147193744,631.3929232490119,16187.0,9
231,-4.36637888260395,535.8041885395527,14981.0,9
232,-4.255036234292932,217.9948713448353,7470.0,9
233,-4.650530323633397,399.71809362229055,18232.0,9
234,-2.5070621468926557,779.0392402699939,42164.0,7
235,-6.4177024044604485,179.86576876048005,17018.0,9
236,-0.763706325544508,635.6983883433603,33872.0,9
237,2.752250781359332,336.89756902584264,21442.0,7
238,-1.4992503748125936,273.90786349983335,11592.0,9
239,-5.382243820870565,494.12178297605783,9461.0,9
240,-6.897942718838241,402.3951582878276,12261.0,9
241,-2.847560589761438,399.2426556039494,23548.0,9
242,-5.235602094240838,421.29139316544854,21766.0,9
243,-2.5914195220270657,529.0086292618525,10360.0,9
269,4.050257782208366,70.26137614979653,295711.0,2
270,-2.235110503092545,49.69564740336045,51634.0,1
271,-3.67101460595173,47.97713783570304,19054.0,1
272,-1.6550247036775625,46.185310314898096,20454.0,6
273,-2.432288631584281,53.77370697981817,19578.0,6
274,-0.6209492762059999,44.72920066091405,38471.0,6
275,-3.498856143183959,60.565780645557716,11082.0,6
276,-7.47208827490334,108.90605092158616,11382.0,6
277,-6.385696040868455,110.98459638401225,17046.0,6
278,0.9007013658176449,61.082917782546374,67769.0,2
279,-4.0658239556035145,73.29961111606785,25758.0,6
280,-2.9260342975665763,130.35487522448665,13402.0,6
281,-4.600789870119295,98.40735687457922,12182.0,6
282,-3.932948948031616,105.29686097693205,13008.0,6
283,-4.062003921934821,138.41718410904326,21264.0,6
284,-2.9529996761226163,98.07303873859675,26112.0,6
285,-7.693580410324289,85.91388103752178,5947.0,10
286,0.0324339306090797,0.0,339151.0,0
287,2.0155787440424957,97.95816051924538,23694.0,3
288,0.5524861878453039,127.89944915369827,9012.0,3
289,-0.893037190677844,75.53829087813713,17246.0,3
290,6.182314317387227,46.462139041726466,11711.0,3
291,6.031273268801192,95.64654773774457,6717.0,0
292,7.938619833244634,79.39109120974472,11280.0,3
293,-4.035116418561535,105.11670418324279,9068.0,3
294,-0.7007555020256213,164.9742409850644,45470.0,3
295,-0.861994655633135,66.18301033533496,11516.0,3
296,-1.7036775937022677,62.60450283884999,16897.0,3
297,-2.184886611918933,57.8266018868915,6593.0,3
298,-1.344495883347656,86.88111858826292,35879.0,3
300,-0.5556841861542023,91.72988111923318,21456.0,3
301,-0.2824480815828985,15.27049842958802,33537.0,2
302,-2.190031399245363,34.185470743848995,18857.0,3
303,0.3133495371742646,28.38779971371309,58820.0,3
304,-2.366863905325444,50.3846563841461,11300.0,3
305,0.7821054278116689,138.46667821126394,12696.0,10
306,-4.078033726441089,171.17172046244252,8971.0,3
307,1.6138296999370878,133.1692120663236,18231.0,1
308,1.1396910560552662,46.179871612929524,28433.0,3
309,-0.9550527907605408,0.0,367667.0,7
311,-5.184102086933405,995.0050098059746,3737.0,7
312,-1.290289612529862,383.5360427970161,38998.0,7
313,-0.6382978723404255,1228.4694344376392,2351.0,7
314,-8.631209262180422,190.41095148505448,16705.0,7
315,-5.643994211287988,1327.7498541113678,3456.0,7
316,6.636482044284562,1080.8604632761508,8126.0,7
317,-8.195145397740928,482.4198138122562,20721.0,7
318,-6.590450571620713,1099.6669023132345,3687.0,7
319,-3.99860048982856,641.3990876511913,9998.0,7
320,-1.9292732407812565,435.6185216033955,25157.0,7
321,-4.970760233918129,189.7751095693822,11936.0,7
322,-8.63238377111851,631.8746834072633,4023.0,7
323,-6.6094150442875765,289.6040081252609,11053.0,7
324,-6.512522400454565,643.4670407388066,22761.0,7
325,-3.0028621029418665,876.2862491774852,31833.0,7
326,-4.996820205323885,80.93480339403402,32932.0,7
327,1.6851732721729646,954.4657836047088,71704.0,7
328,4.725029531434571,847.2183120808061,3836.0,7
329,1.9027018366079835,86.78425390963594,25069.0,7
330,-3.8483082720441137,623.4872507833011,68431.0,7
331,-5.60457906033866,1506.0655422911796,4175.0,7
332,-1.6484241065541343,700.63521795142,7566.0,7
333,-3.081327639751553,496.3127151150555,20525.0,7
334,-5.616045845272207,1010.2266971082518,4364.0,7
335,-3.5674470457079157,1291.9293811831842,6714.0,7
336,-6.303275011215792,647.9940640398811,22228.0,7
337,-5.802189954772674,241.17062625349578,16750.0,7
338,-6.875825326715542,431.91157339085015,10897.0,7
339,-6.371297530557375,147.00792521863173,22012.0,7
340,14.480761274306992,384.7935182466034,7343.0,7
341,-7.610462538791192,1016.094694042799,6725.0,7
342,-2.152226390949016,126.83237547984584,34331.0,7
343,-6.443946803162562,183.12144814325444,21807.0,7
344,-2.5380710659898478,645.6748139780639,2962.0,7
345,-0.8304024220609166,0.0,309358.0,0
346,-1.501109515729017,44.447320945515266,38229.0,0
347,0.0958588957055214,35.94633226645462,31304.0,0
348,1.266504985179197,52.433442198539446,18606.0,0
349,-0.3530053592631815,71.71838822711793,15554.0,0
351,-5.405766555919314,85.62922833783891,81941.0,0
352,0.287891464917726,40.02021832977455,55643.0,0
353,-4.2607647551920325,5.377906820074786,100373.0,0
354,1.017358899839706,0.0,1318604.0,2
355,-1.12646805481533,0.0,544383.0,2
356,-1.2591724197820329,62.80142366660236,34401.0,6
357,-1.7260016039610864,99.4830435157127,57093.0,6
358,-1.899479542605326,137.91430808051373,26162.0,6
359,-4.472971252977435,86.41985362476395,27287.0,6
360,0.2025726729464195,93.74957511079414,24626.0,1
361,-1.4879722245184757,115.54908813555025,18063.0,6
362,-1.400264076648012,87.9414344776813,212359.0,2
363,1.7884789920452726,74.3627703563911,18676.0,6
364,-3.586275982970198,65.71307083637593,49659.0,6
365,-3.859278518037049,56.26988344189708,12245.0,6
366,-4.449576597382602,168.92313889825382,32239.0,6
367,-0.31962983820642,100.65631189145797,32840.0,6
368,-1.7010642942088543,134.5141157066941,99177.0,2
369,-1.2585972361713218,71.24857212415048,39135.0,6
370,7.65640120680822,33.58404413242086,17641.0,9
371,19.162532582191204,30.42398042593657,60647.0,4
372,-3.825837981932172,65.51400647960938,20085.0,6
373,-0.1285512276642242,37.25457981788909,85471.0,2
374,-2.380294966152206,52.41708993930681,52217.0,2
375,2.388750780541254,37.070474053423375,169798.0,2
376,-3.473747254941106,77.1590526899119,12423.0,6
377,-1.0189023961773591,60.61445214796591,14157.0,6
378,-0.1756234632946961,107.34762746032847,51202.0,6
379,32.861581941270195,40.76576663808237,71646.0,4
380,-1.702694225562177,125.5489914044875,77755.0,2
381,-0.1255445494833841,77.79784616038252,39698.0,6
382,-2.5325198572579715,26.566034801720672,30286.0,6
383,-2.7109964794698493,46.62184515547649,26385.0,6
384,0.1332622601279317,71.66784731733439,18692.0,6
385,-0.5781735857783752,59.42163675775681,276414.0,2
386,-4.847863786851647,101.5627523254461,12574.0,6
387,-2.3989826001502976,147.01342794930795,51661.0,6
388,8.490968351152944,38.66905014439554,66372.0,0
389,0.6670835939128622,80.1820233710946,23892.0,3
390,-0.4112653813252616,86.26437075220161,30381.0,6
391,-2.2462279625825707,52.65774301059333,33666.0,6
392,-1.2146978439113272,94.87590040063229,18014.0,1
393,-1.4047762392133254,65.81956741198377,19798.0,3
395,-1.4417211933015417,71.88745541666528,13489.0,6
396,1.478835905019671,121.17047203346547,17877.0,6
397,-1.0266242419297815,115.35849457546658,73234.0,2
398,-2.6810336022878154,132.90003646231523,19452.0,6
401,-9.295009295009296,348.3318388108962,10431.0,5
402,-13.05993959246182,361.2228540056954,11626.0,5
403,-12.991784992519882,417.84473359126264,18916.0,5
404,-7.310791725513002,539.2899124742682,11974.0,5
405,1.0911451499288682,478.02086730679196,36340.0,5
408,-7.907979870596693,422.4869693809658,10364.0,5
409,-10.120957788200444,338.62446265376127,8043.0,5
410,-6.824475801134116,553.2594149130357,15098.0,5
413,-4.261682242990654,447.63884552855336,6694.0,5
414,-8.185470789348907,466.4793223816994,19940.0,5
416,-10.221465076660987,530.0826389334951,7592.0,5
418,-0.0242059051112382,0.0,618776.0,2
419,-0.897847760310977,52.039034712593335,96037.0,2
420,-2.782502053613782,147.08819516941364,85870.0,2
421,-4.029910383012729,73.4446090894268,43557.0,2
422,-1.841938320107734,56.54162713352288,89442.0,2
423,-4.109281996363908,50.38990256675704,19971.0,6
424,-4.895892992406747,135.49709243339154,26866.0,6
425,1.5921262121870026,84.8099336215464,13809.0,6
426,3.582395087001024,48.57967227376815,23474.0,6
428,-1.096807712290019,46.832869638204606,8624.0,6
429,-1.670688695006497,93.55825267068228,10744.0,6
430,7.761395964074098,4.725471781551939,83460.0,4
431,-2.293472776478143,72.78052659135516,32538.0,6
432,-1.6263273701329763,80.99608930824944,15570.0,6
433,-2.5591810620601407,90.25942379321943,10095.0,6
434,-2.788233653980204,132.2149283426161,17833.0,6
435,0.0284973354991308,89.99889489830365,17496.0,6
436,-3.666201117318436,63.779758978014605,8518.0,6
437,-1.5932023366967605,101.8559746357514,7480.0,6
438,-2.666838029752916,37.6338393347411,30993.0,6
440,-2.886589120766336,58.93673828079309,23267.0,2
441,-3.951997686635501,91.01135495204541,10292.0,6
442,-7.929035135536944,108.61892384783395,9970.0,6
443,-4.97944872493702,51.47247642370975,33739.0,2
444,-2.24227076078928,66.19232677326136,18886.0,6
445,-3.2249210923562512,131.783061984322,7231.0,6
446,-0.8535071384233395,38.605018101952716,19293.0,6
447,-1.7622339704486918,155.16845796458793,10983.0,6
448,2.01534681208777,274.8340880086389,185804.0,7
449,1.873672815089312,234.5852293454037,11962.0,5
450,1.4604295275555277,289.8676529876447,55712.0,5
451,3.185154410746434,184.23563339045623,10843.0,5
452,2.4194117684809044,262.8733454477282,77948.0,5
453,5.441894277702773,288.0218828594785,24152.0,7
455,-8.97016696084956,265.3403587061829,17067.0,5
456,-2.3862050335419385,225.53575167533032,11030.0,5
457,-4.648280136349551,178.9197275570267,9604.0,5
458,-6.83430888460155,229.77361783137547,15165.0,5
459,-5.941802453803824,209.04954714375376,46354.0,5
460,-1.333415389665005,186.17266690675274,24253.0,5
461,-6.230669639646119,0.0,333672.0,0
478,-0.1007078179874036,0.0,506480.0,2
479,1.8296369363922744,116.82487165386081,31304.0,10
480,-6.175582521506295,71.79040292423355,43508.0,2
481,3.0598029785399183,16.201068961480306,120767.0,2
482,-1.223031206405626,88.67468033398404,26008.0,10
483,-0.3349959056055981,121.75129096885081,13314.0,10
484,-1.9752725144487528,54.38809818685511,13550.0,6
485,-3.502089956909769,100.08956164648767,30773.0,6
486,-1.4338672448765477,70.5988301795844,28415.0,6
487,-1.6711146584191754,99.51921570675862,19914.0,6
489,-0.801844241756039,63.398243379666816,14831.0,10
490,-1.9982941391495064,102.81872756331248,20409.0,6
491,-0.3192975454001197,41.68640428793545,12470.0,6
492,-0.953638497652582,82.5125409361037,13525.0,6
493,-3.958912903916114,37.41763171373985,18507.0,6
494,1.6419827347954024,34.423363818437544,30685.0,6
495,1.202269885543907,121.27922337321338,10342.0,10
496,-3.0621820516619747,65.04851039081267,20067.0,6
497,0.0,37.23659468856286,31134.0,6
498,1.0724209089579644,7.437555115192826,61487.0,2
499,-5.5275069637883005,86.0315192105489,11365.0,6
500,-4.988028731045491,88.25236863147855,7407.0,6
501,-2.2906195792376463,59.79985600718347,22282.0,6
502,-3.1442377705699345,97.80955880744558,14957.0,6
503,-2.304147465437788,78.46390942879545,12065.0,6
504,-0.1836355335483248,0.0,687601.0,4
505,-1.2143782383419688,107.7745927058506,24604.0,5
506,5.9993259184361305,172.12589962233224,14879.0,4
507,1.1706600355690386,131.0029040965848,188780.0,5
508,-0.7047390610897492,97.81302926324388,40255.0,5
509,4.951136510880907,21.917240387507825,73511.0,11
510,-0.8384865318100828,258.5439201925189,123379.0,5
511,-2.272788765929814,318.30067753418564,36769.0,5
512,7.94541319181198,340.52018158111,16528.0,5
514,-0.1800893243048552,112.67434521522948,13794.0,12
515,3.87906446092413,198.4849569259636,26284.0,5
516,-5.754030983243756,199.22312011759243,7821.0,5
517,0.9940201012953818,154.64646178963596,31583.0,5
518,-0.9771350400625368,251.98504345752787,25464.0,5
519,-3.718442168438907,351.0470979274115,7601.0,5
520,-0.9068080357142856,120.12568835467916,7120.0,5
521,-0.6072055053299149,254.23336722346428,14744.0,5
522,0.0,251.3127851634944,10678.0,5
523,-2.225991096035616,79.175304281659,4672.0,5
524,-2.2781235962266573,188.31216905526236,15469.0,5
525,-2.992299229922992,111.98478158251329,11281.0,12
527,-2.8395793678035384,252.04028277789564,15905.0,5
528,1.8832391713747645,36.26910827085069,11641.0,5
529,-0.8092427977391001,160.0814401044871,39949.0,5
530,-5.523092932041944,308.9793669030197,12366.0,5
531,-4.022795843110962,65.39679025091411,13314.0,5
532,-2.152641878669276,175.39613048896456,12685.0,5
533,-2.5522295548182448,198.543011672394,13623.0,5
534,-8.04121120743812,169.04507787295427,7856.0,5
535,1.12604342610952,316.7301289964528,20371.0,5
536,-0.6787609527335555,219.6240688481728,8051.0,5
537,-6.213431367472687,117.3909000570705,9548.0,5
538,-6.685523270763692,289.69213987293426,19183.0,5
539,-1.2152041825632331,145.65104133803635,17582.0,5
540,0.6396198830409356,314.88614019154573,16349.0,5
541,-4.016333087890756,197.13662877431847,7406.0,5
542,1.5886108819845417,108.63144951027517,16341.0,5
543,-2.4296311613120007,43.23878937644202,38447.0,5
544,-2.5589372243697937,215.97889027871148,9099.0,5
545,9.526327218482397,32.843467524985854,53359.0,5
546,-3.056768558951965,138.73839132404268,10214.0,5
547,-1.458546571136131,200.64847179293147,19439.0,5
548,-1.6448677473270898,96.38744538066888,18726.0,5
549,-1.2793914246196405,244.87578847453042,14369.0,5
550,0.3287774176882251,187.7782351631496,10594.0,5
552,-2.929230769230769,153.98785188288713,20153.0,5
553,-10.234798314268511,245.43538210580954,3264.0,5
554,-3.366387354092722,174.41844739060096,13572.0,5
555,-6.161728053170867,191.90412706851743,7152.0,5
556,-3.5260352603526037,119.40632033020376,6045.0,5
557,0.7283321194464676,89.69016002113385,10246.0,5
558,-1.2020930561448169,317.060968588845,7060.0,5
559,0.6004803843074459,55.77622236416382,42346.0,5
560,-6.941673980690976,80.9484212641883,6187.0,5
561,-1.587953456536619,68.02499392817892,18142.0,5
562,-3.6413738805235703,282.4147864807535,10094.0,5
563,-6.522523522717811,76.92067841702662,17787.0,5
564,-4.721954797597762,141.6454392630607,10801.0,5
565,-7.037457434733257,324.0066575524332,8700.0,5
566,0.4138692173273245,148.4770343944232,10802.0,5
567,-4.793028322440088,104.9415143278844,9078.0,5
568,-3.619210280183807,274.4275817621241,12199.0,5
569,-5.5376095985233045,131.0450884269602,12857.0,5
570,-5.023245871853791,230.92936462082196,9268.0,5
571,-3.8230699662912113,154.71691578311524,24128.0,5
572,-3.0255151780011427,304.7073673899183,14809.0,5
573,-0.9550527907605408,622.4338372084089,333679.0,7
574,-0.9550527907605408,332.79132914038325,14473.0,7
576,-0.9550527907605408,656.1805164206106,8586.0,7
577,-0.9550527907605408,955.0681021918712,5832.0,7
578,-0.9550527907605408,866.8521404759019,15274.0,7
579,-0.9550527907605408,886.3457082321014,43803.0,7
580,-0.9550527907605408,1023.0264694172782,7885.0,7
581,-0.9550527907605408,941.6184860264035,19300.0,7
582,-0.9550527907605408,874.4157406859465,7207.0,7
583,-0.9550527907605408,1021.5065301501892,5488.0,7
584,-0.9550527907605408,699.5017627565325,33483.0,7
585,-0.9550527907605408,991.2912012432508,55782.0,7
586,-0.9550527907605408,441.393878100754,15817.0,7
587,-0.9550527907605408,582.754501356364,9949.0,7
588,-0.9550527907605408,1068.475190140429,20767.0,7
589,-0.9550527907605408,818.9329217971429,26450.0,7
590,-0.9550527907605408,1061.8610742359149,7141.0,7
591,-0.9550527907605408,835.8108262111629,29773.0,7
592,-0.9550527907605408,783.9644997650048,8214.0,7
593,-0.9550527907605408,361.7384199615079,14576.0,7
594,-0.9550527907605408,1026.314211642741,15082.0,7
595,-0.9550527907605408,958.2780253125818,17869.0,7
597,-0.9550527907605408,815.7265551382328,9739.0,7
598,-0.9550527907605408,552.7606653095936,16787.0,7
599,-0.9550527907605408,470.61755138615183,24713.0,7
600,-0.9550527907605408,878.7283487592499,29154.0,7
601,-0.9550527907605408,628.4385744289966,71661.0,7
602,-0.9550527907605408,920.2359693575082,5546.0,7
603,-0.9550527907605408,781.1426034508283,35034.0,7
604,-0.9550527907605408,719.8084230012226,16649.0,7
605,-0.9550527907605408,724.7680127416074,15564.0,7
606,-0.9550527907605408,651.00710199747,13633.0,7
607,-0.9550527907605408,761.5007608166957,22380.0,7
608,0.8125245290423861,1733.3264983093281,163152.0,7
611,-5.81757739455641,1750.1322140972202,2391.0,7
612,3.6052765857779785,1783.38448110026,59889.0,7
613,-5.733098711471873,1792.96017238505,8727.0,7
614,2.5207965717166623,1608.7282068886607,1979.0,7
615,-6.038844458952179,1591.6144743584068,6069.0,7
616,-14.59811562172851,1924.946545491631,8450.0,7
618,9.912536443148689,1841.093281446543,3457.0,7
619,-6.204173716864072,2098.060920194552,3523.0,7
621,1.2278308321964528,1692.5013846920976,3662.0,7
666,3.8791195625767503,0.0,1206237.0,7
667,0.7657081318203599,152.85662516505727,101043.0,13
668,-5.28995756718529,210.59990114656634,17509.0,5
669,2.470619658119658,126.26730219345656,14967.0,5
670,0.8849557522123894,38.78976525738715,31561.0,13
671,6.760944278550904,272.41622569327825,17843.0,7
674,0.5244113482615764,175.99466857040193,85587.0,5
675,-1.585807447358825,242.2785244368627,58714.0,7
676,-0.3144434351198378,268.3550589871775,71318.0,5
677,-0.5953584507200467,155.00632915289103,44261.0,5
678,3.1199258698812384,1108.3593322568247,177427.0,13
679,6.144826571162243,31.50487175316906,40913.0,2
680,-0.5014493108129594,191.05790450909257,40739.0,5
681,-5.527770465912082,44.2467610225848,3769.0,1
683,-5.860846752811811,246.20257615799107,17763.0,5
685,-3.8962484693309594,95.25136572916577,17854.0,5
686,9.708979871627095,28.10325754329582,40429.0,4
687,-7.22291407222914,195.2815052812904,7924.0,5
689,-0.1653185333884395,403.2888247153235,42225.0,13
690,-0.8445015604920139,110.39245119659982,13529.0,7
691,-7.54047460634287,154.10430427576776,6681.0,12
692,-4.917747410566628,163.72134209919096,11389.0,5
693,14.25351547172566,46.54815510268986,55572.0,4
694,-2.3651180217309853,418.9576644862447,21238.0,5
695,-0.914129006456036,390.5859814405727,17423.0,5
696,-5.001683258789015,164.26033816091126,10295.0,5
697,-6.090321445846708,204.59052430287545,22528.0,9
698,-6.828617401200895,213.65386854463284,12610.0,5
699,-0.813244263723497,177.77631818430882,8558.0,5
701,-2.865329512893983,302.1082813210817,13157.0,5
702,-7.557653244115188,560.3097932058572,16559.0,13
703,-2.898063757402663,92.60085009742791,11808.0,5
704,-2.16735041411874,197.65066488387208,12848.0,5
705,-2.076738001772825,243.99878289387604,39269.0,5
706,-1.2951450562462996,84.42001022924099,13436.0,5
708,-7.432795143907173,299.16544546409085,12009.0,7
709,-6.231599607458293,157.58622813027492,20200.0,12
710,-6.138204522443469,257.14012971264464,23480.0,5
711,-5.0775609074393255,157.07880363155363,10619.0,5
712,-2.608695652173913,143.8700987783913,7989.0,5
713,-8.100654946570147,180.4365191756074,5747.0,5
714,-4.5368683802199286,116.96685662105092,29400.0,5
715,-2.4132068227938355,187.02579086690818,9056.0,5
716,-8.511904761904763,445.1943964664428,8308.0,13
717,-1.7084581822004945,82.50095233931633,18911.0,5
718,-5.462368482974218,1675.2332947096572,29609.0,7
719,-4.432050196703352,192.4756370180316,9952.0,5
720,9.175769612711022,791.4791544973895,12684.0,7
721,-6.175678339136719,246.01538876027598,7536.0,5
722,0.0181666242778766,189.637684017811,27453.0,5
723,1.1123779860396563,85.79108214152018,17912.0,5
724,-9.480929910385733,202.94776142372018,11390.0,9
725,3.283720009240619,319.55830876868146,30274.0,5
726,-2.973390041025255,1018.5448995542805,13258.0,7
727,1.2097938287370094,0.0,1026912.0,4
731,-0.602704023456589,78.91854373663668,61124.0,11
734,-2.280001753847503,178.31115819818191,22642.0,5
735,-0.5316825854964586,132.8108439606048,26262.0,6
736,-4.268158069026418,88.10136245391858,13486.0,12
737,-4.194204372140315,107.61756863235085,11730.0,12
738,-0.9098714646367564,110.26252553628423,38931.0,12
739,-3.99872040946897,97.77010649499651,21697.0,12
741,1.7158042309221402,69.62362779553379,47730.0,5
742,-6.726587416642505,103.43100422455106,8527.0,12
743,-2.4668427315204458,73.61180184565674,17130.0,12
744,-4.756094524266043,87.92063469170004,19967.0,12
745,-1.9860115706761072,158.95956114518094,17213.0,12
746,-3.326346486831313,110.85271698602055,10872.0,12
747,-5.399040808707389,298.67855458125666,17217.0,12
748,-1.407923313113158,26.05763270564393,66475.0,11
749,-5.511606795486967,128.63144930470395,22949.0,12
751,-4.725401659141027,53.612787560261864,37780.0,5
752,-4.272617911809848,175.93187736770145,23944.0,12
753,-2.953001031771445,110.55409498238132,13958.0,12
754,-1.8426351582386689,96.67050620225913,26196.0,12
755,-2.971347718429431,75.07888250962228,14030.0,12
756,-1.0277721920593428,98.20611490707458,22301.0,5
757,1.7825658829344615,29.336014810518634,128718.0,4
758,-5.767301905717152,130.15250566986592,11869.0,12
760,-3.3532144133249044,129.3439889346894,18094.0,12
761,-4.435833375822159,130.05222082481384,9728.0,12
763,-0.7011877695854494,73.28508027210293,93785.0,11
764,-4.380607388062844,106.33615107428457,11783.0,12
765,-7.744660877728233,313.68743448289206,14730.0,12
766,-0.8021628687720966,166.33606566875991,50392.0,11
767,-1.6552413373100765,75.10695815363945,63686.0,11
769,-6.368074718743366,316.39069533169646,11679.0,12
770,-6.234413965087282,219.5211187537423,5543.0,12
771,-8.917129431866725,223.52359929310336,9259.0,12
773,-10.427650849443468,198.09104087980256,8439.0,12
774,-4.105517938662336,120.85303103089586,16182.0,12
775,-2.798986865862031,0.0,622782.0,7
776,1.3994762566130554,154.82313209607105,47015.0,7
777,1.417536711654359,36.56435940032307,117762.0,7
778,5.803734679673953,35.92528892039178,42502.0,7
779,-0.0644811843903949,342.47770798283096,38543.0,7
780,-2.3253462743908604,308.5809424170547,24564.0,7
781,-3.016459102572126,290.3710706694469,39685.0,7
782,-3.7433802723859646,83.46999510216277,135345.0,7
783,0.4704446337524953,93.32099102620737,39132.0,7
784,0.2288394976973025,176.1570636304634,34822.0,7
785,1.533675123789492,66.25628909968292,205435.0,7
787,-3.085918466785772,127.2042743495088,12237.0,7
788,-9.482268158543524,321.6432957602948,7793.0,7
789,-2.128728264249324,282.79697572247443,20727.0,7
790,-3.2648852994243494,248.73352186804337,17312.0,7
791,-5.326184092940125,296.3334114181281,13859.0,7
792,-8.834069505792149,156.50561280005232,11848.0,7
793,-0.5416834122560241,95.80198609007923,28474.0,7
794,18.16553510268792,38.851071726465406,41960.0,4
795,0.3064932790402382,108.17221726976673,22743.0,7
796,-14.19836956521739,244.90638567989612,7209.0,7
797,3.413825995280888,107.83388531009801,29888.0,7
798,-4.416403785488959,165.90232358652298,18096.0,7
799,-1.0722754923187956,212.15221155331452,24093.0,7
800,-3.568398462843739,195.6101719505433,19870.0,7
801,-3.468679861252806,280.92628630944034,9728.0,7
802,-6.875942903562725,196.97579039561458,17049.0,7
803,-4.918899142241554,68.18125397925498,24400.0,7
804,-2.3333671502485545,136.20196398517425,24478.0,7
805,-3.448341922259047,136.01848823101355,25893.0,7
806,-3.669638446519724,223.72191330817262,21090.0,7
807,1.943772815626037,58.28460204197027,21051.0,7
808,-3.3590445384423986,193.56185147179193,11970.0,7
809,6.36024346777266,0.0,557402.0,2
810,1.044354343285416,129.89209727086435,57014.0,0
811,-0.0758653390232337,148.8286585644733,157898.0,0
812,6.964425843578342,134.08257582495216,123138.0,0
813,1.1774331956335191,138.3891620754878,50082.0,0
814,-0.837352625937835,37.85087659323101,104095.0,0
815,-1.0628766184712144,101.01650995906553,56684.0,0
817,-1.4138740148005535,140.2856185614051,66369.0,1
818,8.468710557387729,134.82286322672098,24717.0,2
819,-1.6257810031106863,114.61862999918547,130865.0,0
820,-2.5132171784253976,44.425969086383695,114556.0,0
821,-5.4042351216993785,149.66813447350938,59801.0,0
822,-5.118678392320388,75.03327164335188,62246.0,0
823,-0.81679088694739,76.9358449434483,68240.0,0
824,-3.0630321194911883,143.85701560786345,211692.0,0
825,0.8658983262185354,167.91543845247642,57692.0,0
826,0.097131386388655,93.65189239060784,46217.0,0
827,-2.169651808292559,67.81195515250752,33305.0,0
828,-2.8183361629881154,148.99371703494504,29279.0,0
829,-3.2059727711901624,189.1087057876107,22666.0,0
830,-3.2451743229088734,178.73102484559723,106466.0,0
831,0.9348993995575688,44.834562268770945,37958.0,3
832,0.1540169546997632,44.88488208847069,77707.0,0
833,1.0910769489012295,88.8364299228105,35678.0,11
834,-3.15815586596443,99.26596461752081,52260.0,0
835,-1.7810973858086758,197.8462386731029,34715.0,0
836,-2.1175224986765486,127.60850340097676,24490.0,0
838,-4.692884902109354,139.04730116108388,20369.0,0
839,-0.9433670471064922,58.858261306310595,32211.0,3
840,-2.6671488630712896,137.82099705099327,22025.0,0
841,-2.535305640149583,8.88739553063295,165229.0,0
842,0.0105456309450994,0.0,615570.0,7
843,1.9972606573574248,272.4389911931126,235488.0,7
844,-2.280855897831856,139.91025488235616,55970.0,7
846,-5.212246431254696,172.60977582629894,21147.0,7
847,-5.073514185131497,380.85141228898664,33535.0,7
848,-5.882114315849256,320.12892141544626,24441.0,7
849,-2.199679105636354,111.76138730565408,19202.0,7
850,8.862903892240311,308.30821436865403,24386.0,4
851,-0.9199269315180107,129.9956509554067,37861.0,7
852,-16.471501128668173,165.03003674699104,13922.0,7
853,-0.4009707713411417,655.9287409950884,23555.0,7
854,23.289547908775887,718.0483644784762,6326.0,7
855,-11.545416608707749,470.75578153880036,3532.0,7
856,-2.212570679341145,321.1121018581665,36352.0,7
857,-2.243565971964696,319.89147101977005,26843.0,7
858,0.8066684592632428,653.424651583166,1859.0,7
859,-7.84979314734274,507.79033252542746,13977.0,7
860,1.4538774119765432,118.63701012304227,82380.0,7
862,0.8063321759449719,545.3054904076682,60769.0,7
863,-1.4843087362171332,800.3281501404128,18864.0,7
864,-2.52134548163429,432.8185246731313,17451.0,7
865,2.295599417901576,593.80435812209,48789.0,7
866,-8.913352272727272,813.1573684101696,28160.0,7
867,-0.865372728396588,653.7889583757947,16178.0,7
868,4.284412032816773,419.8338370210133,10970.0,7
870,-8.844269152623403,344.39019214877595,12372.0,7
871,-4.728546409807356,541.1847934216618,17004.0,7
872,9.254948434700411,593.2093797325464,35810.0,4
873,-5.044023280107447,396.67223311723967,16565.0,7
874,-4.706285029735164,443.5900601948283,11590.0,7
875,-0.9550527907605408,781.7060936848202,11287.0,7
876,-5.058337906516189,550.634603165664,20785.0,7
877,-5.024424284717376,525.669311138459,10666.0,7
878,-5.161290322580645,816.409959383411,16478.0,7
879,-4.367518602394047,557.7594857297071,9173.0,7
880,-5.823829167677748,472.524778468825,12248.0,7
881,-6.1708434384263,487.50202438046216,18390.0,7
882,-3.784230081188936,452.93731828478457,7209.0,7
883,-4.162285313704872,618.4901577497451,11318.0,7
884,-8.142529055605818,517.6711284865899,7107.0,7
885,-5.164822087349756,546.3566666587275,20859.0,7
886,-9.47205743057979,980.6274128986645,19790.0,7
887,-0.9550527907605408,541.177862561875,20534.0,7
888,-5.523428232502966,808.2790831525466,13370.0,7
889,-7.7863197319140545,673.5517536553965,5003.0,7
890,-0.651527202914344,0.0,301376.0,7
891,-0.2807950934752087,327.44233447020366,33663.0,9
892,0.776925318053802,333.1344047426693,66838.0,7
895,-0.0458260139005575,23.576447063566988,32639.0,9
896,1.156398043706735,45.60133414107758,156310.0,7
897,-0.2330148796644585,373.0266642085419,44862.0,9
898,-8.234341252699783,344.26677453183987,10925.0,6
899,-3.343903142115884,299.7182899975795,8586.0,9
900,-5.675913342393477,233.17372139672906,12371.0,9
901,-0.6110809342748506,361.27189268795667,14660.0,9
902,-5.858507330075522,375.960030621048,17807.0,9
903,1.892450577925292,336.1114974608783,17119.0,9
904,-6.718703685406581,394.0879996018193,10008.0,6
905,-6.145966709346991,390.2208086409089,9646.0,9
907,-3.83382127422278,224.23947834133375,7098.0,7
908,-3.1866731132697463,295.95961846082344,22613.0,9
909,-8.164295934685633,167.008492855912,23456.0,9
910,-3.1981147954889746,191.78598988877474,17680.0,10
911,-1.950019500195002,211.2577659304311,33077.0,9
912,4.869932930105198,1497.0957376859008,28908.0,4
913,-1.5142144212928406,408.1982509242005,23280.0,9
914,-8.158892368551179,109.17484699060644,17957.0,9
915,-6.061467064450443,292.8725311209996,10436.0,9
916,12.18518131466193,654.2367671111731,24266.0,7
917,5.256976679156646,703.7751239735488,17958.0,7
918,-2.633871523578555,0.0,465524.0,2
920,-0.5680328585161234,146.77489987891414,57030.0,3
921,-2.693282636248416,62.56559847482759,44068.0,6
922,1.4378719495147183,134.92224926298226,25039.0,1
923,-1.3047744305964386,58.92462824767205,47744.0,1
924,-2.1536176532993845,52.56102528145619,46892.0,3
925,-4.251358072717674,64.18836897496377,35860.0,1
926,-2.71275353466396,98.26029302980614,27717.0,3
927,-4.211893885419722,54.5137832319754,47528.0,2
928,14.204329083459,12.9850226125768,66669.0,4
929,-1.8953752843062923,120.031711321932,39434.0,3
930,-0.0775073631995039,100.52409612737647,19298.0,1
986,-1.139367816091954,0.0,346685.0,4
987,-2.519770507055357,55.98500911685961,51182.0,11
988,-1.1303750684783531,60.69583452271611,128879.0,4
989,-1.3796407610648518,116.40661696232577,112091.0,4
991,-0.5173705969102821,58.1988863538357,102657.0,4
992,-7.282144359104894,100.05962960683905,66875.0,11
993,-2.639376509549065,86.80657787209081,19901.0,12
994,-4.167678756344205,64.77309756822707,38749.0,12
995,2.902781422198898,36.073391004231155,30466.0,12
996,5.957077481458104,55.411484247735224,37950.0,4
998,-6.485478395708478,66.41819783879818,47188.0,11
999,-3.5838883602917853,110.7856827346822,31240.0,12
1001,1.163138764165063,65.420377189618,58074.0,4
1002,4.322036424334556,82.26482980363679,16758.0,12
1003,-3.026182613762997,29.186184768445678,48500.0,12
1004,-4.825072886297376,35.662583159596124,34005.0,12
1005,4.483870967741935,28.028751662392356,46532.0,4
1006,-4.490656537204848,64.57912641538647,30784.0,12
1007,-0.6358336267950072,0.0,1018898.0,2
1008,0.593576082207913,0.0,315220.0,2
1009,2.8529654700984537,146.03688331624443,105187.0,2
1010,-0.0544227559683622,183.0256038997379,82402.0,0
1011,-0.6238126293702327,261.0050376986807,35085.0,0
1012,-1.7766904044155123,131.35518948839007,34173.0,3
1013,-0.0337336391849952,238.18819887490721,14771.0,3
1014,3.928679359323058,88.43464462755293,24854.0,1
1015,6.473034612288704,32.19476841669515,59927.0,1
1016,-7.45240988254354,173.22830069839358,12175.0,3
1017,0.2958888850210603,57.7585521851795,28637.0,1
1018,-1.5088043169554104,160.70612293223743,27976.0,3
1019,0.4289826192848444,94.7087070337456,35986.0,1
1020,-5.675937904269081,79.84180776804634,30650.0,3
1021,-2.4614051669817263,59.069443902165204,50507.0,3
1023,1.3367609254498714,202.73553616582066,14536.0,3
1024,-3.282686175201651,123.61412402123648,15893.0,3
1025,-0.2574839750105026,132.99987773105263,36842.0,1
1026,-5.819977894445979,147.1291619579704,28608.0,1
1027,-2.466755507669625,199.76105445136523,17511.0,3
1028,-2.587820724589803,43.78437935795559,27111.0,3
1029,-0.85182173694196,274.13682711215944,12813.0,3
1030,-1.7472643840451818,146.59919722117561,28193.0,3
1031,-3.599507435824572,238.5146116537557,31431.0,3
1032,-0.5621135469364812,227.614774564175,19463.0,3
1033,1.6454749439042633,85.35309574491565,20005.0,10
1034,-3.0213382010448795,111.83905485063245,15780.0,3
1035,-4.027814221988979,137.21987001860313,37911.0,3
1036,-3.736604624929498,128.61007799460887,14070.0,3
1037,-4.738344718315122,35.51305637609713,33189.0,3
1038,-3.003891404774367,158.4490565901578,21811.0,3
1039,4.326500016295668,14.843484518819743,61526.0,2
1040,-2.8123504068932506,99.51528530028905,16630.0,3
1041,6.4800730149072105,107.83607248059258,33010.0,3
1043,0.4355558781895394,132.61806249620057,13721.0,2
1044,-2.1046992193479257,150.51077463240992,12986.0,3
1047,-1.1099072434660815,290.664609778847,18827.0,9
1048,-1.3572770933389016,321.71131328314044,9515.0,9
1049,-2.2050304593190564,306.6157287618264,13265.0,7
1051,-2.5961693874252467,301.61668755671536,49167.0,12
1052,-0.5202289007163152,355.04928213877577,12428.0,12
1053,-0.18202999854376,318.01989929093395,13654.0,9
1054,-3.423710386526412,189.00820634966445,52112.0,4
1055,-0.951970806228609,336.6967524140196,21919.0,12
1056,-2.274938027550284,146.14726273351627,31660.0,9
1057,2.4889968128699347,260.98903642088186,16433.0,9
1058,2.844343312237787,287.1317665541747,14038.0,1
1059,-1.3216012242200814,253.25553321139301,14278.0,6
1060,-1.5381460213289582,203.83433187731956,4834.0,9
1061,-0.7736221522701809,262.4213400561051,18641.0,6
1062,-2.891196601368893,348.6568910699298,8427.0,9
1063,-1.637883008356546,222.09181407991693,44621.0,9
1064,0.311448860097172,280.64187924153407,8005.0,9
1065,1.0556115349551365,390.17022870090756,10381.0,6
1066,0.7274876668106486,294.05696654953204,21923.0,9
1067,0.818833162743091,253.68655230776406,7282.0,9
1068,0.1641335390473689,227.87099166439378,15130.0,12
1069,-0.1163241566498642,270.97591578107193,12814.0,9
1070,-3.449997730264651,248.32054372288843,10919.0,1
1071,5.036723452004488,198.18549792296454,39202.0,4
1072,-2.8203131758802664,193.41148673488962,28758.0,9
1107,0.3824097095911136,0.0,358437.0,4
1108,-1.0061543105327588,60.53062514114688,29623.0,12
1109,-2.3568151792175374,84.88049035497849,74804.0,11
1110,-4.426307735342998,10.432652431499099,30181.0,11
1111,-2.0565049209224897,31.68996908470759,30506.0,12
1112,-1.1191733039861222,28.79135358742265,53312.0,11
1113,-0.2524854031876282,63.6428332459367,15732.0,11
1115,-7.479120787800722,60.24974231462512,11865.0,12
1116,-2.9298067141403865,86.0034003831007,12153.0,11
1117,3.856374760521599,2.920931569202454,40478.0,4
1118,6.146701270318263,71.22126382103073,7336.0,12
1119,-2.616907498008875,98.11433445499115,17408.0,12
1120,6.355226404940676,38.588880947311814,19537.0,12
1121,-1.3986479736254953,29.730201980372613,14905.0,12
1122,-1.273287763034446,87.06429086402088,7399.0,12
1123,-3.608637448344101,62.47224653300042,8518.0,12
1124,-1.4586372160866847,85.94487169013301,4744.0,12
1125,1.2219865350917642,45.00125389701136,21589.0,12
1126,3.388235294117647,94.13674955688137,10538.0,12
1127,0.1669978791269351,45.55064307319884,29807.0,12
1128,-6.50142218610321,50.749559422144344,9719.0,12
1129,-6.786881997423958,39.399518750587056,9988.0,12
1130,1.4511209168715018,25.40361442713264,33630.0,12
1131,-5.440948942753996,32.91028939762368,19184.0,11
1132,1.4068361817423929,79.8929721303898,19100.0,12
1133,-4.182657065240826,121.30069335130669,11464.0,12
1134,-3.292585973534475,0.0,606369.0,2
1135,0.9185938139076444,38.48119003334054,217365.0,2
1136,0.4712909065779069,464.2249534846512,220097.0,2
1137,-2.9971028006260614,231.75469493130439,29877.0,5
1138,4.501030609812528,242.91734409640637,35724.0,5
1139,-1.7764815060320829,348.3822057128111,37583.0,5
1140,-3.552337081881712,66.83237804130623,72594.0,2
1141,-1.2355400206136729,632.8604454587604,77762.0,7
1142,-0.3565564156697161,120.39952402226247,53160.0,5
1143,-0.0326765349802306,104.52539634293622,15270.0,5
1144,-2.3228803716608595,277.89211221279595,8577.0,5
1146,-3.690386071158213,432.91532816946574,47236.0,9
1147,42.78389060997757,301.5023036438678,9747.0,4
1148,-1.842355175688509,211.63661987781046,26236.0,5
1149,-0.9550527907605408,243.1313146670822,12070.0,8
1150,-0.9550527907605408,43.03378420052477,167989.0,2
1151,-3.894936582442824,483.1831974290994,14910.0,13
1152,-0.3310710147326601,966.1052000200747,3016.0,7
1153,-1.8541204516107672,253.47416988897513,15044.0,5
1154,5.281026027913994,700.8311448277499,15936.0,2
1155,-3.6932395250493975,304.1677346264876,26931.0,7
1157,-3.5779023066807256,507.1960831395625,41873.0,5
1158,-2.1248978414499304,392.35729302399994,51698.0,5
1159,-0.9550527907605408,223.61315769264615,10483.0,7
1160,0.4282655246252676,80.32952175175987,38424.0,5
1161,-3.957267208062576,313.57450574798247,69773.0,5
1163,-0.9550527907605408,73.66954079619812,47850.0,5
1164,-4.773918105957694,630.3852050950062,12734.0,5
1165,-0.9550527907605408,527.9583574545084,41633.0,13
1166,-2.1025756551775925,314.85953946901964,13291.0,5
1167,-0.9550527907605408,145.1007267968061,28180.0,5
1168,-0.9550527907605408,427.77677597395717,26448.0,5
1169,-0.9550527907605408,43.88725430454996,63683.0,2
1170,2.134016218523261,149.7937164763069,22320.0,7
1171,-3.500280886737825,126.51579166530709,11534.0,7
1172,0.5972407477454162,96.27986510648286,25159.0,7
1173,-4.743135814015632,185.30139929779304,14902.0,7
1174,-5.345147232321287,144.20747359564658,20704.0,7
1175,1.8266693728435155,79.8641511247623,29626.0,7
1176,1.9646305238640325,0.0,489584.0,14
1178,1.5324767181421666,42.13880444359422,8458.0,1
1179,6.240068214410294,30.24580617255914,12928.0,15
1180,1.4524855659246887,16.129071144029314,27486.0,9
1181,2.568493150684932,98.9732131469166,38474.0,7
1182,0.6923769300006924,37.10700904856555,7206.0,13
1183,2.625110011835756,24.609188429829327,32981.0,6
1184,5.549940903407046,31.54445264537362,29289.0,7
1185,-2.7325691305618096,40.43584183702397,28931.0,9
1186,13.66806392815658,13.374679704653424,110395.0,4
1187,1.5865608959402706,111.70613601208592,37472.0,7
1188,6.561663134114303,20.999959749300565,39588.0,4
1189,-7.005815284582628,132.96339801972033,10823.0,12
1190,11.882322063420103,34.099751935338965,21165.0,4
1191,-0.0977007750928157,103.15057166312805,15267.0,5
1192,-2.220040131494685,135.05362172646406,11632.0,12
1193,-2.854198049631333,101.90297958188205,12553.0,12
1194,-0.849095274345611,53.411059289368595,17007.0,6
1195,-0.9381380718503394,55.532455600313924,18045.0,6
1196,-2.5528112834258727,77.23069378354346,15573.0,12
1197,-2.631982979843397,82.79447879119394,45312.0,7
1198,-3.6357666599206615,0.0,351103.0,2
1200,1.692088278662767,33.470779746667915,20665.0,1
1201,6.45816034689547,111.56281731590009,5446.0,1
1203,1.8754091399656765,29.412721296810005,56426.0,1
1204,4.777489372907498,104.15926247956841,13284.0,1
1205,1.6273393002441008,139.35779677474008,9807.0,1
1206,-6.714778272425796,26.87724838945131,60240.0,1
1207,1.8327666808329792,129.8758168937692,37540.0,1
1208,2.9766567444775185,73.08051749871683,6363.0,1
1209,2.845715035079667,63.56620556529554,38129.0,1
1210,4.933872404577537,141.7553005955521,7291.0,1
1211,-0.4958116959369537,133.96062869257162,38134.0,1
1212,9.950393717994478,38.40146850051953,69194.0,4
1213,3.603456041931125,63.46784739650515,12187.0,1
1214,1.9486271036315324,64.40131269702026,11280.0,1
1215,0.7730962504831851,88.56966416595093,9032.0,1
1216,4.76107732406603,25.857012160614534,14402.0,1
1217,6.139154160982264,133.11771744022505,7334.0,1
1218,0.8958566629339306,80.61366045336186,22227.0,1
1219,4.5773573390296,53.50509623844591,16375.0,1
1220,1.5795519816197587,103.3937452089299,6942.0,1
1221,11.7211426025948,29.363608014940418,18112.0,4
1222,3.56404958677686,139.2303307179346,9685.0,1
1223,1.5016795099782652,65.03370750161476,12596.0,1
1224,-2.340117846872195,0.0,544600.0,2
1225,-1.9645661105175989,74.73972455145262,69293.0,2
1226,-0.5851154976198337,86.49284879440172,119175.0,2
1227,1.8211956640275688,31.27156737571332,45757.0,2
1228,-0.8562230289745874,34.376318629870184,29026.0,2
1229,-0.0758083797416683,46.83885786575111,85300.0,2
1230,-2.7046154014954933,79.98702717435548,90570.0,2
1231,1.509531837634548,92.50168240950747,96216.0,2
1232,-2.3260859084992527,39.35839795172217,41229.0,5
1233,0.8555991025131698,0.0,531186.0,2
1234,0.2281620406812918,21.67178315038355,43655.0,2
1235,0.1965619527536542,90.64259111608065,27901.0,2
1236,-1.6116174595728638,31.271364378575967,172618.0,2
1237,0.1079796998164345,61.72543109491489,23065.0,2
1238,0.1661310006836929,83.02321338908533,78009.0,2
1240,-5.309699183583847,76.60625274176944,24823.0,2
1241,0.0136780194227875,115.6358436944482,36402.0,2
1242,-5.5532912166293045,95.76792314921393,9689.0,10
1243,-3.8870344342937457,18.979149730862165,45263.0,2
1244,2.715390279823269,79.7890007848566,21713.0,10
1245,0.8149769477949051,78.83377237490303,21399.0,2
1246,-0.2855764212350688,155.6269222537058,50597.0,2
1247,6.2848689363101045,31.653592760860477,51873.0,4
1249,1.272725277860066,65.71717183090345,45477.0,2
1250,-4.143309773336583,124.80276423450529,48876.0,5
1251,-4.3015496608393535,129.6153699471903,17957.0,5
1252,1.2428780625869091,42.590523575698825,40525.0,2
1253,-5.909054282721389,185.04944536864122,18381.0,10
1254,-5.977081509117904,101.18361028402953,12997.0,2
1256,-0.5455012193556668,79.52256220274715,15502.0,2
1257,-0.038185428440507,72.43754291836981,26089.0,2
1258,5.281743095534582,0.0,500457.0,2
1259,-0.3955356068032124,101.30475230752981,28922.0,10
1260,-0.8472422265525714,31.619581998760466,64571.0,6
1261,0.9978252526544712,74.96405210111074,19454.0,6
1262,-3.0320455852370745,42.73908616189018,28479.0,6
1264,-9.569929666781968,114.46477055121774,4257.0,5
1265,-9.990150555790066,198.5587362037035,10517.0,6
1266,-3.027012798999769,112.35618660715785,15062.0,6
1267,-10.583657587548638,112.75722610558599,3151.0,6
1268,-7.763466337307489,217.81644517541045,19600.0,6
1269,-5.54380334087096,70.1131460599077,6778.0,6
1270,0.0441569337425209,96.63385118538943,22503.0,6
1271,-5.962884088834804,107.30682851995104,8117.0,6
1272,-4.451797262746277,96.06824880833265,16435.0,6
1273,-3.483241736976546,133.98156690682163,6384.0,6
1274,-3.88621172081455,135.41841371955383,9573.0,6
1275,4.324976740677412,45.26479142458725,19898.0,6
1276,-13.216724807153737,88.20314267395092,9945.0,6
1277,-6.161754867786345,61.78863510499922,14038.0,6
1278,-6.708282865927513,143.2786631943016,5283.0,6
1279,-6.111111111111112,246.87919169778763,12427.0,6
1280,-2.9298342264736816,132.14333777127356,19801.0,6
1281,-9.841412664492182,94.88227581037238,8746.0,6
1282,-11.491538764266036,129.76674365117404,6225.0,6
1284,-7.303534910896874,113.33737593137914,15213.0,6
1285,-5.337627290483219,164.36569765968983,33193.0,6
1286,-13.621138816524004,157.78123123885766,6571.0,6
1287,0.426049908703591,45.33390322522427,24539.0,6
1288,-10.980729895575411,42.72005630149504,9136.0,6
1289,-8.101707590676805,144.56869347709386,7903.0,6
1290,-6.435970905884946,219.28330703970096,11195.0,6
1291,-2.009329027628274,97.55306903056291,6900.0,6
1292,-7.478081485301701,114.59158279345002,5744.0,6
1293,4.606927569728581,47.84920483516672,32057.0,6
1294,-4.071906161071651,122.15431927601703,21424.0,6
1295,-10.073260073260077,86.08768254785409,4826.0,6
1296,-5.767844268204758,147.3200844076236,5475.0,6
1297,-8.576329331046313,139.19260249018444,5751.0,6
1298,-5.203285211447227,153.60549000523994,19396.0,6
1299,-9.073412152873246,129.06239626831743,7168.0,6
1300,-10.049559471365638,149.4137256225726,7140.0,6
1301,-5.345420443888715,49.269495910983125,15836.0,6
1302,-1.6687204764838777,128.04611330898484,19268.0,6
1303,1.9540139094195128,65.82419516972989,265761.0,2
1304,-2.7402037715168275,136.4593115978079,19938.0,10
1305,1.814365505709915,50.33816549733702,14030.0,1
1306,1.1160714285714286,169.56888062875504,12488.0,10
1308,-2.798800987032774,234.08821765801898,30008.0,10
1309,-6.341656757827983,180.3676072261076,4987.0,10
1310,-0.2300437083045778,145.11129890805165,8634.0,10
1311,-1.9635979155652892,176.16748700656163,6543.0,10
1312,-5.445935280189423,164.76826174870644,6258.0,10
1313,-6.873442735630209,151.17682586338285,5744.0,10
1314,-10.342679127725855,287.5663595235579,3925.0,10
1315,-10.044995743645872,73.5263261304206,40577.0,2
1316,-1.058299872381486,68.04135964474682,16012.0,10
1317,0.1497828149183683,167.66543703752131,9933.0,10
1319,-11.248185776487665,259.10376489628936,2703.0,10
1320,-0.7010866843607592,234.0753848999333,9904.0,10
1321,-4.699248120300752,51.229869788180515,27921.0,10
1322,-6.363636363636364,143.53175551989577,3257.0,10
1323,-1.4696738454581426,121.48875714437774,8787.0,10
1324,-5.725833614011451,201.13464835340295,2935.0,10
1325,-4.037840332256575,230.4045348825717,4283.0,10
1326,-9.515663423500484,182.500405213543,4593.0,10
1327,-3.6259253663695423,225.85081565812925,3269.0,10
1328,-6.754541281395502,208.66659399933766,7528.0,10
1329,-2.0793863499838268,109.15431750189103,10748.0,10
1330,-1.601993592025632,116.12110048934507,5566.0,10
1331,-3.1104199066874028,231.0002397651691,7653.0,10
1332,-4.097791359911099,227.56243589425623,7134.0,10
1333,-2.0333662905377725,0.0,302354.0,2
1334,2.3531834159398763,128.14568063038146,67884.0,2
1335,-10.517907069631208,128.11612788995797,7380.0,10
1336,-0.7435817157169693,56.48377640875491,12696.0,10
1337,-3.1076794925191424,46.63664522623265,15485.0,10
1338,-1.813459902386603,158.34770286010036,22136.0,10
1339,-1.585144927536232,109.51758774083056,6573.0,10
1340,-2.435144635808409,71.73815645840205,25283.0,10
1341,-1.7375497874842951,131.4346046605242,18565.0,10
1342,5.2097539686869245,8.740587591553476,55102.0,2
1343,-0.4717948717948718,87.22830167940425,24231.0,10
1344,-3.4432765494744477,77.90761976362134,10941.0,10
1345,-5.94157451724707,120.7137515638765,11993.0,10
1346,-4.686631185955993,95.99442135189946,12441.0,10
1347,-5.455447181352289,103.49816970901438,8983.0,10
1348,-1.923984462917922,170.24956858263013,13666.0,10
1349,-6.327091455231035,78.92634487454256,7740.0,10
1350,-6.569155760841673,63.42117336315114,9619.0,10
1351,1.293971053388287,73.65752918415136,10385.0,6
1352,-5.345117845117845,148.7535896661915,11754.0,10
1353,-8.693762225603129,163.2562120189554,4540.0,10
1354,-3.821424238748029,124.96717042936113,24509.0,2
1355,-2.06776463759704,98.02638105942819,13663.0,10
1356,0.8465250148141877,117.64531141157954,23519.0,10
1357,-4.744958481613287,81.10915686290222,15866.0,10
1358,0.7929962570576667,57.01560570424006,15694.0,10
1392,3.260271820252966,225.241249349532,50855.0,1
1393,4.090854799538161,58.90866728395031,50257.0,1
1394,0.3415646189656917,90.2070835410614,78679.0,2
1395,15.33813742302942,0.0,571142.0,4
1396,1.3202995413561398,59.70354788166306,194689.0,4
1397,1.82644912307516,35.823075719070125,261522.0,4
1398,1.2679501671660716,102.4803015334295,83361.0,4
1399,-3.6273659936542137,98.58964069741603,58942.0,7
1400,2.4556188436435478,48.86106227832327,108186.0,4
1401,-1.626580890415966,155.1068929414397,27168.0,2
1402,30.3004462636082,20.548756018955896,90576.0,4
1403,-0.0267202853726477,97.39900271170309,74392.0,2
1404,-2.352941176470588,223.0229175713243,25067.0,1
1405,1.88966135510692,64.13557865179254,56730.0,2
1406,-3.337128060894216,120.2990310123033,44406.0,2
1407,1.052647522113171,175.0603132865868,65782.0,2
1408,-5.985094157137167,46.65417370847471,130546.0,4
1409,-2.6570938134390945,36.56460307443145,63462.0,14
1410,-2.6822098867670814,0.0,485260.0,2
1411,-5.426962777604003,73.85839178836478,94902.0,2
1412,-3.984384432728297,127.2716798842126,12286.0,3
1413,4.542366301077355,22.493465729707417,77383.0,1
1414,3.194130390095033,90.67427852799815,31514.0,1
1415,-0.601489844075325,69.35079642806467,32283.0,1
1416,7.744595498105638,35.67345778147537,26993.0,1
1417,-3.4956225987277194,89.51855928095108,15713.0,3
1419,-2.122063482575169,49.54085037700277,33205.0,1
1420,1.715496653099667,108.57428199692163,14799.0,1
1421,0.3775864673010119,65.8762767604103,13181.0,1
1422,-0.8319574037809264,51.35433838516239,38865.0,1
1423,-3.4385361660321747,72.24737311549666,16181.0,1
1424,1.8447731427621736,16.416488104730636,60096.0,2
1425,6.797560161442053,95.91053370198513,16521.0,1
1426,3.070325064574297,98.91061520965852,20466.0,1
1427,2.2338427171650506,51.82705572945484,49178.0,1
1428,-1.277868406742795,57.022407800503395,18262.0,3
1429,0.8004002001000501,78.35199052777487,29850.0,1
1430,-2.282096584216726,1188.6047267030297,94768.0,7
1431,13.636363636363637,1205.2976457455943,8658.0,7
1432,-4.002287021154946,1372.2399168769073,4345.0,7
1434,-5.777675063554426,1282.6602043043372,2145.0,7
1435,-13.937566223816122,952.241374139645,6026.0,7
1436,-0.99009900990099,1015.6466258688857,3016.0,7
1437,8.895265423242469,1193.7224579595515,7006.0,7
1438,-6.660561152277079,1078.6149004084948,5934.0,7
1439,2.540544555083172,0.0,554248.0,4
1440,-2.814902424600828,7.65590656784085,20981.0,4
1443,0.6253582781802074,3.2412116859906064,57434.0,4
1444,-2.9199400952118,3.458905723889591,119089.0,4
1445,9.864702478971028,19.31111668444228,226573.0,4
1446,-0.4992410187215382,78.45448773213099,74032.0,4
1447,5.449078451493792,69.21876133012168,111759.0,4
1448,1.4415884672922616,12.559579933915543,110083.0,4
1449,5.304024496937882,54.47641807600754,36618.0,4
1453,-2.0926521750503544,27.267794698935848,171213.0,4
1454,-0.3178976369608986,75.8019933328112,65747.0,4
1456,0.2693495649562969,9.745891302755386,226007.0,4
1457,24.44902848960438,3.84576515223303,72311.0,4
1459,15.795806249006803,0.0,335991.0,4
1461,-1.091281397330652,11.272014203063998,81143.0,4
1463,6.264316384922949,48.49415141544621,61079.0,4
1464,6.342143961389088,8.708857145083648,66526.0,4
1465,11.888374594698751,0.0,364888.0,4
1467,16.094420600858367,0.0,309564.0,4
1468,7.636927929990587,23.817120031030477,198501.0,4
1471,5.572995496758039,41.27582270128628,122210.0,13
1472,1.9446370533969088,0.0,350634.0,4
1473,7.061423604560279,38.914812066146446,37221.0,15
1474,3.252956059276088,55.292680168238675,19342.0,1
1475,-2.2423515829670086,2.387449598255754,112070.0,4
1477,5.583893291171802,36.469564476755465,79874.0,4
1478,-0.1283340106517228,72.80268915684212,23278.0,4
1480,2.72000067682754,48.66039899227727,118129.0,4
1481,-3.719389005824225,17.441111867766395,58677.0,4
1483,-7.922310247891643,26.807083341745237,21254.0,4
1484,1.5704255819261388,17.745767420992383,146643.0,4
1486,2.13650051309658,94.10367924925035,29743.0,4
1487,3.775476110925493,52.92088242660531,29930.0,13
1488,-1.8024620443088744,29.626334252211954,150729.0,4
1489,0.9241930639310552,67.21729222618288,64721.0,4
1490,3.3481865027009534,27.243572872139456,160755.0,4
1491,-0.5742228901126759,41.40818152066869,163081.0,4
1492,2.189186094289929,50.98043425638125,148545.0,4
1493,24.788856328024952,0.0,327211.0,4
1494,2.739413308982993,62.47000789088464,21886.0,1
1495,3.301846007522373,74.78918345195565,92529.0,4
1496,5.823777155014172,27.478364599185998,220062.0,4
1500,6.510037174721189,0.0,338109.0,4
1501,-1.7750926473794026,39.00752713136506,207827.0,4
1504,1.6512446646103998,71.4788134883965,64165.0,4
1506,0.8518956081504878,584.7398278598462,266681.0,7
1507,-0.4843363561417972,461.4444156919001,48277.0,9
1508,-1.4549074410858205,433.31677553715315,25984.0,9
1509,-0.1803838568473712,516.784165074212,41427.0,9
1510,-0.5014236851059257,498.9122364718836,27867.0,9
1511,-0.3826530612244898,481.8526948613857,15634.0,9
1512,4.081632653061225,539.2379194315981,16803.0,9
1518,-0.7064908850059926,500.67647684802455,39330.0,9
1519,-1.0343121823987047,586.9024945063387,33201.0,9
1520,8.932150014314344,368.9937790547052,8770.0,9
1521,-14.064394002291484,674.8148454380275,29632.0,9
1522,17.387571106579372,288.15819364792463,4698.0,15
1523,-0.6367024490739427,0.0,1228702.0,2
1525,2.362107713811108,38.137153926837854,117552.0,2
1526,-0.7429216080125471,154.26735330136668,72393.0,2
1527,0.8607299166707232,23.007099738654873,225251.0,2
1528,0.3537123213476439,128.734520965287,45056.0,1
1529,-1.6805512208004223,115.05092777241617,20671.0,1
1530,0.7150184972176454,86.25039198688557,16026.0,1
1532,2.2761259676284307,79.86345574565108,45405.0,3
1533,-3.4941329856584096,186.91681025828058,28511.0,10
1534,-0.3195259396967408,126.74042440976795,17117.0,1
1535,2.30372281607077,108.20544124732456,10807.0,10
1536,0.9396533723115472,66.47067379582383,19063.0,10
1537,0.1121704991587212,116.85678401631444,22161.0,3
1539,0.6275905351071387,35.810831524487554,72219.0,2
1540,-2.52584029448022,33.16991179824038,57639.0,2
1541,-1.4169150339571015,94.75425067334673,10172.0,3
1542,3.8414782397276928,74.94462644025216,10258.0,1
1543,0.9650274067783524,105.98602039853169,12910.0,10
1544,-0.7491197842535021,89.63769694677033,13290.0,1
1545,1.8033800494641383,149.38138628900265,9653.0,3
1546,2.9199690125737443,91.05957424925921,16730.0,10
1547,-0.7941550190597204,201.22181941030425,12521.0,3
1548,-2.53068016362754,164.96009710645575,14309.0,3
1549,3.107662787302382,54.75316699639045,47925.0,1
1550,-0.1109385400488129,93.2627220241505,13399.0,10
1551,1.5795341922695738,119.23832336630731,16072.0,10
1552,-1.6924812801312956,121.87204228393423,9681.0,3
1553,1.7407738983388044,50.641368544963825,80149.0,2
1554,0.1968891514077574,52.49547149431506,20224.0,1
1555,3.696180613366189,136.08926995054802,14998.0,1
1556,0.0924043614858621,96.38171420099721,10775.0,1
1557,-1.6309412861136998,103.25409731674381,17091.0,3
1558,-1.6893250744107473,129.08017036981485,18535.0,6
1559,0.9802225681831286,130.48148028125746,8617.0,3
1560,-1.7039272443595903,36.863844749877394,121424.0,2
1561,-0.4244400285532382,101.07489675487231,25751.0,3
1562,-0.8021468366245661,80.68512002495865,34099.0,2
1563,0.1464390894742836,58.63014424123164,91822.0,2
1564,0.4394638540980005,101.1080241549223,18104.0,10
1565,-0.1955034213098729,68.26075740029597,25420.0,3
1566,-1.1121821012827169,126.38698908254571,26797.0,10
1567,-0.0368391969055074,125.4296437817733,13501.0,3
1568,2.122162760656948,72.37563761117443,16175.0,1
1569,-0.2118756290057736,107.22005105901917,9400.0,3
1570,-0.1414827391058291,143.9174901989261,7029.0,10
1571,-2.4594706941942635,162.00957965037514,14347.0,3
1572,-0.5895278417921647,173.3156568234804,27897.0,3
1573,-1.14512221977538,117.4597911852515,11304.0,3
1574,2.3574513087159605,121.3917223288638,22629.0,3
1575,1.3085509201379926,132.18873346014007,222340.0,2
1577,0.941129851152884,206.9254094298893,60283.0,1
1578,0.2975645486174693,204.44272435083022,21712.0,1
1579,1.7100280933186758,201.5695737265258,4071.0,1
1580,-0.4693121969025395,221.27006844364192,9515.0,10
1581,-3.277962347729789,191.28744439751657,11189.0,1
1582,1.7522955071143198,173.82046649693527,7088.0,10
1583,0.8337754870006823,146.1036140249993,13111.0,1
1584,-2.6307644692045806,234.91536484487742,3202.0,10
1585,-2.575031077961285,192.6474102917144,5580.0,6
1586,2.800683397954487,130.73765587452908,64120.0,2
1587,-6.01109319926774,207.84293887558815,18071.0,10
1588,-0.9051724137931036,203.96638020857117,11516.0,6
1589,-0.4926782537293007,196.32448773940948,18158.0,1
1590,0.1541782300339192,248.04790392958162,3220.0,10
1591,-0.8305647840531561,178.17563509549913,10758.0,10
1592,0.0,208.88679056913873,37508.0,3
1593,-0.7561436672967864,238.49849260372272,13129.0,10
1594,-1.49460873278531,263.22462964043876,4643.0,1
1595,-0.1626412946247052,97.58479149021427,18345.0,1
1596,4.057462441057133,155.57274041756196,9113.0,1
1597,0.624007972619509,0.0,1633851.0,2
1598,1.7790740065621582,28.52401101350373,102760.0,2
1599,2.089302243575616,46.4934021447695,56654.0,2
1600,5.743221380961626,18.92314072708988,31050.0,4
1601,0.311332503113325,16.68502244995034,20883.0,14
1602,-5.082276006681594,298.76800960774165,13948.0,10
1603,0.1676359463049169,304.6889769441626,38628.0,2
1604,-0.6317244102260389,103.33050623272752,25205.0,2
1605,-4.242567089801003,247.17804487037512,14721.0,10
1606,-3.0520014086160345,218.3628716996205,12663.0,10
1607,-4.476540394442333,278.4144768115679,11725.0,10
1608,0.1451081482493128,49.01236194429044,58382.0,7
1609,-0.8597444214310836,335.2804843191005,38279.0,5
1610,0.0354962373988357,167.14845777531747,14001.0,10
1611,-1.884627990822681,101.61677715740736,24293.0,10
1612,2.9108053966110696,63.98299814302627,45219.0,10
1613,-0.9083830781209448,183.47090126490943,11493.0,10
1614,-2.2272118205193205,269.41373043352405,27453.0,10
1615,-1.2887673265031756,294.4510653431987,53654.0,2
1616,-2.877331715242029,264.93689183712405,25382.0,10
1617,-5.514807257486351,303.69555117259347,8984.0,5
1618,1.188682048778417,109.92442443095582,23528.0,10
1619,0.9370222419490062,54.65232872486,40479.0,10
1620,10.301653076683152,8.468921696443475,170131.0,4
1621,1.5719073464424471,105.29070296639284,33623.0,10
1622,-7.704785077047851,303.91679236659735,7319.0,9
1623,-1.5230949288955156,112.28630327685958,31042.0,10
1624,-1.4395914819643632,156.6740919669244,36645.0,10
1625,-1.8425289174677324,89.74282395409094,53463.0,10
1626,-4.219409282700422,189.7902817904832,11277.0,10
1627,-2.420405883448148,179.00494026208003,10681.0,10
1628,-3.594219907577202,233.5307186486306,20323.0,10
1629,0.7427077292474235,90.20633638249198,49025.0,10
1630,-2.4842484248424843,196.97486657465492,13809.0,10
1631,-1.9652543039069257,111.56282511286523,18959.0,10
1632,-0.7425560449253178,0.0,1104485.0,2
1633,3.60082304526749,43.591149082147375,25339.0,10
1634,-1.1781283928942687,145.6220741256258,21499.0,10
1635,-2.8862478777589136,227.66534565083046,5838.0,10
1636,-3.321438374965688,71.39809364475249,18069.0,6
1637,-3.200731595793324,247.4399131661454,9777.0,10
1638,-4.900373160599873,130.95881013016373,35262.0,10
1639,-5.113231534388578,87.86457390109133,35486.0,10
1640,-8.839094696543182,156.23750931506694,8763.0,10
1641,-0.4085230815541078,47.75781831170644,23179.0,10
1642,-0.7022745893644415,184.89272262885487,12735.0,10
1643,-0.7836069427575129,63.01857346212534,38168.0,10
1644,1.283088888450226,54.33806050241307,25313.0,10
1645,-3.774225811930328,94.41116790614713,26392.0,10
1646,-3.438228438228438,196.43460359503857,16992.0,10
1647,-4.983434950861661,151.49360395877298,17786.0,10
1648,-1.7877458150495693,117.66052850961033,12230.0,10
1649,-3.681669673769932,130.75216686211115,20369.0,6
1650,-4.139877685432022,95.04919392096032,15856.0,10
1651,-2.490502321654706,121.28190052073467,11776.0,10
1652,0.1538675349428208,13.52545194560388,100576.0,6
1653,-0.6562990440861749,91.85651567982013,17473.0,10
1654,-5.227005281738322,133.7617430844783,18147.0,10
1655,-3.783783783783784,141.12207557141716,15619.0,10
1656,-3.5151591237210478,86.50509009785449,15815.0,10
1657,-4.993301668493484,264.59248360481956,8137.0,10
1658,-0.8826257367680939,56.95015945431619,33312.0,10
1659,-1.635925421781535,292.0790454984962,39838.0,3
1660,-5.511354218465108,306.39548993832824,11958.0,10
1661,-5.77929819105375,125.2950692923831,19114.0,10
1662,-9.86150778681899,337.57934906911566,9157.0,2
1663,-6.072914799992036,134.3262270799326,24866.0,10
1664,-2.570081076784484,78.51429322799916,18767.0,10
1665,-1.107711831758334,0.0,550344.0,2
1666,-1.1681498630078797,198.6758558064179,23381.0,6
1667,-2.850767019896952,154.40837038821766,42519.0,2
1668,1.340816257255683,151.8987323052893,88339.0,2
1669,-3.141494435612082,220.72309435118652,39040.0,1
1670,-0.4930115611211083,180.39692344313235,40357.0,11
1671,-0.8627773212818406,189.83048308465004,24149.0,1
1672,0.6840031125279249,239.07878351552327,79410.0,2
1673,2.15841677637963,234.37411205674437,190318.0,2
1674,-6.479884899671612,62.094231084730296,45181.0,3
1675,-3.1924976305681647,139.6530091420743,39845.0,6
1676,-3.2452999104744853,265.55710398240814,17793.0,1
1678,-11.289024991565672,213.29940140296688,18976.0,3
1679,-4.655663955221929,99.99936429349357,19016.0,6
1680,-4.084172857754094,112.6440837070232,12753.0,3
1681,-4.119108260227023,187.64462332057192,15753.0,6
1682,-5.047271083656636,106.84542360872159,13156.0,6
1683,-8.052263749620176,167.88069192808717,16252.0,3
1685,-5.155605549306337,191.78828831782752,10558.0,10
1686,-9.385286006583044,288.1516924739262,11105.0,10
1687,-2.2862999389006053,78.9685421696779,25229.0,6
1688,-11.86134496744947,142.454469946049,14438.0,3
1689,-2.754175212423088,157.1603790652741,16960.0,10
1690,-4.933519944016795,150.25499719980664,14152.0,6
1691,-5.431131019036954,208.74042035285981,8826.0,6
1692,-4.926316679704843,216.78406539554652,23447.0,10
1693,-5.3817981739713545,94.10450720848631,28827.0,6
1694,-1.862359959260876,81.36978011798709,17079.0,6
1695,10.508464439954375,14.26134301899449,118373.0,2
1696,-9.937112956651143,187.4590063100638,20575.0,3
1697,-1.9342359767891684,51.15320111100123,20288.0,10
1698,-0.1543150341422013,178.47935206610208,12885.0,3
1699,2.734248167199276,52.247002358453386,29252.0,6
1700,-0.9390729471865374,98.75373659630274,39786.0,6
1701,-9.522839537607576,295.68980817375814,9689.0,1
1702,-2.3960925260344665,177.6435745006955,10754.0,1
1703,-3.5286168322530598,143.79223457249208,19856.0,10
1704,-4.449029595718615,175.56782708497025,30816.0,2
1705,-3.197209707891295,111.75697431438653,17089.0,6
1706,0.9395027346240312,136.84545005006623,14855.0,6
1707,-2.780800592150944,170.75888948354967,292406.0,2
1708,1.5416598537758983,137.15811827495003,42694.0,3
1709,-1.842957667820842,123.44340555475658,35554.0,11
1710,-3.807820933081686,125.61932459128114,14977.0,1
1711,-2.600691236354926,159.48042515235156,14493.0,1
1712,1.763582031058639,215.70486658271977,10168.0,1
1713,0.4314270648578687,238.23076123484128,10381.0,1
1714,-0.7527068496323316,153.68369824525954,8587.0,3
1715,4.904260309608086,158.22872238278129,11724.0,1
1717,0.1212366134572641,179.51037940405408,12286.0,1
1718,-0.2932551319648094,132.0947577987106,5084.0,1
1719,4.946514291283901,210.92057898324265,20537.0,1
1721,1.834401791920908,135.7289564810043,25788.0,3
1722,1.7670682730923697,205.37481830184825,9312.0,1
1723,-3.00507858280494,128.59159437681888,16482.0,3
1724,2.485638532920901,140.63156653991456,9028.0,1
1725,-5.591657850989875,136.44986092557244,6534.0,1
1726,-1.259743327297063,167.650328655966,69588.0,4
1727,1.1333585190782018,182.20865301561795,11873.0,1
1728,2.769564729218908,191.50266950677232,13337.0,1
1730,1.2972692482324706,233.42577790133262,7678.0,6
1731,2.977222800323737,178.1865536839592,17284.0,1
1732,0.1271455816910362,165.62664844830883,7819.0,3
1733,-2.8933707769551527,201.68074763125477,5835.0,1
1737,0.8085761235295652,187.2989705416687,19102.0,1
1738,-0.2946375957572186,188.09286944464708,13474.0,3
1739,0.272451011212407,177.69536626036714,23699.0,3
1740,-2.0395721332372667,89.4695479432532,44901.0,2
1741,0.9727626459143968,153.3945870225691,7153.0,3
1742,2.730014750886154,107.10856642168906,45419.0,0
1743,1.6063826939037775,190.47116356087528,18592.0,3
1744,-2.037392138063279,39.95636564976782,8268.0,3
1745,0.0,140.76629804996458,48394.0,3
1746,-0.2009343447028683,145.44593189989533,9895.0,3
1747,0.1453629227638337,163.0992288220961,20513.0,3
1749,1.9784568036931196,119.14112228654622,11327.0,3
1750,-1.0790225325293556,53.82621456143855,15623.0,3
1751,1.2489851995253856,123.61825146646412,7959.0,3
1752,-3.452340855506905,89.08684749501562,23532.0,3
1753,0.2039671612870328,108.14359332862222,9756.0,3
1754,-1.5555639867966764,154.96272300648425,13081.0,3
1755,0.9092180724576864,116.93977120222219,35595.0,1
1756,0.9569896356216822,67.0784844799945,27530.0,3
1757,1.5726889144610663,151.71652522736838,12972.0,1
1758,3.835264806915556,130.98645197202143,66409.0,2
1759,0.0448752468138574,162.56173734314288,44283.0,3
1760,-2.162598049996334,110.24345639066385,13512.0,3
1761,-2.6560424966799467,131.10799731427562,10833.0,3
1762,-1.528752302928149,209.7089570765317,12659.0,3
1763,-0.2770274949788766,143.2714887336754,14346.0,3
1764,-3.275387574247431,235.15015769698124,187129.0,2
1765,1.044151874515111,195.628604835816,85442.0,2
1766,-4.47393555522043,283.34548911866807,9802.0,6
1767,3.956193670090128,195.01001236591185,19020.0,2
1768,-7.769337016574585,174.18585348620695,8544.0,10
1769,-3.374870197300104,243.2555259943597,11451.0,10
1770,-0.8002636162500588,207.67682105193154,10547.0,10
1771,-3.5805219605346914,324.79086642595723,6202.0,10
1773,4.49438202247191,248.88641187161866,7535.0,1
1774,-2.930846554438658,194.9336510035191,20417.0,3
1775,1.680998254347967,294.24042602919207,7682.0,10
1776,-3.4675566728793727,223.2063751331102,11427.0,10
1777,-3.999596679326455,291.1433753274719,14690.0,10
1778,2.284900925197588,284.60045709513696,26618.0,10
1780,-5.246561191757734,257.38957053476634,18184.0,1
1781,-9.507070384277382,141.4171584438139,6131.0,9
1782,-5.151515151515151,225.18840130284357,14635.0,10
1783,15.578861623052642,223.90752670757368,44749.0,4
1784,-7.06544107559336,242.43560501385844,7174.0,10
1785,-4.867533551213406,311.5754610056941,7103.0,10
1786,2.1937842778793417,321.73419114158946,9542.0,1
1787,-1.515397521242626,266.23961635418567,18348.0,1
1788,-6.293888166449935,178.92291210876337,9467.0,10
1789,3.908313087567339,139.1035740464121,4720.0,1
1845,0.7645787343635025,0.0,520509.0,2
1846,-0.2709635463708949,111.87848138952698,27537.0,3
1847,-5.089538171536287,146.18278357759834,21220.0,3
1848,0.4693733865289838,94.12664098560938,25424.0,1
1849,-2.9484792054624456,157.91088941435365,6377.0,1
1850,-6.190752563358483,39.942637343764886,7676.0,12
1851,-1.9112627986348123,171.89250218271096,7264.0,1
1852,0.3508253628272831,112.73639576690597,26914.0,1
1853,1.8940302085830736,66.80718651646751,20755.0,1
1854,0.7564296520423601,77.3385823407489,21723.0,1
1855,0.562535158447403,111.56267467962495,10602.0,1
1856,0.5581247010046245,70.05479792086517,31192.0,1
1857,-0.8589015603378346,107.1306982423739,10428.0,1
1858,3.792393542095568,128.68997726974953,4600.0,1
1859,-0.4500300020001333,57.15674238990822,29852.0,1
1860,-2.777168749543229,106.82186300946282,6799.0,1
1861,4.0300844520882,22.252726084752524,38941.0,1
1862,1.0586137731223533,108.8040407063975,26812.0,1
1863,11.76938053800612,10.74589533331332,63439.0,4
1864,0.3332963004110654,95.6779710513108,8943.0,1
1865,-0.724787740733071,135.49391099603375,14373.0,1
1868,5.03180674589376,52.928983238015114,24415.0,1
1869,-1.281024819855885,46.93296588832944,15533.0,1
1870,-2.380080556572684,111.35940691205742,8122.0,3
1871,-2.1680622009569377,117.19000733814298,6634.0,1
1872,0.6622678996296205,156.20513620614278,20266.0,1
1873,3.1385140509972373,83.60284232329903,34446.0,1
1874,0.6091869700288621,0.0,1159044.0,2
1875,-2.577809907921772,41.45471074615391,52171.0,2
1876,1.3772195755738414,28.40242080428282,57721.0,2
1877,0.5561257248593254,32.00397807987733,98550.0,2
1878,-2.5700526486513464,95.96866873904185,19887.0,1
1879,-0.0107255858851289,79.35733327632708,46480.0,2
1880,-1.2050793193999785,128.06740588427687,27685.0,1
1881,-1.1793970064759618,116.50646650212698,162372.0,2
1882,-4.257148362806278,57.03338529408372,674630.0,2
1883,1.7970884268954572,43.67498673615894,68824.0,2
1884,-2.1278607906184983,105.5316761135666,10499.0,11
1885,-4.630973610362322,64.66731050339729,35844.0,1
1886,3.520992001224693,80.49326122996013,13052.0,10
1887,-1.3928740563278268,98.34594172996546,17856.0,3
1888,-3.9801284099822793,138.3410648151325,17085.0,1
1889,-3.829787234042553,109.29114616869452,22166.0,1
1890,11.954263972201192,21.225640971482573,130495.0,4
1891,-5.1526821066334,72.72698917662123,9128.0,1
1892,1.902834008097166,126.65271980410854,12310.0,3
1893,-2.336448598130841,159.79000918438723,10431.0,3
1894,-0.0821773716389454,45.89146896869498,30309.0,1
1895,-2.414097348169208,88.53178498701533,40596.0,1
1896,-4.046427430518582,158.72751843231742,13967.0,3
1897,-4.313650306748467,109.63498251703854,20672.0,3
1898,-3.2388918587465803,64.94966958303777,15788.0,1
1899,-0.852242462980718,39.7694098511697,56124.0,1
1900,1.859113562155322,72.99586732415264,31958.0,1
1901,2.405250317836649,102.33271036919291,14513.0,1
1902,-1.259763164525069,128.86610137250196,25635.0,11
1903,0.3000161547160231,103.51468713377284,21590.0,1
1904,-1.4607369874582037,92.28467342619268,43600.0,1
1905,21.614057810955057,53.90769535271261,88162.0,4
1906,-1.8748135838766031,114.92380076995615,23295.0,2
1907,-0.5047477838417617,99.99956967908574,15789.0,1
1908,-2.12890155547162,139.224776744531,14451.0,3
1909,-0.987751876728566,153.09591751449094,12565.0,3
1910,0.826553015627018,94.60179539909933,19272.0,1
1912,-0.8138351983723295,107.69264227805901,4872.0,11
1915,-5.284934459858837,201.36316396733227,14280.0,3
1916,-4.9872720660813545,156.62100442684647,19018.0,3
1917,-4.108816898065741,71.57959937884182,33425.0,3
1918,-5.931080840631857,95.06415478403768,24991.0,3
1919,0.8187929150769889,127.9844539304052,200241.0,2
1920,2.1350892946223685,180.3541487459058,99921.0,2
1921,-0.1514080952861613,123.406314843824,9850.0,3
1922,-0.0247662683425174,123.9666638735371,80407.0,2
1923,-0.8254987388213711,67.0922097916245,10854.0,1
1924,-7.188347310675326,181.36817243374753,15660.0,3
1925,-3.160429417076352,148.5020620250941,9856.0,3
1926,-1.9196782253641291,115.59402347267554,16296.0,3
1927,-5.675005994724643,131.29875620203032,30920.0,3
1928,-2.056949261918206,125.47196838579417,12313.0,1
1929,-4.581880240409586,105.23095067202577,26679.0,3
1930,0.331858407079646,66.74617954807462,40536.0,3
1931,-3.520261972984036,65.69797235768702,30318.0,3
1932,-9.24576936008069,172.89182594973428,8776.0,3
1933,-0.807637947445845,57.618956814526925,17228.0,3
1934,-0.7461844810981059,67.32643960738538,57354.0,3
1935,-1.7110074814640857,69.36165540612545,14824.0,3
1936,-2.8471227091032505,158.56120373856757,26367.0,0
1937,-9.619710024568326,208.40605346656724,14262.0,3
1938,-7.673904211619194,156.9197482940984,10960.0,3
1939,-1.3354995043506994,86.3006312470464,36094.0,3
1940,-0.4116779306322686,108.45554742276613,14503.0,3
1941,-0.8327385201046872,163.58468128252224,54377.0,3
1942,-3.4717992447313923,57.1535534051237,16346.0,3
1943,0.2462144527883787,209.47385367554048,12117.0,3
1944,-0.8226373953119579,167.3518020339382,50179.0,3
1945,-1.932608085782862,154.98314574863332,15904.0,3
1947,-2.8688439390474607,41.01963634235401,23861.0,3
1948,-2.737259139204034,33.18755981128661,27609.0,3
1949,-1.725851158412217,199.83960042974036,9477.0,3
1950,-6.112984822934233,88.46570728466226,16427.0,3
1951,-2.4529844644317254,169.898867714492,20628.0,1
1952,0.3765775324020407,0.0,304713.0,2
1954,-6.729948269800612,581.7072919022644,9868.0,7
1955,3.482741346819017,596.8024683469699,20975.0,7
1956,6.772009029345372,580.8785644208455,22145.0,7
1957,-0.3769412474242348,658.0368665469709,39675.0,7
1958,3.604382929642445,1120.1674959925153,6956.0,7
1959,-11.664358095793542,566.7970515552311,6778.0,7
1960,5.559048343866848,551.3680851945869,15099.0,7
1961,-21.200791730811524,683.2775649565148,11222.0,7
1962,-8.697287386582671,747.8642676123114,21086.0,7
1963,0.2448100274187231,650.4546020115354,20376.0,7
1964,-22.00539755034254,1423.3625124967493,2378.0,7
1965,-2.0366598778004072,613.0667039609742,11238.0,7
1966,0.3641439582448261,522.5117905747599,8177.0,7
1967,-1.6682306328849963,612.4154474456623,14336.0,7
1968,-18.11928014249739,519.6577502955245,16020.0,7
1969,-1.1835756122727683,538.5994524824835,32754.0,7
1970,-2.264118082466147,993.021421137299,11480.0,7
1971,-0.8873319222005579,0.0,1580109.0,4
1972,1.908907424069256,123.54814835744172,41048.0,11
1973,-0.4107207671881865,111.40256397196445,52119.0,5
1974,1.4190945151142116,66.04181701239786,58293.0,11
1975,1.6808488286584726,63.14259395251429,9499.0,12
1976,4.930346447834287,75.92457445849116,15137.0,12
1977,-0.5789860587963596,38.20080645358667,76770.0,4
1978,0.3211230130513567,95.3293023417939,43489.0,11
1979,14.618805023014705,39.433030149201656,90810.0,4
1980,6.175923890232447,23.572720061220355,25139.0,13
1981,-0.1661602734523357,96.00745433877186,41952.0,12
1982,3.404989800721795,44.60905411750173,31897.0,12
1983,-4.480027747268628,366.0697068076107,17176.0,13
1984,-1.8928363424577752,394.31051461498436,3418.0,13
1985,0.3967602473594921,160.19169656820256,36505.0,11
1986,0.3108666168873717,95.77135030408921,163501.0,11
1987,-1.13598271816455,132.8800154791903,26765.0,12
1988,-0.3880696307794655,214.96030123296106,26968.0,12
1989,3.2639738882088944,248.6794440413263,8570.0,12
1990,-0.6862795877143005,105.09153122582528,38418.0,12
1991,-0.7970634504457262,49.22057216190596,23721.0,12
1992,1.452696568004358,61.06608232443697,10991.0,12
1993,0.4402340013037699,225.30617033474053,58850.0,13
1994,2.7486881261216234,85.48887079097786,21994.0,12
1995,2.444761602706417,166.0077293958306,37866.0,11
1996,-1.3447568346919536,53.52950381104885,35844.0,12
1997,1.421548303026713,74.73523620560664,8418.0,12
1999,2.794647175794056,68.06479464885061,37190.0,11
2000,-2.26683261254324,0.0,333179.0,4
2001,0.4284227920925393,104.32982721387694,16275.0,12
2002,-3.598994997623305,114.4822993188358,21907.0,12
2004,-0.8299961368843398,52.717695774290604,130039.0,11
2005,-2.1298283706398604,47.63153820712801,59979.0,11
2006,-0.9667823500247892,43.6230846104133,60262.0,11
2007,-2.261014131338321,28.37570302116641,14941.0,12
2008,2.9658213891951486,80.24776206015443,45338.0,11
2009,2.4113475177304964,287.81522713130056,35125.0,12
2010,-1.7446535219244792,236.78216860692007,98415.0,11
2011,1.375338462199682,95.5238236551661,46498.0,12
2012,0.4333119007016857,109.43154557461189,35602.0,12
2015,-2.0457463709765173,153.363493879286,22842.0,12
2016,-9.076682316118935,197.91176694128052,4718.0,12
2017,-2.031346464063091,133.59019475142557,24973.0,12
2018,-1.1260443152924084,123.7981715093531,13693.0,12
2019,-2.675555289826911,49.735131082608895,33349.0,12
2020,-3.410716250412587,33.60219043172502,4522.0,12
2021,-2.4867312474483168,149.64905292058933,13374.0,12
2022,-8.901476835929596,294.4070832046382,2442.0,12
2023,-0.7287930803014903,167.50550368677355,26013.0,12
2024,1.6661302232235833,85.64057636795714,26362.0,11
2025,0.1090893223371296,171.35125880791793,22803.0,12
2026,1.955371520588912,58.66257449961523,4346.0,12
2027,-2.2056506669467493,92.76580081190359,9456.0,5
2028,1.9230769230769231,163.94326230553838,18687.0,5
2029,-1.7715395359929138,57.90730780870521,29192.0,12
2030,-0.4310112601691719,147.40335397453836,18498.0,12
2031,-3.863464372485761,205.5763935475262,12459.0,12
2032,11.90660036445625,42.195456984379675,65368.0,4
2033,9.707907454133345,23.056408715728903,23609.0,4
2034,-0.3133499617713047,111.39205015856997,39733.0,12
2035,-1.7972056351092816,60.25606421230783,17096.0,5
2036,-0.9256921652781284,163.1719454233386,23655.0,5
2037,2.3963133640553,64.54407712800021,16263.0,12
2039,-0.0691467293597012,117.14096396841501,14422.0,12
2040,2.6564632481965296,131.65162701656192,20537.0,13
2041,-0.8113070583714078,81.21156351135,11664.0,12
2042,2.0418240294663232,87.54497685608837,37356.0,12
2043,-10.30738082090926,193.9071819212095,2677.0,5
2044,-0.7345146510012974,0.0,310645.0,4
2045,-0.96696212731668,107.288086648894,24684.0,4
2046,-1.1215162900241125,100.27832340455198,8848.0,3
2047,0.3484840941902723,144.39820099746174,69941.0,4
2048,-4.784568507466445,117.82292256775563,39257.0,4
2049,0.4384042086804033,53.057315572647575,3397.0,12
2050,1.4846432216757912,70.88704739255962,10717.0,12
2051,-3.637510513036165,85.29562532829074,23563.0,12
2052,-2.686025408348457,68.01607826201757,13641.0,12
2053,-4.9321266968325785,87.86138908773347,10930.0,11
2054,-2.5430359937402187,137.58417617857089,5052.0,12
2055,2.760492209797408,28.56435697334307,10664.0,12
2056,-4.99127737933708,45.823661758732456,10187.0,3
2057,-0.510073960724305,54.889709700001,7769.0,6
2058,-6.702506458144243,159.71300235031683,7059.0,12
2059,0.1839512733515922,58.74512173586571,24335.0,12
2060,-2.384579717824733,109.06155650609172,59934.0,12
2061,-2.539974358354097,63.35923043154247,20478.0,3
2062,-0.6081876009491715,101.10745190469248,49887.0,12
2063,8.347108790651237,14.021310221042176,61413.0,4
2064,2.744967559474297,153.9043522742297,11980.0,12
2065,-4.525964745116722,102.7332637125235,4146.0,1
2066,-4.840051425546396,125.69464409810818,6524.0,12
2067,-1.7755133549482784,73.74430079042612,6419.0,12
2068,-5.117707267144319,115.41938205639465,7716.0,1
2069,-5.132962275819419,101.85374092184674,7974.0,6
2070,0.4990443830961988,66.50668712699847,46827.0,11
2072,-0.5658775818164671,212.4843681557335,15827.0,3
2073,1.3349352556401015,128.25498301224144,26128.0,1
2074,1.1963133329963436,68.24010613015817,88785.0,0
2075,0.7158196134574087,174.38307294822678,38294.0,3
2076,-0.8227023099771352,154.39704286278194,46633.0,0
2077,3.077056427147439,192.80805843455454,22986.0,3
2078,-0.7858783702091646,168.87576867432958,8210.0,6
2079,-3.994386267947749,207.97927347080025,9164.0,0
2080,-0.0200056015684391,158.82578326463587,24844.0,3
2081,-4.594291502369497,116.97576932105646,13674.0,1
2082,0.3796618089424958,200.24312740242874,17016.0,3
2083,-2.098606525267223,198.4157165919622,17742.0,3
2085,1.0396168269409276,94.82876736671129,13380.0,3
2086,0.2579604997984683,178.25331515953664,30838.0,2
2087,-3.6074368698547774,212.70598005089997,10669.0,3
2088,-5.465710703147606,88.31685653198343,15378.0,3
2089,0.2306611587577848,83.53975768030439,23709.0,3
2090,-1.867379444180001,53.30091658909621,13536.0,3
2091,0.0,186.36326812567793,10656.0,3
2093,2.1628904726447544,168.9865039249371,14028.0,3
2094,-1.4106784080707904,144.19881207995618,11610.0,3
2095,-0.7957559681697612,131.4684034547746,24282.0,3
2096,-1.7978336104993484,113.41446700664399,11015.0,3
2098,0.6293474660483604,124.84581979881173,15011.0,3
2099,2.2263249348392704,191.2418385561599,9170.0,3
2100,0.0,226.69871811707682,9405.0,1
2101,0.3708849290244639,0.0,412994.0,2
2105,-3.2116374628064044,174.14509732728052,20992.0,1
2108,-3.878255412613744,60.60678887641054,39503.0,2
2109,-3.326557013491037,134.8172964576189,29515.0,1
2110,-10.864072764022234,215.93732172660086,9731.0,1
2111,-1.8336416447603283,105.32167308861186,30567.0,1
2112,-3.063725490196078,130.79287403799464,4852.0,1
2113,0.6401628311611569,165.9497370565215,30273.0,1
2114,-2.864434144054997,192.77332649271497,9486.0,1
2116,-7.621189405297351,122.76175117978602,3931.0,1
2117,-1.2872684992940786,148.4076691757126,11945.0,1
2118,-1.0853961696019048,101.38926605442396,14191.0,1
2119,17.17422247223572,8.1216201805647,59603.0,4
2120,-3.860399603526528,108.52726411669478,18994.0,1
2121,0.1094379268079145,108.18405749489557,22713.0,1
2122,-0.0687426960885406,115.52436853897495,7244.0,1
2124,-0.60669410190999,48.31421926016647,67829.0,2
2125,-0.9322922736277824,159.95461196640403,8508.0,1
2126,-0.9070473636471192,109.3234389569494,12610.0,1
2127,-5.425655600051673,155.88689403313927,3827.0,10
2128,-2.6906378034611387,51.85397540326248,24344.0,10
2129,-2.515090543259557,110.14666892475239,13807.0,1
2130,-1.0757025682398815,153.01666879525123,3690.0,1
2131,-1.5898943700315802,169.46925254888265,22742.0,1
2132,-0.8296943231441047,164.95670080999838,11371.0,1
2133,-1.0798075979189163,207.46883595135492,5051.0,1
2134,2.7342695112071294,50.20897905918674,14777.0,10
2136,-2.789256198347107,173.18705242092216,4788.0,10
2137,-2.103154732098147,149.70053702209054,9920.0,1
2138,-0.2314100586238815,129.85940317029412,6439.0,10
2139,-4.47585394581861,80.67952813994005,8413.0,10
2140,-1.9565269261053184,75.2196641386894,20834.0,1
2142,-1.9953339882121808,206.59602606181588,16137.0,1
2143,-1.635528716109958,151.636172202516,7887.0,1
2144,-4.085306257339137,0.0,565753.0,2
2145,0.1901140684410646,333.5633904288883,2626.0,10
2146,-5.811567534650974,226.83858349374364,37478.0,9
2148,-6.632478632478633,313.8869792336186,7233.0,7
2149,0.49359818116549,96.45905094769309,33342.0,10
2150,0.7582853829341184,221.8147282390764,11191.0,10
2151,-3.3418314614483564,280.77146058173327,14438.0,10
2152,3.1199131850244166,126.84344583303229,11051.0,10
2153,0.2003147803691515,407.0880020670457,17438.0,2
2154,-0.8397135095085206,95.27982149770696,20183.0,10
2155,-2.5188138395685566,254.00134819733668,32143.0,10
2156,1.2857735379510578,100.39276937556254,12022.0,10
2157,0.8237232289950577,144.17321274378372,12103.0,10
2158,-1.3583384453597405,337.81850785405413,11379.0,10
2159,-5.240490317140018,168.24393537807384,16471.0,10
2160,5.116675711295449,220.45177978567494,6463.0,10
2161,2.144428975614137,9.34114115163996,89298.0,2
2162,1.9307504183292568,206.66355396617183,11633.0,10
2163,-0.7587061531069017,81.42028574235297,19646.0,10
2164,0.1970738693927626,0.0,538297.0,2
2165,1.4041824577491526,36.023959558968684,69514.0,2
2166,2.353266888150609,30.207744572641914,3607.0,1
2167,-1.7957906666773085,59.28058451287026,62255.0,2
2168,2.2704784790444554,109.92636770551427,56354.0,2
2169,1.3983220135836996,59.31322753156039,129639.0,2
2170,-1.37324910738808,102.77188843733911,1811.0,1
2171,0.7075600065313231,88.54462788194408,9159.0,1
2172,-0.6989059433886187,86.85388236213994,18494.0,1
2173,2.777076495834385,71.91289666138688,49454.0,2
2174,1.852559767106772,47.97020310781396,33948.0,1
2175,0.1088139281828074,89.34824919287672,13746.0,1
2176,0.4053780149989865,37.4662563261364,14743.0,1
2177,3.8521233427454793,48.53281946298707,26774.0,2
2178,-2.501525320317267,109.54421109642713,8141.0,1
2179,3.7824324149276554,85.2479252780249,38587.0,1
2180,3.180072453899164,34.232553050874,73376.0,1
2181,2.015845483099714,106.69668870676732,10641.0,1
2182,5.342605156037992,62.75459743388808,11804.0,1
2183,3.806591324355417,69.192928217776,29592.0,1
2184,-2.9510415017202414,49.59791918456697,34424.0,1
2185,2.022017524151876,74.13561660011091,11101.0,1
2186,3.643783704999271,58.448960419629536,75414.0,2
2187,-0.9564670838684994,97.01176342036067,18218.0,1
2188,-1.9782055477675584,36.904350816296905,101699.0,2
2189,1.9066717072930195,42.070053091979375,30348.0,1
2190,1.6857767970939863,0.0,861098.0,2
2191,0.4111538664277054,106.06694484876901,47394.0,10
2192,1.9458431739524384,268.70660660033263,67329.0,10
2193,-1.714357868562659,202.22102618997008,102733.0,2
2194,2.5175974926784157,74.2949244079479,38970.0,10
2195,-1.4696451474989312,231.36814028865447,18641.0,10
2196,-0.2679672008146203,155.99813033342195,9306.0,3
2197,-1.797425309691523,208.21968782667204,10235.0,10
2198,-5.4242002781641165,202.8662357042291,10693.0,10
2199,-1.397506847783554,248.8349720160898,17835.0,10
2200,-3.591637583437807,268.99781203340046,14670.0,10
2201,-1.025312399871836,192.53658730381568,23386.0,10
2202,-0.5767012687427913,69.44316019410567,25979.0,10
2203,1.1142159810406425,256.50649459087794,28178.0,10
2204,-0.949857521371794,248.20078966147997,19959.0,10
2205,1.809186235415744,55.97740898558987,27122.0,10
2206,0.4071329696278805,150.398638975704,18399.0,10
2207,-1.618646811265782,213.7891158010175,10763.0,10
2208,-6.014714569571988,262.2772182789008,9230.0,10
2209,-2.6197260777645,178.61056875390966,21652.0,10
2210,10.814926572711698,12.072252304486113,143580.0,4
2211,1.8496180136710896,292.6903361083885,18683.0,9
2212,2.6321901370287217,104.81333247760452,19403.0,10
2213,1.079427903211298,132.014814998743,11096.0,10
2215,-0.2803657694962042,106.1411623774881,23139.0,10
2216,6.125940672724892,234.93289351764776,111772.0,13
2217,8.279494215425006,123.98042419856141,63963.0,13
2218,5.927093326024393,90.56357681937747,44157.0,13
2219,4.289715617088208,140.04770056400156,59715.0,13
2220,4.950750757909877,54.64087956788831,126690.0,13
2221,3.9523570451673216,169.81200839461061,290535.0,13
2222,2.078722731583939,426.7537887369205,63466.0,13
2223,7.845651311170132,117.64708434742556,16556.0,13
2224,0.272334525828454,72.84392876094473,40530.0,13
2225,7.937123790309172,228.56846467137086,45574.0,13
2226,12.084106444574724,0.0,420347.0,13
2227,2.94556165678752,328.5944993395229,41356.0,13
2228,6.590103283490057,453.74938285824913,39233.0,13
2229,-6.843933865251323,373.1685942429122,28479.0,13
2230,3.405770033618246,636.1758859933718,22821.0,13
2231,0.0328504319831805,307.9853682650789,30387.0,13
2232,4.592592592592593,133.20843750189937,47486.0,13
2233,2.1632124352331608,333.0598053575496,38693.0,13
2234,1.4181081502259625,403.13885689373404,32120.0,13
2235,0.0,479.6497670834026,46492.0,13
2236,5.659871973540681,21.96386316080312,129992.0,13
2237,4.011824324324324,254.30469522508747,19022.0,13
2238,2.3792747807084726,654.9809278162512,49236.0,13
2241,1.5453325861395557,283.4949412901664,29581.0,13
2242,-4.36687354320537,556.5163119919631,106890.0,13
2243,5.049639276495913,236.0802403010238,102938.0,13
2244,-6.700758243695997,579.3409131704307,5640.0,7
2245,-9.477268236331302,517.5705890525114,65345.0,13
2248,-2.776998597475456,992.9899685926307,17876.0,13
2249,-2.07843351747525,606.4659633312405,9162.0,7
2250,-1.974881969944765,994.9777089014387,16268.0,7
2251,0.5255109528791846,0.0,632771.0,2
2252,-0.2610475793561742,79.49191779265428,108804.0,2
2253,3.0908226343319067,19.130743779819632,16791.0,3
2254,-2.450313095562211,109.99887145031681,7275.0,3
2255,-2.280873248615184,110.70310275039154,34969.0,10
2256,-1.7663561112458006,87.71034717415641,14314.0,10
2257,-0.7670770528899629,77.19135055527175,25875.0,3
2258,-2.409883057253748,91.24861928684018,19556.0,10
2259,-0.5540626644873535,89.36656116506636,17939.0,10
2260,-0.6508786862264057,49.17537206967301,19862.0,10
2262,-2.924113408814448,149.87420041993823,21200.0,10
2264,-2.047185120459368,129.60529093352724,19921.0,10
2265,-4.703668861712135,161.20002197958485,11582.0,3
2266,0.7962487835088029,147.04304002446378,11246.0,3
2267,-1.0699652913698166,49.90158780844846,19008.0,10
2268,-4.80644994573363,179.16613938997406,9545.0,10
2269,-3.7788520460270982,63.769022365760115,14556.0,3
2270,-2.94944783592839,96.8682021318652,14437.0,3
2271,2.282664609053498,61.94430743486831,15507.0,10
2272,1.6021514605327152,11.994600349972348,34931.0,3
2273,3.390788358293303,40.17075436170834,23007.0,3
2274,-0.8178286648947045,34.2488838297579,38945.0,3
2275,-1.6863206297744298,0.0,1177058.0,2
2276,-0.3153517157104282,89.73281045594946,25205.0,10
2278,-5.916030534351145,86.40955359463393,10372.0,10
2279,-1.4556484236681662,16.130243056734603,147109.0,2
2280,1.0615853904349812,87.71477721612766,37146.0,2
2281,1.1394060906879226,0.0,408715.0,2
2282,1.9538408970894288,88.47602513811125,160837.0,2
2286,1.4088737591898617,120.7147963858199,69845.0,2
2287,-1.5567687452017402,146.25928697491668,23326.0,10
2288,2.160794455826868,69.95529198149673,44648.0,2
2289,1.2988925936340872,83.97907184323681,37265.0,2
2291,0.4246885617214043,23.128115315302257,31761.0,10
2292,1.4216986760431078,49.2776414217641,39383.0,6
2293,-2.731639350273164,102.75164579688884,54113.0,10
2294,-2.4059958267683004,138.14887102596475,23380.0,11
2295,0.539351947890304,146.7091243924172,24054.0,10
2296,-3.572165684982615,63.71385360019321,31251.0,10
2297,3.6765871129282752,50.66647520504723,47326.0,10
2298,2.708203670372925,46.48873136134261,29743.0,11
2299,-0.5637173130241708,99.29233390947775,43290.0,10
2300,-3.3888491536391814,86.40639277565121,29118.0,10
2301,-3.048491848597883,137.96554436504664,26222.0,10
2302,-7.610116073487586,75.62285206149114,19276.0,3
2303,-2.745010091948868,30.981496731325784,55417.0,2
2304,10.22651632813603,50.848533257633534,49996.0,1
2305,-1.122334455667789,76.24291675694082,27505.0,6
2307,-2.2609819121447026,54.57929969265731,16951.0,10
2308,-1.9971676531464468,109.0942861338424,13666.0,10
2309,-4.046369203849519,120.56840232764009,18139.0,10
2310,-1.007857172240734,111.23265390418416,24231.0,10
2311,-0.6052902366684825,154.78480055027745,74031.0,2
2312,25.058429245491027,14.963888888938747,93044.0,4
2314,1.1932596952350238,76.45770964078035,30982.0,6
2315,-2.01450443190975,121.23463224239784,20981.0,10
2316,-0.4540057274568694,68.0762055953527,28564.0,11
2317,-6.32247919806067,107.13905031273895,15114.0,10
2318,-0.2380812234739301,0.0,567443.0,2
2320,-1.0268425315284044,77.31398298798116,171810.0,2
2321,-3.861633851843794,52.892563962196775,9122.0,10
2322,-0.3369556060988965,62.32506481047041,11831.0,10
2323,4.486400598186746,143.12694368091843,5332.0,1
2324,-3.2517613707424853,33.430842639916484,23809.0,10
2325,3.730706395845017,56.241889107809435,20497.0,10
2326,0.613528298992791,92.97691015109955,9732.0,10
2327,-0.878927708196001,99.59511280936682,9051.0,10
2328,-0.8242234947076176,121.88178748867912,11435.0,10
2329,0.4599933556515294,31.628015328320757,19480.0,10
2330,-2.493173453638846,101.11438217420745,8362.0,10
2332,-2.624416796267496,116.68812760174309,10190.0,10
2333,0.3951143254711309,67.12343279962919,57986.0,10
2334,3.533368604035976,83.89418332947315,26409.0,2
2335,1.285751021457756,38.571213071514954,52373.0,2
2336,0.0538189959528115,92.39683474303604,46215.0,2
2337,15.632000448028672,2.2715588152849318,72442.0,4
2338,-3.293624013379889,161.76419171757567,67788.0,7
2339,-5.278095902006672,161.15199516810745,9980.0,7
2340,-3.6355373778686655,215.877486296823,15325.0,7
2341,-2.2631196891412952,241.26024589941375,23265.0,7
2342,-7.165605095541402,281.6039281931909,7462.0,7
2343,-0.4078303425774878,87.8324167966225,21982.0,7
2344,-0.7468259895444362,2355.367289386187,13412.0,7
2345,14.467253176930596,1403.7322568762768,5197.0,7
2346,-1.6324309617739083,2703.9057648806483,3657.0,7
2347,-14.828544949026876,2014.5688773391464,4779.0,7
2348,11.842483472262144,2164.2114796715314,8790.0,7
2349,1.6499381273202254,1710.7057005495328,7279.0,7
2351,-0.9550527907605408,0.0,22743.0,14
2352,-0.9550527907605408,0.0,22743.0,14
2353,-0.9550527907605408,0.0,22743.0,14
2354,-0.9550527907605408,0.0,22743.0,14
2355,-0.9550527907605408,0.0,22743.0,14
2356,-0.9550527907605408,0.0,22743.0,14
2357,-0.9550527907605408,0.0,22743.0,14
2358,-0.9550527907605408,0.0,22743.0,14
2359,-0.9550527907605408,0.0,22743.0,14
2360,-0.9550527907605408,0.0,22743.0,14
2361,-0.9550527907605408,0.0,22743.0,14
2362,-0.9550527907605408,0.0,22743.0,14
2363,-0.9550527907605408,0.0,22743.0,14
2364,-0.9550527907605408,0.0,22743.0,14
2365,-0.9550527907605408,0.0,22743.0,14
2366,-0.9550527907605408,0.0,22743.0,14
2367,-0.9550527907605408,0.0,22743.0,14
2368,-0.9550527907605408,0.0,22743.0,14
2369,-0.9550527907605408,0.0,22743.0,14
2370,-0.9550527907605408,0.0,22743.0,14
2371,-0.9550527907605408,0.0,22743.0,14
2372,-0.9550527907605408,0.0,22743.0,14
2373,-0.9550527907605408,0.0,22743.0,14
2374,-0.9550527907605408,0.0,22743.0,14
2375,-0.9550527907605408,0.0,22743.0,14
2376,-0.9550527907605408,0.0,22743.0,14
2377,-0.9550527907605408,0.0,22743.0,14
2378,-0.9550527907605408,0.0,22743.0,14
2379,-0.9550527907605408,0.0,22743.0,14
2380,-0.9550527907605408,0.0,22743.0,14
2381,-0.9550527907605408,0.0,22743.0,14
2382,-0.9550527907605408,0.0,22743.0,14
2383,-0.9550527907605408,0.0,22743.0,14
2384,-0.9550527907605408,0.0,22743.0,14
2385,-0.9550527907605408,0.0,22743.0,14
2386,-0.9550527907605408,0.0,22743.0,14
2387,-0.9550527907605408,0.0,22743.0,14
2388,-0.9550527907605408,0.0,22743.0,14
2389,-0.9550527907605408,0.0,22743.0,14
2390,-0.9550527907605408,0.0,22743.0,14
2391,-0.9550527907605408,0.0,22743.0,14
2392,-0.9550527907605408,0.0,22743.0,14
2393,-0.9550527907605408,0.0,22743.0,14
2394,-0.9550527907605408,0.0,22743.0,14
2395,-0.9550527907605408,0.0,22743.0,4
2397,-0.9550527907605408,0.0,22743.0,14
2398,-0.9550527907605408,0.0,22743.0,14
2399,-0.9550527907605408,0.0,22743.0,14
2400,-0.9550527907605408,0.0,22743.0,14
2401,-0.9550527907605408,0.0,22743.0,14
2402,-0.9550527907605408,0.0,22743.0,14
2403,-0.9550527907605408,0.0,22743.0,14
2404,-0.9550527907605408,0.0,22743.0,14
2405,-0.9550527907605408,0.0,22743.0,14
2406,-0.9550527907605408,0.0,22743.0,14
2407,-0.9550527907605408,0.0,22743.0,14
2408,-0.9550527907605408,0.0,22743.0,14
2409,-0.9550527907605408,0.0,22743.0,14
2410,-0.9550527907605408,0.0,22743.0,14
2411,-0.9550527907605408,0.0,22743.0,14
2412,-0.9550527907605408,0.0,22743.0,14
2416,-0.9550527907605408,0.0,22743.0,14
2422,-0.9550527907605408,0.0,22743.0,14
2423,-0.9550527907605408,0.0,22743.0,14
2424,-0.9550527907605408,0.0,22743.0,14
2425,-0.9550527907605408,0.0,22743.0,14
2426,-0.9550527907605408,0.0,22743.0,14
2427,-0.9550527907605408,0.0,22743.0,14
2428,-0.9550527907605408,0.0,22743.0,14
2429,-0.9550527907605408,0.0,22743.0,14
2430,-0.9550527907605408,0.0,22743.0,14
2431,-0.9550527907605408,0.0,22743.0,14
2432,-0.9550527907605408,0.0,22743.0,14
2433,-0.9550527907605408,0.0,22743.0,14
2434,-0.9550527907605408,0.0,22743.0,14
2435,-0.9550527907605408,0.0,22743.0,14
2436,-0.9550527907605408,0.0,22743.0,14
2437,-0.9550527907605408,0.0,22743.0,14
2439,-0.9550527907605408,0.0,22743.0,14
2440,-0.9550527907605408,0.0,22743.0,14
2441,-0.9550527907605408,0.0,22743.0,14
2442,-0.9550527907605408,0.0,22743.0,14
2443,-0.9550527907605408,0.0,22743.0,14
2444,-0.9550527907605408,0.0,22743.0,14
2445,-0.9550527907605408,0.0,22743.0,14
2446,-0.9550527907605408,0.0,22743.0,14
2447,-0.9550527907605408,0.0,22743.0,14
2449,-0.9550527907605408,0.0,22743.0,14
2450,-0.9550527907605408,0.0,22743.0,14
2451,-0.9550527907605408,0.0,22743.0,14
2452,-0.9550527907605408,0.0,22743.0,14
2453,-0.9550527907605408,0.0,22743.0,14
2454,-0.9550527907605408,0.0,22743.0,14
2455,-0.9550527907605408,0.0,22743.0,14
2456,-0.9550527907605408,0.0,22743.0,14
2457,-0.9550527907605408,0.0,22743.0,14
2458,-0.9550527907605408,0.0,22743.0,14
2459,-0.9550527907605408,0.0,22743.0,14
2460,-0.9550527907605408,0.0,22743.0,14
2461,-0.9550527907605408,0.0,22743.0,14
2462,2.3863699428381158,0.0,107571.0,15
2463,2.125154480777581,0.0,119585.0,15
2464,4.939574790575562,0.0,73857.0,15
2465,-6.151419558359621,0.0,12454.0,15
2466,4.188411858478958,0.0,164715.0,15
2467,5.153855995905703,0.0,125062.0,15
2468,3.559244572267437,0.0,108666.0,15
2469,4.984570234834865,0.0,89438.0,15
2470,0.5920455172621407,0.0,99348.0,15
2471,5.005122064168472,0.0,107461.0,15
2472,11.938052542479152,0.0,40122.0,15
2473,2.559128857701309,0.0,134308.0,15
2474,1.3063203544717934,0.0,84957.0,15
2475,4.677721143299568,0.0,92805.0,15
2476,4.6463303133571605,0.0,60396.0,15
2477,4.089699993734444,0.0,87933.0,15
2478,-11.194611011603458,0.0,25182.0,15
2479,-3.912316917330188,0.0,75669.0,15
2480,-3.25496412279322,0.0,82363.0,15
2481,-3.878423561915324,0.0,151447.0,15
2482,-4.40444600380833,0.0,145961.0,15
2483,-4.1177933520061,0.0,122058.0,15
2484,0.7080620734417717,0.0,126535.0,15
2485,5.640261377966296,0.0,65316.0,15
2486,-2.1935801658320337,0.0,151931.0,15
2487,-3.9982177569761808,0.0,126309.0,15
2488,-1.3105137525937252,0.0,128029.0,15
2489,-0.9094821275670688,0.0,112388.0,15
2490,-4.193208786110665,0.0,111926.0,15
2491,14.975854230758696,0.0,110660.0,15
2492,19.27560464404305,0.0,43049.0,15
2493,10.8450013750553,0.0,42047.0,15
2494,3.9316959407070944,0.0,81833.0,15
2495,10.05598296069554,0.0,43190.0,15
2496,2.3161588367455126,0.0,79896.0,15
2497,7.09401827940585,0.0,72173.0,15
2498,1.232936163497199,0.0,101167.0,15
2499,12.26049648144114,0.0,106612.0,15
2500,3.5885803827496647,0.0,103496.0,15
2501,-1.5682174594877156,0.0,84743.0,15
2502,4.039034312419789,0.0,103676.0,15
2503,9.3522906793049,0.0,55420.0,15
2504,33.495972738537795,0.0,13337.0,15
2505,6.662840316422528,0.0,60149.0,15
2506,5.662318351962792,0.0,57677.0,15
2507,12.585451145622107,0.0,82774.0,15
2508,5.526730141285626,0.0,96233.0,15
2509,11.159112056360495,0.0,75533.0,15
2510,0.1216521644481153,0.0,77681.0,15
2511,3.820833408075771,0.0,55741.0,15
2512,24.40938852088678,0.0,88627.0,15
2513,3.844207442611924,0.0,158797.0,15
2514,-1.1444425177735391,0.0,71703.0,15
2515,1.1011390276823985,0.0,84105.0,15
2516,3.2806855667927075,0.0,83136.0,15
2517,9.58967643367709,0.0,36742.0,15
2518,-1.9714892326357296,0.0,62191.0,15
2519,0.6377943074936989,0.0,64840.0,15
2520,4.932550304289348,0.0,187737.0,15
2521,5.001247912146985,0.0,52115.0,15
2522,-2.710811011843269,0.0,60013.0,15
2523,4.597461149713286,0.0,129632.0,15
2524,8.505533557622059,0.0,55740.0,15
2525,10.5340687198109,0.0,88150.0,15
2526,1.6321020366013992,0.0,98861.0,15
2527,16.21358039741558,0.0,33298.0,15
2528,3.562825413979608,0.0,198194.0,15
2529,9.848575353921513,0.0,67364.0,15
2530,4.373873087884604,0.0,172055.0,15
2531,7.091129473872034,0.0,163074.0,15
2532,6.290914984739723,0.0,182497.0,15
2533,5.447495608326431,0.0,110486.0,15
2534,5.394431554524362,0.0,112628.0,15
2535,4.22390870817638,0.0,36246.0,15
2536,1.3252246528092948,0.0,111289.0,15
2537,10.34476478408946,0.0,55293.0,15
2538,10.706493013674494,0.0,36947.0,15
2539,4.478818465840816,0.0,45851.0,15
2540,0.0890828916306623,0.0,55635.0,15
2541,10.104788945376646,0.0,127506.0,15
2542,2.8458673781335118,0.0,134759.0,15
2543,4.738052442376824,0.0,75735.0,15
2544,2.2008946185036766,0.0,105094.0,15
2545,-1.889804230959764,0.0,27022.0,15
2546,1.3516618402886305,0.0,241326.0,15
2547,-3.745491537963562,0.0,32161.0,15
2548,-1.9818214222063804,0.0,139880.0,15
2549,3.809276654509729,0.0,109711.0,15
2550,10.924222610104016,0.0,184071.0,15
2551,2.7894515364953243,0.0,272278.0,15
2552,22.056696557709,0.0,112860.0,15
2553,14.71057884231537,0.0,50637.0,15
2554,0.7230416694475962,0.0,89544.0,15
2555,7.860923543050334,0.0,108657.0,15
2556,-0.7293124883750526,0.0,101550.0,15
2557,8.706348006541788,0.0,73112.0,15
2558,8.235645880418247,0.0,114228.0,15
2559,1.603913797374288,0.0,80493.0,15
2560,-0.4882674575792425,0.0,123288.0,15
2561,5.0536581518989,0.0,152544.0,15
2562,7.185271341556732,0.0,65708.0,15
2563,-1.5602942269113604,0.0,87044.0,15
2564,-3.0394092899459086,0.0,87258.0,15
2565,3.1561580948282044,0.0,97516.0,15
2566,3.4628004405136297,0.0,131899.0,15
2567,2.438006952491309,0.0,107951.0,15
2568,9.704714705202916,0.0,211116.0,15
2569,8.153332688950927,0.0,176505.0,15
2570,1.3048249811773414,0.0,156160.0,15
2571,0.2859710760683062,0.0,85308.0,15
2572,-4.734035507719176,0.0,101271.0,15
2573,-0.2339885011365156,0.0,104272.0,15
2574,-5.481415483546069,0.0,51291.0,15
2575,5.278535328028611,0.0,133658.0,15
2576,-4.7411232463556185,0.0,86969.0,15
2577,-4.525645323499832,0.0,83390.0,15
2578,4.523668479724272,0.0,120779.0,15
2579,-3.844888427272903,0.0,77073.0,15
2580,-2.956943244996478,0.0,124886.0,15
2581,0.2135462920906521,0.0,146959.0,15
2582,-1.4805917362127714,0.0,119021.0,15
2583,-0.7844559820436665,0.0,109640.0,15
2584,-3.4681670226607637,0.0,111983.0,15
2585,-5.025509230397333,0.0,156092.0,15
2586,24.88826815642458,0.0,37824.0,15
2587,11.345162013678664,0.0,71615.0,15
2588,-1.623287077531658,0.0,62771.0,15
2589,6.812735900768978,0.0,64390.0,15
2590,-4.672432647380456,0.0,19919.0,15
2591,2.8809548307439035,0.0,14565.0,15
2592,20.34460835551341,0.0,47195.0,15
2593,7.755474452554744,0.0,12040.0,15
2594,17.259598450158506,0.0,5747.0,15
2595,4.0620553541102495,0.0,21756.0,15
2596,7.405978784956606,0.0,13029.0,15
2597,18.921120230562,0.0,16230.0,15
2598,-4.947265412634555,0.0,9107.0,15
2599,13.519972384737258,0.0,114244.0,15
2600,-5.57096678053142,0.0,21590.0,15
2601,34.55646597791236,0.0,23187.0,15
2602,48.48508225492276,0.0,27069.0,15
2603,21.95047850524077,0.0,6688.0,15
2604,17.73234428641491,0.0,33033.0,15
2605,19.634388348861457,0.0,122303.0,15
2606,48.255404135338345,0.0,17811.0,15
2607,10.482965181579932,0.0,13360.0,15
2618,-1.7986787886715938,229.4625170655123,15147.0,10
2619,-1.3406672115040266,90.84265309675956,54039.0,2
2620,-1.639401444068506,198.87951785955374,99951.0,11
2621,-1.7378510712248982,150.16663168249784,147365.0,11
2644,4.378809757388036,43.94088246932096,181687.0,4
2646,12.00102266266251,32.14100235813409,132477.0,4
2647,1.6496025127524625,37.69814689745591,82139.0,4
2648,10.798197731047097,19.219607344118756,72040.0,4
2649,-0.91957080580545,17.825931538394443,218279.0,4
2651,1.0809373938921325,0.0,482184.0,4
2652,1.8946279403607689,54.110842941228,240323.0,4
2710,-3.5193525631584253,114.15670196035418,63833.0,2
2808,-1.5887976930937462,56.823037387927684,213701.0,4
2809,-0.3863259915298026,65.51446094223803,103245.0,11
2813,-0.4971304253664491,82.58782815188243,101188.0,4
2814,1.577596467779795,0.0,300898.0,4
2872,-2.235247367375323,697.2588062554997,10095.0,7
2876,-0.9387950509417872,144.90763054956145,133451.0,0
2879,12.204512763886266,378.85405592963747,34958.0,13
2880,4.738422988579598,693.1668108620004,31295.0,13
2881,-3.6552031021549807,129.59174413148762,109591.0,0
2882,-3.33205877533184,431.8854443593172,36676.0,13
2883,0.8162403011446571,77.88720073704799,51679.0,2
2884,-1.7743466824386374,120.17629062283784,63768.0,2
2885,1.7217324190340486,149.90032051503886,50562.0,5
2886,-0.5350332972849906,125.52739306737573,43671.0,12
2887,0.0164921776537376,0.0,937364.0,2
3005,0.1103018479006456,90.81190540392807,144670.0,2
3007,0.6001154068090018,42.53708251434232,43200.0,1
3008,0.1154463625376553,3.81874494845844,277185.0,4
3009,-1.3249460286939547,123.18589141045801,288947.0,2
3010,-2.2831663488140967,116.20628251911447,74458.0,2
3011,-0.11496324283344,120.21441606873866,160367.0,2
3012,-0.4783926008611067,118.70143782180337,24970.0,10
3013,11.356510353857283,18.001368567069935,135509.0,4
3014,5.572995496758039,42.21653282341917,122210.0,13
3101,-0.9550527907605408,155.86572734295333,36129.0,1
