territory_id,year_from,year_to,oktmo,municipal_district_name,municipal_district_name_short,municipal_district_type,region_code,region_name,municipal_district_center_lat,municipal_district_center_lon,pop_2023,pop_2024,cons_food_2023,cons_food_2024,cons_health_2023,cons_health_2024,cons_cafe_2023,cons_cafe_2024,cons_transport_2023,cons_transport_2024,cons_marketplace_2023,cons_marketplace_2024,cons_total_2023,cons_total_2024,cons_months_2023,cons_months_2024,has_consumption
1,2018,9999,79-701-000-000,городской округ город Майкоп,Майкоп,городской округ,1,Республика Адыгея,44.6062079,40.104053,163766.0,161898.0,9039.0,10192.0,1347.0,1500.0,1326.0,1656.0,1894.0,2105.0,3640.0,5314.0,25029.0,29230.0,12.0,12.0,True
2,2018,9999,79-703-000-000,городской округ город Адыгейск,Адыгейск,городской округ,1,Республика Адыгея,44.8833775,39.1909625,15614.0,15661.0,7015.0,7652.0,1224.0,1242.0,1161.0,1192.0,1347.0,1196.0,2991.0,4536.0,19249.0,21639.0,12.0,12.0,True
3,2018,9999,79-605-000-000,Гиагинский муниципальный район,Гиагинский,муниципальный район,1,Республика Адыгея,44.8755853,40.0564982,31933.0,31872.0,8502.0,9626.0,936.0,953.0,420.0,421.0,826.0,759.0,3290.0,4866.0,19536.0,22221.0,12.0,12.0,True
4,2018,9999,79-615-000-000,Кошехабльский муниципальный район,Кошехабльский,муниципальный район,1,Республика Адыгея,44.8964998,40.4963631,30153.0,30319.0,8099.0,9188.0,1108.0,1227.0,551.0,743.0,1664.0,1855.0,2664.0,4333.0,20077.0,23948.0,12.0,12.0,True
5,2018,9999,79-618-000-000,Красногвардейский муниципальный район,Красногвардейский,муниципальный район,1,Республика Адыгея,45.1443556,39.5861478,31977.0,32095.0,8233.0,8799.0,916.0,947.0,330.0,405.0,1360.0,1440.0,3188.0,4818.0,19200.0,22358.0,12.0,12.0,True
6,2018,9999,79-622-000-000,Майкопский муниципальный район,Майкопский,муниципальный район,1,Республика Адыгея,44.5093616,40.1762144,58793.0,59156.0,8877.0,9920.0,893.0,1067.0,769.0,1046.0,1678.0,1905.0,3780.0,5798.0,22268.0,26763.0,12.0,12.0,True
7,2018,9999,79-630-000-000,Тахтамукайский муниципальный район,Тахтамукайский,муниципальный район,1,Республика Адыгея,44.9212862,38.994718,127291.0,131043.0,11819.0,13518.0,1594.0,1873.0,2008.0,2559.0,2733.0,3184.0,4134.0,6311.0,33201.0,39544.0,12.0,12.0,True
8,2018,9999,79-633-000-000,Теучежский муниципальный район,Теучежский,муниципальный район,1,Республика Адыгея,44.8876896,39.3828521,22196.0,22260.0,10279.0,11774.0,1146.0,1281.0,1205.0,1562.0,2387.0,2750.0,3525.0,5758.0,26203.0,31788.0,12.0,12.0,True
9,2018,9999,79-640-000-000,Шовгеновский муниципальный район,Шовгеновский,муниципальный район,1,Республика Адыгея,45.020114,40.2291119,16262.0,16287.0,7770.0,7885.0,841.0,927.0,385.0,429.0,1519.0,1522.0,2181.0,4379.0,17670.0,21014.0,12.0,12.0,True
10,2018,9999,84-701-000-000,городской округ город Горно-Алтайск,Горно-Алтайск,городской округ,4,Республика Алтай,51.957775,85.963653,64957.0,64508.0,10529.0,11923.0,1295.0,1487.0,1314.0,1669.0,2283.0,2493.0,3114.0,4790.0,27672.0,32300.0,12.0,12.0,True
11,2018,9999,84-610-000-000,Кош-Агачский муниципальный район,Кош-Агачский,муниципальный район,4,Республика Алтай,49.9947055,88.6628218,18512.0,18620.0,8549.0,9714.0,896.0,996.0,875.0,1237.0,2924.0,3220.0,2831.0,4536.0,22546.0,26996.0,12.0,12.0,True
12,2018,9999,84-615-000-000,Майминский муниципальный район,Майминский,муниципальный район,4,Республика Алтай,52.004684,85.898743,30665.0,30941.0,11492.0,13011.0,1262.0,1533.0,1043.0,1460.0,2463.0,2917.0,3222.0,5192.0,28646.0,34627.0,12.0,12.0,True
13,2018,9999,84-620-000-000,Онгудайский муниципальный район,Онгудайский,муниципальный район,4,Республика Алтай,50.7495872,86.1335256,14049.0,14025.0,8869.0,9845.0,806.0,922.0,494.0,657.0,2162.0,2336.0,2528.0,4206.0,20966.0,24702.0,12.0,12.0,True
14,2018,9999,84-625-000-000,Турочакский муниципальный район,Турочакский,муниципальный район,4,Республика Алтай,52.259956,87.117538,10960.0,10794.0,10311.0,11746.0,848.0,959.0,462.0,513.0,1592.0,1650.0,3294.0,5482.0,22929.0,27191.0,12.0,12.0,True
15,2018,9999,84-630-000-000,Улаганский муниципальный район,Улаганский,муниципальный район,4,Республика Алтай,50.6317434,87.9561929,11798.0,11926.0,9424.0,10772.0,898.0,964.0,501.0,648.0,2891.0,3128.0,4606.0,6558.0,25209.0,29156.0,12.0,12.0,True
16,2018,9999,84-635-000-000,Усть-Канский муниципальный район,Усть-Канский,муниципальный район,4,Республика Алтай,50.932003,84.765213,14297.0,14207.0,8178.0,8840.0,752.0,822.0,503.0,602.0,1874.0,2053.0,2410.0,4047.0,20101.0,22948.0,12.0,12.0,True
17,2018,9999,84-640-000-000,Усть-Коксинский муниципальный район,Усть-Коксинский,муниципальный район,4,Республика Алтай,50.2695927,85.6155842,15691.0,15634.0,9034.0,10497.0,874.0,1028.0,510.0,627.0,1978.0,2255.0,3265.0,5096.0,22822.0,26902.0,12.0,12.0,True
18,2018,9999,84-643-000-000,Чемальский муниципальный район,Чемальский,муниципальный район,4,Республика Алтай,51.4065933,86.0037576,10394.0,10557.0,11952.0,13092.0,1069.0,1149.0,511.0,662.0,2026.0,2055.0,3620.0,5775.0,26239.0,30129.0,12.0,12.0,True
19,2018,9999,84-645-000-000,Чойский муниципальный район,Чойский,муниципальный район,4,Республика Алтай,51.8987536,86.5916701,7471.0,7439.0,10054.0,10615.0,770.0,793.0,268.0,306.0,1186.0,1230.0,2640.0,4493.0,19855.0,22536.0,12.0,12.0,True
20,2018,9999,84-650-000-000,Шебалинский муниципальный район,Шебалинский,муниципальный район,4,Республика Алтай,51.2922638,85.6739928,11975.0,12114.0,9296.0,10097.0,753.0,815.0,462.0,522.0,1618.0,1773.0,2488.0,4078.0,20278.0,23495.0,12.0,12.0,True
21,2018,9999,80-701-000-000,городской округ город Уфа,Уфа,городской округ,2,Республика Башкортостан,54.7261409,55.947499,1180979.0,1186715.0,11150.0,12383.0,1816.0,2089.0,2312.0,2694.0,2357.0,2651.0,2671.0,4301.0,31198.0,36143.0,12.0,12.0,True
22,2018,9999,80-703-000-000,городской округ город Агидель,Агидель,городской округ,2,Республика Башкортостан,55.899276,53.9374202,14002.0,13728.0,8827.0,8970.0,911.0,964.0,639.0,685.0,951.0,698.0,1776.0,3086.0,19597.0,20884.0,12.0,12.0,True
23,2018,9999,80-723-000-000,городской округ город Кумертау,Кумертау,городской округ,2,Республика Башкортостан,52.760975,55.796482,61699.0,61143.0,9780.0,10869.0,1328.0,1535.0,1035.0,1183.0,1473.0,1690.0,2298.0,3709.0,24110.0,28082.0,12.0,12.0,True
25,2018,9999,80-727-000-000,городской округ город Нефтекамск,Нефтекамск,городской округ,2,Республика Башкортостан,56.0884031,54.2478094,144006.0,144598.0,10396.0,11766.0,1477.0,1716.0,1630.0,1934.0,1889.0,2157.0,2238.0,3777.0,26974.0,31654.0,12.0,12.0,True
26,2018,9999,80-735-000-000,городской округ город Октябрьский,Октябрьский,городской округ,2,Республика Башкортостан,54.4809722,53.4660062,116282.0,116427.0,11049.0,12219.0,1398.0,1553.0,1540.0,1779.0,1970.0,2190.0,2440.0,3999.0,27411.0,31620.0,12.0,12.0,True
27,2018,9999,80-739-000-000,городской округ город Салават,Салават,городской округ,2,Республика Башкортостан,53.361687,55.924641,147296.0,146633.0,10167.0,11370.0,1302.0,1524.0,1735.0,2058.0,1852.0,2130.0,2609.0,4010.0,26766.0,31227.0,12.0,12.0,True
28,2018,9999,80-743-000-000,городской округ город Сибай,Сибай,городской округ,2,Республика Башкортостан,52.720425,58.665466,56930.0,56470.0,9986.0,11141.0,1325.0,1503.0,1456.0,1751.0,1664.0,1914.0,1948.0,3406.0,25051.0,29376.0,12.0,12.0,True
29,2018,9999,80-745-000-000,городской округ город Стерлитамак,Стерлитамак,городской округ,2,Республика Башкортостан,53.632374,55.952259,279174.0,280497.0,10292.0,11771.0,1449.0,1675.0,1619.0,1944.0,2000.0,2312.0,2212.0,3790.0,26918.0,31904.0,12.0,12.0,True
30,2018,9999,80-601-000-000,Абзелиловский муниципальный район,Абзелиловский,муниципальный район,2,Республика Башкортостан,53.3391062,58.5060548,44334.0,43983.0,7645.0,8012.0,740.0,709.0,683.0,676.0,1404.0,1459.0,962.0,2105.0,16902.0,18653.0,12.0,12.0,True
31,2018,9999,80-602-000-000,Альшеевский муниципальный район,Альшеевский,муниципальный район,2,Республика Башкортостан,54.068695,54.941628,36055.0,35536.0,9006.0,9182.0,1010.0,1082.0,633.0,599.0,1362.0,1338.0,1656.0,2904.0,19075.0,20695.0,12.0,12.0,True
32,2018,9999,80-603-000-000,Архангельский муниципальный район,Архангельский,муниципальный район,2,Республика Башкортостан,54.405724,56.784122,16847.0,16616.0,9116.0,10063.0,981.0,1039.0,368.0,345.0,1161.0,1108.0,1778.0,3389.0,19087.0,21913.0,12.0,12.0,True
33,2018,9999,80-604-000-000,Аскинский муниципальный район,Аскинский,муниципальный район,2,Республика Башкортостан,56.0855892,56.5788224,17773.0,17418.0,8647.0,8965.0,956.0,1000.0,362.0,417.0,1339.0,1317.0,1452.0,2801.0,17961.0,19933.0,12.0,12.0,True
34,2018,9999,80-605-000-000,Аургазинский муниципальный район,Аургазинский,муниципальный район,2,Республика Башкортостан,54.010342,55.886463,30429.0,29757.0,7500.0,7750.0,1170.0,1176.0,518.0,417.0,1048.0,987.0,1265.0,2060.0,16739.0,17523.0,12.0,12.0,True
35,2018,9999,80-606-000-000,Баймакский муниципальный район,Баймакский,муниципальный район,2,Республика Башкортостан,52.597919,58.30756,54122.0,53399.0,8017.0,8655.0,950.0,1033.0,1224.0,1170.0,1571.0,1708.0,1320.0,2505.0,19344.0,21558.0,12.0,12.0,True
36,2018,9999,80-607-000-000,Бакалинский муниципальный район,Бакалинский,муниципальный район,2,Республика Башкортостан,55.1811919,53.7990407,25010.0,24813.0,8954.0,9693.0,958.0,1027.0,398.0,405.0,1311.0,1363.0,1782.0,3049.0,18284.0,20598.0,12.0,12.0,True
37,2018,9999,80-608-000-000,Балтачевский муниципальный район,Балтачевский,муниципальный район,2,Республика Башкортостан,56.000443,55.923466,18156.0,17837.0,8163.0,8884.0,926.0,1008.0,392.0,469.0,1317.0,1324.0,1411.0,2354.0,17269.0,19455.0,12.0,12.0,True
38,2018,9999,80-609-000-000,Белебеевский муниципальный район,Белебеевский,муниципальный район,2,Республика Башкортостан,54.106495,54.107811,95852.0,94978.0,10496.0,11633.0,1427.0,1622.0,1095.0,1246.0,1580.0,1790.0,2487.0,3957.0,25509.0,29403.0,12.0,12.0,True
39,2018,9999,80-610-000-000,Белокатайский муниципальный район,Белокатайский,муниципальный район,2,Республика Башкортостан,55.704636,58.961376,17583.0,17369.0,7965.0,8768.0,1076.0,1204.0,409.0,369.0,1448.0,1450.0,1908.0,3367.0,20074.0,22952.0,12.0,12.0,True
40,2018,9999,80-611-000-000,Белорецкий муниципальный район,Белорецкий,муниципальный район,2,Республика Башкортостан,53.9680705,58.4099549,97873.0,96915.0,10612.0,12027.0,1237.0,1419.0,854.0,1202.0,1816.0,2008.0,1998.0,3539.0,23986.0,28505.0,12.0,12.0,True
41,2018,9999,80-612-000-000,Бижбулякский муниципальный район,Бижбулякский,муниципальный район,2,Республика Башкортостан,53.693443,54.268616,21362.0,20951.0,8933.0,9576.0,1115.0,1208.0,568.0,641.0,1326.0,1328.0,1603.0,2691.0,18726.0,20870.0,12.0,12.0,True
42,2018,9999,80-613-000-000,Бирский муниципальный район,Бирский,муниципальный район,2,Республика Башкортостан,55.4206774,55.5407179,61865.0,61478.0,10102.0,11191.0,1165.0,1342.0,1245.0,1467.0,1734.0,2001.0,2158.0,3640.0,23918.0,27900.0,12.0,12.0,True
43,2018,9999,80-614-000-000,Благоварский муниципальный район,Благоварский,муниципальный район,2,Республика Башкортостан,54.691818,55.01387,24138.0,23850.0,9110.0,10055.0,1036.0,1094.0,398.0,627.0,1122.0,1175.0,1551.0,2830.0,18737.0,21286.0,12.0,12.0,True
44,2018,9999,80-615-000-000,Благовещенский муниципальный район,Благовещенский,муниципальный район,2,Республика Башкортостан,55.031143,55.981876,49148.0,48718.0,10854.0,12530.0,1358.0,1626.0,1142.0,1414.0,1486.0,1689.0,2369.0,4291.0,25079.0,30655.0,12.0,12.0,True
45,2018,9999,80-617-000-000,Буздякский муниципальный район,Буздякский,муниципальный район,2,Республика Башкортостан,54.5696389,54.5323993,25725.0,25432.0,9332.0,9726.0,1032.0,1091.0,528.0,617.0,1462.0,1444.0,1611.0,2670.0,19383.0,21210.0,12.0,12.0,True
46,2018,9999,80-618-000-000,Бураевский муниципальный район,Бураевский,муниципальный район,2,Республика Башкортостан,55.836903,55.410423,21217.0,20840.0,8754.0,9337.0,905.0,894.0,385.0,437.0,1429.0,1482.0,1636.0,2702.0,18467.0,20150.0,12.0,12.0,True
47,2018,9999,80-619-000-000,Бурзянский муниципальный район,Бурзянский,муниципальный район,2,Республика Башкортостан,53.1028707,57.4444763,17298.0,17061.0,8250.0,8438.0,878.0,959.0,453.0,667.0,1608.0,1614.0,1404.0,2596.0,17521.0,19806.0,12.0,12.0,True
48,2018,9999,80-621-000-000,Гафурийский муниципальный район,Гафурийский,муниципальный район,2,Республика Башкортостан,53.8961616,56.4705604,30022.0,29525.0,8930.0,9296.0,1033.0,1108.0,415.0,376.0,1546.0,1475.0,1445.0,2434.0,19209.0,20639.0,12.0,12.0,True
49,2018,9999,80-622-000-000,Давлекановский муниципальный район,Давлекановский,муниципальный район,2,Республика Башкортостан,54.2129656,55.0307219,36195.0,35565.0,9420.0,10310.0,1046.0,1097.0,821.0,820.0,1261.0,1309.0,2199.0,3574.0,21300.0,24017.0,12.0,12.0,True
50,2018,9999,80-623-000-000,Дуванский муниципальный район,Дуванский,муниципальный район,2,Республика Башкортостан,55.534695,58.239239,30827.0,30750.0,8276.0,9129.0,1029.0,1143.0,612.0,692.0,1613.0,1694.0,1898.0,3274.0,21334.0,23979.0,12.0,12.0,True
51,2018,9999,80-624-000-000,Дюртюлинский муниципальный район,Дюртюлинский,муниципальный район,2,Республика Башкортостан,55.490616,54.863895,59679.0,59179.0,9608.0,10599.0,1233.0,1388.0,944.0,1191.0,1577.0,1768.0,1889.0,3232.0,22972.0,26568.0,12.0,12.0,True
52,2018,9999,80-625-000-000,Ермекеевский муниципальный район,Ермекеевский,муниципальный район,2,Республика Башкортостан,54.073929,53.671932,14689.0,14369.0,8337.0,8976.0,1090.0,1218.0,471.0,476.0,1050.0,1045.0,1483.0,2767.0,17323.0,19679.0,12.0,12.0,True
53,2018,9999,80-626-000-000,Зианчуринский муниципальный район,Зианчуринский,муниципальный район,2,Республика Башкортостан,52.189625,56.582493,23890.0,23381.0,8173.0,8880.0,966.0,1027.0,631.0,614.0,1592.0,1663.0,1729.0,2729.0,19369.0,21520.0,12.0,12.0,True
54,2018,9999,80-627-000-000,Зилаирский муниципальный район,Зилаирский,муниципальный район,2,Республика Башкортостан,52.233707,57.441547,14560.0,14231.0,8117.0,9342.0,971.0,1099.0,480.0,720.0,1432.0,1799.0,1957.0,3444.0,18474.0,22106.0,12.0,12.0,True
55,2018,9999,80-628-000-000,Иглинский муниципальный район,Иглинский,муниципальный район,2,Республика Башкортостан,54.8340521,56.4165846,70277.0,71099.0,10791.0,12038.0,1065.0,1176.0,873.0,1073.0,1725.0,1934.0,2407.0,4179.0,24407.0,28396.0,12.0,12.0,True
56,2018,9999,80-630-000-000,Илишевский муниципальный район,Илишевский,муниципальный район,2,Республика Башкортостан,55.4451166,54.3153665,30701.0,30405.0,8112.0,8924.0,975.0,1075.0,448.0,545.0,1209.0,1293.0,1574.0,2678.0,17703.0,20063.0,12.0,12.0,True
57,2018,9999,80-631-000-000,Ишимбайский муниципальный район,Ишимбайский,муниципальный район,2,Республика Башкортостан,53.4546454,56.0439119,83847.0,82948.0,10477.0,11720.0,1436.0,1633.0,1319.0,1561.0,1709.0,1907.0,2439.0,3848.0,27003.0,31378.0,12.0,12.0,True
58,2018,9999,80-633-000-000,Калтасинский муниципальный район,Калтасинский,муниципальный район,2,Республика Башкортостан,55.970051,54.7900496,21551.0,21101.0,9095.0,9650.0,932.0,960.0,409.0,429.0,1016.0,921.0,1501.0,2713.0,18403.0,20150.0,12.0,12.0,True
59,2018,9999,80-634-000-000,Караидельский муниципальный район,Караидельский,муниципальный район,2,Республика Башкортостан,55.83279,56.913136,23589.0,23105.0,8130.0,8551.0,939.0,1025.0,481.0,678.0,1363.0,1438.0,1988.0,3274.0,19069.0,20667.0,12.0,12.0,True
60,2018,9999,80-635-000-000,Кармаскалинский муниципальный район,Кармаскалинский,муниципальный район,2,Республика Башкортостан,54.367451,56.168819,51986.0,51575.0,8623.0,9687.0,963.0,1008.0,572.0,602.0,1385.0,1363.0,1830.0,3141.0,19349.0,22028.0,12.0,12.0,True
61,2018,9999,80-636-000-000,Кигинский муниципальный район,Кигинский,муниципальный район,2,Республика Башкортостан,55.4059473,58.5993731,16478.0,16339.0,8796.0,9758.0,1026.0,1087.0,486.0,573.0,1345.0,1370.0,1535.0,2785.0,19240.0,21734.0,12.0,12.0,True
62,2018,9999,80-637-000-000,Краснокамский муниципальный район,Краснокамский,муниципальный район,2,Республика Башкортостан,56.1286312,54.1702787,25683.0,25332.0,8426.0,9368.0,1026.0,1138.0,646.0,666.0,1314.0,1372.0,1251.0,2661.0,18903.0,22010.0,12.0,12.0,True
63,2018,9999,80-638-000-000,Кугарчинский муниципальный район,Кугарчинский,муниципальный район,2,Республика Башкортостан,52.7154243,56.6223067,26845.0,26359.0,8057.0,8633.0,1038.0,1170.0,289.0,286.0,1566.0,1562.0,1623.0,2761.0,18965.0,21064.0,12.0,12.0,True
64,2018,9999,80-639-000-000,Куюргазинский муниципальный район,Куюргазинский,муниципальный район,2,Республика Башкортостан,52.7071075,55.8039121,21027.0,20738.0,8546.0,9192.0,908.0,966.0,623.0,1038.0,1060.0,918.0,1449.0,3154.0,18150.0,21420.0,8.0,9.0,True
65,2018,9999,80-640-000-000,Кушнаренковский муниципальный район,Кушнаренковский,муниципальный район,2,Республика Башкортостан,55.107124,55.342201,26704.0,26370.0,9102.0,9229.0,1011.0,1105.0,497.0,535.0,1096.0,1048.0,1555.0,2526.0,18954.0,20064.0,12.0,12.0,True
66,2018,9999,80-641-000-000,Мелеузовский муниципальный район,Мелеузовский,муниципальный район,2,Республика Башкортостан,52.96328,55.928612,80565.0,79609.0,9927.0,11108.0,1319.0,1568.0,1275.0,1556.0,1860.0,2144.0,2293.0,3796.0,25601.0,29925.0,12.0,12.0,True
67,2018,9999,80-642-000-000,Мечетлинский муниципальный район,Мечетлинский,муниципальный район,2,Республика Башкортостан,55.95219,58.2687,22158.0,21838.0,8410.0,9203.0,1068.0,1198.0,412.0,514.0,1375.0,1464.0,1704.0,2854.0,20226.0,22912.0,12.0,12.0,True
68,2018,9999,80-643-000-000,Мишкинский муниципальный район,Мишкинский,муниципальный район,2,Республика Башкортостан,55.531227,55.970352,21188.0,20716.0,8639.0,9128.0,876.0,956.0,420.0,462.0,1276.0,1244.0,1261.0,2558.0,16773.0,19331.0,12.0,12.0,True
69,2018,9999,80-644-000-000,Миякинский муниципальный район,Миякинский,муниципальный район,2,Республика Башкортостан,53.629292,54.800922,23590.0,23086.0,7187.0,8422.0,1208.0,1262.0,453.0,472.0,1286.0,1269.0,1357.0,2333.0,17540.0,20081.0,12.0,12.0,True
70,2018,9999,80-645-000-000,Нуримановский муниципальный район,Нуримановский,муниципальный район,2,Республика Башкортостан,55.1897234,56.6677432,20228.0,19945.0,9172.0,10039.0,904.0,947.0,483.0,524.0,1027.0,1023.0,2196.0,3766.0,19554.0,21723.0,12.0,12.0,True
71,2018,9999,80-647-000-000,Салаватский муниципальный район,Салаватский,муниципальный район,2,Республика Башкортостан,55.2034086,58.1536392,23700.0,23304.0,8501.0,9658.0,971.0,1128.0,782.0,706.0,1448.0,1534.0,1689.0,3140.0,19310.0,22432.0,12.0,12.0,True
72,2018,9999,80-648-000-000,Стерлибашевский муниципальный район,Стерлибашевский,муниципальный район,2,Республика Башкортостан,53.438549,55.256725,16744.0,16360.0,7057.0,7189.0,1116.0,1128.0,356.0,282.0,1189.0,1164.0,1294.0,2390.0,16111.0,17257.0,12.0,12.0,True
73,2018,9999,80-649-000-000,Стерлитамакский муниципальный район,Стерлитамакский,муниципальный район,2,Республика Башкортостан,53.632374,55.952259,47644.0,47531.0,9999.0,11379.0,1422.0,1620.0,1528.0,1850.0,2106.0,2514.0,2297.0,3770.0,27157.0,31772.0,12.0,12.0,True
74,2018,9999,80-650-000-000,Татышлинский муниципальный район,Татышлинский,муниципальный район,2,Республика Башкортостан,56.2921876,55.8557435,21097.0,20679.0,8311.0,9106.0,1034.0,1094.0,305.0,519.0,1388.0,1651.0,1507.0,2643.0,17654.0,20947.0,12.0,12.0,True
75,2018,9999,80-651-000-000,Туймазинский муниципальный район,Туймазинский,муниципальный район,2,Республика Башкортостан,54.606537,53.6974004,131554.0,130733.0,10691.0,11748.0,1304.0,1478.0,1189.0,1450.0,1726.0,1952.0,1998.0,3425.0,24966.0,29146.0,12.0,12.0,True
76,2018,9999,80-652-000-000,Уфимский муниципальный район,Уфимский,муниципальный район,2,Республика Башкортостан,54.7261409,55.947499,114453.0,117125.0,10831.0,12361.0,1458.0,1726.0,1680.0,2090.0,2224.0,2620.0,2829.0,4617.0,28229.0,33710.0,12.0,12.0,True
77,2018,9999,80-653-000-000,Учалинский муниципальный район,Учалинский,муниципальный район,2,Республика Башкортостан,54.316597,59.384636,69195.0,68451.0,10220.0,11551.0,1462.0,1694.0,1163.0,1436.0,1851.0,2032.0,2155.0,3760.0,25571.0,30029.0,12.0,12.0,True
78,2018,9999,80-654-000-000,Федоровский муниципальный район,Федоровский,муниципальный район,2,Республика Башкортостан,53.1771974,55.1864825,15783.0,15491.0,8395.0,7739.0,992.0,1057.0,294.0,318.0,1141.0,1013.0,1451.0,2657.0,17607.0,18262.0,12.0,12.0,True
79,2018,9999,80-655-000-000,Хайбуллинский муниципальный район,Хайбуллинский,муниципальный район,2,Республика Башкортостан,51.865116,58.220215,29895.0,29249.0,9222.0,10133.0,1015.0,1186.0,600.0,855.0,1554.0,1606.0,1996.0,3346.0,20942.0,24583.0,12.0,12.0,True
80,2018,9999,80-656-000-000,Чекмагушевский муниципальный район,Чекмагушевский,муниципальный район,2,Республика Башкортостан,55.1378996,54.6534999,27968.0,27671.0,8225.0,8955.0,1139.0,1161.0,411.0,424.0,1289.0,1249.0,1277.0,2164.0,18490.0,20066.0,12.0,12.0,True
81,2018,9999,80-657-000-000,Чишминский муниципальный район,Чишминский,муниципальный район,2,Республика Башкортостан,54.58968,55.385605,50859.0,50536.0,10332.0,11496.0,1148.0,1367.0,962.0,1240.0,1630.0,1768.0,2122.0,3521.0,23216.0,27121.0,12.0,12.0,True
82,2018,9999,80-658-000-000,Шаранский муниципальный район,Шаранский,муниципальный район,2,Республика Башкортостан,54.8182509,54.0016574,19000.0,18637.0,8428.0,8703.0,879.0,888.0,495.0,430.0,1186.0,1063.0,1254.0,2173.0,16857.0,18016.0,12.0,12.0,True
83,2018,9999,80-659-000-000,Янаульский муниципальный район,Янаульский,муниципальный район,2,Республика Башкортостан,56.2714237,54.9294823,42880.0,42391.0,8931.0,9701.0,1150.0,1240.0,789.0,973.0,1427.0,1538.0,1669.0,2807.0,20529.0,23591.0,12.0,12.0,True
85,2018,9999,81-720-000-000,городской округ город Северобайкальск,Северобайкальск,городской округ,3,Республика Бурятия,55.635967,109.335648,24431.0,,13568.0,,1245.0,,1882.0,,1658.0,,3697.0,,33364.0,,12.0,,True
86,2018,9999,81-603-000-000,Баргузинский муниципальный район,Баргузинский,муниципальный район,3,Республика Бурятия,53.617638,109.632744,19820.0,,13236.0,,681.0,,430.0,,1425.0,,2318.0,,23076.0,,12.0,,True
87,2018,9999,81-606-000-000,Баунтовский эвенкийский муниципальный район,Баунтовский,муниципальный район,3,Республика Бурятия,54.443378,113.590469,8122.0,,14972.0,,1301.0,,424.0,,1650.0,,832.0,,27070.0,,12.0,,True
88,2018,9999,81-609-000-000,Бичурский муниципальный район,Бичурский,муниципальный район,3,Республика Бурятия,50.588627,107.599274,21036.0,,11744.0,,890.0,,261.0,,1839.0,,1843.0,,21981.0,,12.0,,True
89,2018,9999,81-612-000-000,Джидинский муниципальный район,Джидинский,муниципальный район,3,Республика Бурятия,50.61087,105.319412,21539.0,,11110.0,,740.0,,553.0,,1896.0,,1557.0,,22314.0,,12.0,,True
90,2018,9999,81-615-000-000,Еравнинский муниципальный район,Еравнинский,муниципальный район,3,Республика Бурятия,52.528614,111.538063,16951.0,,12350.0,,800.0,,592.0,,1288.0,,1847.0,,22045.0,,12.0,,True
91,2018,9999,81-618-000-000,Заиграевский муниципальный район,Заиграевский,муниципальный район,3,Республика Бурятия,51.834293,108.270615,50806.0,,11401.0,,897.0,,667.0,,1255.0,,2041.0,,21388.0,,12.0,,True
92,2018,9999,81-621-000-000,Закаменский муниципальный район,Закаменский,муниципальный район,3,Республика Бурятия,50.3778,103.2915,23905.0,,11268.0,,809.0,,768.0,,1425.0,,1861.0,,23050.0,,12.0,,True
93,2018,9999,81-622-000-000,Иволгинский муниципальный район,Иволгинский,муниципальный район,3,Республика Бурятия,51.745052,107.281174,67429.0,,11800.0,,1048.0,,1535.0,,2694.0,,1496.0,,27796.0,,12.0,,True
94,2018,9999,81-624-000-000,Кабанский муниципальный район,Кабанский,муниципальный район,3,Республика Бурятия,52.0523897,106.6548779,51105.0,,11248.0,,1079.0,,426.0,,1311.0,,2365.0,,23215.0,,12.0,,True
95,2018,9999,81-627-000-000,Кижингинский муниципальный район,Кижингинский,муниципальный район,3,Республика Бурятия,51.84956,109.913147,14491.0,,10464.0,,735.0,,306.0,,1466.0,,1305.0,,18742.0,,12.0,,True
96,2018,9999,81-630-000-000,Курумканский муниципальный район,Курумканский,муниципальный район,3,Республика Бурятия,54.326336,110.323257,12950.0,,11231.0,,711.0,,574.0,,1450.0,,1706.0,,20921.0,,12.0,,True
97,2018,9999,81-633-000-000,Кяхтинский муниципальный район,Кяхтинский,муниципальный район,3,Республика Бурятия,50.353176,106.44915,31829.0,,10379.0,,871.0,,1139.0,,1754.0,,2309.0,,25011.0,,12.0,,True
98,2018,9999,81-635-000-000,Муйский муниципальный район,Муйский,муниципальный район,3,Республика Бурятия,56.355515,114.837982,8744.0,,16155.0,,1334.0,,1112.0,,1228.0,,3951.0,,34634.0,,12.0,,True
99,2018,9999,81-636-000-000,Мухоршибирский муниципальный район,Мухоршибирский,муниципальный район,3,Республика Бурятия,51.046997,107.828537,21660.0,,13248.0,,1201.0,,798.0,,1961.0,,2934.0,,27803.0,,12.0,,True
100,2018,9999,81-639-000-000,Окинский муниципальный район,Окинский,муниципальный район,3,Республика Бурятия,52.5127688,99.8271705,5332.0,,9637.0,,1006.0,,743.0,,2228.0,,396.0,,19173.0,,11.0,,True
101,2018,9999,81-642-000-000,Прибайкальский муниципальный район,Прибайкальский,муниципальный район,3,Республика Бурятия,52.2025,107.639,23913.0,,10947.0,,892.0,,392.0,,1392.0,,1811.0,,20431.0,,12.0,,True
102,2018,9999,81-645-000-000,Северо-Байкальский муниципальный район,Северо-Байкальский,муниципальный район,3,Республика Бурятия,55.783573,109.571762,10349.0,,14323.0,,1052.0,,925.0,,1457.0,,2894.0,,30897.0,,12.0,,True
103,2018,9999,81-648-000-000,Селенгинский муниципальный район,Селенгинский,муниципальный район,3,Республика Бурятия,51.289516,106.527008,40815.0,,11344.0,,906.0,,643.0,,1344.0,,2122.0,,24246.0,,12.0,,True
104,2018,9999,81-650-000-000,Тарбагатайский муниципальный район,Тарбагатайский,муниципальный район,3,Республика Бурятия,51.48373,107.357605,26628.0,,10999.0,,821.0,,664.0,,1755.0,,1555.0,,22949.0,,12.0,,True
105,2018,9999,81-651-000-000,Тункинский муниципальный район,Тункинский,муниципальный район,3,Республика Бурятия,51.682404,102.132912,20397.0,,9187.0,,832.0,,686.0,,1760.0,,2322.0,,20243.0,,12.0,,True
106,2018,9999,81-657-000-000,Хоринский муниципальный район,Хоринский,муниципальный район,3,Республика Бурятия,52.1615011,109.7629245,16238.0,,11396.0,,699.0,,312.0,,1298.0,,1620.0,,18841.0,,12.0,,True
107,2018,9999,82-701-000-000,городской округ город Махачкала,Махачкала,городской округ,5,Республика Дагестан,42.9830241,47.5048717,,759490.0,,7023.0,,1822.0,,2838.0,,3122.0,,5349.0,,30834.0,,12.0,True
108,2018,9999,82-705-000-000,городской округ город Буйнакск,Буйнакск,городской округ,5,Республика Дагестан,42.8260906,47.1219624,,69554.0,,6424.0,,1091.0,,1479.0,,1518.0,,5792.0,,24480.0,,12.0,True
109,2018,9999,82-708-000-000,городской округ город Дагестанские Огни,Дагестанские Огни,городской округ,5,Республика Дагестан,42.1152434,48.1864201,,32330.0,,5452.0,,1121.0,,761.0,,1616.0,,5257.0,,19400.0,,8.0,True
111,2018,9999,82-715-000-000,городской округ город Избербаш,Избербаш,городской округ,5,Республика Дагестан,42.5710804,47.862999,,58322.0,,7019.0,,1478.0,,1339.0,,2133.0,,5035.0,,23618.0,,12.0,True
113,2018,9999,82-725-000-000,городской округ город Кизилюрт,Кизилюрт,городской округ,5,Республика Дагестан,43.1999049,46.8713343,,50403.0,,6305.0,,1369.0,,1613.0,,2038.0,,5502.0,,23515.0,,12.0,True
114,2018,9999,82-730-000-000,городской округ город Кизляр,Кизляр,городской округ,5,Республика Дагестан,43.8546727,46.7139329,,53441.0,,6438.0,,1340.0,,1213.0,,1899.0,,5875.0,,24561.0,,12.0,True
116,2018,9999,82-738-000-000,городской округ город Южно-Сухокумск,Южно-Сухокумск,городской округ,5,Республика Дагестан,44.662231,45.645138,,10618.0,,4463.0,,806.0,,816.0,,944.0,,5566.0,,18877.0,,6.0,True
117,2018,9999,82-601-000-000,Агульский муниципальный район,Агульский,муниципальный район,5,Республика Дагестан,41.7800801,47.5924067,10355.0,10377.0,,,,,,,,,,,,,,,False
118,2018,9999,82-603-000-000,Акушинский муниципальный район,Акушинский,муниципальный район,5,Республика Дагестан,42.277637,47.344593,54337.0,54864.0,,,,,,,,,,,,,,,False
119,2018,9999,82-605-000-000,Ахвахский муниципальный район,Ахвахский,муниципальный район,5,Республика Дагестан,42.5956742,46.3395265,24814.0,25033.0,,,,,,,,,,,,,,,False
120,2018,9999,82-606-000-000,Ахтынский муниципальный район,Ахтынский,муниципальный район,5,Республика Дагестан,41.462914,47.742794,31751.0,31787.0,,,,,,,,,,,,,,,False
121,2018,9999,82-607-000-000,Бабаюртовский муниципальный район,Бабаюртовский,муниципальный район,5,Республика Дагестан,43.6004059,46.7775013,53733.0,53972.0,,6548.0,,1050.0,,794.0,,1110.0,,5966.0,,20680.0,,1.0,True
122,2018,9999,82-609-000-000,Ботлихский муниципальный район,Ботлихский,муниципальный район,5,Республика Дагестан,42.6644608,46.2184512,60928.0,61753.0,,,,,,,,,,,,,,,False
123,2018,9999,82-611-000-000,Буйнакский муниципальный район,Буйнакский,муниципальный район,5,Республика Дагестан,42.8260906,47.1219624,85268.0,86029.0,,,,,,,,,,,,,,,False
124,2018,9999,82-613-000-000,Гергебильский муниципальный район,Гергебильский,муниципальный район,5,Республика Дагестан,42.5022403,47.0601713,20239.0,20345.0,,,,,,,,,,,,,,,False
125,2018,9999,82-615-000-000,Гумбетовский муниципальный район,Гумбетовский,муниципальный район,5,Республика Дагестан,42.790592,46.503067,21427.0,21505.0,,,,,,,,,,,,,,,False
126,2018,9999,82-616-000-000,Гунибский муниципальный район,Гунибский,муниципальный район,5,Республика Дагестан,42.3870221,46.9646632,30260.0,30336.0,,,,,,,,,,,,,,,False
127,2018,9999,82-618-000-000,Дахадаевский муниципальный район,Дахадаевский,муниципальный район,5,Республика Дагестан,42.1637654,47.6307287,36286.0,36363.0,,,,,,,,,,,,,,,False
128,2018,9999,82-620-000-000,Дербентский муниципальный район,Дербентский,муниципальный район,5,Республика Дагестан,42.057858,48.2887648,100410.0,100734.0,,,,,,,,,,,,,,,False
129,2018,9999,82-621-000-000,Докузпаринский муниципальный район,Докузпаринский,муниципальный район,5,Республика Дагестан,41.3899725,47.9046498,15166.0,15241.0,,,,,,,,,,,,,,,False
130,2018,9999,82-622-000-000,Казбековский муниципальный район,Казбековский,муниципальный район,5,Республика Дагестан,43.0677247,46.6347976,51053.0,51400.0,,,,,,,,,,,,,,,False
131,2018,9999,82-623-000-000,Кайтагский муниципальный район,Кайтагский,муниципальный район,5,Республика Дагестан,42.1206478,47.8343423,33428.0,33519.0,,,,,,,,,,,,,,,False
132,2018,9999,82-624-000-000,Каякентский муниципальный район,Каякентский,муниципальный район,5,Республика Дагестан,42.3883168,47.9888016,59480.0,60110.0,,,,,,,,,,,,,,,False
133,2018,9999,82-626-000-000,Кизилюртовский муниципальный район,Кизилюртовский,муниципальный район,5,Республика Дагестан,43.1999049,46.8713343,76020.0,76783.0,,,,,,,,,,,,,,,False
134,2018,9999,82-627-000-000,Кизлярский муниципальный район,Кизлярский,муниципальный район,5,Республика Дагестан,43.8546727,46.7139329,78845.0,79806.0,,,,,,,,,,,,,,,False
135,2018,9999,82-629-000-000,Кулинский муниципальный район,Кулинский,муниципальный район,5,Республика Дагестан,42.0720178,47.2149487,10474.0,10511.0,,,,,,,,,,,,,,,False
136,2018,9999,82-630-000-000,Курахский муниципальный район,Курахский,муниципальный район,5,Республика Дагестан,41.58411,47.783661,14885.0,14909.0,,,,,,,,,,,,,,,False
137,2018,9999,82-632-000-000,Лакский муниципальный район,Лакский,муниципальный район,5,Республика Дагестан,42.1702303,47.1182659,12132.0,12177.0,,,,,,,,,,,,,,,False
138,2018,9999,82-634-000-000,Левашинский муниципальный район,Левашинский,муниципальный район,5,Республика Дагестан,42.430695,47.323261,81474.0,82449.0,,,,,,,,,,,,,,,False
139,2018,9999,82-635-000-000,Карабудахкентский муниципальный район,Карабудахкентский,муниципальный район,5,Республика Дагестан,42.7105994,47.5766777,101957.0,103321.0,,,,,,,,,,,,,,,False
140,2018,9999,82-636-000-000,Кумторкалинский муниципальный район,Кумторкалинский,муниципальный район,5,Республика Дагестан,43.0222127,47.2958126,29179.0,29603.0,,6411.0,,646.0,,1104.0,,1677.0,,4911.0,,19998.0,,6.0,True
141,2018,9999,82-637-000-000,Магарамкентский муниципальный район,Магарамкентский,муниципальный район,5,Республика Дагестан,41.6161537,48.349529,55730.0,55463.0,,,,,,,,,,,,,,,False
142,2018,9999,82-639-000-000,Новолакский муниципальный район,Новолакский,муниципальный район,5,Республика Дагестан,43.1201006,46.4829765,33831.0,34467.0,,7466.0,,930.0,,1232.0,,1840.0,,3953.0,,25594.0,,2.0,True
143,2018,9999,82-640-000-000,Ногайский муниципальный район,Ногайский,муниципальный район,5,Республика Дагестан,44.164783,45.873196,17923.0,17417.0,,5643.0,,817.0,,932.0,,1623.0,,5328.0,,23573.0,,5.0,True
144,2018,9999,82-642-000-000,Рутульский муниципальный район,Рутульский,муниципальный район,5,Республика Дагестан,41.5335376,47.424484,20364.0,20343.0,,,,,,,,,,,,,,,False
145,2018,9999,82-644-000-000,Сергокалинский муниципальный район,Сергокалинский,муниципальный район,5,Республика Дагестан,42.453342,47.665371,26598.0,26678.0,,6239.0,,1170.0,,638.0,,990.0,,5288.0,,21059.0,,2.0,True
146,2018,9999,82-646-000-000,Шамильский муниципальный район,Шамильский,муниципальный район,5,Республика Дагестан,42.444214,46.55098,30908.0,31222.0,,,,,,,,,,,,,,,False
147,2018,9999,82-647-000-000,Сулейман-Стальский муниципальный район,Сулейман-Стальский,муниципальный район,5,Республика Дагестан,41.6758118,48.1516324,57421.0,57293.0,,,,,,,,,,,,,,,False
148,2018,9999,82-648-000-000,Табасаранский муниципальный район,Табасаранский,муниципальный район,5,Республика Дагестан,41.9522478,47.9495559,52419.0,52690.0,,,,,,,,,,,,,,,False
149,2018,9999,82-649-000-000,Тарумовский муниципальный район,Тарумовский,муниципальный район,5,Республика Дагестан,44.074501,46.537163,35591.0,35611.0,,,,,,,,,,,,,,,False
150,2018,9999,82-651-000-000,Тляратинский муниципальный район,Тляратинский,муниципальный район,5,Республика Дагестан,42.107426,46.355,23892.0,24092.0,,,,,,,,,,,,,,,False
151,2018,9999,82-653-000-000,Унцукульский муниципальный район,Унцукульский,муниципальный район,5,Республика Дагестан,42.712723,46.789848,31757.0,32066.0,,,,,,,,,,,,,,,False
152,2018,9999,82-654-000-000,Хасавюртовский муниципальный район,Хасавюртовский,муниципальный район,5,Республика Дагестан,43.246916,46.5855184,174149.0,176314.0,,,,,,,,,,,,,,,False
153,2018,9999,82-655-000-000,Хивский муниципальный район,Хивский,муниципальный район,5,Республика Дагестан,41.752754,47.926189,20688.0,20536.0,,,,,,,,,,,,,,,False
154,2018,9999,82-656-000-000,Хунзахский муниципальный район,Хунзахский,муниципальный район,5,Республика Дагестан,42.545231,46.707104,31303.0,31486.0,,,,,,,,,,,,,,,False
155,2018,9999,82-657-000-000,Цумадинский муниципальный район,Цумадинский,муниципальный район,5,Республика Дагестан,42.539375,46.122169,27178.0,27493.0,,,,,,,,,,,,,,,False
156,2018,9999,82-658-000-000,Цунтинский муниципальный район,Цунтинский,муниципальный район,5,Республика Дагестан,42.190027,45.9638464,21221.0,21377.0,,,,,,,,,,,,,,,False
157,2018,9999,82-659-000-000,Чародинский муниципальный район,Чародинский,муниципальный район,5,Республика Дагестан,42.238262,46.834106,14234.0,14422.0,,,,,,,,,,,,,,,False
158,2018,9999,26-701-000-000,городской округ город Магас,Магас,городской округ,6,Республика Ингушетия,43.1666497,44.8048191,18521.0,,5838.0,,1710.0,,1108.0,,1665.0,,6550.0,,25778.0,,12.0,,True
159,2018,9999,26-715-000-000,городской округ город Малгобек,Малгобек,городской округ,6,Республика Ингушетия,43.5127189,44.5869588,37999.0,,,,,,,,,,,,,,,,False
160,2018,9999,26-706-000-000,городской округ город Назрань,Назрань,городской округ,6,Республика Ингушетия,43.2320774,44.7540128,126292.0,,5527.0,,1819.0,,1194.0,,1509.0,,5098.0,,23712.0,,12.0,,True
161,2018,9999,26-710-000-000,городской округ город Карабулак,Карабулак,городской округ,6,Республика Ингушетия,43.3094909,44.910334,44323.0,,,,,,,,,,,,,,,,False
162,2018,9999,26-720-000-000,городской округ город Сунжа,Сунжа,городской округ,6,Республика Ингушетия,43.3134582,45.0506114,62843.0,,,,,,,,,,,,,,,,False
163,2018,9999,26-620-000-000,Джейрахский муниципальный район,Джейрахский,муниципальный район,6,Республика Ингушетия,42.8227895,44.675598,4118.0,,,,,,,,,,,,,,,,False
164,2018,9999,26-615-000-000,Малгобекский муниципальный район,Малгобекский,муниципальный район,6,Республика Ингушетия,43.5127189,44.5869588,61291.0,,,,,,,,,,,,,,,,False
165,2018,9999,26-605-000-000,Назрановский муниципальный район,Назрановский,муниципальный район,6,Республика Ингушетия,43.2320774,44.7540128,110679.0,,,,,,,,,,,,,,,,False
166,2018,9999,26-610-000-000,Сунженский муниципальный район,Сунженский,муниципальный район,6,Республика Ингушетия,43.3134582,45.0506114,61154.0,,,,,,,,,,,,,,,,False
167,2018,9999,83-701-000-000,городской округ Нальчик,Нальчик,городской округ,7,Кабардино-Балкарская Республика,43.4769604,43.5966578,271656.0,245756.0,7088.0,8084.0,1710.0,1805.0,1479.0,1842.0,2256.0,2739.0,3348.0,4806.0,23381.0,27491.0,12.0,12.0,True
168,2018,9999,83-703-000-000,городской округ Баксан,Баксан,городской округ,7,Кабардино-Балкарская Республика,43.6820626,43.5344319,60724.0,61043.0,5527.0,6063.0,1471.0,1566.0,728.0,853.0,1604.0,1892.0,2986.0,4598.0,18165.0,20931.0,12.0,12.0,True
169,2018,9999,83-710-000-000,городской округ Прохладный,Прохладный,городской округ,7,Кабардино-Балкарская Республика,43.7590017,44.0103981,59778.0,60023.0,6951.0,7654.0,1248.0,1360.0,618.0,693.0,1279.0,1382.0,3948.0,5436.0,20241.0,23221.0,12.0,12.0,True
170,2018,9999,83-610-000-000,Баксанский муниципальный район,Баксанский,муниципальный район,7,Кабардино-Балкарская Республика,43.6820626,43.5344319,65119.0,65452.0,,,,,,,,,,,,,,,False
171,2018,9999,83-615-000-000,Зольский муниципальный район,Зольский,муниципальный район,7,Кабардино-Балкарская Республика,43.8996316,43.2179308,50715.0,50875.0,,,,,,,,,,,,,,,False
172,2018,9999,83-618-000-000,Лескенский муниципальный район,Лескенский,муниципальный район,7,Кабардино-Балкарская Республика,43.3549219,43.9398825,31017.0,31306.0,,6599.0,,1173.0,,502.0,,1796.0,,5810.0,,19891.0,,1.0,True
173,2018,9999,83-620-000-000,Майский муниципальный район,Майский,муниципальный район,7,Кабардино-Балкарская Республика,43.6282481,44.0518741,37828.0,37609.0,6520.0,6966.0,1111.0,1193.0,263.0,316.0,1038.0,1188.0,3831.0,5350.0,17786.0,20177.0,12.0,12.0,True
174,2018,9999,83-625-000-000,Прохладненский муниципальный район,Прохладненский,муниципальный район,7,Кабардино-Балкарская Республика,43.7590017,44.0103981,49860.0,50159.0,6353.0,7149.0,1194.0,1288.0,730.0,820.0,2053.0,1895.0,4159.0,5542.0,21258.0,23051.0,6.0,12.0,True
175,2018,9999,83-630-000-000,Черекский муниципальный район,Черекский,муниципальный район,7,Кабардино-Балкарская Республика,43.3191905,43.6091174,30397.0,30636.0,,,,,,,,,,,,,,,False
176,2018,9999,83-635-000-000,Терский муниципальный район,Терский,муниципальный район,7,Кабардино-Балкарская Республика,43.4826692,44.1363776,53146.0,53393.0,5240.0,5732.0,1424.0,1472.0,371.0,505.0,1482.0,1595.0,3604.0,4725.0,17257.0,19069.0,9.0,12.0,True
177,2018,9999,83-640-000-000,Урванский муниципальный район,Урванский,муниципальный район,7,Кабардино-Балкарская Республика,43.5561489,43.8616759,75558.0,75785.0,,5540.0,,1445.0,,462.0,,1709.0,,5195.0,,20039.0,,12.0,True
178,2018,9999,83-645-000-000,Чегемский муниципальный район,Чегемский,муниципальный район,7,Кабардино-Балкарская Республика,43.5655936,43.5899021,78227.0,78266.0,,6549.0,,1322.0,,1112.0,,1973.0,,5021.0,,22204.0,,5.0,True
179,2018,9999,83-648-000-000,Эльбрусский муниципальный район,Эльбрусский,муниципальный район,7,Кабардино-Балкарская Республика,43.3958986,42.9230751,39241.0,39453.0,6523.0,7662.0,966.0,992.0,590.0,682.0,1634.0,1686.0,4109.0,6752.0,18395.0,22785.0,10.0,11.0,True
181,2018,9999,85-605-000-000,Городовиковский муниципальный район,Городовиковский,муниципальный район,8,Республика Калмыкия,46.082851,41.934269,13530.0,13573.0,7878.0,8629.0,989.0,1009.0,209.0,178.0,1134.0,1030.0,2832.0,4390.0,17453.0,19958.0,12.0,12.0,True
182,2018,9999,85-610-000-000,Ики-Бурульский муниципальный район,Ики-Бурульский,муниципальный район,8,Республика Калмыкия,45.822998,44.647003,9519.0,9992.0,,,,,,,,,,,,,,,False
183,2018,9999,85-625-000-000,Кетченеровский муниципальный район,Кетченеровский,муниципальный район,8,Республика Калмыкия,47.304371,44.528316,8524.0,8588.0,5443.0,7244.0,873.0,855.0,439.0,503.0,1532.0,1851.0,1867.0,3426.0,16605.0,19228.0,4.0,3.0,True
184,2018,9999,85-615-000-000,Лаганский муниципальный район,Лаганский,муниципальный район,8,Республика Калмыкия,45.392059,47.361282,18310.0,18650.0,8489.0,9732.0,935.0,985.0,200.0,227.0,872.0,922.0,2630.0,3861.0,18528.0,21276.0,12.0,12.0,True
185,2018,9999,85-620-000-000,Малодербетовский муниципальный район,Малодербетовский,муниципальный район,8,Республика Калмыкия,47.9509398,44.6783553,9207.0,9256.0,5650.0,6904.0,1034.0,1005.0,274.0,264.0,1627.0,1510.0,3309.0,4527.0,17213.0,19336.0,12.0,12.0,True
186,2018,9999,85-623-000-000,Октябрьский муниципальный район,Октябрьский,муниципальный район,8,Республика Калмыкия,47.850693,45.428036,7730.0,7654.0,7248.0,9147.0,552.0,698.0,248.0,288.0,1035.0,1261.0,3017.0,5134.0,16775.0,21132.0,9.0,12.0,True
187,2018,9999,85-628-000-000,Приютненский муниципальный район,Приютненский,муниципальный район,8,Республика Калмыкия,46.100689,43.512432,9437.0,9468.0,6163.0,,899.0,,232.0,,1146.0,,1482.0,,16341.0,,3.0,,True
188,2018,9999,85-632-000-000,Сарпинский муниципальный район,Сарпинский,муниципальный район,8,Республика Калмыкия,47.7676505,44.5164159,11043.0,11466.0,8669.0,10091.0,1030.0,969.0,404.0,411.0,1357.0,1335.0,3290.0,4613.0,18718.0,21960.0,12.0,12.0,True
189,2018,9999,85-637-000-000,Целинный муниципальный район,Целинный,муниципальный район,8,Республика Калмыкия,46.411068,44.260704,20276.0,20296.0,7952.0,9681.0,811.0,828.0,461.0,673.0,1154.0,1450.0,2220.0,3834.0,17395.0,23133.0,7.0,5.0,True
190,2018,9999,85-642-000-000,Черноземельский муниципальный район,Черноземельский,муниципальный район,8,Республика Калмыкия,45.32967,46.04298,11985.0,11850.0,7412.0,8587.0,607.0,796.0,408.0,444.0,1355.0,1497.0,2040.0,4428.0,16818.0,21184.0,8.0,10.0,True
191,2018,9999,85-646-000-000,Юстинский муниципальный район,Юстинский,муниципальный район,8,Республика Калмыкия,47.565372,46.724106,8828.0,8903.0,7473.0,8589.0,968.0,990.0,292.0,335.0,1629.0,1652.0,3473.0,5368.0,19523.0,21906.0,12.0,12.0,True
192,2018,9999,85-650-000-000,Яшалтинский муниципальный район,Яшалтинский,муниципальный район,8,Республика Калмыкия,46.3384099,42.27412896268666,14353.0,14402.0,6672.0,6978.0,990.0,975.0,166.0,226.0,1201.0,1192.0,3967.0,6128.0,16755.0,19647.0,11.0,11.0,True
193,2018,9999,85-654-000-000,Яшкульский муниципальный район,Яшкульский,муниципальный район,8,Республика Калмыкия,46.174168,45.343464,14859.0,15057.0,7785.0,8412.0,794.0,926.0,371.0,512.0,1358.0,1582.0,2545.0,4003.0,18180.0,21020.0,11.0,11.0,True
194,2018,9999,91-701-000-000,городской округ Черкесский,Черкесский,городской округ,9,Карачаево-Черкесская Республика,44.2285229,42.048257,112789.0,112782.0,7840.0,8677.0,1629.0,1751.0,1418.0,1695.0,1601.0,1732.0,2955.0,4571.0,22652.0,26029.0,12.0,12.0,True
195,2018,9999,91-705-000-000,городской округ Карачаевский,Карачаевский,городской округ,9,Карачаево-Черкесская Республика,43.7715594,41.911979,41060.0,41150.0,6613.0,7052.0,1208.0,1366.0,698.0,998.0,1196.0,1302.0,3514.0,5275.0,18647.0,21534.0,12.0,12.0,True
196,2018,9999,91-601-000-000,Абазинский муниципальный район,Абазинский,муниципальный район,9,Карачаево-Черкесская Республика,44.0524374,41.78537743530578,17867.0,18121.0,6760.0,7776.0,1323.0,1483.0,1190.0,1519.0,1798.0,2069.0,2796.0,4607.0,20536.0,24266.0,12.0,12.0,True
197,2018,9999,91-603-000-000,Адыге-Хабльский муниципальный район,Адыге-Хабльский,муниципальный район,9,Карачаево-Черкесская Республика,44.3314433,41.9371355,16419.0,16364.0,6831.0,7456.0,1230.0,1211.0,574.0,804.0,1203.0,1291.0,2219.0,4239.0,16704.0,19546.0,9.0,12.0,True
198,2018,9999,91-610-000-000,Зеленчукский муниципальный район,Зеленчукский,муниципальный район,9,Карачаево-Черкесская Республика,43.8549752,41.5853611,53819.0,53555.0,7210.0,7713.0,1377.0,1418.0,483.0,584.0,1562.0,1641.0,3664.0,5525.0,19797.0,22906.0,12.0,12.0,True
199,2018,9999,91-615-000-000,Карачаевский муниципальный район,Карачаевский,муниципальный район,9,Карачаево-Черкесская Республика,43.7715594,41.911979,31305.0,31278.0,,,,,,,,,,,,,,,False
200,2018,9999,91-620-000-000,Малокарачаевский муниципальный район,Малокарачаевский,муниципальный район,9,Карачаево-Черкесская Республика,43.9465576,42.5147956,42803.0,42682.0,5118.0,5586.0,1329.0,1394.0,774.0,796.0,718.0,737.0,2290.0,4288.0,15220.0,17608.0,10.0,12.0,True
201,2018,9999,91-623-000-000,Ногайский муниципальный район,Ногайский,муниципальный район,9,Карачаево-Черкесская Республика,44.3768288,41.9579221,16443.0,16400.0,7336.0,8059.0,1325.0,1420.0,1044.0,1219.0,1922.0,2030.0,2464.0,4483.0,20277.0,23295.0,12.0,12.0,True
202,2018,9999,91-625-000-000,Прикубанский муниципальный район,Прикубанский,муниципальный район,9,Карачаево-Черкесская Республика,44.2683702,42.2308891,29951.0,30028.0,6249.0,6741.0,1406.0,1481.0,1152.0,1392.0,1787.0,1853.0,2814.0,3752.0,20388.0,21207.0,5.0,12.0,True
203,2018,9999,91-630-000-000,Урупский муниципальный район,Урупский,муниципальный район,9,Карачаево-Черкесская Республика,43.9528755,41.1917906,24282.0,24072.0,7369.0,8091.0,946.0,1054.0,423.0,449.0,1008.0,1020.0,4641.0,7008.0,19746.0,22914.0,12.0,12.0,True
204,2018,9999,91-635-000-000,Усть-Джегутинский муниципальный район,Усть-Джегутинский,муниципальный район,9,Карачаево-Черкесская Республика,44.0858961,41.9722557,50777.0,50870.0,6101.0,7271.0,1375.0,1436.0,692.0,1010.0,968.0,1122.0,2333.0,4136.0,16942.0,20529.0,12.0,12.0,True
205,2018,9999,91-640-000-000,Хабезский муниципальный район,Хабезский,муниципальный район,9,Карачаево-Черкесская Республика,44.0461094,41.7695948,30929.0,31020.0,6291.0,7053.0,1200.0,1311.0,869.0,1044.0,1597.0,1892.0,2060.0,3801.0,16759.0,20005.0,12.0,12.0,True
206,2018,9999,86-701-000-000,городской округ Петрозаводский,Петрозаводский,городской округ,10,Республика Карелия,61.7900426,34.390007,235793.0,235694.0,14207.0,15827.0,1894.0,2144.0,2221.0,2559.0,2435.0,2688.0,3843.0,5800.0,37364.0,43032.0,12.0,12.0,True
207,2018,9999,86-706-000-000,городской округ Костомукшский,Костомукшский,городской округ,10,Республика Карелия,64.5873013,30.5969076,26531.0,26470.0,16181.0,18046.0,1640.0,1781.0,1960.0,2348.0,2218.0,2229.0,5216.0,7554.0,38740.0,44358.0,12.0,12.0,True
208,2018,9999,86-504-000-000,Беломорский муниципальный округ,Беломорский,муниципальный округ,10,Республика Карелия,64.5216684,34.7625835,12546.0,12305.0,13732.0,15062.0,1229.0,1311.0,552.0,616.0,1423.0,1388.0,4200.0,5857.0,31099.0,34558.0,12.0,12.0,True
209,2018,9999,86-609-000-000,Калевальский муниципальный район,Калевальский,муниципальный район,10,Республика Карелия,65.200096,31.180172,5939.0,5888.0,15562.0,17033.0,1195.0,1302.0,627.0,772.0,2377.0,2554.0,4473.0,6800.0,32165.0,36518.0,12.0,12.0,True
210,2018,9999,86-612-000-000,Кемский муниципальный район,Кемский,муниципальный район,10,Республика Карелия,64.9550895,34.5697446,12715.0,12493.0,13658.0,14438.0,1113.0,1093.0,636.0,615.0,1180.0,1085.0,4700.0,5706.0,29785.0,31530.0,12.0,12.0,True
211,2018,9999,86-615-000-000,Кондопожский муниципальный район,Кондопожский,муниципальный район,10,Республика Карелия,62.20929,34.268185,31671.0,31368.0,12858.0,13687.0,1142.0,1224.0,1107.0,1186.0,1335.0,1207.0,3107.0,4643.0,27880.0,30421.0,12.0,12.0,True
212,2018,9999,86-618-000-000,Лахденпохский муниципальный район,Лахденпохский,муниципальный район,10,Республика Карелия,61.5179265,30.2038927,10709.0,10502.0,12896.0,14314.0,1222.0,1229.0,629.0,816.0,1675.0,1680.0,5517.0,7734.0,29860.0,34333.0,12.0,12.0,True
213,2018,9999,86-621-000-000,Лоухский муниципальный район,Лоухский,муниципальный район,10,Республика Карелия,66.07512539999999,33.04001857654001,10289.0,10092.0,15303.0,16853.0,1250.0,1345.0,556.0,678.0,1607.0,1641.0,4965.0,7107.0,32331.0,36874.0,12.0,12.0,True
214,2018,9999,86-624-000-000,Медвежьегорский муниципальный район,Медвежьегорский,муниципальный район,10,Республика Карелия,62.915024,34.473339,23931.0,23603.0,13251.0,14237.0,1050.0,1187.0,599.0,636.0,1378.0,1375.0,3909.0,5750.0,28359.0,31819.0,12.0,12.0,True
215,2018,9999,86-627-000-000,Муезерский муниципальный район,Муезерский,муниципальный район,10,Республика Карелия,63.9596446,31.9947228,7903.0,7695.0,14192.0,15353.0,1162.0,1315.0,494.0,658.0,1474.0,1550.0,3964.0,5733.0,28739.0,33015.0,12.0,12.0,True
216,2018,9999,86-630-000-000,Олонецкий муниципальный район,Олонецкий,муниципальный район,10,Республика Карелия,60.979276,32.9749376,18662.0,18460.0,12677.0,13735.0,979.0,1054.0,577.0,627.0,1262.0,1237.0,3320.0,5070.0,26042.0,29352.0,12.0,12.0,True
217,2018,9999,86-533-000-000,Питкярантский муниципальный округ,Питкярантский,муниципальный округ,10,Республика Карелия,61.57460265,31.47962163893381,14735.0,14495.0,13612.0,14944.0,1144.0,1182.0,738.0,920.0,1467.0,1377.0,4221.0,5970.0,29640.0,33159.0,12.0,12.0,True
218,2018,9999,86-636-000-000,Прионежский муниципальный район,Прионежский,муниципальный район,10,Республика Карелия,61.7900426,34.390007,21994.0,21969.0,13677.0,15594.0,1372.0,1542.0,1576.0,1819.0,2220.0,2621.0,3965.0,6485.0,33150.0,39602.0,12.0,12.0,True
219,2018,9999,86-639-000-000,Пряжинский муниципальный район,Пряжинский,муниципальный район,10,Республика Карелия,61.6932537,33.6224108,12259.0,12023.0,12726.0,13459.0,937.0,883.0,581.0,544.0,1077.0,816.0,3350.0,5146.0,25017.0,27122.0,12.0,12.0,True
220,2018,9999,86-642-000-000,Пудожский муниципальный район,Пудожский,муниципальный район,10,Республика Карелия,61.808434,36.536045,14351.0,13907.0,12692.0,13861.0,1069.0,1129.0,438.0,515.0,1392.0,1489.0,2888.0,4846.0,26332.0,29864.0,12.0,12.0,True
221,2018,9999,86-545-000-000,Сегежский муниципальный округ,Сегежский,муниципальный округ,10,Республика Карелия,63.7435087,34.3106868,31609.0,31219.0,13954.0,15126.0,1037.0,1201.0,873.0,899.0,1352.0,1371.0,4044.0,5998.0,30401.0,34714.0,12.0,12.0,True
222,2018,9999,86-610-000-000,Сортавальский муниципальный район,Сортавальский,муниципальный район,10,Республика Карелия,61.70274,30.691231,23825.0,23603.0,13494.0,15114.0,1393.0,1593.0,1072.0,1401.0,1843.0,1984.0,4679.0,7069.0,33201.0,39123.0,12.0,12.0,True
223,2018,9999,86-550-000-000,Суоярвский муниципальный округ,Суоярвский,муниципальный округ,10,Республика Карелия,62.0820094,32.345856,12418.0,12070.0,13294.0,14048.0,1054.0,1084.0,452.0,456.0,1071.0,1028.0,3674.0,5510.0,26973.0,29659.0,12.0,12.0,True
224,2018,9999,87-701-000-000,городской округ Сыктывкар,Сыктывкар,городской округ,11,Республика Коми,61.6685237,50.8352024,233105.0,232811.0,13886.0,15279.0,1603.0,1830.0,1675.0,1946.0,2114.0,2342.0,3148.0,4872.0,33845.0,38508.0,12.0,12.0,True
225,2018,9999,87-710-000-000,городской округ Воркута,Воркута,городской округ,11,Республика Коми,67.5035662,64.0627028,67702.0,67547.0,15358.0,16728.0,1481.0,1656.0,1911.0,2266.0,1240.0,1429.0,4241.0,6760.0,40023.0,46038.0,12.0,12.0,True
226,2018,9999,87-512-000-000,муниципальный округ Вуктыл,Вуктыл,муниципальный округ,11,Республика Коми,63.844337,57.300171,10365.0,10125.0,13404.0,13248.0,968.0,1099.0,1052.0,1384.0,1066.0,1014.0,3182.0,5488.0,29056.0,31577.0,12.0,12.0,True
227,2018,9999,87-715-000-000,городской округ Инта,Инта,городской округ,11,Республика Коми,66.0401498,60.1313631,21092.0,20870.0,15517.0,16780.0,1344.0,1524.0,1000.0,1096.0,952.0,1054.0,4050.0,6158.0,35042.0,40008.0,12.0,12.0,True
228,2018,9999,87-523-000-000,муниципальный округ Усинск,Усинск,муниципальный округ,11,Республика Коми,65.9944237,57.5570861,36025.0,35807.0,14811.0,16029.0,1638.0,1817.0,1691.0,1926.0,1565.0,1638.0,3932.0,6036.0,36475.0,41142.0,12.0,12.0,True
229,2018,9999,87-725-000-000,городской округ Ухта,Ухта,городской округ,11,Республика Коми,63.5623797,53.6842376,94168.0,93096.0,14267.0,15643.0,1586.0,1785.0,1716.0,2014.0,1728.0,1870.0,3135.0,5108.0,34246.0,39250.0,12.0,12.0,True
230,2018,9999,87-604-000-000,Ижемский муниципальный район,Ижемский,муниципальный район,11,Республика Коми,65.0324906,53.97245771017012,16294.0,16187.0,13133.0,13765.0,861.0,921.0,473.0,506.0,1454.0,1512.0,2603.0,4373.0,26291.0,28635.0,12.0,12.0,True
231,2018,9999,87-608-000-000,Княжпогостский муниципальный район,Княжпогостский,муниципальный район,11,Республика Коми,62.5983295,50.8880873,15250.0,14981.0,14262.0,14454.0,996.0,1102.0,695.0,745.0,1244.0,1228.0,3113.0,4898.0,27250.0,30502.0,12.0,12.0,True
232,2018,9999,87-612-000-000,Койгородский муниципальный район,Койгородский,муниципальный район,11,Республика Коми,60.441257,51.007,7571.0,7470.0,12580.0,13002.0,870.0,916.0,343.0,343.0,1255.0,1268.0,2046.0,3463.0,22778.0,25017.0,12.0,12.0,True
233,2018,9999,87-616-000-000,Корткеросский муниципальный район,Корткеросский,муниципальный район,11,Республика Коми,61.8130799,51.5744647,18538.0,18232.0,10872.0,11490.0,730.0,657.0,316.0,289.0,931.0,842.0,2296.0,3604.0,20659.0,22295.0,12.0,12.0,True
234,2018,9999,87-620-000-000,муниципальный район Печора,Печора,муниципальный район,11,Республика Коми,65.1142862,57.16074,42796.0,42164.0,14620.0,15697.0,1483.0,1609.0,1489.0,1690.0,1330.0,1382.0,3180.0,5428.0,33453.0,37749.0,12.0,12.0,True
235,2018,9999,87-624-000-000,Прилузский муниципальный район,Прилузский,муниципальный район,11,Республика Коми,60.334034,49.618275,17418.0,17018.0,11377.0,12220.0,891.0,909.0,456.0,440.0,1170.0,1148.0,2099.0,3422.0,21558.0,23783.0,12.0,12.0,True
236,2018,9999,87-626-000-000,муниципальный район Сосногорск,Сосногорск,муниципальный район,11,Республика Коми,63.5895298,53.9305546,34217.0,33872.0,13338.0,14201.0,1158.0,1237.0,1109.0,1139.0,1050.0,1166.0,2886.0,5027.0,28715.0,32275.0,12.0,12.0,True
237,2018,9999,87-628-000-000,Сыктывдинский муниципальный район,Сыктывдинский,муниципальный район,11,Республика Коми,61.627003,50.768478,21432.0,21442.0,13339.0,14313.0,1118.0,1188.0,934.0,1107.0,1642.0,1733.0,2726.0,4394.0,28303.0,31476.0,12.0,12.0,True
238,2018,9999,87-632-000-000,Сысольский муниципальный район,Сысольский,муниципальный район,11,Республика Коми,61.076214,50.084496,11753.0,11592.0,13021.0,13689.0,915.0,919.0,418.0,392.0,1211.0,1128.0,2003.0,3248.0,22310.0,24221.0,12.0,12.0,True
239,2018,9999,87-636-000-000,Троицко-Печорский муниципальный район,Троицко-Печорский,муниципальный район,11,Республика Коми,62.714462,56.185379,9676.0,9461.0,13130.0,14133.0,1045.0,1190.0,348.0,354.0,1096.0,1143.0,3443.0,5256.0,26200.0,29670.0,12.0,12.0,True
240,2018,9999,87-640-000-000,Удорский муниципальный район,Удорский,муниципальный район,11,Республика Коми,63.456226,48.894211,12529.0,12261.0,13460.0,14367.0,981.0,1113.0,512.0,519.0,1198.0,1292.0,2714.0,4732.0,26173.0,29589.0,12.0,12.0,True
241,2018,9999,87-644-000-000,Усть-Вымский муниципальный район,Усть-Вымский,муниципальный район,11,Республика Коми,62.224483,49.992413,23861.0,23548.0,12994.0,13924.0,934.0,995.0,604.0,644.0,984.0,937.0,3113.0,4895.0,26317.0,29459.0,12.0,12.0,True
242,2018,9999,87-648-000-000,Усть-Куломский муниципальный район,Усть-Куломский,муниципальный район,11,Республика Коми,61.684792,53.689861,22164.0,21766.0,10544.0,10970.0,858.0,916.0,364.0,361.0,1252.0,1223.0,2070.0,3724.0,21177.0,23802.0,12.0,12.0,True
243,2018,9999,87-652-000-000,Усть-Цилемский муниципальный район,Усть-Цилемский,муниципальный район,11,Республика Коми,65.43623545,52.2008925353455,10478.0,10360.0,12940.0,13731.0,1041.0,1090.0,392.0,528.0,1536.0,1698.0,2229.0,3404.0,25580.0,28107.0,12.0,12.0,True
244,2018,9999,35-701-000-000,городской округ Симферополь,Симферополь,городской округ,91,Республика Крым,44.9521459,34.1024858,356838.0,,,,,,,,,,,,,,,,False
245,2018,9999,35-703-000-000,городской округ Алушта,Алушта,городской округ,91,Республика Крым,44.677112,34.4095393,54870.0,,,,,,,,,,,,,,,,False
246,2018,9999,35-706-000-000,городской округ Армянск,Армянск,городской округ,91,Республика Крым,46.113261,33.6904091,22479.0,,,,,,,,,,,,,,,,False
247,2018,9999,35-709-000-000,городской округ Джанкой,Джанкой,городской округ,91,Республика Крым,45.7119746,34.3927394,36157.0,,,,,,,,,,,,,,,,False
248,2018,9999,35-712-000-000,городской округ Евпатория,Евпатория,городской округ,91,Республика Крым,45.1907635,33.3679049,120314.0,,,,,,,,,,,,,,,,False
249,2018,9999,35-715-000-000,городской округ Керчь,Керчь,городской округ,91,Республика Крым,45.3534002,36.4538645,152683.0,,,,,,,,,,,,,,,,False
250,2018,9999,35-718-000-000,городской округ Красноперекопск,Красноперекопск,городской округ,91,Республика Крым,45.9568404,33.7974907,25381.0,,,,,,,,,,,,,,,,False
251,2018,9999,35-721-000-000,городской округ Саки,Саки,городской округ,91,Республика Крым,45.1449467,33.5982178,23691.0,,,,,,,,,,,,,,,,False
252,2018,9999,35-723-000-000,городской округ Судак,Судак,городской округ,91,Республика Крым,44.8488369,34.971099,34100.0,,,,,,,,,,,,,,,,False
253,2018,9999,35-726-000-000,городской округ Феодосия,Феодосия,городской округ,91,Республика Крым,45.033669,35.3753628,99209.0,,,,,,,,,,,,,,,,False
254,2018,9999,35-729-000-000,городской округ Ялта,Ялта,городской округ,91,Республика Крым,44.4970713,34.1586871,135557.0,,,,,,,,,,,,,,,,False
255,2018,9999,35-604-000-000,Бахчисарайский муниципальный район,Бахчисарайский,муниципальный район,91,Республика Крым,44.7391453,33.8850275568976,94126.0,,,,,,,,,,,,,,,,False
256,2018,9999,35-607-000-000,Белогорский муниципальный район,Белогорский,муниципальный район,91,Республика Крым,45.0454097,34.59864015,64588.0,,,,,,,,,,,,,,,,False
257,2018,9999,35-611-000-000,Джанкойский муниципальный район,Джанкойский,муниципальный район,91,Республика Крым,45.7119746,34.3927394,66959.0,,,,,,,,,,,,,,,,False
258,2018,9999,35-616-000-000,Кировский муниципальный район,Кировский,муниципальный район,91,Республика Крым,45.2306487,35.201075,51541.0,,,,,,,,,,,,,,,,False
259,2018,9999,35-620-000-000,Красногвардейский муниципальный район,Красногвардейский,муниципальный район,91,Республика Крым,45.49070625,34.30304278648477,82927.0,,,,,,,,,,,,,,,,False
260,2018,9999,35-623-000-000,Красноперекопский муниципальный район,Красноперекопский,муниципальный район,91,Республика Крым,45.9568404,33.7974907,26361.0,,,,,,,,,,,,,,,,False
261,2018,9999,35-627-000-000,Ленинский муниципальный район,Ленинский,муниципальный район,91,Республика Крым,45.297284,35.7758985,58655.0,,,,,,,,,,,,,,,,False
262,2018,9999,35-631-000-000,Нижнегорский муниципальный район,Нижнегорский,муниципальный район,91,Республика Крым,45.4423333,34.7385301,42873.0,,,,,,,,,,,,,,,,False
263,2018,9999,35-635-000-000,Первомайский муниципальный район,Первомайский,муниципальный район,91,Республика Крым,45.7199761,33.8644405788829,31545.0,,,,,,,,,,,,,,,,False
264,2018,9999,35-639-000-000,Раздольненский муниципальный район,Раздольненский,муниципальный район,91,Республика Крым,45.77069005,33.49064604426453,28882.0,,,,,,,,,,,,,,,,False
265,2018,9999,35-643-000-000,Сакский муниципальный район,Сакский,муниципальный район,91,Республика Крым,45.1449467,33.5982178,76979.0,,,,,,,,,,,,,,,,False
266,2018,9999,35-647-000-000,Симферопольский муниципальный район,Симферопольский,муниципальный район,91,Республика Крым,44.9521459,34.1024858,169120.0,,,,,,,,,,,,,,,,False
267,2018,9999,35-652-000-000,Советский муниципальный район,Советский,муниципальный район,91,Республика Крым,45.35059325,34.94712698599791,30629.0,,,,,,,,,,,,,,,,False
268,2018,9999,35-656-000-000,Черноморский муниципальный район,Черноморский,муниципальный район,91,Республика Крым,45.50611375,32.68308040713978,30341.0,,,,,,,,,,,,,,,,False
269,2018,9999,88-701-000-000,городской округ город Йошкар-Ола,Йошкар-Ола,городской округ,12,Республика Марий Эл,56.6326996,47.8975847,294128.0,295711.0,9828.0,11092.0,1373.0,1614.0,1549.0,1911.0,1705.0,2036.0,2560.0,4143.0,25533.0,30280.0,12.0,12.0,True
270,2018,9999,88-705-000-000,городской округ город Волжск,Волжск,городской округ,12,Республика Марий Эл,55.8636579,48.3618598,52164.0,51634.0,9725.0,10594.0,1005.0,1145.0,869.0,1009.0,989.0,1014.0,2784.0,4509.0,22461.0,25825.0,12.0,12.0,True
271,2018,9999,88-715-000-000,городской округ город Козьмодемьянск,Козьмодемьянск,городской округ,12,Республика Марий Эл,56.3324346,46.5462855,19355.0,19054.0,9782.0,10802.0,977.0,1040.0,407.0,474.0,1043.0,1052.0,2875.0,4410.0,21065.0,24214.0,12.0,12.0,True
272,2018,9999,88-604-000-000,Волжский муниципальный район,Волжский,муниципальный район,12,Республика Марий Эл,55.8636579,48.3618598,20633.0,20454.0,8733.0,9362.0,734.0,823.0,436.0,512.0,1205.0,1284.0,2008.0,3531.0,18750.0,21388.0,12.0,12.0,True
273,2018,9999,88-608-000-000,Горномарийский муниципальный район,Горномарийский,муниципальный район,12,Республика Марий Эл,56.3324346,46.5462855,19891.0,19578.0,8428.0,9341.0,760.0,786.0,396.0,433.0,1184.0,1259.0,1440.0,2880.0,16181.0,18857.0,12.0,12.0,True
274,2018,9999,88-612-000-000,Звениговский муниципальный район,Звениговский,муниципальный район,12,Республика Марий Эл,55.9718239,48.016105,38830.0,38471.0,9805.0,10869.0,1081.0,1150.0,525.0,595.0,1210.0,1312.0,2499.0,4023.0,20987.0,24197.0,12.0,12.0,True
275,2018,9999,88-616-000-000,Килемарский муниципальный район,Килемарский,муниципальный район,12,Республика Марий Эл,56.7767366,46.8594894,11211.0,11082.0,9783.0,10367.0,745.0,733.0,311.0,338.0,1038.0,1026.0,2049.0,3832.0,18404.0,20796.0,12.0,12.0,True
276,2018,9999,88-620-000-000,Куженерский муниципальный район,Куженерский,муниципальный район,12,Республика Марий Эл,56.8114328,48.9167614,11637.0,11382.0,8084.0,8769.0,700.0,753.0,315.0,331.0,691.0,729.0,1262.0,2581.0,16174.0,18069.0,12.0,12.0,True
277,2018,9999,88-624-000-000,Мари-Турекский муниципальный район,Мари-Турекский,муниципальный район,12,Республика Марий Эл,56.7877954,49.6203566,17406.0,17046.0,8200.0,9024.0,726.0,781.0,306.0,278.0,895.0,916.0,1461.0,2588.0,16133.0,18505.0,12.0,12.0,True
278,2018,9999,88-628-000-000,Медведевский муниципальный район,Медведевский,муниципальный район,12,Республика Марий Эл,56.6332426,47.8030237,67681.0,67769.0,10103.0,11479.0,1256.0,1544.0,1396.0,1746.0,1887.0,2311.0,2697.0,4467.0,25346.0,30837.0,12.0,12.0,True
279,2018,9999,88-632-000-000,Моркинский муниципальный район,Моркинский,муниципальный район,12,Республика Марий Эл,56.4302572,48.9980508,26138.0,25758.0,8452.0,9116.0,643.0,698.0,358.0,346.0,867.0,717.0,1582.0,2616.0,16105.0,17842.0,12.0,12.0,True
280,2018,9999,88-636-000-000,Новоторъяльский муниципальный район,Новоторъяльский,муниципальный район,12,Республика Марий Эл,57.0032906,48.7403315,13597.0,13402.0,8601.0,9354.0,627.0,667.0,214.0,305.0,730.0,854.0,1856.0,3103.0,16641.0,19199.0,12.0,12.0,True
281,2018,9999,88-640-000-000,Оршанский муниципальный район,Оршанский,муниципальный район,12,Республика Марий Эл,56.9154239,47.8944568,12379.0,12182.0,8654.0,9150.0,682.0,698.0,288.0,300.0,839.0,757.0,1661.0,3016.0,17044.0,19016.0,12.0,12.0,True
282,2018,9999,88-644-000-000,Параньгинский муниципальный район,Параньгинский,муниципальный район,12,Республика Марий Эл,56.7052785,49.3933921,13181.0,13008.0,7796.0,8383.0,709.0,719.0,232.0,256.0,822.0,788.0,1377.0,2759.0,15283.0,17597.0,12.0,12.0,True
283,2018,9999,88-648-000-000,Сернурский муниципальный район,Сернурский,муниципальный район,12,Республика Марий Эл,56.9347617,49.1469163,21572.0,21264.0,8808.0,9477.0,754.0,808.0,588.0,742.0,1007.0,1035.0,1690.0,3165.0,17761.0,21033.0,12.0,12.0,True
284,2018,9999,88-652-000-000,Советский муниципальный район,Советский,муниципальный район,12,Республика Марий Эл,56.7629821,48.474292,26377.0,26112.0,8606.0,9477.0,647.0,701.0,546.0,619.0,914.0,931.0,1884.0,3036.0,18357.0,20592.0,12.0,12.0,True
285,2018,9999,88-656-000-000,Юринский муниципальный район,Юринский,муниципальный район,12,Республика Марий Эл,56.29035,46.291918,6141.0,5947.0,9953.0,10011.0,810.0,770.0,173.0,181.0,885.0,878.0,2249.0,4295.0,16892.0,19150.0,12.0,12.0,True
286,2018,9999,89-701-000-000,городской округ Саранск,Саранск,городской округ,13,Республика Мордовия,54.18671,45.18383,0.0,339151.0,,11957.0,,1719.0,,1322.0,,2047.0,,4169.0,,30216.0,,12.0,True
287,2018,9999,89-603-000-000,Ардатовский муниципальный район,Ардатовский,муниципальный район,13,Республика Мордовия,54.8443349,46.2393200428824,23935.0,23694.0,7963.0,8356.0,1002.0,1038.0,256.0,218.0,849.0,860.0,2288.0,3271.0,15608.0,17373.0,12.0,12.0,True
288,2018,9999,89-605-000-000,Атюрьевский муниципальный район,Атюрьевский,муниципальный район,13,Республика Мордовия,54.3211519,43.3363522,9088.0,9012.0,8222.0,9549.0,964.0,1076.0,176.0,307.0,1269.0,1218.0,2638.0,3830.0,16243.0,19164.0,12.0,12.0,True
289,2018,9999,89-607-000-000,Атяшевский муниципальный район,Атяшевский,муниципальный район,13,Республика Мордовия,54.5791907,46.07576069523395,17467.0,17246.0,8488.0,9683.0,1084.0,1193.0,296.0,309.0,940.0,980.0,2634.0,3486.0,17642.0,20193.0,12.0,12.0,True
290,2018,9999,89-610-000-000,Большеберезниковский муниципальный район,Большеберезниковский,муниципальный район,13,Республика Мордовия,54.171913,45.966282,11743.0,11711.0,8432.0,9284.0,1044.0,1035.0,129.0,119.0,775.0,841.0,1756.0,2685.0,15836.0,17755.0,12.0,12.0,True
291,2018,9999,89-613-000-000,Большеигнатовский муниципальный район,Большеигнатовский,муниципальный район,13,Республика Мордовия,55.0197628,45.574424,6713.0,6717.0,6773.0,7998.0,1183.0,1111.0,146.0,145.0,897.0,864.0,1370.0,3502.0,13647.0,17394.0,7.0,12.0,True
292,2018,9999,89-616-000-000,Дубенский муниципальный район,Дубенский,муниципальный район,13,Республика Мордовия,54.437653,46.2980698,11268.0,11280.0,7127.0,7723.0,1119.0,1017.0,121.0,136.0,1040.0,968.0,2024.0,3286.0,15316.0,17354.0,12.0,12.0,True
293,2018,9999,89-618-000-000,Ельниковский муниципальный район,Ельниковский,муниципальный район,13,Республика Мордовия,54.620689,43.875977,9271.0,9068.0,8302.0,9258.0,1037.0,1150.0,173.0,205.0,910.0,951.0,2681.0,3901.0,17688.0,20157.0,12.0,12.0,True
294,2018,9999,89-621-000-000,Зубово-Полянский муниципальный район,Зубово-Полянский,муниципальный район,13,Республика Мордовия,54.079964,42.837425,45860.0,45470.0,9496.0,10724.0,1029.0,1112.0,334.0,405.0,1378.0,1500.0,3492.0,4803.0,19682.0,23006.0,12.0,12.0,True
295,2018,9999,89-624-000-000,Инсарский муниципальный район,Инсарский,муниципальный район,13,Республика Мордовия,53.867741,44.371407,11686.0,11516.0,9438.0,10306.0,989.0,1146.0,176.0,293.0,958.0,1117.0,2610.0,4335.0,18386.0,21669.0,12.0,12.0,True
296,2018,9999,89-626-000-000,Ичалковский муниципальный район,Ичалковский,муниципальный район,13,Республика Мордовия,54.694168,45.243855,17147.0,16897.0,9360.0,10741.0,1018.0,1160.0,156.0,159.0,1018.0,1079.0,2320.0,3886.0,17905.0,21398.0,12.0,12.0,True
297,2018,9999,89-628-000-000,Кадошкинский муниципальный район,Кадошкинский,муниципальный район,13,Республика Мордовия,54.03075525,44.42132744805929,6680.0,6593.0,8694.0,9735.0,1116.0,1192.0,171.0,186.0,863.0,1122.0,2702.0,3797.0,18218.0,21286.0,12.0,12.0,True
298,2018,9999,89-629-000-000,Ковылкинский муниципальный район,Ковылкинский,муниципальный район,13,Республика Мордовия,54.0345571,43.90662617920928,36267.0,35879.0,9809.0,10846.0,1128.0,1232.0,585.0,612.0,1087.0,1165.0,2654.0,3961.0,19828.0,22918.0,12.0,12.0,True
299,2018,9999,89-631-000-000,Кочкуровский муниципальный район,Кочкуровский,муниципальный район,13,Республика Мордовия,54.031414,45.434708,9396.0,9356.0,8215.0,,1077.0,,237.0,,1144.0,,1498.0,,16385.0,,3.0,,True
300,2018,9999,89-634-000-000,Краснослободский муниципальный район,Краснослободский,муниципальный район,13,Республика Мордовия,54.41721065,43.78777038683488,21734.0,21456.0,8806.0,9603.0,1040.0,1164.0,279.0,509.0,936.0,1006.0,2464.0,3629.0,17469.0,20428.0,12.0,12.0,True
301,2018,9999,89-637-000-000,Лямбирский муниципальный район,Лямбирский,муниципальный район,13,Республика Мордовия,54.2828455,45.1226407,33732.0,33537.0,9695.0,11346.0,1167.0,1394.0,553.0,799.0,1525.0,2037.0,2317.0,3900.0,21662.0,27569.0,12.0,12.0,True
302,2018,9999,89-640-000-000,Ромодановский муниципальный район,Ромодановский,муниципальный район,13,Республика Мордовия,54.420921,45.334122,19042.0,18857.0,8872.0,9672.0,1079.0,1084.0,200.0,294.0,795.0,861.0,2421.0,3744.0,17327.0,19788.0,12.0,12.0,True
303,2018,9999,89-643-000-000,Рузаевский муниципальный район,Рузаевский,муниципальный район,13,Республика Мордовия,54.058735,44.954391,59259.0,58820.0,10010.0,11266.0,1201.0,1318.0,631.0,739.0,1139.0,1256.0,2804.0,4210.0,22763.0,26387.0,12.0,12.0,True
304,2018,9999,89-646-000-000,Старошайговский муниципальный район,Старошайговский,муниципальный район,13,Республика Мордовия,54.304256,44.463558,11515.0,11300.0,8214.0,8883.0,891.0,931.0,152.0,114.0,771.0,772.0,2222.0,3296.0,15831.0,17840.0,12.0,12.0,True
305,2018,9999,89-649-000-000,Темниковский муниципальный район,Темниковский,муниципальный район,13,Республика Мордовия,54.6342327,43.21511935549957,12876.0,12696.0,9345.0,10086.0,1049.0,1112.0,257.0,303.0,1123.0,1282.0,2706.0,4018.0,18234.0,20599.0,12.0,12.0,True
306,2018,9999,89-651-000-000,Теньгушевский муниципальный район,Теньгушевский,муниципальный район,13,Республика Мордовия,54.767166,42.714211,9175.0,8971.0,8118.0,8361.0,1021.0,1031.0,156.0,144.0,1182.0,1160.0,3170.0,4443.0,17220.0,19002.0,12.0,12.0,True
307,2018,9999,89-654-000-000,Торбеевский муниципальный район,Торбеевский,муниципальный район,13,Республика Мордовия,54.074532,43.245144,18328.0,18231.0,10329.0,11277.0,1117.0,1188.0,296.0,389.0,1123.0,1212.0,3416.0,4737.0,21119.0,23982.0,12.0,12.0,True
308,2018,9999,89-657-000-000,Чамзинский муниципальный район,Чамзинский,муниципальный район,13,Республика Мордовия,54.407948,45.784023,28600.0,28433.0,10121.0,11126.0,1182.0,1304.0,649.0,572.0,1078.0,1113.0,2788.0,4165.0,20729.0,23991.0,12.0,12.0,True
309,2018,9999,98-701-000-000,городской округ город Якутск,Якутск,городской округ,14,Республика Саха (Якутия),62.0279259,129.740571750415,361154.0,367667.0,14895.0,16087.0,1736.0,1905.0,3537.0,4190.0,2832.0,3453.0,1548.0,2654.0,41915.0,47975.0,12.0,12.0,True
310,2018,9999,98-702-000-000,городской округ Жатай,Жатай,городской округ,14,Республика Саха (Якутия),62.164104,129.843109,11583.0,11772.0,14660.0,,1082.0,,1153.0,,1220.0,,1811.0,,30176.0,,8.0,,True
311,2018,9999,98-601-000-000,Абыйский муниципальный район,Абыйский,муниципальный район,14,Республика Саха (Якутия),68.53701,146.187286,3786.0,3737.0,17648.0,19247.0,1385.0,1563.0,1004.0,1167.0,1843.0,2236.0,871.0,1551.0,41541.0,48049.0,12.0,11.0,True
312,2018,9999,98-603-000-000,Алданский муниципальный район,Алданский,муниципальный район,14,Республика Саха (Якутия),58.61558475,125.3960842109866,39279.0,38998.0,17052.0,18634.0,1648.0,1865.0,1570.0,2123.0,2141.0,2450.0,2972.0,5960.0,38596.0,45686.0,12.0,12.0,True
313,2018,9999,98-606-000-000,Аллаиховский муниципальный район,Аллаиховский,муниципальный район,14,Республика Саха (Якутия),70.6193824,147.902397,2349.0,2351.0,24920.0,26294.0,1039.0,1145.0,952.0,880.0,1401.0,1667.0,888.0,1867.0,46193.0,49250.0,9.0,6.0,True
314,2018,9999,98-608-000-000,Амгинский муниципальный район,Амгинский,муниципальный район,14,Республика Саха (Якутия),60.894218,131.97998,16894.0,16705.0,12265.0,14043.0,943.0,985.0,1211.0,1433.0,2247.0,2516.0,586.0,1598.0,29093.0,31858.0,12.0,12.0,True
315,2018,9999,98-610-000-000,Анабарский национальный (долгано-эвенкийский) муниципальный район,Анабарский,муниципальный район,14,Республика Саха (Якутия),71.9649533,114.0939433,3454.0,3456.0,20871.0,22767.0,780.0,880.0,1417.0,1735.0,1068.0,1228.0,740.0,1721.0,41554.0,46902.0,12.0,10.0,True
316,2018,9999,98-612-000-000,Булунский муниципальный район,Булунский,муниципальный район,14,Республика Саха (Якутия),71.636604,128.868546,7997.0,8126.0,19763.0,21182.0,1511.0,1565.0,2522.0,3051.0,923.0,1090.0,1497.0,2681.0,46053.0,51165.0,12.0,12.0,True
317,2018,9999,98-614-000-000,Верхневилюйский муниципальный район,Верхневилюйский,муниципальный район,14,Республика Саха (Якутия),63.4497609,120.3146678,20889.0,20721.0,12240.0,13906.0,793.0,879.0,1151.0,1294.0,1979.0,2107.0,549.0,2387.0,27722.0,31246.0,12.0,12.0,True
318,2018,9999,98-615-000-000,Верхнеколымский муниципальный район,Верхнеколымский,муниципальный район,14,Республика Саха (Якутия),65.733597,150.893326,3748.0,3687.0,24612.0,26278.0,2090.0,2190.0,897.0,1140.0,1634.0,2075.0,1296.0,2357.0,48687.0,53667.0,12.0,12.0,True
319,2018,9999,98-616-000-000,Верхоянский муниципальный район,Верхоянский,муниципальный район,14,Республика Саха (Якутия),67.654907,134.635071,10009.0,9998.0,19232.0,21952.0,1454.0,1574.0,1119.0,1268.0,1617.0,1986.0,879.0,2288.0,37381.0,42452.0,12.0,12.0,True
320,2018,9999,98-618-000-000,Вилюйский муниципальный район,Вилюйский,муниципальный район,14,Республика Саха (Якутия),63.754082,121.626549,25121.0,25157.0,12479.0,12843.0,1092.0,1059.0,1478.0,1482.0,1850.0,2006.0,736.0,2295.0,29986.0,32012.0,12.0,12.0,True
321,2018,9999,98-620-000-000,Горный муниципальный район,Горный,муниципальный район,14,Республика Саха (Якутия),62.098289,126.699837,12004.0,11936.0,11767.0,12226.0,789.0,767.0,909.0,897.0,1812.0,1928.0,1817.0,2430.0,26066.0,27472.0,12.0,12.0,True
322,2018,9999,98-622-000-000,Жиганский муниципальный район,Жиганский,муниципальный район,14,Республика Саха (Якутия),66.76564,123.3741,4086.0,4023.0,15683.0,16342.0,572.0,569.0,1169.0,1269.0,1817.0,1926.0,726.0,1871.0,38609.0,42224.0,12.0,10.0,True
323,2018,9999,98-624-000-000,Кобяйский муниципальный район,Кобяйский,муниципальный район,14,Республика Саха (Якутия),63.923618,127.466759,11188.0,11053.0,13294.0,14285.0,1182.0,1226.0,1458.0,1497.0,1429.0,1685.0,851.0,1651.0,31669.0,34484.0,12.0,12.0,True
324,2018,9999,98-626-000-000,Нюрбинский муниципальный район,Нюрбинский,муниципальный район,14,Республика Саха (Якутия),63.286648,118.354149,22997.0,22761.0,12110.0,13746.0,1246.0,1335.0,1157.0,1394.0,2039.0,2234.0,1030.0,2685.0,29240.0,33648.0,12.0,12.0,True
325,2018,9999,98-627-000-000,Ленский муниципальный район,Ленский,муниципальный район,14,Республика Саха (Якутия),60.7145488,114.9172123,32106.0,31833.0,15556.0,17717.0,1390.0,1532.0,1647.0,2006.0,1780.0,2224.0,3080.0,5660.0,38148.0,45160.0,12.0,12.0,True
326,2018,9999,98-629-000-000,Мегино-Кангаласский муниципальный район,Мегино-Кангаласский,муниципальный район,14,Республика Саха (Якутия),61.957066,129.911346,33110.0,32932.0,11728.0,13096.0,955.0,994.0,1404.0,1602.0,2497.0,2973.0,1268.0,2280.0,29869.0,32915.0,12.0,12.0,True
327,2018,9999,98-631-000-000,Мирнинский муниципальный район,Мирнинский,муниципальный район,14,Республика Саха (Якутия),62.541077,113.978584,71308.0,71704.0,16348.0,17656.0,1457.0,1640.0,2166.0,2831.0,1525.0,1862.0,3853.0,5954.0,39248.0,45210.0,12.0,12.0,True
328,2018,9999,98-633-000-000,Момский муниципальный район,Момский,муниципальный район,14,Республика Саха (Якутия),66.455612,143.223007,3783.0,3836.0,15850.0,16693.0,1122.0,1162.0,1217.0,1390.0,1566.0,1942.0,706.0,1370.0,40284.0,44168.0,12.0,10.0,True
329,2018,9999,98-635-000-000,Намский муниципальный район,Намский,муниципальный район,14,Республика Саха (Якутия),62.718227,129.664246,24860.0,25069.0,12197.0,12109.0,942.0,990.0,1547.0,1832.0,2574.0,2481.0,1422.0,2358.0,30322.0,32138.0,12.0,12.0,True
330,2018,9999,98-660-000-000,Нерюнгринский муниципальный район,Нерюнгринский,муниципальный район,14,Республика Саха (Якутия),56.6579435,124.7123042,69032.0,68431.0,16384.0,18111.0,1544.0,1756.0,1952.0,2638.0,1707.0,2126.0,2991.0,5215.0,40478.0,47321.0,12.0,12.0,True
331,2018,9999,98-637-000-000,Нижнеколымский муниципальный район,Нижнеколымский,муниципальный район,14,Республика Саха (Якутия),68.7427218,161.3324435184306,4211.0,4175.0,20256.0,23179.0,1352.0,1557.0,3096.0,3451.0,1543.0,2065.0,1103.0,1879.0,50168.0,57365.0,12.0,12.0,True
332,2018,9999,98-639-000-000,Оймяконский муниципальный район,Оймяконский,муниципальный район,14,Республика Саха (Якутия),64.566376,143.237839,7600.0,7566.0,21249.0,23408.0,1618.0,1851.0,2146.0,2659.0,1951.0,2213.0,1960.0,3909.0,44658.0,52176.0,12.0,12.0,True
333,2018,9999,98-641-000-000,Олекминский муниципальный район,Олекминский,муниципальный район,14,Республика Саха (Якутия),60.3729364,120.403496,20691.0,20525.0,15895.0,17770.0,1496.0,1634.0,1426.0,1630.0,1974.0,2245.0,4013.0,5836.0,37662.0,43095.0,12.0,12.0,True
334,2018,9999,98-642-000-000,Оленекский эвенкийский национальный муниципальный район,Оленекский,муниципальный район,14,Республика Саха (Якутия),68.505272,112.450287,4361.0,4364.0,17162.0,18667.0,1003.0,1072.0,1965.0,2209.0,2225.0,2235.0,1014.0,1741.0,41830.0,45412.0,12.0,12.0,True
335,2018,9999,98-646-000-000,Среднеколымский муниципальный район,Среднеколымский,муниципальный район,14,Республика Саха (Якутия),67.455497,153.7071456,6741.0,6714.0,19628.0,22061.0,1037.0,1097.0,1102.0,1478.0,1224.0,1573.0,648.0,1257.0,36650.0,41118.0,12.0,12.0,True
336,2018,9999,98-648-000-000,Сунтарский муниципальный район,Сунтарский,муниципальный район,14,Республика Саха (Якутия),62.157455,117.646332,22352.0,22228.0,14273.0,15594.0,995.0,1075.0,849.0,996.0,2072.0,2193.0,1220.0,3308.0,29439.0,33312.0,12.0,12.0,True
337,2018,9999,98-604-000-000,Таттинский муниципальный район,Таттинский,муниципальный район,14,Республика Саха (Якутия),62.360935,133.563309,16858.0,16750.0,11183.0,10865.0,872.0,870.0,888.0,967.0,2173.0,2182.0,624.0,1803.0,26215.0,28440.0,12.0,12.0,True
338,2018,9999,98-650-000-000,Томпонский муниципальный район,Томпонский,муниципальный район,14,Республика Саха (Якутия),62.6477939,135.5750942,11064.0,10897.0,16692.0,19258.0,810.0,1241.0,1038.0,1451.0,2003.0,2078.0,1126.0,3218.0,35238.0,41544.0,12.0,12.0,True
339,2018,9999,98-652-000-000,Усть-Алданский муниципальный район,Усть-Алданский,муниципальный район,14,Республика Саха (Якутия),62.6722619,131.1795031521465,22249.0,22012.0,10735.0,11532.0,891.0,848.0,896.0,1143.0,2215.0,2266.0,605.0,1409.0,25471.0,27543.0,12.0,12.0,True
340,2018,9999,98-654-000-000,Усть-Майский муниципальный район,Усть-Майский,муниципальный район,14,Республика Саха (Якутия),60.416439,134.536499,7159.0,7343.0,16598.0,18345.0,1176.0,1347.0,824.0,1024.0,1851.0,2135.0,1099.0,2894.0,36276.0,41306.0,12.0,12.0,True
341,2018,9999,98-656-000-000,Усть-Янский муниципальный район,Усть-Янский,муниципальный район,14,Республика Саха (Якутия),69.3396494,139.9468635,6809.0,6725.0,19089.0,20668.0,1221.0,1421.0,1177.0,1492.0,1008.0,1339.0,1255.0,2265.0,45234.0,51581.0,12.0,12.0,True
342,2018,9999,98-644-000-000,Хангаласский муниципальный район,Хангаласский,муниципальный район,14,Республика Саха (Якутия),61.48327,129.1540617,34435.0,34331.0,14240.0,14210.0,1020.0,997.0,1377.0,1390.0,2085.0,2011.0,1833.0,3172.0,30845.0,32181.0,12.0,12.0,True
343,2018,9999,98-658-000-000,Чурапчинский муниципальный район,Чурапчинский,муниципальный район,14,Республика Саха (Якутия),61.999668,132.425201,21955.0,21807.0,11549.0,11926.0,833.0,908.0,1036.0,1066.0,2450.0,2622.0,490.0,1633.0,27758.0,29825.0,12.0,12.0,True
344,2018,9999,98-659-000-000,Эвено-Бытантайский национальный муниципальный район,Эвено-Бытантайский,муниципальный район,14,Республика Саха (Якутия),67.799362,130.403229,2948.0,2962.0,20071.0,19394.0,1608.0,1656.0,584.0,995.0,221.0,510.0,833.0,1414.0,40959.0,39000.0,6.0,4.0,True
345,2018,9999,90-701-000-000,городской округ город Владикавказ,Владикавказ,городской округ,15,Республика Северная Осетия — Алания,43.024593,44.68211,309619.0,309358.0,7467.0,8722.0,1836.0,2029.0,1805.0,2236.0,2739.0,3103.0,3850.0,5572.0,27901.0,32506.0,12.0,12.0,True
346,2018,9999,90-605-000-000,Алагирский муниципальный район,Алагирский,муниципальный район,15,Республика Северная Осетия — Алания,43.018619,44.2261205,38381.0,38229.0,5101.0,5852.0,1682.0,1810.0,1547.0,1686.0,1673.0,1900.0,3833.0,5555.0,21684.0,25106.0,12.0,12.0,True
347,2018,9999,90-610-000-000,Ардонский муниципальный район,Ардонский,муниципальный район,15,Республика Северная Осетия — Алания,43.1739502,44.2752375,31288.0,31304.0,5425.0,6408.0,1581.0,1729.0,681.0,886.0,1790.0,1950.0,3961.0,5908.0,20841.0,24097.0,12.0,12.0,True
348,2018,9999,90-615-000-000,Дигорский муниципальный район,Дигорский,муниципальный район,15,Республика Северная Осетия — Алания,43.1591223,44.1581267,18504.0,18606.0,5562.0,6619.0,1664.0,1695.0,549.0,727.0,1785.0,2002.0,4302.0,6163.0,20377.0,24008.0,12.0,12.0,True
349,2018,9999,90-620-000-000,Ирафский муниципальный район,Ирафский,муниципальный район,15,Республика Северная Осетия — Алания,43.198139,43.923298,15607.0,15554.0,6310.0,7362.0,1372.0,1489.0,312.0,488.0,1517.0,1717.0,3015.0,4775.0,17622.0,21048.0,12.0,12.0,True
350,2018,9999,90-625-000-000,Кировский муниципальный район,Кировский,муниципальный район,15,Республика Северная Осетия — Алания,43.344178,44.201134,27907.0,27871.0,,6081.0,,1516.0,,438.0,,1599.0,,8566.0,,24763.0,,1.0,True
351,2018,9999,90-630-000-000,Моздокский муниципальный район,Моздокский,муниципальный район,15,Республика Северная Осетия — Алания,43.735584,44.653614,82698.0,81941.0,8237.0,9476.0,1399.0,1533.0,835.0,1021.0,1737.0,2038.0,3711.0,5247.0,22622.0,26661.0,12.0,12.0,True
352,2018,9999,90-635-000-000,Правобережный муниципальный район,Правобережный,муниципальный район,15,Республика Северная Осетия — Алания,43.1875572,44.5375689,55510.0,55643.0,5979.0,7030.0,1480.0,1672.0,968.0,1257.0,1783.0,2165.0,3564.0,5112.0,21405.0,25251.0,12.0,12.0,True
353,2018,9999,90-640-000-000,Пригородный муниципальный район,Пригородный,муниципальный район,15,Республика Северная Осетия — Алания,43.055016,44.746845,101234.0,100373.0,6688.0,7625.0,1533.0,1686.0,993.0,1254.0,2296.0,2379.0,4744.0,5465.0,23917.0,26045.0,5.0,12.0,True
354,2018,9999,92-701-000-000,городской округ город Казань,Казань,городской округ,16,Республика Татарстан,55.7823547,49.1242266,1314685.0,1318604.0,11279.0,12744.0,1903.0,2196.0,2525.0,2949.0,2697.0,3054.0,3119.0,4874.0,32484.0,37914.0,12.0,12.0,True
355,2018,9999,92-730-000-000,городской округ город Набережные Челны,Набережные Челны,городской округ,16,Республика Татарстан,55.7419774,52.399207,545750.0,544383.0,10755.0,12340.0,1580.0,1874.0,2073.0,2523.0,2214.0,2617.0,2591.0,4310.0,28401.0,34048.0,12.0,12.0,True
356,2018,9999,92-601-000-000,Агрызский муниципальный район,Агрызский,муниципальный район,16,Республика Татарстан,56.525516,52.9971643,34692.0,34401.0,8449.0,8978.0,959.0,983.0,565.0,676.0,1033.0,946.0,1618.0,2883.0,18852.0,21429.0,12.0,12.0,True
357,2018,9999,92-602-000-000,Азнакаевский муниципальный район,Азнакаевский,муниципальный район,16,Республика Татарстан,54.8629555,53.0792275,57623.0,57093.0,9420.0,10235.0,1040.0,1117.0,893.0,874.0,1417.0,1488.0,2024.0,3359.0,21372.0,23924.0,12.0,12.0,True
358,2018,9999,92-604-000-000,Аксубаевский муниципальный район,Аксубаевский,муниципальный район,16,Республика Татарстан,54.846351,50.8055345,26484.0,26162.0,8103.0,8901.0,747.0,844.0,274.0,302.0,1133.0,1245.0,1619.0,2868.0,16112.0,18756.0,12.0,12.0,True
359,2018,9999,92-605-000-000,Актанышский муниципальный район,Актанышский,муниципальный район,16,Республика Татарстан,55.7221799,54.0577272,27710.0,27287.0,8180.0,8677.0,819.0,818.0,592.0,584.0,1073.0,1177.0,1493.0,2428.0,16637.0,18536.0,12.0,12.0,True
360,2018,9999,92-606-000-000,Алексеевский муниципальный район,Алексеевский,муниципальный район,16,Республика Татарстан,55.3049649,50.1129039,24739.0,24626.0,9565.0,10653.0,808.0,873.0,443.0,406.0,1199.0,1157.0,2735.0,4239.0,20550.0,23393.0,12.0,12.0,True
361,2018,9999,92-607-000-000,Алькеевский муниципальный район,Алькеевский,муниципальный район,16,Республика Татарстан,54.9034845,49.9275488,18228.0,18063.0,8847.0,9134.0,880.0,958.0,389.0,352.0,1329.0,1246.0,1693.0,2857.0,17607.0,19448.0,12.0,12.0,True
362,2018,9999,92-608-000-000,Альметьевский муниципальный район,Альметьевский,муниципальный район,16,Республика Татарстан,54.9005008,52.2963777,213275.0,212359.0,11188.0,12391.0,1527.0,1788.0,1719.0,2084.0,2239.0,2575.0,2626.0,4100.0,28115.0,32721.0,12.0,12.0,True
363,2018,9999,92-610-000-000,Апастовский муниципальный район,Апастовский,муниципальный район,16,Республика Татарстан,55.2026717,48.5068612,18786.0,18676.0,7836.0,8226.0,915.0,806.0,454.0,417.0,1158.0,1079.0,1413.0,2642.0,15522.0,17125.0,12.0,12.0,True
364,2018,9999,92-612-000-000,Арский муниципальный район,Арский,муниципальный район,16,Республика Татарстан,56.0909916,49.8771828,50166.0,49659.0,8107.0,8815.0,872.0,1026.0,538.0,640.0,1467.0,1516.0,1510.0,2906.0,17347.0,20096.0,12.0,12.0,True
365,2018,9999,92-613-000-000,Атнинский муниципальный район,Атнинский,муниципальный район,16,Республика Татарстан,56.2503047,49.4534003,12371.0,12245.0,7566.0,7814.0,826.0,862.0,382.0,456.0,969.0,917.0,1322.0,2699.0,14833.0,16914.0,12.0,12.0,True
366,2018,9999,92-614-000-000,Бавлинский муниципальный район,Бавлинский,муниципальный район,16,Республика Татарстан,54.4031069,53.2356367,32711.0,32239.0,9173.0,9601.0,960.0,977.0,571.0,491.0,1328.0,1237.0,2047.0,3179.0,20004.0,21710.0,12.0,12.0,True
367,2018,9999,92-615-000-000,Балтасинский муниципальный район,Балтасинский,муниципальный район,16,Республика Татарстан,56.344623,50.2114172,32861.0,32840.0,7976.0,8666.0,982.0,1044.0,406.0,407.0,1300.0,1549.0,1430.0,2736.0,16998.0,19083.0,12.0,12.0,True
368,2018,9999,92-617-000-000,Бугульминский муниципальный район,Бугульминский,муниципальный район,16,Республика Татарстан,54.5384152,52.7955953,100110.0,99177.0,11072.0,12438.0,1236.0,1387.0,1240.0,1498.0,1608.0,1842.0,2571.0,4100.0,25761.0,29764.0,12.0,12.0,True
369,2018,9999,92-618-000-000,Буинский муниципальный район,Буинский,муниципальный район,16,Республика Татарстан,54.9723656,48.2926834,39524.0,39135.0,8614.0,9640.0,946.0,1037.0,474.0,638.0,1384.0,1506.0,1746.0,2865.0,18114.0,20932.0,12.0,12.0,True
370,2018,9999,92-620-000-000,Верхнеуслонский муниципальный район,Верхнеуслонский,муниципальный район,16,Республика Татарстан,55.7685496,48.9829213,17493.0,17641.0,9788.0,10355.0,1052.0,1090.0,1326.0,1373.0,1488.0,1420.0,3605.0,5021.0,24668.0,26460.0,12.0,12.0,True
371,2018,9999,92-622-000-000,Высокогорский муниципальный район,Высокогорский,муниципальный район,16,Республика Татарстан,55.9101814,49.3072048,58283.0,60647.0,9564.0,11133.0,1006.0,1260.0,1161.0,1576.0,1778.0,2176.0,2894.0,4906.0,23087.0,29040.0,12.0,12.0,True
372,2018,9999,92-624-000-000,Дрожжановский муниципальный район,Дрожжановский,муниципальный район,16,Республика Татарстан,54.7249827,47.5645397,20429.0,20085.0,7508.0,8063.0,784.0,828.0,282.0,300.0,1286.0,1351.0,1698.0,2625.0,15213.0,17156.0,12.0,12.0,True
373,2018,9999,92-626-000-000,Елабужский муниципальный район,Елабужский,муниципальный район,16,Республика Татарстан,55.7577131,52.0539938,85667.0,85471.0,10461.0,12081.0,1374.0,1646.0,1691.0,2069.0,2034.0,2510.0,2780.0,4618.0,26354.0,32278.0,12.0,12.0,True
374,2018,9999,92-627-000-000,Заинский муниципальный район,Заинский,муниципальный район,16,Республика Татарстан,55.2866509,52.0056047,52812.0,52217.0,10029.0,11433.0,1124.0,1244.0,931.0,1109.0,1445.0,1561.0,2494.0,4114.0,22224.0,26362.0,12.0,12.0,True
375,2018,9999,92-628-000-000,Зеленодольский муниципальный район,Зеленодольский,муниципальный район,16,Республика Татарстан,55.8586627,48.55746590061055,169710.0,169798.0,10916.0,12408.0,1368.0,1566.0,1608.0,1950.0,1878.0,2228.0,2928.0,4740.0,27165.0,32307.0,12.0,12.0,True
376,2018,9999,92-629-000-000,Кайбицкий муниципальный район,Кайбицкий,муниципальный район,16,Республика Татарстан,55.4061658,48.19358,12622.0,12423.0,8160.0,8328.0,705.0,822.0,291.0,278.0,979.0,1154.0,1315.0,2605.0,15919.0,17398.0,12.0,12.0,True
377,2018,9999,92-630-000-000,Камско-Устьинский муниципальный район,Камско-Устьинский,муниципальный район,16,Республика Татарстан,55.2015629,49.2680082,14305.0,14157.0,9590.0,10364.0,934.0,935.0,270.0,236.0,1038.0,1066.0,2447.0,3885.0,19096.0,21645.0,12.0,12.0,True
378,2018,9999,92-633-000-000,Кукморский муниципальный район,Кукморский,муниципальный район,16,Республика Татарстан,56.1865318,50.8972087,51290.0,51202.0,8505.0,8808.0,919.0,1004.0,574.0,583.0,1448.0,1444.0,1686.0,2823.0,18090.0,19995.0,12.0,12.0,True
379,2018,9999,92-634-000-000,Лаишевский муниципальный район,Лаишевский,муниципальный район,16,Республика Татарстан,55.4051397,49.55569253230886,67057.0,71646.0,10849.0,12158.0,1408.0,1636.0,1760.0,2202.0,2475.0,2871.0,3538.0,5564.0,28661.0,34746.0,12.0,12.0,True
380,2018,9999,92-636-000-000,Лениногорский муниципальный район,Лениногорский,муниципальный район,16,Республика Татарстан,54.5994324,52.4469099,78468.0,77755.0,10824.0,12004.0,1327.0,1515.0,1180.0,1562.0,1610.0,1812.0,2478.0,3972.0,25032.0,29418.0,12.0,12.0,True
381,2018,9999,92-638-000-000,Мамадышский муниципальный район,Мамадышский,муниципальный район,16,Республика Татарстан,55.7090757,51.4089032,39955.0,39698.0,9047.0,9830.0,928.0,958.0,524.0,526.0,1212.0,1229.0,1692.0,2949.0,17965.0,20509.0,12.0,12.0,True
382,2018,9999,92-639-000-000,Менделеевский муниципальный район,Менделеевский,муниципальный район,16,Республика Татарстан,55.8878706,52.308443,30523.0,30286.0,9464.0,10179.0,1039.0,1122.0,814.0,672.0,1130.0,1089.0,2301.0,3774.0,20995.0,23211.0,12.0,12.0,True
383,2018,9999,92-640-000-000,Мензелинский муниципальный район,Мензелинский,муниципальный район,16,Республика Татарстан,55.7255585,53.1071815,26732.0,26385.0,9293.0,9997.0,992.0,1000.0,739.0,755.0,1258.0,1220.0,2086.0,3266.0,20013.0,22100.0,12.0,12.0,True
384,2018,9999,92-642-000-000,Муслюмовский муниципальный район,Муслюмовский,муниципальный район,16,Республика Татарстан,55.3041209,53.1975331,18828.0,18692.0,8634.0,9020.0,790.0,751.0,438.0,438.0,1179.0,1174.0,1662.0,2610.0,16501.0,18235.0,12.0,12.0,True
385,2018,9999,92-644-000-000,Нижнекамский муниципальный район,Нижнекамский,муниципальный район,16,Республика Татарстан,55.6412879,51.8160376,277053.0,276414.0,10612.0,11864.0,1449.0,1683.0,1945.0,2253.0,1866.0,2171.0,2397.0,3877.0,26355.0,30770.0,12.0,12.0,True
386,2018,9999,92-645-000-000,Новошешминский муниципальный район,Новошешминский,муниципальный район,16,Республика Татарстан,55.0616447,51.224884,12798.0,12574.0,9134.0,9945.0,765.0,881.0,389.0,415.0,1360.0,1385.0,2134.0,3593.0,18191.0,20755.0,12.0,12.0,True
387,2018,9999,92-646-000-000,Нурлатский муниципальный район,Нурлатский,муниципальный район,16,Республика Татарстан,54.4297351,50.8019579,52133.0,51661.0,9802.0,10761.0,1112.0,1248.0,741.0,828.0,1353.0,1482.0,2033.0,3443.0,20465.0,23927.0,12.0,12.0,True
388,2018,9999,92-648-000-000,Пестречинский муниципальный район,Пестречинский,муниципальный район,16,Республика Татарстан,55.7502111,49.6570913,64944.0,66372.0,10189.0,10868.0,1216.0,1231.0,1438.0,1546.0,2214.0,2176.0,3090.0,4956.0,25634.0,28575.0,12.0,12.0,True
389,2018,9999,92-650-000-000,Рыбно-Слободский муниципальный район,Рыбно-Слободский,муниципальный район,16,Республика Татарстан,55.4644212,50.1406205,24078.0,23892.0,7471.0,8069.0,788.0,883.0,316.0,275.0,964.0,944.0,1670.0,3175.0,16201.0,18370.0,11.0,12.0,True
390,2018,9999,92-652-000-000,Сабинский муниципальный район,Сабинский,муниципальный район,16,Республика Татарстан,56.0106232,50.4467802,30407.0,30381.0,8606.0,9077.0,863.0,936.0,621.0,584.0,1377.0,1451.0,1653.0,2885.0,17487.0,19596.0,12.0,12.0,True
391,2018,9999,92-653-000-000,Сармановский муниципальный район,Сармановский,муниципальный район,16,Республика Татарстан,55.2607513,52.57767738349195,34003.0,33666.0,8121.0,8475.0,1000.0,1024.0,500.0,514.0,1029.0,999.0,1724.0,2768.0,17232.0,18698.0,12.0,12.0,True
392,2018,9999,92-632-000-000,Спасский муниципальный район,Спасский,муниципальный район,16,Республика Татарстан,54.9747437,49.0302075,18209.0,18014.0,8983.0,9800.0,908.0,1114.0,402.0,396.0,972.0,1011.0,2993.0,4464.0,18925.0,22359.0,12.0,12.0,True
393,2018,9999,92-655-000-000,Тетюшский муниципальный район,Тетюшский,муниципальный район,16,Республика Татарстан,54.9342754,48.8319574,20066.0,19798.0,8041.0,8729.0,930.0,956.0,362.0,343.0,1036.0,1102.0,2153.0,3289.0,17753.0,20252.0,12.0,12.0,True
394,2018,9999,92-657-000-000,Тукаевский муниципальный район,Тукаевский,муниципальный район,16,Республика Татарстан,55.7419774,52.399207,48959.0,51140.0,8654.0,,1348.0,,1112.0,,1851.0,,1772.0,,22717.0,,3.0,,True
395,2018,9999,92-656-000-000,Тюлячинский муниципальный район,Тюлячинский,муниципальный район,16,Республика Татарстан,55.8918846,50.2334985,13562.0,13489.0,7718.0,8084.0,664.0,850.0,313.0,291.0,1374.0,1273.0,1633.0,2663.0,15539.0,16774.0,12.0,12.0,True
396,2018,9999,92-658-000-000,Черемшанский муниципальный район,Черемшанский,муниципальный район,16,Республика Татарстан,54.6611013,51.5053223,17962.0,17877.0,8158.0,8361.0,811.0,892.0,705.0,636.0,1248.0,1244.0,1886.0,3087.0,16758.0,18493.0,12.0,12.0,True
397,2018,9999,92-659-000-000,Чистопольский муниципальный район,Чистопольский,муниципальный район,16,Республика Татарстан,55.3714831,50.6367311,73850.0,73234.0,10386.0,11498.0,1016.0,1164.0,833.0,1042.0,1575.0,1733.0,2648.0,4401.0,22638.0,26810.0,12.0,12.0,True
398,2018,9999,92-654-000-000,Ютазинский муниципальный район,Ютазинский,муниципальный район,16,Республика Татарстан,54.5993324,53.4663259,19712.0,19452.0,9093.0,9007.0,832.0,835.0,404.0,345.0,974.0,854.0,1987.0,3283.0,18978.0,20012.0,12.0,12.0,True
399,2018,9999,93-701-000-000,городской округ город Кызыл,Кызыл,городской округ,17,Республика Тыва,51.719079,94.4300679,0.0,130042.0,,,,,,,,,,,,,,,False
400,2018,9999,93-703-000-000,городской округ город Ак-Довурак,Ак-Довурак,городской округ,17,Республика Тыва,51.17918185,90.60196141834592,0.0,11977.0,,,,,,,,,,,,,,,False
401,2018,9999,93-605-000-000,Бай-Тайгинский муниципальный район,Бай-Тайгинский,муниципальный район,17,Республика Тыва,51.0110954,90.2043058,10548.0,10431.0,8587.0,9622.0,441.0,606.0,545.0,622.0,1811.0,1723.0,2274.0,2692.0,17730.0,20223.0,12.0,12.0,True
402,2018,9999,93-610-000-000,Барун-Хемчикский муниципальный район,Барун-Хемчикский,муниципальный район,17,Республика Тыва,51.1454611,90.5814803,11881.0,11626.0,7332.0,7939.0,531.0,642.0,739.0,860.0,1952.0,2295.0,2119.0,3239.0,17883.0,20852.0,12.0,12.0,True
403,2018,9999,93-615-000-000,Дзун-Хемчикский муниципальный район,Дзун-Хемчикский,муниципальный район,17,Республика Тыва,51.2840385,91.5666701,19185.0,18916.0,8137.0,8666.0,506.0,544.0,501.0,561.0,1556.0,2007.0,2585.0,3644.0,18338.0,20418.0,12.0,12.0,True
404,2018,9999,93-620-000-000,Каа-Хемский муниципальный район,Каа-Хемский,муниципальный район,17,Республика Тыва,51.492626,95.554681,12100.0,11974.0,8625.0,10302.0,680.0,760.0,604.0,770.0,1322.0,1639.0,3048.0,4316.0,19130.0,23413.0,12.0,12.0,True
405,2018,9999,93-622-000-000,Кызылский муниципальный район,Кызылский,муниципальный район,17,Республика Тыва,51.696541,94.563721,36061.0,36340.0,9623.0,11148.0,953.0,1186.0,1418.0,2014.0,2749.0,3352.0,2203.0,3320.0,24940.0,30741.0,12.0,12.0,True
406,2018,9999,93-625-000-000,Монгун-Тайгинский муниципальный район,Монгун-Тайгинский,муниципальный район,17,Республика Тыва,50.3800035,90.441721,6069.0,6055.0,10280.0,,633.0,,1128.0,,2112.0,,1640.0,,21920.0,,1.0,,True
407,2018,9999,93-630-000-000,Овюрский муниципальный район,Овюрский,муниципальный район,17,Республика Тыва,50.7330745,92.0726451,7277.0,7259.0,,,,,,,,,,,,,,,False
408,2018,9999,93-635-000-000,Пий-Хемский муниципальный район,Пий-Хемский,муниципальный район,17,Республика Тыва,52.1458093,93.9186434,10501.0,10364.0,10431.0,11441.0,766.0,884.0,552.0,610.0,1247.0,1551.0,2481.0,4129.0,19678.0,23720.0,12.0,12.0,True
409,2018,9999,93-638-000-000,Сут-Хольский муниципальный район,Сут-Хольский,муниципальный район,17,Республика Тыва,51.402248,91.278786,8161.0,8043.0,7486.0,8574.0,513.0,630.0,584.0,1003.0,2446.0,3116.0,2755.0,3662.0,18485.0,22245.0,9.0,12.0,True
410,2018,9999,93-640-000-000,Тандинский муниципальный район,Тандинский,муниципальный район,17,Республика Тыва,51.1601031,94.4651991,15234.0,15098.0,9663.0,10703.0,591.0,809.0,872.0,1755.0,2346.0,3183.0,2268.0,3494.0,21841.0,27159.0,12.0,12.0,True
411,2018,9999,93-643-000-000,Тере-Хольский муниципальный район,Тере-Хольский,муниципальный район,17,Республика Тыва,50.5986817,97.5254386,1941.0,1930.0,,,,,,,,,,,,,,,False
412,2018,9999,93-645-000-000,Тес-Хемский муниципальный район,Тес-Хемский,муниципальный район,17,Республика Тыва,50.5999571,95.001846,8908.0,8858.0,,,,,,,,,,,,,,,False
413,2018,9999,93-650-000-000,Тоджинский муниципальный район,Тоджинский,муниципальный район,17,Республика Тыва,52.4679232,96.117896,6681.0,6694.0,11634.0,13144.0,560.0,731.0,992.0,1292.0,1960.0,2328.0,3900.0,5389.0,25362.0,29812.0,12.0,12.0,True
414,2018,9999,93-654-000-000,Улуг-Хемский муниципальный район,Улуг-Хемский,муниципальный район,17,Республика Тыва,51.538721,92.9194074,20131.0,19940.0,7558.0,8643.0,811.0,927.0,1090.0,1479.0,1799.0,2516.0,2418.0,3253.0,20365.0,23650.0,12.0,12.0,True
415,2018,9999,93-656-000-000,Чаа-Хольский муниципальный район,Чаа-Хольский,муниципальный район,17,Республика Тыва,51.5141315,92.3348586,6037.0,5941.0,,8246.0,,718.0,,1122.0,,3524.0,,2714.0,,23286.0,,2.0,True
416,2018,9999,93-657-000-000,Чеди-Хольский муниципальный район,Чеди-Хольский,муниципальный район,17,Республика Тыва,51.131943,93.715744,7670.0,7592.0,8204.0,10346.0,586.0,785.0,678.0,1031.0,1508.0,2494.0,2368.0,3589.0,18794.0,24804.0,12.0,12.0,True
417,2018,9999,93-658-000-000,Эрзинский муниципальный район,Эрзинский,муниципальный район,17,Республика Тыва,50.2881416,95.1221826,8529.0,8464.0,,9688.0,,337.0,,875.0,,2337.0,,3284.0,,21393.0,,8.0,True
418,2018,9999,94-701-000-000,городской округ город Ижевск,Ижевск,городской округ,18,Удмуртская Республика,56.86051745,53.19773074245531,620591.0,618776.0,11180.0,12639.0,1724.0,2032.0,1892.0,2316.0,2146.0,2490.0,2520.0,4244.0,29328.0,34848.0,12.0,12.0,True
419,2018,9999,94-710-000-000,городской округ город Воткинск,Воткинск,городской округ,18,Удмуртская Республика,57.03096265,53.95290987149551,96646.0,96037.0,11223.0,12534.0,1501.0,1736.0,1533.0,1809.0,1616.0,1867.0,2584.0,4203.0,26907.0,31640.0,12.0,12.0,True
420,2018,9999,94-720-000-000,городской округ город Глазов,Глазов,городской округ,18,Удмуртская Республика,58.1401196,52.6464388,86996.0,85870.0,10315.0,11749.0,1321.0,1535.0,1415.0,1784.0,1428.0,1709.0,2187.0,3609.0,24173.0,28730.0,12.0,12.0,True
421,2018,9999,94-730-000-000,городской округ город Можга,Можга,городской округ,18,Удмуртская Республика,56.44903635,52.21859474400328,44038.0,43557.0,9338.0,10822.0,1105.0,1319.0,927.0,1132.0,1456.0,1738.0,1954.0,3329.0,20986.0,25387.0,12.0,12.0,True
422,2018,9999,94-740-000-000,городской округ город Сарапул,Сарапул,городской округ,18,Удмуртская Республика,56.4811552,53.78269270925261,90260.0,89442.0,10873.0,12592.0,1350.0,1626.0,1399.0,1745.0,1626.0,1993.0,2557.0,4249.0,26066.0,31535.0,12.0,12.0,True
423,2018,9999,94-502-000-000,муниципальный округ Алнашский район,Алнашский,муниципальный округ,18,Удмуртская Республика,56.1848812,52.4755309,20182.0,19971.0,8401.0,9343.0,958.0,1114.0,458.0,652.0,1212.0,1287.0,1720.0,3130.0,17067.0,20349.0,12.0,12.0,True
424,2018,9999,94-504-000-000,муниципальный округ Балезинский район,Балезинский,муниципальный округ,18,Удмуртская Республика,57.9745686,53.0111891,27261.0,26866.0,9156.0,10263.0,904.0,1002.0,488.0,531.0,891.0,933.0,1479.0,2451.0,17709.0,20031.0,12.0,12.0,True
425,2018,9999,94-506-000-000,муниципальный округ Вавожский район,Вавожский,муниципальный округ,18,Удмуртская Республика,56.7676129,51.9313766,13827.0,13809.0,10030.0,10947.0,1038.0,1075.0,523.0,572.0,1144.0,1179.0,1646.0,3143.0,19070.0,22061.0,12.0,12.0,True
426,2018,9999,94-508-000-000,муниципальный округ Воткинский район,Воткинский,муниципальный округ,18,Удмуртская Республика,57.03096265,53.95290987149551,23422.0,23474.0,9244.0,11216.0,1143.0,827.0,817.0,741.0,1196.0,1164.0,1529.0,3264.0,20036.0,24276.0,3.0,7.0,True
427,2018,9999,94-510-000-000,муниципальный округ Глазовский район,Глазовский,муниципальный округ,18,Удмуртская Республика,58.1401196,52.6464388,15428.0,15220.0,,,,,,,,,,,,,,,False
428,2018,9999,94-512-000-000,муниципальный округ Граховский район,Граховский,муниципальный округ,18,Удмуртская Республика,56.0468999,51.9629501,8699.0,8624.0,9878.0,11064.0,1034.0,1082.0,285.0,412.0,1019.0,1148.0,1964.0,3423.0,18125.0,21516.0,12.0,12.0,True
429,2018,9999,94-514-000-000,муниципальный округ Дебёсский район,Дебёсский,муниципальный округ,18,Удмуртская Республика,57.652351,53.806393,10804.0,10744.0,9954.0,10960.0,916.0,1004.0,415.0,510.0,1009.0,1060.0,1656.0,2737.0,18152.0,20713.0,12.0,12.0,True
430,2018,9999,94-516-000-000,муниципальный округ Завьяловский район,Завьяловский,муниципальный округ,18,Удмуртская Республика,56.784662,53.3776005,82103.0,83460.0,10976.0,12676.0,1425.0,1760.0,1525.0,2013.0,2347.0,2749.0,2295.0,4177.0,27453.0,33720.0,12.0,12.0,True
431,2018,9999,94-518-000-000,муниципальный округ Игринский район,Игринский,муниципальный округ,18,Удмуртская Республика,57.5391501,53.0808519,32865.0,32538.0,9454.0,10491.0,1122.0,1199.0,594.0,693.0,1173.0,1275.0,1722.0,2938.0,19789.0,22468.0,12.0,12.0,True
432,2018,9999,94-520-000-000,муниципальный округ Камбарский район,Камбарский,муниципальный округ,18,Удмуртская Республика,56.2652515,54.1945613,15789.0,15570.0,10674.0,11795.0,1088.0,1192.0,590.0,740.0,916.0,904.0,2159.0,3461.0,20436.0,23355.0,12.0,12.0,True
433,2018,9999,94-522-000-000,муниципальный округ Каракулинский район,Каракулинский,муниципальный округ,18,Удмуртская Республика,56.0105232,53.705165,10224.0,10095.0,9918.0,10483.0,932.0,891.0,271.0,278.0,1026.0,918.0,1653.0,3090.0,17897.0,19603.0,12.0,12.0,True
434,2018,9999,94-524-000-000,муниципальный округ Кезский район,Кезский,муниципальный округ,18,Удмуртская Республика,57.8965573,53.7140134,18032.0,17833.0,9664.0,10446.0,973.0,1080.0,408.0,468.0,1098.0,1149.0,1565.0,2535.0,17804.0,20335.0,12.0,12.0,True
435,2018,9999,94-526-000-000,муниципальный округ Кизнерский район,Кизнерский,муниципальный округ,18,Удмуртская Республика,56.2850255,51.5192626,17595.0,17496.0,9219.0,10343.0,1131.0,1197.0,414.0,524.0,1201.0,1246.0,1812.0,3048.0,19191.0,22302.0,12.0,12.0,True
436,2018,9999,94-528-000-000,муниципальный округ Киясовский район,Киясовский,муниципальный округ,18,Удмуртская Республика,56.3438804,53.1247526,8666.0,8518.0,8852.0,9023.0,991.0,1083.0,541.0,675.0,1024.0,1076.0,1552.0,2916.0,16821.0,18979.0,12.0,12.0,True
437,2018,9999,94-530-000-000,муниципальный округ Красногорский район,Красногорский,муниципальный округ,18,Удмуртская Республика,57.703725,52.501841,7584.0,7480.0,9778.0,10755.0,886.0,1007.0,316.0,418.0,824.0,978.0,1513.0,2786.0,17097.0,20012.0,12.0,12.0,True
438,2018,9999,94-533-000-000,муниципальный округ Малопургинский район,Малопургинский,муниципальный округ,18,Удмуртская Республика,56.5495455,53.0055085,31253.0,30993.0,8535.0,9488.0,948.0,1071.0,400.0,508.0,1118.0,1201.0,1313.0,2871.0,17173.0,20185.0,12.0,12.0,True
439,2018,9999,94-535-000-000,муниципальный округ Можгинский район,Можгинский,муниципальный округ,18,Удмуртская Республика,56.44903635,52.21859474400328,24795.0,24523.0,8103.0,,814.0,,352.0,,1138.0,,899.0,,16325.0,,3.0,,True
440,2018,9999,94-537-000-000,муниципальный округ Сарапульский район,Сарапульский,муниципальный округ,18,Удмуртская Республика,56.4216058,53.7753696,23501.0,23267.0,9720.0,11063.0,968.0,1078.0,790.0,1074.0,1136.0,1428.0,1828.0,3296.0,20159.0,24502.0,12.0,12.0,True
441,2018,9999,94-539-000-000,муниципальный округ Селтинский район,Селтинский,муниципальный округ,18,Удмуртская Республика,57.3094964,52.1381468,10457.0,10292.0,9892.0,10533.0,930.0,1092.0,300.0,379.0,1164.0,1231.0,1844.0,2965.0,18464.0,21378.0,12.0,12.0,True
442,2018,9999,94-541-000-000,муниципальный округ Сюмсинский район,Сюмсинский,муниципальный округ,18,Удмуртская Республика,57.1081378,51.6147316,10209.0,9970.0,10034.0,10804.0,1027.0,1057.0,271.0,326.0,1173.0,1240.0,1285.0,2500.0,18941.0,21167.0,12.0,12.0,True
443,2018,9999,94-544-000-000,муниципальный округ Увинский район,Увинский,муниципальный округ,18,Удмуртская Республика,56.9826616,52.1884394,34140.0,33739.0,9669.0,10993.0,1009.0,1180.0,502.0,759.0,1233.0,1429.0,1894.0,3403.0,19948.0,24083.0,12.0,12.0,True
444,2018,9999,94-546-000-000,муниципальный округ Шарканский район,Шарканский,муниципальный округ,18,Удмуртская Республика,57.295315,53.869011,19022.0,18886.0,9376.0,10011.0,859.0,899.0,399.0,496.0,1061.0,1126.0,1661.0,2994.0,17931.0,20125.0,12.0,12.0,True
445,2018,9999,94-548-000-000,муниципальный округ Юкаменский район,Юкаменский,муниципальный округ,18,Удмуртская Республика,57.8865761,52.2473098,7343.0,7231.0,9324.0,10362.0,904.0,1037.0,361.0,365.0,717.0,808.0,1298.0,2288.0,16457.0,19243.0,12.0,12.0,True
446,2018,9999,94-550-000-000,муниципальный округ Якшур-Бодьинский район,Якшур-Бодьинский,муниципальный округ,18,Удмуртская Республика,57.1842484,53.1544847,19371.0,19293.0,9181.0,9743.0,1067.0,1131.0,378.0,410.0,1173.0,1200.0,1644.0,3336.0,18495.0,21373.0,12.0,12.0,True
447,2018,9999,94-552-000-000,муниципальный округ Ярский район,Ярский,муниципальный округ,18,Удмуртская Республика,58.2442424,52.1079326,11148.0,10983.0,9074.0,9875.0,997.0,1068.0,410.0,443.0,786.0,804.0,1540.0,2478.0,16659.0,18528.0,12.0,12.0,True
448,2018,9999,95-701-000-000,городской округ город Абакан,Абакан,городской округ,19,Республика Хакасия,53.72068,91.4406019,185348.0,185804.0,11340.0,12808.0,1308.0,1450.0,1594.0,1845.0,2140.0,2437.0,3017.0,4593.0,29014.0,33376.0,12.0,12.0,True
449,2018,9999,95-702-000-000,городской округ город Абаза,Абаза,городской округ,19,Республика Хакасия,52.6510546,90.101159,12055.0,11962.0,11499.0,12888.0,922.0,1010.0,325.0,456.0,1302.0,1405.0,3229.0,4698.0,23764.0,27223.0,12.0,12.0,True
450,2018,9999,95-708-000-000,городской округ город Саяногорск,Саяногорск,городской округ,19,Республика Хакасия,53.0899015,91.4128377,55899.0,55712.0,12371.0,13303.0,1279.0,1381.0,788.0,986.0,1638.0,1758.0,3308.0,4894.0,28511.0,31603.0,12.0,12.0,True
451,2018,9999,95-709-000-000,городской округ город Сорск,Сорск,городской округ,19,Республика Хакасия,54.0016092,90.2525861,10820.0,10843.0,11752.0,13227.0,943.0,1084.0,545.0,618.0,1139.0,1172.0,3776.0,6008.0,23890.0,28783.0,12.0,12.0,True
452,2018,9999,95-715-000-000,городской округ город Черногорск,Черногорск,городской округ,19,Республика Хакасия,53.828236,91.31321,77875.0,77948.0,11832.0,13096.0,1243.0,1351.0,898.0,1066.0,1771.0,1954.0,2946.0,4469.0,26632.0,30644.0,12.0,12.0,True
453,2018,9999,95-605-000-000,Алтайский муниципальный район,Алтайский,муниципальный район,19,Республика Хакасия,53.596436,91.382362,23993.0,24152.0,10560.0,11255.0,910.0,924.0,592.0,687.0,1655.0,1673.0,2446.0,4001.0,23107.0,25640.0,12.0,12.0,True
454,2018,9999,95-608-000-000,Аскизский муниципальный район,Аскизский,муниципальный район,19,Республика Хакасия,53.1325812,90.5300435,38850.0,38281.0,,,,,,,,,,,,,,,False
455,2018,9999,95-612-000-000,Бейский муниципальный район,Бейский,муниципальный район,19,Республика Хакасия,53.046246,90.921989,17492.0,17067.0,11440.0,12791.0,986.0,1077.0,481.0,625.0,1892.0,2200.0,2829.0,4681.0,25344.0,29143.0,12.0,12.0,True
456,2018,9999,95-615-000-000,Боградский муниципальный район,Боградский,муниципальный район,19,Республика Хакасия,54.21806,90.856026,11181.0,11030.0,9892.0,10739.0,808.0,772.0,202.0,189.0,1214.0,1170.0,2268.0,3767.0,19327.0,21228.0,12.0,12.0,True
457,2018,9999,95-620-000-000,Орджоникидзевский муниципальный район,Орджоникидзевский,муниципальный район,19,Республика Хакасия,55.03561,89.847221,9758.0,9604.0,10834.0,11920.0,831.0,895.0,234.0,220.0,1126.0,1239.0,2355.0,3813.0,20144.0,22993.0,12.0,12.0,True
458,2018,9999,95-625-000-000,Таштыпский муниципальный район,Таштыпский,муниципальный район,19,Республика Хакасия,52.7880649,89.595458,15416.0,15165.0,9724.0,10972.0,762.0,764.0,605.0,835.0,1609.0,1854.0,2850.0,4556.0,21569.0,25478.0,12.0,12.0,True
459,2018,9999,95-630-000-000,Усть-Абаканский муниципальный район,Усть-Абаканский,муниципальный район,19,Республика Хакасия,53.8326614,91.3938038,47052.0,46354.0,11400.0,12786.0,950.0,1030.0,725.0,921.0,1852.0,2136.0,2359.0,4075.0,24753.0,29255.0,12.0,12.0,True
460,2018,9999,95-635-000-000,Ширинский муниципальный район,Ширинский,муниципальный район,19,Республика Хакасия,54.48764,89.962891,24494.0,24253.0,9488.0,10716.0,959.0,1041.0,329.0,389.0,1589.0,1696.0,2650.0,4403.0,21907.0,25468.0,12.0,12.0,True
461,2018,9999,96-701-000-000,городской округ город Грозный,Грозный,городской округ,20,Чеченская Республика,43.3197031,45.6934308,0.0,333672.0,,7281.0,,1325.0,,2470.0,,2265.0,,6200.0,,29045.0,,12.0,True
462,2018,9999,96-702-000-000,городской округ город Аргун,Аргун,городской округ,20,Чеченская Республика,43.2950455,45.8688918,60900.0,61968.0,,5523.0,,692.0,,1584.0,,1494.0,,5622.0,,21575.0,,6.0,True
463,2018,9999,96-602-000-000,Ачхой-Мартановский муниципальный район,Ачхой-Мартановский,муниципальный район,20,Чеченская Республика,43.1926252,45.2879291,98197.0,99296.0,,,,,,,,,,,,,,,False
464,2018,9999,96-604-000-000,Веденский муниципальный район,Веденский,муниципальный район,20,Чеченская Республика,42.9685184,46.0987148,41757.0,42150.0,,,,,,,,,,,,,,,False
465,2018,9999,96-607-000-000,Грозненский муниципальный район,Грозненский,муниципальный район,20,Чеченская Республика,43.3197031,45.6934308,85724.0,86700.0,,,,,,,,,,,,,,,False
466,2018,9999,96-610-000-000,Гудермесский муниципальный район,Гудермесский,муниципальный район,20,Чеченская Республика,43.35696145,46.10078636190259,178784.0,181085.0,,5300.0,,838.0,,1362.0,,1054.0,,6034.0,,20741.0,,4.0,True
467,2018,9999,96-611-000-000,Итум-Калинский муниципальный район,Итум-Калинский,муниципальный район,20,Чеченская Республика,42.734993,45.576996,6591.0,6659.0,,,,,,,,,,,,,,,False
468,2018,9999,96-612-000-000,Курчалоевский муниципальный район,Курчалоевский,муниципальный район,20,Чеченская Республика,43.20005,46.090786,121636.0,124171.0,,,,,,,,,,,,,,,False
469,2018,9999,96-616-000-000,Надтеречный муниципальный район,Надтеречный,муниципальный район,20,Чеченская Республика,43.677269,45.128799,66683.0,67097.0,,7024.0,,480.0,,959.0,,1092.0,,5395.0,,20134.0,,3.0,True
470,2018,9999,96-622-000-000,Наурский муниципальный район,Наурский,муниципальный район,20,Чеченская Республика,43.650589,45.311901,60141.0,60856.0,,,,,,,,,,,,,,,False
471,2018,9999,96-625-000-000,Ножай-Юртовский муниципальный район,Ножай-Юртовский,муниципальный район,20,Чеченская Республика,43.0945581,46.3798677,55661.0,56999.0,,,,,,,,,,,,,,,False
472,2018,9999,96-628-000-000,Шатойский муниципальный район,Шатойский,муниципальный район,20,Чеченская Республика,42.8727101,45.68956158464782,23921.0,24025.0,,,,,,,,,,,,,,,False
473,2018,9999,96-631-000-000,Серноводский муниципальный район,Серноводский,муниципальный район,20,Чеченская Республика,43.315834,45.163658,28580.0,28877.0,,,,,,,,,,,,,,,False
474,2018,9999,96-634-000-000,Урус-Мартановский муниципальный район,Урус-Мартановский,муниципальный район,20,Чеченская Республика,43.133102,45.538425,168791.0,171261.0,,6316.0,,692.0,,1204.0,,1392.0,,6976.0,,21499.0,,2.0,True
475,2018,9999,96-637-000-000,Шалинский муниципальный район,Шалинский,муниципальный район,20,Чеченская Республика,43.153942,45.906578,138803.0,141382.0,,,,,,,,,,,,,,,False
476,2018,9999,96-640-000-000,Шелковской муниципальный район,Шелковской,муниципальный район,20,Чеченская Республика,43.506142,46.333469,62762.0,63767.0,,,,,,,,,,,,,,,False
477,2018,9999,96-691-000-000,Шаройский муниципальный район,Шаройский,муниципальный район,20,Чеченская Республика,42.655331,45.852562,2876.0,2901.0,,,,,,,,,,,,,,,False
478,2018,9999,97-701-000-000,городской округ город Чебоксары,Чебоксары,городской округ,21,Чувашская Республика,56.1307195,47.2449597,506351.0,506480.0,10199.0,11504.0,1577.0,1830.0,1863.0,2176.0,2076.0,2414.0,2672.0,4208.0,26915.0,31629.0,12.0,12.0,True
479,2018,9999,97-704-000-000,городской округ город Алатырь,Алатырь,городской округ,21,Чувашская Республика,54.84582955,46.5627484284573,31550.0,31304.0,8985.0,10069.0,1279.0,1385.0,322.0,428.0,1107.0,1218.0,2408.0,3634.0,18569.0,21480.0,12.0,12.0,True
480,2018,9999,97-707-000-000,городской округ город Канаш,Канаш,городской округ,21,Чувашская Республика,55.5148161,47.49863071889008,44257.0,43508.0,8804.0,9808.0,1016.0,1184.0,806.0,937.0,1357.0,1571.0,2097.0,3378.0,19594.0,23012.0,12.0,12.0,True
481,2018,9999,97-710-000-000,городской округ город Новочебоксарск,Новочебоксарск,городской округ,21,Чувашская Республика,56.1140023,47.4870341,120425.0,120767.0,10605.0,11886.0,1363.0,1613.0,1555.0,1878.0,1717.0,1986.0,2552.0,4038.0,25664.0,30187.0,12.0,12.0,True
482,2018,9999,97-713-000-000,городской округ город Шумерля,Шумерля,городской округ,21,Чувашская Республика,55.4985162,46.4186725,26321.0,26008.0,9403.0,9995.0,1157.0,1243.0,557.0,591.0,864.0,942.0,2293.0,3331.0,19513.0,21648.0,12.0,12.0,True
483,2018,9999,97-503-000-000,Алатырский муниципальный округ,Алатырский,муниципальный округ,21,Чувашская Республика,54.84582955,46.5627484284573,13552.0,13314.0,8536.0,9170.0,623.0,636.0,176.0,173.0,1039.0,871.0,1570.0,2213.0,14612.0,15885.0,10.0,12.0,True
484,2018,9999,97-505-000-000,Аликовский муниципальный округ,Аликовский,муниципальный округ,21,Чувашская Республика,55.7393757,46.7465335,13788.0,13550.0,6855.0,7220.0,858.0,875.0,363.0,292.0,1015.0,950.0,1195.0,2026.0,14453.0,15577.0,12.0,12.0,True
485,2018,9999,97-507-000-000,Батыревский муниципальный округ,Батыревский,муниципальный округ,21,Чувашская Республика,55.0681559,47.6042007,31190.0,30773.0,6469.0,6925.0,882.0,938.0,471.0,448.0,1250.0,1390.0,1469.0,2536.0,14828.0,16927.0,12.0,12.0,True
486,2018,9999,97-510-000-000,Вурнарский муниципальный округ,Вурнарский,муниципальный округ,21,Чувашская Республика,55.4917095,46.9529003,28773.0,28415.0,8489.0,9071.0,920.0,972.0,574.0,554.0,1186.0,1163.0,1956.0,3213.0,17935.0,20157.0,12.0,12.0,True
487,2018,9999,97-513-000-000,Ибресинский муниципальный округ,Ибресинский,муниципальный округ,21,Чувашская Республика,55.3043004,47.0389112,20179.0,19914.0,8432.0,8396.0,927.0,922.0,562.0,424.0,1239.0,1111.0,2036.0,3034.0,17567.0,18123.0,12.0,12.0,True
488,2018,9999,97-516-000-000,Канашский муниципальный округ,Канашский,муниципальный округ,21,Чувашская Республика,55.5148161,47.49863071889008,31812.0,31495.0,,,,,,,,,,,,,,,False
489,2018,9999,97-519-000-000,Козловский муниципальный округ,Козловский,муниципальный округ,21,Чувашская Республика,55.8414764,48.2484231,15100.0,14831.0,9015.0,9347.0,813.0,792.0,310.0,328.0,872.0,862.0,2029.0,3254.0,17542.0,19459.0,12.0,12.0,True
490,2018,9999,97-521-000-000,Комсомольский муниципальный округ,Комсомольский,муниципальный округ,21,Чувашская Республика,55.2622657,47.5455999,20626.0,20409.0,6693.0,7002.0,863.0,939.0,413.0,394.0,1132.0,1150.0,1411.0,2522.0,14659.0,16489.0,12.0,12.0,True
491,2018,9999,97-524-000-000,Красноармейский муниципальный округ,Красноармейский,муниципальный округ,21,Чувашская Республика,55.7679252,47.1684942,12585.0,12470.0,6636.0,6936.0,1109.0,891.0,355.0,329.0,964.0,945.0,1107.0,2480.0,15432.0,17287.0,12.0,12.0,True
492,2018,9999,97-526-000-000,Красночетайский муниципальный округ,Красночетайский,муниципальный округ,21,Чувашская Республика,55.6988225,46.1593707,13739.0,13525.0,6779.0,7154.0,937.0,1053.0,566.0,627.0,994.0,1017.0,1634.0,2566.0,15216.0,17087.0,12.0,12.0,True
493,2018,9999,97-529-000-000,Мариинско-Посадский муниципальный округ,Мариинско-Посадский,муниципальный округ,21,Чувашская Республика,56.1178077,47.7220654,18877.0,18507.0,9022.0,9479.0,773.0,822.0,326.0,306.0,623.0,554.0,1706.0,2420.0,15902.0,17030.0,12.0,12.0,True
494,2018,9999,97-532-000-000,Моргаушский муниципальный округ,Моргаушский,муниципальный округ,21,Чувашская Республика,55.9642116,46.7687775,30826.0,30685.0,7439.0,7992.0,759.0,770.0,637.0,625.0,898.0,812.0,1143.0,2593.0,15564.0,17648.0,12.0,12.0,True
495,2018,9999,97-535-000-000,Порецкий муниципальный округ,Порецкий,муниципальный округ,21,Чувашская Республика,55.1989448,46.3261836,10452.0,10342.0,9075.0,10039.0,993.0,1060.0,256.0,304.0,833.0,844.0,2280.0,3323.0,17125.0,19439.0,12.0,12.0,True
496,2018,9999,97-538-000-000,Урмарский муниципальный округ,Урмарский,муниципальный округ,21,Чувашская Республика,55.6802934,47.9446913,20427.0,20067.0,7818.0,8052.0,802.0,847.0,379.0,297.0,915.0,822.0,1463.0,2292.0,14784.0,16200.0,12.0,12.0,True
497,2018,9999,97-541-000-000,Цивильский муниципальный округ,Цивильский,муниципальный округ,21,Чувашская Республика,55.8661072,47.473703,31328.0,31134.0,8986.0,10195.0,902.0,1056.0,633.0,684.0,921.0,980.0,1806.0,3075.0,17818.0,21011.0,12.0,12.0,True
498,2018,9999,97-544-000-000,Чебоксарский муниципальный округ,Чебоксарский,муниципальный округ,21,Чувашская Республика,56.0315502,47.2987956,61599.0,61487.0,9344.0,10765.0,1005.0,1192.0,960.0,1178.0,1439.0,1748.0,2112.0,3666.0,20367.0,25294.0,12.0,12.0,True
499,2018,9999,97-547-000-000,Шемуршинский муниципальный округ,Шемуршинский,муниципальный округ,21,Чувашская Республика,54.8854761,47.51651,11611.0,11365.0,6984.0,7193.0,765.0,760.0,373.0,306.0,1161.0,1130.0,1478.0,2425.0,14952.0,16090.0,12.0,12.0,True
500,2018,9999,97-550-000-000,Шумерлинский муниципальный округ,Шумерлинский,муниципальный округ,21,Чувашская Республика,55.4985162,46.4186725,7629.0,7407.0,8970.0,8864.0,1108.0,1134.0,1099.0,1065.0,1587.0,1505.0,2118.0,3007.0,22310.0,22535.0,12.0,8.0,True
501,2018,9999,97-553-000-000,Ядринский муниципальный округ,Ядринский,муниципальный округ,21,Чувашская Республика,55.9407976,46.2006586,22684.0,22282.0,8534.0,9316.0,942.0,987.0,561.0,604.0,995.0,941.0,1437.0,2411.0,17431.0,19184.0,12.0,12.0,True
502,2018,9999,97-555-000-000,Яльчикский муниципальный округ,Яльчикский,муниципальный округ,21,Чувашская Республика,55.1628658,48.003334,15257.0,14957.0,6846.0,7142.0,963.0,971.0,412.0,315.0,1093.0,1015.0,1137.0,1665.0,13605.0,14246.0,12.0,12.0,True
503,2018,9999,97-558-000-000,Янтиковский муниципальный округ,Янтиковский,муниципальный округ,21,Чувашская Республика,55.5163733,47.7805881,12239.0,12065.0,7161.0,7352.0,655.0,650.0,310.0,241.0,806.0,807.0,1119.0,1924.0,14260.0,15594.0,12.0,12.0,True
504,2018,9999,01-701-000-000,городской округ город Барнаул,Барнаул,городской округ,22,Алтайский край,53.3475493,83.7788448,690128.0,687601.0,11517.0,13057.0,1679.0,1937.0,1794.0,2172.0,2175.0,2535.0,2819.0,4484.0,30196.0,35580.0,12.0,12.0,True
505,2018,9999,01-703-000-000,городской округ город Алейск,Алейск,городской округ,22,Алтайский край,52.4970352,82.7732311,24804.0,24604.0,11036.0,12334.0,1094.0,1200.0,680.0,875.0,1378.0,1641.0,2470.0,4043.0,23404.0,27598.0,12.0,12.0,True
506,2018,9999,01-704-000-000,городской округ город Белокуриха,Белокуриха,городской округ,22,Алтайский край,51.9994856,84.9860861,14791.0,14879.0,11468.0,12938.0,1639.0,1893.0,986.0,1133.0,2013.0,2179.0,3792.0,5302.0,29017.0,32903.0,12.0,12.0,True
507,2018,9999,01-705-000-000,городской округ город Бийск,Бийск,городской округ,22,Алтайский край,52.5394905,85.2148673,189639.0,188780.0,11360.0,13192.0,1426.0,1677.0,1135.0,1542.0,2234.0,2673.0,2902.0,4807.0,27865.0,33804.0,12.0,12.0,True
508,2018,9999,01-706-000-000,городской округ город Заринск,Заринск,городской округ,22,Алтайский край,53.707915,84.9348606,40626.0,40255.0,10998.0,12409.0,1259.0,1463.0,1044.0,1381.0,1161.0,1383.0,2172.0,3627.0,23414.0,27838.0,12.0,12.0,True
509,2018,9999,01-713-000-000,городской округ город Новоалтайск,Новоалтайск,городской округ,22,Алтайский край,53.393341,83.939407,73122.0,73511.0,11532.0,13094.0,1397.0,1613.0,1182.0,1433.0,1685.0,1881.0,2498.0,4054.0,26760.0,31390.0,12.0,12.0,True
510,2018,9999,01-716-000-000,городской округ город Рубцовск,Рубцовск,городской округ,22,Алтайский край,51.5276264,81.2176174,124687.0,123379.0,10557.0,12037.0,1200.0,1364.0,1049.0,1276.0,1760.0,2030.0,2709.0,4190.0,25120.0,29462.0,12.0,12.0,True
511,2018,9999,01-539-000-000,муниципальный округ город Славгород,Славгород,муниципальный округ,22,Алтайский край,52.9968921,78.6485041,37149.0,36769.0,10148.0,11722.0,990.0,1138.0,603.0,810.0,1359.0,1649.0,2819.0,4393.0,22719.0,27494.0,12.0,12.0,True
512,2018,9999,01-730-000-000,городской округ город Яровое,Яровое,городской округ,22,Алтайский край,52.919704,78.563568,16447.0,16528.0,10597.0,11922.0,1158.0,1322.0,421.0,511.0,1224.0,1291.0,2898.0,4296.0,23713.0,27459.0,12.0,12.0,True
513,2018,9999,01-755-000-000,городской округ ЗАТО Сибирский,Сибирский,городской округ,22,Алтайский край,53.557068,83.838425,10611.0,10798.0,,,,,,,,,,,,,,,False
514,2018,9999,01-601-000-000,Алейский муниципальный район,Алейский,муниципальный район,22,Алтайский край,52.4970352,82.7732311,13970.0,13794.0,11169.0,11438.0,835.0,919.0,307.0,333.0,1154.0,1179.0,1917.0,2867.0,20185.0,20873.0,9.0,12.0,True
515,2018,9999,01-602-000-000,Алтайский муниципальный район,Алтайский,муниципальный район,22,Алтайский край,51.945145,85.336746,26306.0,26284.0,9460.0,10742.0,922.0,1041.0,582.0,713.0,1751.0,1980.0,2505.0,4062.0,21978.0,25760.0,12.0,12.0,True
516,2018,9999,01-603-000-000,Баевский муниципальный район,Баевский,муниципальный район,22,Алтайский край,53.2685571,80.77923,7994.0,7821.0,10094.0,11066.0,934.0,1015.0,117.0,126.0,968.0,1018.0,2504.0,3802.0,18048.0,20637.0,12.0,12.0,True
517,2018,9999,01-604-000-000,Бийский муниципальный район,Бийский,муниципальный район,22,Алтайский край,52.5394905,85.2148673,31796.0,31583.0,10104.0,11655.0,1057.0,1254.0,543.0,733.0,1811.0,2070.0,1936.0,4052.0,21591.0,26902.0,12.0,12.0,True
518,2018,9999,01-605-000-000,Благовещенский муниципальный район,Благовещенский,муниципальный район,22,Алтайский край,52.830602,79.8705683,25706.0,25464.0,10156.0,11488.0,946.0,1084.0,462.0,562.0,1143.0,1270.0,2582.0,3954.0,20966.0,24352.0,12.0,12.0,True
519,2018,9999,01-606-000-000,Бурлинский муниципальный район,Бурлинский,муниципальный район,22,Алтайский край,53.3364288,78.3306842,7728.0,7601.0,9676.0,10443.0,918.0,949.0,273.0,260.0,1111.0,1128.0,1708.0,3158.0,18170.0,20593.0,12.0,12.0,True
520,2018,9999,01-607-000-000,Быстроистокский муниципальный район,Быстроистокский,муниципальный район,22,Алтайский край,52.3742191,84.3931658,7216.0,7120.0,7786.0,8585.0,1019.0,1100.0,193.0,199.0,1000.0,1039.0,1932.0,3278.0,15951.0,18582.0,12.0,12.0,True
521,2018,9999,01-608-000-000,Волчихинский муниципальный район,Волчихинский,муниципальный район,22,Алтайский край,52.0173355,80.3650849,14900.0,14744.0,8982.0,9816.0,914.0,1000.0,283.0,335.0,1006.0,1089.0,2255.0,3378.0,18247.0,20604.0,12.0,12.0,True
522,2018,9999,01-609-000-000,Егорьевский муниципальный район,Егорьевский,муниципальный район,22,Алтайский край,51.75893,80.892517,10811.0,10678.0,7548.0,7477.0,654.0,838.0,184.0,419.0,703.0,765.0,1856.0,3356.0,15354.0,18131.0,12.0,12.0,True
523,2018,9999,01-610-000-000,Ельцовский муниципальный район,Ельцовский,муниципальный район,22,Алтайский край,53.2819421,86.2044919,4762.0,4672.0,8806.0,10124.0,840.0,838.0,309.0,697.0,1023.0,1093.0,2154.0,3829.0,16418.0,20420.0,12.0,12.0,True
524,2018,9999,01-611-000-000,Завьяловский муниципальный район,Завьяловский,муниципальный район,22,Алтайский край,52.8386675,80.91978,15697.0,15469.0,8819.0,9559.0,932.0,1086.0,333.0,290.0,1170.0,1247.0,1938.0,3172.0,18610.0,21221.0,12.0,12.0,True
525,2018,9999,01-512-000-000,Залесовский муниципальный округ,Залесовский,муниципальный округ,22,Алтайский край,53.9933512,84.7466139,11444.0,11281.0,9742.0,9678.0,908.0,896.0,169.0,204.0,942.0,764.0,1615.0,2721.0,17536.0,18319.0,12.0,12.0,True
526,2018,9999,01-613-000-000,Заринский муниципальный район,Заринский,муниципальный район,22,Алтайский край,53.707915,84.9348606,13212.0,12837.0,,12775.0,,758.0,,363.0,,879.0,,4089.0,,22456.0,,1.0,True
527,2018,9999,01-614-000-000,Змеиногорский муниципальный район,Змеиногорский,муниципальный район,22,Алтайский край,51.1544658,82.1979928,16142.0,15905.0,10768.0,11744.0,996.0,1106.0,666.0,741.0,994.0,1130.0,2324.0,3397.0,20744.0,23739.0,12.0,12.0,True
528,2018,9999,01-615-000-000,Калманский муниципальный район,Калманский,муниципальный район,22,Алтайский край,52.8982394,83.5438135,11723.0,11641.0,9436.0,9751.0,815.0,808.0,379.0,344.0,829.0,689.0,1633.0,3353.0,16904.0,19050.0,12.0,12.0,True
529,2018,9999,01-616-000-000,Каменский муниципальный район,Каменский,муниципальный район,22,Алтайский край,53.79023085,81.31597534099072,40373.0,39949.0,10190.0,11429.0,1054.0,1190.0,433.0,563.0,1450.0,1663.0,2192.0,3442.0,20562.0,23831.0,12.0,12.0,True
530,2018,9999,01-617-000-000,Ключевский муниципальный район,Ключевский,муниципальный район,22,Алтайский край,52.2530605,79.1678164,12620.0,12366.0,9207.0,10362.0,926.0,1113.0,479.0,541.0,1064.0,1242.0,2163.0,3265.0,19203.0,22100.0,12.0,12.0,True
531,2018,9999,01-618-000-000,Косихинский муниципальный район,Косихинский,муниципальный район,22,Алтайский край,53.3619517,84.5795068,13533.0,13314.0,8690.0,9210.0,866.0,940.0,287.0,426.0,787.0,801.0,1529.0,3027.0,17119.0,19524.0,12.0,12.0,True
532,2018,9999,01-619-000-000,Красногорский муниципальный район,Красногорский,муниципальный район,22,Алтайский край,52.296341,86.195274,12865.0,12685.0,10533.0,11664.0,849.0,882.0,276.0,273.0,1015.0,1062.0,1569.0,3038.0,18340.0,21244.0,12.0,12.0,True
533,2018,9999,01-620-000-000,Краснощёковский муниципальный район,Краснощёковский,муниципальный район,22,Алтайский край,51.669357,82.730652,13804.0,13623.0,10263.0,11023.0,1036.0,1130.0,363.0,496.0,1089.0,1232.0,1964.0,3483.0,18330.0,21174.0,12.0,12.0,True
534,2018,9999,01-621-000-000,Крутихинский муниципальный район,Крутихинский,муниципальный район,22,Алтайский край,53.9619568,81.2143794,8062.0,7856.0,8596.0,9335.0,808.0,875.0,161.0,241.0,1112.0,1120.0,2039.0,3160.0,18348.0,20064.0,12.0,12.0,True
535,2018,9999,01-622-000-000,Кулундинский муниципальный район,Кулундинский,муниципальный район,22,Алтайский край,52.566559,78.935448,20480.0,20371.0,10084.0,11469.0,988.0,1071.0,393.0,448.0,1450.0,1672.0,2270.0,3516.0,21478.0,24697.0,12.0,12.0,True
536,2018,9999,01-623-000-000,Курьинский муниципальный район,Курьинский,муниципальный район,22,Алтайский край,51.6002902,82.2887814,8155.0,8051.0,9738.0,10800.0,1053.0,1173.0,387.0,314.0,1029.0,1099.0,1881.0,3295.0,18679.0,21070.0,12.0,12.0,True
537,2018,9999,01-624-000-000,Кытмановский муниципальный район,Кытмановский,муниципальный район,22,Алтайский край,53.4636969,85.4502753,9765.0,9548.0,8673.0,9026.0,783.0,769.0,200.0,215.0,1094.0,1019.0,1771.0,2783.0,17710.0,18901.0,12.0,12.0,True
538,2018,9999,01-625-000-000,Локтевский муниципальный район,Локтевский,муниципальный район,22,Алтайский край,51.0004641,81.4638583,19707.0,19183.0,9474.0,10462.0,912.0,1013.0,333.0,409.0,796.0,869.0,2283.0,3294.0,18544.0,20881.0,12.0,12.0,True
539,2018,9999,01-626-000-000,Мамонтовский муниципальный район,Мамонтовский,муниципальный район,22,Алтайский край,52.7067003,81.6312908,17803.0,17582.0,8815.0,9487.0,1045.0,1118.0,318.0,303.0,1147.0,1101.0,1635.0,2857.0,17775.0,19856.0,12.0,12.0,True
540,2018,9999,01-627-000-000,Михайловский муниципальный район,Михайловский,муниципальный район,22,Алтайский край,51.8212486,79.7193176,16483.0,16349.0,9038.0,10287.0,951.0,1118.0,381.0,434.0,1104.0,1250.0,2168.0,3525.0,19014.0,22052.0,12.0,12.0,True
541,2018,9999,01-628-000-000,Новичихинский муниципальный район,Новичихинский,муниципальный район,22,Алтайский край,52.2103282,81.3940414,7533.0,7406.0,9936.0,10889.0,967.0,1055.0,226.0,361.0,1020.0,1020.0,2076.0,3476.0,18304.0,21041.0,12.0,12.0,True
542,2018,9999,01-629-000-000,Зональный муниципальный район,Зональный,муниципальный район,22,Алтайский край,52.6639985,84.9347359,16392.0,16341.0,9183.0,10163.0,852.0,883.0,344.0,429.0,657.0,585.0,1202.0,3374.0,15842.0,19636.0,12.0,12.0,True
543,2018,9999,01-630-000-000,Павловский муниципальный район,Павловский,муниципальный район,22,Алтайский край,53.3133356,82.9899119,38931.0,38447.0,9657.0,10756.0,1009.0,1094.0,573.0,642.0,1033.0,1129.0,1912.0,3264.0,19449.0,22419.0,12.0,12.0,True
544,2018,9999,01-631-000-000,Панкрушихинский муниципальный район,Панкрушихинский,муниципальный район,22,Алтайский край,53.83286,80.3443,9268.0,9099.0,9313.0,10608.0,867.0,931.0,247.0,307.0,1056.0,1205.0,2167.0,3512.0,18319.0,21077.0,12.0,12.0,True
545,2018,9999,01-632-000-000,Первомайский муниципальный район,Первомайский,муниципальный район,22,Алтайский край,53.393341,83.939407,52558.0,53359.0,9555.0,10367.0,971.0,985.0,483.0,564.0,1154.0,1180.0,2118.0,3646.0,20010.0,23005.0,12.0,12.0,True
546,2018,9999,01-633-000-000,Петропавловский муниципальный район,Петропавловский,муниципальный район,22,Алтайский край,52.069763,84.108116,10396.0,10214.0,7665.0,8100.0,1028.0,1010.0,133.0,166.0,1148.0,1104.0,2242.0,3457.0,18515.0,20018.0,12.0,12.0,True
547,2018,9999,01-634-000-000,Поспелихинский муниципальный район,Поспелихинский,муниципальный район,22,Алтайский край,51.9707861,81.7339244,19641.0,19439.0,9672.0,10697.0,1095.0,1145.0,359.0,389.0,1150.0,1250.0,2281.0,3454.0,19528.0,22099.0,12.0,12.0,True
548,2018,9999,01-635-000-000,Ребрихинский муниципальный район,Ребрихинский,муниципальный район,22,Алтайский край,53.0752803,82.338217,18967.0,18726.0,8556.0,9467.0,936.0,926.0,284.0,328.0,824.0,860.0,1634.0,2697.0,16671.0,18850.0,12.0,12.0,True
549,2018,9999,01-636-000-000,Родинский муниципальный район,Родинский,муниципальный район,22,Алтайский край,52.496135,80.2104298,14551.0,14369.0,9845.0,10835.0,933.0,1017.0,131.0,138.0,1086.0,1125.0,1805.0,2840.0,17899.0,20076.0,12.0,12.0,True
550,2018,9999,01-637-000-000,Романовский муниципальный район,Романовский,муниципальный район,22,Алтайский край,52.6187229,81.226359,10697.0,10594.0,8951.0,9478.0,1024.0,1113.0,284.0,306.0,1159.0,1283.0,1656.0,3075.0,17685.0,20301.0,12.0,12.0,True
551,2018,9999,01-638-000-000,Рубцовский муниципальный район,Рубцовский,муниципальный район,22,Алтайский край,51.5276264,81.2176174,18084.0,17749.0,,,,,,,,,,,,,,,False
552,2018,9999,01-640-000-000,Смоленский муниципальный район,Смоленский,муниципальный район,22,Алтайский край,52.305302,85.079384,20472.0,20153.0,9974.0,10521.0,1148.0,1268.0,283.0,396.0,1110.0,1166.0,2030.0,3090.0,20697.0,22899.0,12.0,12.0,True
553,2018,9999,01-541-000-000,муниципальный округ Суетский район,Суетский,муниципальный округ,22,Алтайский край,53.3027185,80.0450874,3380.0,3264.0,10558.0,11910.0,1030.0,1064.0,138.0,201.0,977.0,1063.0,2522.0,4378.0,19472.0,22921.0,12.0,12.0,True
554,2018,9999,01-642-000-000,Советский муниципальный район,Советский,муниципальный район,22,Алтайский край,52.282604,85.409721,13757.0,13572.0,9529.0,11194.0,933.0,1079.0,303.0,573.0,1160.0,1791.0,2027.0,3582.0,19362.0,24684.0,12.0,12.0,True
555,2018,9999,01-643-000-000,Солонешенский муниципальный район,Солонешенский,муниципальный район,22,Алтайский край,51.655628,84.318352,7292.0,7152.0,9003.0,9764.0,997.0,1080.0,213.0,283.0,1349.0,1360.0,2777.0,3959.0,19450.0,21446.0,12.0,12.0,True
556,2018,9999,01-644-000-000,Солтонский муниципальный район,Солтонский,муниципальный район,22,Алтайский край,52.8365518,86.4756389,6150.0,6045.0,8153.0,8793.0,831.0,848.0,68.0,69.0,922.0,852.0,810.0,3052.0,14858.0,17341.0,12.0,12.0,True
557,2018,9999,01-645-000-000,Шелаболихинский муниципальный район,Шелаболихинский,муниципальный район,22,Алтайский край,53.4174823,82.5971994,10349.0,10246.0,10755.0,11603.0,907.0,891.0,187.0,184.0,898.0,1077.0,1501.0,2810.0,17915.0,19954.0,12.0,12.0,True
558,2018,9999,01-646-000-000,Табунский муниципальный район,Табунский,муниципальный район,22,Алтайский край,52.7747185,78.7904097,7082.0,7060.0,9435.0,10719.0,954.0,1069.0,189.0,210.0,1421.0,1279.0,2129.0,3812.0,19695.0,22573.0,12.0,12.0,True
559,2018,9999,01-647-000-000,Тальменский муниципальный район,Тальменский,муниципальный район,22,Алтайский край,53.8176306,83.562011,42586.0,42346.0,9666.0,10598.0,1030.0,1095.0,560.0,578.0,1043.0,1098.0,2091.0,3553.0,19797.0,22582.0,12.0,12.0,True
560,2018,9999,01-648-000-000,Тогульский муниципальный район,Тогульский,муниципальный район,22,Алтайский край,53.4658177,85.9136273,6346.0,6187.0,9207.0,9676.0,924.0,974.0,292.0,327.0,1050.0,1027.0,1798.0,3759.0,17609.0,20023.0,12.0,12.0,True
561,2018,9999,01-649-000-000,Топчихинский муниципальный район,Топчихинский,муниципальный район,22,Алтайский край,52.8175669,83.115343,18383.0,18142.0,9596.0,10247.0,1004.0,1051.0,409.0,793.0,940.0,1003.0,1699.0,3029.0,18396.0,21197.0,12.0,12.0,True
562,2018,9999,01-650-000-000,Третьяковский муниципальный район,Третьяковский,муниципальный район,22,Алтайский край,51.006229,81.999641,10228.0,10094.0,9587.0,10385.0,989.0,1054.0,293.0,435.0,1018.0,1079.0,2606.0,4151.0,18896.0,21525.0,12.0,12.0,True
563,2018,9999,01-651-000-000,Троицкий муниципальный район,Троицкий,муниципальный район,22,Алтайский край,52.981388,84.677628,18242.0,17787.0,9537.0,10275.0,1032.0,1049.0,241.0,210.0,875.0,873.0,2136.0,3240.0,17953.0,19793.0,12.0,12.0,True
564,2018,9999,01-652-000-000,Тюменцевский муниципальный район,Тюменцевский,муниципальный район,22,Алтайский край,53.3189514,81.4979587,11012.0,10801.0,9172.0,10136.0,916.0,1018.0,269.0,305.0,1104.0,1215.0,1946.0,3224.0,18246.0,20814.0,12.0,12.0,True
565,2018,9999,01-653-000-000,Угловский муниципальный район,Угловский,муниципальный район,22,Алтайский край,51.3608091,80.1883865,8920.0,8700.0,8065.0,8763.0,912.0,936.0,346.0,346.0,856.0,882.0,2207.0,3782.0,16543.0,19004.0,12.0,12.0,True
566,2018,9999,01-654-000-000,Усть-Калманский муниципальный район,Усть-Калманский,муниципальный район,22,Алтайский край,52.1171375,83.3047794,10944.0,10802.0,9222.0,9857.0,987.0,1067.0,179.0,188.0,942.0,974.0,2008.0,3387.0,17545.0,19803.0,12.0,12.0,True
567,2018,9999,01-655-000-000,Усть-Пристанский муниципальный район,Усть-Пристанский,муниципальный район,22,Алтайский край,52.3912939,83.668251,9282.0,9078.0,10155.0,10892.0,790.0,906.0,187.0,225.0,798.0,785.0,1538.0,3023.0,16814.0,18949.0,12.0,12.0,True
568,2018,9999,01-656-000-000,Хабарский муниципальный район,Хабарский,муниципальный район,22,Алтайский край,53.6236801,79.5404777,12392.0,12199.0,8936.0,10115.0,835.0,920.0,378.0,493.0,1073.0,1135.0,1907.0,3265.0,18292.0,20848.0,12.0,12.0,True
569,2018,9999,01-657-000-000,Целинный муниципальный район,Целинный,муниципальный район,22,Алтайский край,53.0806917,85.6647246,13147.0,12857.0,9490.0,10203.0,946.0,1009.0,158.0,311.0,1147.0,1213.0,1972.0,3196.0,17836.0,20397.0,12.0,12.0,True
570,2018,9999,01-558-000-000,муниципальный округ Чарышский район,Чарышский,муниципальный округ,22,Алтайский край,51.4008481,83.556989,9445.0,9268.0,9706.0,10264.0,844.0,915.0,221.0,398.0,1009.0,1061.0,2825.0,4317.0,18792.0,21148.0,12.0,12.0,True
571,2018,9999,01-659-000-000,Шипуновский муниципальный район,Шипуновский,муниципальный район,22,Алтайский край,52.218868,82.261627,24524.0,24128.0,10100.0,10706.0,1030.0,1101.0,267.0,495.0,1177.0,1263.0,2084.0,3215.0,19631.0,21889.0,12.0,12.0,True
572,2018,9999,01-660-000-000,Немецкий национальный муниципальный район,Немецкий,муниципальный район,22,Алтайский край,53.2265802,78.9865883,14938.0,14809.0,9994.0,10832.0,819.0,874.0,284.0,282.0,954.0,1020.0,2530.0,4127.0,19105.0,22051.0,12.0,12.0,True
573,2018,9999,76-701-000-000,городской округ город Чита,Чита,городской округ,75,Забайкальский край,52.033409,113.500893,333679.0,,12864.0,,2073.0,,2037.0,,2437.0,,2796.0,,34950.0,,12.0,,True
574,2018,9999,76-715-000-000,городской округ город Петровск-Забайкальский,Петровск-Забайкальский,городской округ,75,Забайкальский край,51.28062685,108.8386403192038,14683.0,14473.0,11234.0,12354.0,1233.0,1365.0,529.0,772.0,1396.0,1451.0,2684.0,3821.0,24237.0,27890.0,12.0,12.0,True
575,2018,9999,76-785-000-000,городской округ ЗАТО поселок Горный,Горный,городской округ,75,Забайкальский край,51.55468,113.033165,7411.0,7335.0,,,,,,,,,,,,,,,False
576,2018,9999,76-603-000-000,Акшинский муниципальный район,Акшинский,муниципальный район,75,Забайкальский край,50.280815,113.285149,8586.0,,10139.0,,1086.0,,209.0,,1778.0,,2061.0,,22222.0,,12.0,,True
577,2018,9999,76-604-000-000,Александрово-Заводский муниципальный район,Александрово-Заводский,муниципальный район,75,Забайкальский край,50.923641,117.934097,5832.0,,11326.0,,1243.0,,284.0,,2086.0,,654.0,,21653.0,,12.0,,True
578,2018,9999,76-606-000-000,Балейский муниципальный район,Балейский,муниципальный район,75,Забайкальский край,51.578789,116.646042,15537.0,15274.0,10537.0,12654.0,1417.0,1563.0,1414.0,928.0,1725.0,1889.0,2710.0,3649.0,25161.0,28393.0,12.0,12.0,True
579,2018,9999,76-609-000-000,Борзинский муниципальный район,Борзинский,муниципальный район,75,Забайкальский край,50.3851808,116.5330685,44344.0,43803.0,11842.0,13784.0,1258.0,1367.0,936.0,1134.0,1712.0,1866.0,2226.0,3628.0,26761.0,31423.0,12.0,12.0,True
580,2018,9999,76-510-000-000,Газимуро-Заводский муниципальный округ,Газимуро-Заводский,муниципальный округ,75,Забайкальский край,51.5511167,118.3349104,8008.0,7885.0,12150.0,12930.0,1595.0,1677.0,1190.0,1483.0,2345.0,2584.0,870.0,1741.0,27997.0,31122.0,12.0,12.0,True
581,2018,9999,76-612-000-000,Забайкальский муниципальный район,Забайкальский,муниципальный район,75,Забайкальский край,49.644653,117.329025,19646.0,19300.0,13309.0,14627.0,1351.0,1404.0,1119.0,1328.0,2174.0,2298.0,2968.0,4624.0,30539.0,34608.0,12.0,12.0,True
582,2018,9999,76-515-000-000,Каларский муниципальный округ,Каларский,муниципальный округ,75,Забайкальский край,56.797935,118.2732323,7377.0,7207.0,12574.0,13923.0,1499.0,1603.0,1746.0,2163.0,1550.0,1616.0,2014.0,4461.0,32518.0,37564.0,12.0,12.0,True
583,2018,9999,76-518-000-000,Калганский муниципальный округ,Калганский,муниципальный округ,75,Забайкальский край,50.92355,118.899208,5743.0,5488.0,12845.0,13792.0,1162.0,1256.0,265.0,376.0,2103.0,2433.0,522.0,2603.0,22477.0,26573.0,12.0,12.0,True
584,2018,9999,76-620-000-000,Карымский муниципальный район,Карымский,муниципальный район,75,Забайкальский край,51.623402,114.34063,33677.0,33483.0,11344.0,12310.0,1157.0,1213.0,976.0,1000.0,1351.0,1342.0,1862.0,3089.0,23797.0,26383.0,12.0,12.0,True
585,2018,9999,76-621-000-000,муниципальный район Город Краснокаменск и Краснокаменский район,Краснокаменск и Краснокаменский,муниципальный район,75,Забайкальский край,50.096992,118.041344,55713.0,55782.0,13422.0,14971.0,1431.0,1633.0,972.0,1281.0,1181.0,1432.0,2601.0,4176.0,28645.0,33494.0,12.0,12.0,True
586,2018,9999,76-622-000-000,Красночикойский муниципальный район,Красночикойский,муниципальный район,75,Забайкальский край,50.364742,108.75798,16105.0,15817.0,11106.0,12077.0,1299.0,1349.0,718.0,692.0,1902.0,2106.0,1721.0,2936.0,23310.0,26271.0,12.0,12.0,True
587,2018,9999,76-624-000-000,Кыринский муниципальный район,Кыринский,муниципальный район,75,Забайкальский край,49.578625,111.971039,10238.0,9949.0,8825.0,10008.0,1253.0,1304.0,403.0,399.0,1996.0,2034.0,2161.0,3955.0,26334.0,29535.0,12.0,12.0,True
588,2018,9999,76-526-000-000,Могочинский муниципальный округ,Могочинский,муниципальный округ,75,Забайкальский край,53.7362642,119.7624853,21110.0,20767.0,12806.0,13943.0,1310.0,1319.0,806.0,1005.0,1351.0,1558.0,1878.0,3959.0,27828.0,31500.0,12.0,12.0,True
589,2018,9999,76-628-000-000,Нерчинский муниципальный район,Нерчинский,муниципальный район,75,Забайкальский край,51.97694,116.588341,26642.0,26450.0,10996.0,12774.0,1081.0,1152.0,490.0,491.0,1960.0,2160.0,2000.0,3180.0,25359.0,29138.0,12.0,12.0,True
590,2018,9999,76-630-000-000,Нерчинско-Заводский муниципальный район,Нерчинско-Заводский,муниципальный район,75,Забайкальский край,51.30904,119.616234,7141.0,,12550.0,,1242.0,,1200.0,,1840.0,,518.0,,23535.0,,12.0,,True
591,2018,9999,76-632-000-000,Оловяннинский муниципальный район,Оловяннинский,муниципальный район,75,Забайкальский край,50.943687,115.586937,30332.0,29773.0,12378.0,13861.0,1108.0,1213.0,454.0,529.0,1565.0,1587.0,2380.0,3769.0,25120.0,28426.0,12.0,12.0,True
592,2018,9999,76-534-000-000,Ононский муниципальный округ,Ононский,муниципальный округ,75,Забайкальский край,50.510593,115.118385,8444.0,8214.0,9645.0,10611.0,995.0,1060.0,289.0,366.0,1842.0,1968.0,1526.0,2625.0,22284.0,24838.0,12.0,12.0,True
593,2018,9999,76-636-000-000,Петровск-Забайкальский муниципальный район,Петровск-Забайкальский,муниципальный район,75,Забайкальский край,51.28062685,108.8386403192038,14792.0,14576.0,10040.0,10873.0,1039.0,1180.0,439.0,668.0,1741.0,1901.0,1867.0,3714.0,21869.0,25229.0,12.0,12.0,True
594,2018,9999,76-538-000-000,Приаргунский муниципальный округ,Приаргунский,муниципальный округ,75,Забайкальский край,50.365902,119.090134,15487.0,15082.0,12485.0,14082.0,1257.0,1394.0,424.0,514.0,1516.0,1855.0,1806.0,3164.0,24804.0,29044.0,12.0,12.0,True
595,2018,9999,76-640-000-000,Сретенский муниципальный район,Сретенский,муниципальный район,75,Забайкальский край,52.243191,117.695541,18184.0,17869.0,12430.0,13544.0,1158.0,1236.0,337.0,373.0,1614.0,1846.0,1978.0,3314.0,24416.0,27234.0,12.0,12.0,True
596,2018,9999,76-642-000-000,Тунгиро-Олёкминский муниципальный район,Тунгиро-Олёкминский,муниципальный район,75,Забайкальский край,54.426773,119.94368,1116.0,1098.0,,,,,,,,,,,,,,,False
597,2018,9999,76-644-000-000,Тунгокоченский муниципальный район,Тунгокоченский,муниципальный район,75,Забайкальский край,52.690086,115.188309,9739.0,,11891.0,,1160.0,,360.0,,2357.0,,540.0,,23121.0,,12.0,,True
598,2018,9999,76-646-000-000,Улётовский муниципальный район,Улётовский,муниципальный район,75,Забайкальский край,51.35854,112.485115,16960.0,16787.0,11309.0,12251.0,1056.0,1090.0,367.0,452.0,1726.0,1713.0,1869.0,3154.0,21773.0,24428.0,12.0,12.0,True
599,2018,9999,76-647-000-000,Хилокский муниципальный район,Хилокский,муниципальный район,75,Забайкальский край,51.3628436,110.4579749,25060.0,24713.0,11154.0,11960.0,1046.0,1088.0,744.0,922.0,1453.0,1529.0,2520.0,3843.0,22826.0,25773.0,12.0,12.0,True
600,2018,9999,76-648-000-000,Чернышевский муниципальный район,Чернышевский,муниципальный район,75,Забайкальский край,52.514069,117.01371,29424.0,29154.0,11639.0,13559.0,1088.0,1168.0,416.0,565.0,1597.0,1744.0,1938.0,3521.0,25984.0,29634.0,12.0,12.0,True
601,2018,9999,76-650-000-000,Читинский муниципальный район,Читинский,муниципальный район,75,Забайкальский край,52.033409,113.500893,71269.0,71661.0,10990.0,12067.0,1073.0,1171.0,944.0,1110.0,1872.0,2043.0,1869.0,3128.0,23784.0,27331.0,12.0,12.0,True
602,2018,9999,76-652-000-000,Шелопугинский муниципальный район,Шелопугинский,муниципальный район,75,Забайкальский край,51.649864,117.564728,5711.0,5546.0,11744.0,12863.0,1196.0,1282.0,216.0,220.0,1878.0,2010.0,557.0,2032.0,20168.0,23456.0,12.0,12.0,True
603,2018,9999,76-654-000-000,Шилкинский муниципальный район,Шилкинский,муниципальный район,75,Забайкальский край,51.851639,116.025894,35585.0,35034.0,12293.0,13740.0,1134.0,1205.0,537.0,550.0,1499.0,1600.0,2441.0,3624.0,25521.0,28840.0,12.0,12.0,True
604,2018,9999,76-702-000-000,городской округ поселок Агинское,Агинское,городской округ,75,Забайкальский край,51.1057609,114.5408006,16614.0,16649.0,9934.0,10680.0,1071.0,1086.0,1132.0,1342.0,2355.0,2347.0,1594.0,2558.0,23484.0,26487.0,12.0,12.0,True
605,2018,9999,76-602-000-000,Агинский муниципальный район,Агинский,муниципальный район,75,Забайкальский край,51.1057609,114.5408006,15742.0,15564.0,9485.0,10194.0,1033.0,1055.0,755.0,915.0,2334.0,2352.0,1318.0,2545.0,23385.0,26054.0,12.0,12.0,True
606,2018,9999,76-611-000-000,Дульдургинский муниципальный район,Дульдургинский,муниципальный район,75,Забайкальский край,50.7391314,113.3924757,13754.0,13633.0,10731.0,12163.0,1000.0,1008.0,443.0,469.0,2412.0,2455.0,1477.0,2445.0,22076.0,24696.0,12.0,12.0,True
607,2018,9999,76-625-000-000,Могойтуйский муниципальный район,Могойтуйский,муниципальный район,75,Забайкальский край,51.2831177,114.9299468,22661.0,22380.0,10245.0,11490.0,1002.0,1077.0,780.0,896.0,2359.0,2424.0,1600.0,2555.0,22683.0,25477.0,12.0,12.0,True
608,2018,9999,30-701-000-000,городской округ Петропавловск-Камчатский,Петропавловск-Камчатский,городской округ,41,Камчатский край,53.0199838,158.6471356,162992.0,163152.0,19277.0,21310.0,2272.0,2546.0,3552.0,4027.0,3552.0,3943.0,3150.0,4746.0,52605.0,58624.0,12.0,12.0,True
610,2018,9999,30-501-000-000,Алеутский муниципальный округ,Алеутский,муниципальный округ,41,Камчатский край,55.1979733,165.9969098,624.0,615.0,,,,,,,,,,,,,,,False
611,2018,9999,30-604-000-000,Быстринский муниципальный район,Быстринский,муниципальный район,41,Камчатский край,55.9282472,158.7043579,2422.0,2391.0,21470.0,22969.0,1562.0,1736.0,1235.0,1029.0,2284.0,2533.0,2534.0,6023.0,42088.0,47228.0,12.0,10.0,True
612,2018,9999,30-607-000-000,Елизовский муниципальный район,Елизовский,муниципальный район,41,Камчатский край,53.1864972,158.3836712,59658.0,59889.0,19361.0,21438.0,1957.0,2252.0,3082.0,3575.0,3687.0,4070.0,3089.0,4864.0,49596.0,55997.0,12.0,12.0,True
613,2018,9999,30-510-000-000,Мильковский муниципальный округ,Мильковский,муниципальный округ,41,Камчатский край,54.690411,158.609879,8890.0,8727.0,19303.0,21531.0,1441.0,1544.0,1105.0,1290.0,2330.0,2631.0,3664.0,5628.0,41706.0,46974.0,12.0,12.0,True
614,2018,9999,30-613-000-000,Соболевский муниципальный район,Соболевский,муниципальный район,41,Камчатский край,54.2976842,155.9424213,1988.0,1979.0,22292.0,24005.0,1435.0,1441.0,1376.0,1964.0,2048.0,2572.0,1912.0,3245.0,44478.0,50521.0,12.0,12.0,True
615,2018,9999,30-616-000-000,Усть-Большерецкий муниципальный район,Усть-Большерецкий,муниципальный район,41,Камчатский край,52.8250585,156.2804925,6185.0,6069.0,22870.0,24722.0,1211.0,1284.0,987.0,1335.0,1738.0,2024.0,1678.0,3654.0,42420.0,48772.0,12.0,12.0,True
616,2018,9999,30-619-000-000,Усть-Камчатский муниципальный район,Усть-Камчатский,муниципальный район,41,Камчатский край,56.2400377,162.5369568,8744.0,8450.0,21899.0,23880.0,1618.0,1846.0,1462.0,2086.0,2138.0,2385.0,2196.0,5279.0,44379.0,51344.0,12.0,12.0,True
618,2018,9999,30-824-000-000,Карагинский муниципальный район,Карагинский,муниципальный район,41,Камчатский край,59.247414,163.069931,3403.0,3457.0,25208.0,27026.0,1465.0,1555.0,1050.0,1564.0,864.0,1142.0,2063.0,3204.0,47973.0,52182.0,12.0,12.0,True
619,2018,9999,30-827-000-000,Олюторский муниципальный район,Олюторский,муниципальный район,41,Камчатский край,60.429134,166.057053,3569.0,3523.0,25537.0,28950.0,1404.0,1551.0,1926.0,1925.0,941.0,1186.0,1730.0,2833.0,48448.0,56102.0,12.0,12.0,True
620,2018,9999,30-829-000-000,Пенжинский муниципальный район,Пенжинский,муниципальный район,41,Камчатский край,62.4686,166.2046,2026.0,1959.0,23186.0,24168.0,441.0,766.0,940.0,977.0,1304.0,1522.0,1722.0,2606.0,40601.0,45838.0,3.0,2.0,True
621,2018,9999,30-832-000-000,Тигильский муниципальный район,Тигильский,муниципальный район,41,Камчатский край,57.650604,158.8234989,3668.0,3662.0,24307.0,28461.0,1004.0,1064.0,1294.0,1757.0,921.0,1174.0,2025.0,3590.0,45289.0,53640.0,12.0,12.0,True
622,2018,9999,03-701-000-000,городской округ город Краснодар,Краснодар,городской округ,23,Краснодарский край,45.0112333,38.9845655,1226226.0,1243839.0,,,,,,,,,,,,,,,False
623,2018,9999,03-703-000-000,городской округ город-курорт Анапа,Анапа,городской округ,23,Краснодарский край,44.894272,37.316887,203964.0,208581.0,,,,,,,,,,,,,,,False
624,2018,9999,03-705-000-000,городской округ город Армавир,Армавир,городской округ,23,Краснодарский край,44.9993585,41.1294061,203668.0,203911.0,,,,,,,,,,,,,,,False
625,2018,9999,03-708-000-000,городской округ город-курорт Геленджик,Геленджик,городской округ,23,Краснодарский край,44.5609447,38.0766832,116967.0,117339.0,,,,,,,,,,,,,,,False
626,2018,9999,03-709-000-000,городской округ город Горячий Ключ,Горячий Ключ,городской округ,23,Краснодарский край,44.6342653,39.1363613,67391.0,68485.0,,,,,,,,,,,,,,,False
627,2018,9999,03-720-000-000,городской округ город Новороссийск,Новороссийск,городской округ,23,Краснодарский край,44.7239578,37.7690711,342024.0,343971.0,,,,,,,,,,,,,,,False
629,2018,9999,03-601-000-000,Абинский муниципальный район,Абинский,муниципальный район,23,Краснодарский край,44.8649528,38.1578189,97539.0,96073.0,,,,,,,,,,,,,,,False
630,2018,9999,03-605-000-000,Апшеронский муниципальный район,Апшеронский,муниципальный район,23,Краснодарский край,44.4618046,39.741048,97294.0,96844.0,,,,,,,,,,,,,,,False
631,2018,9999,03-607-000-000,Белоглинский муниципальный район,Белоглинский,муниципальный район,23,Краснодарский край,46.078419,40.863701,29588.0,29336.0,,,,,,,,,,,,,,,False
632,2018,9999,03-608-000-000,Белореченский муниципальный район,Белореченский,муниципальный район,23,Краснодарский край,44.7614149,39.8712943,105803.0,104745.0,,,,,,,,,,,,,,,False
633,2018,9999,03-610-000-000,Брюховецкий муниципальный район,Брюховецкий,муниципальный район,23,Краснодарский край,45.8006166,39.0003034,46300.0,46265.0,,,,,,,,,,,,,,,False
634,2018,9999,03-612-000-000,Выселковский муниципальный район,Выселковский,муниципальный район,23,Краснодарский край,45.5806221,39.6574237,54641.0,54337.0,,,,,,,,,,,,,,,False
635,2018,9999,03-613-000-000,Гулькевичский муниципальный район,Гулькевичский,муниципальный район,23,Краснодарский край,45.3565119,40.6962256,97365.0,96900.0,,,,,,,,,,,,,,,False
636,2018,9999,03-614-000-000,Динской муниципальный район,Динской,муниципальный район,23,Краснодарский край,45.2168713,39.2249757,147411.0,147113.0,,,,,,,,,,,,,,,False
637,2018,9999,03-616-000-000,Ейский муниципальный район,Ейский,муниципальный район,23,Краснодарский край,46.7112094,38.2747987,134379.0,134117.0,,,,,,,,,,,,,,,False
638,2018,9999,03-618-000-000,Кавказский муниципальный район,Кавказский,муниципальный район,23,Краснодарский край,45.4344413,40.5750274,116926.0,115971.0,,,,,,,,,,,,,,,False
639,2018,9999,03-619-000-000,Калининский муниципальный район,Калининский,муниципальный район,23,Краснодарский край,45.4856626,38.6598137,50015.0,49815.0,,,,,,,,,,,,,,,False
640,2018,9999,03-620-000-000,Каневской муниципальный район,Каневской,муниципальный район,23,Краснодарский край,46.0845999,38.9721929,97243.0,97080.0,,,,,,,,,,,,,,,False
641,2018,9999,03-621-000-000,Кореновский муниципальный район,Кореновский,муниципальный район,23,Краснодарский край,45.4635863,39.4487565,83363.0,83194.0,,,,,,,,,,,,,,,False
642,2018,9999,03-623-000-000,Красноармейский муниципальный район,Красноармейский,муниципальный район,23,Краснодарский край,45.366794,38.2115057,100793.0,100895.0,,,,,,,,,,,,,,,False
643,2018,9999,03-624-000-000,Крыловский муниципальный район,Крыловский,муниципальный район,23,Краснодарский край,46.321865,39.962914,33531.0,33301.0,,,,,,,,,,,,,,,False
644,2018,9999,03-625-000-000,Крымский муниципальный район,Крымский,муниципальный район,23,Краснодарский край,44.9295889,37.9880177,130802.0,131296.0,,,,,,,,,,,,,,,False
645,2018,9999,03-627-000-000,Курганинский муниципальный район,Курганинский,муниципальный район,23,Краснодарский край,44.8851635,40.5894674,99198.0,98956.0,,,,,,,,,,,,,,,False
646,2018,9999,03-628-000-000,Кущевский муниципальный район,Кущевский,муниципальный район,23,Краснодарский край,46.5650084,39.6273712,63616.0,63182.0,,,,,,,,,,,,,,,False
647,2018,9999,03-630-000-000,Лабинский муниципальный район,Лабинский,муниципальный район,23,Краснодарский край,44.6347953,40.7242185,89580.0,88686.0,,,,,,,,,,,,,,,False
648,2018,9999,03-632-000-000,Ленинградский муниципальный район,Ленинградский,муниципальный район,23,Краснодарский край,46.3212449,39.389554,58921.0,58708.0,,,,,,,,,,,,,,,False
649,2018,9999,03-633-000-000,Мостовский муниципальный район,Мостовский,муниципальный район,23,Краснодарский край,44.4138041,40.7899446,68671.0,68500.0,,,,,,,,,,,,,,,False
650,2018,9999,03-634-000-000,Новокубанский муниципальный район,Новокубанский,муниципальный район,23,Краснодарский край,45.1083184,41.0366896,83008.0,82141.0,,,,,,,,,,,,,,,False
651,2018,9999,03-635-000-000,Новопокровский муниципальный район,Новопокровский,муниципальный район,23,Краснодарский край,45.953815,40.707203,41158.0,40999.0,,,,,,,,,,,,,,,False
652,2018,9999,03-637-000-000,Отрадненский муниципальный район,Отрадненский,муниципальный район,23,Краснодарский край,44.3975687,41.5263169,63529.0,62908.0,,,,,,,,,,,,,,,False
653,2018,9999,03-639-000-000,Павловский муниципальный район,Павловский,муниципальный район,23,Краснодарский край,46.1352,39.783,61146.0,60588.0,,,,,,,,,,,,,,,False
654,2018,9999,03-641-000-000,Приморско-Ахтарский муниципальный район,Приморско-Ахтарский,муниципальный район,23,Краснодарский край,46.043181,38.1554803,56077.0,55699.0,,,,,,,,,,,,,,,False
655,2018,9999,03-643-000-000,Северский муниципальный район,Северский,муниципальный район,23,Краснодарский край,44.853421,38.6781253,122549.0,123854.0,,,,,,,,,,,,,,,False
656,2018,9999,03-645-000-000,Славянский муниципальный район,Славянский,муниципальный район,23,Краснодарский край,45.2492346,38.10926744160152,126353.0,125608.0,,,,,,,,,,,,,,,False
657,2018,9999,03-647-000-000,Староминский муниципальный район,Староминский,муниципальный район,23,Краснодарский край,46.5359488,39.0625056,39472.0,39358.0,,,,,,,,,,,,,,,False
658,2018,9999,03-649-000-000,Тбилисский муниципальный район,Тбилисский,муниципальный район,23,Краснодарский край,45.3635681,40.1898342,48057.0,47574.0,,,,,,,,,,,,,,,False
659,2018,9999,03-651-000-000,Темрюкский муниципальный район,Темрюкский,муниципальный район,23,Краснодарский край,45.2751663,37.3905481,125838.0,127064.0,,,,,,,,,,,,,,,False
660,2018,9999,03-653-000-000,Тимашевский муниципальный район,Тимашевский,муниципальный район,23,Краснодарский край,45.6129685,38.9357743,105947.0,105872.0,,,,,,,,,,,,,,,False
661,2018,9999,03-654-000-000,Тихорецкий муниципальный район,Тихорецкий,муниципальный район,23,Краснодарский край,45.854679,40.128124,109557.0,108860.0,,,,,,,,,,,,,,,False
662,2018,9999,03-655-000-000,Туапсинский муниципальный район,Туапсинский,муниципальный район,23,Краснодарский край,44.0984747,39.0718875,124719.0,124328.0,,,,,,,,,,,,,,,False
663,2018,9999,03-656-000-000,Успенский муниципальный район,Успенский,муниципальный район,23,Краснодарский край,44.8346548,41.3850485,38864.0,38722.0,,,,,,,,,,,,,,,False
664,2018,9999,03-657-000-000,Усть-Лабинский муниципальный район,Усть-Лабинский,муниципальный район,23,Краснодарский край,45.2178027,39.6896725,100667.0,100230.0,,,,,,,,,,,,,,,False
665,2018,9999,03-659-000-000,Щербиновский муниципальный район,Щербиновский,муниципальный район,23,Краснодарский край,46.6284506,38.6624971,33624.0,33422.0,,,,,,,,,,,,,,,False
666,2018,9999,04-701-000-000,городской округ город Красноярск,Красноярск,городской округ,24,Красноярский край,56.0091173,92.872586,1197659.0,1206237.0,12980.0,14758.0,1968.0,2212.0,2248.0,2609.0,2703.0,3062.0,3189.0,4982.0,35903.0,41648.0,12.0,12.0,True
667,2018,9999,04-703-000-000,городской округ город Ачинск,Ачинск,городской округ,24,Красноярский край,56.2694846,90.4953964,101384.0,101043.0,12813.0,14231.0,1244.0,1373.0,1295.0,1527.0,1791.0,2069.0,3445.0,5226.0,29919.0,34555.0,12.0,12.0,True
668,2018,9999,04-706-000-000,городской округ город Боготол,Боготол,городской округ,24,Красноярский край,56.211464,89.531639,17841.0,17509.0,11276.0,12430.0,1145.0,1239.0,419.0,442.0,1200.0,1247.0,3166.0,4634.0,23715.0,27195.0,12.0,12.0,True
669,2018,9999,04-707-000-000,городской округ город Бородино,Бородино,городской округ,24,Красноярский край,55.9,94.89365,14985.0,14967.0,10656.0,12012.0,1108.0,1238.0,546.0,605.0,1186.0,1264.0,2852.0,4299.0,24419.0,28018.0,12.0,12.0,True
670,2018,9999,04-709-000-000,городской округ город Дивногорск,Дивногорск,городской округ,24,Красноярский край,55.959644,92.37542,31719.0,31561.0,11597.0,13499.0,1337.0,1525.0,1172.0,1313.0,1293.0,1578.0,3276.0,5007.0,27231.0,32417.0,12.0,12.0,True
671,2018,9999,04-712-000-000,городской округ город Енисейск,Енисейск,городской округ,24,Красноярский край,58.4532212,92.1748169,17655.0,17843.0,13074.0,14927.0,1524.0,1592.0,735.0,780.0,1700.0,1831.0,3704.0,5411.0,31014.0,34711.0,12.0,12.0,True
674,2018,9999,04-720-000-000,городской округ город Канск,Канск,городской округ,24,Красноярский край,56.205997,95.706787,86034.0,85587.0,11807.0,13564.0,1229.0,1369.0,1074.0,1308.0,1696.0,1990.0,3208.0,5002.0,28133.0,33351.0,12.0,12.0,True
675,2018,9999,04-722-000-000,городской округ город Лесосибирск,Лесосибирск,городской округ,24,Красноярский край,58.2165271,92.5078354,59207.0,58714.0,13803.0,15316.0,1436.0,1592.0,870.0,1274.0,1579.0,1898.0,3406.0,5231.0,30830.0,36044.0,12.0,12.0,True
676,2018,9999,04-723-000-000,городской округ город Минусинск,Минусинск,городской округ,24,Красноярский край,53.6862056,91.6567752,71792.0,71318.0,11755.0,13580.0,1474.0,1639.0,1084.0,1427.0,1989.0,2465.0,3049.0,4880.0,28514.0,34447.0,12.0,12.0,True
677,2018,9999,04-726-000-000,городской округ город Назарово,Назарово,городской округ,24,Красноярский край,56.011593,90.418503,44761.0,44261.0,11082.0,12919.0,1121.0,1289.0,601.0,810.0,1345.0,1637.0,2855.0,4695.0,24598.0,30029.0,12.0,12.0,True
678,2018,9999,04-729-000-000,городской округ город Норильск,Норильск,городской округ,24,Красноярский край,69.3444054,88.2096151,175466.0,177427.0,19669.0,20093.0,1985.0,2125.0,2733.0,2956.0,2200.0,2660.0,4116.0,6046.0,50207.0,54444.0,12.0,12.0,True
679,2018,9999,04-733-000-000,городской округ город Сосновоборск,Сосновоборск,городской округ,24,Красноярский край,56.121494,93.33873,40619.0,40913.0,12879.0,14879.0,1586.0,1870.0,1303.0,1614.0,1788.0,2122.0,3293.0,5046.0,30520.0,36364.0,12.0,12.0,True
680,2018,9999,04-740-000-000,городской округ город Шарыпово,Шарыпово,городской округ,24,Красноярский край,55.5329127,89.1864204,41024.0,40739.0,12022.0,13486.0,1323.0,1433.0,919.0,1150.0,1510.0,1675.0,3373.0,5413.0,27666.0,32556.0,12.0,12.0,True
681,2018,9999,04-775-000-000,городской округ поселок Кедровый,Кедровый,городской округ,24,Красноярский край,56.23724,92.323425,3829.0,3769.0,10408.0,11081.0,1152.0,1118.0,348.0,261.0,919.0,706.0,2970.0,5082.0,23981.0,27630.0,8.0,10.0,True
683,2018,9999,04-601-000-000,Абанский муниципальный район,Абанский,муниципальный район,24,Красноярский край,56.67667,96.067764,18068.0,17763.0,10344.0,11054.0,1067.0,1073.0,370.0,396.0,1279.0,1159.0,2471.0,3978.0,19902.0,21984.0,12.0,12.0,True
684,2018,9999,04-603-000-000,Ачинский муниципальный район,Ачинский,муниципальный район,24,Красноярский край,56.2694846,90.4953964,13083.0,13043.0,,,,,,,,,,,,,,,False
685,2018,9999,04-604-000-000,Балахтинский муниципальный район,Балахтинский,муниципальный район,24,Красноярский край,55.383221,91.615273,18078.0,17854.0,10860.0,12523.0,1195.0,1289.0,660.0,1220.0,1590.0,1760.0,2717.0,5110.0,23011.0,28703.0,12.0,12.0,True
686,2018,9999,04-605-000-000,Березовский муниципальный район,Березовский,муниципальный район,24,Красноярский край,56.038422,93.133194,39806.0,40429.0,11671.0,13734.0,1361.0,1587.0,1125.0,1461.0,1911.0,2319.0,2721.0,4672.0,27434.0,33523.0,12.0,12.0,True
687,2018,9999,04-606-000-000,Бирилюсский муниципальный район,Бирилюсский,муниципальный район,24,Красноярский край,56.95171,90.685806,8136.0,7924.0,9910.0,10428.0,1062.0,1046.0,170.0,155.0,962.0,883.0,2714.0,5339.0,19996.0,23214.0,12.0,12.0,True
688,2018,9999,04-608-000-000,Боготольский муниципальный район,Боготольский,муниципальный район,24,Красноярский край,56.211464,89.531639,7833.0,7659.0,,12766.0,,1025.0,,214.0,,1341.0,,4970.0,,25752.0,,4.0,True
689,2018,9999,04-609-000-000,Богучанский муниципальный район,Богучанский,муниципальный район,24,Красноярский край,58.382816,97.461578,42460.0,42225.0,13323.0,14939.0,1391.0,1520.0,763.0,712.0,1740.0,1839.0,4232.0,6919.0,31553.0,36342.0,12.0,12.0,True
690,2018,9999,04-610-000-000,Большемуртинский муниципальный район,Большемуртинский,муниципальный район,24,Красноярский край,56.909847,93.138016,13706.0,13529.0,10838.0,11757.0,1098.0,1177.0,176.0,378.0,1218.0,1268.0,1713.0,3215.0,21279.0,24420.0,12.0,12.0,True
691,2018,9999,04-611-000-000,Большеулуйский муниципальный район,Большеулуйский,муниципальный район,24,Красноярский край,56.656811,90.57975,6846.0,6681.0,10606.0,10611.0,944.0,878.0,186.0,471.0,1127.0,834.0,3175.0,4773.0,21539.0,21990.0,12.0,12.0,True
692,2018,9999,04-613-000-000,Дзержинский муниципальный район,Дзержинский,муниципальный район,24,Красноярский край,56.838005,95.22139,11589.0,11389.0,10118.0,11323.0,1083.0,1116.0,308.0,247.0,1496.0,1548.0,2579.0,3973.0,20788.0,23337.0,12.0,12.0,True
693,2018,9999,04-614-000-000,Емельяновский муниципальный район,Емельяновский,муниципальный район,24,Красноярский край,56.167255,92.688454,54015.0,55572.0,12710.0,14306.0,1516.0,1678.0,1338.0,1605.0,2601.0,2888.0,3076.0,4996.0,31601.0,36804.0,12.0,12.0,True
694,2018,9999,04-615-000-000,Енисейский муниципальный район,Енисейский,муниципальный район,24,Красноярский край,58.4532212,92.1748169,21466.0,21238.0,12719.0,13747.0,1189.0,1249.0,414.0,429.0,1196.0,1206.0,3248.0,4927.0,27305.0,30098.0,12.0,12.0,True
695,2018,9999,04-616-000-000,Ермаковский муниципальный район,Ермаковский,муниципальный район,24,Красноярский край,53.278046,92.396088,17583.0,17423.0,10373.0,11801.0,1077.0,1110.0,334.0,462.0,1405.0,1511.0,3279.0,4995.0,22888.0,26642.0,12.0,12.0,True
696,2018,9999,04-617-000-000,Идринский муниципальный район,Идринский,муниципальный район,24,Красноярский край,54.370876,92.133156,10498.0,10295.0,9787.0,10266.0,1073.0,991.0,211.0,223.0,1520.0,1492.0,1852.0,3702.0,19264.0,21818.0,12.0,12.0,True
697,2018,9999,04-618-000-000,Иланский муниципальный район,Иланский,муниципальный район,24,Красноярский край,56.23806,96.06694,22954.0,22528.0,10974.0,12010.0,835.0,894.0,523.0,436.0,984.0,1051.0,2902.0,4044.0,22251.0,24851.0,12.0,12.0,True
698,2018,9999,04-619-000-000,Ирбейский муниципальный район,Ирбейский,муниципальный район,24,Красноярский край,55.644501,95.456528,12871.0,12610.0,9292.0,10385.0,1059.0,1121.0,182.0,233.0,1606.0,1735.0,3021.0,4567.0,22052.0,25198.0,12.0,12.0,True
699,2018,9999,04-620-000-000,Казачинский муниципальный район,Казачинский,муниципальный район,24,Красноярский край,57.694408,93.281029,8657.0,8558.0,11698.0,13359.0,1030.0,1099.0,211.0,262.0,1223.0,1170.0,2771.0,4454.0,20861.0,24131.0,12.0,12.0,True
700,2018,9999,04-621-000-000,Канский муниципальный район,Канский,муниципальный район,24,Красноярский край,56.205997,95.706787,21454.0,21186.0,9109.0,,927.0,,435.0,,921.0,,1825.0,,20561.0,,3.0,,True
701,2018,9999,04-622-000-000,Каратузский муниципальный район,Каратузский,муниципальный район,24,Красноярский край,53.600666,92.868996,13367.0,13157.0,11379.0,12611.0,1019.0,1127.0,214.0,288.0,1482.0,1675.0,2768.0,4466.0,21843.0,25616.0,12.0,12.0,True
702,2018,9999,04-624-000-000,Кежемский муниципальный район,Кежемский,муниципальный район,24,Красноярский край,58.6027015,99.1887515,16917.0,16559.0,13455.0,15736.0,1573.0,1606.0,775.0,844.0,1458.0,1575.0,4473.0,7145.0,34022.0,39321.0,12.0,12.0,True
703,2018,9999,04-626-000-000,Козульский муниципальный район,Козульский,муниципальный район,24,Красноярский край,56.165138,91.391975,12001.0,11808.0,10781.0,12282.0,1035.0,1077.0,230.0,230.0,1021.0,1044.0,2554.0,4003.0,21558.0,24437.0,12.0,12.0,True
704,2018,9999,04-628-000-000,Краснотуранский муниципальный район,Краснотуранский,муниципальный район,24,Красноярский край,54.316296,91.567825,12990.0,12848.0,10499.0,11655.0,1057.0,1090.0,245.0,307.0,1217.0,1334.0,2124.0,3936.0,22117.0,25488.0,12.0,12.0,True
705,2018,9999,04-630-000-000,Курагинский муниципальный район,Курагинский,муниципальный район,24,Красноярский край,53.888092,92.680222,39701.0,39269.0,10924.0,12344.0,1072.0,1142.0,319.0,383.0,1461.0,1460.0,3442.0,5355.0,23985.0,27950.0,12.0,12.0,True
706,2018,9999,04-631-000-000,Манский муниципальный район,Манский,муниципальный район,24,Красноярский край,55.719715,93.764816,13588.0,13436.0,9790.0,10997.0,994.0,997.0,235.0,276.0,1125.0,1088.0,2595.0,4331.0,19039.0,22025.0,12.0,12.0,True
707,2018,9999,04-633-000-000,Минусинский муниципальный район,Минусинский,муниципальный район,24,Красноярский край,53.6862056,91.6567752,24016.0,23938.0,,,,,,,,,,,,,,,False
708,2018,9999,04-635-000-000,Мотыгинский муниципальный район,Мотыгинский,муниципальный район,24,Красноярский край,58.184208,94.694298,12208.0,12009.0,14065.0,15231.0,1327.0,1314.0,541.0,679.0,1615.0,1793.0,1366.0,7068.0,29213.0,35699.0,12.0,12.0,True
709,2018,9999,04-637-000-000,Назаровский муниципальный район,Назаровский,муниципальный район,24,Красноярский край,56.011593,90.418503,20560.0,20200.0,9923.0,10885.0,623.0,484.0,288.0,312.0,1046.0,957.0,2377.0,4773.0,19270.0,22719.0,9.0,6.0,True
710,2018,9999,04-639-000-000,Нижнеингашский муниципальный район,Нижнеингашский,муниципальный район,24,Красноярский край,56.203602,96.544518,23928.0,23480.0,11925.0,13054.0,926.0,992.0,257.0,266.0,1162.0,1234.0,3017.0,4722.0,22573.0,26089.0,12.0,12.0,True
711,2018,9999,04-641-000-000,Новоселовский муниципальный район,Новоселовский,муниципальный район,24,Красноярский край,55.005177,90.967201,10848.0,10619.0,9894.0,11228.0,1025.0,1083.0,224.0,261.0,1359.0,1524.0,2438.0,4413.0,22550.0,26337.0,12.0,12.0,True
712,2018,9999,04-643-000-000,Партизанский муниципальный район,Партизанский,муниципальный район,24,Красноярский край,55.499271,94.393066,8111.0,7989.0,9282.0,10352.0,952.0,960.0,119.0,132.0,1166.0,1438.0,2419.0,3845.0,19988.0,23079.0,12.0,12.0,True
713,2018,9999,04-545-000-000,Пировский муниципальный округ,Пировский,муниципальный округ,24,Красноярский край,57.624046,92.272644,5857.0,5747.0,11434.0,12284.0,1021.0,1011.0,131.0,135.0,1190.0,1162.0,2616.0,4478.0,21511.0,24274.0,12.0,12.0,True
714,2018,9999,04-647-000-000,Рыбинский муниципальный район,Рыбинский,муниципальный район,24,Красноярский край,55.965401,94.708107,29892.0,29400.0,10745.0,11820.0,993.0,1080.0,401.0,419.0,1328.0,1413.0,2924.0,4368.0,23734.0,26834.0,12.0,12.0,True
715,2018,9999,04-648-000-000,Саянский муниципальный район,Саянский,муниципальный район,24,Красноярский край,55.258972,94.906372,9177.0,9056.0,9886.0,11272.0,950.0,995.0,231.0,236.0,1042.0,1219.0,3046.0,4663.0,20760.0,23667.0,12.0,12.0,True
716,2018,9999,04-649-000-000,Северо-Енисейский муниципальный район,Северо-Енисейский,муниципальный район,24,Красноярский край,60.374702,93.032997,8492.0,8308.0,11598.0,12889.0,1600.0,1815.0,1096.0,1443.0,1575.0,1841.0,3292.0,6947.0,34722.0,42019.0,12.0,12.0,True
717,2018,9999,04-651-000-000,Сухобузимский муниципальный район,Сухобузимский,муниципальный район,24,Красноярский край,56.499875,93.2785676,19135.0,18911.0,10160.0,11660.0,955.0,1077.0,208.0,293.0,1173.0,1183.0,2168.0,3958.0,20946.0,24766.0,12.0,12.0,True
718,2018,9999,04-653-000-000,Таймырский Долгано-Ненецкий муниципальный район,Таймырский Долгано-Ненецкий,муниципальный район,24,Красноярский край,69.4038179,86.17219,29889.0,29609.0,19419.0,20304.0,1552.0,1638.0,1859.0,1924.0,1125.0,1247.0,3354.0,4977.0,45573.0,48107.0,12.0,12.0,True
719,2018,9999,04-652-000-000,Тасеевский муниципальный район,Тасеевский,муниципальный район,24,Красноярский край,57.216042,94.898598,10129.0,9952.0,10935.0,12575.0,1085.0,1158.0,275.0,283.0,1449.0,1567.0,2913.0,4269.0,21567.0,24724.0,12.0,12.0,True
720,2018,9999,04-654-000-000,Туруханский муниципальный район,Туруханский,муниципальный район,24,Красноярский край,65.7934285,87.9589375,12491.0,12684.0,15266.0,16639.0,1864.0,2020.0,1576.0,2040.0,1234.0,1624.0,2043.0,3560.0,39364.0,44764.0,12.0,12.0,True
721,2018,9999,04-555-000-000,Тюхтетский муниципальный округ,Тюхтетский,муниципальный округ,24,Красноярский край,56.539837,89.311485,7685.0,7536.0,10649.0,12044.0,1010.0,1089.0,378.0,281.0,1494.0,1549.0,3045.0,4867.0,21072.0,24247.0,12.0,12.0,True
722,2018,9999,04-656-000-000,Ужурский муниципальный район,Ужурский,муниципальный район,24,Красноярский край,55.3197221,89.8424197,27593.0,27453.0,11813.0,13360.0,1085.0,1162.0,440.0,524.0,1592.0,1830.0,3027.0,5222.0,25816.0,30395.0,12.0,12.0,True
723,2018,9999,04-657-000-000,Уярский муниципальный район,Уярский,муниципальный район,24,Красноярский край,55.809986,94.327774,18047.0,17912.0,10090.0,11430.0,975.0,1064.0,314.0,339.0,1110.0,1150.0,2852.0,4391.0,21595.0,24784.0,12.0,12.0,True
724,2018,9999,04-558-000-000,Шарыповский муниципальный округ,Шарыповский,муниципальный округ,24,Красноярский край,55.5329127,89.1864204,11709.0,11390.0,9807.0,10338.0,960.0,870.0,480.0,488.0,1374.0,1226.0,2744.0,4790.0,23544.0,25146.0,9.0,12.0,True
725,2018,9999,04-659-000-000,Шушенский муниципальный район,Шушенский,муниципальный район,24,Красноярский край,53.32782,91.945374,30328.0,30274.0,11821.0,13123.0,1162.0,1228.0,547.0,664.0,1605.0,1780.0,2766.0,4410.0,25781.0,29350.0,12.0,12.0,True
726,2018,9999,04-650-000-000,Эвенкийский муниципальный район,Эвенкийский,муниципальный район,24,Красноярский край,64.2741955,100.2169635,13311.0,13258.0,14561.0,15888.0,1665.0,1870.0,1639.0,1815.0,854.0,1277.0,1515.0,2926.0,36098.0,40768.0,12.0,12.0,True
727,2018,9999,57-701-000-000,городской округ Пермский,Пермский,городской округ,59,Пермский край,58.014965,56.246723,1027157.0,1026912.0,12386.0,13976.0,1843.0,2164.0,2181.0,2605.0,2437.0,2769.0,2844.0,4532.0,32846.0,38374.0,12.0,12.0,True
728,2018,2019,57-708-000-000,городской округ Березниковский,Березниковский,городской округ,59,Пермский край,59.4084171,56.8036958,148978.0,147365.0,,,,,,,,,,,,,,,False
731,2018,9999,57-726-000-000,городской округ Лысьвенский,Лысьвенский,городской округ,59,Пермский край,58.105056,57.8028461,61656.0,61124.0,10978.0,12155.0,1330.0,1516.0,1008.0,1235.0,1344.0,1532.0,2226.0,3597.0,23836.0,27799.0,12.0,12.0,True
734,2018,9999,57-502-000-000,муниципальный округ Александровский,Александровский,муниципальный округ,59,Пермский край,59.1593861,57.5861232,22972.0,22642.0,11014.0,12334.0,1000.0,1099.0,367.0,385.0,846.0,912.0,2868.0,4529.0,22638.0,26115.0,12.0,12.0,True
735,2018,9999,57-503-000-000,муниципальный округ Бардымский,Бардымский,муниципальный округ,59,Пермский край,56.930187,55.586967,26401.0,26262.0,8841.0,9868.0,1125.0,1193.0,507.0,556.0,1437.0,1488.0,2019.0,3530.0,20401.0,23177.0,12.0,12.0,True
736,2018,9999,57-506-000-000,муниципальный округ Березовский,Березовский,муниципальный округ,59,Пермский край,57.6026326,57.333067,13692.0,13486.0,9460.0,10526.0,637.0,695.0,262.0,249.0,906.0,957.0,1449.0,2566.0,17962.0,20550.0,12.0,12.0,True
737,2018,9999,57-508-000-000,муниципальный округ Большесосновский,Большесосновский,муниципальный округ,59,Пермский край,57.671268,54.602867,11874.0,11730.0,10448.0,11651.0,964.0,1066.0,547.0,383.0,1141.0,1270.0,2021.0,3659.0,20349.0,23140.0,12.0,12.0,True
738,2018,9999,57-712-000-000,городской округ Верещагинский,Верещагинский,городской округ,59,Пермский край,58.072099,54.6674784,39102.0,38931.0,10619.0,11727.0,1063.0,1108.0,603.0,598.0,1253.0,1386.0,1806.0,3010.0,22014.0,24426.0,12.0,12.0,True
739,2018,9999,57-714-000-000,городской округ Горнозаводский,Горнозаводский,городской округ,59,Пермский край,58.374001,58.325058,22067.0,21697.0,11098.0,12307.0,955.0,1041.0,534.0,629.0,1149.0,1191.0,2778.0,4451.0,23296.0,26465.0,12.0,12.0,True
741,2018,9999,57-718-000-000,городской округ Добрянский,Добрянский,городской округ,59,Пермский край,58.4624764,56.4007589,47852.0,47730.0,11693.0,12711.0,1228.0,1372.0,1011.0,1214.0,1205.0,1305.0,2619.0,4074.0,25331.0,29037.0,12.0,12.0,True
742,2018,9999,57-518-000-000,муниципальный округ Еловский,Еловский,муниципальный округ,59,Пермский край,57.04635035,54.92345971818599,8718.0,8527.0,8677.0,10024.0,918.0,1014.0,315.0,342.0,1158.0,1267.0,2141.0,3326.0,20705.0,23170.0,12.0,12.0,True
743,2018,9999,57-759-000-000,городской округ Ильинский,Ильинский,городской округ,59,Пермский край,58.56762465,55.69450970007735,17327.0,17130.0,8999.0,9499.0,817.0,817.0,321.0,301.0,846.0,820.0,1935.0,3328.0,18428.0,20341.0,12.0,12.0,True
744,2018,9999,57-522-000-000,муниципальный округ Карагайский,Карагайский,муниципальный округ,59,Пермский край,58.265579,54.927208,20192.0,19967.0,10037.0,11232.0,994.0,1104.0,478.0,486.0,1266.0,1355.0,1923.0,3446.0,21112.0,23932.0,12.0,12.0,True
745,2018,9999,57-719-000-000,городской округ город Кизел,Кизел,городской округ,59,Пермский край,59.049252,57.6535,17530.0,17213.0,11721.0,12795.0,906.0,988.0,484.0,507.0,918.0,995.0,2720.0,4198.0,22604.0,25806.0,12.0,12.0,True
746,2018,9999,57-524-000-000,муниципальный округ Кишертский,Кишертский,муниципальный округ,59,Пермский край,57.3599717,57.2471775,11074.0,10872.0,9272.0,9868.0,850.0,807.0,240.0,274.0,898.0,915.0,1522.0,2766.0,17476.0,19084.0,12.0,12.0,True
747,2018,9999,57-760-000-000,городской округ Красновишерский,Красновишерский,городской округ,59,Пермский край,60.4017837,57.0767045,17604.0,17217.0,11233.0,12088.0,1002.0,1076.0,405.0,415.0,1067.0,1098.0,2389.0,3659.0,21951.0,24481.0,12.0,12.0,True
748,2018,9999,57-720-000-000,городской округ Краснокамский,Краснокамский,городской округ,59,Пермский край,58.0812613,55.7586943,67055.0,66475.0,11827.0,13379.0,1299.0,1538.0,1165.0,1671.0,1593.0,1882.0,2626.0,4229.0,26934.0,32336.0,12.0,12.0,True
749,2018,9999,57-529-000-000,муниципальный округ Куединский,Куединский,муниципальный округ,59,Пермский край,56.433506,55.590763,23317.0,22949.0,9734.0,10797.0,1015.0,1122.0,298.0,301.0,1167.0,1396.0,2074.0,3547.0,20535.0,23396.0,12.0,12.0,True
751,2018,9999,57-727-000-000,городской округ Нытвенский,Нытвенский,городской округ,59,Пермский край,57.943423,55.3316349,38404.0,37780.0,10983.0,12327.0,1080.0,1176.0,472.0,499.0,1012.0,1012.0,2375.0,3815.0,22545.0,25568.0,12.0,12.0,True
752,2018,9999,57-761-000-000,городской округ Октябрьский,Октябрьский,городской округ,59,Пермский край,56.5143078,57.2035567,24270.0,23944.0,9228.0,10437.0,810.0,897.0,308.0,383.0,1059.0,1159.0,1905.0,3331.0,18889.0,21701.0,12.0,12.0,True
753,2018,9999,57-538-000-000,муниципальный округ Ординский,Ординский,муниципальный округ,59,Пермский край,57.19532845000001,56.90325538019961,14149.0,13958.0,9874.0,10439.0,800.0,814.0,205.0,208.0,1083.0,1046.0,1522.0,2916.0,19102.0,20972.0,12.0,12.0,True
754,2018,9999,57-728-000-000,городской округ Осинский,Осинский,городской округ,59,Пермский край,57.2829207,55.4602059,26446.0,26196.0,10936.0,12171.0,1236.0,1330.0,814.0,810.0,1391.0,1436.0,2185.0,3432.0,24475.0,27123.0,12.0,12.0,True
755,2018,9999,57-729-000-000,городской округ Оханский,Оханский,городской округ,59,Пермский край,57.721785,55.3859893,14240.0,14030.0,10020.0,11357.0,853.0,898.0,371.0,354.0,1044.0,1067.0,2358.0,3831.0,20656.0,23439.0,12.0,12.0,True
756,2018,9999,57-762-000-000,городской округ Очерский,Очерский,городской округ,59,Пермский край,57.8836175,54.715823,22456.0,22301.0,10759.0,11940.0,1180.0,1256.0,649.0,664.0,1352.0,1434.0,2190.0,3457.0,22793.0,25757.0,12.0,12.0,True
757,2018,9999,57-546-000-000,муниципальный округ Пермский,Пермский,муниципальный округ,59,Пермский край,58.014965,56.246723,128215.0,128718.0,11961.0,13501.0,1388.0,1609.0,1377.0,1856.0,2209.0,2597.0,2800.0,4529.0,28432.0,33956.0,12.0,12.0,True
758,2018,9999,57-548-000-000,муниципальный округ Сивинский,Сивинский,муниципальный округ,59,Пермский край,58.4277655,54.205753,12059.0,11869.0,11314.0,11948.0,941.0,1022.0,376.0,344.0,1279.0,1280.0,1882.0,3355.0,20951.0,23225.0,12.0,12.0,True
760,2018,9999,57-731-000-000,городской округ Суксунский,Суксунский,городской округ,59,Пермский край,57.1463922,57.3951339,18289.0,18094.0,9811.0,10871.0,1004.0,1055.0,244.0,343.0,1225.0,1297.0,2192.0,3840.0,19238.0,22764.0,12.0,12.0,True
761,2018,9999,57-552-000-000,муниципальный округ Уинский,Уинский,муниципальный округ,59,Пермский край,56.87829735,56.56837437378221,9885.0,9728.0,10639.0,11750.0,919.0,1045.0,267.0,322.0,1036.0,1074.0,1595.0,3138.0,18523.0,21505.0,12.0,12.0,True
763,2018,9999,57-735-000-000,городской округ Чайковский,Чайковский,городской округ,59,Пермский край,56.7787468,54.1500704,94467.0,93785.0,11352.0,12852.0,1336.0,1515.0,1249.0,1504.0,1591.0,1852.0,2391.0,3746.0,26681.0,31033.0,12.0,12.0,True
764,2018,9999,57-555-000-000,муниципальный округ Частинский,Частинский,муниципальный округ,59,Пермский край,57.29295159999999,54.96425968947727,11958.0,11783.0,11096.0,11371.0,773.0,842.0,448.0,350.0,1099.0,1099.0,2162.0,4175.0,19989.0,22749.0,12.0,12.0,True
765,2018,9999,57-756-000-000,городской округ Чердынский,Чердынский,городской округ,59,Пермский край,60.4046807,56.4752752,15097.0,14730.0,11230.0,12153.0,854.0,873.0,244.0,250.0,1258.0,1218.0,2475.0,3707.0,20119.0,22348.0,12.0,12.0,True
766,2018,9999,57-757-000-000,городской округ Чернушинский,Чернушинский,городской округ,59,Пермский край,56.5152817,56.0765041,50585.0,50392.0,10796.0,12280.0,1229.0,1343.0,752.0,921.0,1428.0,1738.0,2484.0,3903.0,25165.0,29001.0,12.0,12.0,True
767,2018,9999,57-758-000-000,городской округ Чусовской,Чусовской,городской округ,59,Пермский край,58.282055,57.821075,64392.0,63686.0,11984.0,13640.0,1082.0,1268.0,798.0,1091.0,1446.0,1672.0,2618.0,4327.0,25765.0,30782.0,12.0,12.0,True
769,2018,9999,57-513-000-000,муниципальный округ Гайнский,Гайнский,муниципальный округ,59,Пермский край,60.304131,54.327332,11876.0,11679.0,10354.0,11719.0,1055.0,1090.0,308.0,334.0,1068.0,1181.0,2689.0,3942.0,21640.0,24024.0,12.0,12.0,True
770,2018,9999,57-525-000-000,муниципальный округ Косинский,Косинский,муниципальный округ,59,Пермский край,59.944386,54.989826,5685.0,5543.0,10028.0,11322.0,899.0,947.0,261.0,367.0,1202.0,1232.0,1761.0,2976.0,20140.0,21659.0,12.0,12.0,True
771,2018,9999,57-526-000-000,муниципальный округ Кочевский,Кочевский,муниципальный округ,59,Пермский край,59.60936735,54.32639043781445,9469.0,9259.0,10409.0,11395.0,932.0,929.0,376.0,365.0,1152.0,1089.0,1681.0,2676.0,20258.0,21567.0,12.0,12.0,True
773,2018,9999,57-559-000-000,муниципальный округ Юрлинский,Юрлинский,муниципальный округ,59,Пермский край,59.3286875,54.3246555,8631.0,8439.0,10584.0,11790.0,753.0,749.0,322.0,386.0,1011.0,983.0,1523.0,2829.0,19307.0,21155.0,12.0,12.0,True
774,2018,9999,57-560-000-000,муниципальный округ Юсьвинский,Юсьвинский,муниципальный округ,59,Пермский край,58.964665,54.9605745,16457.0,16182.0,9611.0,10835.0,764.0,716.0,354.0,261.0,883.0,767.0,1655.0,2784.0,18596.0,19681.0,12.0,12.0,True
775,2018,9999,05-701-000-000,городской округ Владивостокский,Владивостокский,городской округ,25,Приморский край,43.1150678,131.8855768,628385.0,622782.0,14792.0,16896.0,2636.0,2928.0,2930.0,3384.0,3279.0,3749.0,2417.0,4098.0,42912.0,49716.0,12.0,12.0,True
776,2018,9999,05-703-000-000,городской округ Арсеньевский,Арсеньевский,городской округ,25,Приморский край,44.1644451,133.2704255,47306.0,47015.0,13082.0,15355.0,1724.0,1945.0,1024.0,1356.0,1977.0,2237.0,2250.0,3818.0,31365.0,37198.0,12.0,12.0,True
777,2018,9999,05-705-000-000,городской округ Артемовский,Артемовский,городской округ,25,Приморский край,43.3570377,132.1853629,117858.0,117762.0,14184.0,16167.0,1928.0,2097.0,1697.0,1998.0,2549.0,2989.0,2283.0,3854.0,35797.0,41692.0,12.0,12.0,True
778,2018,9999,05-706-000-000,городской округ Большой Камень,Большой Камень,городской округ,25,Приморский край,43.1121194,132.3509104,42271.0,42502.0,14378.0,15735.0,1832.0,1973.0,1469.0,1781.0,1958.0,2182.0,2695.0,4115.0,35062.0,39539.0,12.0,12.0,True
779,2018,9999,05-707-000-000,городской округ Дальнегорский,Дальнегорский,городской округ,25,Приморский край,44.559457,135.5759241,38999.0,38543.0,14018.0,15280.0,1510.0,1580.0,532.0,654.0,1786.0,1820.0,2498.0,4088.0,30176.0,33749.0,12.0,12.0,True
780,2018,9999,05-708-000-000,городской округ Дальнереченский,Дальнереченский,городской округ,25,Приморский край,45.9337195,133.7349056,24891.0,24564.0,11754.0,13178.0,1357.0,1493.0,658.0,816.0,1602.0,1756.0,2451.0,3954.0,27377.0,31562.0,12.0,12.0,True
781,2018,9999,05-711-000-000,городской округ Лесозаводский,Лесозаводский,городской округ,25,Приморский край,45.4653394,133.4047457,40210.0,39685.0,11700.0,12916.0,1109.0,1173.0,712.0,897.0,1596.0,1599.0,2190.0,3536.0,26639.0,30066.0,12.0,12.0,True
782,2018,9999,05-714-000-000,городской округ Находкинский,Находкинский,городской округ,25,Приморский край,42.8246489,132.8926,137136.0,135345.0,14190.0,16111.0,2048.0,2256.0,1680.0,2053.0,2631.0,2945.0,2376.0,3991.0,36840.0,42368.0,12.0,12.0,True
783,2018,9999,05-717-000-000,городской округ Партизанский,Партизанский,городской округ,25,Приморский край,43.1406647,133.1433137,39517.0,39132.0,12974.0,13845.0,1560.0,1612.0,520.0,727.0,1370.0,1491.0,2034.0,3492.0,27370.0,30791.0,12.0,12.0,True
784,2018,9999,05-720-000-000,городской округ Спасск-Дальний,Спасск-Дальний,городской округ,25,Приморский край,44.5980135,132.815701,35096.0,34822.0,12826.0,14532.0,1442.0,1591.0,718.0,991.0,1624.0,1829.0,1990.0,3435.0,27905.0,32882.0,12.0,12.0,True
785,2018,9999,05-723-000-000,городской округ Уссурийский,Уссурийский,городской округ,25,Приморский край,43.7972447,131.9520752,205343.0,205435.0,13582.0,15670.0,1996.0,2251.0,1917.0,2332.0,2834.0,3261.0,2130.0,3681.0,36154.0,42370.0,12.0,12.0,True
787,2018,9999,05-502-000-000,Анучинский муниципальный округ,Анучинский,муниципальный округ,25,Приморский край,43.9656156,133.0606584,12391.0,12237.0,11385.0,12747.0,1101.0,1048.0,298.0,336.0,1234.0,1146.0,1489.0,3330.0,22516.0,25325.0,12.0,12.0,True
788,2018,9999,05-607-000-000,Дальнереченский муниципальный район,Дальнереченский,муниципальный район,25,Приморский край,45.9337195,133.7349056,8026.0,7793.0,8940.0,10283.0,819.0,869.0,1094.0,1475.0,1454.0,1590.0,1364.0,2919.0,21076.0,25635.0,12.0,12.0,True
789,2018,9999,05-510-000-000,Кавалеровский муниципальный округ,Кавалеровский,муниципальный округ,25,Приморский край,44.2673637,135.0554977,21082.0,20727.0,13189.0,14152.0,1444.0,1554.0,855.0,969.0,1910.0,2123.0,2128.0,3407.0,27986.0,31369.0,12.0,12.0,True
790,2018,9999,05-612-000-000,Кировский муниципальный район,Кировский,муниципальный район,25,Приморский край,45.0897627,133.5062027,17605.0,17312.0,12312.0,12833.0,1285.0,1199.0,525.0,570.0,1783.0,2017.0,1991.0,3338.0,26016.0,28034.0,12.0,12.0,True
791,2018,9999,05-514-000-000,Красноармейский муниципальный округ,Красноармейский,муниципальный округ,25,Приморский край,45.8518226,134.5005526,14116.0,13859.0,11940.0,13387.0,1301.0,1351.0,334.0,336.0,1553.0,1581.0,1509.0,4531.0,25719.0,30826.0,12.0,12.0,True
792,2018,9999,05-517-000-000,Лазовский муниципальный округ,Лазовский,муниципальный округ,25,Приморский край,43.384794,133.9054043,12150.0,11848.0,11812.0,13026.0,1351.0,1302.0,327.0,341.0,1231.0,1249.0,1818.0,4204.0,26305.0,30352.0,12.0,12.0,True
793,2018,9999,05-620-000-000,Михайловский муниципальный район,Михайловский,муниципальный район,25,Приморский край,43.9370245,132.0033145,28755.0,28474.0,11302.0,11837.0,1259.0,1277.0,532.0,470.0,1095.0,938.0,1407.0,2517.0,22443.0,23724.0,12.0,12.0,True
794,2018,9999,05-623-000-000,Надеждинский муниципальный район,Надеждинский,муниципальный район,25,Приморский край,43.3709905,131.9933355,40669.0,41960.0,13076.0,15018.0,1596.0,1784.0,1041.0,1469.0,1911.0,2273.0,1979.0,3760.0,29914.0,35920.0,12.0,12.0,True
795,2018,9999,05-526-000-000,Октябрьский муниципальный округ,Октябрьский,муниципальный округ,25,Приморский край,43.9524657,131.6329635,22935.0,22743.0,11462.0,12559.0,1101.0,1086.0,456.0,452.0,1114.0,888.0,1554.0,2585.0,23382.0,25210.0,12.0,12.0,True
796,2018,9999,05-528-000-000,Ольгинский муниципальный округ,Ольгинский,муниципальный округ,25,Приморский край,43.7461009,135.2901676,7511.0,7209.0,14281.0,15740.0,1292.0,1328.0,402.0,451.0,1789.0,1952.0,1247.0,3522.0,25530.0,30031.0,12.0,12.0,True
797,2018,9999,05-530-000-000,Партизанский муниципальный округ,Партизанский,муниципальный округ,25,Приморский край,42.8922366,133.0782462,29869.0,29888.0,12931.0,14294.0,1128.0,1167.0,519.0,676.0,1431.0,1539.0,1836.0,3744.0,26414.0,30200.0,12.0,12.0,True
798,2018,9999,05-532-000-000,Пограничный муниципальный округ,Пограничный,муниципальный округ,25,Приморский край,44.4031151,131.382506,18359.0,18096.0,12099.0,13236.0,1342.0,1249.0,756.0,860.0,1249.0,1187.0,1801.0,2877.0,24933.0,27376.0,12.0,12.0,True
799,2018,9999,05-534-000-000,Пожарский муниципальный округ,Пожарский,муниципальный округ,25,Приморский край,46.4443195,134.3006729,24402.0,24093.0,13380.0,15065.0,1425.0,1504.0,643.0,745.0,1221.0,1307.0,2075.0,3926.0,28662.0,33499.0,12.0,12.0,True
800,2018,9999,05-637-000-000,Спасский муниципальный район,Спасский,муниципальный район,25,Приморский край,44.5980135,132.815701,20204.0,19870.0,12562.0,13789.0,1087.0,1120.0,517.0,597.0,1626.0,1775.0,1524.0,2936.0,24985.0,28484.0,12.0,12.0,True
801,2018,9999,05-540-000-000,Тернейский муниципальный округ,Тернейский,муниципальный округ,25,Приморский край,45.0504046,136.6137293,9876.0,9728.0,14030.0,15641.0,1486.0,1620.0,489.0,572.0,1677.0,1964.0,1738.0,4864.0,29021.0,34545.0,12.0,12.0,True
802,2018,9999,05-546-000-000,Ханкайский муниципальный округ,Ханкайский,муниципальный округ,25,Приморский край,44.7421984,132.0467903,17419.0,17049.0,12525.0,14224.0,1280.0,1307.0,424.0,551.0,1280.0,1345.0,1926.0,3234.0,24614.0,28524.0,12.0,12.0,True
803,2018,9999,05-548-000-000,Хасанский муниципальный округ,Хасанский,муниципальный округ,25,Приморский край,42.8606833,131.3924115,24798.0,24400.0,13542.0,15410.0,1303.0,1327.0,543.0,670.0,1520.0,1700.0,2007.0,4017.0,28664.0,33360.0,12.0,12.0,True
804,2018,9999,05-550-000-000,Хорольский муниципальный округ,Хорольский,муниципальный округ,25,Приморский край,44.4252585,132.0816616,24807.0,24478.0,11800.0,12925.0,1305.0,1366.0,314.0,340.0,1251.0,1289.0,1813.0,3052.0,24568.0,26973.0,12.0,12.0,True
805,2018,9999,05-553-000-000,Черниговский муниципальный округ,Черниговский,муниципальный округ,25,Приморский край,44.3591368,132.4941354,26306.0,25893.0,12808.0,14189.0,1140.0,1320.0,665.0,856.0,1520.0,1552.0,1903.0,3309.0,26453.0,30114.0,12.0,12.0,True
806,2018,9999,05-555-000-000,Чугуевский муниципальный округ,Чугуевский,муниципальный округ,25,Приморский край,44.1686667,133.8729678,21421.0,21090.0,12696.0,14388.0,1217.0,1308.0,694.0,714.0,1639.0,1723.0,2202.0,3603.0,26090.0,29825.0,12.0,12.0,True
807,2018,9999,05-557-000-000,Шкотовский муниципальный округ,Шкотовский,муниципальный округ,25,Приморский край,43.2874945,132.4563758,21135.0,21051.0,12217.0,13503.0,1090.0,1260.0,722.0,844.0,1243.0,1396.0,1822.0,3344.0,25221.0,29193.0,12.0,12.0,True
808,2018,9999,05-559-000-000,Яковлевский муниципальный округ,Яковлевский,муниципальный округ,25,Приморский край,44.4262999,133.4742211,12144.0,11970.0,12769.0,14284.0,1113.0,1074.0,328.0,443.0,1294.0,1170.0,2131.0,3674.0,23890.0,27180.0,12.0,12.0,True
809,2018,9999,07-701-000-000,городской округ город Ставрополь,Ставрополь,городской округ,26,Ставропольский край,45.0433245,41.9690934,550260.0,557402.0,10851.0,12349.0,1926.0,2178.0,2003.0,2382.0,2406.0,2831.0,3571.0,5515.0,31494.0,37008.0,12.0,12.0,True
810,2018,9999,07-510-000-000,Благодарненский муниципальный округ,Благодарненский,муниципальный округ,26,Ставропольский край,45.1006298,43.4372187,56932.0,57014.0,8637.0,9785.0,1220.0,1363.0,412.0,570.0,1367.0,1539.0,3050.0,4694.0,20695.0,24716.0,12.0,12.0,True
811,2018,9999,07-515-000-000,Георгиевский муниципальный округ,Георгиевский,муниципальный округ,26,Ставропольский край,44.1478944,43.4741718,158452.0,157898.0,8755.0,9936.0,1400.0,1556.0,993.0,1296.0,1846.0,2167.0,3474.0,5106.0,23396.0,27765.0,12.0,12.0,True
812,2018,9999,07-710-000-000,городской округ город-курорт Ессентуки,Ессентуки,городской округ,26,Ставропольский край,44.0470042,42.8576575,121534.0,123138.0,9956.0,11406.0,1754.0,2044.0,1692.0,2215.0,2322.0,2764.0,3924.0,6018.0,29829.0,35863.0,12.0,12.0,True
813,2018,9999,07-712-000-000,городской округ город-курорт Железноводск,Железноводск,городской округ,26,Ставропольский край,44.1424034,43.0090751,50136.0,50082.0,9779.0,11190.0,1560.0,1870.0,1180.0,1924.0,1904.0,2418.0,4245.0,6414.0,27232.0,34046.0,12.0,12.0,True
814,2018,9999,07-520-000-000,Изобильненский муниципальный округ,Изобильненский,муниципальный округ,26,Ставропольский край,45.3740796,41.7121154,104897.0,104095.0,10600.0,12188.0,1510.0,1650.0,606.0,877.0,1386.0,1689.0,3317.0,5219.0,23227.0,28416.0,12.0,12.0,True
815,2018,9999,07-522-000-000,Ипатовский муниципальный округ,Ипатовский,муниципальный округ,26,Ставропольский край,45.719723,42.916286,57158.0,56684.0,8872.0,9924.0,1245.0,1332.0,471.0,556.0,1209.0,1348.0,2731.0,4538.0,20681.0,24626.0,12.0,12.0,True
817,2018,9999,07-525-000-000,Кировский муниципальный округ,Кировский,муниципальный округ,26,Ставропольский край,43.961891,43.6311,66599.0,66369.0,7919.0,8821.0,846.0,957.0,455.0,612.0,957.0,1268.0,3319.0,5130.0,19838.0,23917.0,12.0,12.0,True
818,2018,9999,07-718-000-000,городской округ город Лермонтов,Лермонтов,городской округ,26,Ставропольский край,44.1050468,42.9731466,24405.0,24717.0,10474.0,12396.0,1488.0,1727.0,1053.0,1629.0,1553.0,2079.0,4306.0,6520.0,26336.0,33518.0,12.0,12.0,True
819,2018,9999,07-539-000-000,Минераловодский муниципальный округ,Минераловодский,муниципальный округ,26,Ставропольский край,44.2107377,43.134969,131778.0,130865.0,9740.0,11390.0,1492.0,1691.0,1323.0,1706.0,2062.0,2480.0,3497.0,5409.0,26590.0,32174.0,12.0,12.0,True
820,2018,9999,07-724-000-000,городской округ город Невинномысск,Невинномысск,городской округ,26,Ставропольский край,44.6245814,41.9475941,115826.0,114556.0,11072.0,12714.0,1531.0,1757.0,1240.0,1598.0,1986.0,2384.0,3368.0,5300.0,26957.0,32857.0,12.0,12.0,True
821,2018,9999,07-541-000-000,Нефтекумский муниципальный округ,Нефтекумский,муниципальный округ,26,Ставропольский край,44.752205,44.985077,60290.0,59801.0,8422.0,9468.0,1283.0,1384.0,438.0,595.0,1256.0,1454.0,2946.0,4589.0,20611.0,24574.0,12.0,12.0,True
822,2018,9999,07-543-000-000,Новоалександровский муниципальный округ,Новоалександровский,муниципальный округ,26,Ставропольский край,45.4952532,41.2198866,63177.0,62246.0,9698.0,10875.0,1383.0,1538.0,318.0,469.0,1432.0,1645.0,3372.0,5022.0,22633.0,26865.0,12.0,12.0,True
823,2018,9999,07-546-000-000,Петровский муниципальный округ,Петровский,муниципальный округ,26,Ставропольский край,45.3406133,42.8459286,68882.0,68240.0,8755.0,10054.0,1343.0,1462.0,496.0,606.0,1473.0,1664.0,2807.0,4524.0,20687.0,24791.0,12.0,12.0,True
824,2018,9999,07-727-000-000,городской округ город-курорт Пятигорск,Пятигорск,городской округ,26,Ставропольский край,44.039775,43.0706669,213377.0,211692.0,9877.0,11172.0,1815.0,2073.0,2055.0,2581.0,2652.0,3077.0,3933.0,5884.0,30958.0,36654.0,12.0,12.0,True
825,2018,9999,07-550-000-000,Советский муниципальный округ,Советский,муниципальный округ,26,Ставропольский край,44.403175,43.884163,57795.0,57692.0,8134.0,9169.0,1272.0,1431.0,415.0,546.0,1237.0,1422.0,3310.0,5104.0,20797.0,24662.0,12.0,12.0,True
826,2018,9999,07-502-000-000,Александровский муниципальный округ,Александровский,муниципальный округ,26,Ставропольский край,44.7124773,43.0005,46441.0,46217.0,8374.0,9134.0,1246.0,1306.0,338.0,416.0,1166.0,1295.0,2716.0,4344.0,19654.0,22899.0,12.0,12.0,True
827,2018,9999,07-503-000-000,Андроповский муниципальный округ,Андроповский,муниципальный округ,26,Ставропольский край,44.4616429,42.5082311,33526.0,33305.0,9037.0,9912.0,1344.0,1346.0,344.0,394.0,1315.0,1282.0,3301.0,5136.0,20936.0,23663.0,12.0,12.0,True
828,2018,9999,07-505-000-000,Апанасенковский муниципальный округ,Апанасенковский,муниципальный округ,26,Ставропольский край,45.910305,43.341801,29621.0,29279.0,8652.0,9576.0,1140.0,1232.0,239.0,280.0,1179.0,1362.0,2992.0,4642.0,19687.0,22605.0,12.0,12.0,True
829,2018,9999,07-507-000-000,Арзгирский муниципальный округ,Арзгирский,муниципальный округ,26,Ставропольский край,45.369194,44.212685,22874.0,22666.0,8293.0,9081.0,1203.0,1300.0,196.0,246.0,992.0,1217.0,2882.0,4221.0,18599.0,21543.0,12.0,12.0,True
830,2018,9999,07-512-000-000,Будённовский муниципальный округ,Будённовский,муниципальный округ,26,Ставропольский край,44.780533,44.163357,107390.0,106466.0,9654.0,10981.0,1452.0,1697.0,775.0,1003.0,1855.0,2209.0,3524.0,5443.0,24283.0,29567.0,12.0,12.0,True
831,2018,9999,07-517-000-000,Грачёвский муниципальный округ,Грачёвский,муниципальный округ,26,Ставропольский край,45.2028215,42.3990568,37986.0,37958.0,8588.0,9151.0,1058.0,1093.0,318.0,360.0,1060.0,1066.0,2913.0,4651.0,18731.0,21631.0,12.0,12.0,True
832,2018,9999,07-528-000-000,Кочубеевский муниципальный округ,Кочубеевский,муниципальный округ,26,Ставропольский край,44.6867318,41.825956,78120.0,77707.0,9514.0,10803.0,1252.0,1398.0,496.0,612.0,1302.0,1522.0,3001.0,4810.0,20987.0,25432.0,12.0,12.0,True
833,2018,9999,07-530-000-000,Красногвардейский муниципальный округ,Красногвардейский,муниципальный округ,26,Ставропольский край,45.840508,41.514591,35811.0,35678.0,9658.0,10636.0,1170.0,1246.0,448.0,493.0,1099.0,1154.0,2700.0,4428.0,20108.0,23771.0,12.0,12.0,True
834,2018,9999,07-533-000-000,Курский муниципальный округ,Курский,муниципальный округ,26,Ставропольский край,44.0431414,44.4625266,52548.0,52260.0,6366.0,6806.0,1055.0,1180.0,303.0,432.0,1571.0,1762.0,3182.0,4980.0,18281.0,21526.0,12.0,12.0,True
835,2018,9999,07-536-000-000,Левокумский муниципальный округ,Левокумский,муниципальный округ,26,Ставропольский край,44.822536,44.660427,34905.0,34715.0,7651.0,8273.0,1227.0,1254.0,316.0,356.0,1151.0,1179.0,3138.0,4595.0,18294.0,20544.0,12.0,12.0,True
836,2018,9999,07-544-000-000,Новоселицкий муниципальный округ,Новоселицкий,муниципальный округ,26,Ставропольский край,44.7564658,43.434083,24624.0,24490.0,8097.0,8865.0,1225.0,1292.0,292.0,298.0,1145.0,1194.0,3141.0,4940.0,18963.0,21644.0,12.0,12.0,True
838,2018,9999,07-552-000-000,Степновский муниципальный округ,Степновский,муниципальный округ,26,Ставропольский край,44.2688631,44.5944095,20544.0,20369.0,7504.0,8333.0,986.0,1062.0,205.0,290.0,1038.0,1147.0,3140.0,5182.0,18008.0,21761.0,12.0,12.0,True
839,2018,9999,07-554-000-000,Труновский муниципальный округ,Труновский,муниципальный округ,26,Ставропольский край,45.4548156,41.9756382,32451.0,32211.0,9145.0,9699.0,1338.0,1342.0,356.0,398.0,1047.0,1182.0,3074.0,4592.0,20307.0,22851.0,12.0,12.0,True
840,2018,9999,07-556-000-000,Туркменский муниципальный округ,Туркменский,муниципальный округ,26,Ставропольский край,45.426357,43.44257,22217.0,22025.0,7477.0,7835.0,1172.0,1045.0,254.0,268.0,1387.0,1332.0,2725.0,4542.0,17919.0,20124.0,12.0,12.0,True
841,2018,9999,07-558-000-000,Шпаковский муниципальный округ,Шпаковский,муниципальный округ,26,Ставропольский край,45.1324913,42.0263304,166092.0,165229.0,10881.0,12542.0,1524.0,1736.0,1283.0,1736.0,2102.0,2564.0,3688.0,5864.0,28574.0,34764.0,12.0,12.0,True
842,2018,9999,08-701-000-000,городской округ город Хабаровск,Хабаровск,городской округ,27,Хабаровский край,48.4812568,135.0762968,617168.0,615570.0,15435.0,17238.0,2374.0,2632.0,2732.0,3163.0,2938.0,3204.0,2255.0,4075.0,41985.0,48159.0,12.0,12.0,True
843,2018,9999,08-709-000-000,городской округ город Комсомольск-на-Амуре,Комсомольск-на-Амуре,городской округ,27,Хабаровский край,50.5497277,137.0099189,236158.0,235488.0,15052.0,16991.0,1679.0,1874.0,2144.0,2556.0,2171.0,2552.0,2543.0,4474.0,36977.0,43257.0,12.0,12.0,True
844,2018,9999,08-603-000-000,Амурский муниципальный район,Амурский,муниципальный район,27,Хабаровский край,50.2265588,136.9100919,56707.0,55970.0,12952.0,14346.0,1173.0,1191.0,1079.0,1235.0,1154.0,1135.0,2485.0,4594.0,29736.0,34158.0,12.0,12.0,True
845,2018,9999,08-606-000-000,Аяно-Майский муниципальный район,Аяно-Майский,муниципальный район,27,Хабаровский край,56.4609007,138.1817339,1863.0,1786.0,,,,,,,,,,,,,,,False
846,2018,9999,08-609-000-000,Бикинский муниципальный район,Бикинский,муниципальный район,27,Хабаровский край,46.819363,134.254822,21445.0,21147.0,14585.0,16687.0,1097.0,1138.0,1068.0,1185.0,1701.0,1828.0,2765.0,4532.0,31040.0,36174.0,12.0,12.0,True
847,2018,9999,08-612-000-000,Ванинский муниципальный район,Ванинский,муниципальный район,27,Хабаровский край,49.090481,140.260864,34071.0,33535.0,17309.0,18646.0,1442.0,1487.0,1246.0,1444.0,1746.0,1924.0,3056.0,5511.0,36869.0,41913.0,12.0,12.0,True
848,2018,9999,08-614-000-000,Верхнебуреинский муниципальный район,Верхнебуреинский,муниципальный район,27,Хабаровский край,51.134487,133.035553,24861.0,24441.0,16818.0,17930.0,1346.0,1369.0,955.0,1102.0,1138.0,1267.0,1056.0,3830.0,35293.0,40018.0,12.0,12.0,True
849,2018,9999,08-617-000-000,Вяземский муниципальный район,Вяземский,муниципальный район,27,Хабаровский край,47.533455,134.757874,19440.0,19202.0,13203.0,14752.0,1185.0,1189.0,351.0,342.0,1281.0,1246.0,1984.0,3451.0,26323.0,29557.0,12.0,12.0,True
850,2018,9999,08-620-000-000,Комсомольский муниципальный район,Комсомольский,муниципальный район,27,Хабаровский край,50.5497277,137.0099189,24018.0,24386.0,12072.0,13460.0,976.0,953.0,978.0,2045.0,1302.0,1507.0,1482.0,5521.0,25571.0,33645.0,3.0,7.0,True
851,2018,9999,08-624-000-000,муниципальный район имени Лазо,Лазо,муниципальный район,27,Хабаровский край,47.968636,135.054947,38232.0,37861.0,12060.0,13102.0,1024.0,1007.0,412.0,403.0,1124.0,1114.0,1463.0,3297.0,23644.0,26764.0,12.0,12.0,True
852,2018,9999,08-628-000-000,Нанайский муниципальный район,Нанайский,муниципальный район,27,Хабаровский край,49.4412636,136.5486873372029,14430.0,13922.0,13170.0,13771.0,1074.0,1090.0,468.0,594.0,1206.0,1064.0,1046.0,3321.0,23638.0,26204.0,12.0,12.0,True
853,2018,9999,08-631-000-000,Николаевский муниципальный район,Николаевский,муниципальный район,27,Хабаровский край,53.138729,140.72493,23830.0,23555.0,16916.0,18419.0,1497.0,1696.0,677.0,951.0,1298.0,1519.0,1817.0,4318.0,35209.0,41077.0,12.0,12.0,True
854,2018,9999,08-534-000-000,Охотский муниципальный округ,Охотский,муниципальный округ,27,Хабаровский край,59.3619947,143.2146511,6083.0,6326.0,22524.0,25058.0,1849.0,2056.0,1195.0,1131.0,1380.0,1645.0,1168.0,2736.0,38179.0,44723.0,12.0,12.0,True
855,2018,9999,08-637-000-000,муниципальный район имени Полины Осипенко,Полины Осипенко,муниципальный район,27,Хабаровский край,52.422848,136.48938,3657.0,3532.0,16616.0,17370.0,1001.0,1182.0,629.0,805.0,1738.0,1713.0,1070.0,2167.0,30141.0,33346.0,12.0,12.0,True
856,2018,9999,08-642-000-000,Советско-Гаванский муниципальный район,Советско-Гаванский,муниципальный район,27,Хабаровский край,48.9663026,140.284958,36866.0,36352.0,15804.0,17422.0,1333.0,1433.0,872.0,997.0,1574.0,1699.0,2737.0,4983.0,34182.0,39060.0,12.0,12.0,True
857,2018,9999,08-644-000-000,Солнечный муниципальный район,Солнечный,муниципальный район,27,Хабаровский край,50.723808,136.64006,27089.0,26843.0,14054.0,14872.0,1033.0,1022.0,645.0,624.0,805.0,713.0,1700.0,3103.0,28091.0,30517.0,12.0,12.0,True
858,2018,9999,08-646-000-000,Тугуро-Чумиканский муниципальный район,Тугуро-Чумиканский,муниципальный район,27,Хабаровский край,54.6961817,135.2824292,1860.0,1859.0,21001.0,21732.0,1267.0,1542.0,1428.0,1855.0,1396.0,1777.0,1032.0,3212.0,41240.0,46099.0,7.0,12.0,True
859,2018,9999,08-650-000-000,Ульчский муниципальный район,Ульчский,муниципальный район,27,Хабаровский край,52.3825564,140.4500273781285,14304.0,13977.0,15038.0,16137.0,1019.0,1122.0,343.0,439.0,1220.0,1402.0,817.0,4138.0,25927.0,31381.0,12.0,12.0,True
860,2018,9999,08-655-000-000,Хабаровский муниципальный район,Хабаровский,муниципальный район,27,Хабаровский край,48.4812568,135.0762968,82008.0,82380.0,14646.0,15928.0,1656.0,1834.0,1855.0,2175.0,2488.0,2662.0,1915.0,4022.0,34842.0,40326.0,12.0,12.0,True
862,2018,9999,10-710-000-000,городской округ город Белогорск,Белогорск,городской округ,28,Амурская область,50.921326,128.47287,60769.0,,13242.0,,1565.0,,1241.0,,1836.0,,2327.0,,30739.0,,12.0,,True
863,2018,9999,10-712-000-000,городской округ город Зея,Зея,городской округ,28,Амурская область,53.7403584,127.2716246,18864.0,,13310.0,,1499.0,,1180.0,,1330.0,,2618.0,,30752.0,,12.0,,True
864,2018,9999,10-720-000-000,городской округ город Райчихинск,Райчихинск,городской округ,28,Амурская область,49.796788,129.4030842,17451.0,,11404.0,,1212.0,,648.0,,936.0,,2177.0,,24859.0,,12.0,,True
865,2018,9999,10-730-000-000,городской округ город Свободный,Свободный,городской округ,28,Амурская область,51.377354,128.13475,48789.0,,12617.0,,1426.0,,1288.0,,1503.0,,2360.0,,30267.0,,12.0,,True
866,2018,9999,10-732-000-000,городской округ город Тында,Тында,городской округ,28,Амурская область,55.149694,124.7375884,28160.0,,13956.0,,1566.0,,1445.0,,1400.0,,2821.0,,35903.0,,12.0,,True
867,2018,9999,10-740-000-000,городской округ город Шимановск,Шимановск,городской округ,28,Амурская область,51.9987022,127.6719156,16178.0,,11794.0,,1136.0,,516.0,,1225.0,,2288.0,,25522.0,,12.0,,True
868,2018,9999,10-775-000-000,городской округ рабочий поселок (поселок городского типа) Прогресс,Прогресс,городской округ,28,Амурская область,49.7428748,129.6753189,10970.0,,12813.0,,1166.0,,530.0,,882.0,,2300.0,,24645.0,,12.0,,True
870,2018,9999,10-505-000-000,Архаринский муниципальный округ,Архаринский,муниципальный округ,28,Амурская область,49.4224283,130.0858308,12729.0,12372.0,12221.0,12902.0,1068.0,1102.0,450.0,499.0,1330.0,1629.0,1411.0,3077.0,25242.0,28040.0,12.0,12.0,True
871,2018,9999,10-508-000-000,Белогорский муниципальный округ,Белогорский,муниципальный округ,28,Амурская область,50.921326,128.47287,17256.0,17004.0,12339.0,13631.0,1311.0,1422.0,750.0,871.0,1989.0,2058.0,1602.0,3505.0,28314.0,32440.0,12.0,12.0,True
872,2018,9999,10-511-000-000,Благовещенский муниципальный округ,Благовещенский,муниципальный округ,28,Амурская область,50.2600417,127.5337378,35071.0,35810.0,13813.0,16197.0,1792.0,2132.0,2000.0,2625.0,2878.0,3432.0,2171.0,3816.0,35380.0,43086.0,12.0,12.0,True
873,2018,9999,10-515-000-000,Бурейский муниципальный округ,Бурейский,муниципальный округ,28,Амурская область,49.7939604,129.8734105,16940.0,16565.0,11958.0,12756.0,1256.0,1145.0,815.0,774.0,1256.0,1119.0,2086.0,3365.0,26759.0,28404.0,12.0,12.0,True
874,2018,9999,10-521-000-000,Завитинский муниципальный округ,Завитинский,муниципальный округ,28,Амурская область,50.111154,129.4402341,11783.0,11590.0,11678.0,12545.0,1124.0,1196.0,461.0,507.0,1094.0,1082.0,1806.0,2812.0,23769.0,26463.0,12.0,12.0,True
875,2018,9999,10-525-000-000,Зейский муниципальный округ,Зейский,муниципальный округ,28,Амурская область,53.7403584,127.2716246,11572.0,11287.0,13641.0,15035.0,1268.0,1361.0,1292.0,1448.0,1451.0,1678.0,1768.0,3519.0,33691.0,37423.0,12.0,12.0,True
876,2018,9999,10-528-000-000,Ивановский муниципальный округ,Ивановский,муниципальный округ,28,Амурская область,50.358143,128.003128,21126.0,20785.0,11669.0,13303.0,1329.0,1346.0,814.0,837.0,1912.0,1880.0,1277.0,3120.0,26628.0,30173.0,12.0,12.0,True
877,2018,9999,10-630-000-000,Константиновский муниципальный район,Константиновский,муниципальный район,28,Амурская область,49.6180004,127.9852534,10829.0,10666.0,12423.0,12771.0,1129.0,1019.0,373.0,406.0,1053.0,1091.0,1308.0,2818.0,24181.0,25868.0,12.0,12.0,True
878,2018,9999,10-631-000-000,Магдагачинский муниципальный район,Магдагачинский,муниципальный район,28,Амурская область,53.4509086,125.8035421,16847.0,16478.0,12248.0,13172.0,1245.0,1310.0,844.0,953.0,1177.0,1301.0,1922.0,3321.0,26898.0,29865.0,12.0,12.0,True
879,2018,9999,10-632-000-000,Мазановский муниципальный район,Мазановский,муниципальный район,28,Амурская область,51.6624387,128.920503,9373.0,9173.0,12234.0,13445.0,789.0,830.0,545.0,596.0,1586.0,1812.0,558.0,2644.0,24217.0,28120.0,12.0,12.0,True
880,2018,9999,10-635-000-000,Михайловский муниципальный район,Михайловский,муниципальный район,28,Амурская область,49.621155,128.65097,12478.0,12248.0,12365.0,13347.0,1173.0,1109.0,379.0,396.0,1263.0,1222.0,760.0,2461.0,23156.0,25674.0,12.0,12.0,True
881,2018,9999,10-638-000-000,Октябрьский муниципальный район,Октябрьский,муниципальный район,28,Амурская область,50.371284,129.107193,18720.0,18390.0,13464.0,14743.0,1372.0,1406.0,985.0,929.0,1657.0,1650.0,2081.0,3698.0,27693.0,30885.0,12.0,12.0,True
882,2018,9999,10-540-000-000,Ромненский муниципальный округ,Ромненский,муниципальный округ,28,Амурская область,50.718391,129.290924,7325.0,7209.0,10742.0,12282.0,1329.0,1277.0,467.0,435.0,1390.0,1283.0,732.0,2799.0,22222.0,24734.0,12.0,12.0,True
883,2018,9999,10-642-000-000,Свободненский муниципальный район,Свободненский,муниципальный район,28,Амурская область,51.377354,128.13475,11506.0,11318.0,11649.0,12348.0,1227.0,1199.0,1598.0,1669.0,1233.0,1160.0,2054.0,3198.0,26858.0,28981.0,12.0,12.0,True
884,2018,9999,10-645-000-000,Селемджинский муниципальный район,Селемджинский,муниципальный район,28,Амурская область,53.068481,132.940369,7262.0,7107.0,12643.0,13265.0,1533.0,1456.0,1468.0,1170.0,1132.0,1119.0,1291.0,3869.0,30661.0,33352.0,12.0,12.0,True
885,2018,9999,10-547-000-000,Серышевский муниципальный округ,Серышевский,муниципальный округ,28,Амурская область,51.091206,128.38092,21156.0,20859.0,12433.0,13226.0,1117.0,1098.0,547.0,573.0,1383.0,1336.0,2197.0,3369.0,26471.0,27866.0,12.0,12.0,True
886,2018,9999,10-549-000-000,Сковородинский муниципальный округ,Сковородинский,муниципальный округ,28,Амурская область,53.9862567,123.9373454,20328.0,19790.0,12291.0,13697.0,1190.0,1254.0,640.0,689.0,1235.0,1285.0,2002.0,4012.0,27416.0,30785.0,12.0,12.0,True
887,2018,9999,10-551-000-000,Тамбовский муниципальный округ,Тамбовский,муниципальный округ,28,Амурская область,50.098019,128.069885,20534.0,,11880.0,,1198.0,,657.0,,1517.0,,1583.0,,26236.0,,12.0,,True
888,2018,9999,10-554-000-000,Тындинский муниципальный округ,Тындинский,муниципальный округ,28,Амурская область,55.149694,124.7375884,13606.0,13370.0,14297.0,15313.0,1271.0,1357.0,1112.0,1338.0,1482.0,1616.0,1976.0,4453.0,34176.0,39010.0,12.0,12.0,True
889,2018,9999,10-555-000-000,Шимановский муниципальный округ,Шимановский,муниципальный округ,28,Амурская область,51.9987022,127.6719156,5143.0,5003.0,13993.0,13708.0,1237.0,1192.0,851.0,856.0,1810.0,1528.0,1680.0,3002.0,30104.0,30767.0,12.0,12.0,True
890,2018,9999,11-701-000-000,городской округ город Архангельск,Архангельск,городской округ,29,Архангельская область,64.543022,40.537121,303357.0,301376.0,14370.0,15841.0,1712.0,1954.0,2126.0,2486.0,2222.0,2440.0,3536.0,5294.0,36488.0,41636.0,12.0,12.0,True
891,2018,9999,11-708-000-000,городской округ город Коряжма,Коряжма,городской округ,29,Архангельская область,61.3152522,47.1607291,34002.0,33663.0,13637.0,12727.0,1361.0,1312.0,1365.0,1414.0,1352.0,1106.0,3140.0,4657.0,30203.0,30182.0,12.0,12.0,True
892,2018,9999,11-710-000-000,городской округ Котлас,Котлас,городской округ,29,Архангельская область,61.252151,46.647629,67023.0,66838.0,13158.0,14531.0,1370.0,1543.0,1441.0,1711.0,1725.0,1899.0,3339.0,5162.0,31292.0,35454.0,12.0,12.0,True
894,2018,9999,11-712-000-000,городской округ Новая Земля,Новая Земля,городской округ,29,Архангельская область,71.5376984,52.3427343,2360.0,2427.0,,,,,,,,,,,,,,,False
895,2018,9999,11-715-000-000,городской округ город Новодвинск,Новодвинск,городской округ,29,Архангельская область,64.419212,40.793793,32826.0,32639.0,13280.0,13465.0,1101.0,1080.0,850.0,889.0,914.0,828.0,3312.0,4724.0,27392.0,29351.0,12.0,12.0,True
896,2018,9999,11-730-000-000,городской округ Северодвинск,Северодвинск,городской округ,29,Архангельская область,64.563385,39.823769,156731.0,156310.0,15611.0,16623.0,1686.0,1882.0,2786.0,3088.0,2308.0,2539.0,4168.0,5841.0,39852.0,44043.0,12.0,12.0,True
897,2018,9999,11-605-000-000,Вельский муниципальный район,Вельский,муниципальный район,29,Архангельская область,61.0756446,42.0979582,45261.0,44862.0,13073.0,14081.0,1104.0,1238.0,822.0,1242.0,1467.0,1660.0,3685.0,5416.0,27511.0,31509.0,12.0,12.0,True
898,2018,9999,11-508-000-000,Верхнетоемский муниципальный округ,Верхнетоемский,муниципальный округ,29,Архангельская область,62.2353641,45.0007897,11299.0,10925.0,11424.0,11809.0,1005.0,1039.0,312.0,323.0,1010.0,895.0,2111.0,3880.0,21842.0,24038.0,12.0,12.0,True
899,2018,9999,11-511-000-000,муниципальный округ Вилегодский,Вилегодский,муниципальный округ,29,Архангельская область,61.115704,47.97831,8759.0,8586.0,10916.0,10943.0,1241.0,1241.0,603.0,614.0,1482.0,1378.0,3096.0,4844.0,24318.0,25890.0,12.0,12.0,True
900,2018,9999,11-514-000-000,Виноградовский муниципальный округ,Виноградовский,муниципальный округ,29,Архангельская область,62.855541,42.710133,12647.0,12371.0,12957.0,14381.0,958.0,1031.0,332.0,436.0,1270.0,1258.0,2877.0,4503.0,23780.0,27073.0,12.0,12.0,True
901,2018,9999,11-518-000-000,муниципальный округ Каргопольский,Каргопольский,муниципальный округ,29,Архангельская область,61.509121,38.940796,14796.0,14660.0,13276.0,14080.0,1064.0,1102.0,474.0,709.0,1322.0,1368.0,3134.0,4576.0,25064.0,28031.0,12.0,12.0,True
902,2018,9999,11-622-000-000,Коношский муниципальный район,Коношский,муниципальный район,29,Архангельская область,60.973812,40.25671,18209.0,17807.0,12821.0,13787.0,824.0,908.0,558.0,665.0,1297.0,1371.0,3344.0,4686.0,26230.0,29038.0,12.0,12.0,True
903,2018,9999,11-527-000-000,Котласский муниципальный округ,Котласский,муниципальный округ,29,Архангельская область,61.252151,46.647629,17228.0,17119.0,11115.0,10924.0,966.0,810.0,630.0,478.0,1154.0,1004.0,2689.0,4095.0,24055.0,24509.0,12.0,12.0,True
904,2018,9999,11-530-000-000,Красноборский муниципальный округ,Красноборский,муниципальный округ,29,Архангельская область,61.556374,45.934135,10234.0,10008.0,11457.0,12076.0,994.0,942.0,390.0,395.0,1133.0,1091.0,2154.0,3620.0,21512.0,23232.0,12.0,12.0,True
905,2018,9999,11-635-000-000,Ленский муниципальный район,Ленский,муниципальный район,29,Архангельская область,62.172482,49.088966,9879.0,9646.0,12682.0,13777.0,1142.0,1272.0,616.0,711.0,1441.0,1553.0,3133.0,5047.0,27099.0,30788.0,12.0,12.0,True
906,2018,9999,11-538-000-000,Лешуконский муниципальный округ,Лешуконский,муниципальный округ,29,Архангельская область,64.902481,45.767242,5231.0,5084.0,,,,,,,,,,,,,,,False
907,2018,9999,11-542-000-000,Мезенский муниципальный округ,Мезенский,муниципальный округ,29,Архангельская область,65.843956,44.244141,7248.0,7098.0,13305.0,13766.0,1180.0,1218.0,413.0,402.0,843.0,897.0,1117.0,3315.0,23127.0,25270.0,12.0,12.0,True
908,2018,9999,11-544-000-000,Няндомский муниципальный округ,Няндомский,муниципальный округ,29,Архангельская область,61.6612985,40.1970404,22889.0,22613.0,13610.0,14588.0,989.0,1040.0,654.0,881.0,1211.0,1330.0,3192.0,4873.0,27435.0,30622.0,12.0,12.0,True
909,2018,9999,11-646-000-000,Онежский муниципальный район,Онежский,муниципальный район,29,Архангельская область,63.911644,38.094822,24068.0,23456.0,13537.0,15051.0,1102.0,1163.0,600.0,788.0,1116.0,1111.0,2952.0,4574.0,26961.0,30234.0,12.0,12.0,True
910,2018,9999,11-548-000-000,Пинежский муниципальный округ,Пинежский,муниципальный округ,29,Архангельская область,64.001808,44.442722,17966.0,17680.0,12930.0,,920.0,,422.0,,1210.0,,2261.0,,23704.0,,12.0,,True
911,2018,9999,11-550-000-000,Плесецкий муниципальный округ,Плесецкий,муниципальный округ,29,Архангельская область,62.709524,40.2843885,33589.0,33077.0,13736.0,14881.0,1028.0,1085.0,692.0,921.0,1438.0,1491.0,3285.0,4839.0,27725.0,31306.0,12.0,12.0,True
912,2018,9999,11-552-000-000,Приморский муниципальный округ,Приморский,муниципальный округ,29,Архангельская область,64.543022,40.537121,28793.0,28908.0,13371.0,14446.0,1156.0,1278.0,1330.0,1872.0,2013.0,2277.0,3900.0,5666.0,32522.0,37810.0,12.0,12.0,True
913,2018,9999,11-554-000-000,Устьянский муниципальный округ,Устьянский,муниципальный округ,29,Архангельская область,61.090485,43.171482,23609.0,23280.0,12634.0,13626.0,972.0,1083.0,665.0,893.0,1326.0,1458.0,3617.0,5085.0,25779.0,28931.0,12.0,12.0,True
914,2018,9999,11-556-000-000,Холмогорский муниципальный округ,Холмогорский,муниципальный округ,29,Архангельская область,64.2270008,41.6512435,18445.0,17957.0,12065.0,12586.0,856.0,803.0,378.0,329.0,960.0,796.0,3070.0,4278.0,21935.0,23280.0,12.0,12.0,True
915,2018,9999,11-558-000-000,Шенкурский муниципальный округ,Шенкурский,муниципальный округ,29,Архангельская область,62.1059279,42.9076435,10681.0,10436.0,11609.0,12694.0,1090.0,1113.0,349.0,416.0,1159.0,1132.0,3056.0,4438.0,23648.0,25918.0,12.0,12.0,True
916,2018,9999,11-851-000-000,городской округ город Нарьян-Мар,Нарьян-Мар,городской округ,83,Ненецкий автономный округ,67.6380175,53.0071044,23579.0,24266.0,17610.0,17891.0,1757.0,1792.0,2412.0,2810.0,2139.0,2177.0,3054.0,5603.0,44994.0,48494.0,12.0,12.0,True
917,2018,9999,11-811-000-000,муниципальный район Заполярный район,Заполярный,муниципальный район,83,Ненецкий автономный округ,67.676239,53.129215,17804.0,17958.0,17163.0,18062.0,1415.0,1443.0,1472.0,1786.0,1817.0,1975.0,2684.0,4894.0,40350.0,44424.0,12.0,12.0,True
918,2018,9999,12-701-000-000,городской округ город Астрахань,Астрахань,городской округ,30,Астраханская область,46.3498308,48.0326203,468842.0,465524.0,10658.0,11904.0,1548.0,1746.0,1549.0,1868.0,2039.0,2383.0,3117.0,4816.0,27498.0,32687.0,12.0,12.0,True
919,2018,9999,12-719-000-000,городской округ ЗАТО Знаменск,Знаменск,городской округ,30,Астраханская область,48.588829,45.725632,23832.0,23626.0,,,,,,,,,,,,,,,False
920,2018,9999,12-605-000-000,Ахтубинский муниципальный район,Ахтубинский,муниципальный район,30,Астраханская область,48.2848132,46.1643706,57400.0,57030.0,10478.0,11013.0,1130.0,1180.0,609.0,626.0,1338.0,1374.0,3540.0,4828.0,22602.0,25191.0,12.0,12.0,True
921,2018,9999,12-610-000-000,Володарский муниципальный район,Володарский,муниципальный район,30,Астраханская область,46.398243,48.536438,44300.0,44068.0,7588.0,8138.0,664.0,697.0,206.0,252.0,802.0,814.0,1571.0,3236.0,14601.0,17284.0,9.0,2.0,True
922,2018,9999,12-615-000-000,Енотаевский муниципальный район,Енотаевский,муниципальный район,30,Астраханская область,47.2443998,47.0354919,25035.0,25039.0,9539.0,9709.0,956.0,1004.0,233.0,370.0,1213.0,1289.0,2938.0,4585.0,18828.0,21193.0,12.0,12.0,True
923,2018,9999,12-620-000-000,Икрянинский муниципальный район,Икрянинский,муниципальный район,30,Астраханская область,46.0979213,47.7362688,48058.0,47744.0,8777.0,9339.0,855.0,866.0,264.0,253.0,778.0,752.0,2985.0,4649.0,17520.0,20035.0,12.0,12.0,True
924,2018,9999,12-625-000-000,Камызякский муниципальный район,Камызякский,муниципальный район,30,Астраханская область,46.120527,48.0815617,47368.0,46892.0,8202.0,8712.0,792.0,833.0,242.0,254.0,946.0,988.0,2390.0,3841.0,16662.0,18956.0,12.0,12.0,True
925,2018,9999,12-630-000-000,Красноярский муниципальный район,Красноярский,муниципальный район,30,Астраханская область,46.5329449,48.3526951,36117.0,35860.0,8507.0,8804.0,787.0,794.0,336.0,295.0,923.0,946.0,2459.0,3617.0,16948.0,18657.0,12.0,12.0,True
926,2018,9999,12-635-000-000,Лиманский муниципальный район,Лиманский,муниципальный район,30,Астраханская область,45.7835085,47.2255472,27946.0,27717.0,8648.0,9307.0,948.0,1021.0,197.0,245.0,1110.0,1193.0,2606.0,4197.0,18028.0,20809.0,12.0,12.0,True
927,2018,9999,12-640-000-000,Наримановский муниципальный район,Наримановский,муниципальный район,30,Астраханская область,46.6798783,47.86102647452168,47916.0,47528.0,9675.0,11165.0,1182.0,1366.0,1093.0,1459.0,1873.0,2365.0,3002.0,4426.0,23498.0,28984.0,12.0,12.0,True
928,2018,9999,12-642-000-000,Приволжский муниципальный район,Приволжский,муниципальный район,30,Астраханская область,46.3387984,48.194564,64629.0,66669.0,9995.0,11407.0,1247.0,1466.0,1204.0,1596.0,2228.0,2747.0,3245.0,4996.0,25502.0,30998.0,12.0,12.0,True
929,2018,9999,12-645-000-000,Харабалинский муниципальный район,Харабалинский,муниципальный район,30,Астраханская область,47.4083742,47.2538899,39706.0,39434.0,8608.0,8757.0,979.0,942.0,354.0,341.0,1250.0,1371.0,2655.0,4055.0,17567.0,19731.0,12.0,12.0,True
930,2018,9999,12-650-000-000,Черноярский муниципальный район,Черноярский,муниципальный район,30,Астраханская область,48.061531,46.113724,19408.0,19298.0,9208.0,8736.0,921.0,797.0,171.0,194.0,1228.0,1034.0,3374.0,4737.0,19034.0,20045.0,12.0,12.0,True
931,2018,9999,14-701-000-000,городской округ город Белгород,Белгород,городской округ,31,Белгородская область,50.5955595,36.5873394,333931.0,328482.0,,,,,,,,,,,,,,,False
932,2018,9999,14-730-000-000,городской округ Губкинский,Губкинский,городской округ,31,Белгородская область,51.283714,37.53466,113662.0,112690.0,,,,,,,,,,,,,,,False
933,2018,9999,14-740-000-000,городской округ Старооскольский,Старооскольский,городской округ,31,Белгородская область,51.298038,37.833202,252329.0,250703.0,,,,,,,,,,,,,,,False
934,2018,9999,14-710-000-000,городской округ Алексеевский,Алексеевский,городской округ,31,Белгородская область,50.6299364,38.6867154,58368.0,58008.0,,,,,,,,,,,,,,,False
935,2018,9999,14-610-000-000,Белгородский муниципальный район,Белгородский,муниципальный район,31,Белгородская область,50.5238347,36.4567071,188803.0,191062.0,,,,,,,,,,,,,,,False
936,2018,9999,14-615-000-000,Борисовский муниципальный район,Борисовский,муниципальный район,31,Белгородская область,50.6089408,36.0124922,23234.0,22875.0,,,,,,,,,,,,,,,False
937,2018,9999,14-720-000-000,городской округ Валуйский,Валуйский,городской округ,31,Белгородская область,50.2133886,38.0986967,64456.0,63354.0,,,,,,,,,,,,,,,False
938,2018,9999,14-625-000-000,Вейделевский муниципальный район,Вейделевский,муниципальный район,31,Белгородская область,50.1518962,38.4453089,20678.0,20272.0,,,,,,,,,,,,,,,False
939,2018,9999,14-630-000-000,Волоконовский муниципальный район,Волоконовский,муниципальный район,31,Белгородская область,50.4861556,37.8411269,28937.0,28634.0,,,,,,,,,,,,,,,False
940,2018,9999,14-725-000-000,городской округ Грайворонский,Грайворонский,городской округ,31,Белгородская область,50.4837728,35.6712018,26669.0,26027.0,,,,,,,,,,,,,,,False
941,2018,9999,14-638-000-000,Ивнянский муниципальный район,Ивнянский,муниципальный район,31,Белгородская область,51.062305,36.137352,21028.0,20699.0,,,,,,,,,,,,,,,False
942,2018,9999,14-640-000-000,Корочанский муниципальный район,Корочанский,муниципальный район,31,Белгородская область,50.810741,37.195316,34645.0,33667.0,,,,,,,,,,,,,,,False
943,2018,9999,14-641-000-000,Красненский муниципальный район,Красненский,муниципальный район,31,Белгородская область,50.93185,38.679359,11114.0,10965.0,,,,,,,,,,,,,,,False
944,2018,9999,14-642-000-000,Красногвардейский муниципальный район,Красногвардейский,муниципальный район,31,Белгородская область,50.65234985,38.40550244400589,31631.0,31492.0,,,,,,,,,,,,,,,False
945,2018,9999,14-643-000-000,Краснояружский муниципальный район,Краснояружский,муниципальный район,31,Белгородская область,50.800701,35.655228,13986.0,13817.0,,,,,,,,,,,,,,,False
946,2018,9999,14-735-000-000,городской округ Новооскольский,Новооскольский,городской округ,31,Белгородская область,50.764427,37.863338,39084.0,38749.0,,,,,,,,,,,,,,,False
947,2018,9999,14-646-000-000,Прохоровский муниципальный район,Прохоровский,муниципальный район,31,Белгородская область,51.0345463,36.7324649,26825.0,26684.0,,,,,,,,,,,,,,,False
948,2018,9999,14-648-000-000,Ракитянский муниципальный район,Ракитянский,муниципальный район,31,Белгородская область,50.833622,35.832401,32973.0,32687.0,,,,,,,,,,,,,,,False
949,2018,9999,14-650-000-000,Ровеньский муниципальный район,Ровеньский,муниципальный район,31,Белгородская область,49.91473,38.892006,22276.0,22050.0,,,,,,,,,,,,,,,False
950,2018,9999,14-654-000-000,Чернянский муниципальный район,Чернянский,муниципальный район,31,Белгородская область,50.9408767,37.8041746,29276.0,28991.0,,,,,,,,,,,,,,,False
951,2018,9999,14-750-000-000,городской округ Шебекинский,Шебекинский,городской округ,31,Белгородская область,50.4575369,37.09559306934095,83624.0,81806.0,,,,,,,,,,,,,,,False
952,2018,9999,14-755-000-000,городской округ Яковлевский,Яковлевский,городской округ,31,Белгородская область,50.785236,36.485428,56998.0,56945.0,,,,,,,,,,,,,,,False
953,2018,9999,15-701-000-000,городской округ город Брянск,Брянск,городской округ,32,Брянская область,53.3360474,34.219216,391769.0,389293.0,,,,,,,,,,,,,,,False
954,2018,9999,15-715-000-000,городской округ город Клинцы,Клинцы,городской округ,32,Брянская область,52.758511,32.240097,69556.0,68896.0,,,,,,,,,,,,,,,False
955,2018,2020,15-720-000-000,городской округ город Новозыбков,Новозыбков,городской округ,32,Брянская область,52.537086,31.93367,48937.0,48469.0,,,,,,,,,,,,,,,False
956,2018,9999,15-725-000-000,городской округ город Сельцо,Сельцо,городской округ,32,Брянская область,53.369976,34.100616,15611.0,15397.0,,,,,,,,,,,,,,,False
957,2018,9999,15-710-000-000,городской округ город Фокино,Фокино,городской округ,32,Брянская область,53.4526625,34.4154587,12245.0,12104.0,,,,,,,,,,,,,,,False
959,2018,9999,15-604-000-000,Брасовский муниципальный район,Брасовский,муниципальный район,32,Брянская область,52.572232,34.5716674,17480.0,17303.0,,,,,,,,,,,,,,,False
960,2018,9999,15-608-000-000,Брянский муниципальный район,Брянский,муниципальный район,32,Брянская область,53.303204,34.080036,71149.0,71484.0,,,,,,,,,,,,,,,False
961,2018,9999,15-610-000-000,Выгоничский муниципальный район,Выгоничский,муниципальный район,32,Брянская область,53.0978,34.0683,16946.0,16962.0,,,,,,,,,,,,,,,False
962,2018,9999,15-611-000-000,Гордеевский муниципальный район,Гордеевский,муниципальный район,32,Брянская область,52.958405,31.973463,9808.0,9643.0,,,,,,,,,,,,,,,False
963,2018,9999,15-612-000-000,Дубровский муниципальный район,Дубровский,муниципальный район,32,Брянская область,53.689777,33.50499,14601.0,14431.0,,,,,,,,,,,,,,,False
964,2018,9999,15-616-000-000,Дятьковский муниципальный район,Дятьковский,муниципальный район,32,Брянская область,53.6003804,34.3335523,53768.0,53082.0,,,,,,,,,,,,,,,False
965,2018,9999,15-620-000-000,Жирятинский муниципальный район,Жирятинский,муниципальный район,32,Брянская область,53.22504,33.724644,6449.0,6353.0,,,,,,,,,,,,,,,False
966,2018,9999,15-502-000-000,муниципальный округ Жуковский,Жуковский,муниципальный округ,32,Брянская область,53.5329608,33.7320863,33473.0,33145.0,,,,,,,,,,,,,,,False
967,2018,9999,15-623-000-000,Злынковский муниципальный район,Злынковский,муниципальный район,32,Брянская область,52.4274018,31.7371106,11527.0,11426.0,,,,,,,,,,,,,,,False
968,2018,9999,15-624-000-000,Карачевский муниципальный район,Карачевский,муниципальный район,32,Брянская область,53.1221822,34.9825906,31323.0,30873.0,,,,,,,,,,,,,,,False
969,2018,9999,15-626-000-000,Клетнянский муниципальный район,Клетнянский,муниципальный район,32,Брянская область,53.385601,33.215599,16687.0,16413.0,,,,,,,,,,,,,,,False
970,2018,9999,15-628-000-000,Климовский муниципальный район,Климовский,муниципальный район,32,Брянская область,52.37711394999999,32.18946418759795,25313.0,24892.0,,,,,,,,,,,,,,,False
971,2018,9999,15-630-000-000,Клинцовский муниципальный район,Клинцовский,муниципальный район,32,Брянская область,52.758511,32.240097,16882.0,16650.0,,,,,,,,,,,,,,,False
972,2018,9999,15-632-000-000,Комаричский муниципальный район,Комаричский,муниципальный район,32,Брянская область,52.416153,34.788486,15311.0,15238.0,,,,,,,,,,,,,,,False
973,2018,9999,15-634-000-000,Красногорский муниципальный район,Красногорский,муниципальный район,32,Брянская область,53.0056558,31.6028497,10092.0,9920.0,,,,,,,,,,,,,,,False
974,2018,9999,15-636-000-000,Мглинский муниципальный район,Мглинский,муниципальный район,32,Брянская область,53.0591919,32.8500077,15548.0,15435.0,,,,,,,,,,,,,,,False
975,2018,9999,15-638-000-000,Навлинский муниципальный район,Навлинский,муниципальный район,32,Брянская область,52.8271323,34.4993843,26741.0,26640.0,,,,,,,,,,,,,,,False
977,2018,9999,15-642-000-000,Погарский муниципальный район,Погарский,муниципальный район,32,Брянская область,52.554283,33.263706,28816.0,28388.0,,,,,,,,,,,,,,,False
978,2018,9999,15-644-000-000,Почепский муниципальный район,Почепский,муниципальный район,32,Брянская область,52.92878,33.454536,33958.0,33328.0,,,,,,,,,,,,,,,False
979,2018,9999,15-646-000-000,Рогнединский муниципальный район,Рогнединский,муниципальный район,32,Брянская область,53.7979999,33.5582578,6083.0,5956.0,,,,,,,,,,,,,,,False
980,2018,9999,15-648-000-000,Севский муниципальный район,Севский,муниципальный район,32,Брянская область,52.156021,34.494572,13867.0,13528.0,,,,,,,,,,,,,,,False
982,2018,9999,15-652-000-000,Суземский муниципальный район,Суземский,муниципальный район,32,Брянская область,52.316133,34.0759496,15117.0,14835.0,,,,,,,,,,,,,,,False
983,2018,9999,15-654-000-000,Суражский муниципальный район,Суражский,муниципальный район,32,Брянская область,53.0131501,32.3931633,21884.0,21714.0,,,,,,,,,,,,,,,False
984,2018,9999,15-656-000-000,Трубчевский муниципальный район,Трубчевский,муниципальный район,32,Брянская область,52.5835,33.767467,32885.0,32658.0,,,,,,,,,,,,,,,False
985,2018,9999,15-658-000-000,Унечский муниципальный район,Унечский,муниципальный район,32,Брянская область,52.8451,32.6867,34001.0,33601.0,,,,,,,,,,,,,,,False
986,2018,9999,17-701-000-000,городской округ город Владимир,Владимир,городской округ,33,Владимирская область,56.1288899,40.4075203,349315.0,346685.0,12996.0,14934.0,1757.0,2067.0,1575.0,1890.0,2339.0,2770.0,3625.0,5375.0,32504.0,38292.0,12.0,12.0,True
987,2018,9999,17-720-000-000,городской округ город Гусь-Хрустальный,Гусь-Хрустальный,городской округ,33,Владимирская область,55.6149968,40.6708665,52002.0,51182.0,11801.0,13394.0,1340.0,1554.0,844.0,1067.0,1259.0,1506.0,3176.0,4893.0,25810.0,30597.0,12.0,12.0,True
988,2018,9999,17-725-000-000,городской округ город Ковров,Ковров,городской округ,33,Владимирская область,56.374603,41.311676,130327.0,128879.0,11818.0,13601.0,1540.0,1813.0,1501.0,1848.0,1849.0,2246.0,3499.0,5178.0,30274.0,35767.0,12.0,12.0,True
989,2018,9999,17-735-000-000,городской округ округ Муром,Муром,городской округ,33,Владимирская область,55.5738,42.0447,113330.0,112091.0,11712.0,13178.0,1466.0,1718.0,947.0,1260.0,1820.0,2229.0,3218.0,4809.0,27550.0,32504.0,12.0,12.0,True
991,2018,9999,17-605-000-000,Александровский муниципальный район,Александровский,муниципальный район,33,Владимирская область,56.39211265,38.71124026724134,104158.0,102657.0,12481.0,14257.0,1513.0,1745.0,1173.0,1507.0,1788.0,2201.0,4076.0,6065.0,29802.0,35810.0,12.0,12.0,True
992,2018,9999,17-610-000-000,Вязниковский муниципальный район,Вязниковский,муниципальный район,33,Владимирская область,56.2469403,42.1585948,68662.0,66875.0,10808.0,12206.0,1156.0,1342.0,624.0,743.0,1390.0,1615.0,3006.0,4503.0,23754.0,27718.0,12.0,12.0,True
993,2018,9999,17-615-000-000,Гороховецкий муниципальный район,Гороховецкий,муниципальный район,33,Владимирская область,56.20657,42.679035,20260.0,19901.0,11333.0,12736.0,981.0,1075.0,296.0,330.0,1128.0,1173.0,3407.0,5058.0,23881.0,27716.0,12.0,12.0,True
994,2018,9999,17-620-000-000,Гусь-Хрустальный муниципальный район,Гусь-Хрустальный,муниципальный район,33,Владимирская область,55.6149968,40.6708665,39472.0,38749.0,11270.0,11860.0,726.0,730.0,351.0,370.0,650.0,616.0,2867.0,4820.0,20212.0,22883.0,12.0,12.0,True
995,2018,9999,17-625-000-000,Камешковский муниципальный район,Камешковский,муниципальный район,33,Владимирская область,56.3462575,40.997098,30510.0,30466.0,11210.0,12061.0,1040.0,1086.0,506.0,534.0,921.0,914.0,3139.0,4634.0,23289.0,26320.0,12.0,12.0,True
996,2018,9999,17-630-000-000,Киржачский муниципальный район,Киржачский,муниципальный район,33,Владимирская область,56.1592229,38.8721255,38094.0,37950.0,12904.0,14794.0,1359.0,1568.0,899.0,1235.0,1606.0,1923.0,4362.0,6334.0,29651.0,35286.0,12.0,12.0,True
997,2018,9999,17-635-000-000,Ковровский муниципальный район,Ковровский,муниципальный район,33,Владимирская область,56.374603,41.311676,29802.0,29511.0,9914.0,13388.0,1084.0,1122.0,769.0,1123.0,1262.0,1686.0,2319.0,6677.0,22191.0,32586.0,3.0,1.0,True
998,2018,9999,17-640-000-000,Кольчугинский муниципальный район,Кольчугинский,муниципальный район,33,Владимирская область,56.2939784,39.3759931,48256.0,47188.0,12330.0,14090.0,1352.0,1632.0,745.0,1065.0,1268.0,1552.0,3486.0,5156.0,27664.0,33140.0,12.0,12.0,True
999,2018,9999,17-642-000-000,Меленковский муниципальный район,Меленковский,муниципальный район,33,Владимирская область,55.3368374,41.6314063,31820.0,31240.0,9989.0,10909.0,1006.0,1053.0,355.0,370.0,893.0,915.0,2500.0,4003.0,20124.0,22941.0,12.0,12.0,True
1000,2018,9999,17-644-000-000,Муромский муниципальный район,Муромский,муниципальный район,33,Владимирская область,55.5738,42.0447,14747.0,14536.0,,,,,,,,,,,,,,,False
1001,2018,9999,17-646-000-000,Петушинский муниципальный район,Петушинский,муниципальный район,33,Владимирская область,55.92980185,39.4508310119064,58851.0,58074.0,12946.0,14729.0,1465.0,1675.0,1161.0,1515.0,1645.0,1965.0,4692.0,6373.0,30044.0,35716.0,12.0,12.0,True
1002,2018,9999,17-648-000-000,Селивановский муниципальный район,Селивановский,муниципальный район,33,Владимирская область,55.8651703,41.7662028,16791.0,16758.0,10707.0,11273.0,950.0,950.0,268.0,259.0,777.0,659.0,2995.0,4292.0,20758.0,22698.0,12.0,12.0,True
1003,2018,9999,17-650-000-000,Собинский муниципальный район,Собинский,муниципальный район,33,Владимирская область,55.9903976,40.0150802,49313.0,48500.0,11484.0,12722.0,943.0,1042.0,552.0,562.0,899.0,1018.0,3295.0,4802.0,23439.0,27039.0,12.0,12.0,True
1004,2018,9999,17-652-000-000,Судогодский муниципальный район,Судогодский,муниципальный район,33,Владимирская область,55.95650075,40.87630713906415,34595.0,34005.0,11127.0,11859.0,1033.0,1101.0,372.0,358.0,1120.0,1096.0,2969.0,4446.0,22626.0,24808.0,12.0,12.0,True
1005,2018,9999,17-654-000-000,Суздальский муниципальный район,Суздальский,муниципальный район,33,Владимирская область,56.4193908,40.4487893,46468.0,46532.0,11822.0,13435.0,1236.0,1454.0,712.0,1007.0,1503.0,1829.0,4106.0,6123.0,26332.0,32008.0,12.0,12.0,True
1006,2018,9999,17-656-000-000,Юрьев-Польский муниципальный район,Юрьев-Польский,муниципальный район,33,Владимирская область,56.4971948,39.67864,31345.0,30784.0,11355.0,12795.0,1095.0,1220.0,406.0,480.0,972.0,983.0,3162.0,4662.0,23623.0,27319.0,12.0,12.0,True
1007,2018,9999,18-701-000-000,городской округ город-герой Волгоград,Волгоград,городской округ,34,Волгоградская область,48.6484138,44.3849755901299,1025662.0,1018898.0,11024.0,12653.0,1701.0,1942.0,1694.0,1983.0,2112.0,2424.0,3236.0,4936.0,29139.0,34302.0,12.0,12.0,True
1008,2018,9999,18-710-000-000,городской округ город Волжский,Волжский,городской округ,34,Волгоградская область,48.7862021,44.7519454,316544.0,315220.0,10867.0,12303.0,1505.0,1752.0,1379.0,1717.0,1898.0,2193.0,2951.0,4515.0,27266.0,32000.0,12.0,12.0,True
1009,2018,9999,18-715-000-000,городской округ город Камышин,Камышин,городской округ,34,Волгоградская область,50.0808422,45.4048003,105471.0,105187.0,10982.0,12593.0,1402.0,1614.0,984.0,1194.0,1564.0,1829.0,3253.0,4878.0,26377.0,31048.0,12.0,12.0,True
1010,2018,9999,18-720-000-000,городской округ город Михайловка,Михайловка,городской округ,34,Волгоградская область,50.0797109,43.2342365,82970.0,82402.0,9813.0,10925.0,1331.0,1484.0,714.0,869.0,1603.0,1816.0,3036.0,4661.0,23290.0,27090.0,12.0,12.0,True
1011,2018,9999,18-725-000-000,городской округ город Урюпинск,Урюпинск,городской округ,34,Волгоградская область,50.7970972,42.0051866,35449.0,35085.0,9553.0,10856.0,1372.0,1527.0,537.0,654.0,1568.0,1748.0,3069.0,4498.0,22176.0,26048.0,12.0,12.0,True
1012,2018,9999,18-728-000-000,городской округ город Фролово,Фролово,городской округ,34,Волгоградская область,49.7645711,43.6539516,34494.0,34173.0,10134.0,11212.0,1173.0,1293.0,381.0,469.0,1260.0,1365.0,2894.0,4232.0,21833.0,24995.0,12.0,12.0,True
1013,2018,9999,18-602-000-000,Алексеевский муниципальный район,Алексеевский,муниципальный район,34,Волгоградская область,50.2909025,42.1849358,14873.0,14771.0,8801.0,9289.0,1027.0,1140.0,166.0,222.0,1457.0,1580.0,3288.0,4913.0,19624.0,22230.0,12.0,12.0,True
1014,2018,9999,18-604-000-000,Быковский муниципальный район,Быковский,муниципальный район,34,Волгоградская область,49.7665,45.3831,24781.0,24854.0,8934.0,9474.0,946.0,993.0,311.0,290.0,1208.0,1131.0,2439.0,3942.0,18144.0,19771.0,12.0,12.0,True
1015,2018,9999,18-605-000-000,Городищенский муниципальный район,Городищенский,муниципальный район,34,Волгоградская область,48.810127,44.476082,59337.0,59927.0,9272.0,9930.0,973.0,1085.0,476.0,636.0,1014.0,1119.0,3036.0,4666.0,20043.0,23449.0,12.0,12.0,True
1016,2018,9999,18-606-000-000,Даниловский муниципальный район,Даниловский,муниципальный район,34,Волгоградская область,50.3519626,44.1205144,12515.0,12175.0,9347.0,9980.0,1167.0,1169.0,224.0,301.0,1054.0,1179.0,2874.0,4810.0,19798.0,22385.0,12.0,12.0,True
1017,2018,9999,18-608-000-000,Дубовский муниципальный район,Дубовский,муниципальный район,34,Волгоградская область,49.06052,44.830776,28817.0,28637.0,9625.0,10483.0,1058.0,1163.0,418.0,462.0,982.0,1020.0,3258.0,4789.0,19506.0,22323.0,12.0,12.0,True
1018,2018,9999,18-610-000-000,Еланский муниципальный район,Еланский,муниципальный район,34,Волгоградская область,50.946434,43.743038,28360.0,27976.0,9226.0,10166.0,1273.0,1369.0,367.0,430.0,1450.0,1618.0,2770.0,4490.0,20422.0,23716.0,12.0,12.0,True
1019,2018,9999,18-612-000-000,Жирновский муниципальный район,Жирновский,муниципальный район,34,Волгоградская область,50.978779,44.778908,36278.0,35986.0,9860.0,10747.0,1088.0,1140.0,408.0,529.0,1249.0,1296.0,3584.0,4961.0,21956.0,24428.0,12.0,12.0,True
1020,2018,9999,18-614-000-000,Иловлинский муниципальный район,Иловлинский,муниципальный район,34,Волгоградская область,49.306286,43.979027,31190.0,30650.0,8806.0,9740.0,978.0,975.0,575.0,554.0,1114.0,1092.0,3004.0,4481.0,20315.0,22704.0,12.0,12.0,True
1021,2018,9999,18-616-000-000,Калачевский муниципальный район,Калачевский,муниципальный район,34,Волгоградская область,48.6818764,43.5379998,51061.0,50507.0,9967.0,11251.0,1195.0,1330.0,608.0,672.0,1357.0,1517.0,3316.0,4865.0,22384.0,26298.0,12.0,12.0,True
1022,2018,9999,18-618-000-000,Камышинский муниципальный район,Камышинский,муниципальный район,34,Волгоградская область,50.0808422,45.4048003,41135.0,41008.0,8855.0,11227.0,1016.0,1076.0,387.0,477.0,946.0,799.0,2295.0,5979.0,19115.0,26081.0,3.0,1.0,True
1023,2018,9999,18-620-000-000,Киквидзенский муниципальный район,Киквидзенский,муниципальный район,34,Волгоградская область,50.741516,43.056446,14639.0,14536.0,8501.0,9327.0,1197.0,1286.0,163.0,186.0,1324.0,1459.0,2931.0,4366.0,19640.0,22460.0,12.0,12.0,True
1024,2018,9999,18-622-000-000,Клетский муниципальный район,Клетский,муниципальный район,34,Волгоградская область,49.311558,43.059322,16093.0,15893.0,9023.0,9876.0,944.0,989.0,164.0,157.0,1156.0,1204.0,2954.0,4424.0,19554.0,22152.0,12.0,12.0,True
1025,2018,9999,18-624-000-000,Котельниковский муниципальный район,Котельниковский,муниципальный район,34,Волгоградская область,47.6332274,43.14109,36949.0,36842.0,10520.0,11404.0,1190.0,1298.0,446.0,485.0,1319.0,1393.0,3911.0,5627.0,23006.0,26325.0,12.0,12.0,True
1026,2018,9999,18-626-000-000,Котовский муниципальный район,Котовский,муниципальный район,34,Волгоградская область,50.322208,44.801643,29296.0,28608.0,10309.0,11075.0,1242.0,1311.0,569.0,589.0,1043.0,1082.0,3114.0,4272.0,21816.0,23823.0,12.0,12.0,True
1027,2018,9999,18-646-000-000,Кумылженский муниципальный район,Кумылженский,муниципальный район,34,Волгоградская область,49.8800246,42.5912737,17758.0,17511.0,9130.0,9852.0,1196.0,1229.0,190.0,311.0,1238.0,1236.0,2589.0,4207.0,18156.0,20744.0,12.0,12.0,True
1028,2018,9999,18-630-000-000,Ленинский муниципальный район,Ленинский,муниципальный район,34,Волгоградская область,48.7102843,45.20405224111999,27375.0,27111.0,9119.0,9899.0,1079.0,1113.0,245.0,239.0,1085.0,1050.0,2494.0,3983.0,18244.0,21093.0,12.0,12.0,True
1029,2018,9999,18-634-000-000,Нехаевский муниципальный район,Нехаевский,муниципальный район,34,Волгоградская область,50.408291,41.752254,13014.0,12813.0,8502.0,9189.0,1066.0,1133.0,135.0,181.0,1477.0,1543.0,3421.0,4874.0,19786.0,22615.0,12.0,12.0,True
1030,2018,9999,18-636-000-000,Николаевский муниципальный район,Николаевский,муниципальный район,34,Волгоградская область,50.02859125000001,45.46389913481958,28467.0,28193.0,9138.0,9804.0,1025.0,1094.0,336.0,389.0,1151.0,1236.0,3112.0,4659.0,19414.0,21929.0,12.0,12.0,True
1031,2018,9999,18-638-000-000,Новоаннинский муниципальный район,Новоаннинский,муниципальный район,34,Волгоградская область,50.529675,42.667362,31911.0,31431.0,9323.0,10406.0,1140.0,1196.0,351.0,480.0,1592.0,1718.0,3271.0,4859.0,21520.0,24747.0,12.0,12.0,True
1032,2018,9999,18-640-000-000,Новониколаевский муниципальный район,Новониколаевский,муниципальный район,34,Волгоградская область,50.97493,42.366272,19675.0,19463.0,9697.0,10734.0,1251.0,1289.0,285.0,325.0,1335.0,1360.0,2914.0,4640.0,21378.0,24190.0,12.0,12.0,True
1033,2018,9999,18-642-000-000,Октябрьский муниципальный район,Октябрьский,муниципальный район,34,Волгоградская область,47.968594,43.653126,20105.0,20005.0,10122.0,10880.0,1052.0,1020.0,286.0,275.0,1315.0,1301.0,2989.0,4630.0,19946.0,22312.0,12.0,12.0,True
1034,2018,9999,18-643-000-000,Ольховский муниципальный район,Ольховский,муниципальный район,34,Волгоградская область,49.852688,44.562557,15994.0,15780.0,9682.0,10206.0,1030.0,1028.0,325.0,352.0,1018.0,1046.0,3335.0,4845.0,19815.0,22337.0,12.0,12.0,True
1035,2018,9999,18-645-000-000,Палласовский муниципальный район,Палласовский,муниципальный район,34,Волгоградская область,50.04529814999999,46.89316089497515,38309.0,37911.0,9288.0,10108.0,1024.0,1098.0,344.0,360.0,1137.0,1053.0,2655.0,4031.0,19300.0,21851.0,12.0,12.0,True
1036,2018,9999,18-647-000-000,Руднянский муниципальный район,Руднянский,муниципальный район,34,Волгоградская область,50.796791,44.556606,14298.0,14070.0,8454.0,9505.0,1154.0,1228.0,250.0,422.0,1267.0,1404.0,3373.0,4847.0,19803.0,22953.0,12.0,12.0,True
1037,2018,9999,18-649-000-000,Светлоярский муниципальный район,Светлоярский,муниципальный район,34,Волгоградская область,48.477432,44.785168,33712.0,33189.0,9110.0,9797.0,1128.0,1155.0,539.0,649.0,1127.0,1391.0,3245.0,4810.0,20452.0,23373.0,12.0,12.0,True
1038,2018,9999,18-650-000-000,Серафимовичский муниципальный район,Серафимовичский,муниципальный район,34,Волгоградская область,49.580608,42.730164,22132.0,21811.0,9390.0,10380.0,1066.0,1090.0,244.0,330.0,1348.0,1394.0,3276.0,4636.0,20400.0,23011.0,12.0,12.0,True
1039,2018,9999,18-651-000-000,Среднеахтубинский муниципальный район,Среднеахтубинский,муниципальный район,34,Волгоградская область,48.7128782,44.86866064696045,61206.0,61526.0,10018.0,11334.0,1293.0,1447.0,892.0,1236.0,1455.0,1709.0,3160.0,4974.0,23447.0,28220.0,12.0,12.0,True
1040,2018,9999,18-652-000-000,Старополтавский муниципальный район,Старополтавский,муниципальный район,34,Волгоградская область,50.475101,46.480801,16794.0,16630.0,7934.0,8737.0,893.0,965.0,319.0,359.0,1332.0,1330.0,2907.0,4428.0,18535.0,21523.0,12.0,12.0,True
1041,2018,9999,18-653-000-000,Суровикинский муниципальный район,Суровикинский,муниципальный район,34,Волгоградская область,48.605141,42.844147,32730.0,33010.0,9414.0,10548.0,1046.0,1161.0,343.0,346.0,1284.0,1390.0,3111.0,4468.0,20251.0,23328.0,12.0,12.0,True
1042,2018,9999,18-654-000-000,Урюпинский муниципальный район,Урюпинский,муниципальный район,34,Волгоградская область,50.7970972,42.0051866,23687.0,23402.0,,,,,,,,,,,,,,,False
1043,2018,9999,18-656-000-000,Фроловский муниципальный район,Фроловский,муниципальный район,34,Волгоградская область,49.7645711,43.6539516,13830.0,13721.0,9531.0,10598.0,660.0,968.0,269.0,305.0,1376.0,1429.0,1939.0,4698.0,18434.0,23393.0,1.0,11.0,True
1044,2018,9999,18-658-000-000,Чернышковский муниципальный район,Чернышковский,муниципальный район,34,Волгоградская область,48.422199,42.225616,13146.0,12986.0,9994.0,10700.0,1115.0,1163.0,171.0,280.0,1301.0,1421.0,3196.0,4653.0,19835.0,22456.0,12.0,12.0,True
1047,2018,9999,19-505-000-000,Бабаевский муниципальный округ,Бабаевский,муниципальный округ,35,Вологодская область,59.3887129,35.9499951,19014.0,18827.0,12460.0,12914.0,836.0,848.0,599.0,613.0,1309.0,1451.0,2838.0,4385.0,24647.0,27205.0,12.0,12.0,True
1048,2018,9999,19-508-000-000,Бабушкинский муниципальный округ,Бабушкинский,муниципальный округ,35,Вологодская область,59.7567364,43.1335636,9641.0,9515.0,10266.0,11129.0,832.0,864.0,358.0,507.0,1400.0,1377.0,2097.0,3050.0,20782.0,22765.0,12.0,12.0,True
1049,2018,9999,19-510-000-000,Белозерский муниципальный округ,Белозерский,муниципальный округ,35,Вологодская область,60.03199,37.7842189,13492.0,13265.0,10224.0,10290.0,892.0,929.0,2357.0,3267.0,1188.0,1188.0,2400.0,3790.0,23843.0,26759.0,12.0,12.0,True
1050,2018,9999,19-512-000-000,Вашкинский муниципальный округ,Вашкинский,муниципальный округ,35,Вологодская область,60.2622011,37.9714452,0.0,0.0,,,,,,,,,,,,,,,False
1051,2018,9999,19-514-000-000,Великоустюгский муниципальный округ,Великоустюгский,муниципальный округ,35,Вологодская область,60.7612852,46.3014666,49825.0,49167.0,11318.0,12562.0,948.0,1155.0,732.0,936.0,1516.0,1769.0,2562.0,3895.0,24987.0,29069.0,12.0,12.0,True
1052,2018,9999,19-516-000-000,Верховажский муниципальный округ,Верховажский,муниципальный округ,35,Вологодская область,60.7451617,42.047316,12561.0,12428.0,11570.0,12708.0,827.0,906.0,273.0,396.0,1182.0,1250.0,2395.0,3921.0,22154.0,25504.0,12.0,12.0,True
1053,2018,9999,19-518-000-000,Вожегодский муниципальный округ,Вожегодский,муниципальный округ,35,Вологодская область,60.4736301,40.2121613,13814.0,13654.0,12466.0,13050.0,858.0,807.0,393.0,423.0,1131.0,1160.0,2463.0,3757.0,22948.0,25021.0,12.0,12.0,True
1054,2018,9999,19-520-000-000,Вологодский муниципальный округ,Вологодский,муниципальный округ,35,Вологодская область,59.2189391,39.8933913,52745.0,52112.0,12170.0,13306.0,1250.0,1401.0,1164.0,1416.0,1918.0,2054.0,3149.0,4736.0,28064.0,32186.0,12.0,12.0,True
1055,2018,9999,19-622-000-000,Вытегорский муниципальный район,Вытегорский,муниципальный район,35,Вологодская область,61.006498,36.4514921,22200.0,21919.0,14155.0,15543.0,976.0,1126.0,419.0,600.0,1637.0,1861.0,2824.0,4552.0,26796.0,31147.0,12.0,12.0,True
1056,2018,9999,19-524-000-000,Грязовецкий муниципальный округ,Грязовецкий,муниципальный округ,35,Вологодская область,58.8841692,40.2515006,32078.0,31660.0,11918.0,12811.0,970.0,1028.0,456.0,482.0,1022.0,945.0,2371.0,3610.0,23032.0,25187.0,12.0,12.0,True
1057,2018,9999,19-526-000-000,Кадуйский муниципальный округ,Кадуйский,муниципальный округ,35,Вологодская область,59.199219,37.148609,16512.0,16433.0,12410.0,12940.0,718.0,762.0,498.0,446.0,1135.0,1060.0,2654.0,3966.0,23809.0,26088.0,12.0,12.0,True
1058,2018,9999,19-528-000-000,Кирилловский муниципальный округ,Кирилловский,муниципальный округ,35,Вологодская область,59.8590575,38.3758696,14088.0,14038.0,9763.0,9873.0,891.0,828.0,341.0,385.0,1196.0,1093.0,2514.0,3891.0,22151.0,23396.0,12.0,12.0,True
1059,2018,9999,19-530-000-000,Кичменгско-Городецкий муниципальный округ,Кичменгско-Городецкий,муниципальный округ,35,Вологодская область,59.9923379,45.8055674,14475.0,14278.0,10126.0,10215.0,813.0,886.0,276.0,750.0,1435.0,1566.0,2098.0,3382.0,20909.0,23732.0,12.0,12.0,True
1060,2018,9999,19-532-000-000,Междуреченский муниципальный округ,Междуреченский,муниципальный округ,35,Вологодская область,59.3746522,41.0282183,4918.0,4834.0,11805.0,12169.0,935.0,1036.0,130.0,199.0,696.0,509.0,2308.0,3572.0,20922.0,22390.0,12.0,12.0,True
1061,2018,9999,19-534-000-000,Никольский муниципальный округ,Никольский,муниципальный округ,35,Вологодская область,59.5304186,45.4585029,18845.0,18641.0,10649.0,11695.0,890.0,936.0,324.0,417.0,1563.0,1664.0,2353.0,3665.0,21554.0,24583.0,12.0,12.0,True
1062,2018,9999,19-536-000-000,Нюксенский муниципальный округ,Нюксенский,муниципальный округ,35,Вологодская область,60.419796,44.254551,8521.0,8427.0,11179.0,11307.0,810.0,839.0,285.0,363.0,1489.0,1536.0,2709.0,3817.0,22853.0,24532.0,12.0,12.0,True
1063,2018,9999,19-538-000-000,Сокольский муниципальный округ,Сокольский,муниципальный округ,35,Вологодская область,59.462799,40.112858,45129.0,44621.0,11620.0,12775.0,1023.0,1168.0,720.0,741.0,1201.0,1294.0,2988.0,4387.0,24738.0,28288.0,12.0,12.0,True
1064,2018,9999,19-540-000-000,Сямженский муниципальный округ,Сямженский,муниципальный округ,35,Вологодская область,60.021656,41.060516,8049.0,8005.0,11712.0,12262.0,888.0,844.0,195.0,234.0,1321.0,1243.0,2181.0,3301.0,21256.0,22602.0,12.0,12.0,True
1065,2018,9999,19-542-000-000,Тарногский муниципальный округ,Тарногский,муниципальный округ,35,Вологодская область,60.50661565,43.56205408043196,10460.0,10381.0,11555.0,12503.0,946.0,1072.0,291.0,381.0,1491.0,1601.0,2473.0,3587.0,22175.0,25025.0,12.0,12.0,True
1066,2018,9999,19-546-000-000,Тотемский муниципальный округ,Тотемский,муниципальный округ,35,Вологодская область,59.9736254,42.7587335,22064.0,21923.0,11483.0,12241.0,877.0,962.0,523.0,774.0,1112.0,1105.0,2865.0,4293.0,23546.0,26506.0,12.0,12.0,True
1067,2018,9999,19-548-000-000,Усть-Кубинский муниципальный округ,Усть-Кубинский,муниципальный округ,35,Вологодская область,59.631699,39.726299,7373.0,7282.0,11505.0,11954.0,868.0,874.0,280.0,323.0,1217.0,1221.0,2765.0,4143.0,21415.0,23483.0,12.0,12.0,True
1068,2018,9999,19-550-000-000,Устюженский муниципальный округ,Устюженский,муниципальный округ,35,Вологодская область,58.8428204,36.4296982,15333.0,15130.0,11397.0,12354.0,757.0,872.0,535.0,708.0,1200.0,1215.0,3050.0,4550.0,22076.0,25505.0,12.0,12.0,True
1069,2018,9999,19-552-000-000,Харовский муниципальный округ,Харовский,муниципальный округ,35,Вологодская область,59.9533237,40.2068249,12976.0,12814.0,12785.0,13838.0,706.0,844.0,237.0,224.0,919.0,968.0,2106.0,3285.0,22775.0,25202.0,12.0,12.0,True
1070,2018,9999,19-554-000-000,Чагодощенский муниципальный округ,Чагодощенский,муниципальный округ,35,Вологодская область,59.16383,35.329369,11110.0,10919.0,10472.0,11825.0,961.0,1091.0,533.0,574.0,1343.0,1409.0,3826.0,5260.0,26283.0,29683.0,12.0,12.0,True
1071,2018,9999,19-656-000-000,Череповецкий муниципальный район,Череповецкий,муниципальный район,35,Вологодская область,59.128696,37.916389,39222.0,39202.0,13019.0,14006.0,1075.0,1257.0,1014.0,1320.0,2085.0,2346.0,2331.0,3999.0,26959.0,31242.0,12.0,12.0,True
1072,2018,9999,19-658-000-000,Шекснинский муниципальный район,Шекснинский,муниципальный район,35,Вологодская область,59.2069457,38.5009851,29037.0,28758.0,12366.0,13269.0,896.0,1025.0,760.0,904.0,1267.0,1241.0,2917.0,4432.0,25383.0,28596.0,12.0,12.0,True
1073,2018,9999,20-701-000-000,городской округ город Воронеж,Воронеж,городской округ,36,Воронежская область,51.6605982,39.2005858,1051995.0,1046425.0,,,,,,,,,,,,,,,False
1074,2018,9999,20-710-000-000,городской округ Борисоглебский,Борисоглебский,городской округ,36,Воронежская область,51.368015,42.075169,68244.0,67264.0,,,,,,,,,,,,,,,False
1075,2018,9999,20-727-000-000,городской округ город Нововоронеж,Нововоронеж,городской округ,36,Воронежская область,51.30905,39.2160054,30495.0,30557.0,,,,,,,,,,,,,,,False
1076,2018,9999,20-602-000-000,Аннинский муниципальный район,Аннинский,муниципальный район,36,Воронежская область,51.488499,40.417393,35338.0,34825.0,,,,,,,,,,,,,,,False
1077,2018,9999,20-604-000-000,Бобровский муниципальный район,Бобровский,муниципальный район,36,Воронежская область,51.0967999,40.0307798,48743.0,48562.0,,,,,,,,,,,,,,,False
1078,2018,9999,20-605-000-000,Богучарский муниципальный район,Богучарский,муниципальный район,36,Воронежская область,49.9324498,40.5544754,37396.0,37180.0,,,,,,,,,,,,,,,False
1079,2018,9999,20-608-000-000,Бутурлиновский муниципальный район,Бутурлиновский,муниципальный район,36,Воронежская область,50.828491,40.587322,42917.0,42331.0,,,,,,,,,,,,,,,False
1080,2018,9999,20-610-000-000,Верхнемамонский муниципальный район,Верхнемамонский,муниципальный район,36,Воронежская область,50.1677646,40.3966104,18315.0,18158.0,,,,,,,,,,,,,,,False
1081,2018,9999,20-611-000-000,Верхнехавский муниципальный район,Верхнехавский,муниципальный район,36,Воронежская область,51.8439568,39.9334627,22799.0,22717.0,,,,,,,,,,,,,,,False
1082,2018,9999,20-612-000-000,Воробьёвский муниципальный район,Воробьёвский,муниципальный район,36,Воронежская область,50.645149,40.924503,14963.0,14825.0,,,,,,,,,,,,,,,False
1083,2018,9999,20-613-000-000,Грибановский муниципальный район,Грибановский,муниципальный район,36,Воронежская область,51.450348,41.960777,28572.0,28372.0,,,,,,,,,,,,,,,False
1084,2018,9999,20-615-000-000,Калачеевский муниципальный район,Калачеевский,муниципальный район,36,Воронежская область,50.4259519,41.0161721,46331.0,45462.0,,,,,,,,,,,,,,,False
1085,2018,9999,20-617-000-000,Каменский муниципальный район,Каменский,муниципальный район,36,Воронежская область,50.713001,39.432598,16842.0,16682.0,,,,,,,,,,,,,,,False
1086,2018,9999,20-619-000-000,Кантемировский муниципальный район,Кантемировский,муниципальный район,36,Воронежская область,49.702282,39.854115,31089.0,30647.0,,,,,,,,,,,,,,,False
1087,2018,9999,20-620-000-000,Каширский муниципальный район,Каширский,муниципальный район,36,Воронежская область,51.408161,39.588478,22904.0,22766.0,,,,,,,,,,,,,,,False
1088,2018,9999,20-621-000-000,Лискинский муниципальный район,Лискинский,муниципальный район,36,Воронежская область,50.9873813,39.4972321,95969.0,94900.0,,,,,,,,,,,,,,,False
1089,2018,9999,20-623-000-000,Нижнедевицкий муниципальный район,Нижнедевицкий,муниципальный район,36,Воронежская область,51.5459,38.3638,17723.0,17694.0,,,,,,,,,,,,,,,False
1090,2018,9999,20-625-000-000,Новоусманский муниципальный район,Новоусманский,муниципальный район,36,Воронежская область,51.6439692,39.4107009,88382.0,90178.0,,,,,,,,,,,,,,,False
1091,2018,9999,20-627-000-000,Новохопёрский муниципальный район,Новохопёрский,муниципальный район,36,Воронежская область,51.095146,41.616955,35388.0,34859.0,,,,,,,,,,,,,,,False
1092,2018,9999,20-629-000-000,Ольховатский муниципальный район,Ольховатский,муниципальный район,36,Воронежская область,50.280743,39.297153,21266.0,21143.0,,,,,,,,,,,,,,,False
1093,2018,9999,20-631-000-000,Острогожский муниципальный район,Острогожский,муниципальный район,36,Воронежская область,50.864902,39.077244,54625.0,54115.0,,,,,,,,,,,,,,,False
1094,2018,9999,20-633-000-000,Павловский муниципальный район,Павловский,муниципальный район,36,Воронежская область,50.4520214,40.1399663,50003.0,49339.0,,,,,,,,,,,,,,,False
1095,2018,9999,20-635-000-000,Панинский муниципальный район,Панинский,муниципальный район,36,Воронежская область,51.648148,40.134346,23729.0,23636.0,,,,,,,,,,,,,,,False
1096,2018,9999,20-637-000-000,Петропавловский муниципальный район,Петропавловский,муниципальный район,36,Воронежская область,50.093231,40.885334,16390.0,16373.0,,,,,,,,,,,,,,,False
1097,2018,9999,20-639-000-000,Поворинский муниципальный район,Поворинский,муниципальный район,36,Воронежская область,51.199276,42.24094,30897.0,30989.0,,,,,,,,,,,,,,,False
1098,2018,9999,20-641-000-000,Подгоренский муниципальный район,Подгоренский,муниципальный район,36,Воронежская область,50.403614,39.638832,22702.0,22507.0,,,,,,,,,,,,,,,False
1099,2018,9999,20-643-000-000,Рамонский муниципальный район,Рамонский,муниципальный район,36,Воронежская область,51.910381,39.342144,39533.0,40466.0,,,,,,,,,,,,,,,False
1100,2018,9999,20-645-000-000,Репьёвский муниципальный район,Репьёвский,муниципальный район,36,Воронежская область,51.080557,38.6439058,15207.0,15025.0,,,,,,,,,,,,,,,False
1101,2018,9999,20-647-000-000,Россошанский муниципальный район,Россошанский,муниципальный район,36,Воронежская область,50.1961874,39.5764857,87516.0,86909.0,,,,,,,,,,,,,,,False
1102,2018,9999,20-649-000-000,Семилукский муниципальный район,Семилукский,муниципальный район,36,Воронежская область,51.690403,39.022186,67072.0,67246.0,,,,,,,,,,,,,,,False
1103,2018,9999,20-651-000-000,Таловский муниципальный район,Таловский,муниципальный район,36,Воронежская область,51.11654645,40.72493628584353,34535.0,34286.0,,,,,,,,,,,,,,,False
1104,2018,9999,20-654-000-000,Терновский муниципальный район,Терновский,муниципальный район,36,Воронежская область,51.684982,41.590942,17128.0,16815.0,,,,,,,,,,,,,,,False
1105,2018,9999,20-656-000-000,Хохольский муниципальный район,Хохольский,муниципальный район,36,Воронежская область,51.5779217,38.7866515,29826.0,29974.0,,,,,,,,,,,,,,,False
1106,2018,9999,20-658-000-000,Эртильский муниципальный район,Эртильский,муниципальный район,36,Воронежская область,51.8367188,40.7982804,20448.0,20190.0,,,,,,,,,,,,,,,False
1107,2018,9999,24-701-000-000,городской округ Иваново,Иваново,городской округ,37,Ивановская область,56.9984452,40.9737394,360687.0,358437.0,11943.0,13583.0,1571.0,1812.0,1630.0,1977.0,1935.0,2298.0,3321.0,5134.0,30290.0,35756.0,12.0,12.0,True
1108,2018,9999,24-703-000-000,городской округ Вичуга,Вичуга,городской округ,37,Ивановская область,57.2200735,41.9239228,30010.0,29623.0,9754.0,10663.0,917.0,1022.0,348.0,376.0,878.0,870.0,2884.0,4277.0,19721.0,22818.0,12.0,12.0,True
1109,2018,9999,24-705-000-000,городской округ Кинешма,Кинешма,городской округ,37,Ивановская область,57.4426901,42.1687834,75823.0,74804.0,10576.0,11851.0,1066.0,1236.0,707.0,871.0,1512.0,1734.0,3011.0,4655.0,23845.0,28083.0,12.0,12.0,True
1110,2018,9999,24-706-000-000,городской округ Кохма,Кохма,городской округ,37,Ивановская область,56.9315448,41.0939402,30592.0,30181.0,11428.0,12575.0,1164.0,1294.0,988.0,1277.0,1168.0,1364.0,3225.0,5185.0,26123.0,30754.0,12.0,12.0,True
1111,2018,9999,24-707-000-000,городской округ Тейково,Тейково,городской округ,37,Ивановская область,56.8554753,40.5405863,30763.0,30506.0,10552.0,11379.0,960.0,1017.0,812.0,824.0,1107.0,1160.0,3120.0,4564.0,22783.0,25640.0,12.0,12.0,True
1112,2018,9999,24-711-000-000,городской округ Шуя,Шуя,городской округ,37,Ивановская область,56.8558465,41.3838496,53910.0,53312.0,10518.0,11794.0,1120.0,1299.0,826.0,954.0,1160.0,1296.0,2906.0,4576.0,23441.0,27526.0,12.0,12.0,True
1113,2018,9999,24-601-000-000,Вичугский муниципальный район,Вичугский,муниципальный район,37,Ивановская область,57.2200735,41.9239228,15953.0,15732.0,9654.0,10818.0,819.0,914.0,216.0,275.0,726.0,806.0,2876.0,5038.0,18885.0,23134.0,12.0,12.0,True
1114,2018,9999,24-602-000-000,Верхнеландеховский муниципальный район,Верхнеландеховский,муниципальный район,37,Ивановская область,56.840488,42.595818,3985.0,3943.0,,,,,,,,,,,,,,,False
1115,2018,9999,24-603-000-000,Гаврилово-Посадский муниципальный район,Гаврилово-Посадский,муниципальный район,37,Ивановская область,56.5585501,40.1205669,12202.0,11865.0,9706.0,10286.0,824.0,889.0,219.0,229.0,823.0,845.0,2921.0,4649.0,19047.0,21981.0,12.0,12.0,True
1116,2018,9999,24-605-000-000,Заволжский муниципальный район,Заволжский,муниципальный район,37,Ивановская область,57.47784385,42.14006934304795,12422.0,12153.0,9758.0,11037.0,1035.0,1225.0,308.0,479.0,1041.0,1170.0,3012.0,4690.0,20235.0,24196.0,12.0,12.0,True
1117,2018,9999,24-607-000-000,Ивановский муниципальный район,Ивановский,муниципальный район,37,Ивановская область,56.9984452,40.9737394,40427.0,40478.0,11285.0,12402.0,1352.0,1593.0,1456.0,1842.0,2088.0,2423.0,3709.0,5995.0,30143.0,36045.0,12.0,12.0,True
1118,2018,9999,24-609-000-000,Ильинский муниципальный район,Ильинский,муниципальный район,37,Ивановская область,56.9713637,39.7714702,7306.0,7336.0,9492.0,10022.0,655.0,741.0,132.0,127.0,622.0,666.0,3680.0,5532.0,18286.0,21065.0,12.0,12.0,True
1119,2018,9999,24-611-000-000,Кинешемский муниципальный район,Кинешемский,муниципальный район,37,Ивановская область,57.4426901,42.1687834,17748.0,17408.0,10455.0,11082.0,766.0,848.0,329.0,360.0,854.0,947.0,2702.0,4336.0,20646.0,23536.0,12.0,12.0,True
1120,2018,9999,24-613-000-000,Комсомольский муниципальный район,Комсомольский,муниципальный район,37,Ивановская область,57.027321,40.377602,19486.0,19537.0,10347.0,10963.0,964.0,965.0,340.0,331.0,665.0,633.0,3441.0,5064.0,21176.0,23702.0,12.0,12.0,True
1121,2018,9999,24-614-000-000,Лежневский муниципальный район,Лежневский,муниципальный район,37,Ивановская область,56.775677,40.887329,15124.0,14905.0,9726.0,10071.0,786.0,771.0,328.0,235.0,673.0,631.0,2634.0,4451.0,19539.0,21243.0,12.0,12.0,True
1122,2018,9999,24-615-000-000,Лухский муниципальный район,Лухский,муниципальный район,37,Ивановская область,57.007736,42.252235,7523.0,7399.0,9837.0,10487.0,514.0,484.0,119.0,163.0,750.0,615.0,2033.0,3717.0,17304.0,19707.0,12.0,12.0,True
1123,2018,9999,24-617-000-000,Палехский муниципальный район,Палехский,муниципальный район,37,Ивановская область,56.8023842,41.8539925,8663.0,8518.0,10237.0,11038.0,743.0,940.0,232.0,216.0,750.0,739.0,2831.0,4522.0,19647.0,22626.0,12.0,12.0,True
1124,2018,9999,24-619-000-000,Пестяковский муниципальный район,Пестяковский,муниципальный район,37,Ивановская область,56.7087539,42.6705083,4854.0,4744.0,10582.0,10327.0,510.0,392.0,163.0,113.0,824.0,631.0,2096.0,3867.0,17906.0,19581.0,12.0,12.0,True
1125,2018,9999,24-620-000-000,Приволжский муниципальный район,Приволжский,муниципальный район,37,Ивановская область,57.380333,41.281178,21783.0,21589.0,10088.0,11154.0,912.0,1038.0,403.0,474.0,980.0,1026.0,3153.0,4842.0,21122.0,24528.0,12.0,12.0,True
1126,2018,9999,24-621-000-000,Пучежский муниципальный район,Пучежский,муниципальный район,37,Ивановская область,56.9820977,43.168062,10712.0,10538.0,9590.0,10562.0,939.0,971.0,124.0,132.0,700.0,694.0,2866.0,4278.0,17988.0,20816.0,12.0,12.0,True
1127,2018,9999,24-623-000-000,Родниковский муниципальный район,Родниковский,муниципальный район,37,Ивановская область,57.105225,41.72839,30074.0,29807.0,10747.0,11536.0,943.0,1044.0,398.0,512.0,706.0,674.0,2928.0,4393.0,20554.0,23470.0,12.0,12.0,True
1128,2018,9999,24-625-000-000,Савинский муниципальный район,Савинский,муниципальный район,37,Ивановская область,56.5907172,41.2151323,9969.0,9719.0,10339.0,10864.0,667.0,715.0,106.0,289.0,579.0,470.0,2481.0,4431.0,18834.0,21506.0,12.0,12.0,True
1129,2018,9999,24-629-000-000,Тейковский муниципальный район,Тейковский,муниципальный район,37,Ивановская область,56.8554753,40.5405863,10198.0,9988.0,9960.0,10650.0,798.0,802.0,313.0,341.0,665.0,932.0,2575.0,4253.0,20252.0,23131.0,12.0,12.0,True
1130,2018,9999,24-631-000-000,Фурмановский муниципальный район,Фурмановский,муниципальный район,37,Ивановская область,57.248756,41.10923,33904.0,33630.0,10306.0,11025.0,962.0,1027.0,645.0,650.0,749.0,753.0,2606.0,4237.0,20479.0,23167.0,12.0,12.0,True
1131,2018,9999,24-633-000-000,Шуйский муниципальный район,Шуйский,муниципальный район,37,Ивановская область,56.8558465,41.3838496,19596.0,19184.0,10237.0,11348.0,1025.0,1104.0,708.0,850.0,1284.0,1441.0,2588.0,4604.0,22655.0,26802.0,12.0,12.0,True
1132,2018,9999,24-635-000-000,Южский муниципальный район,Южский,муниципальный район,37,Ивановская область,56.5840428,42.0109249,19284.0,19100.0,10079.0,10936.0,782.0,848.0,290.0,311.0,855.0,875.0,3097.0,4571.0,20204.0,22682.0,12.0,12.0,True
1133,2018,9999,24-637-000-000,Юрьевецкий муниципальный район,Юрьевецкий,муниципальный район,37,Ивановская область,57.30654364999999,43.10327169573893,11727.0,11464.0,9789.0,10698.0,662.0,896.0,226.0,236.0,795.0,878.0,3203.0,4882.0,18582.0,21887.0,12.0,12.0,True
1134,2018,9999,25-701-000-000,городской округ город Иркутск,Иркутск,городской округ,38,Иркутская область,52.2891225,104.279829,611215.0,606369.0,12710.0,14285.0,2036.0,2321.0,2394.0,2773.0,2704.0,3074.0,3100.0,4744.0,35487.0,40809.0,12.0,12.0,True
1135,2018,9999,25-703-000-000,городской округ Ангарский,Ангарский,городской округ,38,Иркутская область,52.5443167,103.8882138,230058.0,217365.0,12175.0,13749.0,1563.0,1770.0,1710.0,2034.0,1970.0,2263.0,2887.0,4411.0,30229.0,35002.0,12.0,12.0,True
1136,2018,9999,25-714-000-000,городской округ город Братск,Братск,городской округ,38,Иркутская область,56.1517085,101.6334907,221244.0,220097.0,13879.0,15508.0,1531.0,1772.0,1568.0,1853.0,2093.0,2323.0,3475.0,5096.0,33539.0,38340.0,12.0,12.0,True
1137,2018,9999,25-720-000-000,городской округ Зима,Зима,городской округ,38,Иркутская область,53.9211241,102.0491543,30181.0,29877.0,11507.0,12791.0,1070.0,1185.0,471.0,544.0,1636.0,1756.0,2824.0,4258.0,24402.0,27827.0,12.0,12.0,True
1138,2018,9999,25-726-000-000,городской округ город Саянск,Саянск,городской округ,38,Иркутская область,54.1123301,102.1785158,35593.0,35724.0,11760.0,13244.0,1396.0,1517.0,738.0,915.0,1619.0,1707.0,3210.0,4519.0,27843.0,31297.0,12.0,12.0,True
1139,2018,9999,25-732-000-000,городской округ город Тулун,Тулун,городской округ,38,Иркутская область,54.562096,100.579216,37847.0,37583.0,11770.0,13390.0,1154.0,1308.0,520.0,680.0,1834.0,2088.0,3153.0,4548.0,26337.0,30593.0,12.0,12.0,True
1140,2018,9999,25-736-000-000,городской округ город Усолье-Сибирское,Усолье-Сибирское,городской округ,38,Иркутская область,52.7512013,103.6621625,73507.0,72594.0,11748.0,13186.0,1529.0,1751.0,1296.0,1448.0,1805.0,2036.0,2876.0,4374.0,28618.0,32942.0,12.0,12.0,True
1141,2018,9999,25-738-000-000,городской округ город Усть-Илимск,Усть-Илимск,городской округ,38,Иркутская область,57.959473,102.734192,78445.0,77762.0,14801.0,15978.0,1407.0,1543.0,1361.0,1565.0,2034.0,2274.0,3749.0,5332.0,34209.0,38004.0,12.0,12.0,True
1142,2018,9999,25-745-000-000,городской округ город Черемхово,Черемхово,городской округ,38,Иркутская область,53.148434,103.070145,53415.0,53160.0,11709.0,13086.0,1156.0,1379.0,706.0,910.0,1873.0,2097.0,2844.0,4480.0,26751.0,31179.0,12.0,12.0,True
1143,2018,9999,25-746-000-000,городской округ город Свирск,Свирск,городской округ,38,Иркутская область,53.066269,103.342331,15333.0,15270.0,11336.0,12431.0,881.0,996.0,487.0,511.0,1042.0,1196.0,2927.0,4307.0,24152.0,27400.0,12.0,12.0,True
1144,2018,9999,25-601-000-000,Балаганский муниципальный район,Балаганский,муниципальный район,38,Иркутская область,54.006798,103.054024,8643.0,8577.0,10604.0,11874.0,916.0,1050.0,191.0,242.0,1306.0,1292.0,3118.0,4634.0,22254.0,24871.0,12.0,12.0,True
1145,2018,9999,25-602-000-000,Бодайбинский муниципальный район,Бодайбинский,муниципальный район,38,Иркутская область,57.8499525,114.2039967,8718.0,8589.0,,,,,,,,,,,,,,,False
1146,2018,9999,25-604-000-000,Братский муниципальный район,Братский,муниципальный район,38,Иркутская область,56.1517085,101.6334907,47876.0,47236.0,11227.0,11658.0,856.0,869.0,450.0,563.0,972.0,976.0,2516.0,4133.0,22294.0,24960.0,12.0,12.0,True
1147,2018,9999,25-606-000-000,Жигаловский муниципальный район,Жигаловский,муниципальный район,38,Иркутская область,54.812668,105.15229,8975.0,9747.0,11631.0,13106.0,1249.0,1395.0,849.0,1166.0,1837.0,2114.0,2473.0,4640.0,24701.0,30202.0,12.0,12.0,True
1148,2018,9999,25-608-000-000,Заларинский муниципальный район,Заларинский,муниципальный район,38,Иркутская область,53.566238,102.515991,26414.0,26236.0,10432.0,11826.0,964.0,1048.0,313.0,402.0,1831.0,1992.0,2880.0,4372.0,22564.0,26155.0,12.0,12.0,True
1149,2018,9999,25-610-000-000,Зиминский муниципальный район,Зиминский,муниципальный район,38,Иркутская область,53.9211241,102.0491543,12168.0,12070.0,11253.0,12802.0,790.0,899.0,438.0,434.0,1780.0,1758.0,2126.0,4146.0,23430.0,27002.0,12.0,12.0,True
1150,2018,9999,25-612-000-000,Иркутский муниципальный район,Иркутский,муниципальный район,38,Иркутская область,52.2891225,104.279829,165480.0,167989.0,12370.0,14034.0,1728.0,1994.0,2124.0,2537.0,3022.0,3497.0,3350.0,5117.0,34234.0,40041.0,12.0,12.0,True
1151,2018,9999,25-614-000-000,Казачинско-Ленский муниципальный район,Казачинско-Ленский,муниципальный район,38,Иркутская область,56.271587,107.567009,15129.0,14910.0,13533.0,14908.0,1569.0,1604.0,702.0,731.0,1661.0,1810.0,3576.0,7524.0,31936.0,37831.0,12.0,12.0,True
1152,2018,9999,25-616-000-000,Катангский муниципальный район,Катангский,муниципальный район,38,Иркутская область,61.275021,108.009712,3025.0,3016.0,16376.0,17539.0,1315.0,1522.0,838.0,1159.0,1004.0,1733.0,1447.0,2956.0,35657.0,40135.0,12.0,12.0,True
1153,2018,9999,25-618-000-000,Качугский муниципальный район,Качугский,муниципальный район,38,Иркутская область,53.960819,105.885147,15159.0,15044.0,8244.0,10229.0,1067.0,1125.0,862.0,644.0,1518.0,1714.0,2898.0,4098.0,22475.0,25377.0,12.0,12.0,True
1154,2018,9999,25-620-000-000,Киренский муниципальный район,Киренский,муниципальный район,38,Иркутская область,57.776356,108.116295,15876.0,15936.0,13460.0,14974.0,1343.0,1374.0,702.0,860.0,1268.0,1310.0,2898.0,6433.0,28441.0,34455.0,12.0,12.0,True
1155,2018,9999,25-622-000-000,Куйтунский муниципальный район,Куйтунский,муниципальный район,38,Иркутская область,54.344154,101.506195,27222.0,26931.0,10138.0,11047.0,930.0,1002.0,292.0,324.0,1751.0,1749.0,2705.0,4166.0,23930.0,26512.0,12.0,12.0,True
1156,2018,9999,25-624-000-000,Мамско-Чуйский муниципальный район,Мамско-Чуйский,муниципальный район,38,Иркутская область,58.310555,112.903419,2078.0,2027.0,,,,,,,,,,,,,,,False
1157,2018,9999,25-626-000-000,Нижнеилимский муниципальный район,Нижнеилимский,муниципальный район,38,Иркутская область,56.577915,104.12294,42534.0,41873.0,13169.0,14623.0,1225.0,1331.0,608.0,733.0,1280.0,1466.0,4104.0,6177.0,28904.0,32986.0,12.0,12.0,True
1158,2018,9999,25-628-000-000,Нижнеудинский муниципальный район,Нижнеудинский,муниципальный район,38,Иркутская область,54.9084881,99.0302862,52307.0,51698.0,11211.0,12599.0,1018.0,1139.0,514.0,697.0,1345.0,1475.0,3084.0,4455.0,23974.0,27641.0,12.0,12.0,True
1159,2018,9999,25-630-000-000,Ольхонский муниципальный район,Ольхонский,муниципальный район,38,Иркутская область,52.799557,106.404564,10459.0,10483.0,10884.0,11129.0,978.0,963.0,582.0,814.0,2094.0,2276.0,2961.0,4289.0,22417.0,24597.0,12.0,12.0,True
1160,2018,9999,25-634-000-000,Слюдянский муниципальный район,Слюдянский,муниципальный район,38,Иркутская область,51.656769,103.719292,38631.0,38424.0,10629.0,11793.0,1159.0,1214.0,732.0,966.0,1427.0,1459.0,3116.0,4771.0,24654.0,28167.0,12.0,12.0,True
1161,2018,9999,25-636-000-000,Тайшетский муниципальный район,Тайшетский,муниципальный район,38,Иркутская область,55.9385304,98.0196711,70728.0,69773.0,11737.0,13030.0,1074.0,1218.0,681.0,786.0,1506.0,1541.0,2956.0,4538.0,26302.0,29862.0,12.0,12.0,True
1162,2018,9999,25-638-000-000,Тулунский муниципальный район,Тулунский,муниципальный район,38,Иркутская область,54.562096,100.579216,19460.0,19137.0,9706.0,,862.0,,241.0,,1682.0,,2286.0,,21647.0,,3.0,,True
1163,2018,9999,25-640-000-000,Усольский муниципальный район,Усольский,муниципальный район,38,Иркутская область,52.8142174,103.52552,48406.0,47850.0,9467.0,10322.0,1020.0,1081.0,650.0,755.0,1337.0,1479.0,3019.0,4797.0,22694.0,26498.0,12.0,12.0,True
1164,2018,9999,25-642-000-000,Усть-Илимский муниципальный район,Усть-Илимский,муниципальный район,38,Иркутская область,57.959473,102.734192,13031.0,12734.0,10055.0,10507.0,628.0,701.0,350.0,511.0,951.0,1134.0,2249.0,4139.0,21218.0,25130.0,12.0,12.0,True
1165,2018,9999,25-644-000-000,Усть-Кутский муниципальный район,Усть-Кутский,муниципальный район,38,Иркутская область,56.7810026,105.7460255,42502.0,41633.0,14766.0,16378.0,1312.0,1592.0,1470.0,1670.0,1721.0,1972.0,4452.0,6415.0,35972.0,40954.0,12.0,12.0,True
1166,2018,9999,25-646-000-000,Усть-Удинский муниципальный район,Усть-Удинский,муниципальный район,38,Иркутская область,54.1691395,103.0319541036817,13343.0,13291.0,9460.0,10510.0,1001.0,1019.0,256.0,313.0,1373.0,1476.0,3194.0,5002.0,22053.0,25318.0,12.0,12.0,True
1167,2018,9999,25-648-000-000,Черемховский муниципальный район,Черемховский,муниципальный район,38,Иркутская область,53.148434,103.070145,28339.0,28180.0,9975.0,11178.0,1012.0,972.0,371.0,426.0,1259.0,1401.0,2638.0,4224.0,21821.0,25479.0,12.0,12.0,True
1168,2018,9999,25-650-000-000,Чунский муниципальный район,Чунский,муниципальный район,38,Иркутская область,56.091248,99.633705,27029.0,26448.0,10776.0,12002.0,844.0,955.0,472.0,540.0,1219.0,1307.0,2949.0,4579.0,22391.0,25737.0,12.0,12.0,True
1169,2018,9999,25-655-000-000,Шелеховский муниципальный район,Шелеховский,муниципальный район,38,Иркутская область,52.2097478,104.097683,64199.0,63683.0,12805.0,14336.0,1734.0,1931.0,1268.0,1575.0,1911.0,2064.0,2984.0,4547.0,30608.0,35179.0,12.0,12.0,True
1170,2018,9999,25-605-000-000,Аларский муниципальный район,Аларский,муниципальный район,38,Иркутская область,53.3494147,102.7949052,22197.0,22320.0,10630.0,11401.0,1019.0,989.0,528.0,502.0,1860.0,1831.0,2766.0,4220.0,23914.0,25717.0,12.0,12.0,True
1171,2018,9999,25-607-000-000,Баяндаевский муниципальный район,Баяндаевский,муниципальный район,38,Иркутская область,53.067226,105.517876,11607.0,11534.0,8938.0,9345.0,834.0,907.0,816.0,647.0,2369.0,2303.0,2398.0,3442.0,20812.0,22270.0,12.0,12.0,True
1172,2018,9999,25-609-000-000,Боханский муниципальный район,Боханский,муниципальный район,38,Иркутская область,53.153561,103.766212,25072.0,25159.0,9114.0,9910.0,732.0,857.0,500.0,529.0,1629.0,1632.0,2001.0,3372.0,20791.0,22873.0,12.0,12.0,True
1173,2018,9999,25-629-000-000,Нукутский муниципальный район,Нукутский,муниципальный район,38,Иркутская область,53.700245,102.711548,15036.0,14902.0,11232.0,12194.0,1313.0,1014.0,380.0,398.0,1836.0,1754.0,2378.0,3680.0,22866.0,25154.0,12.0,12.0,True
1174,2018,9999,25-631-000-000,Осинский муниципальный район,Осинский,муниципальный район,38,Иркутская область,53.388348,103.877457,20829.0,20704.0,9892.0,10387.0,942.0,986.0,558.0,651.0,1592.0,1427.0,1938.0,3345.0,21213.0,23271.0,12.0,12.0,True
1175,2018,9999,25-657-000-000,Эхирит-Булагатский муниципальный район,Эхирит-Булагатский,муниципальный район,38,Иркутская область,52.8052218,104.7534712,29498.0,29626.0,9685.0,10336.0,1049.0,1118.0,688.0,743.0,1720.0,1658.0,1894.0,3041.0,21970.0,24073.0,12.0,12.0,True
1176,2018,9999,27-701-000-000,городской округ город Калининград,Калининград,городской округ,39,Калининградская область,54.710128,20.5105838,489735.0,489584.0,12357.0,13804.0,2104.0,2413.0,2698.0,3263.0,2618.0,3011.0,2211.0,3786.0,34698.0,40624.0,12.0,12.0,True
1177,2018,9999,27-711-000-000,городской округ Ладушкинский,Ладушкинский,городской округ,39,Калининградская область,54.5712666,20.1734409,3721.0,3745.0,9687.0,,1275.0,,714.0,,1550.0,,1435.0,,21279.0,,3.0,,True
1178,2018,9999,27-712-000-000,городской округ Мамоновский,Мамоновский,городской округ,39,Калининградская область,54.4636264,19.9414303,8508.0,8458.0,9624.0,9943.0,934.0,833.0,597.0,516.0,1373.0,1150.0,1947.0,4060.0,20673.0,21802.0,12.0,12.0,True
1179,2018,9999,27-717-000-000,городской округ Пионерский,Пионерский,городской округ,39,Калининградская область,54.948227,20.22591,12873.0,12928.0,12103.0,12581.0,1421.0,1446.0,1207.0,1375.0,1287.0,1265.0,2807.0,4691.0,26559.0,29776.0,12.0,12.0,True
1180,2018,9999,27-725-000-000,городской округ Светловский,Светловский,городской округ,39,Калининградская область,54.673355,20.131153,27592.0,27486.0,10618.0,10505.0,1157.0,1114.0,1019.0,932.0,870.0,802.0,1990.0,3205.0,22714.0,23416.0,12.0,12.0,True
1181,2018,9999,27-730-000-000,городской округ Советский,Советский,городской округ,39,Калининградская область,55.0809688,21.8882673,38614.0,38474.0,10733.0,11863.0,1215.0,1292.0,1060.0,1284.0,1302.0,1425.0,2008.0,3509.0,23502.0,27193.0,12.0,12.0,True
1182,2018,9999,27-740-000-000,городской округ Янтарный,Янтарный,городской округ,39,Калининградская область,54.87104305,19.94147043003838,7237.0,7206.0,9411.0,10061.0,1009.0,1069.0,1059.0,1275.0,1697.0,1685.0,2517.0,4195.0,23827.0,27242.0,11.0,12.0,True
1183,2018,9999,27-503-000-000,муниципальный округ Багратионовский,Багратионовский,муниципальный округ,39,Калининградская область,54.3868191,20.6405124,32921.0,32981.0,9627.0,9930.0,967.0,1026.0,578.0,530.0,1223.0,1141.0,1896.0,3510.0,20898.0,23156.0,10.0,10.0,True
1184,2018,9999,27-705-000-000,городской округ Балтийский,Балтийский,городской округ,39,Калининградская область,54.6437214,19.8941584,29090.0,29289.0,12231.0,13206.0,1232.0,1373.0,1626.0,1893.0,1158.0,1275.0,2540.0,4257.0,27882.0,31838.0,12.0,12.0,True
1185,2018,9999,27-506-000-000,муниципальный округ Гвардейский,Гвардейский,муниципальный округ,39,Калининградская область,54.6478265,21.0719431,29256.0,28931.0,10642.0,11349.0,922.0,969.0,710.0,740.0,1045.0,946.0,1768.0,3223.0,21616.0,23730.0,12.0,12.0,True
1186,2018,9999,27-507-000-000,муниципальный округ Гурьевский,Гурьевский,муниципальный округ,39,Калининградская область,54.7745571,20.6037041,107412.0,110395.0,12025.0,13422.0,1859.0,2113.0,2228.0,2813.0,2929.0,3331.0,2436.0,4346.0,33722.0,40319.0,12.0,12.0,True
1187,2018,9999,27-709-000-000,городской округ Гусевский,Гусевский,городской округ,39,Калининградская область,54.5921685,22.2014752,37533.0,37472.0,10428.0,11534.0,1053.0,1109.0,1006.0,1096.0,1280.0,1286.0,1957.0,3391.0,23083.0,26492.0,12.0,12.0,True
1188,2018,9999,27-510-000-000,муниципальный округ Зеленоградский,Зеленоградский,муниципальный округ,39,Калининградская область,54.9600365,20.4750188,39203.0,39588.0,12691.0,14317.0,1929.0,2292.0,2250.0,3134.0,2150.0,2818.0,2831.0,4721.0,33618.0,41936.0,12.0,12.0,True
1189,2018,9999,27-513-000-000,муниципальный округ Краснознаменский,Краснознаменский,муниципальный округ,39,Калининградская область,54.9415225,22.4912976,11016.0,10823.0,10720.0,11907.0,896.0,1018.0,448.0,634.0,1259.0,1356.0,1961.0,3947.0,21221.0,25188.0,12.0,12.0,True
1190,2018,9999,27-734-000-000,городской округ Светлогорский,Светлогорский,городской округ,39,Калининградская область,54.9417552,20.1550863,20746.0,21165.0,12343.0,13811.0,1801.0,2093.0,2160.0,2710.0,2221.0,2682.0,2891.0,4816.0,32117.0,38647.0,12.0,12.0,True
1191,2018,9999,27-514-000-000,муниципальный округ Неманский,Неманский,муниципальный округ,39,Калининградская область,55.0359656,22.0293578,15439.0,15267.0,10232.0,11627.0,966.0,1043.0,724.0,894.0,1262.0,1460.0,1663.0,3268.0,21969.0,25868.0,12.0,12.0,True
1192,2018,9999,27-515-000-000,муниципальный округ Нестеровский,Нестеровский,муниципальный округ,39,Калининградская область,54.6325455,22.5710998,11791.0,11632.0,10251.0,11254.0,890.0,908.0,533.0,614.0,1349.0,1512.0,1857.0,3520.0,20377.0,23827.0,12.0,12.0,True
1193,2018,9999,27-516-000-000,муниципальный округ Озерский,Озерский,муниципальный округ,39,Калининградская область,54.408741,22.014359,12673.0,12553.0,9982.0,10931.0,927.0,909.0,625.0,646.0,1164.0,1252.0,1973.0,3624.0,20476.0,23708.0,12.0,12.0,True
1194,2018,9999,27-518-000-000,муниципальный округ Полесский,Полесский,муниципальный округ,39,Калининградская область,54.8627556,21.1098591,17147.0,17007.0,10165.0,10326.0,1578.0,1209.0,834.0,902.0,1334.0,1318.0,1855.0,3713.0,21371.0,23220.0,12.0,12.0,True
1195,2018,9999,27-519-000-000,муниципальный округ Правдинский,Правдинский,муниципальный округ,39,Калининградская область,54.447144,21.01399,18197.0,18045.0,9468.0,9761.0,1130.0,1043.0,419.0,448.0,1096.0,958.0,2016.0,3744.0,18932.0,20668.0,12.0,12.0,True
1196,2018,9999,27-527-000-000,муниципальный округ Славский,Славский,муниципальный округ,39,Калининградская область,55.04549,21.679073,15765.0,15573.0,10871.0,11657.0,988.0,1294.0,572.0,632.0,1356.0,1476.0,1762.0,3649.0,21154.0,24746.0,12.0,12.0,True
1197,2018,9999,27-539-000-000,муниципальный округ Черняховский,Черняховский,муниципальный округ,39,Калининградская область,54.635533,21.8099822,45874.0,45312.0,10571.0,11759.0,1203.0,1386.0,1040.0,1222.0,1335.0,1506.0,1849.0,3476.0,23770.0,27657.0,12.0,12.0,True
1198,2018,9999,29-701-000-000,городской округ город Калуга,Калуга,городской округ,40,Калужская область,54.5101087,36.2598115,355488.0,351103.0,13200.0,14989.0,1887.0,2150.0,1734.0,2083.0,2390.0,2731.0,4145.0,5951.0,33452.0,38975.0,12.0,12.0,True
1200,2018,9999,29-602-000-000,Бабынинский муниципальный район,Бабынинский,муниципальный район,40,Калужская область,54.3910744,35.7400192,20704.0,20665.0,10756.0,11026.0,1112.0,1102.0,532.0,571.0,1130.0,1013.0,3664.0,5605.0,23068.0,25172.0,12.0,12.0,True
1201,2018,9999,29-604-000-000,Барятинский муниципальный район,Барятинский,муниципальный район,40,Калужская область,54.3102823,34.5190756,5393.0,5446.0,12251.0,13374.0,987.0,974.0,306.0,235.0,1336.0,1285.0,3704.0,5546.0,23080.0,26485.0,12.0,12.0,True
1203,2018,9999,29-608-000-000,Дзержинский муниципальный район,Дзержинский,муниципальный район,40,Калужская область,54.8069199,35.9301213,56616.0,56426.0,11370.0,12210.0,980.0,1031.0,482.0,456.0,1214.0,1165.0,3844.0,5444.0,23583.0,26193.0,12.0,12.0,True
1204,2018,9999,29-610-000-000,Думиничский муниципальный район,Думиничский,муниципальный район,40,Калужская область,53.933388,35.105518000000004,13299.0,13284.0,10000.0,10726.0,1006.0,1072.0,236.0,245.0,1123.0,1199.0,3091.0,4452.0,21142.0,23442.0,12.0,12.0,True
1205,2018,9999,29-612-000-000,Жиздринский муниципальный район,Жиздринский,муниципальный район,40,Калужская область,53.7485337,34.7353545,9857.0,9807.0,11491.0,12430.0,1107.0,1218.0,276.0,402.0,1260.0,1319.0,3767.0,5355.0,22809.0,26357.0,12.0,12.0,True
1206,2018,9999,29-613-000-000,Жуковский муниципальный район,Жуковский,муниципальный район,40,Калужская область,55.0338,36.7489,61283.0,60240.0,11158.0,12319.0,1266.0,1316.0,677.0,793.0,1229.0,1311.0,4640.0,6202.0,25545.0,29083.0,12.0,12.0,True
1207,2018,9999,29-614-000-000,Кировский муниципальный район,Кировский,муниципальный район,40,Калужская область,54.0742905,34.3025979,37756.0,37540.0,11270.0,12894.0,1192.0,1303.0,640.0,824.0,1434.0,1571.0,3834.0,5485.0,24376.0,28840.0,12.0,12.0,True
1208,2018,9999,29-615-000-000,Износковский муниципальный район,Износковский,муниципальный район,40,Калужская область,54.9911,35.3064,6403.0,6363.0,11270.0,12507.0,901.0,1018.0,198.0,195.0,1301.0,1468.0,3310.0,5843.0,21297.0,25354.0,12.0,12.0,True
1209,2018,9999,29-616-000-000,Козельский муниципальный район,Козельский,муниципальный район,40,Калужская область,54.03832175,35.78290647818667,38126.0,38129.0,11106.0,12298.0,1134.0,1221.0,563.0,618.0,1332.0,1320.0,3878.0,5549.0,24037.0,27266.0,12.0,12.0,True
1210,2018,9999,29-618-000-000,Куйбышевский муниципальный район,Куйбышевский,муниципальный район,40,Калужская область,54.0140623,33.9446908,7302.0,7291.0,10310.0,10941.0,1168.0,1232.0,437.0,442.0,1428.0,1383.0,4603.0,6545.0,22640.0,25204.0,12.0,12.0,True
1211,2018,9999,29-620-000-000,Людиновский муниципальный район,Людиновский,муниципальный район,40,Калужская область,53.8454692,34.43152145267353,38508.0,38134.0,11446.0,12923.0,1274.0,1418.0,722.0,840.0,1202.0,1297.0,3416.0,4929.0,24103.0,28453.0,12.0,12.0,True
1212,2018,9999,29-623-000-000,Малоярославецкий муниципальный район,Малоярославецкий,муниципальный район,40,Калужская область,55.012181,36.4590246,68087.0,69194.0,11991.0,13586.0,1509.0,1687.0,960.0,1236.0,1646.0,1866.0,4072.0,5806.0,28242.0,33097.0,12.0,12.0,True
1213,2018,9999,29-625-000-000,Медынский муниципальный район,Медынский,муниципальный район,40,Калужская область,54.969,35.857,12234.0,12187.0,10559.0,11591.0,1011.0,1083.0,336.0,385.0,1228.0,1275.0,4129.0,5558.0,23083.0,25968.0,12.0,12.0,True
1214,2018,9999,29-627-000-000,Мещовский муниципальный район,Мещовский,муниципальный район,40,Калужская область,54.3207145,35.2796334,11300.0,11280.0,11078.0,11563.0,878.0,941.0,212.0,183.0,1084.0,923.0,3466.0,4658.0,22374.0,23758.0,12.0,12.0,True
1215,2018,9999,29-629-000-000,Мосальский муниципальный район,Мосальский,муниципальный район,40,Калужская область,54.4872876,34.9789866,9077.0,9032.0,11301.0,12222.0,985.0,1034.0,319.0,338.0,1020.0,1002.0,4083.0,5380.0,21873.0,24412.0,12.0,12.0,True
1216,2018,9999,29-632-000-000,Перемышльский муниципальный район,Перемышльский,муниципальный район,40,Калужская область,54.2607,36.1647,14373.0,14402.0,9979.0,10453.0,1008.0,1090.0,874.0,820.0,1045.0,936.0,3074.0,4264.0,20900.0,22427.0,11.0,12.0,True
1217,2018,9999,29-634-000-000,Спас-Деменский муниципальный район,Спас-Деменский,муниципальный район,40,Калужская область,54.412586,34.0309659,7326.0,7334.0,11181.0,12193.0,1146.0,1234.0,452.0,481.0,1233.0,1227.0,3488.0,5060.0,21813.0,25151.0,12.0,12.0,True
1218,2018,9999,29-636-000-000,Сухиничский муниципальный район,Сухиничский,муниципальный район,40,Калужская область,54.096976,35.35334952467876,22423.0,22227.0,11301.0,12035.0,1103.0,1149.0,379.0,426.0,1226.0,1173.0,3610.0,5058.0,22804.0,25695.0,12.0,12.0,True
1219,2018,9999,29-638-000-000,Тарусский муниципальный район,Тарусский,муниципальный район,40,Калужская область,54.7293536,37.1815538,16395.0,16375.0,11368.0,12275.0,1216.0,1326.0,446.0,547.0,1129.0,1069.0,4854.0,6405.0,25504.0,27958.0,12.0,12.0,True
1220,2018,9999,29-642-000-000,Ульяновский муниципальный район,Ульяновский,муниципальный район,40,Калужская область,53.723654,35.5298461,6986.0,6942.0,11473.0,13020.0,1004.0,1121.0,296.0,372.0,1056.0,1170.0,3975.0,6312.0,21679.0,26444.0,12.0,12.0,True
1221,2018,9999,29-644-000-000,Ферзиковский муниципальный район,Ферзиковский,муниципальный район,40,Калужская область,54.51565365,36.76025305349451,17806.0,18112.0,11800.0,13462.0,1095.0,1247.0,664.0,1034.0,1281.0,1754.0,3815.0,5412.0,24390.0,30105.0,12.0,12.0,True
1222,2018,9999,29-646-000-000,Хвастовичский муниципальный район,Хвастовичский,муниципальный район,40,Калужская область,53.465855,35.089252,9675.0,9685.0,9903.0,10663.0,1065.0,1069.0,191.0,181.0,937.0,911.0,3500.0,5258.0,19612.0,21681.0,12.0,12.0,True
1223,2018,9999,29-650-000-000,Юхновский муниципальный район,Юхновский,муниципальный район,40,Калужская область,54.7415766,35.2264393,12709.0,12596.0,10926.0,11263.0,1277.0,1345.0,327.0,389.0,1210.0,1174.0,3647.0,5049.0,22628.0,24491.0,12.0,12.0,True
1224,2018,9999,32-701-000-000,городской округ Кемеровский,Кемеровский,городской округ,42,Кемеровская область,55.3550907,86.0871213,549362.0,544600.0,13229.0,15026.0,1916.0,2240.0,1973.0,2420.0,2373.0,2719.0,3050.0,4797.0,33430.0,39374.0,12.0,12.0,True
1225,2018,9999,32-704-000-000,городской округ Анжеро-Судженский,Анжеро-Судженский,городской округ,42,Кемеровская область,56.077808,86.019356,70178.0,69293.0,12145.0,13447.0,1318.0,1466.0,814.0,1145.0,1772.0,2001.0,2739.0,4290.0,26076.0,30153.0,12.0,12.0,True
1226,2018,9999,32-707-000-000,городской округ Беловский,Беловский,городской округ,42,Кемеровская область,54.419323,86.303429,120094.0,119175.0,12338.0,13890.0,1379.0,1582.0,1024.0,1418.0,1816.0,2028.0,3125.0,4871.0,28086.0,32890.0,12.0,12.0,True
1227,2018,9999,32-710-000-000,городской округ Березовский,Березовский,городской округ,42,Кемеровская область,55.6696946,86.275154,45941.0,45757.0,12771.0,14186.0,1356.0,1562.0,722.0,1056.0,1332.0,1519.0,2661.0,4365.0,27004.0,31288.0,12.0,12.0,True
1228,2018,9999,32-715-000-000,городской округ Калтанский,Калтанский,городской округ,42,Кемеровская область,53.519459,87.286179,29370.0,29026.0,12274.0,13881.0,1251.0,1395.0,798.0,902.0,1441.0,1686.0,2808.0,4368.0,25063.0,29633.0,12.0,12.0,True
1229,2018,9999,32-716-000-000,городской округ Киселевский,Киселевский,городской округ,42,Кемеровская область,54.0049872,86.6354771,86185.0,85300.0,12759.0,14274.0,1507.0,1689.0,1175.0,1505.0,1699.0,1934.0,2944.0,4582.0,28732.0,33179.0,12.0,12.0,True
1230,2018,9999,32-719-000-000,городской округ Ленинск-Кузнецкий,Ленинск-Кузнецкий,городской округ,42,Кемеровская область,54.665443,86.166115,91711.0,90570.0,12914.0,14693.0,1450.0,1668.0,1072.0,1359.0,2039.0,2371.0,2812.0,4542.0,29266.0,34236.0,12.0,12.0,True
1231,2018,9999,32-725-000-000,городской округ Междуреченский,Междуреченский,городской округ,42,Кемеровская область,53.6863763,88.0703443,96559.0,96216.0,13514.0,15305.0,1446.0,1678.0,1483.0,1766.0,1766.0,2047.0,3067.0,4671.0,31688.0,36747.0,12.0,12.0,True
1232,2018,9999,32-728-000-000,городской округ Мысковский,Мысковский,городской округ,42,Кемеровская область,53.71386,87.800316,41743.0,41229.0,12370.0,13493.0,1156.0,1338.0,812.0,1031.0,1468.0,1620.0,2975.0,4679.0,26771.0,30770.0,12.0,12.0,True
1233,2018,9999,32-731-000-000,городской округ Новокузнецкий,Новокузнецкий,городской округ,42,Кемеровская область,53.7575903,87.1358494,533565.0,531186.0,12986.0,14735.0,1642.0,1908.0,1850.0,2175.0,2166.0,2524.0,2850.0,4582.0,31991.0,37416.0,12.0,12.0,True
1234,2018,9999,32-734-000-000,городской округ Осинниковский,Осинниковский,городской округ,42,Кемеровская область,53.606995,87.332893,44002.0,43655.0,12099.0,13922.0,1417.0,1641.0,1145.0,1271.0,1513.0,1708.0,2656.0,4142.0,27026.0,31523.0,12.0,12.0,True
1235,2018,9999,32-732-000-000,городской округ Полысаевский,Полысаевский,городской округ,42,Кемеровская область,54.603142,86.276024,28061.0,27901.0,11763.0,13372.0,1298.0,1513.0,827.0,1098.0,1557.0,1749.0,2757.0,4408.0,25811.0,30470.0,12.0,12.0,True
1236,2018,9999,32-737-000-000,городской округ Прокопьевский,Прокопьевский,городской округ,42,Кемеровская область,53.8879117,86.7492072,174859.0,172618.0,12049.0,13759.0,1468.0,1671.0,1519.0,1749.0,1760.0,2039.0,2745.0,4366.0,28866.0,33722.0,12.0,12.0,True
1237,2018,9999,32-740-000-000,городской округ Тайгинский,Тайгинский,городской округ,42,Кемеровская область,56.065071,85.631325,23240.0,23065.0,12107.0,13811.0,1128.0,1266.0,727.0,898.0,1298.0,1372.0,2730.0,4594.0,24406.0,29062.0,12.0,12.0,True
1238,2018,9999,32-749-000-000,городской округ Юргинский,Юргинский,городской округ,42,Кемеровская область,55.7136,84.934799,78494.0,78009.0,12056.0,13869.0,1526.0,1783.0,1200.0,1584.0,1652.0,1961.0,2764.0,4486.0,27947.0,33495.0,12.0,12.0,True
1240,2018,9999,32-501-000-000,Беловский муниципальный округ,Беловский,муниципальный округ,42,Кемеровская область,54.412445,86.399742,25274.0,24823.0,10881.0,12644.0,854.0,1060.0,511.0,667.0,1609.0,1729.0,2513.0,4868.0,22045.0,27361.0,12.0,12.0,True
1241,2018,9999,32-502-000-000,Гурьевский муниципальный округ,Гурьевский,муниципальный округ,42,Кемеровская область,54.284954,85.931091,36708.0,36402.0,11498.0,13212.0,1218.0,1442.0,667.0,950.0,1335.0,1532.0,2542.0,4232.0,23867.0,28487.0,12.0,12.0,True
1242,2018,9999,32-504-000-000,Ижморский муниципальный округ,Ижморский,муниципальный округ,42,Кемеровская область,56.192169,86.637169,9939.0,9689.0,11105.0,12546.0,997.0,1140.0,282.0,397.0,1216.0,1342.0,2443.0,4194.0,20550.0,24442.0,12.0,12.0,True
1243,2018,9999,32-507-000-000,Кемеровский муниципальный округ,Кемеровский,муниципальный округ,42,Кемеровская область,55.3550907,86.0871213,45809.0,45263.0,12125.0,13669.0,1514.0,1885.0,1413.0,1805.0,2179.0,2613.0,2831.0,4916.0,29726.0,35966.0,12.0,12.0,True
1244,2018,9999,32-510-000-000,Крапивинский муниципальный округ,Крапивинский,муниципальный округ,42,Кемеровская область,55.003925,86.805855,21743.0,21713.0,11575.0,13094.0,1081.0,1196.0,402.0,421.0,1118.0,1142.0,2600.0,4375.0,22933.0,26415.0,12.0,12.0,True
1245,2018,9999,32-513-000-000,Ленинск-Кузнецкий муниципальный округ,Ленинск-Кузнецкий,муниципальный округ,42,Кемеровская область,54.665443,86.166115,21547.0,21399.0,9654.0,11931.0,869.0,1156.0,435.0,615.0,1391.0,1765.0,1605.0,4590.0,20062.0,27514.0,10.0,8.0,True
1246,2018,9999,32-516-000-000,Мариинский муниципальный округ,Мариинский,муниципальный округ,42,Кемеровская область,56.206299,87.751259,50952.0,50597.0,11214.0,12708.0,1154.0,1303.0,521.0,673.0,1715.0,1879.0,2375.0,4000.0,23117.0,27292.0,12.0,12.0,True
1247,2018,9999,32-519-000-000,Новокузнецкий муниципальный округ,Новокузнецкий,муниципальный округ,42,Кемеровская область,53.7575903,87.1358494,51550.0,51873.0,11438.0,13172.0,1089.0,1293.0,788.0,989.0,1707.0,1937.0,2499.0,4465.0,24547.0,30341.0,12.0,7.0,True
1249,2018,9999,32-525-000-000,Промышленновский муниципальный округ,Промышленновский,муниципальный округ,42,Кемеровская область,54.918655,85.6380293,45666.0,45477.0,11100.0,12626.0,1041.0,1206.0,482.0,649.0,1562.0,1753.0,2310.0,3982.0,22906.0,27046.0,12.0,12.0,True
1250,2018,9999,32-627-000-000,Таштагольский муниципальный район,Таштагольский,муниципальный район,42,Кемеровская область,52.7594694,87.8484499,49596.0,48876.0,12840.0,14839.0,1138.0,1331.0,997.0,1111.0,1928.0,2325.0,3981.0,6035.0,29614.0,35153.0,12.0,12.0,True
1251,2018,9999,32-528-000-000,Тисульский муниципальный округ,Тисульский,муниципальный округ,42,Кемеровская область,55.763851,88.3130216,18309.0,17957.0,11273.0,12106.0,1179.0,1283.0,376.0,386.0,1503.0,1684.0,2705.0,4881.0,23075.0,26916.0,12.0,12.0,True
1252,2018,9999,32-531-000-000,Топкинский муниципальный округ,Топкинский,муниципальный округ,42,Кемеровская область,55.2751962,85.6228741,40738.0,40525.0,11595.0,13460.0,1221.0,1436.0,752.0,1054.0,1356.0,1569.0,2349.0,4053.0,24402.0,29756.0,12.0,12.0,True
1253,2018,9999,32-534-000-000,Тяжинский муниципальный округ,Тяжинский,муниципальный округ,42,Кемеровская область,56.1139351,88.5171814,18850.0,18381.0,10840.0,12119.0,1133.0,1193.0,262.0,282.0,1174.0,1229.0,2688.0,4367.0,21347.0,24611.0,12.0,12.0,True
1254,2018,9999,32-537-000-000,Чебулинский муниципальный округ,Чебулинский,муниципальный округ,42,Кемеровская область,56.0330343,87.6220223,13270.0,12997.0,10362.0,12071.0,940.0,1116.0,485.0,704.0,1590.0,1729.0,2472.0,4182.0,21800.0,26123.0,12.0,12.0,True
1255,2018,9999,32-540-000-000,Юргинский муниципальный округ,Юргинский,муниципальный округ,42,Кемеровская область,55.7136,84.934799,19524.0,19321.0,,,,,,,,,,,,,,,False
1256,2018,9999,32-543-000-000,Яйский муниципальный округ,Яйский,муниципальный округ,42,Кемеровская область,56.2020084,86.4485361,15662.0,15502.0,10762.0,11984.0,1071.0,1251.0,385.0,692.0,1386.0,1542.0,2623.0,4070.0,22765.0,26762.0,12.0,12.0,True
1257,2018,9999,32-546-000-000,Яшкинский муниципальный округ,Яшкинский,муниципальный округ,42,Кемеровская область,55.8717888,85.4380316,26287.0,26089.0,10758.0,12327.0,1138.0,1344.0,300.0,490.0,1267.0,1484.0,2858.0,4693.0,23622.0,28192.0,12.0,12.0,True
1258,2018,9999,33-701-000-000,городской округ город Киров,Киров,городской округ,43,Кировская область,58.6035661,49.6666241,496941.0,500457.0,12070.0,13676.0,1606.0,1866.0,1989.0,2378.0,2274.0,2634.0,2901.0,4662.0,31172.0,36591.0,12.0,12.0,True
1259,2018,9999,33-704-000-000,городской округ город Вятские Поляны,Вятские Поляны,городской округ,43,Кировская область,56.2229946,51.0749038,29227.0,28922.0,9680.0,10677.0,1268.0,1359.0,809.0,881.0,969.0,1095.0,2168.0,3500.0,21615.0,24818.0,12.0,12.0,True
1260,2018,9999,33-707-000-000,городской округ город Кирово-Чепецк,Кирово-Чепецк,городской округ,43,Кировская область,58.555069,50.0313048,65262.0,64571.0,11655.0,12884.0,1369.0,1571.0,1270.0,1466.0,1410.0,1618.0,2772.0,4198.0,27210.0,31344.0,12.0,12.0,True
1261,2018,9999,33-710-000-000,городской округ город Котельнич,Котельнич,городской округ,43,Кировская область,58.3057312,48.32643959050836,19631.0,19454.0,10292.0,11356.0,1003.0,1064.0,460.0,543.0,1054.0,1071.0,1942.0,3201.0,20563.0,23133.0,12.0,12.0,True
1262,2018,9999,33-713-000-000,городской округ город Слободской,Слободской,городской округ,43,Кировская область,58.7277816,50.1771234,28908.0,28479.0,10237.0,11000.0,1068.0,1158.0,739.0,833.0,1163.0,1206.0,2123.0,3503.0,21225.0,24288.0,12.0,12.0,True
1264,2018,9999,33-502-000-000,муниципальный округ Арбажский,Арбажский,муниципальный округ,43,Кировская область,57.6793484,48.3035946,4416.0,4257.0,9159.0,9904.0,840.0,917.0,196.0,183.0,2281.0,2432.0,1455.0,2883.0,17671.0,20016.0,12.0,12.0,True
1265,2018,9999,33-503-000-000,муниципальный округ Афанасьевский,Афанасьевский,муниципальный округ,43,Кировская область,58.865421,53.26273,10804.0,10517.0,9598.0,10094.0,817.0,836.0,633.0,639.0,965.0,922.0,1722.0,2929.0,18542.0,20265.0,12.0,12.0,True
1266,2018,9999,33-605-000-000,Белохолуницкий муниципальный район,Белохолуницкий,муниципальный район,43,Кировская область,58.8432546,50.8528865,15331.0,15062.0,10434.0,11168.0,830.0,872.0,296.0,236.0,908.0,829.0,2041.0,3034.0,18302.0,19740.0,12.0,12.0,True
1267,2018,9999,33-506-000-000,муниципальный округ Богородский,Богородский,муниципальный округ,43,Кировская область,57.8316459,50.7512195,3274.0,3151.0,10906.0,11369.0,877.0,887.0,267.0,168.0,704.0,588.0,427.0,2338.0,16312.0,18024.0,12.0,12.0,True
1268,2018,9999,33-507-000-000,муниципальный округ Верхнекамский,Верхнекамский,муниципальный округ,43,Кировская область,59.3398971,52.2418232,20073.0,19600.0,11209.0,12168.0,857.0,929.0,386.0,328.0,1097.0,1058.0,2194.0,3415.0,20635.0,23058.0,12.0,12.0,True
1269,2018,9999,33-608-000-000,Верхошижемский муниципальный район,Верхошижемский,муниципальный район,43,Кировская область,58.0140582,49.1040391,6931.0,6778.0,10959.0,11440.0,853.0,768.0,162.0,126.0,865.0,835.0,1627.0,2909.0,17924.0,19722.0,12.0,12.0,True
1270,2018,9999,33-610-000-000,Вятскополянский муниципальный район,Вятскополянский,муниципальный район,43,Кировская область,56.2229946,51.0749038,22790.0,22503.0,9489.0,9987.0,971.0,1016.0,410.0,459.0,619.0,626.0,2102.0,3463.0,19511.0,22061.0,12.0,12.0,True
1271,2018,9999,33-612-000-000,Даровской муниципальный район,Даровской,муниципальный район,43,Кировская область,58.7705606,47.9584366,8318.0,8117.0,9885.0,10812.0,997.0,1042.0,186.0,178.0,944.0,962.0,1700.0,3079.0,17670.0,20076.0,12.0,12.0,True
1272,2018,9999,33-614-000-000,Зуевский муниципальный район,Зуевский,муниципальный район,43,Кировская область,58.4060241,51.1388605,16810.0,16435.0,10713.0,11364.0,876.0,944.0,235.0,235.0,760.0,704.0,1954.0,3170.0,19230.0,21106.0,12.0,12.0,True
1273,2018,9999,33-516-000-000,муниципальный округ Кикнурский,Кикнурский,муниципальный округ,43,Кировская область,57.3049331,47.2089404,6535.0,6384.0,9356.0,10180.0,1030.0,1162.0,223.0,234.0,921.0,993.0,1578.0,3049.0,16800.0,19164.0,12.0,12.0,True
1274,2018,9999,33-617-000-000,Кильмезский муниципальный район,Кильмезский,муниципальный район,43,Кировская область,56.9449015,51.0613993,9726.0,9573.0,9518.0,10029.0,869.0,915.0,204.0,222.0,1378.0,1362.0,1590.0,2548.0,17823.0,19714.0,12.0,12.0,True
1275,2018,9999,33-618-000-000,Кирово-Чепецкий муниципальный район,Кирово-Чепецкий,муниципальный район,43,Кировская область,58.555069,50.0313048,19871.0,19898.0,10718.0,11515.0,950.0,1032.0,737.0,883.0,1479.0,1701.0,2124.0,3874.0,22274.0,25882.0,12.0,12.0,True
1276,2018,9999,33-619-000-000,Котельничский муниципальный район,Котельничский,муниципальный район,43,Кировская область,58.3057312,48.32643959050836,10408.0,9945.0,9474.0,9561.0,856.0,707.0,260.0,272.0,928.0,868.0,1308.0,2682.0,18616.0,19574.0,12.0,12.0,True
1277,2018,9999,33-620-000-000,Куменский муниципальный район,Куменский,муниципальный район,43,Кировская область,58.1100761,49.9173135,14363.0,14038.0,11270.0,11290.0,955.0,895.0,211.0,290.0,706.0,560.0,1695.0,3328.0,20287.0,21845.0,12.0,12.0,True
1278,2018,9999,33-521-000-000,муниципальный округ Лебяжский,Лебяжский,муниципальный округ,43,Кировская область,57.4095434,49.5276891,5450.0,5283.0,8978.0,9612.0,889.0,1015.0,240.0,232.0,903.0,914.0,1509.0,2616.0,17596.0,19538.0,12.0,12.0,True
1279,2018,9999,33-522-000-000,муниципальный округ Лузский,Лузский,муниципальный округ,43,Кировская область,60.6306233,47.2549261,12773.0,12427.0,11289.0,12378.0,843.0,897.0,330.0,369.0,1075.0,1101.0,2210.0,3447.0,20234.0,22815.0,12.0,12.0,True
1280,2018,9999,33-623-000-000,Малмыжский муниципальный район,Малмыжский,муниципальный район,43,Кировская область,56.5206314,50.6775905,20133.0,19801.0,8956.0,9761.0,930.0,1065.0,235.0,231.0,832.0,884.0,1861.0,2932.0,18119.0,20257.0,12.0,12.0,True
1281,2018,9999,33-524-000-000,муниципальный округ Мурашинский,Мурашинский,муниципальный округ,43,Кировская область,59.3951018,48.9644445,9036.0,8746.0,10356.0,10928.0,782.0,758.0,363.0,314.0,871.0,765.0,2510.0,3581.0,18915.0,20676.0,12.0,12.0,True
1282,2018,9999,33-625-000-000,Нагорский муниципальный район,Нагорский,муниципальный район,43,Кировская область,59.3159141,50.8017309,6480.0,6225.0,9437.0,9983.0,794.0,839.0,237.0,203.0,1260.0,1112.0,664.0,2506.0,16360.0,18250.0,12.0,12.0,True
1283,2018,9999,33-526-000-000,муниципальный округ Немский,Немский,муниципальный округ,43,Кировская область,57.5052656,50.5021661,4509.0,4426.0,,,,,,,,,,,,,,,False
1284,2018,9999,33-627-000-000,Нолинский муниципальный район,Нолинский,муниципальный район,43,Кировская область,57.5599476,49.93850528482464,15594.0,15213.0,9713.0,10244.0,910.0,959.0,365.0,444.0,814.0,814.0,1784.0,2977.0,18515.0,20668.0,12.0,12.0,True
1285,2018,9999,33-628-000-000,Омутнинский муниципальный район,Омутнинский,муниципальный район,43,Кировская область,58.668304,52.17625,33878.0,33193.0,10984.0,11836.0,853.0,914.0,581.0,557.0,961.0,1019.0,2505.0,3763.0,21982.0,24172.0,12.0,12.0,True
1286,2018,9999,33-529-000-000,муниципальный округ Опаринский,Опаринский,муниципальный округ,43,Кировская область,59.8516589,48.2777768,6864.0,6571.0,9248.0,11649.0,836.0,801.0,167.0,134.0,852.0,787.0,2353.0,3690.0,19608.0,22059.0,12.0,12.0,True
1287,2018,9999,33-630-000-000,Оричевский муниципальный район,Оричевский,муниципальный район,43,Кировская область,58.4013081,49.0564965,24751.0,24539.0,10696.0,11297.0,826.0,802.0,361.0,329.0,831.0,768.0,2003.0,3367.0,19749.0,21404.0,12.0,12.0,True
1288,2018,9999,33-645-000-000,Орловский муниципальный район,Орловский,муниципальный район,43,Кировская область,58.5363174,48.8850765,9442.0,9136.0,10279.0,10788.0,728.0,701.0,228.0,200.0,819.0,721.0,2007.0,3435.0,18159.0,19842.0,12.0,12.0,True
1289,2018,9999,33-531-000-000,муниципальный округ Пижанский,Пижанский,муниципальный округ,43,Кировская область,57.460224,48.533832,8143.0,7903.0,9702.0,10545.0,947.0,992.0,397.0,420.0,1026.0,1029.0,1252.0,2346.0,18308.0,20234.0,12.0,12.0,True
1290,2018,9999,33-632-000-000,Подосиновский муниципальный район,Подосиновский,муниципальный район,43,Кировская область,60.279064,47.06477,11490.0,11195.0,9330.0,10356.0,795.0,783.0,288.0,276.0,924.0,886.0,1705.0,3119.0,18716.0,21022.0,12.0,12.0,True
1291,2018,9999,33-533-000-000,муниципальный округ Санчурский,Санчурский,муниципальный округ,43,Кировская область,56.9404036,47.2526947,7035.0,6900.0,9613.0,9921.0,960.0,945.0,252.0,268.0,996.0,1054.0,1413.0,2965.0,16944.0,18977.0,12.0,12.0,True
1292,2018,9999,33-534-000-000,муниципальный округ Свечинский,Свечинский,муниципальный округ,43,Кировская область,58.277,47.512543,5890.0,5744.0,9814.0,10182.0,915.0,893.0,278.0,344.0,963.0,873.0,2017.0,3614.0,18949.0,20884.0,12.0,12.0,True
1293,2018,9999,33-635-000-000,Слободской муниципальный район,Слободской,муниципальный район,43,Кировская область,58.7277816,50.1771234,31977.0,32057.0,10204.0,10793.0,946.0,992.0,618.0,580.0,938.0,898.0,2118.0,3410.0,20343.0,22602.0,12.0,12.0,True
1294,2018,9999,33-636-000-000,Советский муниципальный район,Советский,муниципальный район,43,Кировская область,57.5914193,48.95836130705428,21799.0,21424.0,10085.0,11114.0,933.0,1028.0,673.0,697.0,932.0,952.0,1846.0,3064.0,19486.0,22012.0,12.0,12.0,True
1295,2018,9999,33-637-000-000,Сунский муниципальный район,Сунский,муниципальный район,43,Кировская область,57.8335115,50.0589449,5002.0,4826.0,9374.0,9651.0,783.0,802.0,215.0,235.0,616.0,525.0,1601.0,2733.0,17327.0,18235.0,12.0,12.0,True
1296,2018,9999,33-638-000-000,Тужинский муниципальный район,Тужинский,муниципальный район,43,Кировская область,57.6053835,47.9373723,5621.0,5475.0,9050.0,9969.0,880.0,982.0,230.0,250.0,1064.0,1173.0,1716.0,2855.0,17618.0,20302.0,12.0,12.0,True
1297,2018,9999,33-540-000-000,муниципальный округ Унинский,Унинский,муниципальный округ,43,Кировская область,57.7543697,51.4895258,5909.0,5751.0,10730.0,11251.0,732.0,752.0,171.0,121.0,861.0,728.0,595.0,2591.0,17013.0,18907.0,12.0,12.0,True
1298,2018,9999,33-641-000-000,Уржумский муниципальный район,Уржумский,муниципальный район,43,Кировская область,57.1101118,50.0003067,19810.0,19396.0,10096.0,10845.0,976.0,1048.0,269.0,229.0,919.0,926.0,1661.0,2820.0,19080.0,21275.0,12.0,12.0,True
1299,2018,9999,33-543-000-000,муниципальный округ Фаленский,Фаленский,муниципальный округ,43,Кировская область,58.3553667,51.5965834,7380.0,7168.0,10196.0,10866.0,813.0,871.0,179.0,256.0,762.0,795.0,1442.0,2510.0,17218.0,19052.0,12.0,12.0,True
1300,2018,9999,33-647-000-000,Шабалинский муниципальный район,Шабалинский,муниципальный район,43,Кировская область,58.3163535,47.0858159,7388.0,7140.0,9290.0,9838.0,920.0,983.0,234.0,441.0,1046.0,1082.0,1669.0,3103.0,18565.0,20708.0,12.0,12.0,True
1301,2018,9999,33-649-000-000,Юрьянский муниципальный район,Юрьянский,муниципальный район,43,Кировская область,59.0422736,49.2802038,16154.0,15836.0,10607.0,10820.0,890.0,849.0,378.0,334.0,805.0,717.0,2210.0,3521.0,19439.0,20865.0,12.0,12.0,True
1302,2018,9999,33-650-000-000,Яранский муниципальный район,Яранский,муниципальный район,43,Кировская область,57.3042882,47.8855774,19684.0,19268.0,9274.0,9997.0,954.0,1048.0,648.0,720.0,1062.0,1090.0,1743.0,2795.0,19619.0,21720.0,12.0,12.0,True
1303,2018,9999,34-701-000-000,городской округ город Кострома,Кострома,городской округ,44,Костромская область,57.7679158,40.9269141,265965.0,265761.0,11794.0,13396.0,1551.0,1804.0,1426.0,1778.0,1813.0,2116.0,3150.0,4908.0,28519.0,33882.0,12.0,12.0,True
1304,2018,9999,34-705-000-000,городской округ город Буй,Буй,городской округ,44,Костромская область,58.4816821,41.532956,20205.0,19938.0,11329.0,12041.0,974.0,1010.0,412.0,460.0,873.0,954.0,2878.0,4352.0,22853.0,25550.0,12.0,12.0,True
1305,2018,9999,34-706-000-000,городской округ город Волгореченск,Волгореченск,городской округ,44,Костромская область,57.44224775,41.15947358625323,14079.0,14030.0,10848.0,10179.0,1185.0,1092.0,598.0,541.0,808.0,716.0,3204.0,4723.0,24179.0,24989.0,12.0,12.0,True
1306,2018,9999,34-708-000-000,городской округ город Галич,Галич,городской округ,44,Костромская область,58.381382,42.347916,12600.0,12488.0,11997.0,13054.0,1043.0,1103.0,374.0,421.0,1018.0,1054.0,3528.0,4993.0,23735.0,26909.0,12.0,12.0,True
1308,2018,9999,34-730-000-000,городской округ город Шарья,Шарья,городской округ,44,Костромская область,58.36974795,45.51729631871895,30375.0,30008.0,11291.0,12309.0,916.0,1037.0,436.0,489.0,1184.0,1305.0,3259.0,4758.0,22924.0,26501.0,12.0,12.0,True
1309,2018,9999,34-602-000-000,Антроповский муниципальный район,Антроповский,муниципальный район,44,Костромская область,58.3976,43.005,5105.0,4987.0,11452.0,11241.0,855.0,871.0,123.0,112.0,831.0,911.0,2884.0,4777.0,19382.0,21338.0,12.0,12.0,True
1310,2018,9999,34-604-000-000,Буйский муниципальный район,Буйский,муниципальный район,44,Костромская область,58.4816821,41.532956,8754.0,8634.0,11006.0,12276.0,905.0,929.0,286.0,394.0,1084.0,1215.0,2872.0,4209.0,22260.0,25423.0,12.0,12.0,True
1311,2018,9999,34-606-000-000,Вохомский муниципальный район,Вохомский,муниципальный район,44,Костромская область,58.9306116,46.7588656,6698.0,6543.0,10117.0,11011.0,960.0,1024.0,194.0,218.0,957.0,1023.0,1909.0,3916.0,17642.0,20806.0,12.0,12.0,True
1312,2018,9999,34-608-000-000,Галичский муниципальный район,Галичский,муниципальный район,44,Костромская область,58.381382,42.347916,6412.0,6258.0,10210.0,11523.0,714.0,840.0,190.0,250.0,979.0,1064.0,2752.0,4285.0,20132.0,23871.0,12.0,12.0,True
1313,2018,9999,34-610-000-000,Кадыйский муниципальный район,Кадыйский,муниципальный район,44,Костромская область,57.784485,43.189411,5895.0,5744.0,10698.0,11612.0,952.0,1043.0,134.0,152.0,904.0,1040.0,2241.0,4186.0,18166.0,21516.0,12.0,12.0,True
1314,2018,9999,34-512-000-000,Кологривский муниципальный округ,Кологривский,муниципальный округ,44,Костромская область,58.825497,44.311275,4100.0,3925.0,10784.0,12450.0,722.0,888.0,118.0,131.0,986.0,1051.0,2312.0,4222.0,18133.0,21612.0,12.0,12.0,True
1315,2018,9999,34-614-000-000,Костромской муниципальный район,Костромской,муниципальный район,44,Костромская область,57.7679158,40.9269141,41653.0,40577.0,11171.0,12718.0,1241.0,1425.0,968.0,1237.0,1823.0,2199.0,3211.0,5343.0,25893.0,31562.0,12.0,12.0,True
1316,2018,9999,34-616-000-000,Красносельский муниципальный район,Красносельский,муниципальный район,44,Костромская область,57.509319,41.237621,16115.0,16012.0,10321.0,11265.0,1038.0,1090.0,498.0,614.0,1154.0,1204.0,3346.0,5201.0,22220.0,25936.0,12.0,12.0,True
1317,2018,9999,34-618-000-000,Макарьевский муниципальный район,Макарьевский,муниципальный район,44,Костромская область,57.880402,43.80724,10096.0,9933.0,9885.0,10712.0,935.0,990.0,156.0,147.0,865.0,948.0,2419.0,3966.0,17312.0,20145.0,12.0,12.0,True
1319,2018,9999,34-522-000-000,Межевской муниципальный округ,Межевской,муниципальный округ,44,Костромская область,58.7303454,45.0299127,2809.0,2703.0,10834.0,11792.0,1037.0,1124.0,158.0,157.0,1133.0,1356.0,1397.0,3506.0,17960.0,21374.0,12.0,12.0,True
1320,2018,9999,34-524-000-000,Нейский муниципальный округ,Нейский,муниципальный округ,44,Костромская область,58.2940908,43.8609201,10065.0,9904.0,11370.0,12545.0,935.0,1008.0,181.0,213.0,1125.0,1246.0,2787.0,4234.0,20318.0,23599.0,12.0,12.0,True
1321,2018,9999,34-626-000-000,муниципальный район город Нерехта и Нерехтский район,Нерехта и Нерехтский,муниципальный район,44,Костромская область,57.460655,40.573799,28471.0,27921.0,10051.0,11520.0,984.0,1044.0,680.0,565.0,786.0,774.0,2909.0,4650.0,20960.0,25274.0,12.0,12.0,True
1322,2018,9999,34-628-000-000,Октябрьский муниципальный район,Октябрьский,муниципальный район,44,Костромская область,58.9755482,47.0195907,3343.0,3257.0,9690.0,11524.0,921.0,1063.0,213.0,212.0,988.0,1054.0,2643.0,4702.0,17797.0,21634.0,12.0,12.0,True
1323,2018,9999,34-530-000-000,Островский муниципальный округ,Островский,муниципальный округ,44,Костромская область,57.80144,42.19736,8904.0,8787.0,10249.0,10906.0,1031.0,1135.0,185.0,194.0,1002.0,993.0,2328.0,3966.0,18742.0,21142.0,12.0,12.0,True
1324,2018,9999,34-532-000-000,Павинский муниципальный округ,Павинский,муниципальный округ,44,Костромская область,59.1213617,46.1917504,3003.0,2935.0,8977.0,12035.0,1026.0,1145.0,141.0,240.0,1113.0,1347.0,1528.0,3320.0,17647.0,21322.0,12.0,12.0,True
1325,2018,9999,34-534-000-000,Парфеньевский муниципальный округ,Парфеньевский,муниципальный округ,44,Костромская область,58.4799889,43.4086182,4385.0,4283.0,10203.0,10712.0,863.0,916.0,112.0,121.0,910.0,972.0,2823.0,5133.0,19116.0,22416.0,12.0,12.0,True
1326,2018,9999,34-536-000-000,Поназыревский муниципальный округ,Поназыревский,муниципальный округ,44,Костромская область,58.358154,46.317429,4760.0,4593.0,9927.0,11124.0,762.0,885.0,281.0,372.0,996.0,926.0,1396.0,3379.0,18752.0,22232.0,12.0,12.0,True
1327,2018,9999,34-538-000-000,Пыщугский муниципальный округ,Пыщугский,муниципальный округ,44,Костромская область,59.0104505,45.6111145,3350.0,3269.0,10932.0,11828.0,956.0,1054.0,281.0,388.0,981.0,1073.0,1728.0,3786.0,17777.0,21201.0,12.0,12.0,True
1328,2018,9999,34-540-000-000,Солигаличский муниципальный округ,Солигаличский,муниципальный округ,44,Костромская область,59.0777693,42.2861828,7721.0,7528.0,10502.0,10990.0,890.0,803.0,295.0,274.0,950.0,957.0,3497.0,4903.0,19702.0,21269.0,12.0,12.0,True
1329,2018,9999,34-642-000-000,Судиславский муниципальный район,Судиславский,муниципальный район,44,Костромская область,57.881283,41.712421,10893.0,10748.0,10383.0,11038.0,875.0,908.0,267.0,302.0,819.0,816.0,2885.0,4523.0,19774.0,22285.0,12.0,12.0,True
1330,2018,9999,34-644-000-000,Сусанинский муниципальный район,Сусанинский,муниципальный район,44,Костромская область,58.147578,41.5851443,5670.0,5566.0,10745.0,11416.0,985.0,1006.0,247.0,208.0,758.0,803.0,2482.0,3889.0,19211.0,21304.0,12.0,12.0,True
1331,2018,9999,34-646-000-000,Чухломский муниципальный район,Чухломский,муниципальный район,44,Костромская область,58.7560222,42.68065,7779.0,7653.0,10019.0,11062.0,883.0,964.0,156.0,190.0,1059.0,1174.0,3164.0,5060.0,19471.0,22883.0,12.0,12.0,True
1332,2018,9999,34-648-000-000,Шарьинский муниципальный район,Шарьинский,муниципальный район,44,Костромская область,58.36974795,45.51729631871895,7264.0,7134.0,10511.0,11498.0,730.0,865.0,234.0,282.0,1213.0,1398.0,2143.0,3981.0,19340.0,22934.0,11.0,12.0,True
1333,2018,9999,37-701-000-000,городской округ город Курган,Курган,городской округ,45,Курганская область,55.4409357,65.3421169,305505.0,302354.0,11933.0,13752.0,1370.0,1662.0,1048.0,1385.0,1741.0,2040.0,2530.0,4273.0,27232.0,33206.0,12.0,12.0,True
1334,2018,9999,37-705-000-000,городской округ город Шадринск,Шадринск,городской округ,45,Курганская область,56.087364,63.629482,68102.0,67884.0,10680.0,12316.0,1294.0,1570.0,899.0,1027.0,1106.0,1306.0,2320.0,3793.0,22892.0,27486.0,12.0,12.0,True
1335,2018,9999,37-502-000-000,Альменевский муниципальный округ,Альменевский,муниципальный округ,45,Курганская область,54.942505,63.578785,7642.0,7380.0,8912.0,9938.0,902.0,994.0,138.0,158.0,1090.0,1151.0,1370.0,2585.0,16150.0,19488.0,12.0,12.0,True
1336,2018,9999,37-504-000-000,Белозерский муниципальный округ,Белозерский,муниципальный округ,45,Курганская область,55.823845,65.588783,12856.0,12696.0,9245.0,9257.0,948.0,890.0,91.0,55.0,891.0,804.0,1430.0,2678.0,16331.0,17291.0,12.0,12.0,True
1337,2018,9999,37-506-000-000,Варгашинский муниципальный округ,Варгашинский,муниципальный округ,45,Курганская область,55.37204,65.8081,15728.0,15485.0,8900.0,9139.0,893.0,881.0,204.0,150.0,867.0,734.0,1668.0,2710.0,18227.0,19178.0,12.0,12.0,True
1338,2018,9999,37-508-000-000,Далматовский муниципальный округ,Далматовский,муниципальный округ,45,Курганская область,56.258656,62.939163,22530.0,22136.0,10412.0,11152.0,1111.0,1182.0,297.0,295.0,869.0,813.0,1932.0,3212.0,20350.0,22444.0,12.0,12.0,True
1339,2018,9999,37-509-000-000,Звериноголовский муниципальный округ,Звериноголовский,муниципальный округ,45,Курганская область,54.459023,64.856514,6675.0,6573.0,9016.0,8618.0,816.0,729.0,111.0,268.0,1065.0,933.0,1424.0,2449.0,16766.0,17947.0,12.0,12.0,True
1340,2018,9999,37-510-000-000,Каргапольский муниципальный округ,Каргапольский,муниципальный округ,45,Курганская область,55.952408,64.434021,25638.0,25283.0,9998.0,10747.0,962.0,1001.0,292.0,292.0,962.0,878.0,2177.0,3433.0,18793.0,20927.0,12.0,12.0,True
1341,2018,9999,37-512-000-000,Катайский муниципальный округ,Катайский,муниципальный округ,45,Курганская область,56.2834992,62.5836525,18844.0,18565.0,10210.0,11002.0,1084.0,1181.0,377.0,390.0,940.0,914.0,1950.0,3218.0,19823.0,22360.0,12.0,12.0,True
1342,2018,9999,37-514-000-000,Кетовский муниципальный округ,Кетовский,муниципальный округ,45,Курганская область,55.343979,65.333832,54884.0,55102.0,10633.0,12041.0,962.0,1104.0,491.0,627.0,1492.0,1784.0,2163.0,4061.0,21685.0,26342.0,11.0,12.0,True
1343,2018,9999,37-516-000-000,Куртамышский муниципальный округ,Куртамышский,муниципальный округ,45,Курганская область,54.9095859,64.4283925,24519.0,24231.0,9112.0,9905.0,911.0,1029.0,166.0,166.0,1018.0,935.0,1695.0,2915.0,17979.0,20182.0,12.0,12.0,True
1344,2018,9999,37-518-000-000,Лебяжьевский муниципальный округ,Лебяжьевский,муниципальный округ,45,Курганская область,55.273006,66.502243,11131.0,10941.0,9106.0,10004.0,990.0,1067.0,121.0,131.0,892.0,760.0,2211.0,3496.0,17213.0,19259.0,12.0,12.0,True
1345,2018,9999,37-520-000-000,муниципальный округ Макушинский,Макушинский,муниципальный округ,45,Курганская область,55.208321,67.252739,12243.0,11993.0,9935.0,10758.0,910.0,1030.0,233.0,213.0,1050.0,997.0,1941.0,3197.0,18221.0,20667.0,12.0,12.0,True
1346,2018,9999,37-522-000-000,Мишкинский муниципальный округ,Мишкинский,муниципальный округ,45,Курганская область,55.3373017,63.9143594,12737.0,12441.0,9820.0,10891.0,953.0,1006.0,181.0,204.0,1058.0,1016.0,2108.0,3331.0,18277.0,20688.0,12.0,12.0,True
1347,2018,9999,37-524-000-000,Мокроусовский муниципальный округ,Мокроусовский,муниципальный округ,45,Курганская область,55.808598,66.770607,9164.0,8983.0,9078.0,9922.0,920.0,945.0,108.0,144.0,590.0,556.0,1860.0,3248.0,17081.0,19339.0,12.0,12.0,True
1348,2018,9999,37-526-000-000,Петуховский муниципальный округ,Петуховский,муниципальный округ,45,Курганская область,55.065,67.88736,13881.0,13666.0,9560.0,9903.0,997.0,1070.0,183.0,179.0,997.0,1173.0,2410.0,3420.0,17695.0,19681.0,12.0,12.0,True
1349,2018,9999,37-528-000-000,Половинский муниципальный округ,Половинский,муниципальный округ,45,Курганская область,54.789661,65.987595,7907.0,7740.0,8829.0,9266.0,822.0,777.0,165.0,108.0,984.0,957.0,1938.0,3250.0,16205.0,17864.0,12.0,12.0,True
1350,2018,9999,37-530-000-000,Притобольный муниципальный округ,Притобольный,муниципальный округ,45,Курганская область,54.907539,65.088203,9866.0,9619.0,8844.0,9490.0,992.0,1067.0,137.0,127.0,881.0,820.0,1548.0,2564.0,16165.0,17808.0,12.0,12.0,True
1351,2018,9999,37-532-000-000,Сафакулевский муниципальный округ,Сафакулевский,муниципальный округ,45,Курганская область,54.988411,62.54039,10481.0,10385.0,8119.0,8580.0,984.0,1040.0,282.0,301.0,1154.0,1160.0,1436.0,2780.0,16058.0,18839.0,12.0,12.0,True
1352,2018,9999,37-534-000-000,Целинный муниципальный округ,Целинный,муниципальный округ,45,Курганская область,54.50412,63.664242,12006.0,11754.0,8277.0,9094.0,768.0,772.0,104.0,97.0,1066.0,995.0,1393.0,2594.0,15871.0,17847.0,12.0,12.0,True
1353,2018,9999,37-536-000-000,Частоозерский муниципальный округ,Частоозерский,муниципальный округ,45,Курганская область,55.568256,67.909462,4662.0,4540.0,8113.0,9071.0,1014.0,1070.0,313.0,238.0,1164.0,1082.0,2265.0,3793.0,17529.0,19796.0,12.0,12.0,True
1354,2018,9999,37-538-000-000,Шадринский муниципальный округ,Шадринский,муниципальный округ,45,Курганская область,56.087364,63.629482,24949.0,24509.0,9098.0,10941.0,810.0,1095.0,417.0,517.0,766.0,1053.0,1230.0,3059.0,16723.0,22239.0,1.0,12.0,True
1355,2018,9999,37-540-000-000,Шатровский муниципальный округ,Шатровский,муниципальный округ,45,Курганская область,56.519569,64.634209,13903.0,13663.0,9457.0,10176.0,930.0,1011.0,179.0,328.0,948.0,943.0,1704.0,3017.0,17301.0,19692.0,12.0,12.0,True
1356,2018,9999,37-542-000-000,муниципальный округ Шумихинский,Шумихинский,муниципальный округ,45,Курганская область,55.228207,63.282501,23733.0,23519.0,10171.0,11001.0,970.0,1144.0,348.0,414.0,1087.0,1154.0,2051.0,3317.0,20209.0,22979.0,12.0,12.0,True
1357,2018,9999,37-544-000-000,Щучанский муниципальный округ,Щучанский,муниципальный округ,45,Курганская область,55.208908,62.747772,16168.0,15866.0,9914.0,11067.0,983.0,1072.0,221.0,339.0,1092.0,1116.0,1799.0,3424.0,20203.0,23540.0,12.0,12.0,True
1358,2018,9999,37-546-000-000,Юргамышский муниципальный округ,Юргамышский,муниципальный округ,45,Курганская область,55.374958,64.455788,15832.0,15694.0,10309.0,11044.0,969.0,1081.0,252.0,261.0,1234.0,1154.0,1921.0,3208.0,19647.0,21813.0,12.0,12.0,True
1359,2018,9999,38-701-000-000,городской округ город Курск,Курск,городской округ,46,Курская область,51.72703565,36.19224795692111,434703.0,436678.0,,,,,,,,,,,,,,,False
1360,2018,9999,38-705-000-000,городской округ город Железногорск,Железногорск,городской округ,46,Курская область,52.3389459,35.3511755,96206.0,95578.0,,,,,,,,,,,,,,,False
1361,2018,9999,38-708-000-000,городской округ город Курчатов,Курчатов,городской округ,46,Курская область,51.659466,35.658863,39504.0,39167.0,,,,,,,,,,,,,,,False
1362,2018,9999,38-710-000-000,городской округ город Льгов,Льгов,городской округ,46,Курская область,51.6906587,35.2839999,17041.0,16779.0,,,,,,,,,,,,,,,False
1363,2018,9999,38-715-000-000,городской округ город Щигры,Щигры,городской округ,46,Курская область,51.870821,36.9131896,14601.0,14386.0,,,,,,,,,,,,,,,False
1364,2018,9999,38-602-000-000,Беловский муниципальный район,Беловский,муниципальный район,46,Курская область,51.055645,35.710098,14245.0,13942.0,,,,,,,,,,,,,,,False
1365,2018,9999,38-603-000-000,Большесолдатский муниципальный район,Большесолдатский,муниципальный район,46,Курская область,51.333981,35.510269,10243.0,10101.0,,,,,,,,,,,,,,,False
1366,2018,9999,38-604-000-000,Глушковский муниципальный район,Глушковский,муниципальный район,46,Курская область,51.3391315,34.6373099,19468.0,19098.0,,,,,,,,,,,,,,,False
1367,2018,9999,38-606-000-000,Горшеченский муниципальный район,Горшеченский,муниципальный район,46,Курская область,51.5272373,38.02442271789279,14462.0,14183.0,,,,,,,,,,,,,,,False
1368,2018,9999,38-608-000-000,Дмитриевский муниципальный район,Дмитриевский,муниципальный район,46,Курская область,52.1217424,35.07538926047222,13635.0,13441.0,,,,,,,,,,,,,,,False
1369,2018,9999,38-610-000-000,Железногорский муниципальный район,Железногорский,муниципальный район,46,Курская область,52.3389459,35.3511755,14994.0,14870.0,,,,,,,,,,,,,,,False
1370,2018,9999,38-612-000-000,Золотухинский муниципальный район,Золотухинский,муниципальный район,46,Курская область,52.0847664,36.3799043,20560.0,20064.0,,,,,,,,,,,,,,,False
1371,2018,9999,38-614-000-000,Касторенский муниципальный район,Касторенский,муниципальный район,46,Курская область,51.8292176,38.131399,13971.0,13736.0,,,,,,,,,,,,,,,False
1372,2018,9999,38-616-000-000,Конышевский муниципальный район,Конышевский,муниципальный район,46,Курская область,51.840931,35.29014596117754,8220.0,8066.0,,,,,,,,,,,,,,,False
1373,2018,9999,38-618-000-000,Кореневский муниципальный район,Кореневский,муниципальный район,46,Курская область,51.414234,34.897091,14594.0,14330.0,,,,,,,,,,,,,,,False
1374,2018,9999,38-620-000-000,Курский муниципальный район,Курский,муниципальный район,46,Курская область,51.7135353,36.3302263,55382.0,55471.0,,,,,,,,,,,,,,,False
1375,2018,9999,38-621-000-000,Курчатовский муниципальный район,Курчатовский,муниципальный район,46,Курская область,51.659466,35.658863,17022.0,16769.0,,,,,,,,,,,,,,,False
1376,2018,9999,38-622-000-000,Льговский муниципальный район,Льговский,муниципальный район,46,Курская область,51.6906587,35.2839999,11663.0,11448.0,,,,,,,,,,,,,,,False
1377,2018,9999,38-623-000-000,Мантуровский муниципальный район,Мантуровский,муниципальный район,46,Курская область,51.452503,37.130699,11210.0,10999.0,,,,,,,,,,,,,,,False
1378,2018,9999,38-624-000-000,Медвенский муниципальный район,Медвенский,муниципальный район,46,Курская область,51.417706,36.118046,16046.0,15776.0,,,,,,,,,,,,,,,False
1379,2018,9999,38-626-000-000,Обоянский муниципальный район,Обоянский,муниципальный район,46,Курская область,51.211079,36.276245,27601.0,27326.0,,,,,,,,,,,,,,,False
1380,2018,9999,38-628-000-000,Октябрьский муниципальный район,Октябрьский,муниципальный район,46,Курская область,51.65387,35.937195,23282.0,23114.0,,,,,,,,,,,,,,,False
1381,2018,9999,38-630-000-000,Поныровский муниципальный район,Поныровский,муниципальный район,46,Курская область,52.3192156,36.3020868,10707.0,10581.0,,,,,,,,,,,,,,,False
1382,2018,9999,38-632-000-000,Пристенский муниципальный район,Пристенский,муниципальный район,46,Курская область,51.236023,36.6941094,14087.0,13867.0,,,,,,,,,,,,,,,False
1383,2018,9999,38-634-000-000,Рыльский муниципальный район,Рыльский,муниципальный район,46,Курская область,51.570538,34.683506,29448.0,28895.0,,,,,,,,,,,,,,,False
1384,2018,9999,38-636-000-000,Советский муниципальный район,Советский,муниципальный район,46,Курская область,51.84898,37.72422,15901.0,15645.0,,,,,,,,,,,,,,,False
1385,2018,9999,38-638-000-000,Солнцевский муниципальный район,Солнцевский,муниципальный район,46,Курская область,51.4145748,36.75391333852473,12048.0,11743.0,,,,,,,,,,,,,,,False
1386,2018,9999,38-640-000-000,Суджанский муниципальный район,Суджанский,муниципальный район,46,Курская область,51.190708,35.270855,24762.0,24336.0,,,,,,,,,,,,,,,False
1387,2018,9999,38-642-000-000,Тимский муниципальный район,Тимский,муниципальный район,46,Курская область,51.621746,37.122578,9949.0,9755.0,,,,,,,,,,,,,,,False
1388,2018,9999,38-644-000-000,Фатежский муниципальный район,Фатежский,муниципальный район,46,Курская область,52.0909529,35.85372325873458,16429.0,16120.0,,,,,,,,,,,,,,,False
1389,2018,9999,38-646-000-000,Хомутовский муниципальный район,Хомутовский,муниципальный район,46,Курская область,51.9284482,34.56190766377678,8203.0,8105.0,,,,,,,,,,,,,,,False
1390,2018,9999,38-648-000-000,Черемисиновский муниципальный район,Черемисиновский,муниципальный район,46,Курская область,51.88437315,37.26924752789665,7616.0,7396.0,,,,,,,,,,,,,,,False
1391,2018,9999,38-650-000-000,Щигровский муниципальный район,Щигровский,муниципальный район,46,Курская область,51.870821,36.9131896,9231.0,9127.0,,,,,,,,,,,,,,,False
1392,2018,9999,41-603-000-000,Бокситогорский муниципальный район,Бокситогорский,муниципальный район,47,Ленинградская область,59.4729021,33.8489952,50977.0,50855.0,13042.0,14383.0,1237.0,1357.0,850.0,1003.0,1286.0,1407.0,4301.0,6268.0,29018.0,33266.0,12.0,12.0,True
1393,2018,9999,41-606-000-000,Волосовский муниципальный район,Волосовский,муниципальный район,47,Ленинградская область,59.44439375,29.49251575862619,50211.0,50257.0,12611.0,13805.0,1021.0,1212.0,772.0,1015.0,1576.0,1741.0,4461.0,6782.0,28708.0,33684.0,12.0,12.0,True
1394,2018,9999,41-609-000-000,Волховский муниципальный район,Волховский,муниципальный район,47,Ленинградская область,59.9275868,32.3276803,79417.0,78679.0,13450.0,15079.0,1350.0,1538.0,1231.0,1486.0,1564.0,1831.0,4527.0,6753.0,31099.0,36892.0,12.0,12.0,True
1395,2018,9999,41-612-000-000,Всеволожский муниципальный район,Всеволожский,муниципальный район,47,Ленинградская область,60.0425967,30.58180461128939,554288.0,571142.0,13738.0,15453.0,2076.0,2405.0,3287.0,3841.0,3281.0,3726.0,4981.0,7123.0,40956.0,47560.0,12.0,12.0,True
1396,2018,9999,41-615-000-000,Выборгский муниципальный район,Выборгский,муниципальный район,47,Ленинградская область,60.7326723,28.74469092882248,195374.0,194689.0,13546.0,15208.0,1613.0,1920.0,1885.0,2292.0,2490.0,2809.0,4736.0,6820.0,35572.0,41478.0,12.0,12.0,True
1397,2018,9999,41-618-000-000,Гатчинский муниципальный район,Гатчинский,муниципальный район,47,Ленинградская область,59.5706273,30.1305083,261898.0,261522.0,13462.0,15114.0,2014.0,2293.0,1966.0,2382.0,2467.0,2876.0,4670.0,6700.0,36033.0,41945.0,12.0,12.0,True
1398,2018,9999,41-621-000-000,Кингисеппский муниципальный район,Кингисеппский,муниципальный район,47,Ленинградская область,59.3743982,28.5981591,83838.0,83361.0,14283.0,15823.0,1578.0,1803.0,1968.0,2342.0,2058.0,2287.0,4615.0,6693.0,35998.0,41879.0,12.0,12.0,True
1399,2018,9999,41-624-000-000,Киришский муниципальный район,Киришский,муниципальный район,47,Ленинградская область,59.450325,32.010578,59877.0,58942.0,13553.0,14843.0,1696.0,1890.0,1735.0,2114.0,1405.0,1647.0,4139.0,5859.0,32518.0,37289.0,12.0,12.0,True
1400,2018,9999,41-625-000-000,Кировский муниципальный район,Кировский,муниципальный район,47,Ленинградская область,59.8813954,30.9855331,108460.0,108186.0,13904.0,15507.0,1718.0,2000.0,1605.0,2047.0,2288.0,2651.0,4897.0,6878.0,35013.0,40813.0,12.0,12.0,True
1401,2018,9999,41-627-000-000,Лодейнопольский муниципальный район,Лодейнопольский,муниципальный район,47,Ленинградская область,60.7339323,33.5457731,27548.0,27168.0,13900.0,15431.0,1262.0,1509.0,1095.0,1448.0,1513.0,1844.0,4271.0,6461.0,30179.0,36507.0,12.0,12.0,True
1402,2018,9999,41-630-000-000,Ломоносовский муниципальный район,Ломоносовский,муниципальный район,47,Ленинградская область,59.91032,29.776194,85329.0,90576.0,13428.0,15295.0,1813.0,2121.0,2327.0,2846.0,3097.0,3647.0,4981.0,7156.0,37333.0,43971.0,12.0,12.0,True
1403,2018,9999,41-633-000-000,Лужский муниципальный район,Лужский,муниципальный район,47,Ленинградская область,58.735699,29.8475013,75307.0,74392.0,13442.0,15265.0,1484.0,1770.0,1555.0,2042.0,2111.0,2469.0,4060.0,6172.0,32163.0,38661.0,12.0,12.0,True
1404,2018,9999,41-636-000-000,Подпорожский муниципальный район,Подпорожский,муниципальный район,47,Ленинградская область,60.914291,34.162354,25508.0,25067.0,12862.0,14328.0,1164.0,1365.0,721.0,914.0,1477.0,1653.0,3669.0,5611.0,27649.0,32543.0,12.0,12.0,True
1405,2018,9999,41-639-000-000,Приозерский муниципальный район,Приозерский,муниципальный район,47,Ленинградская область,61.0385285,30.1248482,57047.0,56730.0,12836.0,14744.0,1374.0,1618.0,995.0,1416.0,1792.0,2128.0,5467.0,7753.0,31379.0,38063.0,12.0,12.0,True
1406,2018,9999,41-642-000-000,Сланцевский муниципальный район,Сланцевский,муниципальный район,47,Ленинградская область,59.11726,28.086979,45192.0,44406.0,13874.0,15695.0,1089.0,1236.0,1148.0,1336.0,1401.0,1561.0,4354.0,6340.0,30639.0,36020.0,12.0,12.0,True
1407,2018,9999,41-645-000-000,Тихвинский муниципальный район,Тихвинский,муниципальный район,47,Ленинградская область,59.644323,33.5418624,66266.0,65782.0,12755.0,14363.0,1438.0,1741.0,1143.0,1537.0,1583.0,1846.0,3620.0,5873.0,30529.0,36415.0,12.0,12.0,True
1408,2018,9999,41-648-000-000,Тосненский муниципальный район,Тосненский,муниципальный район,47,Ленинградская область,59.5412777,30.8773645,133109.0,130546.0,13689.0,15489.0,1734.0,2034.0,2002.0,2415.0,2245.0,2647.0,4736.0,6759.0,35385.0,41385.0,12.0,12.0,True
1409,2018,9999,41-754-000-000,городской округ Сосновоборский,Сосновоборский,городской округ,47,Ленинградская область,59.8968655,29.0765628,64121.0,63462.0,15037.0,16641.0,2322.0,2660.0,2226.0,2725.0,2402.0,2753.0,5307.0,7453.0,39267.0,45310.0,12.0,12.0,True
1410,2018,9999,42-701-000-000,городской округ город Липецк,Липецк,городской округ,48,Липецкая область,52.6041877,39.5936899,490428.0,485260.0,11831.0,14203.0,1676.0,1839.0,1519.0,2045.0,2128.0,2628.0,3360.0,5852.0,30121.0,38007.0,12.0,12.0,True
1411,2018,9999,42-715-000-000,городской округ город Елец,Елец,городской округ,48,Липецкая область,52.6219865,38.5003298,96918.0,94902.0,11478.0,13715.0,1334.0,1468.0,1000.0,1431.0,1864.0,2374.0,3487.0,5988.0,26613.0,34050.0,12.0,12.0,True
1412,2018,9999,42-603-000-000,Воловский муниципальный район,Воловский,муниципальный район,48,Липецкая область,52.0283838,37.8790391,12561.0,12286.0,9803.0,10490.0,1250.0,1344.0,189.0,282.0,1362.0,1316.0,3215.0,4910.0,20091.0,22853.0,12.0,12.0,True
1413,2018,9999,42-606-000-000,Грязинский муниципальный район,Грязинский,муниципальный район,48,Липецкая область,52.48744725,39.93593469574095,77162.0,77383.0,10506.0,11845.0,1198.0,1320.0,756.0,831.0,1310.0,1399.0,3203.0,4798.0,23936.0,27678.0,12.0,12.0,True
1414,2018,9999,42-609-000-000,Данковский муниципальный район,Данковский,муниципальный район,48,Липецкая область,53.2533095,39.1591798,31727.0,31514.0,11158.0,12676.0,1220.0,1326.0,536.0,558.0,1287.0,1421.0,3469.0,4862.0,24071.0,27737.0,12.0,12.0,True
1415,2018,9999,42-612-000-000,Добринский муниципальный район,Добринский,муниципальный район,48,Липецкая область,52.1658357,40.4772102,32556.0,32283.0,10264.0,11263.0,1027.0,1143.0,342.0,322.0,1247.0,1293.0,3525.0,5067.0,21018.0,23964.0,12.0,12.0,True
1416,2018,9999,42-615-000-000,Добровский муниципальный район,Добровский,муниципальный район,48,Липецкая область,52.8613369,39.8102066,26851.0,26993.0,9972.0,10813.0,1062.0,1056.0,350.0,327.0,1052.0,974.0,2531.0,4072.0,19520.0,21873.0,12.0,12.0,True
1417,2018,9999,42-618-000-000,Долгоруковский муниципальный район,Долгоруковский,муниципальный район,48,Липецкая область,52.3243879,38.3495961,16041.0,15713.0,9550.0,10450.0,1090.0,1235.0,276.0,321.0,1136.0,1104.0,3305.0,4879.0,19824.0,22427.0,12.0,12.0,True
1418,2018,9999,42-621-000-000,Елецкий муниципальный район,Елецкий,муниципальный район,48,Липецкая область,52.6219865,38.5003298,29227.0,29327.0,,,,,,,,,,,,,,,False
1419,2018,9999,42-624-000-000,Задонский муниципальный район,Задонский,муниципальный район,48,Липецкая область,52.387798,38.92672,33711.0,33205.0,10030.0,10997.0,1125.0,1140.0,304.0,325.0,1261.0,1290.0,3459.0,5085.0,21231.0,24249.0,12.0,12.0,True
1420,2018,9999,42-627-000-000,Измалковский муниципальный район,Измалковский,муниципальный район,48,Липецкая область,52.6931659,37.9693559,14930.0,14799.0,10034.0,10508.0,1143.0,1132.0,220.0,220.0,1144.0,1063.0,2914.0,4307.0,20130.0,21992.0,12.0,12.0,True
1421,2018,9999,42-630-000-000,Краснинский муниципальный район,Краснинский,муниципальный район,48,Липецкая область,52.863953,38.783821,13303.0,13181.0,10028.0,10931.0,1066.0,1177.0,280.0,317.0,1279.0,1467.0,2724.0,4602.0,21091.0,24755.0,12.0,12.0,True
1422,2018,9999,42-633-000-000,Лебедянский муниципальный район,Лебедянский,муниципальный район,48,Липецкая область,53.0126146,39.127593,39264.0,38865.0,10637.0,12252.0,1178.0,1268.0,658.0,653.0,1314.0,1411.0,3471.0,5060.0,23196.0,26864.0,12.0,12.0,True
1423,2018,9999,42-636-000-000,Лев-Толстовский муниципальный район,Лев-Толстовский,муниципальный район,48,Липецкая область,53.212541,39.4477568,16391.0,16181.0,11777.0,13396.0,1256.0,1328.0,383.0,414.0,1252.0,1313.0,3742.0,5564.0,23771.0,27763.0,12.0,12.0,True
1424,2018,9999,42-640-000-000,Липецкий муниципальный район,Липецкий,муниципальный район,48,Липецкая область,52.6041877,39.5936899,60244.0,60096.0,9621.0,11926.0,1128.0,1240.0,689.0,1012.0,1676.0,2108.0,2618.0,5571.0,22549.0,29316.0,4.0,6.0,True
1425,2018,9999,42-642-000-000,Становлянский муниципальный район,Становлянский,муниципальный район,48,Липецкая область,52.7632714,38.3639594,16432.0,16521.0,9139.0,9684.0,894.0,914.0,527.0,401.0,996.0,995.0,2833.0,4243.0,19135.0,21064.0,12.0,12.0,True
1426,2018,9999,42-645-000-000,Тербунский муниципальный район,Тербунский,муниципальный район,48,Липецкая область,52.146828,38.278389,20572.0,20466.0,10055.0,11199.0,1194.0,1344.0,311.0,385.0,1477.0,1429.0,4069.0,5848.0,21894.0,25323.0,12.0,12.0,True
1427,2018,9999,42-648-000-000,Усманский муниципальный район,Усманский,муниципальный район,48,Липецкая область,52.0506929,39.7399996,49307.0,49178.0,9729.0,11085.0,1122.0,1219.0,580.0,623.0,1176.0,1211.0,3293.0,4923.0,21143.0,24520.0,12.0,12.0,True
1428,2018,9999,42-652-000-000,Хлевенский муниципальный район,Хлевенский,муниципальный район,48,Липецкая область,52.197231,39.086029,18518.0,18262.0,9528.0,10495.0,1303.0,1414.0,368.0,379.0,1354.0,1393.0,3326.0,4937.0,20581.0,23412.0,12.0,12.0,True
1429,2018,9999,42-656-000-000,Чаплыгинский муниципальный район,Чаплыгинский,муниципальный район,48,Липецкая область,53.243015,39.966801,30120.0,29850.0,10512.0,11757.0,1132.0,1277.0,399.0,375.0,1187.0,1203.0,3454.0,4752.0,22263.0,25140.0,12.0,12.0,True
1430,2018,9999,44-701-000-000,городской округ город Магадан,Магадан,городской округ,49,Магаданская область,59.5604768,150.7988617,95408.0,94768.0,22323.0,23358.0,2490.0,2670.0,3034.0,3330.0,2831.0,3175.0,4084.0,6173.0,55246.0,60384.0,12.0,12.0,True
1431,2018,9999,44-502-000-000,муниципальный округ Ольский,Ольский,муниципальный округ,49,Магаданская область,59.5780981,151.2990699,8502.0,8658.0,20364.0,20498.0,1591.0,1545.0,1041.0,1086.0,1262.0,1382.0,3414.0,5478.0,39732.0,42542.0,12.0,12.0,True
1432,2018,9999,44-504-000-000,муниципальный округ Омсукчанский,Омсукчанский,муниципальный округ,49,Магаданская область,62.5127643,155.7823514,4400.0,4345.0,19684.0,18710.0,1710.0,1440.0,1406.0,1351.0,986.0,1176.0,3062.0,7218.0,46766.0,47015.0,11.0,5.0,True
1433,2018,9999,44-507-000-000,муниципальный округ Северо-Эвенский,Северо-Эвенский,муниципальный округ,49,Магаданская область,61.919209,159.235931,1525.0,1489.0,18645.0,22307.0,801.0,1384.0,1080.0,1848.0,845.0,1485.0,1557.0,3088.0,38372.0,50276.0,4.0,5.0,True
1434,2018,9999,44-510-000-000,муниципальный округ Среднеканский,Среднеканский,муниципальный округ,49,Магаданская область,62.9317742,152.3932993,2182.0,2145.0,22291.0,23529.0,1359.0,1545.0,1204.0,1222.0,1602.0,1668.0,2458.0,5753.0,43751.0,48704.0,12.0,10.0,True
1435,2018,9999,44-513-000-000,муниципальный округ Сусуманский,Сусуманский,муниципальный округ,49,Магаданская область,62.779732,148.15361,6243.0,6026.0,19915.0,20488.0,1515.0,1814.0,1499.0,1722.0,1590.0,2120.0,4472.0,8186.0,47310.0,55883.0,12.0,11.0,True
1436,2018,9999,44-516-000-000,муниципальный округ Тенькинский,Тенькинский,муниципальный округ,49,Магаданская область,61.133163,149.632477,3044.0,3016.0,22374.0,24151.0,1575.0,1778.0,1413.0,1666.0,1311.0,1566.0,4425.0,7710.0,47659.0,54311.0,11.0,8.0,True
1437,2018,9999,44-519-000-000,муниципальный округ Хасынский,Хасынский,муниципальный округ,49,Магаданская область,60.1022208,150.9370006,6934.0,7006.0,20252.0,19950.0,1539.0,1428.0,1145.0,1097.0,1619.0,1474.0,4836.0,5743.0,44305.0,43862.0,12.0,10.0,True
1438,2018,9999,44-522-000-000,муниципальный округ Ягоднинский,Ягоднинский,муниципальный округ,49,Магаданская область,62.5216788,149.6253322,6077.0,5934.0,23842.0,25582.0,1352.0,1556.0,982.0,1129.0,1167.0,1792.0,4261.0,7155.0,44437.0,52406.0,12.0,12.0,True
1439,2018,9999,46-704-000-000,городской округ Балашиха,Балашиха,городской округ,50,Московская область,55.7997662,37.9373707,549846.0,554248.0,14311.0,16033.0,2289.0,2581.0,2682.0,3172.0,3325.0,3748.0,5137.0,6955.0,41521.0,47536.0,12.0,12.0,True
1440,2018,9999,46-705-000-000,городской округ Бронницы,Бронницы,городской округ,50,Московская область,55.42009275,38.27196953296119,21294.0,20981.0,13775.0,15291.0,1613.0,1736.0,1673.0,2256.0,2695.0,3086.0,5540.0,7626.0,35803.0,41547.0,12.0,12.0,True
1441,2018,9999,46-773-000-000,городской округ Власиха,Власиха,городской округ,50,Московская область,55.6838591,37.1919786,28401.0,28633.0,,,,,,,,,,,,,,,False
1442,2018,9999,46-763-000-000,городской округ Восход,Восход,городской округ,50,Московская область,55.9738318,36.45897,2063.0,2056.0,,,,,,,,,,,,,,,False
1443,2018,9999,46-711-000-000,городской округ Дзержинский,Дзержинский,городской округ,50,Московская область,55.6309186,37.8496653,57700.0,57434.0,13933.0,15648.0,2107.0,2381.0,2520.0,3092.0,2999.0,3531.0,4989.0,6893.0,39872.0,46478.0,12.0,12.0,True
1444,2018,9999,46-716-000-000,городской округ Долгопрудный,Долгопрудный,городской округ,50,Московская область,55.9341491,37.5142417,119957.0,119089.0,14507.0,16242.0,2534.0,2928.0,3067.0,3803.0,3527.0,4045.0,5448.0,7470.0,44563.0,51811.0,12.0,12.0,True
1445,2018,9999,46-709-000-000,городской округ Домодедово,Домодедово,городской округ,50,Московская область,55.4368213,37.7680693,222807.0,226573.0,13783.0,15573.0,2004.0,2287.0,2349.0,2843.0,3336.0,3832.0,5362.0,7358.0,39665.0,46105.0,12.0,12.0,True
1446,2018,9999,46-718-000-000,городской округ Дубна,Дубна,городской округ,50,Московская область,56.7362705,37.1623696,74193.0,74032.0,14853.0,16805.0,2034.0,2397.0,2358.0,2992.0,2542.0,3036.0,5693.0,8007.0,40418.0,47994.0,12.0,12.0,True
1447,2018,9999,46-722-000-000,городской округ Егорьевск,Егорьевск,городской округ,50,Московская область,55.3829765,39.0356223,111398.0,111759.0,12845.0,14483.0,1408.0,1554.0,1782.0,2081.0,2254.0,2604.0,4304.0,6225.0,32260.0,37690.0,12.0,12.0,True
1448,2018,9999,46-725-000-000,городской округ Жуковский,Жуковский,городской округ,50,Московская область,55.5972801,38.1199863,110507.0,110083.0,14056.0,15701.0,2261.0,2553.0,2544.0,3104.0,3072.0,3434.0,5313.0,7182.0,41412.0,47475.0,12.0,12.0,True
1449,2018,9999,46-729-000-000,городской округ Зарайск,Зарайск,городской округ,50,Московская область,54.7585694,38.8818137,36534.0,36618.0,12293.0,13574.0,1246.0,1361.0,650.0,885.0,1557.0,1656.0,3843.0,5622.0,27926.0,32040.0,12.0,12.0,True
1453,2018,9999,46-733-000-000,городской округ Истра,Истра,городской округ,50,Московская область,55.9145993,36.8595482,172848.0,171213.0,14351.0,16124.0,2314.0,2707.0,2112.0,2831.0,3152.0,3757.0,6180.0,8453.0,40915.0,48810.0,12.0,12.0,True
1454,2018,9999,46-735-000-000,городской округ Кашира,Кашира,городской округ,50,Московская область,54.837449,38.1505119,66371.0,65747.0,13233.0,15766.0,1545.0,1785.0,1364.0,1866.0,2172.0,2726.0,4973.0,6797.0,32542.0,40249.0,12.0,12.0,True
1455,2018,2021,46-738-000-000,городской округ Коломенский,Коломенский,городской округ,50,Московская область,55.0938743,38.7670121,214925.0,213701.0,,,,,,,,,,,,,,,False
1456,2018,9999,46-734-000-000,городской округ Королёв,Королёв,городской округ,50,Московская область,55.9190049,37.8150443,226936.0,226007.0,15185.0,16924.0,2604.0,2966.0,2873.0,3474.0,3435.0,3922.0,5324.0,7250.0,44570.0,51219.0,12.0,12.0,True
1457,2018,9999,46-739-000-000,городской округ Котельники,Котельники,городской округ,50,Московская область,55.661668,37.8673073,68758.0,72311.0,13541.0,15315.0,2036.0,2301.0,3278.0,4018.0,3674.0,4223.0,5079.0,7264.0,43439.0,50475.0,12.0,12.0,True
1459,2018,9999,46-744-000-000,городской округ Красногорск,Красногорск,городской округ,50,Московская область,55.8217545,37.3400897,324754.0,335991.0,15064.0,16855.0,2492.0,2868.0,3475.0,4201.0,4024.0,4558.0,6033.0,8200.0,48021.0,55508.0,12.0,12.0,True
1460,2018,9999,46-706-000-000,городской округ Краснознаменск,Краснознаменск,городской округ,50,Московская область,55.5971787,37.0395057,44402.0,44657.0,,,,,,,,,,,,,,,False
1461,2018,9999,46-740-000-000,городской округ Лобня,Лобня,городской округ,50,Московская область,56.03377690000001,37.46122371880293,81968.0,81143.0,14699.0,16198.0,2186.0,2445.0,2323.0,3000.0,2950.0,3404.0,5302.0,7332.0,40366.0,46867.0,12.0,12.0,True
1463,2018,9999,46-747-000-000,городской округ Луховицы,Луховицы,городской округ,50,Московская область,54.9655573,39.0277188,60722.0,61079.0,13362.0,15008.0,1498.0,1686.0,1221.0,1626.0,2135.0,2482.0,4607.0,6663.0,32434.0,38416.0,12.0,12.0,True
1464,2018,9999,46-741-000-000,городской округ Лыткарино,Лыткарино,городской округ,50,Московская область,55.5822477,37.9080217,66079.0,66526.0,14692.0,16464.0,2272.0,2566.0,2255.0,2782.0,2519.0,3020.0,5309.0,7374.0,39591.0,46304.0,12.0,12.0,True
1465,2018,9999,46-748-000-000,городской округ Люберцы,Люберцы,городской округ,50,Московская область,55.6783142,37.89377,356489.0,364888.0,13971.0,15661.0,2175.0,2438.0,2684.0,3237.0,3118.0,3588.0,5130.0,7076.0,40859.0,47237.0,12.0,12.0,True
1466,2018,9999,46-761-000-000,городской округ Молодёжный,Молодёжный,городской округ,50,Московская область,55.325936,36.7847582,2872.0,2869.0,,,,,,,,,,,,,,,False
1467,2018,9999,46-746-000-000,городской округ Мытищи,Мытищи,городской округ,50,Московская область,55.9094928,37.7339358,299964.0,309564.0,14217.0,15965.0,2329.0,2602.0,3011.0,3610.0,3658.0,4133.0,5417.0,7430.0,44058.0,50602.0,12.0,12.0,True
1468,2018,9999,46-750-000-000,городской округ Наро-Фоминский,Наро-Фоминский,городской округ,50,Московская область,55.3842784,36.723507,194589.0,198501.0,14203.0,16238.0,1972.0,2302.0,2173.0,2843.0,3097.0,3671.0,5508.0,7714.0,39169.0,46941.0,12.0,12.0,True
1470,2018,2020,46-757-000-000,городской округ Орехово-Зуево,Орехово-Зуево,городской округ,50,Московская область,55.8083278,38.9790038,241038.0,240323.0,,,,,,,,,,,,,,,False
1471,2018,2024,46-759-000-000,городской округ Павловский Посад,Павловский Посад,городской округ,50,Московская область,55.7813357,38.6507838,91858.0,122210.0,13680.0,,1486.0,,1564.0,,2452.0,,4660.0,,34438.0,,12.0,,True
1472,2018,9999,46-760-000-000,городской округ Подольск,Подольск,городской округ,50,Московская область,55.4308841,37.5453056,350268.0,350634.0,14488.0,16242.0,2043.0,2333.0,2208.0,2703.0,3050.0,3524.0,5208.0,7092.0,39444.0,45664.0,12.0,12.0,True
1473,2018,9999,46-767-000-000,городской округ Протвино,Протвино,городской округ,50,Московская область,54.8707703,37.2188629,36985.0,37221.0,12040.0,13338.0,1496.0,1630.0,1251.0,1535.0,1475.0,1599.0,4536.0,6155.0,29856.0,34177.0,12.0,12.0,True
1474,2018,9999,46-762-000-000,городской округ Пущино,Пущино,городской округ,50,Московская область,54.8347213,37.6139685,19392.0,19342.0,12028.0,12634.0,1561.0,1675.0,1106.0,1233.0,1324.0,1256.0,5186.0,6691.0,30234.0,33012.0,12.0,12.0,True
1475,2018,9999,46-764-000-000,городской округ Реутов,Реутов,городской округ,50,Московская область,55.7622453,37.856555,113140.0,112070.0,14229.0,16042.0,2580.0,2850.0,3474.0,3991.0,3411.0,3789.0,5113.0,6881.0,45857.0,51598.0,12.0,12.0,True
1477,2018,9999,46-766-000-000,городской округ Рузский,Рузский,городской округ,50,Московская область,55.6998907,36.1946992,79513.0,79874.0,13461.0,15312.0,1651.0,1920.0,1200.0,1614.0,2155.0,2626.0,5220.0,7318.0,32789.0,39222.0,12.0,12.0,True
1478,2018,9999,46-772-000-000,городской округ Серебряные Пруды,Серебряные Пруды,городской округ,50,Московская область,54.4679803,38.7223679,23475.0,23278.0,13143.0,14475.0,1350.0,1460.0,868.0,1080.0,1611.0,1690.0,5109.0,6979.0,29579.0,33924.0,12.0,12.0,True
1480,2018,9999,46-776-000-000,городской округ Ступино,Ступино,городской округ,50,Московская область,54.886598,38.0772589,118268.0,118129.0,13809.0,15451.0,1904.0,2128.0,1791.0,2233.0,2488.0,2859.0,5088.0,6903.0,35652.0,41562.0,12.0,12.0,True
1481,2018,9999,46-780-000-000,городской округ Фрязино,Фрязино,городской округ,50,Московская область,55.954618,38.0567691,59622.0,58677.0,14426.0,16231.0,2234.0,2565.0,2378.0,2803.0,2480.0,2941.0,5303.0,7135.0,39238.0,45559.0,12.0,12.0,True
1483,2018,9999,46-781-000-000,городской округ Черноголовка,Черноголовка,городской округ,50,Московская область,56.0061165,38.3835224,21789.0,21254.0,14170.0,15548.0,2228.0,2426.0,1330.0,1725.0,1701.0,1830.0,6491.0,8031.0,36096.0,40868.0,12.0,12.0,True
1484,2018,9999,46-784-000-000,городской округ Чехов,Чехов,городской округ,50,Московская область,55.1426603,37.4545328,146908.0,146643.0,14118.0,16070.0,1832.0,2090.0,1877.0,2435.0,3126.0,3619.0,5586.0,7640.0,38151.0,45132.0,12.0,12.0,True
1486,2018,9999,46-787-000-000,городской округ Шаховская,Шаховская,городской округ,50,Московская область,56.031464,35.5102036,29700.0,29743.0,13006.0,14452.0,1364.0,1516.0,885.0,1177.0,1924.0,2130.0,5514.0,7724.0,30586.0,35925.0,12.0,12.0,True
1487,2018,2024,46-791-000-000,городской округ Электрогорск,Электрогорск,городской округ,50,Московская область,55.8792983,38.7858721,29930.0,,13009.0,,1381.0,,1172.0,,1682.0,,4710.0,,31664.0,,12.0,,True
1488,2018,9999,46-790-000-000,городской округ Электросталь,Электросталь,городской округ,50,Московская область,55.7903785,38.4405711,152190.0,150729.0,14220.0,15852.0,2005.0,2276.0,2031.0,2496.0,2748.0,3162.0,4783.0,6528.0,38045.0,43859.0,12.0,12.0,True
1489,2018,9999,46-708-000-000,городской округ Волоколамский,Волоколамский,городской округ,50,Московская область,56.0360129,35.9583358,65122.0,64721.0,13806.0,15578.0,1515.0,1708.0,1134.0,1479.0,2159.0,2460.0,5012.0,7052.0,32477.0,38150.0,12.0,12.0,True
1490,2018,9999,46-710-000-000,городской округ Воскресенск,Воскресенск,городской округ,50,Московская область,55.322518,38.6816824,160613.0,160755.0,13634.0,15495.0,1535.0,1741.0,1568.0,1953.0,2407.0,2802.0,4865.0,6967.0,34671.0,40857.0,12.0,12.0,True
1491,2018,9999,46-715-000-000,городской округ Дмитровский,Дмитровский,городской округ,50,Московская область,56.3450695,37.5200723,164318.0,163081.0,14067.0,15853.0,1800.0,2026.0,1677.0,2194.0,2763.0,3208.0,5369.0,7488.0,36998.0,43516.0,12.0,12.0,True
1492,2018,9999,46-737-000-000,городской округ Клин,Клин,городской округ,50,Московская область,56.3355601,36.7351318,148369.0,148545.0,13906.0,15633.0,1714.0,1960.0,1626.0,2072.0,2634.0,3097.0,4512.0,6548.0,35374.0,41881.0,12.0,12.0,True
1493,2018,9999,46-707-000-000,городской округ Ленинский,Ленинский,городской округ,50,Московская область,55.5571496,37.7087142,309204.0,327211.0,14297.0,16005.0,2208.0,2454.0,3113.0,3824.0,3978.0,4593.0,5948.0,8186.0,45110.0,52184.0,12.0,12.0,True
1494,2018,9999,46-752-000-000,городской округ Лотошино,Лотошино,городской округ,50,Московская область,56.228891,35.6399029,21919.0,21886.0,12162.0,12877.0,1173.0,1231.0,592.0,634.0,1487.0,1279.0,4804.0,6587.0,26402.0,29367.0,12.0,12.0,True
1495,2018,9999,46-745-000-000,городской округ Можайский,Можайский,городской округ,50,Московская область,55.5095679,35.986899,92519.0,92529.0,13938.0,15924.0,1565.0,1806.0,1222.0,1647.0,2372.0,2787.0,5138.0,7168.0,33856.0,40499.0,12.0,12.0,True
1496,2018,9999,46-751-000-000,городской округ Богородский,Богородский,городской округ,50,Московская область,55.8553511,38.4411898,218485.0,220062.0,14029.0,15729.0,1878.0,2112.0,1775.0,2196.0,2506.0,2906.0,4768.0,6617.0,36184.0,42353.0,12.0,12.0,True
1500,2018,9999,46-768-000-000,городской округ Раменский,Раменский,городской округ,50,Московская область,55.5709361,38.2282099,334391.0,338109.0,13947.0,15668.0,1969.0,2217.0,2102.0,2593.0,2940.0,3300.0,5350.0,7296.0,38722.0,44842.0,12.0,12.0,True
1501,2018,9999,46-728-000-000,городской округ Сергиево-Посадский,Сергиево-Посадский,городской округ,50,Московская область,56.3153284,38.1359898,209616.0,207827.0,13538.0,15192.0,1901.0,2143.0,1917.0,2331.0,2634.0,2967.0,5035.0,6935.0,36477.0,42323.0,12.0,12.0,True
1504,2018,9999,46-778-000-000,городской округ Талдомский,Талдомский,городской округ,50,Московская область,56.730941,37.528016,64223.0,64165.0,13024.0,14144.0,1388.0,1464.0,909.0,1065.0,1792.0,1793.0,4930.0,6592.0,30127.0,33559.0,12.0,12.0,True
1506,2018,9999,47-701-000-000,городской округ город Мурманск,Мурманск,городской округ,51,Мурманская область,68.970665,33.07497,267422.0,266681.0,16406.0,18355.0,2024.0,2342.0,2632.0,3030.0,2915.0,3266.0,4768.0,6982.0,43853.0,50457.0,12.0,12.0,True
1507,2018,9999,47-519-000-000,муниципальный округ город Апатиты,Апатиты,муниципальный округ,51,Мурманская область,67.568626,33.404392,48763.0,48277.0,16778.0,18872.0,1749.0,1994.0,2944.0,3331.0,2266.0,2635.0,5442.0,7918.0,43148.0,50399.0,12.0,12.0,True
1508,2018,9999,47-522-000-000,муниципальный округ город Кировск,Кировск,муниципальный округ,51,Мурманская область,67.6151331,33.6637527,26253.0,25984.0,17630.0,19181.0,1653.0,1827.0,2653.0,3110.0,2423.0,2528.0,6253.0,9075.0,46563.0,53097.0,12.0,12.0,True
1509,2018,9999,47-524-000-000,муниципальный округ город Мончегорск,Мончегорск,муниципальный округ,51,Мурманская область,67.939903,32.931679,41729.0,41427.0,16502.0,16789.0,1597.0,1782.0,2160.0,2070.0,1826.0,2046.0,5522.0,7014.0,41106.0,43218.0,12.0,12.0,True
1510,2018,9999,47-526-000-000,муниципальный округ город Оленегорск,Оленегорск,муниципальный округ,51,Мурманская область,68.140732,33.282597,27974.0,27867.0,16767.0,17821.0,1407.0,1482.0,1684.0,1883.0,1536.0,1496.0,5582.0,7861.0,38311.0,42151.0,12.0,12.0,True
1511,2018,9999,47-528-000-000,муниципальный округ город Полярные Зори,Полярные Зори,муниципальный округ,51,Мурманская область,67.3659225,32.5010277,15726.0,15634.0,17574.0,18566.0,1535.0,1819.0,2102.0,2427.0,2524.0,2518.0,6677.0,8803.0,44571.0,48676.0,12.0,12.0,True
1512,2018,9999,47-517-000-000,Ковдорский муниципальный округ,Ковдорский,муниципальный округ,51,Мурманская область,67.563049,30.474108,16762.0,16803.0,17640.0,19894.0,1663.0,1736.0,2212.0,2337.0,1625.0,1754.0,6141.0,8675.0,42162.0,48623.0,12.0,12.0,True
1513,2018,9999,47-737-000-000,городской округ ЗАТО Александровск,Александровск,городской округ,51,Мурманская область,69.199524,33.445839,32232.0,32695.0,,,,,,,,,,,,,,,False
1514,2018,9999,47-735-000-000,городской округ ЗАТО поселок Видяево,Видяево,городской округ,51,Мурманская область,69.3180029,32.8067302,4346.0,4324.0,,,,,,,,,,,,,,,False
1515,2018,9999,47-733-000-000,городской округ ЗАТО город Заозерск,Заозерск,городской округ,51,Мурманская область,69.400925,32.441334,7760.0,7771.0,,,,,,,,,,,,,,,False
1516,2018,9999,47-731-000-000,городской округ ЗАТО город Островной,Островной,городской округ,51,Мурманская область,68.0544447,39.5129384,1432.0,1331.0,,,,,,,,,,,,,,,False
1517,2018,9999,47-730-000-000,городской округ ЗАТО город Североморск,Североморск,городской округ,51,Мурманская область,69.069168,33.416656,50949.0,52013.0,,,,,,,,,,,,,,,False
1518,2018,9999,47-608-000-000,Кандалакшский муниципальный район,Кандалакшский,муниципальный район,51,Мурманская область,67.1507901,32.4082716,39935.0,39330.0,16306.0,17973.0,1526.0,1675.0,1450.0,1912.0,1986.0,2163.0,5628.0,7942.0,38669.0,44559.0,12.0,12.0,True
1519,2018,9999,47-605-000-000,Кольский муниципальный район,Кольский,муниципальный район,51,Мурманская область,68.880638,33.019726,33510.0,33201.0,14094.0,14245.0,1393.0,1372.0,1475.0,1625.0,1620.0,1510.0,4312.0,5999.0,33189.0,35008.0,12.0,12.0,True
1520,2018,9999,47-610-000-000,Ловозерский муниципальный район,Ловозерский,муниципальный район,51,Мурманская область,68.0058828,35.0172148,8695.0,8770.0,16851.0,18365.0,1187.0,1351.0,798.0,845.0,1451.0,1433.0,6734.0,9442.0,37418.0,41774.0,12.0,12.0,True
1521,2018,9999,47-515-000-000,Печенгский муниципальный округ,Печенгский,муниципальный округ,51,Мурманская область,69.4062217,30.2114216,30591.0,29632.0,17876.0,19213.0,1665.0,1811.0,2204.0,2317.0,2456.0,2653.0,6950.0,9268.0,45480.0,50468.0,12.0,12.0,True
1522,2018,9999,47-620-000-000,Терский муниципальный район,Терский,муниципальный район,51,Мурманская область,66.6780339,34.3376019,4619.0,4698.0,13949.0,16317.0,1097.0,1240.0,485.0,591.0,1441.0,1481.0,5939.0,7932.0,32430.0,36678.0,12.0,12.0,True
1523,2018,9999,22-701-000-000,городской округ город Нижний Новгород,Нижний Новгород,городской округ,52,Нижегородская область,56.3264816,44.0051395,1237128.0,1228702.0,12529.0,14179.0,1975.0,2295.0,1680.0,2030.0,2365.0,2697.0,3544.0,5246.0,33593.0,38996.0,12.0,12.0,True
1525,2018,9999,22-712-000-000,городской округ город Бор,Бор,городской округ,52,Нижегородская область,56.3598289,44.0542641,117831.0,117552.0,12460.0,14040.0,1683.0,1947.0,1166.0,1530.0,1965.0,2302.0,3573.0,5520.0,30223.0,35635.0,12.0,12.0,True
1526,2018,9999,22-715-000-000,городской округ город Выкса,Выкса,городской округ,52,Нижегородская область,55.318774,42.1800408,72979.0,72393.0,13001.0,14574.0,1530.0,1800.0,911.0,1182.0,1807.0,2066.0,3942.0,5849.0,29853.0,35124.0,12.0,12.0,True
1527,2018,9999,22-721-000-000,городской округ город Дзержинск,Дзержинск,городской округ,52,Нижегородская область,56.2382157,43.4617405,226691.0,225251.0,12726.0,14513.0,1615.0,1893.0,1480.0,1801.0,2157.0,2519.0,3608.0,5541.0,32380.0,38261.0,12.0,12.0,True
1528,2018,9999,22-727-000-000,городской округ город Кулебаки,Кулебаки,городской округ,52,Нижегородская область,55.429287,42.511879,45413.0,45056.0,11135.0,12410.0,1374.0,1530.0,474.0,570.0,1300.0,1381.0,3375.0,5326.0,24448.0,28622.0,12.0,12.0,True
1529,2018,9999,22-730-000-000,городской округ Навашинский,Навашинский,городской округ,52,Нижегородская область,55.544071,42.188671,20982.0,20671.0,11494.0,11566.0,1122.0,1214.0,371.0,426.0,974.0,1005.0,3005.0,4502.0,23183.0,25037.0,12.0,12.0,True
1530,2018,9999,22-739-000-000,городской округ Перевозский,Перевозский,городской округ,52,Нижегородская область,55.596546,44.544846,16141.0,16026.0,10090.0,10922.0,1097.0,1172.0,363.0,404.0,1097.0,1118.0,3048.0,4361.0,21504.0,24067.0,12.0,12.0,True
1532,2018,9999,22-737-000-000,городской округ Семеновский,Семеновский,городской округ,52,Нижегородская область,56.788342,44.49155,45539.0,45405.0,10915.0,11897.0,1193.0,1297.0,475.0,528.0,1496.0,1551.0,3103.0,4755.0,23041.0,26298.0,12.0,12.0,True
1533,2018,9999,22-758-000-000,городской округ город Шахунья,Шахунья,городской округ,52,Нижегородская область,57.6730182,46.6152378,29014.0,28511.0,10460.0,11830.0,1057.0,1167.0,393.0,441.0,1118.0,1192.0,2426.0,3952.0,21561.0,24946.0,12.0,12.0,True
1534,2018,9999,22-734-000-000,городской округ город Первомайск,Первомайск,городской округ,52,Нижегородская область,54.8666491,43.8054106,17309.0,17117.0,10102.0,10969.0,1141.0,1242.0,252.0,246.0,932.0,886.0,3509.0,4847.0,21478.0,23822.0,12.0,12.0,True
1535,2018,9999,22-749-000-000,городской округ Сокольский,Сокольский,городской округ,52,Нижегородская область,57.143093,43.16357,10897.0,10807.0,10600.0,11368.0,891.0,940.0,357.0,410.0,1089.0,1084.0,2760.0,4252.0,21273.0,24032.0,12.0,12.0,True
1536,2018,9999,22-755-000-000,городской округ город Чкаловск,Чкаловск,городской округ,52,Нижегородская область,56.764915,43.243324,19249.0,19063.0,11229.0,12310.0,1236.0,1369.0,361.0,444.0,981.0,1017.0,3173.0,4763.0,22736.0,25891.0,12.0,12.0,True
1537,2018,9999,22-502-000-000,Ардатовский муниципальный округ,Ардатовский,муниципальный округ,52,Нижегородская область,55.2410408,43.0968037,22414.0,22161.0,9950.0,11044.0,1031.0,1122.0,305.0,315.0,990.0,1118.0,2387.0,3955.0,19411.0,22298.0,12.0,12.0,True
1539,2018,9999,22-505-000-000,Балахнинский муниципальный округ,Балахнинский,муниципальный округ,52,Нижегородская область,56.4870505,43.6039553,72780.0,72219.0,12092.0,13855.0,1582.0,1839.0,839.0,1104.0,1572.0,1802.0,3612.0,5487.0,27846.0,33197.0,12.0,12.0,True
1540,2018,9999,22-507-000-000,Богородский муниципальный округ,Богородский,муниципальный округ,52,Нижегородская область,56.103416,43.516819,58362.0,57639.0,11619.0,13286.0,1356.0,1635.0,843.0,1091.0,1639.0,2042.0,3651.0,5548.0,27252.0,32598.0,12.0,12.0,True
1541,2018,9999,22-509-000-000,Большеболдинский муниципальный округ,Большеболдинский,муниципальный округ,52,Нижегородская область,55.000713,45.310505,10295.0,10172.0,10156.0,11258.0,1364.0,1533.0,193.0,248.0,1248.0,1403.0,3245.0,4797.0,21404.0,24282.0,12.0,12.0,True
1542,2018,9999,22-510-000-000,Большемурашкинский муниципальный округ,Большемурашкинский,муниципальный округ,52,Нижегородская область,55.7837504,44.7763185,10307.0,10258.0,10227.0,11171.0,1153.0,1229.0,232.0,207.0,705.0,752.0,3224.0,4766.0,20057.0,22887.0,12.0,12.0,True
1543,2018,9999,22-512-000-000,Бутурлинский муниципальный округ,Бутурлинский,муниципальный округ,52,Нижегородская область,55.568863,44.891453,12996.0,12910.0,10809.0,11915.0,1093.0,1138.0,264.0,329.0,1208.0,1179.0,2781.0,4252.0,21566.0,24203.0,12.0,12.0,True
1544,2018,9999,22-514-000-000,Вадский муниципальный округ,Вадский,муниципальный округ,52,Нижегородская область,55.5313789,44.2092517,13408.0,13290.0,10923.0,11474.0,989.0,1017.0,281.0,254.0,1302.0,1196.0,2687.0,4088.0,21903.0,23491.0,12.0,12.0,True
1545,2018,9999,22-515-000-000,Варнавинский муниципальный округ,Варнавинский,муниципальный округ,52,Нижегородская область,57.396695,45.0849216,9755.0,9653.0,11282.0,12673.0,1074.0,1211.0,211.0,230.0,1631.0,1771.0,3218.0,4579.0,21952.0,25468.0,12.0,12.0,True
1546,2018,9999,22-517-000-000,Вачский муниципальный округ,Вачский,муниципальный округ,52,Нижегородская область,55.801029,42.772099,16832.0,16730.0,10588.0,11215.0,1074.0,1251.0,185.0,226.0,799.0,852.0,2657.0,4286.0,20530.0,23426.0,12.0,12.0,True
1547,2018,9999,22-518-000-000,Ветлужский муниципальный округ,Ветлужский,муниципальный округ,52,Нижегородская область,57.85287,45.7757157,12663.0,12521.0,11023.0,12388.0,1050.0,1211.0,250.0,296.0,1263.0,1427.0,2725.0,4226.0,21061.0,24766.0,12.0,12.0,True
1548,2018,9999,22-519-000-000,Вознесенский муниципальный округ,Вознесенский,муниципальный округ,52,Нижегородская область,54.8906328,42.7598373,14537.0,14309.0,9052.0,10294.0,1080.0,1218.0,217.0,266.0,1234.0,1392.0,2686.0,4210.0,19374.0,22940.0,12.0,12.0,True
1549,2018,9999,22-520-000-000,Володарский муниципальный округ,Володарский,муниципальный округ,52,Нижегородская область,56.224304,43.182655,47967.0,47925.0,10204.0,10370.0,936.0,955.0,781.0,946.0,1099.0,1074.0,3670.0,5370.0,23421.0,25880.0,12.0,12.0,True
1550,2018,9999,22-719-000-000,городской округ Воротынский,Воротынский,городской округ,52,Нижегородская область,56.0604696,45.862528,13643.0,13399.0,9476.0,9948.0,1068.0,1036.0,446.0,451.0,980.0,887.0,2539.0,3801.0,19423.0,20780.0,12.0,12.0,True
1551,2018,9999,22-522-000-000,Воскресенский муниципальный округ,Воскресенский,муниципальный округ,52,Нижегородская область,56.8383333,45.4330556,16216.0,16072.0,10555.0,11701.0,1134.0,1220.0,259.0,273.0,1250.0,1315.0,2893.0,4125.0,20490.0,23191.0,12.0,12.0,True
1552,2018,9999,22-526-000-000,Гагинский муниципальный округ,Гагинский,муниципальный округ,52,Нижегородская область,55.2314867,45.0280811,9817.0,9681.0,10044.0,11373.0,1239.0,1305.0,85.0,92.0,906.0,1002.0,2766.0,3849.0,18760.0,21741.0,12.0,12.0,True
1553,2018,9999,22-528-000-000,Городецкий муниципальный округ,Городецкий,муниципальный округ,52,Нижегородская область,56.647141,43.476002,80699.0,80149.0,11568.0,13320.0,1520.0,1793.0,833.0,1104.0,1505.0,1796.0,3600.0,5573.0,26340.0,31850.0,12.0,12.0,True
1554,2018,9999,22-530-000-000,Дальнеконстантиновский муниципальный округ,Дальнеконстантиновский,муниципальный округ,52,Нижегородская область,55.80777,44.094025,20408.0,20224.0,10939.0,11895.0,1132.0,1192.0,396.0,476.0,1086.0,1090.0,3138.0,5007.0,22138.0,25348.0,12.0,12.0,True
1555,2018,9999,22-532-000-000,Дивеевский муниципальный округ,Дивеевский,муниципальный округ,52,Нижегородская область,55.041687,43.245518,15033.0,14998.0,10231.0,11257.0,1204.0,1257.0,290.0,372.0,1296.0,1340.0,3926.0,5656.0,23403.0,26879.0,12.0,12.0,True
1556,2018,9999,22-533-000-000,Княгининский муниципальный округ,Княгининский,муниципальный округ,52,Нижегородская область,55.821281,45.031601,10869.0,10775.0,11062.0,11521.0,1233.0,1298.0,459.0,455.0,998.0,1089.0,3790.0,5336.0,22749.0,25246.0,12.0,12.0,True
1557,2018,9999,22-534-000-000,Ковернинский муниципальный округ,Ковернинский,муниципальный округ,52,Нижегородская область,57.12611,43.816387,17245.0,17091.0,10076.0,11031.0,953.0,1175.0,419.0,514.0,1042.0,1166.0,2519.0,4215.0,20390.0,24078.0,12.0,12.0,True
1558,2018,9999,22-535-000-000,Краснобаковский муниципальный округ,Краснобаковский,муниципальный округ,52,Нижегородская область,57.1268348,45.1664096,18758.0,18535.0,11085.0,11964.0,915.0,949.0,499.0,476.0,1440.0,1417.0,2580.0,4227.0,21105.0,24144.0,12.0,12.0,True
1559,2018,9999,22-536-000-000,Краснооктябрьский муниципальный округ,Краснооктябрьский,муниципальный округ,52,Нижегородская область,55.399989,45.6168658,8726.0,8617.0,8660.0,9889.0,1176.0,1396.0,193.0,259.0,946.0,1131.0,2633.0,4054.0,17740.0,21201.0,12.0,12.0,True
1560,2018,9999,22-537-000-000,Кстовский муниципальный округ,Кстовский,муниципальный округ,52,Нижегородская область,56.149551,44.198032,122131.0,121424.0,12589.0,14108.0,1826.0,2168.0,1486.0,1894.0,2182.0,2590.0,3870.0,5788.0,32134.0,37818.0,12.0,12.0,True
1561,2018,9999,22-539-000-000,Лукояновский муниципальный округ,Лукояновский,муниципальный округ,52,Нижегородская область,55.034821,44.492725,26082.0,25751.0,10143.0,11085.0,1206.0,1370.0,214.0,217.0,1321.0,1385.0,2627.0,4051.0,20591.0,23504.0,12.0,12.0,True
1562,2018,9999,22-540-000-000,Лысковский муниципальный округ,Лысковский,муниципальный округ,52,Нижегородская область,56.027885,45.038315,34467.0,34099.0,11004.0,12444.0,1396.0,1597.0,531.0,694.0,1301.0,1459.0,3135.0,4699.0,24541.0,28661.0,12.0,12.0,True
1563,2018,9999,22-542-000-000,Павловский муниципальный округ,Павловский,муниципальный округ,52,Нижегородская область,55.965137,43.071114,92555.0,91822.0,11096.0,12576.0,1370.0,1648.0,785.0,1014.0,1617.0,1900.0,3899.0,5920.0,26817.0,32218.0,12.0,12.0,True
1564,2018,9999,22-545-000-000,Пильнинский муниципальный округ,Пильнинский,муниципальный округ,52,Нижегородская область,55.5522547,45.9207853,18304.0,18104.0,9585.0,10761.0,1180.0,1297.0,240.0,276.0,1052.0,1161.0,3143.0,4372.0,20708.0,23443.0,12.0,12.0,True
1565,2018,9999,22-546-000-000,Починковский муниципальный округ,Починковский,муниципальный округ,52,Нижегородская область,54.6974517,44.8612893,25730.0,25420.0,10340.0,11732.0,1278.0,1414.0,426.0,477.0,1286.0,1393.0,2561.0,3827.0,22670.0,26000.0,12.0,12.0,True
1566,2018,9999,22-548-000-000,Сергачский муниципальный округ,Сергачский,муниципальный округ,52,Нижегородская область,55.532822,45.4616976,27151.0,26797.0,10826.0,11919.0,1173.0,1345.0,385.0,436.0,1339.0,1486.0,2995.0,4132.0,22636.0,25667.0,12.0,12.0,True
1567,2018,9999,22-549-000-000,Сеченовский муниципальный округ,Сеченовский,муниципальный округ,52,Нижегородская область,55.2257213,45.8937291,13644.0,13501.0,9640.0,10689.0,1169.0,1291.0,154.0,165.0,1272.0,1388.0,3282.0,4563.0,20376.0,23144.0,12.0,12.0,True
1568,2018,9999,22-550-000-000,Сосновский муниципальный округ,Сосновский,муниципальный округ,52,Нижегородская область,55.8050772,43.1669499,16339.0,16175.0,9529.0,10489.0,1051.0,1090.0,446.0,457.0,1098.0,1232.0,2739.0,4444.0,20400.0,23557.0,12.0,12.0,True
1569,2018,9999,22-551-000-000,Спасский муниципальный округ,Спасский,муниципальный округ,52,Нижегородская область,55.8579699,45.6954529,9479.0,9400.0,9250.0,9997.0,1162.0,1258.0,234.0,296.0,942.0,1014.0,2715.0,3985.0,18323.0,20840.0,12.0,12.0,True
1570,2018,9999,22-552-000-000,Тонкинский муниципальный округ,Тонкинский,муниципальный округ,52,Нижегородская область,57.372272,46.458287,7107.0,7029.0,10599.0,11565.0,1020.0,1135.0,368.0,396.0,1328.0,1438.0,2903.0,4217.0,21822.0,24665.0,12.0,12.0,True
1571,2018,9999,22-553-000-000,Тоншаевский муниципальный округ,Тоншаевский,муниципальный округ,52,Нижегородская область,57.732841,47.011944,14521.0,14347.0,11406.0,12993.0,966.0,1063.0,364.0,419.0,1347.0,1547.0,2710.0,4404.0,21522.0,25601.0,12.0,12.0,True
1572,2018,9999,22-554-000-000,Уренский муниципальный округ,Уренский,муниципальный округ,52,Нижегородская область,57.4614974,45.7878911,28080.0,27897.0,10761.0,12283.0,959.0,1112.0,500.0,596.0,1529.0,1761.0,2860.0,4315.0,22280.0,26356.0,12.0,12.0,True
1573,2018,9999,22-556-000-000,Шарангский муниципальный округ,Шарангский,муниципальный округ,52,Нижегородская область,57.1773441,46.5445937,11401.0,11304.0,10876.0,12280.0,1012.0,1114.0,292.0,311.0,1333.0,1507.0,2745.0,4239.0,21126.0,24437.0,12.0,12.0,True
1574,2018,9999,22-557-000-000,Шатковский муниципальный округ,Шатковский,муниципальный округ,52,Нижегородская область,55.188023,44.127811,22759.0,22629.0,10212.0,10848.0,1080.0,1176.0,237.0,238.0,743.0,725.0,2310.0,3708.0,19965.0,22297.0,12.0,12.0,True
1575,2018,9999,49-701-000-000,городской округ Великий Новгород,Великий Новгород,городской округ,53,Новгородская область,58.5609587,31.2809005856491,223191.0,222340.0,13075.0,14823.0,1858.0,2102.0,1711.0,2114.0,1948.0,2562.0,3713.0,5348.0,32620.0,38530.0,12.0,12.0,True
1576,2018,9999,49-603-000-000,Батецкий муниципальный район,Батецкий,муниципальный район,53,Новгородская область,58.647774,30.299807,4815.0,4775.0,11997.0,12398.0,985.0,754.0,293.0,435.0,964.0,752.0,2582.0,4302.0,22002.0,23946.0,5.0,4.0,True
1577,2018,9999,49-606-000-000,Боровичский муниципальный район,Боровичский,муниципальный район,53,Новгородская область,58.389009,33.9068275,60848.0,60283.0,12036.0,13167.0,1408.0,1579.0,901.0,1053.0,1569.0,1724.0,3474.0,5039.0,27105.0,31238.0,12.0,12.0,True
1578,2018,9999,49-608-000-000,Валдайский муниципальный район,Валдайский,муниципальный район,53,Новгородская область,57.9791414,33.2537994,21976.0,21712.0,12278.0,13431.0,1261.0,1411.0,714.0,764.0,1312.0,1364.0,3830.0,5584.0,26573.0,30318.0,12.0,12.0,True
1579,2018,9999,49-510-000-000,муниципальный округ Волотовский,Волотовский,муниципальный округ,53,Новгородская область,57.9301007,30.7090808,4116.0,4071.0,9545.0,9877.0,828.0,879.0,188.0,164.0,937.0,977.0,3531.0,5008.0,21244.0,23338.0,12.0,12.0,True
1580,2018,9999,49-512-000-000,муниципальный округ Демянский,Демянский,муниципальный округ,53,Новгородская область,57.6423554,32.4646788,9662.0,9515.0,11474.0,11957.0,1035.0,1079.0,270.0,316.0,1180.0,1171.0,2956.0,4685.0,21491.0,23936.0,12.0,12.0,True
1581,2018,9999,49-514-000-000,муниципальный округ Крестецкий,Крестецкий,муниципальный округ,53,Новгородская область,58.247665,32.522858,11386.0,11189.0,12325.0,12953.0,1053.0,1158.0,386.0,497.0,1182.0,1316.0,3621.0,5258.0,23768.0,26985.0,12.0,12.0,True
1582,2018,9999,49-616-000-000,Любытинский муниципальный район,Любытинский,муниципальный район,53,Новгородская область,58.8142322,33.3976972,7179.0,7088.0,13016.0,14150.0,957.0,1102.0,314.0,369.0,1325.0,1435.0,3327.0,5127.0,23775.0,27130.0,12.0,12.0,True
1583,2018,9999,49-620-000-000,Маловишерский муниципальный район,Маловишерский,муниципальный район,53,Новгородская область,58.844215,32.218636,13275.0,13111.0,11057.0,12384.0,1127.0,1262.0,482.0,538.0,1054.0,1133.0,3598.0,5298.0,23815.0,27928.0,12.0,12.0,True
1584,2018,9999,49-523-000-000,муниципальный округ Марёвский,Марёвский,муниципальный округ,53,Новгородская область,57.315285,32.082283,3260.0,3202.0,11006.0,11296.0,737.0,619.0,228.0,198.0,1301.0,1193.0,3485.0,5551.0,20371.0,22253.0,12.0,12.0,True
1585,2018,9999,49-524-000-000,муниципальный округ Мошенской,Мошенской,муниципальный округ,53,Новгородская область,58.512428,34.5849085,5682.0,5580.0,12981.0,13221.0,906.0,971.0,311.0,342.0,1215.0,982.0,2838.0,4139.0,22643.0,23874.0,12.0,12.0,True
1586,2018,9999,49-625-000-000,Новгородский муниципальный район,Новгородский,муниципальный район,53,Новгородская область,58.5609587,31.2809005856491,64063.0,64120.0,13129.0,14667.0,1477.0,1756.0,1409.0,1756.0,2078.0,2380.0,3464.0,5456.0,30764.0,36773.0,12.0,12.0,True
1587,2018,9999,49-628-000-000,Окуловский муниципальный район,Окуловский,муниципальный район,53,Новгородская область,58.3740782,33.3009383,18528.0,18071.0,12053.0,13241.0,1118.0,1221.0,332.0,423.0,1326.0,1422.0,3575.0,5177.0,24950.0,28081.0,12.0,12.0,True
1588,2018,9999,49-630-000-000,Парфинский муниципальный район,Парфинский,муниципальный район,53,Новгородская область,57.9713226,31.649848,11684.0,11516.0,10448.0,11121.0,801.0,912.0,337.0,392.0,903.0,991.0,2574.0,4081.0,20627.0,23996.0,12.0,12.0,True
1589,2018,9999,49-532-000-000,муниципальный округ Пестовский,Пестовский,муниципальный округ,53,Новгородская область,58.5981825,35.81432054429986,18377.0,18158.0,10901.0,12001.0,1201.0,1318.0,678.0,861.0,1360.0,1316.0,4772.0,6442.0,25730.0,29168.0,12.0,12.0,True
1590,2018,9999,49-634-000-000,Поддорский муниципальный район,Поддорский,муниципальный район,53,Новгородская область,57.470387,31.111748,3266.0,3220.0,10746.0,11186.0,801.0,822.0,278.0,220.0,1245.0,1269.0,3367.0,5012.0,21253.0,23612.0,12.0,12.0,True
1591,2018,9999,49-538-000-000,муниципальный округ Солецкий,Солецкий,муниципальный округ,53,Новгородская область,58.119003,30.309679,10914.0,10758.0,11750.0,12301.0,1059.0,1134.0,318.0,397.0,996.0,1164.0,3239.0,4782.0,21776.0,24965.0,12.0,12.0,True
1592,2018,9999,49-639-000-000,Старорусский муниципальный район,Старорусский,муниципальный район,53,Новгородская область,57.9898923,31.3634905,37988.0,37508.0,10647.0,11624.0,1280.0,1471.0,765.0,927.0,1185.0,1264.0,3023.0,4371.0,23895.0,27194.0,12.0,12.0,True
1593,2018,9999,49-545-000-000,муниципальный округ Хвойнинский,Хвойнинский,муниципальный округ,53,Новгородская область,58.8960621,34.5121844,13321.0,13129.0,13851.0,14246.0,1211.0,1265.0,390.0,440.0,1273.0,1204.0,3857.0,5498.0,25243.0,28285.0,12.0,12.0,True
1594,2018,9999,49-647-000-000,Холмский муниципальный район,Холмский,муниципальный район,53,Новгородская область,57.15407424999999,31.17085196949452,4724.0,4643.0,11507.0,12067.0,1059.0,1117.0,281.0,240.0,1132.0,1092.0,3470.0,4655.0,22685.0,24689.0,12.0,12.0,True
1595,2018,9999,49-650-000-000,Чудовский муниципальный район,Чудовский,муниципальный район,53,Новгородская область,59.1240916,31.68621497690631,18546.0,18345.0,12014.0,13049.0,1220.0,1331.0,635.0,772.0,1013.0,1153.0,4105.0,6142.0,25795.0,29908.0,12.0,12.0,True
1596,2018,9999,49-655-000-000,Шимский муниципальный район,Шимский,муниципальный район,53,Новгородская область,58.2117,30.724808,9125.0,9113.0,11165.0,11471.0,1021.0,1046.0,412.0,483.0,1085.0,1055.0,2662.0,4782.0,21380.0,24152.0,12.0,12.0,True
1597,2018,9999,50-701-000-000,городской округ город Новосибирск,Новосибирск,городской округ,54,Новосибирская область,54.96781445,82.95159894278376,1635338.0,1633851.0,12536.0,14075.0,2085.0,2400.0,2241.0,2729.0,2594.0,2914.0,3234.0,4971.0,34274.0,39823.0,12.0,12.0,True
1598,2018,9999,50-708-000-000,городской округ город Бердск,Бердск,городской округ,54,Новосибирская область,54.7437662,83.06268907860164,102965.0,102760.0,12092.0,13586.0,1859.0,2179.0,1602.0,1970.0,2305.0,2592.0,3222.0,5023.0,31374.0,36671.0,12.0,12.0,True
1599,2018,9999,50-712-000-000,городской округ город Искитим,Искитим,городской округ,54,Новосибирская область,54.61506035,83.29727586648599,56781.0,56654.0,11829.0,13539.0,1462.0,1765.0,1065.0,1442.0,1876.0,2204.0,3002.0,4802.0,27658.0,33109.0,12.0,12.0,True
1600,2018,9999,50-717-000-000,городской округ город Обь,Обь,городской округ,54,Новосибирская область,54.9951335,82.6933946,30762.0,31050.0,12488.0,14223.0,1393.0,1737.0,1530.0,2137.0,2093.0,2635.0,3316.0,5324.0,30079.0,36935.0,12.0,12.0,True
1601,2018,9999,50-740-000-000,городской округ рабочий поселок Кольцово,Кольцово,городской округ,54,Новосибирская область,54.9367736,83.187139,20873.0,20883.0,12519.0,14273.0,2613.0,3114.0,2508.0,3312.0,2323.0,2804.0,4680.0,6665.0,37750.0,45261.0,12.0,12.0,True
1602,2018,9999,50-603-000-000,Баганский муниципальный район,Баганский,муниципальный район,54,Новосибирская область,54.0968728,77.6718776,14189.0,13948.0,10790.0,11762.0,873.0,959.0,244.0,329.0,1316.0,1707.0,2314.0,4115.0,20176.0,23873.0,12.0,12.0,True
1603,2018,9999,50-604-000-000,Барабинский муниципальный район,Барабинский,муниципальный район,54,Новосибирская область,55.3567611,78.350348,38921.0,38628.0,10838.0,12228.0,1036.0,1209.0,672.0,859.0,1427.0,1687.0,2419.0,3897.0,23055.0,27133.0,12.0,12.0,True
1604,2018,9999,50-606-000-000,Болотнинский муниципальный район,Болотнинский,муниципальный район,54,Новосибирская область,55.6715707,84.388557,25450.0,25205.0,9753.0,11496.0,993.0,1152.0,485.0,716.0,1330.0,1585.0,2792.0,4346.0,22272.0,27134.0,12.0,12.0,True
1605,2018,9999,50-608-000-000,Венгеровский муниципальный район,Венгеровский,муниципальный район,54,Новосибирская область,55.681034,76.739029,14978.0,14721.0,10559.0,11534.0,903.0,989.0,161.0,256.0,985.0,1140.0,2452.0,3727.0,19485.0,22212.0,12.0,12.0,True
1606,2018,9999,50-610-000-000,Доволенский муниципальный район,Доволенский,муниципальный район,54,Новосибирская область,54.495785,79.667091,12894.0,12663.0,9374.0,10291.0,1069.0,1191.0,384.0,412.0,903.0,1011.0,1948.0,3326.0,17867.0,20445.0,12.0,12.0,True
1607,2018,9999,50-613-000-000,Здвинский муниципальный район,Здвинский,муниципальный район,54,Новосибирская область,54.703968,78.667595,11954.0,11725.0,10027.0,10826.0,870.0,988.0,195.0,308.0,1146.0,1265.0,2486.0,3516.0,19135.0,21079.0,12.0,12.0,True
1608,2018,9999,50-615-000-000,Искитимский муниципальный район,Искитимский,муниципальный район,54,Новосибирская область,54.61506035,83.29727586648599,58772.0,58382.0,10711.0,11997.0,1195.0,1335.0,600.0,848.0,1122.0,1223.0,2471.0,4228.0,23067.0,26882.0,12.0,12.0,True
1609,2018,9999,50-617-000-000,Карасукский муниципальный район,Карасукский,муниципальный район,54,Новосибирская область,53.73447,78.032372,38488.0,38279.0,10410.0,11410.0,993.0,1139.0,505.0,580.0,1512.0,1821.0,2491.0,3959.0,22149.0,25656.0,12.0,12.0,True
1610,2018,9999,50-619-000-000,Каргатский муниципальный район,Каргатский,муниципальный район,54,Новосибирская область,55.1929899,80.2828252,14171.0,14001.0,10375.0,11469.0,874.0,960.0,409.0,489.0,972.0,1064.0,2632.0,3850.0,20084.0,22899.0,12.0,12.0,True
1611,2018,9999,50-621-000-000,Колыванский муниципальный район,Колыванский,муниципальный район,54,Новосибирская область,55.3068791,82.7433464,24523.0,24293.0,10689.0,12019.0,1012.0,1165.0,434.0,544.0,1262.0,1372.0,2723.0,4391.0,21862.0,25672.0,12.0,12.0,True
1612,2018,9999,50-623-000-000,Коченевский муниципальный район,Коченевский,муниципальный район,54,Новосибирская область,55.021442,82.207718,45134.0,45219.0,11002.0,12154.0,930.0,990.0,545.0,633.0,1251.0,1346.0,3024.0,4824.0,22759.0,26208.0,12.0,12.0,True
1613,2018,9999,50-625-000-000,Кочковский муниципальный район,Кочковский,муниципальный район,54,Новосибирская область,54.334766,80.487846,11625.0,11493.0,10911.0,11396.0,810.0,932.0,211.0,210.0,1167.0,1377.0,2876.0,4373.0,19552.0,21526.0,12.0,12.0,True
1614,2018,9999,50-627-000-000,Краснозерский муниципальный район,Краснозерский,муниципальный район,54,Новосибирская область,53.984768,79.228577,27773.0,27453.0,10506.0,11582.0,1036.0,1082.0,273.0,341.0,1122.0,1324.0,2507.0,3928.0,19925.0,23100.0,12.0,12.0,True
1615,2018,9999,50-630-000-000,Куйбышевский муниципальный район,Куйбышевский,муниципальный район,54,Новосибирская область,55.4454258,78.3222294,54201.0,53654.0,10693.0,12317.0,1132.0,1380.0,820.0,1098.0,1647.0,2000.0,2824.0,4366.0,23644.0,28407.0,12.0,12.0,True
1616,2018,9999,50-632-000-000,Купинский муниципальный район,Купинский,муниципальный район,54,Новосибирская область,54.364929,77.30854,25707.0,25382.0,10060.0,11200.0,957.0,1108.0,384.0,454.0,1287.0,1626.0,2993.0,4530.0,20720.0,24493.0,12.0,12.0,True
1617,2018,9999,50-634-000-000,Кыштовский муниципальный район,Кыштовский,муниципальный район,54,Новосибирская область,56.55957,76.624588,9149.0,8984.0,10326.0,11149.0,958.0,1134.0,149.0,158.0,1257.0,1595.0,3891.0,5392.0,21454.0,24428.0,12.0,12.0,True
1618,2018,9999,50-636-000-000,Маслянинский муниципальный район,Маслянинский,муниципальный район,54,Новосибирская область,54.345501,84.21067,23583.0,23528.0,10194.0,11484.0,1029.0,1123.0,456.0,613.0,1362.0,1247.0,3149.0,4426.0,21638.0,24579.0,12.0,12.0,True
1619,2018,9999,50-638-000-000,Мошковский муниципальный район,Мошковский,муниципальный район,54,Новосибирская область,55.304806,83.611855,40629.0,40479.0,11232.0,12039.0,951.0,1057.0,657.0,1144.0,1346.0,1405.0,2867.0,4428.0,22766.0,26015.0,12.0,12.0,True
1620,2018,9999,50-640-000-000,Новосибирский муниципальный район,Новосибирский,муниципальный район,54,Новосибирская область,54.96781445,82.95159894278376,166514.0,170131.0,12358.0,14082.0,1885.0,2233.0,1878.0,2426.0,2644.0,3075.0,3854.0,5752.0,34110.0,40366.0,12.0,12.0,True
1621,2018,9999,50-642-000-000,Ордынский муниципальный район,Ордынский,муниципальный район,54,Новосибирская область,54.366676,81.904022,33811.0,33623.0,11267.0,12463.0,1126.0,1269.0,396.0,442.0,1421.0,1575.0,2480.0,4018.0,22876.0,26346.0,12.0,12.0,True
1622,2018,9999,50-644-000-000,Северный муниципальный район,Северный,муниципальный район,54,Новосибирская область,56.3500996,78.3649455,7477.0,7319.0,11573.0,11873.0,1127.0,1036.0,453.0,502.0,1175.0,1403.0,2846.0,4373.0,21516.0,23068.0,12.0,12.0,True
1623,2018,9999,50-648-000-000,Сузунский муниципальный район,Сузунский,муниципальный район,54,Новосибирская область,53.783924,82.316231,31331.0,31042.0,10677.0,11943.0,791.0,972.0,518.0,891.0,1344.0,1439.0,2574.0,4183.0,21928.0,25631.0,12.0,12.0,True
1624,2018,9999,50-650-000-000,Татарский муниципальный район,Татарский,муниципальный район,54,Новосибирская область,55.216961,75.962196,36987.0,36645.0,10741.0,12158.0,1049.0,1074.0,496.0,573.0,1127.0,1272.0,2499.0,3840.0,22526.0,25797.0,12.0,12.0,True
1625,2018,9999,50-652-000-000,Тогучинский муниципальный район,Тогучинский,муниципальный район,54,Новосибирская область,55.23769,84.402458,53998.0,53463.0,10687.0,11869.0,982.0,1057.0,432.0,536.0,1264.0,1425.0,2147.0,3615.0,21285.0,24614.0,12.0,12.0,True
1626,2018,9999,50-654-000-000,Убинский муниципальный район,Убинский,муниципальный район,54,Новосибирская область,55.306721,79.679375,11475.0,11277.0,10310.0,11163.0,1128.0,1057.0,277.0,441.0,1054.0,1226.0,2952.0,4294.0,19759.0,22184.0,12.0,12.0,True
1627,2018,9999,50-655-000-000,Усть-Таркский муниципальный район,Усть-Таркский,муниципальный район,54,Новосибирская область,55.563934,75.706017,10803.0,10681.0,10482.0,11638.0,895.0,1015.0,288.0,377.0,1012.0,1147.0,3159.0,4429.0,21426.0,24153.0,12.0,12.0,True
1628,2018,9999,50-656-000-000,Чановский муниципальный район,Чановский,муниципальный район,54,Новосибирская область,55.308064,76.759605,20576.0,20323.0,10688.0,11751.0,1036.0,1151.0,363.0,528.0,1256.0,1471.0,2598.0,4419.0,21776.0,25734.0,12.0,12.0,True
1629,2018,9999,50-657-000-000,Черепановский муниципальный район,Черепановский,муниципальный район,54,Новосибирская область,54.226101,83.370468,49264.0,49025.0,10775.0,11944.0,1067.0,1168.0,471.0,639.0,1230.0,1380.0,2614.0,4370.0,21743.0,25760.0,12.0,12.0,True
1630,2018,9999,50-658-000-000,Чистоозерный муниципальный район,Чистоозерный,муниципальный район,54,Новосибирская область,54.712204,76.582344,13966.0,13809.0,9644.0,10516.0,924.0,1051.0,340.0,419.0,1216.0,1461.0,2234.0,3965.0,19996.0,23153.0,12.0,12.0,True
1631,2018,9999,50-659-000-000,Чулымский муниципальный район,Чулымский,муниципальный район,54,Новосибирская область,55.09,80.970459,19204.0,18959.0,10093.0,11053.0,909.0,960.0,542.0,543.0,1120.0,1271.0,2746.0,4059.0,20717.0,23264.0,12.0,12.0,True
1632,2018,9999,52-701-000-000,городской округ город Омск,Омск,городской округ,55,Омская область,54.991375,73.371529,1110836.0,1104485.0,11276.0,12678.0,1726.0,1992.0,1959.0,2243.0,2113.0,2424.0,2583.0,4168.0,30278.0,35082.0,12.0,12.0,True
1633,2018,9999,52-601-000-000,Азовский немецкий национальный муниципальный район,Азовский немецкий,муниципальный район,55,Омская область,54.70385,73.026871,25205.0,25339.0,9050.0,9509.0,965.0,935.0,589.0,437.0,1037.0,1025.0,2019.0,3565.0,20074.0,21800.0,12.0,12.0,True
1634,2018,9999,52-603-000-000,Большереченский муниципальный район,Большереченский,муниципальный район,55,Омская область,56.094585,74.639519,21790.0,21499.0,8897.0,10426.0,863.0,1023.0,682.0,619.0,783.0,1076.0,2040.0,3436.0,17850.0,21480.0,12.0,12.0,True
1635,2018,9999,52-606-000-000,Большеуковский муниципальный район,Большеуковский,муниципальный район,55,Омская область,56.949043,72.625717,5942.0,5838.0,9509.0,10554.0,994.0,919.0,176.0,176.0,1311.0,1408.0,1607.0,3336.0,18301.0,20301.0,12.0,12.0,True
1636,2018,9999,52-609-000-000,Горьковский муниципальный район,Горьковский,муниципальный район,55,Омская область,55.371033,74.362556,18361.0,18069.0,8015.0,8620.0,839.0,865.0,246.0,281.0,717.0,830.0,1310.0,3040.0,16776.0,19516.0,12.0,12.0,True
1637,2018,9999,52-612-000-000,Знаменский муниципальный район,Знаменский,муниципальный район,55,Омская область,57.127403,73.821983,9906.0,9777.0,9862.0,10783.0,1025.0,1078.0,253.0,276.0,1201.0,1354.0,2366.0,3864.0,20263.0,22617.0,12.0,12.0,True
1638,2018,9999,52-615-000-000,Исилькульский муниципальный район,Исилькульский,муниципальный район,55,Омская область,54.904892,71.259987,35753.0,35262.0,8854.0,9722.0,897.0,1071.0,378.0,326.0,1158.0,1110.0,2365.0,3748.0,20355.0,22896.0,12.0,12.0,True
1639,2018,9999,52-618-000-000,Калачинский муниципальный район,Калачинский,муниципальный район,55,Омская область,55.049091,74.582428,36093.0,35486.0,9429.0,10320.0,1073.0,1139.0,415.0,380.0,1001.0,968.0,2254.0,3497.0,20386.0,22836.0,12.0,12.0,True
1640,2018,9999,52-621-000-000,Колосовский муниципальный район,Колосовский,муниципальный район,55,Омская область,56.467625,73.606575,8999.0,8763.0,10036.0,10377.0,950.0,1053.0,156.0,157.0,1083.0,1178.0,1647.0,3297.0,18561.0,21069.0,12.0,12.0,True
1641,2018,9999,52-623-000-000,Кормиловский муниципальный район,Кормиловский,муниципальный район,55,Омская область,55.002613,74.092224,23330.0,23179.0,8933.0,9601.0,964.0,1001.0,360.0,320.0,882.0,948.0,2207.0,3540.0,19636.0,21893.0,12.0,12.0,True
1642,2018,9999,52-626-000-000,Крутинский муниципальный район,Крутинский,муниципальный район,55,Омская область,56.006351,71.511307,12896.0,12735.0,8940.0,9270.0,1028.0,1124.0,268.0,296.0,1241.0,1257.0,2490.0,3413.0,19144.0,20958.0,12.0,12.0,True
1643,2018,9999,52-629-000-000,Любинский муниципальный район,Любинский,муниципальный район,55,Омская область,55.156715,72.699005,38401.0,38168.0,8557.0,9336.0,866.0,900.0,648.0,536.0,842.0,843.0,2224.0,3597.0,19405.0,21809.0,12.0,12.0,True
1644,2018,9999,52-630-000-000,Марьяновский муниципальный район,Марьяновский,муниципальный район,55,Омская область,54.960659,72.637947,25346.0,25313.0,9955.0,10739.0,911.0,938.0,308.0,300.0,883.0,938.0,1912.0,3462.0,19923.0,22106.0,12.0,12.0,True
1645,2018,9999,52-632-000-000,Москаленский муниципальный район,Москаленский,муниципальный район,55,Омская область,54.939468,71.92588,26599.0,26392.0,8532.0,9273.0,1107.0,1244.0,362.0,414.0,1010.0,1091.0,1914.0,3501.0,19545.0,22170.0,12.0,12.0,True
1646,2018,9999,52-634-000-000,Муромцевский муниципальный район,Муромцевский,муниципальный район,55,Омская область,56.369392,75.237198,17328.0,16992.0,9927.0,10556.0,841.0,864.0,299.0,365.0,999.0,1206.0,1974.0,3198.0,18748.0,21105.0,12.0,12.0,True
1647,2018,9999,52-636-000-000,Называевский муниципальный район,Называевский,муниципальный район,55,Омская область,55.564896,71.349365,18133.0,17786.0,9029.0,9512.0,808.0,817.0,179.0,179.0,1222.0,1262.0,2055.0,3205.0,18452.0,20537.0,12.0,12.0,True
1648,2018,9999,52-639-000-000,Нижнеомский муниципальный район,Нижнеомский,муниципальный район,55,Омская область,55.43359,74.938004,12382.0,12230.0,8653.0,8981.0,939.0,922.0,150.0,189.0,922.0,997.0,1956.0,3266.0,17437.0,19059.0,12.0,12.0,True
1649,2018,9999,52-641-000-000,Нововаршавский муниципальный район,Нововаршавский,муниципальный район,55,Омская область,54.170616,74.696037,20645.0,20369.0,8914.0,9537.0,919.0,964.0,265.0,382.0,896.0,894.0,1497.0,3199.0,18334.0,21484.0,12.0,12.0,True
1650,2018,9999,52-642-000-000,Одесский муниципальный район,Одесский,муниципальный район,55,Омская область,54.20969,72.965538,16029.0,15856.0,9191.0,8892.0,803.0,771.0,282.0,251.0,1060.0,968.0,2208.0,3583.0,19070.0,20089.0,12.0,12.0,True
1651,2018,9999,52-643-000-000,Оконешниковский муниципальный район,Оконешниковский,муниципальный район,55,Омская область,54.8373364,75.0727251,11914.0,11776.0,9133.0,9064.0,912.0,898.0,239.0,207.0,1149.0,1139.0,2043.0,3208.0,19206.0,20305.0,12.0,12.0,True
1652,2018,9999,52-644-000-000,Омский муниципальный район,Омский,муниципальный район,55,Омская область,55.019558,73.580765,100896.0,100576.0,9518.0,10342.0,1200.0,1303.0,1247.0,1389.0,1693.0,1825.0,2380.0,3912.0,23320.0,26407.0,12.0,12.0,True
1653,2018,9999,52-646-000-000,Павлоградский муниципальный район,Павлоградский,муниципальный район,55,Омская область,54.205006,73.556488,17572.0,17473.0,9666.0,10082.0,805.0,940.0,265.0,273.0,862.0,916.0,1839.0,3142.0,19480.0,21261.0,12.0,12.0,True
1654,2018,9999,52-648-000-000,Полтавский муниципальный район,Полтавский,муниципальный район,55,Омская область,54.3642388,71.7609168,18394.0,18147.0,9522.0,10705.0,922.0,992.0,432.0,303.0,1156.0,1269.0,1913.0,3201.0,19611.0,22146.0,12.0,12.0,True
1655,2018,9999,52-650-000-000,Русско-Полянский муниципальный район,Русско-Полянский,муниципальный район,55,Омская область,53.780357,73.882103,15831.0,15619.0,9805.0,10653.0,778.0,815.0,189.0,205.0,922.0,1063.0,2368.0,3661.0,19156.0,21790.0,12.0,12.0,True
1656,2018,9999,52-651-000-000,Саргатский муниципальный район,Саргатский,муниципальный район,55,Омская область,55.603386,73.490257,16047.0,15815.0,9632.0,10336.0,941.0,984.0,406.0,413.0,1025.0,1064.0,2030.0,3266.0,19323.0,21002.0,12.0,12.0,True
1657,2018,9999,52-652-000-000,Седельниковский муниципальный район,Седельниковский,муниципальный район,55,Омская область,56.945618,75.306061,8285.0,8137.0,9509.0,10253.0,830.0,948.0,196.0,214.0,1086.0,1248.0,1899.0,3456.0,18058.0,20503.0,12.0,12.0,True
1658,2018,9999,52-653-000-000,Таврический муниципальный район,Таврический,муниципальный район,55,Омская область,54.586674,73.637436,33534.0,33312.0,8625.0,9295.0,957.0,1001.0,475.0,455.0,981.0,951.0,2267.0,3731.0,19602.0,21906.0,12.0,12.0,True
1659,2018,9999,52-654-000-000,Тарский муниципальный район,Тарский,муниципальный район,55,Омская область,56.8757689,74.4196755,40239.0,39838.0,10170.0,11562.0,974.0,1091.0,649.0,678.0,1367.0,1509.0,2526.0,3918.0,22389.0,25520.0,12.0,12.0,True
1660,2018,9999,52-655-000-000,Тевризский муниципальный район,Тевризский,муниципальный район,55,Омская область,57.513668,72.398911,12174.0,11958.0,10419.0,11727.0,893.0,960.0,177.0,302.0,1000.0,1261.0,2492.0,4091.0,19723.0,22945.0,12.0,12.0,True
1661,2018,9999,52-656-000-000,Тюкалинский муниципальный район,Тюкалинский,муниципальный район,55,Омская область,55.870556,72.196617,19472.0,19114.0,8837.0,9559.0,935.0,934.0,300.0,316.0,1072.0,1133.0,1827.0,2897.0,18405.0,20410.0,12.0,12.0,True
1662,2018,9999,52-657-000-000,Усть-Ишимский муниципальный район,Усть-Ишимский,муниципальный район,55,Омская область,57.693462,71.169968,9400.0,9157.0,8614.0,11263.0,960.0,995.0,830.0,201.0,1418.0,1501.0,980.0,3746.0,18841.0,22892.0,12.0,12.0,True
1663,2018,9999,52-658-000-000,Черлакский муниципальный район,Черлакский,муниципальный район,55,Омская область,54.154067,74.7974987,25357.0,24866.0,9322.0,10113.0,1041.0,1116.0,253.0,337.0,962.0,1081.0,2382.0,3595.0,19956.0,22319.0,12.0,12.0,True
1664,2018,9999,52-659-000-000,Шербакульский муниципальный район,Шербакульский,муниципальный район,55,Омская область,54.631046,72.392822,18975.0,18767.0,9942.0,10473.0,893.0,916.0,196.0,229.0,876.0,890.0,1878.0,3376.0,18789.0,21273.0,12.0,12.0,True
1665,2018,9999,53-701-000-000,городской округ город Оренбург,Оренбург,городской округ,56,Оренбургская область,51.7671248,55.0978517,552831.0,550344.0,10700.0,12241.0,1501.0,1762.0,1691.0,2008.0,2057.0,2363.0,2591.0,4324.0,28363.0,33617.0,12.0,12.0,True
1666,2018,9999,53-704-000-000,городской округ Абдулинский,Абдулинский,городской округ,56,Оренбургская область,53.6828,53.655701,23702.0,23381.0,8800.0,9451.0,1097.0,1172.0,432.0,544.0,1297.0,1326.0,2389.0,3680.0,19132.0,21582.0,12.0,12.0,True
1667,2018,9999,53-708-000-000,городской округ город Бугуруслан,Бугуруслан,городской округ,56,Оренбургская область,53.6527806,52.4340458,43072.0,42519.0,11128.0,12491.0,1388.0,1642.0,1022.0,1246.0,1543.0,1774.0,3116.0,4853.0,24833.0,29683.0,12.0,12.0,True
1668,2018,9999,53-712-000-000,городской округ город Бузулук,Бузулук,городской округ,56,Оренбургская область,52.7586837,52.28831670221607,88419.0,88339.0,11099.0,12596.0,1410.0,1656.0,1129.0,1406.0,1759.0,2046.0,2960.0,4772.0,27217.0,32480.0,12.0,12.0,True
1669,2018,9999,53-713-000-000,городской округ Гайский,Гайский,городской округ,56,Оренбургская область,51.471443,58.440517,39585.0,39040.0,9462.0,9960.0,1074.0,1128.0,754.0,787.0,693.0,668.0,2750.0,4054.0,22342.0,24477.0,12.0,12.0,True
1670,2018,9999,53-714-000-000,городской округ Кувандыкский,Кувандыкский,городской округ,56,Оренбургская область,51.478756,57.350796,40777.0,40357.0,8140.0,9469.0,1098.0,1178.0,552.0,640.0,843.0,920.0,2526.0,3942.0,19662.0,23039.0,12.0,12.0,True
1671,2018,9999,53-715-000-000,городской округ город Медногорск,Медногорск,городской округ,56,Оренбургская область,51.4049435,57.5803138,24531.0,24149.0,8689.0,9967.0,989.0,1069.0,623.0,651.0,919.0,953.0,3075.0,4412.0,20432.0,23743.0,12.0,12.0,True
1672,2018,9999,53-720-000-000,городской округ город Новотроицк,Новотроицк,городской округ,56,Оренбургская область,51.196369,58.298527,79946.0,79410.0,10510.0,12141.0,1104.0,1306.0,1174.0,1536.0,1058.0,1211.0,2716.0,4311.0,24701.0,29731.0,12.0,12.0,True
1673,2018,9999,53-723-000-000,городской округ город Орск,Орск,городской округ,56,Оренбургская область,51.2305015,58.4738015,190980.0,190318.0,10118.0,11820.0,1208.0,1424.0,1194.0,1509.0,1168.0,1411.0,2858.0,4783.0,25758.0,31635.0,12.0,12.0,True
1674,2018,9999,53-725-000-000,городской округ Соль-Илецкий,Соль-Илецкий,городской округ,56,Оренбургская область,51.161289,54.996372,45870.0,45181.0,8985.0,9782.0,996.0,1084.0,838.0,865.0,1069.0,1264.0,2223.0,3548.0,20857.0,23670.0,12.0,12.0,True
1675,2018,9999,53-727-000-000,городской округ Сорочинский,Сорочинский,городской округ,56,Оренбургская область,52.426971,53.154175,40343.0,39845.0,9967.0,11229.0,1043.0,1174.0,686.0,750.0,1372.0,1525.0,2422.0,3879.0,21672.0,25346.0,12.0,12.0,True
1676,2018,9999,53-732-000-000,городской округ Ясненский,Ясненский,городской округ,56,Оренбургская область,51.036957,59.873268,17951.0,17793.0,10141.0,9950.0,842.0,895.0,824.0,871.0,693.0,673.0,2958.0,4098.0,22561.0,23924.0,12.0,12.0,True
1678,2018,9999,53-604-000-000,Адамовский муниципальный район,Адамовский,муниципальный район,56,Оренбургская область,51.520966,59.940235,19557.0,18976.0,8291.0,9184.0,862.0,935.0,162.0,200.0,790.0,939.0,2336.0,3926.0,17188.0,20488.0,12.0,12.0,True
1679,2018,9999,53-605-000-000,Акбулакский муниципальный район,Акбулакский,муниципальный район,56,Оренбургская область,51.006439,55.62648,19217.0,19016.0,7905.0,8333.0,925.0,968.0,472.0,515.0,749.0,931.0,2304.0,3322.0,17601.0,19602.0,12.0,12.0,True
1680,2018,9999,53-606-000-000,Александровский муниципальный район,Александровский,муниципальный район,56,Оренбургская область,52.680561,54.413418,12956.0,12753.0,7655.0,9230.0,754.0,970.0,195.0,232.0,1132.0,1187.0,2215.0,3712.0,16225.0,19574.0,12.0,12.0,True
1681,2018,9999,53-607-000-000,Асекеевский муниципальный район,Асекеевский,муниципальный район,56,Оренбургская область,53.580097,52.82431,16050.0,15753.0,8886.0,9429.0,1037.0,1075.0,240.0,257.0,1173.0,1178.0,2268.0,4100.0,18484.0,21004.0,12.0,12.0,True
1682,2018,9999,53-610-000-000,Беляевский муниципальный район,Беляевский,муниципальный район,56,Оренбургская область,51.398891,56.409542,13393.0,13156.0,7393.0,8078.0,796.0,864.0,404.0,399.0,776.0,516.0,1640.0,2667.0,16709.0,18673.0,12.0,12.0,True
1683,2018,9999,53-611-000-000,Бугурусланский муниципальный район,Бугурусланский,муниципальный район,56,Оренбургская область,53.6527806,52.4340458,16658.0,16252.0,9668.0,10757.0,1251.0,1347.0,895.0,1016.0,1465.0,1685.0,2878.0,4206.0,22401.0,25357.0,12.0,12.0,True
1684,2018,9999,53-612-000-000,Бузулукский муниципальный район,Бузулукский,муниципальный район,56,Оренбургская область,52.7586837,52.28831670221607,31261.0,30955.0,9815.0,10149.0,1046.0,1158.0,670.0,926.0,1412.0,1469.0,2078.0,4230.0,21563.0,24764.0,6.0,2.0,True
1685,2018,9999,53-615-000-000,Грачёвский муниципальный район,Грачёвский,муниципальный район,56,Оренбургская область,52.919601,52.879501,10778.0,10558.0,8632.0,9481.0,1253.0,1270.0,258.0,315.0,803.0,783.0,2083.0,3384.0,18643.0,20965.0,12.0,12.0,True
1686,2018,9999,53-617-000-000,Домбаровский муниципальный район,Домбаровский,муниципальный район,56,Оренбургская область,50.760067,59.536777,11377.0,11105.0,9012.0,8744.0,802.0,771.0,278.0,340.0,736.0,762.0,2805.0,4065.0,18873.0,20530.0,12.0,12.0,True
1687,2018,9999,53-619-000-000,Илекский муниципальный район,Илекский,муниципальный район,56,Оренбургская область,51.527264,53.383327,25508.0,25229.0,8744.0,9279.0,794.0,785.0,317.0,288.0,1074.0,1088.0,2067.0,3240.0,18273.0,20067.0,12.0,12.0,True
1688,2018,9999,53-622-000-000,Кваркенский муниципальный район,Кваркенский,муниципальный район,56,Оренбургская область,52.084141,59.722305,14901.0,14438.0,7796.0,8429.0,817.0,886.0,214.0,223.0,857.0,997.0,2396.0,4044.0,18253.0,21031.0,12.0,12.0,True
1689,2018,9999,53-623-000-000,Красногвардейский муниципальный район,Красногвардейский,муниципальный район,56,Оренбургская область,52.8480171,53.4871553,17170.0,16960.0,9218.0,10091.0,984.0,1090.0,309.0,295.0,1240.0,1287.0,2515.0,3929.0,19231.0,21731.0,12.0,12.0,True
1690,2018,9999,53-625-000-000,Курманаевский муниципальный район,Курманаевский,муниципальный район,56,Оренбургская область,52.506886,52.067692,14428.0,14152.0,8850.0,9632.0,1019.0,1130.0,277.0,265.0,907.0,870.0,2284.0,3617.0,18098.0,20250.0,12.0,12.0,True
1691,2018,9999,53-627-000-000,Матвеевский муниципальный район,Матвеевский,муниципальный район,56,Оренбургская область,53.511856,53.482029,9034.0,8826.0,8285.0,8735.0,1123.0,1173.0,274.0,314.0,1178.0,1189.0,1955.0,3201.0,17309.0,19314.0,12.0,12.0,True
1692,2018,9999,53-630-000-000,Новоорский муниципальный район,Новоорский,муниципальный район,56,Оренбургская область,51.3812897,58.9857207,23850.0,23447.0,8043.0,8832.0,917.0,998.0,296.0,336.0,612.0,641.0,2578.0,4093.0,17857.0,20634.0,12.0,12.0,True
1693,2018,9999,53-631-000-000,Новосергиевский муниципальный район,Новосергиевский,муниципальный район,56,Оренбургская область,52.081001,53.653702,29332.0,28827.0,9153.0,9887.0,1113.0,1190.0,348.0,372.0,1093.0,1104.0,1898.0,3176.0,19578.0,21901.0,12.0,12.0,True
1694,2018,9999,53-633-000-000,Октябрьский муниципальный район,Октябрьский,муниципальный район,56,Оренбургская область,52.345226,55.507576,17286.0,17079.0,8245.0,8589.0,988.0,1023.0,497.0,483.0,861.0,816.0,2061.0,3528.0,17911.0,19686.0,12.0,12.0,True
1695,2018,9999,53-634-000-000,Оренбургский муниципальный район,Оренбургский,муниципальный район,56,Оренбургская область,51.7671248,55.0978517,115724.0,118373.0,8876.0,10584.0,1273.0,1406.0,982.0,1549.0,1503.0,1984.0,2171.0,5615.0,22972.0,31388.0,3.0,7.0,True
1696,2018,9999,53-636-000-000,Первомайский муниципальный район,Первомайский,муниципальный район,56,Оренбургская область,51.902344,51.639091,21087.0,20575.0,8382.0,9201.0,881.0,989.0,329.0,338.0,990.0,1023.0,2393.0,3810.0,18382.0,20790.0,12.0,12.0,True
1697,2018,9999,53-637-000-000,Переволоцкий муниципальный район,Переволоцкий,муниципальный район,56,Оренбургская область,51.8749502,54.2080495,20555.0,20288.0,8876.0,9494.0,839.0,876.0,445.0,403.0,982.0,917.0,1988.0,3543.0,18051.0,20088.0,12.0,12.0,True
1698,2018,9999,53-638-000-000,Пономарёвский муниципальный район,Пономарёвский,муниципальный район,56,Оренбургская область,53.314846,54.121265,13036.0,12885.0,8588.0,9191.0,988.0,1082.0,215.0,334.0,1146.0,1064.0,2772.0,3996.0,18792.0,21049.0,12.0,12.0,True
1699,2018,9999,53-640-000-000,Сакмарский муниципальный район,Сакмарский,муниципальный район,56,Оренбургская область,51.9846,55.333401,29265.0,29252.0,8181.0,8413.0,785.0,767.0,333.0,396.0,735.0,666.0,1929.0,3271.0,16920.0,18286.0,12.0,12.0,True
1700,2018,9999,53-641-000-000,Саракташский муниципальный район,Саракташский,муниципальный район,56,Оренбургская область,51.7833,56.3591,40080.0,39786.0,8398.0,8980.0,953.0,1024.0,633.0,594.0,952.0,990.0,2170.0,3258.0,19014.0,20890.0,12.0,12.0,True
1701,2018,9999,53-642-000-000,Светлинский муниципальный район,Светлинский,муниципальный район,56,Оренбургская область,50.820313,60.850288,9948.0,9689.0,9188.0,10091.0,962.0,1137.0,362.0,471.0,550.0,619.0,3395.0,4876.0,20676.0,23884.0,12.0,12.0,True
1702,2018,9999,53-643-000-000,Северный муниципальный район,Северный,муниципальный район,56,Оренбургская область,54.091789,52.541626,10948.0,10754.0,8712.0,9112.0,1115.0,1039.0,332.0,282.0,998.0,906.0,2494.0,3878.0,17861.0,19470.0,12.0,12.0,True
1703,2018,9999,53-651-000-000,Ташлинский муниципальный район,Ташлинский,муниципальный район,56,Оренбургская область,51.7696795,52.7403401,20103.0,19856.0,8563.0,9301.0,878.0,925.0,486.0,503.0,1035.0,1089.0,2067.0,3313.0,17747.0,19995.0,12.0,12.0,True
1704,2018,9999,53-652-000-000,Тоцкий муниципальный район,Тоцкий,муниципальный район,56,Оренбургская область,52.530071,52.748413,31220.0,30816.0,9610.0,11169.0,1086.0,1303.0,1094.0,1280.0,1253.0,1376.0,3367.0,5359.0,24737.0,29990.0,12.0,12.0,True
1705,2018,9999,53-653-000-000,Тюльганский муниципальный район,Тюльганский,муниципальный район,56,Оренбургская область,52.342068,56.161255,17316.0,17089.0,7749.0,8300.0,893.0,998.0,393.0,370.0,890.0,833.0,2457.0,3729.0,17941.0,19622.0,12.0,12.0,True
1706,2018,9999,53-656-000-000,Шарлыкский муниципальный район,Шарлыкский,муниципальный район,56,Оренбургская область,52.9276338,54.7455627,14948.0,14855.0,7996.0,8363.0,999.0,1145.0,494.0,491.0,1063.0,981.0,2181.0,3350.0,17696.0,19351.0,12.0,12.0,True
1707,2018,9999,54-701-000-000,городской округ город Орёл,Орёл,городской округ,57,Орловская область,52.96801714999999,36.09949941816104,296633.0,292406.0,11537.0,13193.0,1580.0,1816.0,1417.0,1715.0,1850.0,2180.0,3137.0,4748.0,28336.0,33286.0,12.0,12.0,True
1708,2018,9999,54-705-000-000,городской округ город Ливны,Ливны,городской округ,57,Орловская область,52.42861105,37.60360592292363,42928.0,42694.0,9990.0,11236.0,1183.0,1286.0,716.0,811.0,1197.0,1304.0,3532.0,5008.0,23012.0,26384.0,12.0,12.0,True
1709,2018,9999,54-710-000-000,городской округ город Мценск,Мценск,городской округ,57,Орловская область,53.28197315,36.56915665105407,36070.0,35554.0,11173.0,12589.0,1254.0,1377.0,753.0,1028.0,1236.0,1303.0,3388.0,4922.0,25475.0,29191.0,12.0,12.0,True
1710,2018,9999,54-604-000-000,Болховский муниципальный район,Болховский,муниципальный район,57,Орловская область,53.448994,36.002232,15224.0,14977.0,9124.0,9555.0,1027.0,1016.0,443.0,390.0,1072.0,987.0,3293.0,4528.0,20447.0,21836.0,12.0,12.0,True
1711,2018,9999,54-608-000-000,Верховский муниципальный район,Верховский,муниципальный район,57,Орловская область,52.810467,37.239925,14730.0,14493.0,10166.0,10707.0,1168.0,1238.0,296.0,364.0,919.0,784.0,3451.0,4621.0,21047.0,23395.0,12.0,12.0,True
1712,2018,9999,54-610-000-000,Глазуновский муниципальный район,Глазуновский,муниципальный район,57,Орловская область,52.499466,36.322838,10245.0,10168.0,9259.0,9608.0,945.0,829.0,278.0,273.0,883.0,800.0,2817.0,4134.0,18823.0,20094.0,12.0,12.0,True
1713,2018,9999,54-612-000-000,Дмитровский муниципальный район,Дмитровский,муниципальный район,57,Орловская область,52.509418,35.145725,10480.0,10381.0,8012.0,7952.0,1053.0,1110.0,233.0,216.0,715.0,675.0,2537.0,3741.0,18250.0,19533.0,12.0,7.0,True
1714,2018,9999,54-615-000-000,Должанский муниципальный район,Должанский,муниципальный район,57,Орловская область,52.0552637,37.5295749,8684.0,8587.0,8760.0,9175.0,1007.0,1006.0,263.0,271.0,1182.0,1198.0,3183.0,4575.0,18736.0,20984.0,12.0,12.0,True
1715,2018,9999,54-618-000-000,Залегощенский муниципальный район,Залегощенский,муниципальный район,57,Орловская область,52.90242,36.893154,11725.0,11724.0,9246.0,10085.0,951.0,960.0,246.0,245.0,810.0,766.0,2453.0,3776.0,18744.0,20662.0,12.0,12.0,True
1716,2018,9999,54-620-000-000,Знаменский муниципальный район,Знаменский,муниципальный район,57,Орловская область,53.276566,35.682129,4253.0,4269.0,9454.0,,1031.0,,170.0,,897.0,,2526.0,,18922.0,,3.0,,True
1717,2018,9999,54-623-000-000,Колпнянский муниципальный район,Колпнянский,муниципальный район,57,Орловская область,52.222736,37.028606,12459.0,12286.0,8871.0,9588.0,808.0,935.0,303.0,308.0,988.0,1015.0,3272.0,4841.0,18738.0,22016.0,12.0,12.0,True
1718,2018,9999,54-624-000-000,Краснозоренский муниципальный район,Краснозоренский,муниципальный район,57,Орловская область,52.780712,37.690243,5146.0,5084.0,9717.0,10664.0,863.0,963.0,149.0,199.0,969.0,959.0,3483.0,5253.0,19417.0,22375.0,12.0,12.0,True
1719,2018,9999,54-625-000-000,Кромской муниципальный район,Кромской,муниципальный район,57,Орловская область,52.688126,35.768337,20502.0,20537.0,11304.0,11956.0,1357.0,1346.0,702.0,637.0,1638.0,1293.0,3559.0,5258.0,24973.0,26638.0,12.0,12.0,True
1720,2018,9999,54-626-000-000,Корсаковский муниципальный район,Корсаковский,муниципальный район,57,Орловская область,53.266396,37.358795,3814.0,3706.0,11573.0,12464.0,983.0,1108.0,180.0,164.0,747.0,758.0,2520.0,6360.0,21086.0,26210.0,4.0,2.0,True
1721,2018,9999,54-629-000-000,Ливенский муниципальный район,Ливенский,муниципальный район,57,Орловская область,52.42861105,37.60360592292363,26000.0,25788.0,9276.0,9778.0,1040.0,1200.0,440.0,407.0,1263.0,1152.0,2919.0,4280.0,20682.0,23309.0,9.0,3.0,True
1722,2018,9999,54-632-000-000,Малоархангельский муниципальный район,Малоархангельский,муниципальный район,57,Орловская область,52.399578,36.504021,9363.0,9312.0,9961.0,10568.0,1060.0,1061.0,229.0,206.0,1128.0,1061.0,2991.0,4380.0,20202.0,22354.0,12.0,12.0,True
1723,2018,9999,54-636-000-000,Мценский муниципальный район,Мценский,муниципальный район,57,Орловская область,53.28197315,36.56915665105407,16795.0,16482.0,9585.0,11471.0,1093.0,966.0,463.0,371.0,1153.0,823.0,2722.0,6742.0,21839.0,26992.0,9.0,1.0,True
1724,2018,9999,54-639-000-000,Новодеревеньковский муниципальный район,Новодеревеньковский,муниципальный район,57,Орловская область,52.854115,37.446629,9076.0,9028.0,11152.0,12003.0,1085.0,1063.0,189.0,230.0,1119.0,1192.0,2899.0,3749.0,20624.0,22071.0,12.0,12.0,True
1725,2018,9999,54-643-000-000,Новосильский муниципальный район,Новосильский,муниципальный район,57,Орловская область,52.972939,37.041908,6700.0,6534.0,9731.0,10429.0,1070.0,1054.0,235.0,244.0,996.0,1008.0,2887.0,4621.0,19025.0,21838.0,12.0,12.0,True
1726,2018,9999,54-501-000-000,муниципальный округ Орловский,Орловский,муниципальный округ,57,Орловская область,52.96801714999999,36.09949941816104,70123.0,69588.0,11226.0,13090.0,1436.0,1658.0,1417.0,1813.0,2117.0,2535.0,3660.0,5340.0,29112.0,34459.0,12.0,12.0,True
1727,2018,9999,54-650-000-000,Покровский муниципальный район,Покровский,муниципальный район,57,Орловская область,52.607849,36.866261,11950.0,11873.0,10478.0,11055.0,1098.0,1065.0,383.0,356.0,1140.0,1120.0,2747.0,4065.0,19654.0,21383.0,12.0,12.0,True
1728,2018,9999,54-652-000-000,Свердловский муниципальный район,Свердловский,муниципальный район,57,Орловская область,52.672192,36.380112,13382.0,13337.0,9485.0,9794.0,1001.0,1004.0,336.0,333.0,772.0,627.0,2907.0,3997.0,18599.0,20174.0,12.0,12.0,True
1729,2018,9999,54-653-000-000,Сосковский муниципальный район,Сосковский,муниципальный район,57,Орловская область,52.74749,35.38665,5116.0,5062.0,8437.0,,1110.0,,200.0,,964.0,,817.0,,16958.0,,3.0,,True
1730,2018,9999,54-654-000-000,Троснянский муниципальный район,Троснянский,муниципальный район,57,Орловская область,52.448105,35.780979,7739.0,7678.0,9313.0,9698.0,1025.0,986.0,285.0,202.0,967.0,838.0,1870.0,3516.0,19034.0,21329.0,12.0,12.0,True
1731,2018,9999,54-655-000-000,Урицкий муниципальный район,Урицкий,муниципальный район,57,Орловская область,52.97002115,35.71989336815815,17312.0,17284.0,8985.0,8870.0,870.0,831.0,459.0,433.0,911.0,728.0,2758.0,4180.0,19081.0,19882.0,12.0,12.0,True
1732,2018,9999,54-657-000-000,Хотынецкий муниципальный район,Хотынецкий,муниципальный район,57,Орловская область,53.12459645,35.40448606686389,7911.0,7819.0,9362.0,10233.0,1114.0,1111.0,176.0,264.0,1073.0,1055.0,2747.0,4100.0,18440.0,21341.0,12.0,12.0,True
1733,2018,9999,54-659-000-000,Шаблыкинский муниципальный район,Шаблыкинский,муниципальный район,57,Орловская область,52.853958,35.195244,5916.0,5835.0,9312.0,9293.0,996.0,925.0,136.0,133.0,622.0,743.0,2744.0,3972.0,19366.0,20073.0,12.0,12.0,True
1734,2018,9999,56-701-000-000,городской округ город Пенза,Пенза,городской округ,58,Пензенская область,53.1937836,45.00674125060966,,,,,,,,,,,,,,,,,False
1735,2018,9999,56-705-000-000,городской округ город Кузнецк,Кузнецк,городской округ,58,Пензенская область,53.11946635,46.59347676165702,0.0,0.0,,,,,,,,,,,,,,,False
1736,2018,9999,56-734-000-000,городской округ ЗАТО город Заречный,Заречный,городской округ,58,Пензенская область,53.196014,45.169273,58550.0,,,,,,,,,,,,,,,,False
1737,2018,9999,56-603-000-000,Башмаковский муниципальный район,Башмаковский,муниципальный район,58,Пензенская область,53.2122204,43.0360244,19237.0,19102.0,9952.0,10574.0,1046.0,1086.0,196.0,274.0,1035.0,977.0,3485.0,4760.0,19808.0,22014.0,12.0,12.0,True
1738,2018,9999,56-609-000-000,Бековский муниципальный район,Бековский,муниципальный район,58,Пензенская область,52.4581207,43.7039446,13678.0,13474.0,8747.0,10194.0,1216.0,1289.0,370.0,614.0,1113.0,1135.0,3588.0,5338.0,19218.0,22969.0,12.0,12.0,True
1739,2018,9999,56-612-000-000,Белинский муниципальный район,Белинский,муниципальный район,58,Пензенская область,52.9669338,43.4130625,24016.0,23699.0,8410.0,8837.0,1232.0,1197.0,129.0,164.0,1129.0,1011.0,3183.0,4386.0,18134.0,20144.0,12.0,12.0,True
1740,2018,9999,56-613-000-000,Бессоновский муниципальный район,Бессоновский,муниципальный район,58,Пензенская область,53.309643,45.041382,45314.0,44901.0,9119.0,10236.0,1135.0,1225.0,580.0,859.0,1420.0,1699.0,2810.0,4360.0,21035.0,25023.0,12.0,12.0,True
1741,2018,9999,56-615-000-000,Вадинский муниципальный район,Вадинский,муниципальный район,58,Пензенская область,53.689247,43.044308,7239.0,7153.0,9018.0,10396.0,980.0,1053.0,103.0,104.0,1014.0,1065.0,2983.0,4459.0,17535.0,21208.0,12.0,12.0,True
1742,2018,9999,56-618-000-000,Городищенский муниципальный район,Городищенский,муниципальный район,58,Пензенская область,53.273724,45.702282,45423.0,45419.0,6815.0,7494.0,949.0,1013.0,799.0,717.0,880.0,976.0,2976.0,4528.0,16844.0,19328.0,12.0,12.0,True
1743,2018,9999,56-623-000-000,Земетчинский муниципальный район,Земетчинский,муниципальный район,58,Пензенская область,53.4947753,42.618641,18759.0,18592.0,8701.0,9569.0,1028.0,1164.0,127.0,145.0,1205.0,1305.0,3140.0,4272.0,18070.0,21061.0,12.0,12.0,True
1744,2018,9999,56-626-000-000,Иссинский муниципальный район,Иссинский,муниципальный район,58,Пензенская область,53.865589,44.839645,8420.0,8268.0,7872.0,8274.0,1224.0,1541.0,206.0,294.0,1004.0,1009.0,2735.0,4294.0,17504.0,20416.0,12.0,12.0,True
1745,2018,9999,56-629-000-000,Каменский муниципальный район,Каменский,муниципальный район,58,Пензенская область,53.1850012,44.0529066,48988.0,48394.0,9492.0,10452.0,1155.0,1273.0,286.0,350.0,1105.0,1132.0,2748.0,3970.0,20351.0,23144.0,12.0,12.0,True
1746,2018,9999,56-631-000-000,Камешкирский муниципальный район,Камешкирский,муниципальный район,58,Пензенская область,52.862823,46.091095,10012.0,9895.0,8616.0,9021.0,1029.0,1053.0,112.0,117.0,1044.0,1019.0,2245.0,3410.0,17511.0,18797.0,12.0,12.0,True
1747,2018,9999,56-633-000-000,Колышлейский муниципальный район,Колышлейский,муниципальный район,58,Пензенская область,52.702633,44.535477,20763.0,20513.0,8557.0,9512.0,1025.0,1140.0,252.0,270.0,1029.0,1031.0,2884.0,4057.0,18016.0,20621.0,12.0,12.0,True
1748,2018,9999,56-640-000-000,Кузнецкий муниципальный район,Кузнецкий,муниципальный район,58,Пензенская область,53.11946635,46.59347676165702,33979.0,33481.0,,,,,,,,,,,,,,,False
1749,2018,9999,56-642-000-000,Лопатинский муниципальный район,Лопатинский,муниципальный район,58,Пензенская область,52.614059,45.810112,11418.0,11327.0,7759.0,8119.0,1117.0,1230.0,149.0,148.0,921.0,897.0,2261.0,3580.0,15805.0,17635.0,12.0,12.0,True
1750,2018,9999,56-643-000-000,Лунинский муниципальный район,Лунинский,муниципальный район,58,Пензенская область,53.588295,45.222881,15887.0,15623.0,8381.0,9301.0,986.0,1044.0,156.0,144.0,915.0,819.0,2674.0,4031.0,17219.0,19586.0,12.0,12.0,True
1751,2018,9999,56-644-000-000,Малосердобинский муниципальный район,Малосердобинский,муниципальный район,58,Пензенская область,52.46751,44.957035,8054.0,7959.0,8218.0,9015.0,906.0,1064.0,95.0,127.0,995.0,934.0,2625.0,4246.0,17117.0,19613.0,12.0,12.0,True
1752,2018,9999,56-645-000-000,Мокшанский муниципальный район,Мокшанский,муниципальный район,58,Пензенская область,53.439527,44.6059867,23972.0,23532.0,8271.0,9025.0,1065.0,1068.0,529.0,566.0,1044.0,923.0,2692.0,3957.0,18211.0,20399.0,12.0,12.0,True
1753,2018,9999,56-647-000-000,Наровчатский муниципальный район,Наровчатский,муниципальный район,58,Пензенская область,53.879417,43.699471,9855.0,9756.0,8872.0,10058.0,1191.0,1171.0,174.0,200.0,1016.0,932.0,2899.0,4141.0,18081.0,20567.0,12.0,12.0,True
1754,2018,9999,56-649-000-000,Неверкинский муниципальный район,Неверкинский,муниципальный район,58,Пензенская область,52.79063,46.738441,13276.0,13081.0,7245.0,7587.0,813.0,839.0,228.0,178.0,1078.0,1161.0,1892.0,3211.0,15464.0,17352.0,12.0,12.0,True
1755,2018,9999,56-651-000-000,Нижнеломовский муниципальный район,Нижнеломовский,муниципальный район,58,Пензенская область,53.529991,43.673626,35895.0,35595.0,9900.0,10329.0,1153.0,1191.0,240.0,309.0,1058.0,1000.0,3348.0,4980.0,20506.0,22867.0,12.0,12.0,True
1756,2018,9999,56-653-000-000,Никольский муниципальный район,Никольский,муниципальный район,58,Пензенская область,53.714596,46.085175,27852.0,27530.0,8276.0,8799.0,1102.0,1134.0,288.0,360.0,1002.0,1053.0,2769.0,3929.0,17892.0,19882.0,12.0,12.0,True
1757,2018,9999,56-654-000-000,Пачелмский муниципальный район,Пачелмский,муниципальный район,58,Пензенская область,53.3320723,43.3199188,13098.0,12972.0,8232.0,8645.0,1058.0,1065.0,150.0,200.0,835.0,755.0,3859.0,5181.0,17847.0,19605.0,12.0,12.0,True
1758,2018,9999,56-655-000-000,Пензенский муниципальный район,Пензенский,муниципальный район,58,Пензенская область,52.824474,45.049759,66046.0,66409.0,10676.0,12248.0,1486.0,1718.0,1378.0,1752.0,2032.0,2378.0,3211.0,4935.0,27344.0,32347.0,12.0,12.0,True
1759,2018,9999,56-656-000-000,Сердобский муниципальный район,Сердобский,муниципальный район,58,Пензенская область,52.4559067,44.2029162,44853.0,44283.0,9282.0,10068.0,1249.0,1301.0,313.0,421.0,1009.0,976.0,2662.0,3931.0,20351.0,22998.0,12.0,12.0,True
1760,2018,9999,56-657-000-000,Сосновоборский муниципальный район,Сосновоборский,муниципальный район,58,Пензенская область,53.294201,46.245583,13770.0,13512.0,8683.0,9561.0,1172.0,1335.0,500.0,662.0,1405.0,1528.0,2680.0,4052.0,19733.0,22372.0,12.0,12.0,True
1761,2018,9999,56-606-000-000,Спасский муниципальный район,Спасский,муниципальный район,58,Пензенская область,53.92689525,43.19261628955434,11004.0,10833.0,9116.0,10440.0,1099.0,1262.0,192.0,289.0,1115.0,1258.0,3309.0,4670.0,18894.0,22589.0,12.0,12.0,True
1762,2018,9999,56-658-000-000,Тамалинский муниципальный район,Тамалинский,муниципальный район,58,Пензенская область,52.539822,43.255024,12852.0,12659.0,8119.0,9176.0,1064.0,1184.0,168.0,284.0,1030.0,1074.0,3564.0,4703.0,18117.0,20857.0,12.0,12.0,True
1763,2018,9999,56-659-000-000,Шемышейский муниципальный район,Шемышейский,муниципальный район,58,Пензенская область,52.894306,45.392784,14532.0,14346.0,8044.0,8508.0,908.0,915.0,165.0,186.0,982.0,878.0,2330.0,3433.0,16100.0,17874.0,12.0,8.0,True
1764,2018,9999,58-701-000-000,городской округ город Псков,Псков,городской округ,60,Псковская область,57.8173923,28.3343465,189315.0,187129.0,12677.0,14369.0,1531.0,1850.0,1706.0,2120.0,2082.0,2427.0,3413.0,5198.0,31531.0,37266.0,12.0,12.0,True
1765,2018,9999,58-710-000-000,городской округ город Великие Луки,Великие Луки,городской округ,60,Псковская область,56.342361,30.527922,85989.0,85442.0,11553.0,13012.0,1423.0,1695.0,918.0,1204.0,1601.0,1870.0,3266.0,4963.0,26702.0,31650.0,12.0,12.0,True
1766,2018,9999,58-604-000-000,Бежаницкий муниципальный район,Бежаницкий,муниципальный район,60,Псковская область,56.9738846,29.8845309,10091.0,9802.0,11245.0,12037.0,966.0,998.0,424.0,563.0,1138.0,1119.0,2644.0,4049.0,21684.0,24267.0,12.0,12.0,True
1767,2018,9999,58-606-000-000,Великолукский муниципальный район,Великолукский,муниципальный район,60,Псковская область,56.342361,30.527922,19148.0,19020.0,10867.0,11921.0,1154.0,1500.0,593.0,886.0,1607.0,1829.0,3085.0,5101.0,24061.0,30169.0,11.0,7.0,True
1768,2018,9999,58-608-000-000,Гдовский муниципальный район,Гдовский,муниципальный район,60,Псковская область,58.743066,27.8156854,8832.0,8544.0,10458.0,10712.0,850.0,856.0,666.0,749.0,1076.0,1060.0,2944.0,4785.0,20589.0,23208.0,12.0,12.0,True
1769,2018,9999,58-610-000-000,Дедовичский муниципальный район,Дедовичский,муниципальный район,60,Псковская область,57.551205,29.945297,11661.0,11451.0,11172.0,11778.0,982.0,1100.0,370.0,519.0,1188.0,1292.0,3156.0,4427.0,22349.0,24809.0,12.0,12.0,True
1770,2018,9999,58-612-000-000,Дновский муниципальный район,Дновский,муниципальный район,60,Псковская область,57.8288277,29.9611357,10696.0,10547.0,11583.0,12469.0,927.0,1018.0,445.0,659.0,1029.0,1142.0,3207.0,4746.0,23254.0,26625.0,12.0,12.0,True
1771,2018,9999,58-514-000-000,муниципальный округ Красногородский,Красногородский,муниципальный округ,60,Псковская область,56.830654,28.284595,6366.0,6202.0,10754.0,11922.0,842.0,1011.0,345.0,475.0,1168.0,1256.0,3172.0,4638.0,19706.0,23033.0,12.0,12.0,True
1772,2018,9999,58-616-000-000,Куньинский муниципальный район,Куньинский,муниципальный район,60,Псковская область,56.294902,30.9819213,7497.0,7380.0,10032.0,,929.0,,143.0,,1241.0,,1807.0,,18015.0,,3.0,,True
1773,2018,9999,58-518-000-000,муниципальный округ Локнянский,Локнянский,муниципальный округ,60,Псковская область,56.824783,30.144482,7595.0,7535.0,10154.0,10829.0,989.0,1078.0,236.0,278.0,987.0,1110.0,3036.0,4468.0,19956.0,22598.0,12.0,12.0,True
1774,2018,9999,58-520-000-000,муниципальный округ Невельский,Невельский,муниципальный округ,60,Псковская область,56.017616,29.917128,20868.0,20417.0,9286.0,8728.0,982.0,976.0,268.0,332.0,1126.0,1125.0,3434.0,4863.0,20810.0,22393.0,12.0,12.0,True
1775,2018,9999,58-523-000-000,муниципальный округ Новоржевский,Новоржевский,муниципальный округ,60,Псковская область,57.031181,29.332918,7785.0,7682.0,11079.0,11996.0,942.0,1009.0,431.0,491.0,1079.0,1176.0,2780.0,4182.0,20287.0,23379.0,12.0,12.0,True
1776,2018,9999,58-626-000-000,Новосокольнический муниципальный район,Новосокольнический,муниципальный район,60,Псковская область,56.34245945,30.15707084017992,11644.0,11427.0,9968.0,10868.0,926.0,1049.0,243.0,278.0,774.0,738.0,2924.0,4298.0,20775.0,23425.0,12.0,12.0,True
1777,2018,9999,58-529-000-000,муниципальный округ Опочецкий,Опочецкий,муниципальный округ,60,Псковская область,56.71167,28.656818,15063.0,14690.0,11087.0,12215.0,943.0,1167.0,359.0,472.0,1274.0,1347.0,2937.0,4206.0,21679.0,24644.0,12.0,12.0,True
1778,2018,9999,58-633-000-000,Островский муниципальный район,Островский,муниципальный район,60,Псковская область,57.3414472,28.33858206894103,26776.0,26618.0,10886.0,11946.0,1052.0,1235.0,758.0,864.0,1221.0,1341.0,3094.0,4447.0,23124.0,26566.0,12.0,12.0,True
1779,2018,9999,58-637-000-000,Палкинский муниципальный район,Палкинский,муниципальный район,60,Псковская область,57.540539,28.009026,7371.0,7208.0,9840.0,,758.0,,296.0,,1076.0,,3009.0,,20124.0,,7.0,,True
1780,2018,9999,58-540-000-000,муниципальный округ Печорский,Печорский,муниципальный округ,60,Псковская область,57.813305,27.608185,18602.0,18184.0,10711.0,11107.0,1105.0,1216.0,439.0,482.0,1053.0,1054.0,3012.0,4450.0,22266.0,24491.0,12.0,12.0,True
1781,2018,9999,58-643-000-000,Плюсский муниципальный район,Плюсский,муниципальный район,60,Псковская область,58.420612,29.3706,6386.0,6131.0,12554.0,12849.0,577.0,840.0,160.0,266.0,992.0,995.0,3038.0,4321.0,21376.0,23403.0,12.0,12.0,True
1782,2018,9999,58-647-000-000,Порховский муниципальный район,Порховский,муниципальный район,60,Псковская область,57.7680489,29.55114188079801,15065.0,14635.0,11206.0,11932.0,944.0,1026.0,388.0,493.0,1095.0,1168.0,2773.0,3978.0,22198.0,24793.0,12.0,12.0,True
1783,2018,9999,58-649-000-000,Псковский муниципальный район,Псковский,муниципальный район,60,Псковская область,57.8173923,28.3343465,43640.0,44749.0,13243.0,15052.0,1604.0,2006.0,1999.0,2556.0,2537.0,2965.0,4099.0,6028.0,34986.0,41835.0,12.0,12.0,True
1784,2018,9999,58-650-000-000,Пустошкинский муниципальный район,Пустошкинский,муниципальный район,60,Псковская область,56.33481725,29.37414069021668,7404.0,7174.0,10644.0,10918.0,1070.0,1115.0,191.0,212.0,1248.0,1278.0,3036.0,4523.0,21492.0,23531.0,12.0,12.0,True
1785,2018,9999,58-651-000-000,Пушкиногорский муниципальный район,Пушкиногорский,муниципальный район,60,Псковская область,57.018421,28.917532,7278.0,7103.0,10972.0,11675.0,1053.0,1082.0,475.0,553.0,1196.0,1311.0,3627.0,5097.0,23164.0,25614.0,12.0,12.0,True
1786,2018,9999,58-553-000-000,муниципальный округ Пыталовский,Пыталовский,муниципальный округ,60,Псковская область,57.062908,27.921061,9603.0,9542.0,10656.0,11282.0,803.0,895.0,762.0,855.0,1039.0,1060.0,3245.0,4837.0,22344.0,24599.0,12.0,12.0,True
1787,2018,9999,58-654-000-000,Себежский муниципальный район,Себежский,муниципальный район,60,Псковская область,56.2774187,28.4848862,18606.0,18348.0,11031.0,12158.0,852.0,926.0,355.0,413.0,1661.0,1745.0,4369.0,6128.0,23562.0,26949.0,12.0,12.0,True
1788,2018,9999,58-556-000-000,муниципальный округ Струго-Красненский,Струго-Красненский,муниципальный округ,60,Псковская область,58.2693219,29.1115963,9758.0,9467.0,11523.0,12527.0,991.0,1091.0,703.0,857.0,1104.0,1213.0,3170.0,4665.0,22521.0,26179.0,12.0,12.0,True
1789,2018,9999,58-658-000-000,Усвятский муниципальный район,Усвятский,муниципальный район,60,Псковская область,55.7432428,30.7538528,4747.0,4720.0,10008.0,11232.0,834.0,972.0,125.0,129.0,1335.0,1181.0,2944.0,4875.0,19135.0,22273.0,10.0,12.0,True
1790,2018,9999,60-701-000-000,городской округ город Ростов-на-Дону,Ростов-на-Дону,городской округ,61,Ростовская область,47.2216548,39.7096061,1135968.0,1140487.0,,,,,,,,,,,,,,,False
1791,2018,9999,60-704-000-000,городской округ город Азов,Азов,городской округ,61,Ростовская область,47.1139219,39.4259657,80757.0,80381.0,,,,,,,,,,,,,,,False
1792,2018,9999,60-707-000-000,городской округ город Батайск,Батайск,городской округ,61,Ростовская область,47.107994,39.76833214202735,125523.0,124987.0,,,,,,,,,,,,,,,False
1793,2018,9999,60-712-000-000,городской округ город Волгодонск,Волгодонск,городской округ,61,Ростовская область,47.5412272,42.22788957160185,165567.0,163963.0,,,,,,,,,,,,,,,False
1794,2018,9999,60-715-000-000,городской округ город Гуково,Гуково,городской округ,61,Ростовская область,48.0460281,39.94867724242869,59293.0,58965.0,,,,,,,,,,,,,,,False
1795,2018,9999,60-717-000-000,городской округ город Донецк,Донецк,городской округ,61,Ростовская область,48.31877129999999,39.96400656850676,46105.0,45737.0,,,,,,,,,,,,,,,False
1796,2018,9999,60-718-000-000,городской округ город Зверево,Зверево,городской округ,61,Ростовская область,48.020645,40.118561,19592.0,19332.0,,,,,,,,,,,,,,,False
1797,2018,9999,60-719-000-000,городской округ город Каменск-Шахтинский,Каменск-Шахтинский,городской округ,61,Ростовская область,48.27551875,40.2318349278581,84542.0,83286.0,,,,,,,,,,,,,,,False
1798,2018,9999,60-727-000-000,городской округ город Новочеркасск,Новочеркасск,городской округ,61,Ростовская область,47.41974955,40.08673295927329,160782.0,160529.0,,,,,,,,,,,,,,,False
1799,2018,9999,60-730-000-000,городской округ город Новошахтинск,Новошахтинск,городской округ,61,Ростовская область,47.79626975,39.89356042203926,101708.0,101483.0,,,,,,,,,,,,,,,False
1800,2018,9999,60-737-000-000,городской округ город Таганрог,Таганрог,городской округ,61,Ростовская область,47.2392184,38.87550310009352,242327.0,241557.0,,,,,,,,,,,,,,,False
1801,2018,9999,60-740-000-000,городской округ город Шахты,Шахты,городской округ,61,Ростовская область,47.7119167,40.2115699,222489.0,220802.0,,,,,,,,,,,,,,,False
1802,2018,9999,60-601-000-000,Азовский муниципальный район,Азовский,муниципальный район,61,Ростовская область,47.1139219,39.4259657,107010.0,106693.0,,,,,,,,,,,,,,,False
1803,2018,9999,60-602-000-000,Аксайский муниципальный район,Аксайский,муниципальный район,61,Ростовская область,47.268696,39.861362,123487.0,124569.0,,,,,,,,,,,,,,,False
1804,2018,9999,60-605-000-000,Багаевский муниципальный район,Багаевский,муниципальный район,61,Ростовская область,47.321434,40.382904,32347.0,32216.0,,,,,,,,,,,,,,,False
1805,2018,9999,60-606-000-000,Белокалитвинский муниципальный район,Белокалитвинский,муниципальный район,61,Ростовская область,48.1751778,40.7902124,89380.0,88263.0,,,,,,,,,,,,,,,False
1806,2018,9999,60-607-000-000,Боковский муниципальный район,Боковский,муниципальный район,61,Ростовская область,49.228859,41.834743,13281.0,13156.0,,,,,,,,,,,,,,,False
1807,2018,9999,60-608-000-000,Верхнедонской муниципальный район,Верхнедонской,муниципальный район,61,Ростовская область,49.793972,41.13895,17733.0,17415.0,,,,,,,,,,,,,,,False
1808,2018,9999,60-609-000-000,Веселовский муниципальный район,Веселовский,муниципальный район,61,Ростовская область,47.0918158,40.7415457,25711.0,25531.0,,,,,,,,,,,,,,,False
1809,2018,9999,60-612-000-000,Волгодонской муниципальный район,Волгодонской,муниципальный район,61,Ростовская область,47.541866,42.021465,33909.0,33916.0,,,,,,,,,,,,,,,False
1810,2018,9999,60-613-000-000,Дубовский муниципальный район,Дубовский,муниципальный район,61,Ростовская область,47.411167,42.764225,20315.0,20196.0,,,,,,,,,,,,,,,False
1811,2018,9999,60-615-000-000,Егорлыкский муниципальный район,Егорлыкский,муниципальный район,61,Ростовская область,46.5630814,40.6495045,29943.0,29609.0,,,,,,,,,,,,,,,False
1812,2018,9999,60-617-000-000,Заветинский муниципальный район,Заветинский,муниципальный район,61,Ростовская область,47.117554,43.888069,15483.0,15391.0,,,,,,,,,,,,,,,False
1813,2018,9999,60-618-000-000,Зерноградский муниципальный район,Зерноградский,муниципальный район,61,Ростовская область,46.844845,40.304813,52122.0,51743.0,,,,,,,,,,,,,,,False
1814,2018,9999,60-619-000-000,Зимовниковский муниципальный район,Зимовниковский,муниципальный район,61,Ростовская область,47.148918,42.46497,32138.0,31908.0,,,,,,,,,,,,,,,False
1815,2018,9999,60-622-000-000,Кагальницкий муниципальный район,Кагальницкий,муниципальный район,61,Ростовская область,46.879551,40.145775,28727.0,28684.0,,,,,,,,,,,,,,,False
1816,2018,9999,60-623-000-000,Каменский муниципальный район,Каменский,муниципальный район,61,Ростовская область,48.5245462,40.3261435,41377.0,40717.0,,,,,,,,,,,,,,,False
1817,2018,9999,60-624-000-000,Кашарский муниципальный район,Кашарский,муниципальный район,61,Ростовская область,49.036999,41.008045,19385.0,19088.0,,,,,,,,,,,,,,,False
1818,2018,9999,60-625-000-000,Константиновский муниципальный район,Константиновский,муниципальный район,61,Ростовская область,47.582352,41.097084,30280.0,30032.0,,,,,,,,,,,,,,,False
1819,2018,9999,60-626-000-000,Красносулинский муниципальный район,Красносулинский,муниципальный район,61,Ростовская область,47.8932048,40.0580434,71841.0,71430.0,,,,,,,,,,,,,,,False
1820,2018,9999,60-627-000-000,Куйбышевский муниципальный район,Куйбышевский,муниципальный район,61,Ростовская область,47.8117551,38.908325,13158.0,13005.0,,,,,,,,,,,,,,,False
1821,2018,9999,60-630-000-000,Мартыновский муниципальный район,Мартыновский,муниципальный район,61,Ростовская область,47.271027,41.667885,34525.0,34159.0,,,,,,,,,,,,,,,False
1822,2018,9999,60-631-000-000,Матвеево-Курганский муниципальный район,Матвеево-Курганский,муниципальный район,61,Ростовская область,47.568459,38.861942,46114.0,46183.0,,,,,,,,,,,,,,,False
1823,2018,9999,60-632-000-000,Миллеровский муниципальный район,Миллеровский,муниципальный район,61,Ростовская область,48.9196264,40.391854,63658.0,63364.0,,,,,,,,,,,,,,,False
1824,2018,9999,60-633-000-000,Милютинский муниципальный район,Милютинский,муниципальный район,61,Ростовская область,48.62788,41.669491,12660.0,12414.0,,,,,,,,,,,,,,,False
1825,2018,9999,60-634-000-000,Морозовский муниципальный район,Морозовский,муниципальный район,61,Ростовская область,48.352379,41.828762,35409.0,35245.0,,,,,,,,,,,,,,,False
1826,2018,9999,60-635-000-000,Мясниковский муниципальный район,Мясниковский,муниципальный район,61,Ростовская область,47.283455,39.501518,52882.0,53883.0,,,,,,,,,,,,,,,False
1827,2018,9999,60-636-000-000,Неклиновский муниципальный район,Неклиновский,муниципальный район,61,Ростовская область,47.41428,38.896759,89862.0,89763.0,,,,,,,,,,,,,,,False
1828,2018,9999,60-640-000-000,Обливский муниципальный район,Обливский,муниципальный район,61,Ростовская область,48.5359734,42.5014974,16688.0,16510.0,,,,,,,,,,,,,,,False
1829,2018,9999,60-641-000-000,Октябрьский муниципальный район,Октябрьский,муниципальный район,61,Ростовская область,47.6692096,40.2052904,72838.0,72446.0,,,,,,,,,,,,,,,False
1830,2018,9999,60-642-000-000,Орловский муниципальный район,Орловский,муниципальный район,61,Ростовская область,46.869869,42.051865,32466.0,32060.0,,,,,,,,,,,,,,,False
1831,2018,9999,60-644-000-000,Песчанокопский муниципальный район,Песчанокопский,муниципальный район,61,Ростовская область,46.184349,41.084557,26039.0,25584.0,,,,,,,,,,,,,,,False
1832,2018,9999,60-645-000-000,Пролетарский муниципальный район,Пролетарский,муниципальный район,61,Ростовская область,46.700161,41.724079,33222.0,33106.0,,,,,,,,,,,,,,,False
1833,2018,9999,60-647-000-000,Ремонтненский муниципальный район,Ремонтненский,муниципальный район,61,Ростовская область,46.56118,43.656048,16416.0,16258.0,,,,,,,,,,,,,,,False
1834,2018,9999,60-648-000-000,Родионово-Несветайский муниципальный район,Родионово-Несветайский,муниципальный район,61,Ростовская область,47.6135406,39.7012529,21976.0,21908.0,,,,,,,,,,,,,,,False
1835,2018,9999,60-650-000-000,Сальский муниципальный район,Сальский,муниципальный район,61,Ростовская область,46.476669,41.541008,102941.0,102840.0,,,,,,,,,,,,,,,False
1836,2018,9999,60-651-000-000,Семикаракорский муниципальный район,Семикаракорский,муниципальный район,61,Ростовская область,47.516393,40.8122575,47573.0,47200.0,,,,,,,,,,,,,,,False
1837,2018,9999,60-652-000-000,Советский муниципальный район,Советский,муниципальный район,61,Ростовская область,49.009205,42.120247,5863.0,5783.0,,,,,,,,,,,,,,,False
1838,2018,9999,60-653-000-000,Тарасовский муниципальный район,Тарасовский,муниципальный район,61,Ростовская область,48.727145,40.3554416,26697.0,26401.0,,,,,,,,,,,,,,,False
1839,2018,9999,60-654-000-000,Тацинский муниципальный район,Тацинский,муниципальный район,61,Ростовская область,48.193871,41.280865,34002.0,33486.0,,,,,,,,,,,,,,,False
1840,2018,9999,60-655-000-000,Усть-Донецкий муниципальный район,Усть-Донецкий,муниципальный район,61,Ростовская область,47.640224,40.868748,31187.0,30840.0,,,,,,,,,,,,,,,False
1841,2018,9999,60-656-000-000,Целинский муниципальный район,Целинский,муниципальный район,61,Ростовская область,46.533634,41.028214,29568.0,29220.0,,,,,,,,,,,,,,,False
1842,2018,9999,60-657-000-000,Цимлянский муниципальный район,Цимлянский,муниципальный район,61,Ростовская область,47.650585,42.098232,34832.0,34566.0,,,,,,,,,,,,,,,False
1843,2018,9999,60-658-000-000,Чертковский муниципальный район,Чертковский,муниципальный район,61,Ростовская область,49.3799763,40.1491516,30137.0,29710.0,,,,,,,,,,,,,,,False
1844,2018,9999,60-659-000-000,Шолоховский муниципальный район,Шолоховский,муниципальный район,61,Ростовская область,49.628994,41.725105,24712.0,24518.0,,,,,,,,,,,,,,,False
1845,2018,9999,61-701-000-000,городской округ город Рязань,Рязань,городской округ,62,Рязанская область,54.6275359,39.7401716,523203.0,520509.0,12330.0,13982.0,1974.0,2276.0,1684.0,2006.0,2170.0,2466.0,3807.0,5575.0,31892.0,37196.0,12.0,12.0,True
1846,2018,9999,61-705-000-000,городской округ город Касимов,Касимов,городской округ,62,Рязанская область,54.939178,41.4065368680201,27821.0,27537.0,10913.0,12178.0,1222.0,1412.0,608.0,780.0,1354.0,1537.0,3527.0,5124.0,23534.0,27907.0,12.0,12.0,True
1847,2018,2024,61-710-000-000,городской округ город Сасово,Сасово,городской округ,62,Рязанская область,54.35392,41.926643,21220.0,,10822.0,,1279.0,,474.0,,976.0,,3382.0,,22214.0,,12.0,,True
1848,2018,9999,61-715-000-000,городской округ город Скопин,Скопин,городской округ,62,Рязанская область,53.823524,39.549274,25708.0,25424.0,10471.0,11652.0,1231.0,1396.0,286.0,303.0,1141.0,1204.0,3652.0,5147.0,21545.0,25180.0,12.0,12.0,True
1849,2018,9999,61-602-000-000,Ермишинский муниципальный район,Ермишинский,муниципальный район,62,Рязанская область,54.7677911,42.2760267,6511.0,6377.0,9249.0,9870.0,1106.0,1261.0,293.0,540.0,887.0,933.0,2611.0,3910.0,17812.0,20770.0,12.0,12.0,True
1850,2018,9999,61-604-000-000,Захаровский муниципальный район,Захаровский,муниципальный район,62,Рязанская область,54.370804,39.281532,7831.0,7676.0,10420.0,10811.0,942.0,895.0,162.0,256.0,692.0,700.0,2833.0,4210.0,18745.0,21244.0,12.0,12.0,True
1851,2018,9999,61-606-000-000,Кадомский муниципальный район,Кадомский,муниципальный район,62,Рязанская область,54.5591315,42.4683026,7386.0,7264.0,9853.0,10592.0,999.0,1191.0,117.0,162.0,867.0,1000.0,3588.0,5283.0,18857.0,22144.0,12.0,12.0,True
1852,2018,9999,61-608-000-000,Касимовский муниципальный район,Касимовский,муниципальный район,62,Рязанская область,54.939178,41.4065368680201,27244.0,26914.0,10389.0,11054.0,1116.0,1034.0,335.0,335.0,1056.0,1015.0,3597.0,4836.0,20963.0,23254.0,12.0,12.0,True
1853,2018,9999,61-610-000-000,Клепиковский муниципальный район,Клепиковский,муниципальный район,62,Рязанская область,55.130867,40.176037,20955.0,20755.0,10398.0,11478.0,1102.0,1183.0,346.0,357.0,1044.0,1028.0,3556.0,4956.0,20926.0,23635.0,12.0,12.0,True
1854,2018,9999,61-612-000-000,Кораблинский муниципальный район,Кораблинский,муниципальный район,62,Рязанская область,53.9268971,40.034462,21903.0,21723.0,9783.0,10541.0,879.0,918.0,166.0,175.0,1058.0,1065.0,3496.0,5241.0,19545.0,22553.0,12.0,12.0,True
1855,2018,9999,61-615-000-000,Милославский муниципальный район,Милославский,муниципальный район,62,Рязанская область,53.579839,39.445062,10730.0,10602.0,10286.0,11352.0,1001.0,1104.0,141.0,146.0,996.0,982.0,4050.0,5294.0,20640.0,22935.0,12.0,12.0,True
1856,2018,9999,61-617-000-000,Михайловский муниципальный район,Михайловский,муниципальный район,62,Рязанская область,54.2443989,39.0473579,31518.0,31192.0,10443.0,11409.0,1202.0,1262.0,332.0,294.0,1253.0,1221.0,3560.0,4991.0,21619.0,24303.0,12.0,12.0,True
1857,2018,9999,61-620-000-000,Александро-Невский муниципальный район,Александро-Невский,муниципальный район,62,Рязанская область,53.47530065,40.20570951195819,10529.0,10428.0,10276.0,10980.0,786.0,951.0,231.0,254.0,1137.0,1237.0,3869.0,5765.0,20848.0,23929.0,12.0,12.0,True
1858,2018,9999,61-623-000-000,Пителинский муниципальный район,Пителинский,муниципальный район,62,Рязанская область,54.575684,41.814919,4629.0,4600.0,10125.0,11412.0,1224.0,1157.0,164.0,178.0,551.0,717.0,3421.0,4685.0,19529.0,22324.0,12.0,12.0,True
1859,2018,9999,61-625-000-000,Пронский муниципальный район,Пронский,муниципальный район,62,Рязанская область,54.121353,39.605293,30144.0,29852.0,10203.0,11125.0,1099.0,1345.0,510.0,624.0,888.0,822.0,3704.0,5148.0,21114.0,24046.0,12.0,12.0,True
1860,2018,9999,61-526-000-000,Путятинский муниципальный округ,Путятинский,муниципальный округ,62,Рязанская область,54.160557,41.121109,6884.0,6799.0,9599.0,10716.0,878.0,982.0,240.0,315.0,1100.0,1167.0,3752.0,4961.0,19458.0,22610.0,12.0,12.0,True
1861,2018,9999,61-627-000-000,Рыбновский муниципальный район,Рыбновский,муниципальный район,62,Рязанская область,54.7268415,39.5088612,38973.0,38941.0,11065.0,12177.0,1106.0,1298.0,785.0,1113.0,985.0,1122.0,3737.0,5517.0,23340.0,27820.0,12.0,12.0,True
1862,2018,9999,61-530-000-000,Ряжский муниципальный округ,Ряжский,муниципальный округ,62,Рязанская область,53.708878,40.062984,27032.0,26812.0,11356.0,12556.0,1164.0,1219.0,352.0,378.0,1181.0,1230.0,4021.0,5597.0,23238.0,26735.0,12.0,12.0,True
1863,2018,9999,61-634-000-000,Рязанский муниципальный район,Рязанский,муниципальный район,62,Рязанская область,54.6275359,39.7401716,62396.0,63439.0,12156.0,13531.0,1520.0,1717.0,1055.0,1311.0,2076.0,2276.0,3858.0,5680.0,28593.0,33156.0,12.0,12.0,True
1864,2018,9999,61-637-000-000,Сапожковский муниципальный район,Сапожковский,муниципальный район,62,Рязанская область,53.943381,40.6826073,9059.0,8943.0,10780.0,11624.0,1195.0,1314.0,111.0,134.0,1216.0,1174.0,3959.0,5813.0,21403.0,24014.0,12.0,12.0,True
1865,2018,9999,61-640-000-000,Сараевский муниципальный район,Сараевский,муниципальный район,62,Рязанская область,53.7212373,40.9967135,14601.0,14373.0,10381.0,11309.0,919.0,1098.0,122.0,156.0,1092.0,1111.0,3618.0,5036.0,19348.0,22268.0,12.0,12.0,True
1866,2018,2024,61-642-000-000,Сасовский муниципальный район,Сасовский,муниципальный район,62,Рязанская область,54.35392,41.926643,15524.0,,,,,,,,,,,,,,,,False
1867,2018,9999,61-644-000-000,Скопинский муниципальный район,Скопинский,муниципальный район,62,Рязанская область,53.823524,39.549274,26747.0,26526.0,,,,,,,,,,,,,,,False
1868,2018,9999,61-646-000-000,Спасский муниципальный район,Спасский,муниципальный район,62,Рязанская область,54.4078801,40.380539,24474.0,24415.0,10494.0,11429.0,1031.0,1145.0,272.0,265.0,928.0,913.0,3067.0,4686.0,20336.0,22965.0,12.0,12.0,True
1869,2018,9999,61-648-000-000,Старожиловский муниципальный район,Старожиловский,муниципальный район,62,Рязанская область,54.228333,39.911388,15692.0,15533.0,10332.0,11010.0,933.0,891.0,215.0,227.0,903.0,787.0,3621.0,5545.0,20406.0,23411.0,12.0,12.0,True
1870,2018,9999,61-650-000-000,Ухоловский муниципальный район,Ухоловский,муниципальный район,62,Рязанская область,53.791138,40.488274,8264.0,8122.0,8924.0,10069.0,1172.0,1239.0,175.0,200.0,1206.0,1272.0,3789.0,4966.0,18940.0,21688.0,12.0,12.0,True
1871,2018,9999,61-653-000-000,Чучковский муниципальный район,Чучковский,муниципальный район,62,Рязанская область,54.2685218,41.4479928,6742.0,6634.0,9697.0,10964.0,1170.0,1300.0,162.0,159.0,546.0,638.0,3997.0,5372.0,19433.0,22432.0,12.0,12.0,True
1872,2018,9999,61-656-000-000,Шацкий муниципальный район,Шацкий,муниципальный район,62,Рязанская область,54.028687,41.712601,20503.0,20266.0,9625.0,10583.0,1131.0,1244.0,390.0,408.0,1292.0,1386.0,3738.0,5077.0,20056.0,22688.0,12.0,12.0,True
1873,2018,9999,61-658-000-000,Шиловский муниципальный район,Шиловский,муниципальный район,62,Рязанская область,54.3226555,40.8874676,34695.0,34446.0,10583.0,11252.0,1067.0,1074.0,281.0,319.0,970.0,961.0,3804.0,5162.0,21456.0,23656.0,12.0,12.0,True
1874,2018,9999,36-701-000-000,городской округ Самара,Самара,городской округ,63,Самарская область,53.2194648,50.2039316,1163724.0,1159044.0,11880.0,13354.0,1898.0,2210.0,2169.0,2566.0,2242.0,2545.0,3423.0,5186.0,32390.0,37820.0,12.0,12.0,True
1875,2018,9999,36-704-000-000,городской округ Жигулевск,Жигулевск,городской округ,63,Самарская область,53.4005122,49.4955657,52957.0,52171.0,11649.0,13230.0,1303.0,1548.0,1110.0,1454.0,1478.0,1807.0,3352.0,5296.0,26946.0,32726.0,12.0,12.0,True
1876,2018,9999,36-708-000-000,городской округ Кинель,Кинель,городской округ,63,Самарская область,53.219738,50.633228,57729.0,57721.0,11374.0,12838.0,1316.0,1555.0,1032.0,1335.0,1505.0,1855.0,3675.0,5504.0,26876.0,32379.0,12.0,12.0,True
1877,2018,9999,36-713-000-000,городской округ Новокуйбышевск,Новокуйбышевск,городской округ,63,Самарская область,53.099243,49.948364,99247.0,98550.0,11417.0,12842.0,1516.0,1745.0,1539.0,2032.0,1847.0,2213.0,3642.0,5374.0,29456.0,34661.0,12.0,12.0,True
1878,2018,9999,36-718-000-000,городской округ Октябрьск,Октябрьск,городской округ,63,Самарская область,53.18055005,48.74651999302929,20190.0,19887.0,9618.0,10104.0,1014.0,1082.0,392.0,409.0,666.0,648.0,2881.0,4268.0,20771.0,23143.0,12.0,12.0,True
1879,2018,9999,36-724-000-000,городской округ Отрадный,Отрадный,городской округ,63,Самарская область,53.376175,51.348053,46755.0,46480.0,11838.0,13523.0,1478.0,1694.0,890.0,994.0,1442.0,1704.0,3592.0,5326.0,27594.0,32485.0,12.0,12.0,True
1880,2018,9999,36-727-000-000,городской округ Похвистнево,Похвистнево,городской округ,63,Самарская область,53.646797,52.123344,27913.0,27685.0,11010.0,12000.0,1335.0,1480.0,565.0,695.0,1321.0,1477.0,2996.0,4670.0,23104.0,27173.0,12.0,12.0,True
1881,2018,9999,36-735-000-000,городской округ Сызрань,Сызрань,городской округ,63,Самарская область,53.15538,48.474121,164066.0,162372.0,10962.0,12568.0,1301.0,1495.0,1312.0,1579.0,1806.0,2066.0,3306.0,5044.0,27195.0,32152.0,12.0,12.0,True
1882,2018,9999,36-740-000-000,городской округ Тольятти,Тольятти,городской округ,63,Самарская область,53.5149884,49.4073316,674630.0,,11630.0,,1514.0,,1757.0,,1985.0,,3054.0,,29797.0,,12.0,,True
1883,2018,9999,36-750-000-000,городской округ Чапаевск,Чапаевск,городской округ,63,Самарская область,52.981285,49.711193,69177.0,68824.0,11482.0,13167.0,1267.0,1520.0,947.0,1294.0,1447.0,1734.0,3674.0,5730.0,25315.0,30871.0,12.0,12.0,True
1884,2018,9999,36-602-000-000,Алексеевский муниципальный район,Алексеевский,муниципальный район,63,Самарская область,52.58308,51.273315,10649.0,10499.0,10342.0,11791.0,1097.0,1186.0,251.0,198.0,1010.0,1021.0,2938.0,4904.0,20227.0,24116.0,12.0,12.0,True
1885,2018,9999,36-604-000-000,Безенчукский муниципальный район,Безенчукский,муниципальный район,63,Самарская область,52.985322,49.4322968,36495.0,35844.0,10618.0,11608.0,1195.0,1319.0,843.0,920.0,1042.0,1142.0,3461.0,5101.0,23278.0,26858.0,12.0,12.0,True
1886,2018,9999,36-606-000-000,Богатовский муниципальный район,Богатовский,муниципальный район,63,Самарская область,53.057625,51.333107,13077.0,13052.0,9914.0,10680.0,1093.0,1156.0,374.0,326.0,866.0,858.0,3075.0,4931.0,20480.0,23506.0,12.0,12.0,True
1887,2018,9999,36-608-000-000,Большеглушицкий муниципальный район,Большеглушицкий,муниципальный район,63,Самарская область,52.3921744,50.4723158,18041.0,17856.0,9911.0,10374.0,1191.0,1252.0,343.0,214.0,1396.0,1426.0,2897.0,4414.0,20838.0,23475.0,12.0,12.0,True
1888,2018,9999,36-610-000-000,Большечерниговский муниципальный район,Большечерниговский,муниципальный район,63,Самарская область,52.0951085,50.867893,17336.0,17085.0,9439.0,9866.0,1069.0,1102.0,318.0,435.0,1165.0,1190.0,3382.0,5107.0,20871.0,24191.0,12.0,12.0,True
1889,2018,9999,36-612-000-000,Борский муниципальный район,Борский,муниципальный район,63,Самарская область,53.025925,51.698658,22484.0,22166.0,10152.0,10819.0,1109.0,1149.0,319.0,303.0,980.0,934.0,3217.0,5133.0,20954.0,23798.0,12.0,12.0,True
1890,2018,9999,36-614-000-000,Волжский муниципальный район,Волжский,муниципальный район,63,Самарская область,53.2194648,50.2039316,127070.0,130495.0,11912.0,13348.0,1504.0,1785.0,1830.0,2388.0,2133.0,2491.0,3840.0,5861.0,30484.0,36449.0,12.0,12.0,True
1891,2018,9999,36-615-000-000,Елховский муниципальный район,Елховский,муниципальный район,63,Самарская область,53.8669944,50.2889016,9309.0,9128.0,9761.0,9977.0,1009.0,1065.0,232.0,200.0,1246.0,1291.0,2764.0,4326.0,19899.0,21862.0,12.0,12.0,True
1892,2018,9999,36-616-000-000,Исаклинский муниципальный район,Исаклинский,муниципальный район,63,Самарская область,54.1327138,51.5340222,12390.0,12310.0,10195.0,10866.0,1018.0,1003.0,191.0,211.0,1181.0,1154.0,2285.0,3737.0,19377.0,21484.0,12.0,12.0,True
1893,2018,9999,36-617-000-000,Камышлинский муниципальный район,Камышлинский,муниципальный район,63,Самарская область,54.112331,52.144077,10541.0,10431.0,8410.0,9191.0,973.0,1070.0,488.0,575.0,1290.0,1219.0,2578.0,4202.0,18368.0,21586.0,12.0,12.0,True
1894,2018,9999,36-618-000-000,Кинельский муниципальный район,Кинельский,муниципальный район,63,Самарская область,53.219738,50.633228,30535.0,30309.0,9396.0,10345.0,882.0,1017.0,382.0,373.0,912.0,944.0,3592.0,5230.0,20276.0,23220.0,12.0,12.0,True
1895,2018,9999,36-620-000-000,Кинель-Черкасский муниципальный район,Кинель-Черкасский,муниципальный район,63,Самарская область,53.4644344,51.4755083,41008.0,40596.0,10672.0,11199.0,1182.0,1194.0,494.0,424.0,1064.0,1003.0,3017.0,4503.0,22287.0,24222.0,12.0,12.0,True
1896,2018,9999,36-622-000-000,Клявлинский муниципальный район,Клявлинский,муниципальный район,63,Самарская область,54.2648503,52.0262235,14206.0,13967.0,10143.0,11171.0,1035.0,1144.0,253.0,239.0,1256.0,1239.0,2880.0,4439.0,20146.0,23155.0,12.0,12.0,True
1897,2018,9999,36-624-000-000,Кошкинский муниципальный район,Кошкинский,муниципальный район,63,Самарская область,54.2043367,50.4704827,21056.0,20672.0,10734.0,11138.0,1090.0,1065.0,376.0,345.0,1119.0,1160.0,2351.0,3970.0,20461.0,22929.0,12.0,12.0,True
1898,2018,9999,36-626-000-000,Красноармейский муниципальный район,Красноармейский,муниципальный район,63,Самарская область,52.711071,50.033352,16013.0,15788.0,10382.0,11161.0,1186.0,1196.0,470.0,257.0,907.0,841.0,3217.0,5016.0,20870.0,23404.0,12.0,12.0,True
1899,2018,9999,36-628-000-000,Красноярский муниципальный район,Красноярский,муниципальный район,63,Самарская область,53.4935913,50.393488,56520.0,56124.0,10321.0,11269.0,1262.0,1340.0,695.0,747.0,1175.0,1232.0,3327.0,5220.0,23690.0,27301.0,12.0,12.0,True
1900,2018,9999,36-630-000-000,Нефтегорский муниципальный район,Нефтегорский,муниципальный район,63,Самарская область,52.80381,51.163864,32051.0,31958.0,10951.0,12328.0,1302.0,1382.0,515.0,528.0,959.0,1039.0,3575.0,5370.0,23691.0,28017.0,12.0,12.0,True
1901,2018,9999,36-632-000-000,Пестравский муниципальный район,Пестравский,муниципальный район,63,Самарская область,52.4105973,49.9491334,14590.0,14513.0,9902.0,11194.0,1025.0,1137.0,248.0,291.0,1041.0,1097.0,2926.0,4501.0,20788.0,24502.0,12.0,12.0,True
1902,2018,9999,36-634-000-000,Похвистневский муниципальный район,Похвистневский,муниципальный район,63,Самарская область,53.646797,52.123344,25962.0,25635.0,9118.0,10192.0,997.0,978.0,230.0,254.0,950.0,963.0,2388.0,4348.0,18135.0,22031.0,12.0,12.0,True
1903,2018,9999,36-636-000-000,Приволжский муниципальный район,Приволжский,муниципальный район,63,Самарская область,52.859441,48.6015765,21741.0,21590.0,10546.0,11411.0,1033.0,1104.0,262.0,262.0,1010.0,1055.0,3343.0,5087.0,21598.0,24496.0,12.0,12.0,True
1904,2018,9999,36-638-000-000,Сергиевский муниципальный район,Сергиевский,муниципальный район,63,Самарская область,53.94128,51.165012,44027.0,43600.0,10538.0,11008.0,1143.0,1160.0,646.0,577.0,1222.0,1185.0,2589.0,4168.0,22278.0,24105.0,12.0,12.0,True
1905,2018,9999,36-640-000-000,Ставропольский муниципальный район,Ставропольский,муниципальный район,63,Самарская область,53.5149884,49.4073316,84781.0,88162.0,10941.0,12751.0,1123.0,1342.0,1200.0,1488.0,1873.0,2278.0,3406.0,5530.0,27185.0,33706.0,12.0,12.0,True
1906,2018,9999,36-642-000-000,Сызранский муниципальный район,Сызранский,муниципальный район,63,Самарская область,53.15538,48.474121,23643.0,23295.0,10022.0,11220.0,1026.0,1160.0,790.0,1113.0,1486.0,1765.0,2985.0,4655.0,22712.0,27544.0,12.0,12.0,True
1907,2018,9999,36-644-000-000,Хворостянский муниципальный район,Хворостянский,муниципальный район,63,Самарская область,52.617241,48.953163,15910.0,15789.0,10422.0,11255.0,1026.0,1107.0,297.0,297.0,1245.0,1207.0,3104.0,5158.0,20639.0,23905.0,12.0,12.0,True
1908,2018,9999,36-646-000-000,Челно-Вершинский муниципальный район,Челно-Вершинский,муниципальный район,63,Самарская область,54.4197817,51.0817001,14672.0,14451.0,9815.0,10689.0,1069.0,1184.0,240.0,228.0,853.0,914.0,2416.0,4026.0,18496.0,21450.0,12.0,12.0,True
1909,2018,9999,36-648-000-000,Шенталинский муниципальный район,Шенталинский,муниципальный район,63,Самарская область,54.4374232,51.4637213,12745.0,12565.0,10004.0,10776.0,1097.0,1191.0,421.0,352.0,1151.0,1221.0,2532.0,3784.0,19288.0,21907.0,12.0,12.0,True
1910,2018,9999,36-650-000-000,Шигонский муниципальный район,Шигонский,муниципальный район,63,Самарская область,53.387,48.6782,19443.0,19272.0,9875.0,10650.0,939.0,1103.0,303.0,353.0,1049.0,1027.0,3054.0,5141.0,19803.0,23225.0,12.0,12.0,True
1912,2018,9999,63-746-000-000,городской округ город Шиханы,Шиханы,городской округ,64,Саратовская область,52.114838,47.198475,4958.0,4872.0,10884.0,12534.0,1187.0,1350.0,579.0,758.0,1191.0,1418.0,3742.0,5375.0,23842.0,27944.0,12.0,12.0,True
1913,2018,9999,63-760-000-000,городской округ поселок Михайловский,Михайловский,городской округ,64,Саратовская область,51.76791,48.587875,2355.0,2321.0,9415.0,,964.0,,346.0,,1349.0,,2071.0,,19652.0,,3.0,,True
1915,2018,9999,63-602-000-000,Александрово-Гайский муниципальный район,Александрово-Гайский,муниципальный район,64,Саратовская область,50.14246,48.568436,14481.0,14280.0,8271.0,9252.0,952.0,1012.0,234.0,258.0,995.0,1087.0,2895.0,4039.0,17735.0,20576.0,12.0,12.0,True
1916,2018,9999,63-603-000-000,Аркадакский муниципальный район,Аркадакский,муниципальный район,64,Саратовская область,51.942913,43.489098,19480.0,19018.0,8774.0,9879.0,1114.0,1204.0,328.0,370.0,1154.0,1159.0,3147.0,4360.0,19096.0,21738.0,12.0,12.0,True
1917,2018,9999,63-604-000-000,Аткарский муниципальный район,Аткарский,муниципальный район,64,Саратовская область,51.8750207,44.997499,33991.0,33425.0,9400.0,10434.0,1163.0,1295.0,444.0,453.0,972.0,1019.0,2937.0,4116.0,19619.0,22089.0,12.0,12.0,True
1918,2018,9999,63-606-000-000,Базарно-Карабулакский муниципальный район,Базарно-Карабулакский,муниципальный район,64,Саратовская область,52.277653,46.410679,25590.0,24991.0,8894.0,9764.0,1059.0,1048.0,215.0,196.0,951.0,952.0,2174.0,3460.0,17326.0,19454.0,12.0,12.0,True
1919,2018,9999,63-607-000-000,Балаковский муниципальный район,Балаковский,муниципальный район,64,Саратовская область,52.01812,47.819141,201570.0,200241.0,11274.0,12664.0,1302.0,1527.0,1262.0,1479.0,1598.0,1858.0,2960.0,4516.0,26274.0,30812.0,12.0,12.0,True
1920,2018,9999,63-608-000-000,Балашовский муниципальный район,Балашовский,муниципальный район,64,Саратовская область,51.5546717,43.1430732,100539.0,99921.0,9640.0,11005.0,1417.0,1548.0,790.0,971.0,1459.0,1708.0,3125.0,4556.0,22158.0,26273.0,12.0,12.0,True
1921,2018,9999,63-609-000-000,Балтайский муниципальный район,Балтайский,муниципальный район,64,Саратовская область,52.468105,46.628967,9964.0,9850.0,9146.0,9862.0,1133.0,1057.0,170.0,175.0,956.0,1041.0,2722.0,4241.0,18577.0,21020.0,12.0,12.0,True
1922,2018,9999,63-611-000-000,Вольский муниципальный район,Вольский,муниципальный район,64,Саратовская область,52.042755,47.386032,81103.0,80407.0,10308.0,11707.0,1119.0,1275.0,752.0,918.0,1310.0,1548.0,3024.0,4530.0,22629.0,26780.0,12.0,12.0,True
1923,2018,9999,63-612-000-000,Воскресенский муниципальный район,Воскресенский,муниципальный район,64,Саратовская область,51.823921,46.931858,10951.0,10854.0,8842.0,9397.0,912.0,924.0,194.0,170.0,534.0,603.0,2858.0,4137.0,17612.0,18937.0,12.0,12.0,True
1924,2018,9999,63-613-000-000,Дергачевский муниципальный район,Дергачевский,муниципальный район,64,Саратовская область,51.235374,48.768578,16058.0,15660.0,8201.0,8712.0,1001.0,1116.0,325.0,370.0,1310.0,1322.0,2616.0,3854.0,17216.0,19421.0,12.0,12.0,True
1925,2018,9999,63-614-000-000,Духовницкий муниципальный район,Духовницкий,муниципальный район,64,Саратовская область,52.4793156,48.2021353,10078.0,9856.0,9848.0,10073.0,1043.0,1134.0,161.0,382.0,821.0,841.0,2148.0,3649.0,18372.0,20532.0,12.0,12.0,True
1926,2018,9999,63-616-000-000,Екатериновский муниципальный район,Екатериновский,муниципальный район,64,Саратовская область,52.0536048,44.3498585,16522.0,16296.0,8393.0,9666.0,1170.0,1150.0,203.0,186.0,1254.0,1300.0,2894.0,4099.0,19351.0,21719.0,12.0,12.0,True
1927,2018,9999,63-617-000-000,Ершовский муниципальный район,Ершовский,муниципальный район,64,Саратовская область,51.349793,48.2657332,31635.0,30920.0,8566.0,9375.0,1159.0,1190.0,460.0,446.0,1258.0,1304.0,2771.0,4043.0,18580.0,20933.0,12.0,12.0,True
1928,2018,9999,63-619-000-000,Ивантеевский муниципальный район,Ивантеевский,муниципальный район,64,Саратовская область,52.269524,49.107063,12481.0,12313.0,9481.0,10422.0,1026.0,1161.0,224.0,227.0,1100.0,1068.0,3052.0,4453.0,19368.0,22046.0,12.0,12.0,True
1929,2018,9999,63-621-000-000,Калининский муниципальный район,Калининский,муниципальный район,64,Саратовская область,51.499947,44.484581,27229.0,26679.0,9532.0,10245.0,1120.0,1175.0,283.0,346.0,1183.0,1192.0,2597.0,3808.0,19146.0,21338.0,12.0,12.0,True
1930,2018,9999,63-622-000-000,Красноармейский муниципальный район,Красноармейский,муниципальный район,64,Саратовская область,51.025776,45.69252,40824.0,40536.0,9582.0,10617.0,1026.0,1123.0,424.0,450.0,1130.0,1192.0,2708.0,4129.0,20135.0,23229.0,12.0,12.0,True
1931,2018,9999,63-623-000-000,Краснокутский муниципальный район,Краснокутский,муниципальный район,64,Саратовская область,50.9459056,46.972462,30757.0,30318.0,8872.0,9911.0,1162.0,1239.0,440.0,528.0,898.0,953.0,3025.0,4509.0,19220.0,22824.0,12.0,12.0,True
1932,2018,9999,63-624-000-000,Краснопартизанский муниципальный район,Краснопартизанский,муниципальный район,64,Саратовская область,51.756121,48.5385335,9070.0,8776.0,8710.0,9865.0,1033.0,1104.0,448.0,515.0,1064.0,1008.0,2618.0,3878.0,18054.0,20410.0,12.0,12.0,True
1933,2018,9999,63-625-000-000,Лысогорский муниципальный район,Лысогорский,муниципальный район,64,Саратовская область,51.544968,44.836826,17441.0,17228.0,8965.0,9754.0,1099.0,1127.0,160.0,153.0,1112.0,1058.0,2828.0,4705.0,18319.0,21010.0,12.0,12.0,True
1934,2018,9999,63-626-000-000,Марксовский муниципальный район,Марксовский,муниципальный район,64,Саратовская область,51.7069911,46.7483653,57899.0,57354.0,9460.0,10620.0,1225.0,1339.0,628.0,743.0,1114.0,1216.0,2806.0,4364.0,20856.0,24434.0,12.0,12.0,True
1935,2018,9999,63-629-000-000,Новобурасский муниципальный район,Новобурасский,муниципальный район,64,Саратовская область,52.129726,46.076084,14983.0,14824.0,8519.0,9470.0,1263.0,1262.0,241.0,200.0,914.0,998.0,2348.0,3637.0,17676.0,19868.0,12.0,12.0,True
1936,2018,9999,63-630-000-000,Новоузенский муниципальный район,Новоузенский,муниципальный район,64,Саратовская область,50.462326,48.135532,26669.0,26367.0,7438.0,8074.0,1032.0,1088.0,746.0,886.0,1198.0,1287.0,2970.0,4199.0,18311.0,21058.0,12.0,12.0,True
1937,2018,9999,63-632-000-000,Озинский муниципальный район,Озинский,муниципальный район,64,Саратовская область,51.198559,49.72654,14637.0,14262.0,8075.0,8839.0,909.0,1023.0,325.0,354.0,952.0,1240.0,3679.0,4778.0,19412.0,21740.0,12.0,12.0,True
1938,2018,9999,63-634-000-000,Перелюбский муниципальный район,Перелюбский,муниципальный район,64,Саратовская область,51.85857,50.344826,11193.0,10960.0,8388.0,8956.0,1034.0,1083.0,189.0,144.0,841.0,928.0,2238.0,3985.0,18019.0,20177.0,12.0,12.0,True
1939,2018,9999,63-635-000-000,Петровский муниципальный район,Петровский,муниципальный район,64,Саратовская область,52.3094494,45.3889831,36538.0,36094.0,8687.0,9689.0,993.0,1077.0,578.0,585.0,985.0,986.0,2507.0,3794.0,18531.0,21149.0,12.0,12.0,True
1940,2018,9999,63-636-000-000,Питерский муниципальный район,Питерский,муниципальный район,64,Саратовская область,50.678619,47.443729,14646.0,14503.0,7719.0,9206.0,1136.0,1214.0,219.0,268.0,918.0,952.0,3322.0,4673.0,17897.0,20877.0,12.0,12.0,True
1941,2018,9999,63-637-000-000,Пугачевский муниципальный район,Пугачевский,муниципальный район,64,Саратовская область,52.0121253,48.8109795,54901.0,54377.0,9781.0,10930.0,1152.0,1274.0,325.0,408.0,1155.0,1301.0,2818.0,4076.0,20502.0,23871.0,12.0,12.0,True
1942,2018,9999,63-639-000-000,Ровенский муниципальный район,Ровенский,муниципальный район,64,Саратовская область,50.775948,46.057549,16490.0,16346.0,8234.0,8676.0,881.0,906.0,226.0,358.0,1081.0,1029.0,2722.0,4040.0,17532.0,19669.0,12.0,12.0,True
1943,2018,9999,63-640-000-000,Романовский муниципальный район,Романовский,муниципальный район,64,Саратовская область,51.7410278,42.7557244,12252.0,12117.0,8069.0,8767.0,1066.0,1067.0,180.0,172.0,839.0,820.0,3327.0,4290.0,17679.0,19542.0,12.0,12.0,True
1944,2018,9999,63-641-000-000,Ртищевский муниципальный район,Ртищевский,муниципальный район,64,Саратовская область,52.2599057,43.7877429,50716.0,50179.0,9140.0,10333.0,1117.0,1225.0,378.0,444.0,1099.0,1135.0,2614.0,3759.0,19624.0,22342.0,12.0,12.0,True
1945,2018,9999,63-642-000-000,Самойловский муниципальный район,Самойловский,муниципальный район,64,Саратовская область,51.1860003,43.7067631,16177.0,15904.0,8149.0,9043.0,1164.0,1247.0,189.0,198.0,1082.0,1151.0,3368.0,4412.0,17878.0,20515.0,12.0,12.0,True
1947,2018,9999,63-644-000-000,Советский муниципальный район,Советский,муниципальный район,64,Саратовская область,51.378075,46.844463,24242.0,23861.0,9682.0,10222.0,1067.0,1078.0,356.0,472.0,807.0,734.0,2550.0,4076.0,19777.0,21813.0,12.0,12.0,True
1948,2018,9999,63-646-000-000,Татищевский муниципальный район,Татищевский,муниципальный район,64,Саратовская область,51.672623,45.5947,27921.0,27609.0,9467.0,10168.0,966.0,1028.0,430.0,466.0,1042.0,1089.0,2322.0,3896.0,19500.0,22128.0,12.0,12.0,True
1949,2018,9999,63-647-000-000,Турковский муниципальный район,Турковский,муниципальный район,64,Саратовская область,51.9927589,43.2745396,9644.0,9477.0,8845.0,10031.0,1294.0,1383.0,145.0,301.0,1066.0,1219.0,3209.0,4374.0,19100.0,22138.0,12.0,12.0,True
1950,2018,9999,63-648-000-000,Федоровский муниципальный район,Федоровский,муниципальный район,64,Саратовская область,51.237442,47.51474,16781.0,16427.0,8555.0,9397.0,921.0,1064.0,390.0,500.0,820.0,874.0,2306.0,3633.0,18022.0,20781.0,12.0,12.0,True
1951,2018,9999,63-649-000-000,Хвалынский муниципальный район,Хвалынский,муниципальный район,64,Саратовская область,52.495499,48.105888,20954.0,20628.0,9309.0,10213.0,1019.0,1138.0,357.0,422.0,836.0,950.0,3330.0,4746.0,19620.0,22423.0,12.0,12.0,True
1952,2018,9999,63-650-000-000,Энгельсский муниципальный район,Энгельсский,муниципальный район,64,Саратовская область,51.5013775,46.1233093,306051.0,304713.0,10412.0,11919.0,1499.0,1719.0,1483.0,1709.0,1897.0,2196.0,2934.0,4531.0,27004.0,31656.0,12.0,12.0,True
1954,2018,9999,64-704-000-000,городской округ Александровск-Сахалинский район,Александровск-Сахалинский,городской округ,65,Сахалинская область,50.8974983,142.1591667,10043.0,9868.0,18295.0,18615.0,1340.0,1385.0,391.0,358.0,1645.0,1598.0,1872.0,3643.0,33612.0,35756.0,12.0,12.0,True
1955,2018,9999,64-708-000-000,городской округ Анивский,Анивский,городской округ,65,Сахалинская область,46.7147768,142.527515,20946.0,20975.0,18858.0,18325.0,1511.0,1449.0,1748.0,1945.0,3066.0,3062.0,1970.0,3457.0,41180.0,42334.0,12.0,12.0,True
1956,2018,9999,64-712-000-000,городской округ Долинский,Долинский,городской округ,65,Сахалинская область,47.3241456,142.7979361,22155.0,22145.0,16099.0,14826.0,1302.0,1076.0,1138.0,899.0,1951.0,1412.0,2066.0,3320.0,33773.0,31655.0,12.0,12.0,True
1957,2018,9999,64-716-000-000,городской округ Корсаковский,Корсаковский,городской округ,65,Сахалинская область,46.632815,142.7810147,39913.0,39675.0,17280.0,18046.0,1622.0,1576.0,1819.0,2013.0,2387.0,2400.0,2131.0,3477.0,39375.0,42376.0,12.0,12.0,True
1958,2018,9999,64-720-000-000,городской округ Курильский,Курильский,городской округ,65,Сахалинская область,45.2290413,147.8751845,6916.0,6956.0,20790.0,24634.0,2206.0,2256.0,1888.0,1795.0,2546.0,3079.0,2158.0,3601.0,49592.0,56758.0,12.0,12.0,True
1959,2018,9999,64-724-000-000,городской округ Макаровский,Макаровский,городской округ,65,Сахалинская область,48.6242527,142.7814002,6939.0,6778.0,16753.0,15663.0,1374.0,1052.0,1004.0,630.0,2090.0,1603.0,1029.0,2656.0,33628.0,31308.0,12.0,12.0,True
1960,2018,9999,64-728-000-000,городской округ Невельский,Невельский,городской округ,65,Сахалинская область,46.6877802,141.8601144,15122.0,15099.0,16384.0,17076.0,1460.0,1311.0,764.0,597.0,1944.0,1725.0,2244.0,3520.0,34150.0,34832.0,12.0,12.0,True
1961,2018,9999,64-732-000-000,городской округ Ногликский,Ногликский,городской округ,65,Сахалинская область,51.7953617,143.1365077,11513.0,11222.0,18490.0,20308.0,1704.0,1831.0,2602.0,2382.0,2587.0,2611.0,3082.0,5075.0,43242.0,48174.0,12.0,12.0,True
1962,2018,9999,64-736-000-000,городской округ Охинский,Охинский,городской округ,65,Сахалинская область,53.5891992,142.9496845,21456.0,21086.0,19657.0,21182.0,1643.0,1688.0,1583.0,1459.0,2140.0,2136.0,2678.0,4535.0,41929.0,45802.0,12.0,12.0,True
1963,2018,9999,64-740-000-000,городской округ Поронайский,Поронайский,городской округ,65,Сахалинская область,49.2216366,143.1015759,20472.0,20376.0,17269.0,17205.0,1298.0,1146.0,1227.0,1133.0,1854.0,1819.0,1996.0,3417.0,34573.0,35821.0,12.0,12.0,True
1964,2018,9999,64-743-000-000,городской округ Северо-Курильский,Северо-Курильский,городской округ,65,Сахалинская область,50.6683048,156.1154399,2439.0,2378.0,28327.0,26627.0,2233.0,1908.0,1343.0,1267.0,1304.0,1285.0,3160.0,5929.0,54546.0,53911.0,12.0,5.0,True
1965,2018,9999,64-746-000-000,городской округ Смирныховский,Смирныховский,городской округ,65,Сахалинская область,49.7423531,142.8320066,11348.0,11238.0,16788.0,16707.0,1059.0,983.0,460.0,588.0,1785.0,1541.0,1640.0,2968.0,30412.0,31681.0,12.0,12.0,True
1966,2018,9999,64-748-000-000,городской округ Томаринский,Томаринский,городской округ,65,Сахалинская область,47.7612087,142.063478,8300.0,8177.0,17116.0,17482.0,1123.0,1070.0,670.0,756.0,1613.0,1753.0,872.0,2303.0,29602.0,31929.0,12.0,12.0,True
1967,2018,9999,64-750-000-000,городской округ Тымовский,Тымовский,городской округ,65,Сахалинская область,50.845556,142.655,14437.0,14336.0,17827.0,18447.0,1258.0,1247.0,742.0,560.0,2324.0,2327.0,1966.0,3437.0,36354.0,37979.0,12.0,12.0,True
1968,2018,9999,64-752-000-000,городской округ Углегорский,Углегорский,городской округ,65,Сахалинская область,49.079296,142.0633622,16542.0,16020.0,18332.0,20290.0,1473.0,1501.0,1528.0,1390.0,1928.0,1895.0,2124.0,4153.0,37136.0,41545.0,12.0,12.0,True
1969,2018,9999,64-754-000-000,городской округ Холмский,Холмский,городской округ,65,Сахалинская область,47.0545875,142.0487125,33148.0,32754.0,15890.0,15663.0,1359.0,1220.0,1232.0,1054.0,1864.0,1662.0,1879.0,2922.0,33867.0,33676.0,12.0,12.0,True
1970,2018,9999,64-756-000-000,городской округ Южно-Курильский,Южно-Курильский,городской округ,65,Сахалинская область,44.0270756,145.8613722,11487.0,11480.0,21391.0,23722.0,2055.0,2169.0,2665.0,2797.0,1554.0,1746.0,2195.0,5662.0,48292.0,55860.0,12.0,12.0,True
1971,2018,9999,65-701-000-000,городской округ город Екатеринбург,Екатеринбург,городской округ,66,Свердловская область,56.839104,60.60825,1583307.0,1580109.0,12801.0,14607.0,2192.0,2564.0,2559.0,2933.0,2670.0,2986.0,3117.0,4789.0,35950.0,42064.0,12.0,12.0,True
1972,2018,9999,65-728-000-000,городской округ город Алапаевск,Алапаевск,городской округ,66,Свердловская область,57.850811,61.695,41198.0,41048.0,11870.0,13641.0,1297.0,1506.0,718.0,931.0,1319.0,1418.0,2483.0,4205.0,25529.0,30442.0,12.0,12.0,True
1973,2018,9999,65-703-000-000,городской округ Артемовский,Артемовский,городской округ,66,Свердловская область,57.3431854,61.8775035,52575.0,52119.0,10944.0,12303.0,1183.0,1294.0,657.0,740.0,1094.0,1120.0,2530.0,4128.0,24230.0,28020.0,12.0,12.0,True
1974,2018,9999,65-730-000-000,городской округ Асбестовский,Асбестовский,городской округ,66,Свердловская область,57.0052746,61.4580765,58683.0,58293.0,12853.0,14607.0,1429.0,1670.0,1320.0,1620.0,1569.0,1759.0,2763.0,4507.0,29131.0,34198.0,12.0,12.0,True
1975,2018,9999,65-762-000-000,городской округ Малышевский,Малышевский,городской округ,66,Свердловская область,57.116123,61.397663,9539.0,9499.0,12107.0,12188.0,1208.0,1171.0,579.0,584.0,1159.0,1034.0,3378.0,4754.0,26768.0,27590.0,12.0,12.0,True
1976,2018,9999,65-763-000-000,городской округ Рефтинский,Рефтинский,городской округ,66,Свердловская область,57.09153,61.678349,15084.0,15137.0,12689.0,13571.0,1283.0,1308.0,746.0,706.0,993.0,1005.0,3284.0,5188.0,26879.0,30647.0,12.0,12.0,True
1977,2018,9999,65-731-000-000,городской округ Березовский,Березовский,городской округ,66,Свердловская область,56.9097871,60.8120254,76947.0,76770.0,12578.0,14469.0,1895.0,2216.0,1834.0,2240.0,2395.0,2753.0,3242.0,5090.0,32495.0,38716.0,12.0,12.0,True
1978,2018,9999,65-707-000-000,городской округ Богданович,Богданович,городской округ,66,Свердловская область,56.7683407,62.0520774,43705.0,43489.0,12216.0,13853.0,1299.0,1506.0,959.0,1126.0,1440.0,1584.0,2887.0,4602.0,26842.0,31661.0,12.0,12.0,True
1979,2018,9999,65-732-000-000,городской округ Верхняя Пышма,Верхняя Пышма,городской округ,66,Свердловская область,56.9724682,60.5738926,88206.0,90810.0,12869.0,14757.0,1993.0,2364.0,2151.0,2600.0,2501.0,2854.0,3504.0,5327.0,34567.0,40875.0,12.0,12.0,True
1980,2018,9999,65-757-000-000,городской округ Среднеуральск,Среднеуральск,городской округ,66,Свердловская область,56.991631,60.46888,24894.0,25139.0,12399.0,13122.0,1536.0,1537.0,1190.0,1300.0,1688.0,1523.0,3369.0,5098.0,28579.0,31276.0,12.0,12.0,True
1981,2018,9999,65-708-000-000,городской округ Верхнесалдинский,Верхнесалдинский,городской округ,66,Свердловская область,58.043598,60.554832,42304.0,41952.0,13520.0,14519.0,1421.0,1536.0,1227.0,1362.0,1562.0,1428.0,3363.0,4948.0,30458.0,33692.0,12.0,12.0,True
1982,2018,9999,65-737-000-000,городской округ Заречный,Заречный,городской округ,66,Свердловская область,56.8149706,61.3205936,31833.0,31897.0,12601.0,14002.0,1716.0,1963.0,1325.0,1362.0,1476.0,1480.0,3788.0,5595.0,29558.0,33757.0,12.0,12.0,True
1983,2018,9999,65-738-000-000,городской округ Ивдельский,Ивдельский,городской округ,66,Свердловская область,60.6973287,60.4172583,17422.0,17176.0,13182.0,14527.0,1241.0,1346.0,1000.0,1080.0,1483.0,1655.0,3901.0,5877.0,27251.0,32047.0,12.0,12.0,True
1984,2018,9999,65-764-000-000,городской округ Пелым,Пелым,городской округ,66,Свердловская область,61.017914,61.990154,3450.0,3418.0,11702.0,13244.0,926.0,955.0,461.0,469.0,1006.0,1054.0,4426.0,6464.0,23865.0,28070.0,12.0,12.0,True
1985,2018,9999,65-739-000-000,городской округ город Ирбит,Ирбит,городской округ,66,Свердловская область,57.674042,63.063778,36587.0,36505.0,12104.0,13662.0,1226.0,1413.0,929.0,1114.0,1570.0,1802.0,2908.0,4763.0,26611.0,31380.0,12.0,12.0,True
1986,2018,9999,65-740-000-000,городской округ город Каменск-Уральский,Каменск-Уральский,городской округ,66,Свердловская область,56.415451,61.917797,164614.0,163501.0,12096.0,13826.0,1471.0,1698.0,1449.0,1757.0,1784.0,2022.0,3176.0,4905.0,29340.0,34621.0,12.0,12.0,True
1987,2018,9999,65-741-000-000,городской округ Камышловский,Камышловский,городской округ,66,Свердловская область,56.8484356,62.71879520931047,26933.0,26765.0,11333.0,12665.0,1085.0,1217.0,729.0,788.0,1543.0,1586.0,2647.0,4342.0,25112.0,29049.0,12.0,12.0,True
1988,2018,9999,65-742-000-000,городской округ Карпинск,Карпинск,городской округ,66,Свердловская область,59.7667893,60.0009267,27146.0,26968.0,12456.0,13001.0,1200.0,1194.0,713.0,651.0,1252.0,1189.0,3280.0,4818.0,26957.0,28893.0,12.0,12.0,True
1989,2018,9999,65-735-000-000,городской округ Волчанский,Волчанский,городской округ,66,Свердловская область,59.9347177,60.0779677,8587.0,8570.0,12253.0,13482.0,1050.0,1104.0,482.0,432.0,949.0,915.0,3246.0,5332.0,25007.0,28718.0,12.0,12.0,True
1990,2018,9999,65-743-000-000,городской округ Качканарский,Качканарский,городской округ,66,Свердловская область,58.6981697,59.4810114,38810.0,38418.0,12250.0,13854.0,1362.0,1521.0,1195.0,1385.0,1430.0,1526.0,3220.0,5062.0,28832.0,33622.0,12.0,12.0,True
1991,2018,9999,65-744-000-000,городской округ Кировградский,Кировградский,городской округ,66,Свердловская область,57.4264892,60.0664537,23954.0,23721.0,10630.0,11739.0,1221.0,1310.0,932.0,959.0,1152.0,1144.0,3032.0,4852.0,25696.0,29602.0,12.0,12.0,True
1992,2018,9999,65-733-000-000,городской округ Верхний Тагил,Верхний Тагил,городской округ,66,Свердловская область,57.3745174,59.9320798,11037.0,10991.0,10862.0,12105.0,1176.0,1244.0,809.0,824.0,923.0,963.0,2906.0,4469.0,24454.0,28158.0,12.0,12.0,True
1993,2018,9999,65-745-000-000,городской округ Краснотурьинск,Краснотурьинск,городской округ,66,Свердловская область,59.764631,60.1936117,59269.0,58850.0,13177.0,14679.0,1492.0,1718.0,1384.0,1533.0,1797.0,2054.0,3518.0,5313.0,31540.0,36341.0,12.0,12.0,True
1994,2018,9999,65-746-000-000,городской округ Красноуральск,Красноуральск,городской округ,66,Свердловская область,58.357063,60.037445,22027.0,21994.0,10919.0,11853.0,1250.0,1264.0,719.0,802.0,827.0,768.0,3358.0,5015.0,24490.0,27582.0,12.0,12.0,True
1995,2018,9999,65-747-000-000,городской округ Красноуфимск,Красноуфимск,городской округ,66,Свердловская область,56.6180735,57.7713452,37806.0,37866.0,11054.0,12547.0,1204.0,1384.0,952.0,1178.0,1564.0,1761.0,2525.0,4268.0,25072.0,29853.0,12.0,12.0,True
1996,2018,9999,65-748-000-000,городской округ Кушвинский,Кушвинский,городской округ,66,Свердловская область,58.2816811,59.7625022,36288.0,35844.0,10631.0,11630.0,1077.0,1143.0,749.0,770.0,1087.0,1052.0,2753.0,4347.0,23744.0,26896.0,12.0,12.0,True
1997,2018,9999,65-734-000-000,городской округ Верхняя Тура,Верхняя Тура,городской округ,66,Свердловская область,58.3605,59.81823,8465.0,8418.0,11395.0,12599.0,1002.0,1095.0,701.0,834.0,972.0,894.0,3488.0,5223.0,24816.0,28189.0,12.0,12.0,True
1999,2018,9999,65-714-000-000,городской округ Невьянский,Невьянский,городской округ,66,Свердловская область,57.4924036,60.2105408,37238.0,37190.0,11216.0,12646.0,1291.0,1409.0,1168.0,1248.0,1498.0,1574.0,2971.0,4777.0,27239.0,32148.0,12.0,12.0,True
2000,2018,9999,65-751-000-000,городской округ город Нижний Тагил,Нижний Тагил,городской округ,66,Свердловская область,57.905149,59.9508466,336919.0,333179.0,12357.0,14314.0,1645.0,1946.0,1720.0,2028.0,2002.0,2314.0,3012.0,4848.0,31365.0,37351.0,12.0,12.0,True
2001,2018,9999,65-750-000-000,городской округ Нижняя Салда,Нижняя Салда,городской округ,66,Свердловская область,58.071352,60.7146772,16403.0,16275.0,12036.0,13354.0,1232.0,1324.0,909.0,1023.0,1179.0,1061.0,3152.0,5095.0,26381.0,30183.0,12.0,12.0,True
2002,2018,9999,65-715-000-000,городской округ Нижнетуринский,Нижнетуринский,городской округ,66,Свердловская область,58.6207762,59.8473233,22272.0,21907.0,11362.0,12287.0,1228.0,1344.0,889.0,945.0,1376.0,1400.0,3186.0,5239.0,26431.0,30380.0,12.0,12.0,True
2004,2018,9999,65-753-000-000,городской округ Первоуральск,Первоуральск,городской округ,66,Свердловская область,56.90839575,59.94301101449327,131408.0,130039.0,11468.0,13113.0,1471.0,1726.0,1698.0,2000.0,1800.0,2033.0,2938.0,4694.0,29050.0,34496.0,12.0,12.0,True
2005,2018,9999,65-754-000-000,городской округ Полевской,Полевской,городской округ,66,Свердловская область,56.442108,60.165859,60688.0,59979.0,12766.0,14567.0,1475.0,1710.0,1374.0,1654.0,1576.0,1863.0,3303.0,5006.0,30109.0,35562.0,12.0,12.0,True
2006,2018,9999,65-719-000-000,городской округ Ревда,Ревда,городской округ,66,Свердловская область,56.8000651,59.9086688,60758.0,60262.0,12553.0,14330.0,1377.0,1652.0,1388.0,1676.0,1810.0,2009.0,3155.0,4934.0,29739.0,35147.0,12.0,12.0,True
2007,2018,9999,65-736-000-000,городской округ Дегтярск,Дегтярск,городской округ,66,Свердловская область,56.698341,60.086807,15134.0,14941.0,11679.0,11880.0,1160.0,1111.0,627.0,547.0,1220.0,999.0,3523.0,4876.0,24926.0,26078.0,12.0,12.0,True
2008,2018,9999,65-720-000-000,городской округ Режевской,Режевской,городской округ,66,Свердловская область,57.370647,61.4042865,45362.0,45338.0,11429.0,13071.0,1281.0,1462.0,882.0,1087.0,1337.0,1347.0,2621.0,4368.0,25506.0,30414.0,12.0,12.0,True
2009,2018,9999,65-755-000-000,городской округ Североуральский,Североуральский,городской округ,66,Свердловская область,60.15016,59.960517,35375.0,35125.0,13142.0,13887.0,1493.0,1533.0,774.0,833.0,1268.0,1198.0,3560.0,5171.0,28742.0,31544.0,12.0,12.0,True
2010,2018,9999,65-756-000-000,городской округ Серовский,Серовский,городской округ,66,Свердловская область,59.6051267,60.5733483,99332.0,98415.0,11322.0,13220.0,1314.0,1579.0,1120.0,1495.0,1504.0,1762.0,3073.0,5037.0,27862.0,33670.0,12.0,12.0,True
2011,2018,9999,65-758-000-000,городской округ Сухой Лог,Сухой Лог,городской округ,66,Свердловская область,56.9047389,62.0350233,46570.0,46498.0,11959.0,13433.0,1235.0,1384.0,1013.0,1123.0,1413.0,1433.0,3033.0,4716.0,27078.0,31158.0,12.0,12.0,True
2012,2018,9999,65-723-000-000,городской округ Тавдинский,Тавдинский,городской округ,66,Свердловская область,58.0413743,65.2719986,35940.0,35602.0,11433.0,11940.0,1278.0,1224.0,624.0,613.0,1350.0,1322.0,2720.0,4002.0,25002.0,26726.0,12.0,12.0,True
2015,2018,9999,65-771-000-000,городской округ Алапаевское,Алапаевское,городской округ,66,Свердловская область,57.850811,61.695,23107.0,22842.0,12139.0,13578.0,1066.0,1084.0,469.0,507.0,1114.0,1070.0,2534.0,4041.0,23783.0,26893.0,12.0,12.0,True
2016,2018,9999,65-769-000-000,городской округ Махнёвское,Махнёвское,городской округ,66,Свердловская область,58.447056,61.707623,4867.0,4718.0,11638.0,11992.0,812.0,850.0,163.0,90.0,806.0,598.0,2603.0,3418.0,20593.0,21208.0,12.0,4.0,True
2017,2018,9999,65-704-000-000,городской округ Артинский,Артинский,городской округ,66,Свердловская область,56.4255703,58.5326906,25240.0,24973.0,10887.0,12056.0,1064.0,1131.0,399.0,462.0,1322.0,1260.0,1775.0,3322.0,21339.0,24251.0,12.0,12.0,True
2018,2018,9999,65-705-000-000,городской округ Ачитский,Ачитский,городской округ,66,Свердловская область,56.801308,57.898392,13837.0,13693.0,10177.0,10412.0,883.0,807.0,367.0,295.0,1091.0,821.0,2092.0,3393.0,20940.0,21314.0,12.0,12.0,True
2019,2018,9999,65-706-000-000,городской округ Белоярский,Белоярский,городской округ,66,Свердловская область,56.761642,61.414257,33553.0,33349.0,11980.0,12885.0,1110.0,1172.0,795.0,934.0,1594.0,1671.0,3159.0,5106.0,26107.0,29916.0,12.0,12.0,True
2020,2018,9999,65-760-000-000,городской округ Верхнее Дуброво,Верхнее Дуброво,городской округ,66,Свердловская область,56.7549822,61.043128,4567.0,4522.0,11900.0,12400.0,1189.0,1247.0,668.0,578.0,1196.0,959.0,3550.0,5079.0,26072.0,28116.0,12.0,6.0,True
2021,2018,9999,65-709-000-000,городской округ Верхотурский,Верхотурский,городской округ,66,Свердловская область,58.861702,60.809338,13569.0,13374.0,11792.0,12818.0,1064.0,1061.0,658.0,665.0,1550.0,1460.0,3090.0,4985.0,24455.0,27521.0,12.0,12.0,True
2022,2018,9999,65-710-000-000,городской округ Гаринский,Гаринский,городской округ,66,Свердловская область,59.427441,62.35247,2501.0,2442.0,13018.0,13518.0,928.0,829.0,240.0,174.0,993.0,827.0,1811.0,3704.0,21224.0,22752.0,12.0,12.0,True
2023,2018,9999,65-711-000-000,городской округ Ирбитское,Ирбитское,городской округ,66,Свердловская область,57.674042,63.063778,26128.0,26013.0,11465.0,12998.0,868.0,853.0,461.0,444.0,1167.0,1198.0,2313.0,3275.0,22084.0,24009.0,12.0,12.0,True
2024,2018,9999,65-712-000-000,городской округ Каменский,Каменский,городской округ,66,Свердловская область,56.415451,61.917797,26455.0,26362.0,11418.0,13039.0,1181.0,1351.0,969.0,1137.0,1694.0,1841.0,2513.0,4135.0,26705.0,31525.0,12.0,12.0,True
2025,2018,9999,65-713-000-000,городской округ Красноуфимский округ,Красноуфимский,городской округ,66,Свердловская область,56.6180735,57.7713452,23031.0,22803.0,10600.0,11732.0,838.0,855.0,550.0,815.0,1319.0,1618.0,1836.0,3444.0,21331.0,25100.0,12.0,12.0,True
2026,2018,9999,65-761-000-000,городской округ Верх-Нейвинский,Верх-Нейвинский,городской округ,66,Свердловская область,57.2656361,60.131616,4348.0,4346.0,10374.0,11548.0,1040.0,1004.0,654.0,571.0,1038.0,769.0,2099.0,3375.0,23310.0,25942.0,8.0,6.0,True
2027,2018,9999,65-759-000-000,городской округ Бисертский,Бисертский,городской округ,66,Свердловская область,56.8518027,59.0530375,9586.0,9456.0,10706.0,12228.0,832.0,884.0,577.0,655.0,1156.0,1148.0,2829.0,4797.0,22113.0,26020.0,12.0,12.0,True
2028,2018,9999,65-716-000-000,городской округ Новолялинский,Новолялинский,городской округ,66,Свердловская область,59.052734,60.595974,18753.0,18687.0,11206.0,12287.0,1225.0,1273.0,430.0,437.0,1295.0,1335.0,3067.0,5042.0,24093.0,27582.0,12.0,12.0,True
2029,2018,9999,65-717-000-000,городской округ Горноуральский,Горноуральский,городской округ,66,Свердловская область,57.905149,59.9508466,29514.0,29192.0,9172.0,9655.0,834.0,699.0,349.0,248.0,964.0,808.0,1809.0,3597.0,19217.0,19901.0,8.0,8.0,True
2030,2018,9999,65-718-000-000,городской округ Пышминский,Пышминский,городской округ,66,Свердловская область,56.950695,63.246532,18624.0,18498.0,11054.0,12340.0,1041.0,1111.0,462.0,470.0,1359.0,1423.0,2424.0,3997.0,23422.0,26554.0,12.0,12.0,True
2031,2018,9999,65-721-000-000,городской округ Сосьвинский,Сосьвинский,городской округ,66,Свердловская область,59.173889,61.861935,12648.0,12459.0,12352.0,13452.0,906.0,976.0,345.0,400.0,1034.0,1030.0,3974.0,5924.0,24840.0,27977.0,12.0,12.0,True
2032,2018,9999,65-722-000-000,городской округ Сысертский,Сысертский,городской округ,66,Свердловская область,56.5030175,60.8093215,64140.0,65368.0,12073.0,14076.0,1369.0,1630.0,1298.0,1645.0,1920.0,2234.0,3373.0,5190.0,29067.0,35329.0,12.0,12.0,True
2033,2018,9999,65-729-000-000,городской округ Арамильский,Арамильский,городской округ,66,Свердловская область,56.6962917,60.8330976,23157.0,23609.0,12188.0,13794.0,1416.0,1752.0,1420.0,1754.0,2112.0,2375.0,3464.0,5368.0,30012.0,35670.0,12.0,12.0,True
2034,2018,9999,65-724-000-000,городской округ Талицкий,Талицкий,городской округ,66,Свердловская область,57.014816,63.730244,40050.0,39733.0,10969.0,12340.0,1136.0,1230.0,618.0,648.0,1428.0,1497.0,2650.0,4047.0,24148.0,27232.0,12.0,12.0,True
2035,2018,9999,65-725-000-000,городской округ Тугулымский,Тугулымский,городской округ,66,Свердловская область,57.059,64.6406,17402.0,17096.0,10417.0,11597.0,1055.0,1136.0,408.0,388.0,920.0,843.0,2535.0,4385.0,21910.0,24814.0,12.0,12.0,True
2036,2018,9999,65-726-000-000,городской округ Туринский,Туринский,городской округ,66,Свердловская область,58.0525487,63.6908787,23877.0,23655.0,11084.0,12104.0,1065.0,1200.0,488.0,568.0,1207.0,1274.0,2610.0,4160.0,22954.0,26144.0,12.0,12.0,True
2037,2018,9999,65-727-000-000,городской округ Шалинский,Шалинский,городской округ,66,Свердловская область,57.2461908,58.7292306,16287.0,16263.0,11634.0,12298.0,936.0,912.0,237.0,223.0,1006.0,897.0,2164.0,4295.0,20934.0,23717.0,12.0,12.0,True
2038,2018,9999,65-766-000-000,городской округ Староуткинск,Староуткинск,городской округ,66,Свердловская область,57.2281921,59.3234276,2602.0,2572.0,10826.0,,930.0,,287.0,,729.0,,1702.0,,20764.0,,3.0,,True
2039,2018,9999,65-608-000-000,Байкаловский муниципальный район,Байкаловский,муниципальный район,66,Свердловская область,57.393711,63.764805,14502.0,14422.0,11466.0,12487.0,915.0,963.0,421.0,410.0,1198.0,1156.0,2804.0,4359.0,23278.0,25902.0,12.0,12.0,True
2040,2018,9999,65-623-000-000,Камышловский муниципальный район,Камышловский,муниципальный район,66,Свердловская область,56.8484356,62.71879520931047,20495.0,20537.0,11943.0,13581.0,1082.0,1143.0,1218.0,1362.0,1678.0,2037.0,3148.0,5121.0,29045.0,33724.0,12.0,12.0,True
2041,2018,9999,65-639-000-000,Слободо-Туринский муниципальный район,Слободо-Туринский,муниципальный район,66,Свердловская область,57.61797,64.384918,11755.0,11664.0,10687.0,11458.0,1038.0,1078.0,480.0,510.0,1320.0,1297.0,2742.0,4420.0,23111.0,25684.0,12.0,12.0,True
2042,2018,9999,65-628-000-000,Нижнесергинский муниципальный район,Нижнесергинский,муниципальный район,66,Свердловская область,56.6619,59.30003,37577.0,37356.0,11623.0,12865.0,1118.0,1190.0,523.0,453.0,1226.0,1188.0,2851.0,4503.0,23674.0,26834.0,12.0,12.0,True
2043,2018,9999,65-645-000-000,Таборинский муниципальный район,Таборинский,муниципальный район,66,Свердловская область,58.5196678,64.5566111,2756.0,2677.0,11318.0,12659.0,1171.0,1205.0,310.0,368.0,1295.0,1301.0,2179.0,4796.0,21410.0,25639.0,12.0,12.0,True
2044,2018,9999,66-701-000-000,городской округ город Смоленск,Смоленск,городской округ,67,Смоленская область,54.7814057,32.0461261,312896.0,310645.0,11967.0,13625.0,1628.0,1885.0,1616.0,1968.0,2108.0,2408.0,3658.0,5408.0,30856.0,36076.0,12.0,12.0,True
2045,2018,9999,66-710-000-000,городской округ город Десногорск,Десногорск,городской округ,67,Смоленская область,54.1516661,33.2881028,24956.0,24684.0,13737.0,15700.0,1379.0,1622.0,836.0,1172.0,1295.0,1559.0,3838.0,5761.0,28859.0,34459.0,12.0,12.0,True
2046,2018,9999,66-603-000-000,Велижский муниципальный район,Велижский,муниципальный район,67,Смоленская область,55.6045223,31.1949976,8985.0,8848.0,9120.0,9901.0,959.0,969.0,272.0,286.0,1029.0,1031.0,3152.0,4565.0,19912.0,22328.0,12.0,12.0,True
2047,2018,9999,66-605-000-000,Вяземский муниципальный район,Вяземский,муниципальный район,67,Смоленская область,55.1835215,34.33816673607038,70668.0,69941.0,11783.0,13455.0,1238.0,1440.0,962.0,1256.0,1557.0,1933.0,3845.0,5591.0,26852.0,32036.0,12.0,12.0,True
2048,2018,9999,66-608-000-000,Гагаринский муниципальный район,Гагаринский,муниципальный район,67,Смоленская область,55.55338655,34.99051315482606,40165.0,39257.0,12466.0,14290.0,1239.0,1477.0,798.0,1035.0,1639.0,1945.0,4204.0,6066.0,27344.0,32833.0,12.0,12.0,True
2049,2018,9999,66-609-000-000,Глинковский муниципальный район,Глинковский,муниципальный район,67,Смоленская область,54.6425664,32.8729273,3446.0,3397.0,11295.0,11278.0,966.0,993.0,142.0,163.0,941.0,994.0,2777.0,4073.0,19968.0,22087.0,12.0,12.0,True
2050,2018,9999,66-611-000-000,Демидовский муниципальный район,Демидовский,муниципальный район,67,Смоленская область,55.2643778,31.5178326,10837.0,10717.0,8993.0,9823.0,844.0,907.0,254.0,315.0,1015.0,1060.0,2677.0,4137.0,18164.0,21119.0,12.0,12.0,True
2051,2018,9999,66-614-000-000,Дорогобужский муниципальный район,Дорогобужский,муниципальный район,67,Смоленская область,54.9148236,33.2989051,23997.0,23563.0,12387.0,13719.0,1242.0,1349.0,614.0,732.0,930.0,1001.0,3390.0,5364.0,25569.0,30032.0,12.0,12.0,True
2052,2018,9999,66-616-000-000,Духовщинский муниципальный район,Духовщинский,муниципальный район,67,Смоленская область,55.1907803,32.4060434,13909.0,13641.0,10228.0,11707.0,996.0,1002.0,249.0,201.0,893.0,980.0,3487.0,5086.0,20797.0,24492.0,12.0,12.0,True
2053,2018,9999,66-619-000-000,Ельнинский муниципальный район,Ельнинский,муниципальный район,67,Смоленская область,54.5764954,33.1891698,11170.0,10930.0,10544.0,12030.0,1030.0,1091.0,324.0,356.0,1142.0,1262.0,3016.0,4806.0,21389.0,25093.0,12.0,12.0,True
2054,2018,9999,66-621-000-000,Ершичский муниципальный район,Ершичский,муниципальный район,67,Смоленская область,53.673527,32.748249,5172.0,5052.0,10507.0,11423.0,863.0,1083.0,241.0,225.0,898.0,877.0,2037.0,3719.0,18030.0,21268.0,12.0,12.0,True
2055,2018,9999,66-623-000-000,Кардымовский муниципальный район,Кардымовский,муниципальный район,67,Смоленская область,54.8900665,32.43418980060523,10709.0,10664.0,10133.0,11229.0,936.0,992.0,292.0,332.0,801.0,788.0,2940.0,4057.0,20383.0,23009.0,12.0,12.0,True
2056,2018,9999,66-624-000-000,Краснинский муниципальный район,Краснинский,муниципальный район,67,Смоленская область,54.569439,31.439449,10449.0,10187.0,9252.0,9928.0,1013.0,1038.0,166.0,174.0,1036.0,943.0,2547.0,3972.0,18507.0,20727.0,12.0,12.0,True
2057,2018,9999,66-627-000-000,Монастырщинский муниципальный район,Монастырщинский,муниципальный район,67,Смоленская область,54.3515818,31.8364896,7915.0,7769.0,9939.0,10359.0,1053.0,1101.0,349.0,339.0,761.0,792.0,1868.0,3401.0,17472.0,19510.0,12.0,12.0,True
2058,2018,9999,66-630-000-000,Новодугинский муниципальный район,Новодугинский,муниципальный район,67,Смоленская область,55.630033,34.3010323,7264.0,7059.0,11138.0,12208.0,960.0,1017.0,209.0,225.0,1031.0,1180.0,3234.0,4882.0,21454.0,24354.0,12.0,12.0,True
2059,2018,9999,66-633-000-000,Починковский муниципальный район,Починковский,муниципальный район,67,Смоленская область,54.40639235,32.4440643251997,24591.0,24335.0,10683.0,11801.0,984.0,1086.0,354.0,384.0,1077.0,1067.0,3019.0,4713.0,21542.0,24864.0,12.0,12.0,True
2060,2018,9999,66-636-000-000,Рославльский муниципальный район,Рославльский,муниципальный район,67,Смоленская область,53.9448028,32.84788573198853,60842.0,59934.0,11261.0,12173.0,1140.0,1258.0,771.0,870.0,1401.0,1537.0,2867.0,4302.0,24069.0,27281.0,12.0,12.0,True
2061,2018,9999,66-638-000-000,Руднянский муниципальный район,Руднянский,муниципальный район,67,Смоленская область,54.945702,31.0742556121863,20861.0,20478.0,9146.0,10217.0,1002.0,1045.0,438.0,295.0,1322.0,1259.0,3039.0,4383.0,20013.0,22395.0,12.0,12.0,True
2062,2018,9999,66-641-000-000,Сафоновский муниципальный район,Сафоновский,муниципальный район,67,Смоленская область,55.1084278,33.2376513,50411.0,49887.0,10625.0,11907.0,1188.0,1294.0,769.0,915.0,1226.0,1341.0,3164.0,4660.0,24187.0,27920.0,12.0,12.0,True
2063,2018,9999,66-644-000-000,Смоленский муниципальный район,Смоленский,муниципальный район,67,Смоленская область,54.7814057,32.0461261,60785.0,61413.0,11992.0,13614.0,1449.0,1729.0,1471.0,1832.0,2326.0,2754.0,3991.0,5992.0,30765.0,36580.0,12.0,12.0,True
2064,2018,9999,66-646-000-000,Сычевский муниципальный район,Сычевский,муниципальный район,67,Смоленская область,55.8269908,34.2770455,12064.0,11980.0,11099.0,12451.0,878.0,976.0,316.0,429.0,1113.0,1241.0,3828.0,5432.0,22976.0,26338.0,12.0,12.0,True
2065,2018,9999,66-648-000-000,Темкинский муниципальный район,Темкинский,муниципальный район,67,Смоленская область,55.08142515,35.0033334683642,4250.0,4146.0,10746.0,12168.0,1068.0,1038.0,242.0,189.0,1050.0,1119.0,5287.0,7382.0,22531.0,26556.0,12.0,12.0,True
2066,2018,9999,66-650-000-000,Угранский муниципальный район,Угранский,муниципальный район,67,Смоленская область,54.7813043,34.3185555,6699.0,6524.0,10972.0,12101.0,847.0,900.0,186.0,313.0,1083.0,1281.0,3558.0,4869.0,21482.0,25100.0,12.0,12.0,True
2067,2018,9999,66-652-000-000,Хиславичский муниципальный район,Хиславичский,муниципальный район,67,Смоленская область,54.18577,32.1578503,6535.0,6419.0,9875.0,10605.0,990.0,1071.0,237.0,273.0,1109.0,1008.0,2697.0,3802.0,18860.0,20820.0,12.0,12.0,True
2068,2018,9999,66-654-000-000,Холм-Жирковский муниципальный район,Холм-Жирковский,муниципальный район,67,Смоленская область,55.51387,33.488632,7916.0,7716.0,10302.0,11669.0,914.0,1053.0,264.0,368.0,1075.0,1408.0,3618.0,5564.0,20724.0,25074.0,12.0,12.0,True
2069,2018,9999,66-656-000-000,Шумячский муниципальный район,Шумячский,муниципальный район,67,Смоленская область,53.8555499,32.4259307,8196.0,7974.0,8665.0,9555.0,981.0,1013.0,590.0,472.0,916.0,848.0,2147.0,3379.0,17782.0,20334.0,12.0,12.0,True
2070,2018,9999,66-658-000-000,Ярцевский муниципальный район,Ярцевский,муниципальный район,67,Смоленская область,55.0662279,32.6883609,47353.0,46827.0,10805.0,12219.0,1123.0,1317.0,696.0,899.0,1002.0,1192.0,3054.0,4612.0,23711.0,28318.0,12.0,12.0,True
2072,2018,9999,68-705-000-000,городской округ город Кирсанов,Кирсанов,городской округ,68,Тамбовская область,52.6509234,42.73015344421673,15982.0,15827.0,9793.0,10805.0,1119.0,1170.0,327.0,410.0,1306.0,1352.0,3024.0,4528.0,20323.0,23206.0,12.0,12.0,True
2073,2018,9999,68-710-000-000,городской округ город Котовск,Котовск,городской округ,68,Тамбовская область,52.59332675,41.51307094486083,26309.0,26128.0,9546.0,10451.0,1137.0,1205.0,338.0,376.0,839.0,781.0,3368.0,4690.0,21140.0,23714.0,12.0,12.0,True
2074,2018,9999,68-715-000-000,городской округ город Мичуринск,Мичуринск,городской округ,68,Тамбовская область,52.89899355,40.48326577268173,89262.0,88785.0,9885.0,11266.0,1328.0,1505.0,802.0,980.0,1578.0,1718.0,3272.0,4766.0,23303.0,27308.0,12.0,12.0,True
2075,2018,9999,68-720-000-000,городской округ город Моршанск,Моршанск,городской округ,68,Тамбовская область,53.4428,41.813,38541.0,38294.0,9327.0,10544.0,1239.0,1417.0,321.0,468.0,1278.0,1364.0,3263.0,4537.0,20884.0,24006.0,12.0,12.0,True
2076,2018,9999,68-725-000-000,городской округ город Рассказово,Рассказово,городской округ,68,Тамбовская область,52.6657884,41.89469890606984,46961.0,46633.0,8922.0,10285.0,1192.0,1321.0,340.0,480.0,1383.0,1559.0,3001.0,4372.0,20895.0,24770.0,12.0,12.0,True
2077,2018,9999,68-730-000-000,городской округ город Уварово,Уварово,городской округ,68,Тамбовская область,51.9807749,42.26542253442362,23162.0,22986.0,9535.0,10631.0,1203.0,1279.0,263.0,335.0,1151.0,1217.0,3121.0,4396.0,20775.0,23864.0,12.0,12.0,True
2078,2018,9999,68-502-000-000,Бондарский муниципальный округ,Бондарский,муниципальный округ,68,Тамбовская область,52.9502841,42.0663629,8332.0,8210.0,8380.0,8681.0,1119.0,1121.0,139.0,107.0,848.0,852.0,1756.0,3300.0,15906.0,18085.0,12.0,12.0,True
2079,2018,9999,68-503-000-000,Гавриловский муниципальный округ,Гавриловский,муниципальный округ,68,Тамбовская область,52.876944,42.770992,9362.0,9164.0,8548.0,9712.0,1154.0,1196.0,136.0,124.0,1452.0,1497.0,3474.0,5000.0,18819.0,22105.0,12.0,12.0,True
2080,2018,9999,68-504-000-000,Жердевский муниципальный округ,Жердевский,муниципальный округ,68,Тамбовская область,51.843933,41.470367,25142.0,24844.0,9949.0,10921.0,1125.0,1189.0,317.0,362.0,1273.0,1319.0,3332.0,4748.0,20679.0,23707.0,12.0,12.0,True
2081,2018,9999,68-506-000-000,Знаменский муниципальный округ,Знаменский,муниципальный округ,68,Тамбовская область,52.4111427,41.4432947,13969.0,13674.0,9142.0,10207.0,1003.0,1010.0,296.0,272.0,1007.0,955.0,3100.0,4617.0,19164.0,21919.0,12.0,12.0,True
2082,2018,9999,68-508-000-000,Инжавинский муниципальный округ,Инжавинский,муниципальный округ,68,Тамбовская область,52.3183696,42.4953939,17225.0,17016.0,8722.0,9621.0,1087.0,1215.0,228.0,228.0,1098.0,1276.0,3545.0,4901.0,19066.0,21821.0,12.0,12.0,True
2083,2018,9999,68-510-000-000,Кирсановский муниципальный округ,Кирсановский,муниципальный округ,68,Тамбовская область,52.6509234,42.73015344421673,17996.0,17742.0,9830.0,10766.0,970.0,1148.0,275.0,353.0,1650.0,1512.0,3154.0,5290.0,21742.0,24322.0,6.0,11.0,True
2084,2018,9999,68-512-000-000,Мичуринский муниципальный округ,Мичуринский,муниципальный округ,68,Тамбовская область,52.89899355,40.48326577268173,31794.0,31171.0,,,,,,,,,,,,,,,False
2085,2018,9999,68-514-000-000,Мордовский муниципальный округ,Мордовский,муниципальный округ,68,Тамбовская область,52.089058,40.762287,13553.0,13380.0,9023.0,9894.0,1098.0,1142.0,133.0,196.0,1023.0,1007.0,3415.0,4479.0,18897.0,20944.0,12.0,12.0,True
2086,2018,9999,68-516-000-000,Моршанский муниципальный округ,Моршанский,муниципальный округ,68,Тамбовская область,53.4428,41.813,31187.0,30838.0,8719.0,10292.0,882.0,1149.0,220.0,512.0,1391.0,1404.0,2702.0,4843.0,19256.0,23644.0,6.0,10.0,True
2087,2018,9999,68-518-000-000,Мучкапский муниципальный округ,Мучкапский,муниципальный округ,68,Тамбовская область,51.8473199,42.4699106,10953.0,10669.0,9046.0,9984.0,1028.0,1148.0,239.0,275.0,1123.0,1123.0,2956.0,4392.0,18573.0,21742.0,12.0,12.0,True
2088,2018,9999,68-520-000-000,Никифоровский муниципальный округ,Никифоровский,муниципальный округ,68,Тамбовская область,52.8785209,40.7928771,15725.0,15378.0,9096.0,9798.0,1272.0,1340.0,395.0,508.0,1024.0,996.0,2550.0,3795.0,18327.0,20351.0,12.0,12.0,True
2089,2018,9999,68-522-000-000,Первомайский муниципальный округ,Первомайский,муниципальный округ,68,Тамбовская область,53.244999,40.285099,23980.0,23709.0,9104.0,9479.0,1007.0,1105.0,275.0,283.0,1386.0,1353.0,3112.0,4549.0,19293.0,21307.0,12.0,12.0,True
2090,2018,9999,68-524-000-000,Петровский муниципальный округ,Петровский,муниципальный округ,68,Тамбовская область,52.633202,40.2603,13775.0,13536.0,8355.0,9153.0,1097.0,1206.0,220.0,231.0,919.0,889.0,2751.0,4197.0,18015.0,20212.0,12.0,12.0,True
2091,2018,9999,68-526-000-000,Пичаевский муниципальный округ,Пичаевский,муниципальный округ,68,Тамбовская область,53.2342209,42.2036841,10795.0,10656.0,8221.0,9190.0,1071.0,1272.0,92.0,137.0,1005.0,1099.0,2361.0,3637.0,17562.0,20429.0,12.0,12.0,True
2092,2018,9999,68-528-000-000,Рассказовский муниципальный округ,Рассказовский,муниципальный округ,68,Тамбовская область,52.6657884,41.89469890606984,20451.0,20262.0,8761.0,,960.0,,270.0,,1731.0,,1808.0,,19099.0,,8.0,,True
2093,2018,9999,68-530-000-000,Ржаксинский муниципальный округ,Ржаксинский,муниципальный округ,68,Тамбовская область,52.2204809,42.1090698,14175.0,14028.0,8867.0,9576.0,1064.0,1142.0,353.0,512.0,1293.0,1336.0,2808.0,4340.0,18661.0,21617.0,12.0,12.0,True
2094,2018,9999,68-532-000-000,Сампурский муниципальный округ,Сампурский,муниципальный округ,68,Тамбовская область,52.377113,41.673679,11783.0,11610.0,9874.0,10836.0,993.0,985.0,237.0,222.0,974.0,906.0,2444.0,3873.0,19002.0,21247.0,12.0,12.0,True
2095,2018,9999,68-534-000-000,Сосновский муниципальный округ,Сосновский,муниципальный округ,68,Тамбовская область,53.232201,41.369202,24728.0,24282.0,8478.0,9174.0,1146.0,1154.0,113.0,171.0,1006.0,1052.0,2808.0,4137.0,17220.0,19649.0,12.0,12.0,True
2096,2018,9999,68-536-000-000,Староюрьевский муниципальный округ,Староюрьевский,муниципальный округ,68,Тамбовская область,53.3227111,40.6992188,11234.0,11015.0,8673.0,9703.0,1261.0,1370.0,190.0,218.0,1143.0,1190.0,2509.0,3911.0,18101.0,20647.0,12.0,12.0,True
2098,2018,9999,68-542-000-000,Токарёвский муниципальный округ,Токарёвский,муниципальный округ,68,Тамбовская область,51.9939,41.1618,15179.0,15011.0,8971.0,10285.0,1096.0,1178.0,234.0,287.0,1069.0,1092.0,3263.0,4693.0,18928.0,22010.0,12.0,12.0,True
2099,2018,9999,68-544-000-000,Уваровский муниципальный округ,Уваровский,муниципальный округ,68,Тамбовская область,51.9807749,42.26542253442362,9246.0,9170.0,9074.0,9808.0,891.0,964.0,143.0,185.0,1448.0,1470.0,2777.0,3952.0,19203.0,21830.0,7.0,12.0,True
2100,2018,9999,68-546-000-000,Умётский муниципальный округ,Умётский,муниципальный округ,68,Тамбовская область,52.560272,42.968578,9537.0,9405.0,8319.0,9544.0,785.0,891.0,412.0,506.0,1076.0,1159.0,3319.0,4795.0,18083.0,21453.0,12.0,12.0,True
2101,2018,9999,28-701-000-000,городской округ город Тверь,Тверь,городской округ,69,Тверская область,56.858675,35.9208284,414756.0,412994.0,13320.0,15138.0,1862.0,2169.0,1809.0,2188.0,2381.0,2763.0,4032.0,5932.0,33422.0,39147.0,12.0,12.0,True
2102,2018,2020,28-714-000-000,городской округ город Вышний Волочек,Вышний Волочек,городской округ,69,Тверская область,57.5883648,34.5720732,65168.0,63833.0,,,,,,,,,,,,,,,False
2105,2018,9999,28-752-000-000,городской округ Осташковский,Осташковский,городской округ,69,Тверская область,57.1557583,33.1013213,21354.0,20992.0,12142.0,13634.0,1196.0,1354.0,713.0,856.0,1222.0,1281.0,4722.0,6392.0,26804.0,30856.0,12.0,12.0,True
2108,2018,9999,28-750-000-000,городской округ город Торжок,Торжок,городской округ,69,Тверская область,57.0501176,34.95641719793115,40172.0,39503.0,11748.0,13456.0,1266.0,1452.0,1024.0,1292.0,1515.0,1750.0,4238.0,6151.0,26767.0,31770.0,12.0,12.0,True
2109,2018,9999,28-751-000-000,городской округ Удомельский,Удомельский,городской округ,69,Тверская область,57.877998,35.0042,30006.0,29515.0,13403.0,14631.0,1441.0,1610.0,1211.0,1425.0,1288.0,1335.0,4405.0,6289.0,29348.0,33275.0,12.0,12.0,True
2110,2018,9999,28-502-000-000,муниципальный округ Андреапольский,Андреапольский,муниципальный округ,69,Тверская область,56.646801,32.26532,10059.0,9731.0,11283.0,12654.0,1061.0,1193.0,413.0,505.0,1349.0,1511.0,4858.0,6754.0,24217.0,28474.0,12.0,12.0,True
2111,2018,9999,28-504-000-000,муниципальный округ Бежецкий,Бежецкий,муниципальный округ,69,Тверская область,57.781357,36.692535,31059.0,30567.0,10584.0,12019.0,1071.0,1135.0,531.0,634.0,1028.0,1116.0,3807.0,5430.0,22687.0,26314.0,12.0,12.0,True
2112,2018,9999,28-506-000-000,муниципальный округ Бельский,Бельский,муниципальный округ,69,Тверская область,55.833073,32.939487,4940.0,4852.0,10333.0,11638.0,756.0,967.0,249.0,296.0,874.0,1110.0,3775.0,6075.0,20174.0,24768.0,12.0,12.0,True
2113,2018,9999,28-508-000-000,муниципальный округ Бологовский,Бологовский,муниципальный округ,69,Тверская область,57.885204,34.049603,30649.0,30273.0,11770.0,13056.0,1134.0,1256.0,534.0,701.0,1362.0,1544.0,3920.0,5749.0,24199.0,28424.0,12.0,12.0,True
2114,2018,9999,28-510-000-000,муниципальный округ Весьегонский,Весьегонский,муниципальный округ,69,Тверская область,58.6637264,37.2626496,9715.0,9486.0,10585.0,11668.0,904.0,1042.0,436.0,589.0,877.0,990.0,4201.0,5551.0,20992.0,24038.0,12.0,12.0,True
2116,2018,9999,28-514-000-000,муниципальный округ Жарковский,Жарковский,муниципальный округ,69,Тверская область,55.8479449,32.2626969,4073.0,3931.0,10094.0,11463.0,925.0,1008.0,155.0,197.0,989.0,1183.0,4341.0,5838.0,20320.0,23679.0,12.0,12.0,True
2117,2018,9999,28-516-000-000,муниципальный округ Западнодвинский,Западнодвинский,муниципальный округ,69,Тверская область,56.2588287,32.0707122,12137.0,11945.0,10327.0,11957.0,893.0,1041.0,334.0,418.0,1287.0,1506.0,3928.0,5370.0,21815.0,25881.0,12.0,12.0,True
2118,2018,9999,28-518-000-000,муниципальный округ Зубцовский,Зубцовский,муниципальный округ,69,Тверская область,56.170071,34.585182,14370.0,14191.0,10848.0,11886.0,915.0,1002.0,379.0,460.0,1157.0,1252.0,4017.0,5842.0,22048.0,25614.0,12.0,12.0,True
2119,2018,9999,28-520-000-000,муниципальный округ Калининский,Калининский,муниципальный округ,69,Тверская область,56.858675,35.9208284,57724.0,59603.0,12470.0,14140.0,1505.0,1770.0,1684.0,2195.0,2506.0,2969.0,4327.0,6433.0,31673.0,37669.0,12.0,12.0,True
2120,2018,9999,28-522-000-000,муниципальный округ Калязинский,Калязинский,муниципальный округ,69,Тверская область,57.2400206,37.8404883,19344.0,18994.0,11844.0,13049.0,1051.0,1215.0,575.0,627.0,1328.0,1428.0,4613.0,6367.0,25180.0,29180.0,12.0,12.0,True
2121,2018,9999,28-758-000-000,городской округ Кашинский,Кашинский,городской округ,69,Тверская область,57.361755,37.611454,22975.0,22713.0,10921.0,12408.0,1204.0,1279.0,378.0,433.0,1013.0,1060.0,3700.0,5308.0,22827.0,26243.0,12.0,12.0,True
2122,2018,9999,28-526-000-000,муниципальный округ Кесовогорский,Кесовогорский,муниципальный округ,69,Тверская область,57.579342,37.295616,7303.0,7244.0,9119.0,10124.0,956.0,1192.0,328.0,486.0,1142.0,1250.0,4699.0,6074.0,22858.0,26772.0,12.0,12.0,True
2124,2018,9999,28-530-000-000,муниципальный округ Конаковский,Конаковский,муниципальный округ,69,Тверская область,56.7131572,36.7775654,68978.0,67829.0,12284.0,13862.0,1438.0,1645.0,1061.0,1399.0,1575.0,1746.0,4916.0,6941.0,28643.0,33903.0,12.0,12.0,True
2125,2018,9999,28-532-000-000,муниципальный округ Краснохолмский,Краснохолмский,муниципальный округ,69,Тверская область,58.056507,37.114731,8654.0,8508.0,10303.0,11838.0,946.0,1055.0,270.0,278.0,990.0,1121.0,3652.0,5168.0,19386.0,23109.0,12.0,12.0,True
2126,2018,9999,28-534-000-000,муниципальный округ Кувшиновский,Кувшиновский,муниципальный округ,69,Тверская область,57.0314657,34.1796637,12747.0,12610.0,11820.0,12536.0,1045.0,1114.0,537.0,603.0,1269.0,1232.0,4745.0,6426.0,24726.0,27510.0,12.0,12.0,True
2127,2018,9999,28-536-000-000,муниципальный округ Лесной,Лесной,муниципальный округ,69,Тверская область,58.2846441,35.5248456,3914.0,3827.0,11130.0,12257.0,1022.0,1092.0,210.0,220.0,1143.0,1263.0,2390.0,5042.0,20018.0,24100.0,12.0,12.0,True
2128,2018,9999,28-538-000-000,муниципальный округ Лихославльский,Лихославльский,муниципальный округ,69,Тверская область,57.1244437,35.4665276,24715.0,24344.0,11797.0,12771.0,980.0,1108.0,367.0,442.0,1082.0,1100.0,3280.0,4944.0,22511.0,25566.0,12.0,12.0,True
2129,2018,9999,28-540-000-000,муниципальный округ Максатихинский,Максатихинский,муниципальный округ,69,Тверская область,57.797325,35.87904,14025.0,13807.0,10491.0,11735.0,1019.0,1105.0,350.0,476.0,1119.0,1168.0,3357.0,5102.0,20803.0,24419.0,12.0,12.0,True
2130,2018,9999,28-542-000-000,муниципальный округ Молоковский,Молоковский,муниципальный округ,69,Тверская область,58.1630255,36.7661137,3747.0,3690.0,10146.0,11815.0,660.0,368.0,129.0,160.0,1428.0,1524.0,3723.0,5523.0,20459.0,23622.0,12.0,12.0,True
2131,2018,9999,28-759-000-000,городской округ Нелидовский,Нелидовский,городской округ,69,Тверская область,56.226097,32.771111,23173.0,22742.0,11174.0,12773.0,885.0,983.0,590.0,680.0,966.0,1033.0,4016.0,5670.0,22865.0,26919.0,12.0,12.0,True
2132,2018,9999,28-544-000-000,муниципальный округ Оленинский,Оленинский,муниципальный округ,69,Тверская область,56.208992,33.480034,11529.0,11371.0,10513.0,12076.0,862.0,945.0,203.0,254.0,1161.0,1284.0,3672.0,5552.0,21929.0,25841.0,12.0,12.0,True
2133,2018,9999,28-546-000-000,муниципальный округ Пеновский,Пеновский,муниципальный округ,69,Тверская область,56.92379,32.744606,5136.0,5051.0,11174.0,12549.0,1041.0,1169.0,242.0,391.0,1220.0,1416.0,4605.0,6735.0,22899.0,27412.0,12.0,12.0,True
2134,2018,9999,28-547-000-000,муниципальный округ Рамешковский,Рамешковский,муниципальный округ,69,Тверская область,57.3453001,36.0453999,14847.0,14777.0,11202.0,11499.0,798.0,854.0,254.0,237.0,940.0,902.0,3192.0,4940.0,21099.0,23518.0,12.0,12.0,True
2136,2018,9999,28-549-000-000,муниципальный округ Сандовский,Сандовский,муниципальный округ,69,Тверская область,58.461376,36.411373,4892.0,4788.0,11502.0,12386.0,579.0,603.0,276.0,384.0,1502.0,1621.0,3588.0,4844.0,21125.0,23795.0,12.0,12.0,True
2137,2018,9999,28-550-000-000,муниципальный округ Селижаровский,Селижаровский,муниципальный округ,69,Тверская область,56.855633,33.452286,10050.0,9920.0,10195.0,11064.0,939.0,1163.0,284.0,372.0,1203.0,1304.0,4362.0,6087.0,21853.0,25262.0,12.0,12.0,True
2138,2018,9999,28-551-000-000,муниципальный округ Сонковский,Сонковский,муниципальный округ,69,Тверская область,57.7809325,37.1653992,6525.0,6439.0,11691.0,12191.0,775.0,903.0,179.0,211.0,967.0,1037.0,3479.0,5082.0,21201.0,23788.0,12.0,12.0,True
2139,2018,9999,28-552-000-000,муниципальный округ Спировский,Спировский,муниципальный округ,69,Тверская область,57.4215311,34.9932788,8567.0,8413.0,9986.0,11924.0,947.0,962.0,332.0,369.0,1058.0,1125.0,3180.0,4970.0,20566.0,23896.0,12.0,12.0,True
2140,2018,9999,28-553-000-000,муниципальный округ Старицкий,Старицкий,муниципальный округ,69,Тверская область,56.5081105,34.9314738,21077.0,20834.0,11129.0,12152.0,1131.0,1276.0,342.0,324.0,1168.0,1117.0,3752.0,5611.0,22252.0,25398.0,12.0,12.0,True
2141,2018,9999,28-654-000-000,Торжокский муниципальный район,Торжокский,муниципальный район,69,Тверская область,57.0501176,34.95641719793115,19220.0,18761.0,,,,,,,,,,,,,,,False
2142,2018,9999,28-555-000-000,муниципальный округ Торопецкий,Торопецкий,муниципальный округ,69,Тверская область,56.496479,31.641077,16439.0,16137.0,11742.0,13214.0,1164.0,1280.0,315.0,400.0,1445.0,1637.0,4078.0,5818.0,23533.0,28236.0,12.0,12.0,True
2143,2018,9999,28-557-000-000,муниципальный округ Фировский,Фировский,муниципальный округ,69,Тверская область,57.481045,33.698059,8010.0,7887.0,10613.0,11824.0,965.0,1027.0,319.0,389.0,1287.0,1432.0,4214.0,6452.0,21900.0,25654.0,12.0,12.0,True
2144,2018,9999,69-701-000-000,городской округ город Томск,Томск,городской округ,70,Томская область,56.4887526,84.9523434,571983.0,565753.0,12636.0,14329.0,1942.0,2217.0,1940.0,2248.0,2195.0,2595.0,2907.0,4654.0,32923.0,38258.0,12.0,12.0,True
2145,2018,9999,69-707-000-000,городской округ город Кедровый,Кедровый,городской округ,70,Томская область,57.56192,79.570801,2634.0,2626.0,13630.0,15063.0,999.0,1094.0,307.0,309.0,783.0,511.0,4695.0,7501.0,26805.0,30754.0,12.0,12.0,True
2146,2018,9999,69-710-000-000,городской округ город Стрежевой,Стрежевой,городской округ,70,Томская область,60.732758,77.600807,38061.0,37478.0,14861.0,15592.0,1534.0,1593.0,1443.0,1583.0,1548.0,1486.0,3566.0,5182.0,34263.0,37096.0,12.0,12.0,True
2148,2018,9999,69-604-000-000,Александровский муниципальный район,Александровский,муниципальный район,70,Томская область,60.431446,77.865845,7392.0,7233.0,12865.0,14004.0,1293.0,1391.0,897.0,1006.0,1141.0,1208.0,2000.0,5009.0,27332.0,32101.0,12.0,12.0,True
2149,2018,9999,69-608-000-000,Асиновский муниципальный район,Асиновский,муниципальный район,70,Томская область,56.999187,86.14167,33514.0,33342.0,11619.0,12529.0,1063.0,1154.0,462.0,510.0,1181.0,1166.0,1922.0,3177.0,22814.0,25105.0,12.0,12.0,True
2150,2018,9999,69-612-000-000,Бакчарский муниципальный район,Бакчарский,муниципальный район,70,Томская область,57.020538,82.066872,11228.0,11191.0,10775.0,11400.0,961.0,1041.0,241.0,241.0,1247.0,1267.0,2683.0,5072.0,21581.0,25191.0,12.0,12.0,True
2151,2018,9999,69-616-000-000,Верхнекетский муниципальный район,Верхнекетский,муниципальный район,70,Томская область,58.4475598,85.0389307,14588.0,14438.0,13724.0,14578.0,773.0,779.0,445.0,465.0,1067.0,1136.0,2730.0,4505.0,24684.0,27983.0,12.0,12.0,True
2152,2018,9999,69-620-000-000,Зырянский муниципальный район,Зырянский,муниципальный район,70,Томская область,56.834206,86.621178,11065.0,11051.0,10294.0,11174.0,904.0,1004.0,267.0,250.0,1034.0,1059.0,2380.0,3770.0,19266.0,21587.0,12.0,12.0,True
2153,2018,9999,69-624-000-000,Каргасокский муниципальный район,Каргасокский,муниципальный район,70,Томская область,59.0598053,80.8708719,17507.0,17438.0,10837.0,12131.0,1761.0,1874.0,560.0,527.0,947.0,1100.0,2788.0,4416.0,24697.0,28058.0,12.0,12.0,True
2154,2018,9999,69-628-000-000,Кожевниковский муниципальный район,Кожевниковский,муниципальный район,70,Томская область,56.2600069,83.9750781,20307.0,20183.0,10617.0,11886.0,903.0,976.0,261.0,272.0,886.0,943.0,1980.0,3444.0,20190.0,22628.0,12.0,12.0,True
2155,2018,9999,69-632-000-000,Колпашевский муниципальный район,Колпашевский,муниципальный район,70,Томская область,58.313667,82.903557,32570.0,32143.0,12000.0,13541.0,1261.0,1241.0,494.0,563.0,1305.0,1480.0,2806.0,4812.0,25656.0,29644.0,12.0,12.0,True
2156,2018,9999,69-636-000-000,Кривошеинский муниципальный район,Кривошеинский,муниципальный район,70,Томская область,57.343742,83.930153,12088.0,12022.0,12258.0,12764.0,1041.0,1126.0,238.0,242.0,1148.0,1218.0,2708.0,4273.0,21946.0,24388.0,12.0,12.0,True
2157,2018,9999,69-640-000-000,Молчановский муниципальный район,Молчановский,муниципальный район,70,Томская область,57.581014,83.7605886,12177.0,12103.0,11673.0,12921.0,1069.0,1103.0,318.0,269.0,1111.0,1101.0,2544.0,4792.0,22789.0,26099.0,12.0,12.0,True
2158,2018,9999,69-644-000-000,Парабельский муниципальный район,Парабельский,муниципальный район,70,Томская область,58.5997257,80.9445602,11443.0,11379.0,12889.0,13694.0,1160.0,1160.0,650.0,638.0,1155.0,1218.0,3550.0,5680.0,26185.0,29675.0,12.0,12.0,True
2159,2018,9999,69-648-000-000,Первомайский муниципальный район,Первомайский,муниципальный район,70,Томская область,57.070614,86.226082,16732.0,16471.0,11053.0,12196.0,1041.0,1096.0,246.0,283.0,1122.0,1200.0,2032.0,3533.0,20690.0,23297.0,12.0,12.0,True
2160,2018,9999,69-652-000-000,Тегульдетский муниципальный район,Тегульдетский,муниципальный район,70,Томская область,57.306404,88.167168,6436.0,6463.0,12262.0,13382.0,915.0,1016.0,170.0,189.0,951.0,1057.0,2974.0,4853.0,22160.0,25505.0,12.0,12.0,True
2161,2018,9999,69-654-000-000,Томский муниципальный район,Томский,муниципальный район,70,Томская область,56.4887526,84.9523434,88838.0,89298.0,12652.0,14236.0,1932.0,2283.0,1897.0,2302.0,2503.0,2954.0,3230.0,5044.0,33821.0,39572.0,12.0,12.0,True
2162,2018,9999,69-656-000-000,Чаинский муниципальный район,Чаинский,муниципальный район,70,Томская область,57.7915323,82.6441106,11674.0,11633.0,11766.0,13097.0,1000.0,1070.0,278.0,279.0,1114.0,1286.0,3341.0,4968.0,22292.0,25145.0,12.0,12.0,True
2163,2018,9999,69-658-000-000,Шегарский муниципальный район,Шегарский,муниципальный район,70,Томская область,56.554417,84.090408,19895.0,19646.0,11190.0,11752.0,1025.0,1030.0,419.0,366.0,1005.0,940.0,1906.0,3183.0,21619.0,22921.0,12.0,12.0,True
2164,2018,9999,70-701-000-000,городской округ город Тула,Тула,городской округ,71,Тульская область,54.1930321,37.61754,542516.0,538297.0,13019.0,14991.0,1885.0,2198.0,1717.0,2057.0,2291.0,2656.0,4164.0,6141.0,34281.0,40272.0,12.0,12.0,True
2165,2018,9999,70-706-000-000,городской округ город Алексин,Алексин,городской округ,71,Тульская область,54.5028103,37.0667213,70069.0,69514.0,12041.0,13630.0,1428.0,1613.0,876.0,1167.0,1465.0,1777.0,4055.0,5833.0,28343.0,33603.0,12.0,12.0,True
2166,2018,9999,70-702-000-000,городской округ рабочий поселок Новогуровский,Новогуровский,городской округ,71,Тульская область,54.4681741,37.3401784,3617.0,3607.0,11008.0,11914.0,1203.0,1205.0,456.0,584.0,1080.0,938.0,3810.0,6136.0,25052.0,28441.0,7.0,7.0,True
2167,2018,9999,70-712-000-000,городской округ город Донской,Донской,городской округ,71,Тульская область,53.9729348,38.32639150177284,63038.0,62255.0,10675.0,12343.0,1250.0,1426.0,800.0,1036.0,1416.0,1730.0,3570.0,5323.0,25194.0,30576.0,12.0,12.0,True
2168,2018,9999,70-714-000-000,городской округ город Ефремов,Ефремов,городской округ,71,Тульская область,53.141834,38.116188,56838.0,56354.0,11456.0,13206.0,1409.0,1652.0,731.0,933.0,1554.0,1837.0,3838.0,5704.0,26547.0,31688.0,12.0,12.0,True
2169,2018,9999,70-724-000-000,городской округ город Новомосковск,Новомосковск,городской округ,71,Тульская область,54.011013,38.290943,130673.0,129639.0,11752.0,13399.0,1560.0,1818.0,1218.0,1538.0,1883.0,2180.0,4031.0,5924.0,29827.0,35154.0,12.0,12.0,True
2170,2018,9999,70-730-000-000,городской округ Славный,Славный,городской округ,71,Тульская область,53.5476674,36.472999,1830.0,1811.0,14303.0,14730.0,1629.0,1790.0,345.0,470.0,1401.0,1125.0,6153.0,7210.0,31047.0,32730.0,5.0,12.0,True
2171,2018,9999,70-604-000-000,Арсеньевский муниципальный район,Арсеньевский,муниципальный район,71,Тульская область,53.7357884,36.6620997,9214.0,9159.0,10786.0,11890.0,1171.0,1139.0,425.0,556.0,1205.0,1286.0,4525.0,6020.0,23877.0,27042.0,12.0,12.0,True
2172,2018,9999,70-606-000-000,Белевский муниципальный район,Белевский,муниципальный район,71,Тульская область,53.811798,36.137001,18707.0,18494.0,10305.0,11574.0,1345.0,1438.0,320.0,400.0,1207.0,1298.0,4645.0,6401.0,23818.0,27512.0,12.0,12.0,True
2173,2018,9999,70-608-000-000,Богородицкий муниципальный район,Богородицкий,муниципальный район,71,Тульская область,53.773571,38.126965,49571.0,49454.0,10567.0,12230.0,1395.0,1563.0,585.0,735.0,1348.0,1469.0,3866.0,5568.0,25519.0,29848.0,12.0,12.0,True
2174,2018,9999,70-612-000-000,Веневский муниципальный район,Веневский,муниципальный район,71,Тульская область,54.3504,38.2656,34066.0,33948.0,11075.0,12083.0,1248.0,1194.0,436.0,491.0,1126.0,1101.0,3990.0,5632.0,24851.0,27757.0,12.0,12.0,True
2175,2018,9999,70-616-000-000,Воловский муниципальный район,Воловский,муниципальный район,71,Тульская область,53.5548,38.006,13824.0,13746.0,11533.0,13034.0,1208.0,1412.0,287.0,381.0,1131.0,1260.0,4012.0,5982.0,23351.0,27498.0,12.0,12.0,True
2176,2018,9999,70-618-000-000,Дубенский муниципальный район,Дубенский,муниципальный район,71,Тульская область,54.1524925,36.9591856,14859.0,14743.0,10193.0,11242.0,1094.0,1160.0,259.0,342.0,912.0,940.0,4268.0,6359.0,22947.0,26362.0,12.0,12.0,True
2177,2018,9999,70-622-000-000,Заокский муниципальный район,Заокский,муниципальный район,71,Тульская область,54.7331733,37.3989781,26703.0,26774.0,12806.0,14433.0,1328.0,1520.0,746.0,1023.0,1727.0,2020.0,4783.0,6957.0,29328.0,34814.0,12.0,12.0,True
2178,2018,9999,70-624-000-000,Каменский муниципальный район,Каменский,муниципальный район,71,Тульская область,53.2586327,37.6959452,8249.0,8141.0,10515.0,12136.0,1017.0,1223.0,188.0,223.0,847.0,936.0,4091.0,5731.0,21908.0,25832.0,12.0,12.0,True
2179,2018,9999,70-626-000-000,Кимовский муниципальный район,Кимовский,муниципальный район,71,Тульская область,53.9699,38.5327,38612.0,38587.0,9947.0,11222.0,1169.0,1305.0,411.0,478.0,1111.0,1156.0,3459.0,5373.0,22642.0,26358.0,12.0,12.0,True
2180,2018,9999,70-628-000-000,Киреевский муниципальный район,Киреевский,муниципальный район,71,Тульская область,53.926712,37.929916,73476.0,73376.0,11148.0,12358.0,1184.0,1304.0,436.0,489.0,994.0,1040.0,4032.0,5792.0,24387.0,27824.0,12.0,12.0,True
2181,2018,9999,70-630-000-000,Куркинский муниципальный район,Куркинский,муниципальный район,71,Тульская область,53.4247526,38.6571206,10690.0,10641.0,11064.0,12199.0,1153.0,1238.0,222.0,195.0,1035.0,1217.0,3950.0,5990.0,22430.0,26531.0,12.0,12.0,True
2182,2018,9999,70-636-000-000,Одоевский муниципальный район,Одоевский,муниципальный район,71,Тульская область,53.936798,36.687901,11780.0,11804.0,10621.0,11911.0,1145.0,1227.0,446.0,525.0,1235.0,1304.0,4438.0,6611.0,23256.0,27221.0,12.0,12.0,True
2183,2018,9999,70-638-000-000,Плавский муниципальный район,Плавский,муниципальный район,71,Тульская область,53.7068732,37.2920333,29516.0,29592.0,11846.0,13106.0,1111.0,1173.0,527.0,605.0,1348.0,1359.0,4207.0,5898.0,25684.0,29192.0,12.0,12.0,True
2184,2018,9999,70-640-000-000,Суворовский муниципальный район,Суворовский,муниципальный район,71,Тульская область,54.12236,36.500027,35043.0,34424.0,10809.0,12044.0,1223.0,1315.0,350.0,404.0,1222.0,1314.0,3652.0,5240.0,23176.0,26895.0,12.0,12.0,True
2185,2018,9999,70-642-000-000,Тепло-Огаревский муниципальный район,Тепло-Огаревский,муниципальный район,71,Тульская область,53.6233396,37.5905627,11154.0,11101.0,10596.0,11655.0,1286.0,1327.0,338.0,335.0,1181.0,1210.0,3909.0,5875.0,22415.0,25630.0,12.0,12.0,True
2186,2018,9999,70-644-000-000,Узловский муниципальный район,Узловский,муниципальный район,71,Тульская область,53.978512,38.160255,75528.0,75414.0,11446.0,13157.0,1420.0,1617.0,860.0,1137.0,1362.0,1594.0,3785.0,5612.0,27127.0,32455.0,12.0,12.0,True
2187,2018,9999,70-646-000-000,Чернский муниципальный район,Чернский,муниципальный район,71,Тульская область,53.450928,36.910103,18375.0,18218.0,11044.0,12490.0,953.0,1041.0,405.0,444.0,1417.0,1428.0,3833.0,6005.0,24501.0,28536.0,12.0,12.0,True
2188,2018,9999,70-648-000-000,Щекинский муниципальный район,Щекинский,муниципальный район,71,Тульская область,54.004465,37.5179079,103032.0,101699.0,11970.0,13925.0,1534.0,1800.0,1023.0,1339.0,1559.0,1844.0,4219.0,6131.0,28972.0,34664.0,12.0,12.0,True
2189,2018,9999,70-650-000-000,Ясногорский муниципальный район,Ясногорский,муниципальный район,71,Тульская область,54.4792708,37.693329,30491.0,30348.0,11456.0,13162.0,1160.0,1300.0,679.0,848.0,1242.0,1381.0,4545.0,6591.0,26200.0,30713.0,12.0,12.0,True
2190,2018,9999,71-701-000-000,городской округ город Тюмень,Тюмень,городской округ,72,Тюменская область,57.153534,65.542274,855618.0,861098.0,13613.0,15218.0,2206.0,2541.0,2537.0,2960.0,2841.0,3143.0,3588.0,5428.0,38406.0,44096.0,12.0,12.0,True
2191,2018,9999,71-703-000-000,городской округ Заводоуковский,Заводоуковский,городской округ,72,Тюменская область,56.509293,66.539261,47461.0,47394.0,11128.0,12583.0,1180.0,1357.0,652.0,731.0,1761.0,1843.0,2892.0,4391.0,25707.0,29299.0,12.0,12.0,True
2192,2018,9999,71-705-000-000,городской округ город Ишим,Ишим,городской округ,72,Тюменская область,56.09537715,69.46592795241014,67317.0,67329.0,11605.0,13113.0,1145.0,1352.0,955.0,1163.0,1875.0,2080.0,3032.0,4624.0,27178.0,31945.0,12.0,12.0,True
2193,2018,9999,71-710-000-000,городской округ город Тобольск,Тобольск,городской округ,72,Тюменская область,58.1998048,68.2512924,103175.0,102733.0,12975.0,14612.0,1522.0,1805.0,1915.0,2292.0,2304.0,2524.0,3242.0,5187.0,33734.0,39195.0,12.0,12.0,True
2194,2018,9999,71-715-000-000,городской округ город Ялуторовск,Ялуторовск,городской округ,72,Тюменская область,56.64897495,66.2968841383236,38882.0,38970.0,11127.0,12434.0,1210.0,1368.0,702.0,820.0,1859.0,1862.0,2693.0,4185.0,26087.0,29608.0,12.0,12.0,True
2195,2018,9999,71-603-000-000,Абатский муниципальный район,Абатский,муниципальный район,72,Тюменская область,56.289024,70.453026,18783.0,18641.0,10590.0,11688.0,1018.0,1084.0,325.0,307.0,1598.0,1804.0,2810.0,4193.0,22354.0,25358.0,12.0,12.0,True
2196,2018,9999,71-605-000-000,Армизонский муниципальный район,Армизонский,муниципальный район,72,Тюменская область,55.945129,67.685402,9353.0,9306.0,9627.0,10510.0,1042.0,1189.0,267.0,274.0,1379.0,1502.0,3681.0,5306.0,22027.0,25023.0,12.0,12.0,True
2197,2018,9999,71-607-000-000,Аромашевский муниципальный район,Аромашевский,муниципальный район,72,Тюменская область,56.865017,68.6473468,10350.0,10235.0,10256.0,11595.0,1066.0,1141.0,168.0,248.0,1442.0,1477.0,2525.0,4070.0,20801.0,23991.0,12.0,12.0,True
2198,2018,9999,71-610-000-000,Бердюжский муниципальный район,Бердюжский,муниципальный район,72,Тюменская область,55.805538,68.308907,10877.0,10693.0,10979.0,11630.0,962.0,1078.0,211.0,240.0,1381.0,1545.0,2994.0,4722.0,22240.0,25155.0,12.0,12.0,True
2199,2018,9999,71-613-000-000,Вагайский муниципальный район,Вагайский,муниципальный район,72,Тюменская область,57.9352224,69.0125864,17943.0,17835.0,10139.0,10290.0,931.0,920.0,456.0,395.0,1384.0,1265.0,2382.0,3684.0,22703.0,23790.0,12.0,12.0,True
2200,2018,9999,71-615-000-000,Викуловский муниципальный район,Викуловский,муниципальный район,72,Тюменская область,56.815155,70.605362,14843.0,14670.0,11550.0,12568.0,979.0,1067.0,473.0,603.0,1389.0,1598.0,2812.0,4352.0,21936.0,25694.0,12.0,12.0,True
2201,2018,9999,71-702-000-000,городской округ Голышмановский,Голышмановский,городской округ,72,Тюменская область,56.3955,68.375,23429.0,23386.0,10543.0,11754.0,987.0,1065.0,283.0,291.0,1576.0,1619.0,2386.0,3889.0,22120.0,25342.0,12.0,12.0,True
2202,2018,9999,71-624-000-000,Исетский муниципальный район,Исетский,муниципальный район,72,Тюменская область,56.475377,65.3286838,26041.0,25979.0,10114.0,10422.0,958.0,971.0,485.0,446.0,1531.0,1437.0,2194.0,3775.0,23141.0,24722.0,12.0,12.0,True
2203,2018,9999,71-626-000-000,Ишимский муниципальный район,Ишимский,муниципальный район,72,Тюменская область,56.09537715,69.46592795241014,28364.0,28178.0,10544.0,12122.0,1025.0,1232.0,604.0,746.0,1645.0,1757.0,2546.0,3859.0,23485.0,27341.0,12.0,12.0,True
2204,2018,9999,71-630-000-000,Казанский муниципальный район,Казанский,муниципальный район,72,Тюменская область,55.6434378,69.2419265,20047.0,19959.0,10324.0,11282.0,873.0,958.0,282.0,277.0,1330.0,1387.0,3067.0,4457.0,22207.0,24735.0,12.0,12.0,True
2205,2018,9999,71-632-000-000,Нижнетавдинский муниципальный район,Нижнетавдинский,муниципальный район,72,Тюменская область,57.665195,66.172325,27046.0,27122.0,11649.0,12467.0,917.0,907.0,392.0,301.0,1334.0,1177.0,2534.0,4416.0,22634.0,24751.0,12.0,12.0,True
2206,2018,9999,71-634-000-000,Омутинский муниципальный район,Омутинский,муниципальный район,72,Тюменская область,56.476646,67.66394,18444.0,18399.0,10402.0,10996.0,1078.0,1146.0,329.0,348.0,1447.0,1450.0,2723.0,4669.0,22846.0,25323.0,12.0,12.0,True
2207,2018,9999,71-636-000-000,Сладковский муниципальный район,Сладковский,муниципальный район,72,Тюменская область,55.528728,70.347,10860.0,10763.0,10673.0,11089.0,956.0,966.0,235.0,218.0,1267.0,1318.0,2908.0,4268.0,20833.0,22487.0,12.0,12.0,True
2208,2018,9999,71-638-000-000,Сорокинский муниципальный район,Сорокинский,муниципальный район,72,Тюменская область,56.6295759,69.8076705,9391.0,9230.0,11453.0,12452.0,923.0,921.0,317.0,373.0,1651.0,1746.0,2900.0,4323.0,23938.0,26572.0,12.0,12.0,True
2209,2018,9999,71-642-000-000,Тобольский муниципальный район,Тобольский,муниципальный район,72,Тюменская область,58.1998048,68.2512924,21864.0,21652.0,10077.0,10716.0,938.0,847.0,909.0,1216.0,1891.0,2260.0,1838.0,4387.0,23824.0,27881.0,5.0,6.0,True
2210,2018,9999,71-644-000-000,Тюменский муниципальный район,Тюменский,муниципальный район,72,Тюменская область,57.153534,65.542274,140102.0,143580.0,12068.0,13853.0,1635.0,2032.0,1708.0,2410.0,2405.0,2985.0,3460.0,5451.0,32120.0,39467.0,12.0,12.0,True
2211,2018,9999,71-648-000-000,Уватский муниципальный район,Уватский,муниципальный район,72,Тюменская область,59.1428822,68.8961724,18622.0,18683.0,13602.0,14397.0,1200.0,1104.0,787.0,725.0,1514.0,1310.0,4620.0,6388.0,29983.0,31694.0,12.0,12.0,True
2212,2018,9999,71-650-000-000,Упоровский муниципальный район,Упоровский,муниципальный район,72,Тюменская область,56.312378,66.267189,19348.0,19403.0,11440.0,12411.0,987.0,1089.0,318.0,371.0,1336.0,1469.0,2376.0,3956.0,22921.0,25971.0,12.0,12.0,True
2213,2018,9999,71-653-000-000,Юргинский муниципальный район,Юргинский,муниципальный район,72,Тюменская область,56.818596,67.392548,11138.0,11096.0,11252.0,12178.0,1135.0,1134.0,247.0,217.0,1356.0,1340.0,3102.0,4909.0,23400.0,25678.0,12.0,12.0,True
2214,2018,9999,71-656-000-000,Ялуторовский муниципальный район,Ялуторовский,муниципальный район,72,Тюменская область,56.64897495,66.2968841383236,15967.0,15981.0,8657.0,,962.0,,369.0,,1743.0,,1562.0,,22113.0,,4.0,,True
2215,2018,9999,71-658-000-000,Ярковский муниципальный район,Ярковский,муниципальный район,72,Тюменская область,57.405594,67.07177,23229.0,23139.0,10455.0,11581.0,897.0,890.0,518.0,552.0,1269.0,1350.0,1960.0,3574.0,21848.0,24673.0,12.0,12.0,True
2216,2018,9999,71-871-000-000,городской округ город Ханты-Мансийск,Ханты-Мансийск,городской округ,86,Ханты-Мансийский автономный округ — Югра,61.0034448,69.0190006,109745.0,111772.0,14956.0,16895.0,1752.0,2027.0,3116.0,3697.0,2916.0,3340.0,4677.0,6891.0,42957.0,49792.0,12.0,12.0,True
2217,2018,9999,71-883-000-000,городской округ город Когалым,Когалым,городской округ,86,Ханты-Мансийский автономный округ — Югра,62.26798,74.4889068,62494.0,63963.0,14692.0,16284.0,1644.0,1861.0,2594.0,3090.0,2250.0,2583.0,4745.0,6872.0,39190.0,45502.0,12.0,12.0,True
2218,2018,9999,71-872-000-000,городской округ город Лангепас,Лангепас,городской округ,86,Ханты-Мансийский автономный округ — Югра,61.25166204999999,75.17881042039596,43407.0,44157.0,12874.0,14057.0,1275.0,1457.0,1745.0,2056.0,1394.0,1492.0,3880.0,5612.0,32449.0,36844.0,12.0,12.0,True
2219,2018,9999,71-873-000-000,городской округ город Мегион,Мегион,городской округ,86,Ханты-Мансийский автономный округ — Югра,61.035404,76.108215,59174.0,59715.0,14234.0,15656.0,1699.0,1965.0,2069.0,2569.0,1654.0,1985.0,3931.0,5872.0,36511.0,42684.0,12.0,12.0,True
2220,2018,9999,71-874-000-000,городской округ город Нефтеюганск,Нефтеюганск,городской округ,86,Ханты-Мансийский автономный округ — Югра,61.0962043,72.6111908351568,124989.0,126690.0,14617.0,16152.0,1711.0,1985.0,2303.0,2765.0,2346.0,2674.0,3927.0,5854.0,39309.0,45223.0,12.0,12.0,True
2221,2018,9999,71-875-000-000,городской округ город Нижневартовск,Нижневартовск,городской округ,86,Ханты-Мансийский автономный округ — Югра,60.9391866,76.55117870683605,287095.0,290535.0,14755.0,16337.0,1793.0,2027.0,2746.0,3181.0,2374.0,2733.0,3410.0,5290.0,39911.0,45762.0,12.0,12.0,True
2222,2018,9999,71-879-000-000,городской округ город Нягань,Нягань,городской округ,86,Ханты-Мансийский автономный округ — Югра,62.1650621,65.45441966394608,63054.0,63466.0,15758.0,17466.0,1631.0,1886.0,2301.0,2561.0,1999.0,2370.0,4352.0,6705.0,39670.0,45708.0,12.0,12.0,True
2223,2018,9999,71-884-000-000,городской округ город Покачи,Покачи,городской округ,86,Ханты-Мансийский автономный округ — Югра,61.73768990000001,75.60509414915978,16201.0,16556.0,13064.0,14333.0,1262.0,1475.0,1374.0,1583.0,1367.0,1634.0,4788.0,6616.0,32556.0,37758.0,12.0,12.0,True
2224,2018,9999,71-885-000-000,городской округ город Пыть-Ях,Пыть-Ях,городской округ,86,Ханты-Мансийский автономный округ — Югра,60.7097399,72.85847962489736,40253.0,40530.0,13690.0,15394.0,1245.0,1451.0,1563.0,2000.0,1938.0,2393.0,4066.0,6246.0,33497.0,39991.0,12.0,12.0,True
2225,2018,9999,71-877-000-000,городской округ город Радужный,Радужный,городской округ,86,Ханты-Мансийский автономный округ — Югра,62.135315,77.462616,44635.0,45574.0,12809.0,13370.0,1138.0,1186.0,1391.0,1747.0,1258.0,1298.0,3679.0,5222.0,30426.0,33154.0,12.0,12.0,True
2226,2018,9999,71-876-000-000,городской округ город Сургут,Сургут,городской округ,86,Ханты-Мансийский автономный округ — Югра,61.2922349,73.41583674801504,406938.0,420347.0,15088.0,16731.0,1913.0,2177.0,2817.0,3338.0,2702.0,3166.0,3768.0,5674.0,41585.0,47756.0,12.0,12.0,True
2227,2018,9999,71-878-000-000,городской округ город Урай,Урай,городской округ,86,Ханты-Мансийский автономный округ — Югра,60.1192579,64.7599996856959,41141.0,41356.0,15146.0,16580.0,1667.0,1810.0,1987.0,2159.0,2241.0,2464.0,4822.0,6874.0,37410.0,42591.0,12.0,12.0,True
2228,2018,9999,71-887-000-000,городской округ город Югорск,Югорск,городской округ,86,Ханты-Мансийский автономный округ — Югра,61.3159174,63.3344785884512,38611.0,39233.0,13264.0,14683.0,1501.0,1626.0,1800.0,2016.0,2270.0,2453.0,4030.0,5824.0,34591.0,39065.0,12.0,12.0,True
2229,2018,9999,71-811-000-000,Белоярский муниципальный район,Белоярский,муниципальный район,86,Ханты-Мансийский автономный округ — Югра,63.68158065,66.75617738996769,28798.0,28479.0,13580.0,14822.0,1366.0,1568.0,1981.0,2007.0,1573.0,1789.0,3886.0,5673.0,34979.0,38724.0,12.0,12.0,True
2230,2018,9999,71-812-000-000,Березовский муниципальный район,Березовский,муниципальный район,86,Ханты-Мансийский автономный округ — Югра,63.935246,65.053566,22690.0,22821.0,13922.0,15471.0,1161.0,1272.0,857.0,955.0,1721.0,1863.0,3922.0,6981.0,33221.0,38590.0,12.0,12.0,True
2231,2018,9999,71-816-000-000,Кондинский муниципальный район,Кондинский,муниципальный район,86,Ханты-Мансийский автономный округ — Югра,59.5924863,65.90851,30495.0,30387.0,13197.0,14364.0,1182.0,1298.0,964.0,1065.0,1863.0,2096.0,4399.0,6787.0,32089.0,35810.0,12.0,12.0,True
2232,2018,9999,71-818-000-000,Нефтеюганский муниципальный район,Нефтеюганский,муниципальный район,86,Ханты-Мансийский автономный округ — Югра,61.0962043,72.6111908351568,47014.0,47486.0,13082.0,14473.0,1256.0,1476.0,1232.0,1495.0,1700.0,1885.0,4371.0,6559.0,33345.0,38568.0,12.0,12.0,True
2233,2018,9999,71-819-000-000,Нижневартовский муниципальный район,Нижневартовский,муниципальный район,86,Ханты-Мансийский автономный округ — Югра,60.9391866,76.55117870683605,38507.0,38693.0,12024.0,12439.0,1084.0,1113.0,1148.0,1479.0,1247.0,1336.0,3710.0,5410.0,28535.0,31564.0,12.0,12.0,True
2234,2018,9999,71-821-000-000,Октябрьский муниципальный район,Октябрьский,муниципальный район,86,Ханты-Мансийский автономный округ — Югра,62.459541,66.045067,32050.0,32120.0,14527.0,15788.0,1194.0,1302.0,908.0,995.0,1305.0,1502.0,4371.0,6842.0,31021.0,35890.0,12.0,12.0,True
2235,2018,9999,71-824-000-000,Советский муниципальный район,Советский,муниципальный район,86,Ханты-Мансийский автономный округ — Югра,61.35802885,63.56218800350869,46585.0,46492.0,13756.0,15142.0,1214.0,1323.0,1197.0,1280.0,2042.0,2134.0,3765.0,5760.0,31718.0,35885.0,12.0,12.0,True
2236,2018,9999,71-826-000-000,Сургутский муниципальный район,Сургутский,муниципальный район,86,Ханты-Мансийский автономный округ — Югра,61.2922349,73.41583674801504,127611.0,129992.0,13192.0,14056.0,1268.0,1383.0,1648.0,1937.0,1606.0,1833.0,3889.0,5747.0,32850.0,37405.0,12.0,12.0,True
2237,2018,9999,71-829-000-000,Ханты-Мансийский муниципальный район,Ханты-Мансийский,муниципальный район,86,Ханты-Мансийский автономный округ — Югра,61.0034448,69.0190006,18866.0,19022.0,12559.0,13691.0,1013.0,1097.0,1561.0,1967.0,2069.0,2666.0,2814.0,4307.0,29099.0,33757.0,12.0,12.0,True
2238,2018,9999,71-951-000-000,городской округ город Салехард,Салехард,городской округ,89,Ямало-Ненецкий автономный округ,66.34953595,66.63347415344438,48693.0,49236.0,18974.0,21244.0,2171.0,2480.0,2551.0,2966.0,3511.0,3915.0,4477.0,6452.0,51330.0,57848.0,12.0,12.0,True
2241,2018,9999,71-955-000-000,городской округ город Муравленко,Муравленко,городской округ,89,Ямало-Ненецкий автономный округ,63.7947977,74.4969322,29306.0,29581.0,15269.0,16324.0,1449.0,1560.0,1921.0,2205.0,1692.0,1814.0,5516.0,7528.0,38200.0,42829.0,12.0,12.0,True
2242,2018,9999,71-956-000-000,городской округ город Новый Уренгой,Новый Уренгой,городской округ,89,Ямало-Ненецкий автономный округ,66.02896595,78.08097865620685,106764.0,106890.0,14121.0,15734.0,1835.0,2034.0,3018.0,3470.0,2651.0,2996.0,4550.0,6715.0,42960.0,48661.0,12.0,12.0,True
2243,2018,9999,71-958-000-000,городской округ город Ноябрьск,Ноябрьск,городской округ,89,Ямало-Ненецкий автономный округ,63.1191178,75.34670351236167,101235.0,102938.0,15465.0,17001.0,1664.0,1917.0,2292.0,2785.0,2339.0,2719.0,4649.0,6674.0,40843.0,46647.0,12.0,12.0,True
2244,2018,9999,71-933-000-000,муниципальный округ Красноселькупский район,Красноселькупский,муниципальный округ,89,Ямало-Ненецкий автономный округ,65.704239,82.458855,5702.0,5640.0,18553.0,19563.0,1694.0,1706.0,1348.0,1438.0,1295.0,1276.0,2812.0,4648.0,41683.0,45900.0,12.0,12.0,True
2245,2018,9999,71-936-000-000,муниципальный округ Надымский район,Надымский,муниципальный округ,89,Ямало-Ненецкий автономный округ,65.532,72.52,66233.0,65345.0,14849.0,16185.0,1577.0,1789.0,2366.0,2772.0,1841.0,2048.0,4748.0,6946.0,39896.0,45491.0,12.0,12.0,True
2248,2018,9999,71-943-000-000,муниципальный округ Тазовский район,Тазовский,муниципальный округ,89,Ямало-Ненецкий автономный округ,67.4735321,78.7149206,17774.0,17876.0,15796.0,18151.0,1434.0,1537.0,1865.0,2296.0,1646.0,1759.0,4650.0,7955.0,39718.0,46284.0,12.0,12.0,True
2249,2018,9999,71-946-000-000,муниципальный округ Шурышкарский район,Шурышкарский,муниципальный округ,89,Ямало-Ненецкий автономный округ,65.400004,64.7018584,9121.0,9162.0,18887.0,21574.0,1366.0,1354.0,722.0,888.0,2128.0,2160.0,2456.0,4449.0,38705.0,43288.0,12.0,12.0,True
2250,2018,9999,71-948-000-000,муниципальный округ Ямальский район,Ямальский,муниципальный округ,89,Ямало-Ненецкий автономный округ,66.865563,70.83653,16139.0,16268.0,19186.0,21706.0,1801.0,1882.0,1787.0,2189.0,1544.0,1787.0,2368.0,4291.0,42470.0,47683.0,12.0,12.0,True
2251,2018,9999,73-701-000-000,городской округ город Ульяновск,Ульяновск,городской округ,73,Ульяновская область,54.3150278,48.403373,634567.0,632771.0,11206.0,12624.0,1669.0,1932.0,1467.0,1785.0,1899.0,2216.0,3033.0,4792.0,28408.0,33532.0,12.0,12.0,True
2252,2018,9999,73-705-000-000,городской округ город Димитровград,Димитровград,городской округ,73,Ульяновская область,54.2188995,49.6038982,109547.0,108804.0,11325.0,12651.0,1388.0,1608.0,1121.0,1360.0,1591.0,1800.0,2979.0,4667.0,25838.0,30505.0,12.0,12.0,True
2253,2018,9999,73-715-000-000,городской округ город Новоульяновск,Новоульяновск,городской округ,73,Ульяновская область,54.1502073,48.3856508,16857.0,16791.0,9358.0,10057.0,1150.0,1168.0,490.0,507.0,708.0,680.0,2734.0,4072.0,19926.0,22028.0,12.0,12.0,True
2254,2018,9999,73-602-000-000,Базарносызганский муниципальный район,Базарносызганский,муниципальный район,73,Ульяновская область,53.7482676,46.7584818,7417.0,7275.0,9154.0,10861.0,1022.0,1160.0,118.0,251.0,1130.0,1275.0,2789.0,4103.0,18800.0,21674.0,12.0,12.0,True
2255,2018,9999,73-604-000-000,Барышский муниципальный район,Барышский,муниципальный район,73,Ульяновская область,53.6540758,47.1013737,35618.0,34969.0,8946.0,9811.0,974.0,1019.0,252.0,278.0,974.0,1041.0,2532.0,3813.0,18034.0,20284.0,12.0,12.0,True
2256,2018,9999,73-607-000-000,Вешкаймский муниципальный район,Вешкаймский,муниципальный район,73,Ульяновская область,54.0487859,47.1238442,14559.0,14314.0,9302.0,9816.0,1079.0,1122.0,123.0,246.0,995.0,1027.0,2369.0,3731.0,17547.0,19822.0,12.0,12.0,True
2257,2018,9999,73-610-000-000,Инзенский муниципальный район,Инзенский,муниципальный район,73,Ульяновская область,53.8579402,46.3573236,26271.0,25875.0,9972.0,11082.0,1070.0,1214.0,251.0,475.0,1121.0,1214.0,2468.0,3776.0,19132.0,22442.0,12.0,12.0,True
2258,2018,9999,73-614-000-000,Карсунский муниципальный район,Карсунский,муниципальный район,73,Ульяновская область,54.1970553,46.9793449,19865.0,19556.0,8410.0,9032.0,933.0,1006.0,221.0,320.0,1053.0,1031.0,2341.0,3654.0,16299.0,18563.0,12.0,12.0,True
2259,2018,9999,73-616-000-000,Кузоватовский муниципальный район,Кузоватовский,муниципальный район,73,Ульяновская область,53.5408,47.685,18158.0,17939.0,9446.0,10051.0,997.0,1098.0,278.0,331.0,986.0,1042.0,2411.0,3677.0,18060.0,20538.0,12.0,12.0,True
2260,2018,9999,73-620-000-000,Майнский муниципальный район,Майнский,муниципальный район,73,Ульяновская область,54.1140512,47.6264897,20084.0,19862.0,9648.0,10350.0,992.0,1036.0,142.0,201.0,904.0,922.0,1853.0,3227.0,18006.0,19829.0,12.0,12.0,True
2261,2018,9999,73-622-000-000,Мелекесский муниципальный район,Мелекесский,муниципальный район,73,Ульяновская область,54.2188995,49.6038982,29754.0,29193.0,9303.0,,970.0,,345.0,,908.0,,1324.0,,17286.0,,3.0,,True
2262,2018,9999,73-625-000-000,Николаевский муниципальный район,Николаевский,муниципальный район,73,Ульяновская область,53.1311155,47.2003659,21548.0,21200.0,7959.0,8651.0,974.0,1134.0,244.0,244.0,1359.0,1397.0,2359.0,3605.0,17246.0,19514.0,12.0,12.0,True
2263,2018,9999,73-627-000-000,Новомалыклинский муниципальный район,Новомалыклинский,муниципальный район,73,Ульяновская область,54.2050657,49.9308434,11926.0,11548.0,9062.0,10209.0,1146.0,947.0,304.0,237.0,885.0,410.0,1406.0,2883.0,17675.0,17631.0,3.0,4.0,True
2264,2018,9999,73-629-000-000,Новоспасский муниципальный район,Новоспасский,муниципальный район,73,Ульяновская область,53.1492062,47.7526084,20134.0,19921.0,9805.0,10259.0,811.0,1124.0,377.0,401.0,983.0,1111.0,3019.0,4343.0,19700.0,22267.0,12.0,12.0,True
2265,2018,9999,73-632-000-000,Павловский муниципальный район,Павловский,муниципальный район,73,Ульяновская область,52.6894894,47.1398473,11804.0,11582.0,7686.0,8054.0,999.0,1062.0,182.0,186.0,895.0,898.0,3573.0,4542.0,17184.0,18454.0,12.0,12.0,True
2266,2018,9999,73-634-000-000,Радищевский муниципальный район,Радищевский,муниципальный район,73,Ульяновская область,52.8520485,47.8706585,11360.0,11246.0,8918.0,9587.0,1039.0,1126.0,182.0,145.0,1082.0,1080.0,3122.0,4234.0,18304.0,20503.0,12.0,12.0,True
2267,2018,9999,73-636-000-000,Сенгилеевский муниципальный район,Сенгилеевский,муниципальный район,73,Ульяновская область,53.9588733,48.7872182,19311.0,19008.0,8888.0,9750.0,964.0,915.0,189.0,243.0,826.0,770.0,2842.0,4112.0,17695.0,20026.0,12.0,12.0,True
2268,2018,9999,73-639-000-000,Старокулаткинский муниципальный район,Старокулаткинский,муниципальный район,73,Ульяновская область,52.7313796,47.6207042,9804.0,9545.0,8342.0,8941.0,976.0,1073.0,140.0,185.0,680.0,722.0,1720.0,2516.0,14709.0,16432.0,12.0,12.0,True
2269,2018,9999,73-642-000-000,Старомайнский муниципальный район,Старомайнский,муниципальный район,73,Ульяновская область,54.6070643,48.9258988,14818.0,14556.0,8444.0,8742.0,811.0,881.0,168.0,156.0,811.0,672.0,2120.0,3445.0,16576.0,18201.0,12.0,12.0,True
2270,2018,9999,73-644-000-000,Сурский муниципальный район,Сурский,муниципальный район,73,Ульяновская область,54.4800412,46.7234429,14721.0,14437.0,8633.0,9360.0,964.0,1089.0,331.0,389.0,910.0,1027.0,2597.0,3811.0,16965.0,19592.0,12.0,12.0,True
2271,2018,9999,73-648-000-000,Тереньгульский муниципальный район,Тереньгульский,муниципальный район,73,Ульяновская область,53.7161121,48.367123,15597.0,15507.0,8617.0,9675.0,942.0,994.0,111.0,85.0,897.0,867.0,2153.0,3284.0,16928.0,19272.0,12.0,12.0,True
2272,2018,9999,73-652-000-000,Ульяновский муниципальный район,Ульяновский,муниципальный район,73,Ульяновская область,54.4269176,48.2749899,34975.0,34931.0,8850.0,9517.0,914.0,965.0,547.0,511.0,865.0,847.0,2306.0,3594.0,18002.0,20147.0,12.0,12.0,True
2273,2018,9999,73-654-000-000,Цильнинский муниципальный район,Цильнинский,муниципальный район,73,Ульяновская область,54.5195634,47.9678555,23000.0,23007.0,7587.0,7890.0,952.0,1054.0,232.0,278.0,903.0,857.0,1847.0,3825.0,15499.0,18047.0,9.0,12.0,True
2274,2018,9999,73-656-000-000,Чердаклинский муниципальный район,Чердаклинский,муниципальный район,73,Ульяновская область,54.3600605,48.8489979,39311.0,38945.0,8702.0,9368.0,940.0,1032.0,475.0,532.0,1056.0,1069.0,2210.0,3849.0,18068.0,20976.0,12.0,12.0,True
2275,2018,9999,75-701-000-000,городской округ Челябинский,Челябинский,городской округ,74,Челябинская область,55.1598408,61.4025547,1182517.0,1177058.0,11886.0,13734.0,1786.0,2098.0,1934.0,2309.0,2251.0,2576.0,2963.0,4758.0,31656.0,37626.0,12.0,12.0,True
2276,2018,9999,75-706-000-000,городской округ Верхнеуфалейский,Верхнеуфалейский,городской округ,74,Челябинская область,56.052029,60.226448,25532.0,25205.0,10971.0,12297.0,1111.0,1273.0,536.0,636.0,1013.0,1149.0,2524.0,4049.0,22208.0,26326.0,12.0,12.0,True
2278,2018,9999,75-715-000-000,городской округ Карабашский,Карабашский,городской округ,74,Челябинская область,55.4885688,60.2028784,10588.0,10372.0,10992.0,11895.0,1021.0,1166.0,522.0,746.0,1068.0,941.0,2908.0,4468.0,22982.0,26666.0,12.0,12.0,True
2279,2018,9999,75-728-000-000,городской округ Копейский,Копейский,городской округ,74,Челябинская область,55.1131951,61.6216332,148292.0,147109.0,11764.0,13996.0,1447.0,1742.0,1308.0,1728.0,1748.0,2150.0,2866.0,4737.0,29131.0,35945.0,12.0,12.0,True
2280,2018,9999,75-734-000-000,городской округ Кыштымский,Кыштымский,городской округ,74,Челябинская область,55.7099215,60.5511275,37271.0,37146.0,11338.0,13410.0,1432.0,1693.0,1033.0,1162.0,1513.0,1831.0,3154.0,4899.0,26664.0,32217.0,12.0,12.0,True
2281,2018,9999,75-738-000-000,городской округ Магнитогорский,Магнитогорский,городской округ,74,Челябинская область,53.4242184,58.983136,409255.0,408715.0,10576.0,12100.0,1452.0,1728.0,1581.0,1874.0,1869.0,2114.0,2553.0,4255.0,27622.0,32597.0,12.0,12.0,True
2282,2018,9999,75-742-000-000,городской округ Миасский,Миасский,городской округ,74,Челябинская область,55.0505685,60.1087125,161093.0,160837.0,11676.0,13589.0,1575.0,1876.0,1492.0,1832.0,1842.0,2150.0,3181.0,5071.0,29226.0,35078.0,12.0,12.0,True
2286,2018,9999,75-752-000-000,городской округ Троицкий,Троицкий,городской округ,74,Челябинская область,54.0847722,61.5514047,69983.0,69845.0,10381.0,11883.0,1385.0,1649.0,793.0,993.0,1437.0,1747.0,2353.0,4109.0,23396.0,28573.0,12.0,12.0,True
2287,2018,9999,75-755-000-000,городской округ Усть-Катавский,Усть-Катавский,городской округ,74,Челябинская область,54.9308,58.17484,23566.0,23326.0,10761.0,12132.0,1144.0,1327.0,702.0,835.0,1152.0,1271.0,2802.0,4286.0,22588.0,26636.0,12.0,12.0,True
2288,2018,9999,75-758-000-000,городской округ Чебаркульский,Чебаркульский,городской округ,74,Челябинская область,54.977795,60.37009,44671.0,44648.0,11539.0,13612.0,1412.0,1684.0,1089.0,1626.0,1442.0,1853.0,3082.0,5138.0,26877.0,33944.0,12.0,12.0,True
2289,2018,9999,75-764-000-000,городской округ Южноуральский,Южноуральский,городской округ,74,Челябинская область,54.4425364,61.2682731,37414.0,37265.0,11119.0,12776.0,1375.0,1665.0,905.0,1149.0,1440.0,1750.0,2664.0,4510.0,25478.0,30962.0,12.0,12.0,True
2290,2018,9999,75-759-000-000,городской округ Локомотивный,Локомотивный,городской округ,74,Челябинская область,53.042561,60.614517,8576.0,8574.0,,,,,,,,,,,,,,,False
2291,2018,9999,75-603-000-000,Агаповский муниципальный район,Агаповский,муниципальный район,74,Челябинская область,53.296947,59.134914,31815.0,31761.0,8315.0,8760.0,819.0,889.0,462.0,478.0,693.0,796.0,1698.0,4602.0,17943.0,21342.0,7.0,6.0,True
2292,2018,9999,75-606-000-000,Аргаяшский муниципальный район,Аргаяшский,муниципальный район,74,Челябинская область,55.4908093,60.8776278,39396.0,39383.0,9368.0,9980.0,969.0,1005.0,345.0,409.0,998.0,1005.0,1775.0,3222.0,19375.0,21962.0,12.0,12.0,True
2293,2018,9999,75-609-000-000,Ашинский муниципальный район,Ашинский,муниципальный район,74,Челябинская область,54.9908896,57.2780531,54979.0,54113.0,11524.0,12950.0,1239.0,1436.0,620.0,698.0,945.0,1013.0,3354.0,4930.0,24025.0,27969.0,12.0,12.0,True
2294,2018,9999,75-612-000-000,Брединский муниципальный район,Брединский,муниципальный район,74,Челябинская область,52.4223974,60.3372556,23586.0,23380.0,8343.0,9316.0,945.0,1142.0,210.0,236.0,865.0,923.0,2407.0,4069.0,18610.0,22301.0,12.0,12.0,True
2295,2018,9999,75-614-000-000,Варненский муниципальный район,Варненский,муниципальный район,74,Челябинская область,53.3778252,60.9783588,24152.0,24054.0,9811.0,10974.0,1000.0,1161.0,445.0,528.0,1309.0,1445.0,2358.0,4059.0,20566.0,24303.0,12.0,12.0,True
2296,2018,9999,75-617-000-000,Верхнеуральский муниципальный район,Верхнеуральский,муниципальный район,74,Челябинская область,53.8753392,59.2197592,31736.0,31251.0,9129.0,9962.0,1050.0,1134.0,466.0,512.0,1023.0,1004.0,2330.0,3998.0,20129.0,23055.0,12.0,12.0,True
2297,2018,9999,75-619-000-000,Еманжелинский муниципальный район,Еманжелинский,муниципальный район,74,Челябинская область,54.759121,61.313198,47327.0,47326.0,10365.0,11326.0,1117.0,1226.0,472.0,577.0,793.0,774.0,2558.0,4216.0,22011.0,25747.0,12.0,12.0,True
2298,2018,9999,75-620-000-000,Еткульский муниципальный район,Еткульский,муниципальный район,74,Челябинская область,54.828304,61.592037,29706.0,29743.0,10461.0,11795.0,1168.0,1184.0,398.0,434.0,979.0,1061.0,2468.0,4450.0,21527.0,25338.0,12.0,12.0,True
2299,2018,9999,75-623-000-000,Карталинский муниципальный район,Карталинский,муниципальный район,74,Челябинская область,53.053261,60.639172,43633.0,43290.0,9302.0,10428.0,1004.0,1095.0,468.0,480.0,1000.0,1069.0,2369.0,3747.0,19938.0,22966.0,12.0,12.0,True
2300,2018,9999,75-626-000-000,Каслинский муниципальный район,Каслинский,муниципальный район,74,Челябинская область,55.8904193,60.7538518,29604.0,29118.0,11178.0,12364.0,1240.0,1322.0,478.0,443.0,1221.0,1185.0,2476.0,4104.0,23157.0,26255.0,12.0,12.0,True
2301,2018,9999,75-629-000-000,Катав-Ивановский муниципальный район,Катав-Ивановский,муниципальный район,74,Челябинская область,54.753479,58.205784,26591.0,26222.0,10529.0,11626.0,1105.0,1238.0,538.0,617.0,1169.0,1323.0,2712.0,4112.0,21609.0,25077.0,12.0,12.0,True
2302,2018,9999,75-632-000-000,Кизильский муниципальный район,Кизильский,муниципальный район,74,Челябинская область,52.72554,58.893696,19751.0,19276.0,8432.0,8647.0,891.0,921.0,314.0,295.0,792.0,801.0,1778.0,3056.0,17996.0,19823.0,12.0,12.0,True
2303,2018,9999,75-533-000-000,Коркинский муниципальный округ,Коркинский,муниципальный округ,74,Челябинская область,54.889923,61.407963,56058.0,55417.0,10766.0,12366.0,1250.0,1464.0,534.0,753.0,1070.0,1269.0,2595.0,4381.0,23634.0,29005.0,12.0,12.0,True
2304,2018,9999,75-634-000-000,Красноармейский муниципальный район,Красноармейский,муниципальный район,74,Челябинская область,55.283096,61.893074,49158.0,49996.0,10371.0,11117.0,907.0,922.0,346.0,357.0,979.0,946.0,2257.0,4078.0,21158.0,23888.0,12.0,12.0,True
2305,2018,9999,75-636-000-000,Кунашакский муниципальный район,Кунашакский,муниципальный район,74,Челябинская область,55.698971,61.550903,27737.0,27505.0,9693.0,10017.0,878.0,978.0,279.0,358.0,1206.0,1217.0,1703.0,3482.0,18804.0,21421.0,12.0,12.0,True
2307,2018,9999,75-642-000-000,Нагайбакский муниципальный район,Нагайбакский,муниципальный район,74,Челябинская область,53.5214103,59.8112001,17105.0,16951.0,8108.0,8463.0,980.0,1019.0,310.0,314.0,843.0,786.0,1692.0,3640.0,16775.0,19627.0,12.0,12.0,True
2308,2018,9999,75-644-000-000,Нязепетровский муниципальный район,Нязепетровский,муниципальный район,74,Челябинская область,56.055508,59.598629,13873.0,13666.0,9820.0,10718.0,1158.0,1252.0,223.0,241.0,838.0,905.0,2210.0,3523.0,19339.0,22260.0,12.0,12.0,True
2309,2018,9999,75-647-000-000,Октябрьский муниципальный район,Октябрьский,муниципальный район,74,Челябинская область,54.410706,62.728809,18437.0,18139.0,8876.0,9814.0,1090.0,1168.0,315.0,329.0,757.0,697.0,2038.0,3570.0,17601.0,20289.0,12.0,12.0,True
2310,2018,9999,75-648-000-000,Пластовский муниципальный район,Пластовский,муниципальный район,74,Челябинская область,54.369812,60.807091,24387.0,24231.0,11006.0,12038.0,1205.0,1317.0,593.0,599.0,1205.0,1196.0,2830.0,4412.0,23625.0,26729.0,12.0,12.0,True
2311,2018,9999,75-649-000-000,Саткинский муниципальный район,Саткинский,муниципальный район,74,Челябинская область,55.040287,59.028034,74658.0,74031.0,11522.0,13055.0,1217.0,1445.0,810.0,1013.0,1396.0,1619.0,2887.0,4589.0,24958.0,30176.0,12.0,12.0,True
2312,2018,9999,75-652-000-000,Сосновский муниципальный район,Сосновский,муниципальный район,74,Челябинская область,55.3462664,61.341587,88372.0,93044.0,11144.0,12974.0,1502.0,1835.0,1622.0,2119.0,2292.0,2834.0,3324.0,5418.0,29716.0,36790.0,12.0,12.0,True
2313,2018,9999,75-654-000-000,Троицкий муниципальный район,Троицкий,муниципальный район,74,Челябинская область,54.0847722,61.5514047,23220.0,22817.0,,,,,,,,,,,,,,,False
2314,2018,9999,75-655-000-000,Увельский муниципальный район,Увельский,муниципальный район,74,Челябинская область,54.441994,61.354397,31033.0,30982.0,9725.0,10077.0,916.0,904.0,425.0,443.0,998.0,882.0,1994.0,3789.0,20231.0,22173.0,12.0,12.0,True
2315,2018,9999,75-656-000-000,Уйский муниципальный район,Уйский,муниципальный район,74,Челябинская область,54.373421,60.005447,21213.0,20981.0,9314.0,9997.0,898.0,978.0,307.0,291.0,882.0,879.0,2248.0,3723.0,18581.0,20926.0,12.0,12.0,True
2316,2018,9999,75-657-000-000,Чебаркульский муниципальный район,Чебаркульский,муниципальный район,74,Челябинская область,54.977795,60.37009,28704.0,28564.0,9705.0,11266.0,864.0,921.0,382.0,511.0,904.0,944.0,2313.0,4759.0,19899.0,24921.0,12.0,12.0,True
2317,2018,9999,75-659-000-000,Чесменский муниципальный район,Чесменский,муниципальный район,74,Челябинская область,53.8131555,60.6532186,15412.0,15114.0,9451.0,10432.0,1003.0,1080.0,279.0,304.0,1146.0,1153.0,1885.0,3808.0,19430.0,22971.0,12.0,12.0,True
2318,2018,9999,78-701-000-000,городской округ город Ярославль,Ярославль,городской округ,76,Ярославская область,57.6263877,39.8933705,570824.0,567443.0,12862.0,14589.0,1696.0,1977.0,1889.0,2202.0,2071.0,2355.0,3522.0,5268.0,33040.0,38471.0,12.0,12.0,True
2320,2018,9999,78-715-000-000,городской округ город Рыбинск,Рыбинск,городской округ,76,Ярославская область,58.050373,38.834637,173910.0,171810.0,11615.0,13210.0,1400.0,1656.0,1379.0,1610.0,1602.0,1829.0,3164.0,4861.0,28277.0,33146.0,12.0,12.0,True
2321,2018,9999,78-603-000-000,Большесельский муниципальный район,Большесельский,муниципальный район,76,Ярославская область,57.7184728,38.9355599,9264.0,9122.0,10590.0,11442.0,900.0,1018.0,204.0,201.0,707.0,723.0,2985.0,4786.0,20076.0,23673.0,12.0,12.0,True
2322,2018,9999,78-606-000-000,Борисоглебский муниципальный район,Борисоглебский,муниципальный район,76,Ярославская область,57.259,39.15,11911.0,11831.0,11121.0,12143.0,1016.0,1191.0,344.0,428.0,1124.0,1303.0,3184.0,4784.0,22653.0,26289.0,12.0,12.0,True
2323,2018,9999,78-609-000-000,Брейтовский муниципальный район,Брейтовский,муниципальный район,76,Ярославская область,58.3033237,37.8594763,5367.0,5332.0,10638.0,11747.0,936.0,1039.0,168.0,218.0,1231.0,1406.0,4413.0,6144.0,20914.0,24537.0,12.0,12.0,True
2324,2018,9999,78-612-000-000,Гаврилов-Ямский муниципальный район,Гаврилов-Ямский,муниципальный район,76,Ярославская область,57.3032827,39.8537697,24165.0,23809.0,10697.0,11774.0,1102.0,1210.0,592.0,555.0,755.0,747.0,3129.0,4623.0,22241.0,25025.0,12.0,12.0,True
2325,2018,9999,78-615-000-000,Даниловский муниципальный район,Даниловский,муниципальный район,76,Ярославская область,58.188808,40.175114,20514.0,20497.0,10694.0,11618.0,934.0,1014.0,393.0,433.0,812.0,876.0,2625.0,3987.0,20907.0,23707.0,12.0,12.0,True
2326,2018,9999,78-618-000-000,Любимский муниципальный район,Любимский,муниципальный район,76,Ярославская область,58.3595618,40.6866038,9827.0,9732.0,10421.0,11167.0,988.0,1034.0,282.0,343.0,702.0,716.0,2370.0,3735.0,19963.0,22677.0,12.0,12.0,True
2327,2018,9999,78-621-000-000,Мышкинский муниципальный район,Мышкинский,муниципальный район,76,Ярославская область,57.784725,38.451595,9153.0,9051.0,10601.0,11386.0,912.0,1051.0,417.0,480.0,1016.0,1026.0,3529.0,5465.0,23264.0,26412.0,12.0,12.0,True
2328,2018,9999,78-623-000-000,Некоузский муниципальный район,Некоузский,муниципальный район,76,Ярославская область,57.90218,38.0624475,11617.0,11435.0,8762.0,9091.0,897.0,880.0,294.0,308.0,906.0,902.0,3317.0,5153.0,21273.0,23794.0,12.0,12.0,True
2329,2018,9999,78-626-000-000,Некрасовский муниципальный район,Некрасовский,муниципальный район,76,Ярославская область,57.674248,40.372654,19651.0,19480.0,11352.0,12413.0,983.0,1023.0,334.0,336.0,746.0,735.0,3030.0,4599.0,22148.0,24602.0,12.0,12.0,True
2330,2018,9999,78-629-000-000,Первомайский муниципальный район,Первомайский,муниципальный район,76,Ярославская область,58.4251138,40.3228779,8484.0,8362.0,9901.0,10690.0,933.0,1041.0,316.0,276.0,718.0,817.0,2738.0,4502.0,19893.0,22900.0,12.0,12.0,True
2332,2018,9999,78-634-000-000,Пошехонский муниципальный район,Пошехонский,муниципальный район,76,Ярославская область,58.503201,39.119701,10386.0,10190.0,9625.0,10681.0,966.0,1008.0,179.0,282.0,859.0,864.0,2261.0,3522.0,19746.0,22306.0,12.0,12.0,True
2333,2018,9999,78-637-000-000,Ростовский муниципальный район,Ростовский,муниципальный район,76,Ярославская область,57.2012699,39.42218126099566,58436.0,57986.0,11734.0,13154.0,1215.0,1335.0,820.0,922.0,1405.0,1552.0,3364.0,5034.0,25512.0,29480.0,12.0,12.0,True
2334,2018,9999,78-640-000-000,Рыбинский муниципальный район,Рыбинский,муниципальный район,76,Ярославская область,58.050373,38.834637,26515.0,26409.0,11152.0,12364.0,958.0,1141.0,718.0,1049.0,1092.0,1441.0,2814.0,5104.0,23366.0,29240.0,12.0,12.0,True
2335,2018,9999,78-643-000-000,Тутаевский муниципальный район,Тутаевский,муниципальный район,76,Ярославская область,57.875385,39.527214,52624.0,52373.0,11527.0,13084.0,1310.0,1580.0,971.0,1328.0,1005.0,1289.0,2883.0,4721.0,25292.0,30855.0,12.0,12.0,True
2336,2018,9999,78-646-000-000,Угличский муниципальный район,Угличский,муниципальный район,76,Ярославская область,57.52483355,38.30708473150594,46689.0,46215.0,12126.0,13731.0,1111.0,1309.0,854.0,1141.0,1370.0,1601.0,3458.0,5288.0,26337.0,31335.0,12.0,12.0,True
2337,2018,9999,78-650-000-000,Ярославский муниципальный район,Ярославский,муниципальный район,76,Ярославская область,57.6263877,39.8933705,70406.0,72442.0,13013.0,14094.0,1525.0,1748.0,1680.0,1980.0,2203.0,2471.0,3790.0,5830.0,33150.0,38062.0,12.0,12.0,True
2338,2018,9999,99-701-000-000,городской округ город Биробиджан,Биробиджан,городской округ,79,Еврейская автономная область,48.7881668,132.9282082,68536.0,67788.0,15403.0,17024.0,1832.0,2024.0,1481.0,1820.0,1946.0,2250.0,2290.0,4118.0,35391.0,40660.0,12.0,12.0,True
2339,2018,9999,99-605-000-000,Биробиджанский муниципальный район,Биробиджанский,муниципальный район,79,Еврейская автономная область,48.7881668,132.9282082,10103.0,9980.0,12567.0,13516.0,1003.0,1028.0,951.0,1309.0,1418.0,1424.0,1413.0,3096.0,26114.0,29742.0,12.0,12.0,True
2340,2018,9999,99-610-000-000,Ленинский муниципальный район,Ленинский,муниципальный район,79,Еврейская автономная область,47.9344425,132.6223808,15482.0,15325.0,14251.0,16445.0,994.0,1129.0,814.0,1007.0,1594.0,1966.0,2793.0,4889.0,28348.0,34394.0,12.0,12.0,True
2341,2018,9999,99-620-000-000,Облученский муниципальный район,Облученский,муниципальный район,79,Еврейская автономная область,49.0145149,131.0538038,23573.0,23265.0,16502.0,18023.0,1189.0,1274.0,971.0,1160.0,1774.0,1844.0,2097.0,4571.0,33087.0,38304.0,12.0,12.0,True
2342,2018,9999,99-625-000-000,Октябрьский муниципальный район,Октябрьский,муниципальный район,79,Еврейская автономная область,47.6946588,131.0896669,7610.0,7462.0,14379.0,15408.0,984.0,1039.0,251.0,271.0,1249.0,1321.0,1131.0,4057.0,25303.0,29442.0,12.0,12.0,True
2343,2018,9999,99-630-000-000,Смидовичский муниципальный район,Смидовичский,муниципальный район,79,Еврейская автономная область,48.5956701,133.8138369,22154.0,21982.0,14422.0,16119.0,1318.0,1504.0,888.0,1122.0,1588.0,1762.0,1434.0,3894.0,28346.0,34242.0,12.0,12.0,True
2344,2018,9999,77-701-000-000,городской округ Анадырь,Анадырь,городской округ,87,Чукотский автономный округ,64.7316875,177.5060925,13368.0,13412.0,18794.0,21460.0,3070.0,3530.0,3237.0,4056.0,3528.0,4068.0,6921.0,9394.0,65263.0,74230.0,12.0,12.0,True
2345,2018,9999,77-715-000-000,городской округ Эгвекинот,Эгвекинот,городской округ,87,Чукотский автономный округ,66.3227382,-179.120131,5033.0,5197.0,23474.0,27240.0,2182.0,2554.0,1582.0,1949.0,2028.0,2124.0,2242.0,3642.0,54705.0,63395.0,12.0,12.0,True
2346,2018,9999,77-710-000-000,городской округ Провиденский,Провиденский,городской округ,87,Чукотский автономный округ,64.3800982,-173.2386276724423,3694.0,3657.0,22885.0,29422.0,835.0,487.0,906.0,920.0,680.0,543.0,2152.0,2536.0,47612.0,49405.0,7.0,5.0,True
2347,2018,9999,77-705-000-000,городской округ Певек,Певек,городской округ,87,Чукотский автономный округ,69.7028171,170.2746851,4932.0,4779.0,25226.0,,3201.0,,3724.0,,2706.0,,4234.0,,66716.0,,12.0,,True
2348,2018,9999,77-603-000-000,Анадырский муниципальный район,Анадырский,муниципальный район,87,Чукотский автономный округ,64.7316875,177.5060925,8605.0,8790.0,22622.0,24737.0,2117.0,2697.0,2046.0,2723.0,2427.0,2796.0,3676.0,7517.0,57634.0,68111.0,12.0,12.0,True
2349,2018,9999,77-609-000-000,Билибинский муниципальный район,Билибинский,муниципальный район,87,Чукотский автономный округ,68.0550305,166.4448515,7267.0,7279.0,23156.0,25030.0,2709.0,2905.0,2101.0,2372.0,2359.0,2643.0,3619.0,6141.0,64041.0,70349.0,12.0,12.0,True
2350,2018,9999,77-633-000-000,Чукотский муниципальный район,Чукотский,муниципальный район,87,Чукотский автономный округ,65.5837793,-171.005811,4941.0,4915.0,,,,,,,,,,,,,,,False
2351,2018,9999,40-301-000-000,внутригородская территория города федерального значения муниципальный округ Коломна,Коломна,внутригородская территория города федерального значения,78,Санкт-Петербург,,,,,13202.0,14846.0,2311.0,2680.0,3666.0,4479.0,3043.0,3548.0,3870.0,5897.0,41045.0,48586.0,12.0,12.0,True
2352,2018,9999,40-302-000-000,внутригородская территория города федерального значения муниципальный округ Сенной округ,Сенной,внутригородская территория города федерального значения,78,Санкт-Петербург,,,,,12352.0,13701.0,2433.0,2753.0,3649.0,4410.0,2693.0,3004.0,3710.0,5553.0,40294.0,47195.0,12.0,12.0,True
2353,2018,9999,40-303-000-000,внутригородская территория города федерального значения муниципальный округ Адмиралтейский округ,Адмиралтейский,внутригородская территория города федерального значения,78,Санкт-Петербург,,,,,12998.0,14392.0,2536.0,2949.0,3943.0,4810.0,3079.0,3542.0,4003.0,5897.0,43199.0,50308.0,12.0,12.0,True
2354,2018,9999,40-304-000-000,внутригородская территория города федерального значения муниципальный округ Семеновский,Семеновский,внутригородская территория города федерального значения,78,Санкт-Петербург,,,,,12997.0,14397.0,2299.0,2593.0,3573.0,4363.0,2716.0,3137.0,3890.0,5986.0,39958.0,46871.0,12.0,12.0,True
2355,2018,9999,40-305-000-000,внутригородская территория города федерального значения муниципальный округ Измайловское,Измайловское,внутригородская территория города федерального значения,78,Санкт-Петербург,,,,,13461.0,14725.0,2760.0,3168.0,4129.0,4992.0,3152.0,3593.0,4255.0,6186.0,45471.0,52917.0,12.0,12.0,True
2356,2018,9999,40-306-000-000,внутригородская территория города федерального значения муниципальный округ Екатерингофский,Екатерингофский,внутригородская территория города федерального значения,78,Санкт-Петербург,,,,,12689.0,14157.0,2038.0,2318.0,3034.0,3715.0,2735.0,3085.0,3672.0,5492.0,37291.0,43369.0,12.0,12.0,True
2357,2018,9999,40-307-000-000,внутригородская территория города федерального значения муниципальный округ № 7,№ 7,внутригородская территория города федерального значения,78,Санкт-Петербург,,,,,13125.0,14571.0,2646.0,3032.0,4021.0,4734.0,2993.0,3401.0,3947.0,5650.0,43106.0,49739.0,12.0,12.0,True
2358,2018,9999,40-308-000-000,внутригородская территория города федерального значения муниципальный округ Васильевский,Васильевский,внутригородская территория города федерального значения,78,Санкт-Петербург,,,,,13097.0,14778.0,2606.0,3025.0,3925.0,4695.0,2961.0,3379.0,3753.0,5620.0,42461.0,49898.0,12.0,12.0,True
2359,2018,9999,40-309-000-000,внутригородская территория города федерального значения муниципальный округ Гавань,Гавань,внутригородская территория города федерального значения,78,Санкт-Петербург,,,,,13811.0,15494.0,2708.0,3194.0,4056.0,4849.0,3310.0,3793.0,4055.0,6046.0,44622.0,52796.0,12.0,12.0,True
2360,2018,9999,40-310-000-000,внутригородская территория города федерального значения муниципальный округ Морской,Морской,внутригородская территория города федерального значения,78,Санкт-Петербург,,,,,14122.0,15782.0,2802.0,3110.0,4026.0,4683.0,3422.0,3918.0,4337.0,6347.0,45534.0,52971.0,12.0,12.0,True
2361,2018,9999,40-311-000-000,внутригородская территория города федерального значения муниципальный округ Остров Декабристов,Остров Декабристов,внутригородская территория города федерального значения,78,Санкт-Петербург,,,,,13911.0,15368.0,2841.0,3211.0,3910.0,4709.0,3316.0,3772.0,4151.0,6099.0,45582.0,53048.0,12.0,12.0,True
2362,2018,9999,40-312-000-000,внутригородская территория города федерального значения поселок Левашово,Левашово,внутригородская территория города федерального значения,78,Санкт-Петербург,,,,,13808.0,15122.0,1987.0,2392.0,2547.0,2963.0,3198.0,3528.0,5579.0,8307.0,41848.0,48178.0,12.0,12.0,True
2363,2018,9999,40-313-000-000,внутригородская территория города федерального значения поселок Парголово,Парголово,внутригородская территория города федерального значения,78,Санкт-Петербург,,,,,13686.0,15307.0,2417.0,2709.0,3170.0,3854.0,3179.0,3593.0,4530.0,6691.0,41269.0,47943.0,12.0,12.0,True
2364,2018,9999,40-314-000-000,внутригородская территория города федерального значения муниципальный округ Сампсониевское,Сампсониевское,внутригородская территория города федерального значения,78,Санкт-Петербург,,,,,13410.0,15037.0,2702.0,3159.0,3778.0,4637.0,3006.0,3490.0,4351.0,6515.0,43708.0,51695.0,12.0,12.0,True
2365,2018,9999,40-315-000-000,внутригородская территория города федерального значения муниципальный округ Светлановское,Светлановское,внутригородская территория города федерального значения,78,Санкт-Петербург,,,,,13558.0,15289.0,2874.0,3347.0,3634.0,4580.0,3170.0,3692.0,4406.0,6596.0,44344.0,52858.0,12.0,12.0,True
2366,2018,9999,40-316-000-000,внутригородская территория города федерального значения муниципальный округ Сосновское,Сосновское,внутригородская территория города федерального значения,78,Санкт-Петербург,,,,,13773.0,15432.0,2586.0,2945.0,3321.0,3922.0,2966.0,3376.0,4262.0,6192.0,41708.0,48453.0,12.0,12.0,True
2367,2018,9999,40-317-000-000,внутригородская территория города федерального значения муниципальный округ № 15,№ 15,внутригородская территория города федерального значения,78,Санкт-Петербург,,,,,13605.0,15251.0,2279.0,2584.0,2773.0,3434.0,2905.0,3363.0,3944.0,5910.0,38973.0,45525.0,12.0,12.0,True
2368,2018,9999,40-318-000-000,внутригородская территория города федерального значения муниципальный округ Сергиевское,Сергиевское,внутригородская территория города федерального значения,78,Санкт-Петербург,,,,,13435.0,15033.0,2317.0,2677.0,2852.0,3515.0,2772.0,3190.0,3905.0,5826.0,38775.0,45443.0,12.0,12.0,True
2369,2018,9999,40-319-000-000,внутригородская территория города федерального значения муниципальный округ Шувалово-Озерки,Шувалово-Озерки,внутригородская территория города федерального значения,78,Санкт-Петербург,,,,,13757.0,15276.0,2606.0,2928.0,3167.0,3797.0,3026.0,3408.0,4229.0,6157.0,41832.0,48386.0,12.0,12.0,True
2370,2018,9999,40-320-000-000,внутригородская территория города федерального значения поселок Лисий Нос,Лисий Нос,внутригородская территория города федерального значения,78,Санкт-Петербург,,,,,13735.0,15518.0,2596.0,3104.0,3003.0,3641.0,3467.0,3982.0,6028.0,8764.0,46244.0,54836.0,12.0,12.0,True
2371,2018,9999,40-321-000-000,внутригородская территория города федерального значения муниципальный округ Лахта-Ольгино,Лахта-Ольгино,внутригородская территория города федерального значения,78,Санкт-Петербург,,,,,13310.0,14967.0,2326.0,2627.0,3208.0,3821.0,3517.0,4004.0,4980.0,7285.0,41676.0,48331.0,12.0,12.0,True
2372,2018,9999,40-322-000-000,внутригородская территория города федерального значения муниципальный округ № 65,№ 65,внутригородская территория города федерального значения,78,Санкт-Петербург,,,,,14284.0,15931.0,2772.0,3189.0,3818.0,4597.0,3404.0,3889.0,4501.0,6590.0,45902.0,53332.0,12.0,12.0,True
2373,2018,9999,40-323-000-000,внутригородская территория города федерального значения муниципальный округ Ланское,Ланское,внутригородская территория города федерального значения,78,Санкт-Петербург,,,,,13610.0,15215.0,2791.0,3261.0,3891.0,4812.0,3273.0,3807.0,4409.0,6557.0,44827.0,53350.0,12.0,12.0,True
2374,2018,9999,40-324-000-000,внутригородская территория города федерального значения муниципальный округ Комендантский аэродром,Комендантский аэродром,внутригородская территория города федерального значения,78,Санкт-Петербург,,,,,13774.0,15453.0,2667.0,3078.0,3487.0,4263.0,3014.0,3406.0,4162.0,6268.0,43260.0,50653.0,12.0,12.0,True
2375,2018,9999,40-325-000-000,внутригородская территория города федерального значения муниципальный округ Озеро Долгое,Озеро Долгое,внутригородская территория города федерального значения,78,Санкт-Петербург,,,,,13690.0,15246.0,2763.0,3069.0,3688.0,4312.0,3107.0,3457.0,4345.0,6284.0,43829.0,50148.0,12.0,12.0,True
2376,2018,9999,40-326-000-000,внутригородская территория города федерального значения муниципальный округ Юнтолово,Юнтолово,внутригородская территория города федерального значения,78,Санкт-Петербург,,,,,13797.0,15606.0,2563.0,2969.0,3584.0,4334.0,3317.0,3884.0,4435.0,6573.0,43308.0,51003.0,12.0,12.0,True
2377,2018,9999,40-327-000-000,внутригородская территория города федерального значения муниципальный округ Коломяги,Коломяги,внутригородская территория города федерального значения,78,Санкт-Петербург,,,,,14351.0,16102.0,2780.0,3181.0,3843.0,4606.0,3611.0,4171.0,4722.0,6925.0,46454.0,54158.0,12.0,12.0,True
2378,2018,9999,40-328-000-000,внутригородская территория города федерального значения муниципальный округ Гражданка,Гражданка,внутригородская территория города федерального значения,78,Санкт-Петербург,,,,,13475.0,15030.0,2524.0,2862.0,3250.0,3864.0,2969.0,3321.0,4030.0,5846.0,41046.0,47310.0,12.0,12.0,True
2379,2018,9999,40-329-000-000,внутригородская территория города федерального значения муниципальный округ Академическое,Академическое,внутригородская территория города федерального значения,78,Санкт-Петербург,,,,,13660.0,15205.0,2623.0,2944.0,3478.0,4075.0,2932.0,3275.0,4156.0,6031.0,41926.0,48122.0,12.0,12.0,True
2380,2018,9999,40-330-000-000,внутригородская территория города федерального значения муниципальный округ Финляндский округ,Финляндский,внутригородская территория города федерального значения,78,Санкт-Петербург,,,,,13097.0,14664.0,2311.0,2625.0,3219.0,3800.0,3003.0,3373.0,4252.0,6095.0,39662.0,45814.0,12.0,12.0,True
2381,2018,9999,40-331-000-000,внутригородская территория города федерального значения муниципальный округ № 21,№ 21,внутригородская территория города федерального значения,78,Санкт-Петербург,,,,,13376.0,15027.0,2373.0,2705.0,3058.0,3676.0,2870.0,3187.0,4012.0,5903.0,39270.0,45736.0,12.0,12.0,True
2382,2018,9999,40-332-000-000,внутригородская территория города федерального значения муниципальный округ Пискаревка,Пискаревка,внутригородская территория города федерального значения,78,Санкт-Петербург,,,,,13868.0,15607.0,2578.0,2980.0,3545.0,4420.0,3352.0,3884.0,4486.0,6623.0,43451.0,51156.0,12.0,12.0,True
2383,2018,9999,40-333-000-000,внутригородская территория города федерального значения муниципальный округ Северный,Северный,внутригородская территория города федерального значения,78,Санкт-Петербург,,,,,13504.0,15222.0,2176.0,2478.0,2850.0,3399.0,3059.0,3449.0,4051.0,6066.0,38690.0,45175.0,12.0,12.0,True
2384,2018,9999,40-334-000-000,внутригородская территория города федерального значения муниципальный округ Прометей,Прометей,внутригородская территория города федерального значения,78,Санкт-Петербург,,,,,13668.0,15400.0,2376.0,2674.0,3139.0,3824.0,2975.0,3412.0,3990.0,6017.0,39789.0,46706.0,12.0,12.0,True
2385,2018,9999,40-335-000-000,внутригородская территория города федерального значения муниципальный округ Княжево,Княжево,внутригородская территория города федерального значения,78,Санкт-Петербург,,,,,13125.0,14776.0,2217.0,2561.0,2935.0,3609.0,2722.0,3070.0,3639.0,5603.0,37832.0,44561.0,12.0,12.0,True
2386,2018,9999,40-336-000-000,внутригородская территория города федерального значения муниципальный округ Ульянка,Ульянка,внутригородская территория города федерального значения,78,Санкт-Петербург,,,,,13458.0,14942.0,2153.0,2495.0,2842.0,3459.0,2919.0,3308.0,3796.0,5720.0,38048.0,44293.0,12.0,12.0,True
2387,2018,9999,40-337-000-000,внутригородская территория города федерального значения муниципальный округ Дачное,Дачное,внутригородская территория города федерального значения,78,Санкт-Петербург,,,,,13097.0,14731.0,2259.0,2622.0,2955.0,3570.0,2759.0,3107.0,3802.0,5675.0,38552.0,44854.0,12.0,12.0,True
2388,2018,9999,40-338-000-000,внутригородская территория города федерального значения муниципальный округ Автово,Автово,внутригородская территория города федерального значения,78,Санкт-Петербург,,,,,12838.0,14278.0,2199.0,2509.0,2946.0,3504.0,2668.0,2952.0,3687.0,5523.0,37737.0,43809.0,12.0,12.0,True
2389,2018,9999,40-339-000-000,внутригородская территория города федерального значения муниципальный округ Нарвский округ,Нарвский,внутригородская территория города федерального значения,78,Санкт-Петербург,,,,,12748.0,14295.0,2066.0,2369.0,2927.0,3575.0,2618.0,2981.0,3645.0,5404.0,37083.0,43347.0,12.0,12.0,True
2390,2018,9999,40-340-000-000,внутригородская территория города федерального значения муниципальный округ Красненькая речка,Красненькая речка,внутригородская территория города федерального значения,78,Санкт-Петербург,,,,,13350.0,15034.0,2173.0,2509.0,2871.0,3499.0,2762.0,3201.0,3642.0,5666.0,38252.0,45124.0,12.0,12.0,True
2391,2018,9999,40-341-000-000,внутригородская территория города федерального значения муниципальный округ Морские ворота,Морские ворота,внутригородская территория города федерального значения,78,Санкт-Петербург,,,,,12530.0,14023.0,1841.0,2162.0,2580.0,3118.0,2777.0,3124.0,3633.0,5835.0,35198.0,41999.0,12.0,12.0,True
2392,2018,9999,40-342-000-000,внутригородская территория города федерального значения город Колпино,Колпино,внутригородская территория города федерального значения,78,Санкт-Петербург,,,,,13318.0,14926.0,1894.0,2164.0,2269.0,2765.0,2603.0,2967.0,4042.0,5947.0,35481.0,41714.0,12.0,12.0,True
2393,2018,9999,40-343-000-000,внутригородская территория города федерального значения поселок Металлострой,Металлострой,внутригородская территория города федерального значения,78,Санкт-Петербург,,,,,12881.0,14677.0,1765.0,2072.0,2152.0,2659.0,2491.0,2919.0,4354.0,6479.0,34432.0,41263.0,12.0,12.0,True
2394,2018,9999,40-344-000-000,внутригородская территория города федерального значения поселок Петро-Славянка,Петро-Славянка,внутригородская территория города федерального значения,78,Санкт-Петербург,,,,,13685.0,13583.0,1658.0,1994.0,2401.0,2965.0,3063.0,3396.0,5427.0,7174.0,38325.0,42741.0,12.0,6.0,True
2395,2018,9999,40-345-000-000,внутригородская территория города федерального значения поселок Понтонный,Понтонный,внутригородская территория города федерального значения,78,Санкт-Петербург,,,,,12953.0,14509.0,1663.0,1914.0,1690.0,2122.0,2330.0,2696.0,4318.0,6727.0,32942.0,38654.0,12.0,12.0,True
2397,2018,9999,40-347-000-000,внутригородская территория города федерального значения поселок Усть-Ижора,Усть-Ижора,внутригородская территория города федерального значения,78,Санкт-Петербург,,,,,12179.0,14886.0,1884.0,2212.0,2173.0,2592.0,2683.0,3132.0,4136.0,6960.0,35784.0,43692.0,7.0,10.0,True
2398,2018,9999,40-348-000-000,внутригородская территория города федерального значения муниципальный округ Полюстрово,Полюстрово,внутригородская территория города федерального значения,78,Санкт-Петербург,,,,,13509.0,15148.0,2296.0,2575.0,2835.0,3448.0,3132.0,3591.0,4282.0,6250.0,39502.0,45820.0,12.0,12.0,True
2399,2018,9999,40-349-000-000,внутригородская территория города федерального значения муниципальный округ Большая Охта,Большая Охта,внутригородская территория города федерального значения,78,Санкт-Петербург,,,,,13481.0,15031.0,2471.0,2835.0,3370.0,4120.0,3138.0,3604.0,4004.0,6032.0,41507.0,48812.0,12.0,12.0,True
2400,2018,9999,40-350-000-000,внутригородская территория города федерального значения муниципальный округ Малая Охта,Малая Охта,внутригородская территория города федерального значения,78,Санкт-Петербург,,,,,13589.0,15299.0,2489.0,2925.0,3327.0,3989.0,2853.0,3295.0,4008.0,5851.0,41207.0,48347.0,12.0,12.0,True
2401,2018,9999,40-351-000-000,внутригородская территория города федерального значения муниципальный округ Пороховые,Пороховые,внутригородская территория города федерального значения,78,Санкт-Петербург,,,,,13182.0,14732.0,2217.0,2521.0,2676.0,3230.0,2827.0,3223.0,3746.0,5589.0,37540.0,43808.0,12.0,12.0,True
2402,2018,9999,40-352-000-000,внутригородская территория города федерального значения муниципальный округ Ржевка,Ржевка,внутригородская территория города федерального значения,78,Санкт-Петербург,,,,,13370.0,15015.0,2217.0,2542.0,2753.0,3304.0,2985.0,3397.0,3997.0,6123.0,38404.0,45042.0,12.0,12.0,True
2403,2018,9999,40-353-000-000,внутригородская территория города федерального значения город Красное Село,Красное Село,внутригородская территория города федерального значения,78,Санкт-Петербург,,,,,13874.0,15561.0,1982.0,2300.0,2134.0,2630.0,2909.0,3314.0,4529.0,6889.0,37232.0,43910.0,12.0,12.0,True
2404,2018,9999,40-354-000-000,внутригородская территория города федерального значения муниципальный округ Юго-Запад,Юго-Запад,внутригородская территория города федерального значения,78,Санкт-Петербург,,,,,13797.0,15410.0,2318.0,2665.0,2947.0,3535.0,3003.0,3404.0,4018.0,5981.0,40301.0,46748.0,12.0,12.0,True
2405,2018,9999,40-355-000-000,внутригородская территория города федерального значения муниципальный округ Южно-Приморский,Южно-Приморский,внутригородская территория города федерального значения,78,Санкт-Петербург,,,,,14056.0,15719.0,2626.0,3018.0,3445.0,4152.0,3348.0,3791.0,4461.0,6520.0,44180.0,51384.0,12.0,12.0,True
2406,2018,9999,40-356-000-000,внутригородская территория города федерального значения муниципальный округ Сосновая поляна,Сосновая поляна,внутригородская территория города федерального значения,78,Санкт-Петербург,,,,,13852.0,15592.0,2185.0,2559.0,2851.0,3573.0,3074.0,3651.0,4104.0,6207.0,39291.0,46649.0,12.0,12.0,True
2407,2018,9999,40-357-000-000,внутригородская территория города федерального значения муниципальный округ Урицк,Урицк,внутригородская территория города федерального значения,78,Санкт-Петербург,,,,,13641.0,15290.0,2198.0,2571.0,2610.0,3211.0,2881.0,3282.0,4110.0,6131.0,38259.0,44976.0,12.0,12.0,True
2408,2018,9999,40-358-000-000,внутригородская территория города федерального значения муниципальный округ Константиновское,Константиновское,внутригородская территория города федерального значения,78,Санкт-Петербург,,,,,13459.0,15316.0,2091.0,2390.0,2562.0,2972.0,2902.0,3272.0,4104.0,6074.0,37669.0,44055.0,12.0,12.0,True
2409,2018,9999,40-359-000-000,внутригородская территория города федерального значения муниципальный округ Горелово,Горелово,внутригородская территория города федерального значения,78,Санкт-Петербург,,,,,13755.0,15318.0,2125.0,2455.0,2489.0,3023.0,3175.0,3643.0,4559.0,6684.0,38979.0,45265.0,12.0,12.0,True
2410,2018,9999,40-360-000-000,внутригородская территория города федерального значения город Кронштадт,Кронштадт,внутригородская территория города федерального значения,78,Санкт-Петербург,,,,,13365.0,15140.0,1752.0,2002.0,2477.0,2973.0,2721.0,3070.0,4717.0,6850.0,36990.0,43073.0,12.0,12.0,True
2411,2018,9999,40-361-000-000,внутригородская территория города федерального значения город Зеленогорск,Зеленогорск,внутригородская территория города федерального значения,78,Санкт-Петербург,,,,,13652.0,15336.0,2184.0,2524.0,2376.0,2882.0,3218.0,3604.0,5721.0,8230.0,40405.0,47325.0,12.0,12.0,True
2412,2018,9999,40-362-000-000,внутригородская территория города федерального значения город Сестрорецк,Сестрорецк,внутригородская территория города федерального значения,78,Санкт-Петербург,,,,,13635.0,15268.0,2478.0,2872.0,3037.0,3704.0,3543.0,3970.0,5358.0,7474.0,43004.0,50393.0,12.0,12.0,True
2416,2018,9999,40-366-000-000,внутригородская территория города федерального значения поселок Песочный,Песочный,внутригородская территория города федерального значения,78,Санкт-Петербург,,,,,14289.0,15685.0,2790.0,2994.0,2662.0,3259.0,3328.0,3822.0,5264.0,7453.0,42280.0,48912.0,12.0,12.0,True
2422,2018,9999,40-372-000-000,внутригородская территория города федерального значения город Ломоносов,Ломоносов,внутригородская территория города федерального значения,78,Санкт-Петербург,,,,,13778.0,15384.0,1926.0,2232.0,2267.0,2743.0,2978.0,3415.0,4622.0,6742.0,36716.0,43330.0,12.0,12.0,True
2423,2018,9999,40-373-000-000,внутригородская территория города федерального значения муниципальный округ Московская застава,Московская застава,внутригородская территория города федерального значения,78,Санкт-Петербург,,,,,13464.0,14920.0,2930.0,3377.0,3809.0,4586.0,3108.0,3564.0,4265.0,6311.0,45186.0,52785.0,12.0,12.0,True
2424,2018,9999,40-374-000-000,внутригородская территория города федерального значения муниципальный округ Гагаринское,Гагаринское,внутригородская территория города федерального значения,78,Санкт-Петербург,,,,,13538.0,15234.0,2600.0,3045.0,3318.0,4063.0,3107.0,3580.0,4117.0,6168.0,42036.0,49558.0,12.0,12.0,True
2425,2018,9999,40-375-000-000,внутригородская территория города федерального значения муниципальный округ Новоизмайловское,Новоизмайловское,внутригородская территория города федерального значения,78,Санкт-Петербург,,,,,13502.0,15137.0,2451.0,2832.0,3235.0,3888.0,2853.0,3278.0,4027.0,5991.0,40463.0,47461.0,12.0,12.0,True
2426,2018,9999,40-376-000-000,внутригородская территория города федерального значения муниципальный округ Пулковский меридиан,Пулковский меридиан,внутригородская территория города федерального значения,78,Санкт-Петербург,,,,,13638.0,15121.0,2660.0,3040.0,3266.0,3991.0,3206.0,3649.0,4355.0,6358.0,43037.0,49563.0,12.0,12.0,True
2427,2018,9999,40-377-000-000,внутригородская территория города федерального значения муниципальный округ Звездное,Звездное,внутригородская территория города федерального значения,78,Санкт-Петербург,,,,,13758.0,15339.0,2906.0,3327.0,3738.0,4445.0,3316.0,3729.0,4399.0,6427.0,45171.0,52304.0,12.0,12.0,True
2428,2018,9999,40-378-000-000,внутригородская территория города федерального значения муниципальный округ Невская застава,Невская застава,внутригородская территория города федерального значения,78,Санкт-Петербург,,,,,13048.0,14601.0,2263.0,2620.0,2944.0,3611.0,2887.0,3233.0,4149.0,6095.0,38954.0,45634.0,12.0,12.0,True
2429,2018,9999,40-379-000-000,внутригородская территория города федерального значения муниципальный округ Ивановский,Ивановский,внутригородская территория города федерального значения,78,Санкт-Петербург,,,,,12869.0,14481.0,2169.0,2543.0,2973.0,3847.0,2827.0,3284.0,4026.0,6079.0,38582.0,46366.0,12.0,12.0,True
2430,2018,9999,40-380-000-000,внутригородская территория города федерального значения муниципальный округ Обуховский,Обуховский,внутригородская территория города федерального значения,78,Санкт-Петербург,,,,,13267.0,14949.0,2168.0,2456.0,2949.0,3598.0,2980.0,3393.0,4120.0,6177.0,38956.0,45668.0,12.0,12.0,True
2431,2018,9999,40-381-000-000,внутригородская территория города федерального значения муниципальный округ Рыбацкое,Рыбацкое,внутригородская территория города федерального значения,78,Санкт-Петербург,,,,,13438.0,14899.0,2207.0,2491.0,2905.0,3509.0,3023.0,3370.0,4371.0,6339.0,39187.0,45257.0,12.0,12.0,True
2432,2018,9999,40-382-000-000,внутригородская территория города федерального значения муниципальный округ Народный,Народный,внутригородская территория города федерального значения,78,Санкт-Петербург,,,,,13266.0,14913.0,1992.0,2302.0,2760.0,3368.0,3119.0,3595.0,3988.0,6084.0,37897.0,44686.0,12.0,12.0,True
2433,2018,9999,40-383-000-000,внутригородская территория города федерального значения муниципальный округ № 54,№ 54,внутригородская территория города федерального значения,78,Санкт-Петербург,,,,,13316.0,15127.0,2104.0,2516.0,2824.0,3503.0,2937.0,3409.0,4021.0,5999.0,38532.0,45732.0,12.0,12.0,True
2434,2018,9999,40-384-000-000,внутригородская территория города федерального значения муниципальный округ Невский округ,Невский,внутригородская территория города федерального значения,78,Санкт-Петербург,,,,,13713.0,15296.0,2424.0,2790.0,3274.0,3912.0,3003.0,3423.0,4126.0,6039.0,41226.0,47780.0,12.0,12.0,True
2435,2018,9999,40-385-000-000,внутригородская территория города федерального значения муниципальный округ Оккервиль,Оккервиль,внутригородская территория города федерального значения,78,Санкт-Петербург,,,,,13382.0,14882.0,2185.0,2478.0,2846.0,3428.0,2833.0,3210.0,3754.0,5671.0,38258.0,44287.0,12.0,12.0,True
2436,2018,9999,40-386-000-000,внутригородская территория города федерального значения муниципальный округ Правобережный,Правобережный,внутригородская территория города федерального значения,78,Санкт-Петербург,,,,,13952.0,15560.0,2540.0,2935.0,3348.0,4001.0,3235.0,3647.0,4294.0,6300.0,42863.0,49866.0,12.0,12.0,True
2437,2018,9999,40-387-000-000,внутригородская территория города федерального значения город Павловск,Павловск,внутригородская территория города федерального значения,78,Санкт-Петербург,,,,,13842.0,15392.0,2187.0,2470.0,2880.0,3422.0,3368.0,3703.0,5623.0,7992.0,42386.0,49062.0,12.0,12.0,True
2439,2018,9999,40-389-000-000,внутригородская территория города федерального значения муниципальный округ Введенский,Введенский,внутригородская территория города федерального значения,78,Санкт-Петербург,,,,,13107.0,14717.0,2553.0,3011.0,4364.0,5321.0,3316.0,3854.0,4055.0,6270.0,44546.0,53175.0,12.0,12.0,True
2440,2018,9999,40-390-000-000,внутригородская территория города федерального значения муниципальный округ Кронверкское,Кронверкское,внутригородская территория города федерального значения,78,Санкт-Петербург,,,,,13151.0,14651.0,2690.0,3115.0,4428.0,5414.0,3085.0,3534.0,3964.0,5827.0,44456.0,52221.0,12.0,12.0,True
2441,2018,9999,40-391-000-000,внутригородская территория города федерального значения муниципальный округ Посадский,Посадский,внутригородская территория города федерального значения,78,Санкт-Петербург,,,,,13580.0,15397.0,2834.0,3375.0,4612.0,5912.0,3356.0,4040.0,4451.0,6991.0,47263.0,58042.0,12.0,12.0,True
2442,2018,9999,40-392-000-000,внутригородская территория города федерального значения муниципальный округ Аптекарский остров,Аптекарский остров,внутригородская территория города федерального значения,78,Санкт-Петербург,,,,,13644.0,15411.0,3219.0,3739.0,5054.0,6178.0,3676.0,4328.0,4593.0,6870.0,50394.0,60460.0,12.0,12.0,True
2443,2018,9999,40-393-000-000,внутригородская территория города федерального значения муниципальный округ округ Петровский,Петровский,внутригородская территория города федерального значения,78,Санкт-Петербург,,,,,13291.0,14934.0,2916.0,3448.0,4646.0,5588.0,3447.0,4037.0,4272.0,6325.0,47504.0,55913.0,12.0,12.0,True
2444,2018,9999,40-394-000-000,внутригородская территория города федерального значения муниципальный округ Чкаловское,Чкаловское,внутригородская территория города федерального значения,78,Санкт-Петербург,,,,,13912.0,15787.0,3649.0,4368.0,5360.0,6668.0,4177.0,4959.0,4729.0,7291.0,54146.0,65932.0,12.0,12.0,True
2445,2018,9999,40-395-000-000,внутригородская территория города федерального значения город Петергоф,Петергоф,внутригородская территория города федерального значения,78,Санкт-Петербург,,,,,13526.0,15116.0,2183.0,2485.0,2655.0,3167.0,3059.0,3498.0,4626.0,6638.0,38468.0,45035.0,12.0,12.0,True
2446,2018,9999,40-396-000-000,внутригородская территория города федерального значения поселок Стрельна,Стрельна,внутригородская территория города федерального значения,78,Санкт-Петербург,,,,,13236.0,14780.0,2258.0,2498.0,2615.0,3249.0,3056.0,3438.0,4639.0,6604.0,39010.0,45619.0,12.0,12.0,True
2447,2018,9999,40-397-000-000,внутригородская территория города федерального значения город Пушкин,Пушкин,внутригородская территория города федерального значения,78,Санкт-Петербург,,,,,13704.0,15322.0,2478.0,2861.0,3178.0,3868.0,3406.0,3875.0,5079.0,7297.0,42978.0,50342.0,12.0,12.0,True
2448,2018,9999,40-398-000-000,внутригородская территория города федерального значения поселок Александровская,Александровская,внутригородская территория города федерального значения,78,Санкт-Петербург,,,,,12292.0,,2459.0,,3106.0,,4095.0,,4558.0,,48580.0,,1.0,,True
2449,2018,9999,40-901-000-000,внутригородская территория города федерального значения поселок Шушары,Шушары,внутригородская территория города федерального значения,78,Санкт-Петербург,,,,,13641.0,15199.0,2019.0,2322.0,2684.0,3342.0,3092.0,3540.0,4385.0,6532.0,38488.0,45132.0,12.0,12.0,True
2450,2018,9999,40-902-000-000,внутригородская территория города федерального значения муниципальный округ Волковское,Волковское,внутригородская территория города федерального значения,78,Санкт-Петербург,,,,,12738.0,14113.0,2147.0,2446.0,2836.0,3461.0,2734.0,3057.0,3644.0,5328.0,37466.0,43507.0,12.0,12.0,True
2451,2018,9999,40-903-000-000,внутригородская территория города федерального значения муниципальный округ № 72,№ 72,внутригородская территория города федерального значения,78,Санкт-Петербург,,,,,13134.0,14709.0,2276.0,2568.0,2718.0,3362.0,2812.0,3244.0,3761.0,5668.0,38204.0,44666.0,12.0,12.0,True
2452,2018,9999,40-904-000-000,внутригородская территория города федерального значения муниципальный округ Купчино,Купчино,внутригородская территория города федерального значения,78,Санкт-Петербург,,,,,13147.0,14760.0,2322.0,2630.0,2848.0,3495.0,2839.0,3256.0,3744.0,5746.0,38098.0,44862.0,12.0,12.0,True
2453,2018,9999,40-905-000-000,внутригородская территория города федерального значения муниципальный округ Георгиевский,Георгиевский,внутригородская территория города федерального значения,78,Санкт-Петербург,,,,,13312.0,14839.0,2340.0,2674.0,2865.0,3413.0,2924.0,3282.0,3846.0,5726.0,38782.0,44829.0,12.0,12.0,True
2454,2018,9999,40-906-000-000,внутригородская территория города федерального значения муниципальный округ № 75,№ 75,внутригородская территория города федерального значения,78,Санкт-Петербург,,,,,13456.0,15049.0,2500.0,2833.0,2974.0,3600.0,3108.0,3519.0,4161.0,6174.0,40755.0,47507.0,12.0,12.0,True
2455,2018,9999,40-907-000-000,внутригородская территория города федерального значения муниципальный округ Балканский,Балканский,внутригородская территория города федерального значения,78,Санкт-Петербург,,,,,13136.0,14767.0,2303.0,2642.0,2666.0,3230.0,2789.0,3154.0,3792.0,5653.0,37738.0,43955.0,12.0,12.0,True
2456,2018,9999,40-908-000-000,внутригородская территория города федерального значения муниципальный округ Дворцовый округ,Дворцовый,внутригородская территория города федерального значения,78,Санкт-Петербург,,,,,12893.0,14376.0,2752.0,3218.0,4098.0,5081.0,2983.0,3508.0,4152.0,5996.0,45757.0,53865.0,12.0,12.0,True
2457,2018,9999,40-909-000-000,внутригородская территория города федерального значения муниципальный округ № 78,№ 78,внутригородская территория города федерального значения,78,Санкт-Петербург,,,,,12547.0,13884.0,2592.0,2967.0,3711.0,4734.0,2822.0,3362.0,3644.0,5454.0,42118.0,50519.0,12.0,12.0,True
2458,2018,9999,40-910-000-000,внутригородская территория города федерального значения муниципальный округ Литейный округ,Литейный,внутригородская территория города федерального значения,78,Санкт-Петербург,,,,,13297.0,14698.0,2850.0,3332.0,4138.0,5001.0,3066.0,3519.0,4069.0,6009.0,45107.0,53067.0,12.0,12.0,True
2459,2018,9999,40-911-000-000,внутригородская территория города федерального значения муниципальный округ Смольнинское,Смольнинское,внутригородская территория города федерального значения,78,Санкт-Петербург,,,,,13493.0,14957.0,3053.0,3484.0,4122.0,4963.0,3191.0,3624.0,4120.0,6166.0,46262.0,54036.0,12.0,12.0,True
2460,2018,9999,40-912-000-000,внутригородская территория города федерального значения муниципальный округ Лиговка-Ямская,Лиговка-Ямская,внутригородская территория города федерального значения,78,Санкт-Петербург,,,,,13569.0,14892.0,2627.0,3023.0,3751.0,4571.0,3059.0,3562.0,4112.0,6235.0,44120.0,51953.0,12.0,12.0,True
2461,2018,9999,40-913-000-000,внутригородская территория города федерального значения муниципальный округ Владимирский округ,Владимирский,внутригородская территория города федерального значения,78,Санкт-Петербург,,,,,12998.0,14240.0,2536.0,2932.0,3744.0,4562.0,2736.0,3150.0,3686.0,5565.0,41936.0,48862.0,12.0,12.0,True
2462,2018,9999,45-301-000-000,внутригородская территория города федерального значения муниципальный округ Богородское,Богородское,внутригородская территория города федерального значения,77,Москва,,,108657.0,107571.0,14625.0,16634.0,2542.0,2906.0,3346.0,4087.0,3235.0,3724.0,4894.0,6995.0,44117.0,52065.0,12.0,12.0,True
2463,2018,9999,45-302-000-000,внутригородская территория города федерального значения муниципальный округ Вешняки,Вешняки,внутригородская территория города федерального значения,77,Москва,,,119927.0,119585.0,14313.0,15821.0,2257.0,2559.0,2709.0,3286.0,2862.0,3350.0,4263.0,6014.0,39538.0,45817.0,12.0,12.0,True
2464,2018,9999,45-303-000-000,внутригородская территория города федерального значения муниципальный округ Восточное Измайлово,Восточное Измайлово,внутригородская территория города федерального значения,77,Москва,,,73929.0,73857.0,14479.0,16328.0,2531.0,2848.0,3506.0,4296.0,3184.0,3740.0,4942.0,6941.0,43446.0,50995.0,12.0,12.0,True
2465,2018,9999,45-304-000-000,внутригородская территория города федерального значения муниципальный округ Восточный,Восточный,внутригородская территория города федерального значения,77,Москва,,,12906.0,12454.0,14169.0,15087.0,2011.0,2246.0,2155.0,2507.0,2642.0,3164.0,4866.0,6783.0,38006.0,43589.0,12.0,12.0,True
2466,2018,9999,45-305-000-000,внутригородская территория города федерального значения муниципальный округ Гольяново,Гольяново,внутригородская территория города федерального значения,77,Москва,,,165243.0,164715.0,14367.0,16168.0,2264.0,2572.0,2786.0,3360.0,3010.0,3546.0,4401.0,6285.0,40546.0,47440.0,12.0,12.0,True
2467,2018,9999,45-306-000-000,внутригородская территория города федерального значения муниципальный округ Ивановское,Ивановское,внутригородская территория города федерального значения,77,Москва,,,125042.0,125062.0,14777.0,16532.0,2305.0,2573.0,2992.0,3470.0,3150.0,3584.0,4675.0,6400.0,41905.0,48090.0,12.0,12.0,True
2468,2018,9999,45-307-000-000,внутригородская территория города федерального значения муниципальный округ Измайлово,Измайлово,внутригородская территория города федерального значения,77,Москва,,,107953.0,108666.0,14162.0,15830.0,2617.0,2942.0,3664.0,4361.0,3124.0,3573.0,4696.0,6517.0,44327.0,51379.0,12.0,12.0,True
2469,2018,9999,45-308-000-000,внутригородская территория города федерального значения муниципальный округ Косино-Ухтомский,Косино-Ухтомский,внутригородская территория города федерального значения,77,Москва,,,89113.0,89438.0,14942.0,16775.0,2357.0,2672.0,2904.0,3480.0,3179.0,3713.0,5129.0,7079.0,43927.0,50969.0,12.0,12.0,True
2470,2018,9999,45-309-000-000,внутригородская территория города федерального значения муниципальный округ Новогиреево,Новогиреево,внутригородская территория города федерального значения,77,Москва,,,99961.0,99348.0,14687.0,16464.0,2432.0,2746.0,3467.0,4118.0,3151.0,3649.0,4809.0,6659.0,43769.0,50886.0,12.0,12.0,True
2471,2018,9999,45-310-000-000,внутригородская территория города федерального значения муниципальный округ Новокосино,Новокосино,внутригородская территория города федерального значения,77,Москва,,,106320.0,107461.0,15043.0,16752.0,2391.0,2730.0,3140.0,3696.0,3104.0,3525.0,5096.0,6950.0,43793.0,50440.0,12.0,12.0,True
2472,2018,9999,45-311-000-000,внутригородская территория города федерального значения муниципальный округ Метрогородок,Метро,внутригородская территория города федерального значения,77,Москва,,,39623.0,40122.0,13992.0,15708.0,2089.0,2314.0,2613.0,3168.0,2834.0,3198.0,4571.0,6562.0,38647.0,45092.0,12.0,12.0,True
2473,2018,9999,45-312-000-000,внутригородская территория города федерального значения муниципальный округ Перово,Перово,внутригородская территория города федерального значения,77,Москва,,,135315.0,134308.0,14432.0,16148.0,2414.0,2697.0,2932.0,3544.0,2959.0,3409.0,4617.0,6519.0,41351.0,47981.0,12.0,12.0,True
2474,2018,9999,45-313-000-000,внутригородская территория города федерального значения муниципальный округ Северное Измайлово,Северное Измайлово,внутригородская территория города федерального значения,77,Москва,,,84986.0,84957.0,13958.0,15641.0,2341.0,2645.0,3034.0,3548.0,2976.0,3447.0,4232.0,6046.0,40283.0,46957.0,12.0,12.0,True
2475,2018,9999,45-314-000-000,внутригородская территория города федерального значения муниципальный округ Соколиная гора,Соколиная гора,внутригородская территория города федерального значения,77,Москва,,,93183.0,92805.0,14386.0,15841.0,2569.0,2899.0,3294.0,3918.0,3077.0,3465.0,4666.0,6471.0,43562.0,49954.0,12.0,12.0,True
2476,2018,9999,45-315-000-000,внутригородская территория города федерального значения муниципальный округ Сокольники,Сокольники,внутригородская территория города федерального значения,77,Москва,,,59914.0,60396.0,15161.0,16812.0,3143.0,3628.0,4165.0,5039.0,3433.0,3972.0,4770.0,6874.0,49763.0,58318.0,12.0,12.0,True
2477,2018,9999,45-316-000-000,внутригородская территория города федерального значения муниципальный округ Преображенское,Преображенское,внутригородская территория города федерального значения,77,Москва,,,87630.0,87933.0,14325.0,16014.0,2749.0,3084.0,3686.0,4419.0,3325.0,3726.0,4658.0,6524.0,44836.0,51973.0,12.0,12.0,True
2478,2018,9999,45-317-000-000,внутригородская территория города федерального значения муниципальный округ Внуково,Внуково,внутригородская территория города федерального значения,77,Москва,,,26182.0,25182.0,15284.0,16580.0,2233.0,2407.0,2424.0,2929.0,3026.0,3402.0,5383.0,7250.0,41858.0,47122.0,12.0,12.0,True
2479,2018,9999,45-318-000-000,внутригородская территория города федерального значения муниципальный округ Дорогомилово,Дорогомилово,внутригородская территория города федерального значения,77,Москва,,,76926.0,75669.0,15354.0,17171.0,3699.0,4341.0,5235.0,6496.0,4088.0,4835.0,5046.0,7087.0,56488.0,67307.0,12.0,12.0,True
2480,2018,9999,45-319-000-000,внутригородская территория города федерального значения муниципальный округ Крылатское,Крылатское,внутригородская территория города федерального значения,77,Москва,,,82923.0,82363.0,16426.0,18218.0,3557.0,4046.0,4653.0,5600.0,4118.0,4686.0,5732.0,7837.0,56527.0,65373.0,12.0,12.0,True
2481,2018,9999,45-320-000-000,внутригородская территория города федерального значения муниципальный округ Кунцево,Кунцево,внутригородская территория города федерального значения,77,Москва,,,153316.0,151447.0,15686.0,17538.0,3142.0,3548.0,3526.0,4388.0,3418.0,4038.0,5110.0,7195.0,48434.0,57168.0,12.0,12.0,True
2482,2018,9999,45-321-000-000,внутригородская территория города федерального значения муниципальный округ Можайский,Можайский,внутригородская территория города федерального значения,77,Москва,,,147606.0,145961.0,15091.0,16787.0,2746.0,3108.0,3354.0,4181.0,3621.0,4234.0,4930.0,7021.0,45705.0,53915.0,12.0,12.0,True
2483,2018,9999,45-322-000-000,внутригородская территория города федерального значения муниципальный округ Ново-Переделкино,Ново-Переделкино,внутригородская территория города федерального значения,77,Москва,,,123219.0,122058.0,15562.0,17549.0,2550.0,2862.0,3118.0,3800.0,3383.0,3941.0,5418.0,7420.0,45739.0,53247.0,12.0,12.0,True
2484,2018,9999,45-323-000-000,внутригородская территория города федерального значения муниципальный округ Очаково-Матвеевское,Очаково-Матвеевское,внутригородская территория города федерального значения,77,Москва,,,127680.0,126535.0,14809.0,16652.0,2692.0,3117.0,3713.0,4800.0,3866.0,4558.0,5275.0,7462.0,47698.0,56833.0,12.0,12.0,True
2485,2018,9999,45-324-000-000,внутригородская территория города федерального значения муниципальный округ Проспект Вернадского,Проспект Вернадского,внутригородская территория города федерального значения,77,Москва,,,65529.0,65316.0,15684.0,17554.0,3764.0,4344.0,5098.0,6206.0,4079.0,4738.0,5092.0,7158.0,56344.0,66046.0,12.0,12.0,True
2486,2018,9999,45-325-000-000,внутригородская территория города федерального значения муниципальный округ Раменки,Раменки,внутригородская территория города федерального значения,77,Москва,,,152594.0,151931.0,15867.0,17814.0,4118.0,4779.0,5834.0,7238.0,4540.0,5304.0,5821.0,8144.0,61964.0,73507.0,12.0,12.0,True
2487,2018,9999,45-326-000-000,внутригородская территория города федерального значения муниципальный округ Солнцево,Солнцево,внутригородская территория города федерального значения,77,Москва,,,127304.0,126309.0,15121.0,16847.0,2577.0,2910.0,3487.0,4232.0,3430.0,3946.0,5342.0,7400.0,46933.0,54587.0,12.0,12.0,True
2488,2018,9999,45-327-000-000,внутригородская территория города федерального значения муниципальный округ Тропарево-Никулино,Тропарево-Никулино,внутригородская территория города федерального значения,77,Москва,,,128359.0,128029.0,15720.0,17538.0,3627.0,4150.0,4694.0,5688.0,3989.0,4621.0,5380.0,7492.0,55634.0,65122.0,12.0,12.0,True
2489,2018,9999,45-328-000-000,внутригородская территория города федерального значения муниципальный округ Филевский парк,Филевский парк,внутригородская территория города федерального значения,77,Москва,,,113015.0,112388.0,16130.0,18048.0,3415.0,3903.0,4667.0,5644.0,4128.0,4710.0,5585.0,7798.0,55049.0,64845.0,12.0,12.0,True
2490,2018,9999,45-329-000-000,внутригородская территория города федерального значения муниципальный округ Фили-Давыдково,Фили-Давыдково,внутригородская территория города федерального значения,77,Москва,,,112246.0,111926.0,15578.0,17259.0,3223.0,3532.0,3726.0,4460.0,3489.0,4002.0,4890.0,6882.0,48398.0,56138.0,12.0,12.0,True
2491,2018,9999,45-330-000-000,внутригородская территория города федерального значения муниципальный округ Крюково,Крюково,внутригородская территория города федерального значения,77,Москва,,,108426.0,110660.0,15394.0,17023.0,2450.0,2766.0,3012.0,3716.0,3474.0,3851.0,5709.0,8041.0,44990.0,52451.0,12.0,12.0,True
2492,2018,9999,45-331-000-000,внутригородская территория города федерального значения муниципальный округ Матушкино,Матушкино,внутригородская территория города федерального значения,77,Москва,,,41877.0,43049.0,14990.0,16794.0,2495.0,2733.0,2914.0,3612.0,3009.0,3445.0,5504.0,7762.0,43270.0,50489.0,12.0,12.0,True
2493,2018,9999,45-332-000-000,внутригородская территория города федерального значения муниципальный округ Силино,Силино,внутригородская территория города федерального значения,77,Москва,,,41586.0,42047.0,14962.0,16810.0,2490.0,2824.0,2767.0,3450.0,3100.0,3504.0,5550.0,7834.0,43010.0,50560.0,12.0,12.0,True
2494,2018,9999,45-333-000-000,внутригородская территория города федерального значения муниципальный округ Аэропорт,Аэропорт,внутригородская территория города федерального значения,77,Москва,,,81964.0,81833.0,15136.0,16880.0,3455.0,4028.0,4806.0,5907.0,3888.0,4458.0,5123.0,7203.0,53479.0,63126.0,12.0,12.0,True
2495,2018,9999,45-334-000-000,внутригородская территория города федерального значения муниципальный округ Беговой,Беговой,внутригородская территория города федерального значения,77,Москва,,,42729.0,43190.0,15197.0,17079.0,3372.0,4024.0,4761.0,6084.0,4021.0,4713.0,5136.0,7504.0,53573.0,64466.0,12.0,12.0,True
2496,2018,9999,45-335-000-000,внутригородская территория города федерального значения муниципальный округ Бескудниковский,Бескудниковский,внутригородская территория города федерального значения,77,Москва,,,78556.0,79896.0,14590.0,16517.0,2406.0,2772.0,3085.0,3898.0,3195.0,3753.0,4935.0,7113.0,42811.0,50824.0,12.0,12.0,True
2497,2018,9999,45-336-000-000,внутригородская территория города федерального значения муниципальный округ Войковский,Войковский,внутригородская территория города федерального значения,77,Москва,,,72033.0,72173.0,14959.0,16921.0,3120.0,3549.0,4097.0,4852.0,3477.0,3985.0,4986.0,6980.0,49960.0,58469.0,12.0,12.0,True
2498,2018,9999,45-337-000-000,внутригородская территория города федерального значения муниципальный округ Восточное Дегунино,Восточное Дегунино,внутригородская территория города федерального значения,77,Москва,,,101601.0,101167.0,14749.0,16588.0,2283.0,2561.0,2967.0,3713.0,3221.0,3771.0,5017.0,7108.0,42110.0,49668.0,12.0,12.0,True
2499,2018,9999,45-338-000-000,внутригородская территория города федерального значения муниципальный округ Головинский,Головинский,внутригородская территория города федерального значения,77,Москва,,,104554.0,106612.0,14777.0,16666.0,2499.0,2895.0,3251.0,4027.0,3338.0,3851.0,4644.0,6734.0,43632.0,51556.0,12.0,12.0,True
2500,2018,9999,45-339-000-000,внутригородская территория города федерального значения муниципальный округ Дмитровский,Дмитровский,внутригородская территория города федерального значения,77,Москва,,,103271.0,103496.0,14658.0,16493.0,2241.0,2537.0,2995.0,3736.0,3332.0,3744.0,5141.0,7372.0,42715.0,50491.0,12.0,12.0,True
2501,2018,9999,45-340-000-000,внутригородская территория города федерального значения муниципальный округ Западное Дегунино,Западное Дегунино,внутригородская территория города федерального значения,77,Москва,,,85514.0,84743.0,14558.0,16352.0,2278.0,2619.0,3199.0,3936.0,3352.0,3842.0,5185.0,7284.0,43574.0,51180.0,12.0,12.0,True
2502,2018,9999,45-341-000-000,внутригородская территория города федерального значения муниципальный округ Коптево,Коптево,внутригородская территория города федерального значения,77,Москва,,,102809.0,103676.0,14431.0,16265.0,2625.0,2932.0,3391.0,4060.0,3304.0,3718.0,5011.0,6992.0,44425.0,51712.0,12.0,12.0,True
2503,2018,9999,45-342-000-000,внутригородская территория города федерального значения муниципальный округ Левобережный,Левобережный,внутригородская территория города федерального значения,77,Москва,,,55355.0,55420.0,15374.0,17309.0,3163.0,3649.0,3829.0,4791.0,3449.0,4136.0,5056.0,7298.0,49802.0,59607.0,12.0,12.0,True
2504,2018,9999,45-343-000-000,внутригородская территория города федерального значения муниципальный округ Молжаниновский,Молжаниновский,внутригородская территория города федерального значения,77,Москва,,,12487.0,13337.0,14418.0,16258.0,2096.0,2444.0,2534.0,3276.0,3184.0,3714.0,5319.0,7704.0,40626.0,48910.0,12.0,12.0,True
2505,2018,9999,45-344-000-000,внутригородская территория города федерального значения муниципальный округ Савеловский,Савеловский,внутригородская территория города федерального значения,77,Москва,,,60070.0,60149.0,14303.0,15905.0,2838.0,3232.0,4105.0,4984.0,3554.0,4057.0,4949.0,7011.0,47245.0,55226.0,12.0,12.0,True
2506,2018,9999,45-345-000-000,внутригородская территория города федерального значения муниципальный округ Сокол,Сокол,внутригородская территория города федерального значения,77,Москва,,,58000.0,57677.0,14726.0,16974.0,3131.0,3655.0,4677.0,5904.0,3589.0,4283.0,4801.0,6978.0,49962.0,60501.0,12.0,12.0,True
2507,2018,9999,45-346-000-000,внутригородская территория города федерального значения муниципальный округ Тимирязевский,Тимирязевский,внутригородская территория города федерального значения,77,Москва,,,81940.0,82774.0,14055.0,15834.0,2692.0,3014.0,3829.0,4610.0,3271.0,3793.0,4664.0,6655.0,44750.0,52624.0,12.0,12.0,True
2508,2018,9999,45-347-000-000,внутригородская территория города федерального значения муниципальный округ Ховрино,Ховрино,внутригородская территория города федерального значения,77,Москва,,,93029.0,96233.0,15474.0,17346.0,2926.0,3298.0,3691.0,4577.0,3548.0,4167.0,5197.0,7394.0,48631.0,57287.0,12.0,12.0,True
2509,2018,9999,45-348-000-000,внутригородская территория города федерального значения муниципальный округ Хорошевский,Хорошевский,внутригородская территория города федерального значения,77,Москва,,,74927.0,75533.0,15983.0,17773.0,3831.0,4378.0,5332.0,6429.0,4323.0,4927.0,5452.0,7822.0,59621.0,69757.0,12.0,12.0,True
2510,2018,9999,45-349-000-000,внутригородская территория города федерального значения муниципальный округ Алексеевский,Алексеевский,внутригородская территория города федерального значения,77,Москва,,,78502.0,77681.0,14569.0,16427.0,3081.0,3522.0,4038.0,5237.0,3479.0,4246.0,4769.0,6867.0,48120.0,57214.0,12.0,12.0,True
2511,2018,9999,45-350-000-000,внутригородская территория города федерального значения муниципальный округ Алтуфьевский,Алтуфьевский,внутригородская территория города федерального значения,77,Москва,,,55753.0,55741.0,14853.0,16617.0,2159.0,2414.0,2755.0,3385.0,3067.0,3567.0,4544.0,6469.0,40787.0,47464.0,12.0,12.0,True
2512,2018,9999,45-351-000-000,внутригородская территория города федерального значения муниципальный округ Бабушкинский,Бабушкинский,внутригородская территория города федерального значения,77,Москва,,,68075.0,88627.0,14628.0,16279.0,2620.0,2921.0,3100.0,3957.0,3015.0,3542.0,4739.0,6906.0,43511.0,51217.0,12.0,12.0,True
2513,2018,9999,45-352-000-000,внутригородская территория города федерального значения муниципальный округ Бибирево,Бибирево,внутригородская территория города федерального значения,77,Москва,,,159344.0,158797.0,14982.0,16638.0,2249.0,2486.0,2800.0,3360.0,2915.0,3304.0,4538.0,6390.0,41112.0,47297.0,12.0,12.0,True
2514,2018,9999,45-353-000-000,внутригородская территория города федерального значения муниципальный округ Бутырский,Бутырский,внутригородская территория города федерального значения,77,Москва,,,72472.0,71703.0,14450.0,15950.0,2674.0,2996.0,3621.0,4331.0,3215.0,3600.0,4930.0,6802.0,45218.0,52105.0,12.0,12.0,True
2515,2018,9999,45-354-000-000,внутригородская территория города федерального значения муниципальный округ Лианозово,Лианозово,внутригородская территория города федерального значения,77,Москва,,,84811.0,84105.0,15103.0,16913.0,2452.0,2698.0,3096.0,3813.0,3193.0,3698.0,4977.0,7066.0,44181.0,51634.0,12.0,12.0,True
2516,2018,9999,45-355-000-000,внутригородская территория города федерального значения муниципальный округ Лосиноостровский,Лосиноостровский,внутригородская территория города федерального значения,77,Москва,,,82683.0,83136.0,15111.0,17072.0,2527.0,2888.0,3101.0,3850.0,3387.0,3969.0,5200.0,7352.0,44727.0,52761.0,12.0,12.0,True
2517,2018,9999,45-356-000-000,внутригородская территория города федерального значения муниципальный округ Марфино,Марфино,внутригородская территория города федерального значения,77,Москва,,,36566.0,36742.0,15563.0,17580.0,2815.0,3294.0,3837.0,4776.0,3471.0,4164.0,5299.0,7545.0,48122.0,57459.0,12.0,12.0,True
2518,2018,9999,45-357-000-000,внутригородская территория города федерального значения муниципальный округ Марьина роща,Марьина роща,внутригородская территория города федерального значения,77,Москва,,,63095.0,62191.0,14814.0,16586.0,2929.0,3346.0,4069.0,4960.0,3515.0,3979.0,4814.0,6866.0,47881.0,56555.0,12.0,12.0,True
2519,2018,9999,45-358-000-000,внутригородская территория города федерального значения муниципальный округ Останкинский,Останкинский,внутригородская территория города федерального значения,77,Москва,,,65296.0,64840.0,14782.0,16444.0,3023.0,3425.0,4431.0,5268.0,3676.0,4130.0,5191.0,7294.0,50028.0,58177.0,12.0,12.0,True
2520,2018,9999,45-359-000-000,внутригородская территория города федерального значения муниципальный округ Отрадное,Отрадное,внутригородская территория города федерального значения,77,Москва,,,187728.0,187737.0,14508.0,16146.0,2489.0,2808.0,3331.0,4074.0,3101.0,3550.0,4781.0,6719.0,43143.0,50354.0,12.0,12.0,True
2521,2018,9999,45-360-000-000,внутригородская территория города федерального значения муниципальный округ Ростокино,Ростокино,внутригородская территория города федерального значения,77,Москва,,,52059.0,52115.0,14426.0,16105.0,2600.0,2995.0,4026.0,4887.0,3730.0,4290.0,5084.0,7342.0,47228.0,55607.0,12.0,12.0,True
2522,2018,9999,45-361-000-000,внутригородская территория города федерального значения муниципальный округ Свиблово,Свиблово,внутригородская территория города федерального значения,77,Москва,,,60984.0,60013.0,14797.0,16346.0,2904.0,3230.0,4032.0,4835.0,3348.0,3775.0,5086.0,7066.0,48869.0,55933.0,12.0,12.0,True
2523,2018,9999,45-362-000-000,внутригородская территория города федерального значения муниципальный округ Северное Медведково,Северное Медведково,внутригородская территория города федерального значения,77,Москва,,,128989.0,129632.0,14876.0,16739.0,2426.0,2779.0,3127.0,3842.0,2990.0,3464.0,4963.0,7047.0,42975.0,50621.0,12.0,12.0,True
2524,2018,9999,45-363-000-000,внутригородская территория города федерального значения муниципальный округ Северный,Северный,внутригородская территория города федерального значения,77,Москва,,,55129.0,55740.0,14733.0,16510.0,2483.0,2783.0,3268.0,4076.0,3967.0,4462.0,5875.0,8160.0,46955.0,54817.0,12.0,12.0,True
2525,2018,9999,45-364-000-000,внутригородская территория города федерального значения муниципальный округ Южное Медведково,Южное Медведково,внутригородская территория города федерального значения,77,Москва,,,86996.0,88150.0,14942.0,16851.0,2416.0,2764.0,3259.0,3989.0,3255.0,3741.0,5044.0,7110.0,44355.0,52040.0,12.0,12.0,True
2526,2018,9999,45-365-000-000,внутригородская территория города федерального значения муниципальный округ Ярославский,Ярославский,внутригородская территория города федерального значения,77,Москва,,,99656.0,98861.0,14659.0,16373.0,2178.0,2420.0,3138.0,3799.0,3331.0,3885.0,4584.0,6524.0,41520.0,48384.0,12.0,12.0,True
2527,2018,9999,45-366-000-000,внутригородская территория города федерального значения муниципальный округ Куркино,Куркино,внутригородская территория города федерального значения,77,Москва,,,32326.0,33298.0,16271.0,18081.0,3875.0,4387.0,4764.0,5721.0,4719.0,5366.0,6073.0,8454.0,61058.0,70359.0,12.0,12.0,True
2528,2018,9999,45-367-000-000,внутригородская территория города федерального значения муниципальный округ Митино,Митино,внутригородская территория города федерального значения,77,Москва,,,197840.0,198194.0,15660.0,17485.0,2773.0,3077.0,3700.0,4338.0,3717.0,4125.0,5582.0,7712.0,49522.0,56886.0,12.0,12.0,True
2529,2018,9999,45-368-000-000,внутригородская территория города федерального значения муниципальный округ Покровское-Стрешнево,Покровское-Стрешнево,внутригородская территория города федерального значения,77,Москва,,,66564.0,67364.0,14481.0,16126.0,2645.0,3109.0,3270.0,4350.0,3263.0,3837.0,4749.0,6828.0,44413.0,53580.0,12.0,12.0,True
2530,2018,9999,45-369-000-000,внутригородская территория города федерального значения муниципальный округ Северное Тушино,Северное Тушино,внутригородская территория города федерального значения,77,Москва,,,171805.0,172055.0,14931.0,16654.0,2433.0,2753.0,3373.0,4101.0,3125.0,3602.0,4666.0,6616.0,43156.0,50392.0,12.0,12.0,True
2531,2018,9999,45-370-000-000,внутригородская территория города федерального значения муниципальный округ Строгино,Строгино,внутригородская территория города федерального значения,77,Москва,,,161980.0,163074.0,15868.0,17693.0,2756.0,3055.0,3390.0,4110.0,3488.0,3955.0,4969.0,6993.0,47487.0,54888.0,12.0,12.0,True
2532,2018,9999,45-371-000-000,внутригородская территория города федерального значения муниципальный округ Хорошево-Мневники,Хорошево-Мневники,внутригородская территория города федерального значения,77,Москва,,,181520.0,182497.0,15608.0,17509.0,3122.0,3632.0,4273.0,5349.0,4032.0,4690.0,5292.0,7514.0,52191.0,61813.0,12.0,12.0,True
2533,2018,9999,45-372-000-000,внутригородская территория города федерального значения муниципальный округ Щукино,Щукино,внутригородская территория города федерального значения,77,Москва,,,109248.0,110486.0,15760.0,17708.0,3208.0,3690.0,4393.0,5363.0,3801.0,4342.0,5241.0,7356.0,52568.0,61662.0,12.0,12.0,True
2534,2018,9999,45-373-000-000,внутригородская территория города федерального значения муниципальный округ Южное Тушино,Южное Тушино,внутригородская территория города федерального значения,77,Москва,,,111492.0,112628.0,14826.0,16570.0,2452.0,2754.0,3209.0,3882.0,3254.0,3705.0,4879.0,6777.0,43587.0,50506.0,12.0,12.0,True
2535,2018,9999,45-374-000-000,внутригородская территория города федерального значения муниципальный округ Арбат,Арбат,внутригородская территория города федерального значения,77,Москва,,,35962.0,36246.0,15683.0,17062.0,4232.0,4897.0,6759.0,8204.0,4682.0,5398.0,5135.0,7251.0,64619.0,75367.0,12.0,12.0,True
2536,2018,9999,45-375-000-000,внутригородская территория города федерального значения муниципальный округ Басманный,Басманный,внутригородская территория города федерального значения,77,Москва,,,109051.0,111289.0,15127.0,17043.0,3311.0,3908.0,4789.0,6035.0,3656.0,4266.0,5010.0,7199.0,52483.0,62882.0,12.0,12.0,True
2537,2018,9999,45-376-000-000,внутригородская территория города федерального значения муниципальный округ Замоскворечье,Замоскворечье,внутригородская территория города федерального значения,77,Москва,,,54521.0,55293.0,14560.0,16111.0,3189.0,3767.0,4812.0,5999.0,3512.0,3992.0,4841.0,7033.0,51818.0,61586.0,12.0,12.0,True
2538,2018,9999,45-377-000-000,внутригородская территория города федерального значения муниципальное образование Савелки,Савелки,внутригородская территория города федерального значения,77,Москва,,,36840.0,36947.0,15330.0,17083.0,2734.0,3145.0,3321.0,4088.0,3236.0,3675.0,5749.0,8053.0,46301.0,54595.0,12.0,12.0,True
2539,2018,9999,45-378-000-000,внутригородская территория города федерального значения муниципальный округ Красносельский,Красносельский,внутригородская территория города федерального значения,77,Москва,,,45691.0,45851.0,14539.0,16250.0,2802.0,3330.0,3911.0,5006.0,3240.0,3726.0,4512.0,6482.0,47076.0,56351.0,12.0,12.0,True
2540,2018,9999,45-379-000-000,внутригородская территория города федерального значения муниципальный округ Мещанский,Мещанский,внутригородская территория города федерального значения,77,Москва,,,56620.0,55635.0,15073.0,16754.0,3469.0,3922.0,4575.0,5683.0,3640.0,4254.0,4738.0,6736.0,51971.0,61182.0,12.0,12.0,True
2541,2018,9999,45-380-000-000,внутригородская территория города федерального значения муниципальный округ Пресненский,Пресненский,внутригородская территория города федерального значения,77,Москва,,,126433.0,127506.0,15352.0,17192.0,3773.0,4415.0,5408.0,6669.0,4085.0,4823.0,5068.0,7282.0,57281.0,68275.0,12.0,12.0,True
2542,2018,9999,45-381-000-000,внутригородская территория города федерального значения муниципальный округ Таганский,Таганский,внутригородская территория города федерального значения,77,Москва,,,135106.0,134759.0,15215.0,16941.0,3260.0,3705.0,4494.0,5437.0,3630.0,4140.0,5082.0,7210.0,51641.0,60466.0,12.0,12.0,True
2543,2018,9999,45-382-000-000,внутригородская территория города федерального значения муниципальный округ Тверской,Тверской,внутригородская территория города федерального значения,77,Москва,,,75593.0,75735.0,14778.0,16362.0,3696.0,4312.0,5538.0,6936.0,3797.0,4453.0,4914.0,6906.0,55732.0,66764.0,12.0,12.0,True
2544,2018,9999,45-383-000-000,внутригородская территория города федерального значения муниципальный округ Хамовники,Хамовники,внутригородская территория города федерального значения,77,Москва,,,105275.0,105094.0,15863.0,17884.0,4338.0,5147.0,5855.0,7402.0,4298.0,5123.0,5563.0,7849.0,61886.0,74336.0,12.0,12.0,True
2545,2018,9999,45-384-000-000,внутригородская территория города федерального значения муниципальный округ Якиманка,Якиманка,внутригородская территория города федерального значения,77,Москва,,,27481.0,27022.0,15665.0,17641.0,3879.0,4526.0,5855.0,7379.0,4038.0,4802.0,5361.0,7588.0,60101.0,72461.0,12.0,12.0,True
2546,2018,9999,45-385-000-000,внутригородская территория города федерального значения муниципальный округ Выхино-Жулебино,Выхино-Жулебино,внутригородская территория города федерального значения,77,Москва,,,241783.0,241326.0,14683.0,16340.0,2393.0,2679.0,3004.0,3582.0,3120.0,3605.0,4560.0,6467.0,42638.0,49239.0,12.0,12.0,True
2547,2018,9999,45-386-000-000,внутригородская территория города федерального значения муниципальный округ Капотня,Капотня,внутригородская территория города федерального значения,77,Москва,,,32717.0,32161.0,13726.0,15022.0,1756.0,1987.0,2111.0,2570.0,2878.0,3355.0,4254.0,6127.0,35950.0,41539.0,12.0,12.0,True
2548,2018,9999,45-387-000-000,внутригородская территория города федерального значения муниципальный округ Кузьминки,Кузьминки,внутригородская территория города федерального значения,77,Москва,,,140670.0,139880.0,14012.0,15738.0,2194.0,2497.0,2942.0,3693.0,3000.0,3545.0,4269.0,6078.0,39999.0,47181.0,12.0,12.0,True
2549,2018,9999,45-388-000-000,внутригородская территория города федерального значения муниципальный округ Лефортово,Лефортово,внутригородская территория города федерального значения,77,Москва,,,106078.0,109711.0,14723.0,16496.0,2717.0,3072.0,3844.0,4788.0,3353.0,3798.0,4855.0,6905.0,46125.0,54402.0,12.0,12.0,True
2550,2018,9999,45-389-000-000,внутригородская территория города федерального значения муниципальный округ Люблино,Люблино,внутригородская территория города федерального значения,77,Москва,,,181447.0,184071.0,13969.0,15580.0,2041.0,2329.0,2863.0,3556.0,3070.0,3622.0,4458.0,6376.0,39908.0,46932.0,12.0,12.0,True
2551,2018,9999,45-390-000-000,внутригородская территория города федерального значения муниципальный округ Марьино,Марьино,внутригородская территория города федерального значения,77,Москва,,,271915.0,272278.0,14440.0,16162.0,2376.0,2643.0,3280.0,3970.0,3190.0,3654.0,4814.0,6732.0,43440.0,50381.0,12.0,12.0,True
2552,2018,9999,45-391-000-000,внутригородская территория города федерального значения муниципальный округ Некрасовка,Некрасовка,внутригородская территория города федерального значения,77,Москва,,,108388.0,112860.0,14169.0,15843.0,2127.0,2339.0,2869.0,3442.0,3071.0,3576.0,5389.0,7588.0,41186.0,48263.0,12.0,12.0,True
2553,2018,9999,45-392-000-000,внутригородская территория города федерального значения муниципальный округ Нижегородский,Нижегородский,внутригородская территория города федерального значения,77,Москва,,,49563.0,50637.0,14124.0,15820.0,2082.0,2439.0,2814.0,3702.0,3022.0,3627.0,4445.0,6656.0,39701.0,48202.0,12.0,12.0,True
2554,2018,9999,45-393-000-000,внутригородская территория города федерального значения муниципальный округ Печатники,Печатники,внутригородская территория города федерального значения,77,Москва,,,90252.0,89544.0,14400.0,16110.0,2045.0,2357.0,2708.0,3399.0,2863.0,3391.0,4540.0,6454.0,38983.0,45987.0,12.0,12.0,True
2555,2018,9999,45-394-000-000,внутригородская территория города федерального значения муниципальный округ Рязанский,Рязанский,внутригородская территория города федерального значения,77,Москва,,,107857.0,108657.0,14782.0,16582.0,2458.0,2841.0,3291.0,4191.0,3240.0,3849.0,4941.0,7116.0,44373.0,52943.0,12.0,12.0,True
2556,2018,9999,45-395-000-000,внутригородская территория города федерального значения муниципальный округ Текстильщики,Текстильщики,внутригородская территория города федерального значения,77,Москва,,,102752.0,101550.0,14346.0,16061.0,2330.0,2618.0,2919.0,3506.0,3065.0,3500.0,4565.0,6377.0,41111.0,47795.0,12.0,12.0,True
2557,2018,9999,45-396-000-000,внутригородская территория города федерального значения муниципальный округ Южнопортовый,Южнопортовый,внутригородская территория города федерального значения,77,Москва,,,72414.0,73112.0,14456.0,16301.0,2593.0,3041.0,3666.0,4582.0,3378.0,3967.0,4522.0,6635.0,45592.0,54352.0,12.0,12.0,True
2558,2018,9999,45-397-000-000,внутригородская территория города федерального значения муниципальный округ Академический,Академический,внутригородская территория города федерального значения,77,Москва,,,113198.0,114228.0,15605.0,17501.0,3415.0,3966.0,4641.0,5760.0,3709.0,4364.0,5261.0,7541.0,53039.0,63294.0,12.0,12.0,True
2559,2018,9999,45-398-000-000,внутригородская территория города федерального значения муниципальный округ Гагаринский,Гагаринский,внутригородская территория города федерального значения,77,Москва,,,80987.0,80493.0,16564.0,18718.0,4017.0,4650.0,4907.0,5896.0,3940.0,4589.0,5205.0,7323.0,57874.0,68211.0,12.0,12.0,True
2560,2018,9999,45-901-000-000,внутригородская территория города федерального значения муниципальный округ Зюзино,Зюзино,внутригородская территория города федерального значения,77,Москва,,,124527.0,123288.0,14850.0,16398.0,2710.0,2970.0,3568.0,4298.0,3319.0,3740.0,4882.0,6819.0,45807.0,52595.0,12.0,12.0,True
2561,2018,9999,45-902-000-000,внутригородская территория города федерального значения муниципальный округ Коньково,Коньково,внутригородская территория города федерального значения,77,Москва,,,151790.0,152544.0,14801.0,16474.0,2826.0,3201.0,3698.0,4494.0,3259.0,3717.0,4697.0,6610.0,45774.0,53267.0,12.0,12.0,True
2562,2018,9999,45-903-000-000,внутригородская территория города федерального значения муниципальный округ Котловка,Котловка,внутригородская территория города федерального значения,77,Москва,,,64976.0,65708.0,14955.0,16808.0,2508.0,2858.0,3329.0,4079.0,3346.0,3914.0,4648.0,6689.0,43688.0,51694.0,12.0,12.0,True
2563,2018,9999,45-904-000-000,внутригородская территория города федерального значения муниципальный округ Ломоносовский,Ломоносовский,внутригородская территория города федерального значения,77,Москва,,,87923.0,87044.0,16315.0,18370.0,3897.0,4402.0,4615.0,5582.0,3851.0,4501.0,5550.0,7771.0,56884.0,66843.0,12.0,12.0,True
2564,2018,9999,45-905-000-000,внутригородская территория города федерального значения муниципальный округ Обручевский,Обручевский,внутригородская территория города федерального значения,77,Москва,,,87447.0,87258.0,15495.0,17440.0,3482.0,3968.0,4534.0,5476.0,3713.0,4309.0,5261.0,7381.0,53527.0,63471.0,12.0,12.0,True
2565,2018,9999,45-906-000-000,внутригородская территория города федерального значения муниципальный округ Северное Бутово,Северное Бутово,внутригородская территория города федерального значения,77,Москва,,,97658.0,97516.0,15236.0,16976.0,2632.0,2956.0,3624.0,4448.0,3557.0,4108.0,5472.0,7571.0,48011.0,55965.0,12.0,12.0,True
2566,2018,9999,45-907-000-000,внутригородская территория города федерального значения муниципальный округ Теплый Стан,Теплый Стан,внутригородская территория города федерального значения,77,Москва,,,132338.0,131899.0,15097.0,16789.0,3020.0,3359.0,3454.0,4138.0,3468.0,3961.0,4873.0,6792.0,47247.0,54404.0,12.0,12.0,True
2567,2018,9999,45-908-000-000,внутригородская территория города федерального значения муниципальный округ Черемушки,Черемушки,внутригородская территория города федерального значения,77,Москва,,,107799.0,107951.0,15229.0,16934.0,3218.0,3667.0,4371.0,5245.0,3755.0,4273.0,5118.0,7096.0,51248.0,59612.0,12.0,12.0,True
2568,2018,9999,45-909-000-000,внутригородская территория города федерального значения муниципальный округ Южное Бутово,Южное Бутово,внутригородская территория города федерального значения,77,Москва,,,208783.0,211116.0,14994.0,16754.0,2390.0,2656.0,3306.0,4008.0,3345.0,3866.0,5577.0,7739.0,45962.0,53409.0,12.0,12.0,True
2569,2018,9999,45-910-000-000,внутригородская территория города федерального значения муниципальный округ Ясенево,Ясенево,внутригородская территория города федерального значения,77,Москва,,,175253.0,176505.0,15102.0,16850.0,2577.0,2903.0,3087.0,3841.0,3290.0,3790.0,4949.0,6976.0,44505.0,51924.0,12.0,12.0,True
2570,2018,9999,45-911-000-000,внутригородская территория города федерального значения муниципальный округ Бирюлево Восточное,Бирюлево Восточное,внутригородская территория города федерального значения,77,Москва,,,157292.0,156160.0,14573.0,16382.0,2105.0,2394.0,2777.0,3358.0,3152.0,3696.0,4856.0,6863.0,41115.0,48292.0,12.0,12.0,True
2571,2018,9999,45-912-000-000,внутригородская территория города федерального значения муниципальный округ Бирюлево Западное,Бирюлево Западное,внутригородская территория города федерального значения,77,Москва,,,86038.0,85308.0,14222.0,15733.0,1787.0,1988.0,2382.0,2899.0,2994.0,3564.0,4438.0,6407.0,37433.0,43730.0,12.0,12.0,True
2572,2018,9999,45-913-000-000,внутригородская территория города федерального значения муниципальный округ Братеево,Братеево,внутригородская территория города федерального значения,77,Москва,,,102572.0,101271.0,14894.0,16639.0,2190.0,2441.0,2888.0,3416.0,3056.0,3469.0,4762.0,6727.0,41937.0,48464.0,12.0,12.0,True
2573,2018,9999,45-914-000-000,внутригородская территория города федерального значения муниципальный округ Даниловский,Даниловский,внутригородская территория города федерального значения,77,Москва,,,105140.0,104272.0,14450.0,16169.0,2876.0,3297.0,4182.0,5096.0,3505.0,3971.0,4690.0,6679.0,48230.0,56773.0,12.0,12.0,True
2574,2018,9999,45-915-000-000,внутригородская территория города федерального значения муниципальный округ Донской,Донской,внутригородская территория города федерального значения,77,Москва,,,51967.0,51291.0,14938.0,16717.0,2857.0,3347.0,4094.0,5034.0,3495.0,4067.0,4665.0,6771.0,47723.0,56485.0,12.0,12.0,True
2575,2018,9999,45-916-000-000,внутригородская территория города федерального значения муниципальный округ Зябликово,Зябликово,внутригородская территория города федерального значения,77,Москва,,,133651.0,133658.0,15022.0,16726.0,2437.0,2819.0,2856.0,3512.0,3029.0,3492.0,4604.0,6534.0,42085.0,49250.0,12.0,12.0,True
2576,2018,9999,45-917-000-000,внутригородская территория города федерального значения муниципальный округ Москворечье-Сабурово,Москворечье-Сабурово,внутригородская территория города федерального значения,77,Москва,,,88095.0,86969.0,14908.0,16736.0,2381.0,2769.0,3468.0,4319.0,3378.0,3934.0,4908.0,6970.0,44182.0,52682.0,12.0,12.0,True
2577,2018,9999,45-918-000-000,внутригородская территория города федерального значения муниципальный округ Нагатино-Садовники,Нагатино-Садовники,внутригородская территория города федерального значения,77,Москва,,,83658.0,83390.0,14749.0,16550.0,2799.0,3147.0,3607.0,4546.0,3451.0,4003.0,4927.0,7150.0,45995.0,54720.0,12.0,12.0,True
2578,2018,9999,45-919-000-000,внутригородская территория города федерального значения муниципальный округ Нагатинский затон,Нагатинский затон,внутригородская территория города федерального значения,77,Москва,,,120618.0,120779.0,14996.0,16772.0,2770.0,3139.0,3484.0,4377.0,3236.0,3799.0,5109.0,7150.0,45670.0,53756.0,12.0,12.0,True
2579,2018,9999,45-920-000-000,внутригородская территория города федерального значения муниципальный округ Нагорный,Нагорный,внутригородская территория города федерального значения,77,Москва,,,77938.0,77073.0,14352.0,16062.0,2731.0,3111.0,3466.0,4213.0,3218.0,3682.0,4810.0,6834.0,44925.0,52696.0,12.0,12.0,True
2580,2018,9999,45-921-000-000,внутригородская территория города федерального значения муниципальный округ Орехово-Борисово Северное,Орехово-Борисово Северное,внутригородская территория города федерального значения,77,Москва,,,126387.0,124886.0,15075.0,16851.0,2494.0,2831.0,3090.0,3792.0,3094.0,3633.0,4745.0,6672.0,43628.0,50937.0,12.0,12.0,True
2581,2018,9999,45-922-000-000,внутригородская территория города федерального значения муниципальный округ Орехово-Борисово Южное,Орехово-Борисово Южное,внутригородская территория города федерального значения,77,Москва,,,148059.0,146959.0,14875.0,16674.0,2415.0,2756.0,3113.0,3807.0,3182.0,3728.0,4828.0,6889.0,43751.0,51490.0,12.0,12.0,True
2582,2018,9999,45-923-000-000,внутригородская территория города федерального значения муниципальный округ Царицыно,Царицыно,внутригородская территория города федерального значения,77,Москва,,,120748.0,119021.0,15045.0,16762.0,2255.0,2562.0,2721.0,3306.0,2885.0,3345.0,4647.0,6627.0,40551.0,47326.0,12.0,12.0,True
2583,2018,9999,45-924-000-000,внутригородская территория города федерального значения муниципальный округ Чертаново Северное,Чертаново Северное,внутригородская территория города федерального значения,77,Москва,,,110895.0,109640.0,15114.0,16787.0,2813.0,3155.0,3558.0,4306.0,3221.0,3648.0,4828.0,6790.0,46307.0,53686.0,12.0,12.0,True
2584,2018,9999,45-925-000-000,внутригородская территория города федерального значения муниципальный округ Чертаново Центральное,Чертаново Центральное,внутригородская территория города федерального значения,77,Москва,,,113208.0,111983.0,14566.0,16316.0,2446.0,2750.0,3090.0,3732.0,3162.0,3598.0,4650.0,6552.0,43057.0,49769.0,12.0,12.0,True
2585,2018,9999,45-926-000-000,внутригородская территория города федерального значения муниципальный округ Чертаново Южное,Чертаново Южное,внутригородская территория города федерального значения,77,Москва,,,158304.0,156092.0,14901.0,16712.0,2336.0,2646.0,3180.0,3934.0,3359.0,3896.0,5027.0,7060.0,44188.0,51789.0,12.0,12.0,True
2586,2018,9999,45-927-000-000,внутригородская территория города федерального значения муниципальный округ Старое Крюково,Старое Крюково,внутригородская территория города федерального значения,77,Москва,,,33776.0,37824.0,15366.0,16988.0,2404.0,2664.0,2819.0,3477.0,3125.0,3486.0,5527.0,7726.0,43177.0,49794.0,12.0,12.0,True
2587,2018,9999,45-931-000-000,внутригородская территория города федерального значения городской округ Троицк,Троицк,внутригородская территория города федерального значения,77,Москва,,,71089.0,71615.0,14893.0,16623.0,2593.0,2903.0,2625.0,3101.0,3311.0,3744.0,6160.0,8333.0,44983.0,51560.0,12.0,12.0,True
2588,2018,9999,45-932-000-000,внутригородская территория города федерального значения городской округ Щербинка,Щербинка,внутригородская территория города федерального значения,77,Москва,,,64132.0,62771.0,14416.0,16050.0,1954.0,2228.0,2412.0,2861.0,2847.0,3239.0,5149.0,7047.0,39201.0,45476.0,12.0,12.0,True
2589,2018,9999,45-941-000-000,внутригородская территория города федерального значения поселение Внуковское,Внуковское,внутригородская территория города федерального значения,77,Москва,,,63312.0,64390.0,15466.0,17197.0,2952.0,3333.0,4509.0,5579.0,4094.0,4673.0,6957.0,9322.0,54717.0,63307.0,12.0,12.0,True
2590,2018,9999,45-942-000-000,внутригородская территория города федерального значения поселение Воскресенское,Воскресенское,внутригородская территория города федерального значения,77,Москва,,,20317.0,19919.0,14750.0,16545.0,2358.0,2782.0,2716.0,3333.0,3553.0,4066.0,6035.0,8077.0,45426.0,52990.0,12.0,12.0,True
2591,2018,9999,45-943-000-000,внутригородская территория города федерального значения поселение Вороновское,Вороновское,внутригородская территория города федерального значения,77,Москва,,,14592.0,14565.0,14173.0,15744.0,1789.0,2095.0,1515.0,2071.0,2529.0,3250.0,6966.0,9218.0,37317.0,44948.0,12.0,12.0,True
2592,2018,9999,45-944-000-000,внутригородская территория города федерального значения поселение Десеновское,Десеновское,внутригородская территория города федерального значения,77,Москва,,,45606.0,47195.0,14623.0,16158.0,2397.0,2751.0,2900.0,3570.0,3748.0,4253.0,6168.0,8332.0,45353.0,52420.0,12.0,12.0,True
2593,2018,9999,45-945-000-000,внутригородская территория города федерального значения поселение Киевский,Киевский,внутригородская территория города федерального значения,77,Москва,,,12072.0,12040.0,12153.0,13909.0,1438.0,1737.0,932.0,1270.0,1326.0,1569.0,4405.0,6457.0,27294.0,33978.0,12.0,12.0,True
2594,2018,9999,45-946-000-000,внутригородская территория города федерального значения поселение Кленовское,Кленовское,внутригородская территория города федерального значения,77,Москва,,,5609.0,5747.0,11834.0,11454.0,1356.0,1131.0,760.0,610.0,1902.0,1503.0,4429.0,7751.0,27865.0,29931.0,4.0,6.0,True
2595,2018,9999,45-947-000-000,внутригородская территория города федерального значения поселение Кокошкино,Кокошкино,внутригородская территория города федерального значения,77,Москва,,,21818.0,21756.0,12708.0,14546.0,1477.0,1710.0,1274.0,2003.0,1757.0,2411.0,4765.0,6689.0,30338.0,37800.0,12.0,12.0,True
2596,2018,9999,45-948-000-000,внутригородская территория города федерального значения поселение Краснопахорское,Краснопахорское,внутригородская территория города федерального значения,77,Москва,,,12896.0,13029.0,13810.0,15427.0,1818.0,2030.0,1625.0,1946.0,2701.0,3144.0,5895.0,8519.0,36793.0,43579.0,12.0,12.0,True
2597,2018,9999,45-949-000-000,внутригородская территория города федерального значения поселение Марушкинское,Марушкинское,внутригородская территория города федерального значения,77,Москва,,,15692.0,16230.0,14223.0,15745.0,1970.0,2344.0,1871.0,2491.0,2843.0,3362.0,5472.0,7914.0,38202.0,45472.0,12.0,12.0,True
2598,2018,9999,45-951-000-000,внутригородская территория города федерального значения поселение Михайлово-Ярцевское,Михайлово-Ярцевское,внутригородская территория города федерального значения,77,Москва,,,9287.0,9107.0,12926.0,13702.0,1395.0,1734.0,1138.0,1347.0,1996.0,2288.0,6387.0,9183.0,32552.0,37898.0,12.0,12.0,True
2599,2018,9999,45-952-000-000,внутригородская территория города федерального значения поселение Московский,Московский,внутригородская территория города федерального значения,77,Москва,,,111718.0,114244.0,14977.0,16665.0,2732.0,3132.0,3962.0,4792.0,3958.0,4517.0,5730.0,7845.0,50497.0,58523.0,12.0,12.0,True
2600,2018,9999,45-953-000-000,"внутригородская территория города федерального значения поселение Мосрентген""""",Мосрентген,внутригородская территория города федерального значения,77,Москва,,,22029.0,21590.0,13375.0,14641.0,2271.0,2440.0,2484.0,3083.0,3658.0,4205.0,4328.0,6154.0,40465.0,46169.0,12.0,12.0,True
2601,2018,9999,45-954-000-000,внутригородская территория города федерального значения поселение Новофедоровское,Новофедоровское,внутригородская территория города федерального значения,77,Москва,,,21725.0,23187.0,12562.0,13071.0,1548.0,1606.0,1459.0,1522.0,2727.0,2634.0,6536.0,8438.0,35426.0,38334.0,12.0,12.0,True
2602,2018,9999,45-955-000-000,внутригородская территория города федерального значения поселение Первомайское,Первомайское,внутригородская территория города федерального значения,77,Москва,,,24782.0,27069.0,15049.0,16704.0,2445.0,2895.0,2626.0,3240.0,3667.0,4291.0,6906.0,9748.0,46503.0,55381.0,12.0,12.0,True
2603,2018,9999,45-956-000-000,внутригородская территория города федерального значения поселение Роговское,Роговское,внутригородская территория города федерального значения,77,Москва,,,6478.0,6688.0,12366.0,14251.0,1516.0,1399.0,848.0,1167.0,1594.0,1916.0,5960.0,9471.0,30826.0,36694.0,3.0,7.0,True
2604,2018,9999,45-957-000-000,внутригородская территория города федерального значения поселение Рязановское,Рязановское,внутригородская территория города федерального значения,77,Москва,,,32215.0,33033.0,14201.0,15750.0,2130.0,2477.0,2406.0,2990.0,3190.0,3842.0,6008.0,8195.0,42093.0,49270.0,12.0,12.0,True
2605,2018,9999,45-958-000-000,внутригородская территория города федерального значения поселение Сосенское,Сосенское,внутригородская территория города федерального значения,77,Москва,,,115545.0,122303.0,14871.0,16521.0,2992.0,3459.0,3920.0,4730.0,3972.0,4540.0,6465.0,8734.0,52375.0,60469.0,12.0,12.0,True
2606,2018,9999,45-959-000-000,внутригородская территория города федерального значения поселение Филимонковское,Филимонковское,внутригородская территория города федерального значения,77,Москва,,,16237.0,17811.0,13202.0,14987.0,1823.0,2326.0,2204.0,2989.0,3025.0,3841.0,6218.0,8390.0,39381.0,47572.0,12.0,12.0,True
2607,2018,9999,45-961-000-000,внутригородская территория города федерального значения поселение Щаповское,Щаповское,внутригородская территория города федерального значения,77,Москва,,,13350.0,13360.0,13279.0,14575.0,1420.0,1831.0,1227.0,1611.0,2421.0,2914.0,5311.0,8331.0,32560.0,40012.0,12.0,12.0,True
2618,2019,9999,34-520-000-000,Мантуровский муниципальный округ,Мантуровский,муниципальный округ,44,Костромская область,58.333271,44.761791,15431.0,15147.0,11256.0,12223.0,930.0,1020.0,281.0,309.0,1128.0,1188.0,3162.0,4594.0,21957.0,24920.0,12.0,12.0,True
2619,2019,9999,78-705-000-000,городской округ город Переславль-Залесский,Переславль-Залесский,городской округ,76,Ярославская область,56.7367178,38.8462714,54862.0,54039.0,12418.0,13892.0,1397.0,1586.0,1038.0,1217.0,1617.0,1979.0,4186.0,6091.0,28990.0,34102.0,12.0,12.0,True
2620,2019,9999,57-730-000-000,городской округ Соликамский,Соликамский,городской округ,59,Пермский край,59.649437,56.779594,100732.0,99951.0,13436.0,14997.0,1341.0,1529.0,1294.0,1564.0,1979.0,2301.0,3095.0,4752.0,30851.0,35835.0,12.0,12.0,True
2621,2019,9999,57-708-000-000,городской округ город Березники,Березники,городской округ,59,Пермский край,59.4084171,56.8036958,148978.0,147365.0,13525.0,14971.0,1330.0,1525.0,1691.0,2004.0,2021.0,2277.0,3055.0,4635.0,31791.0,36461.0,12.0,12.0,True
2644,2019,9999,46-770-000-000,городской округ Серпухов,Серпухов,городской округ,50,Московская область,54.9155247,37.4195533,181197.0,181687.0,13566.0,15525.0,1815.0,2122.0,1938.0,2390.0,2783.0,3212.0,4772.0,6724.0,36390.0,42789.0,12.0,12.0,True
2646,2019,9999,29-715-000-000,городской округ город Обнинск,Обнинск,городской округ,40,Калужская область,55.0951738,36.611913,129584.0,132477.0,13222.0,15000.0,2257.0,2566.0,2095.0,2549.0,2604.0,3023.0,4658.0,6478.0,36710.0,42664.0,12.0,12.0,True
2647,2019,9999,29-606-000-000,Боровский муниципальный район,Боровский,муниципальный район,40,Калужская область,55.2049516,36.48485294979915,82143.0,82139.0,12097.0,13659.0,1562.0,1753.0,1173.0,1501.0,1962.0,2244.0,4553.0,6164.0,29484.0,34416.0,12.0,12.0,True
2648,2019,9999,46-742-000-000,городской округ Лосино-Петровский,Лосино-Петровский,городской округ,50,Московская область,55.8705593,38.2032701,70669.0,72040.0,13839.0,15514.0,1734.0,1969.0,1756.0,2356.0,2557.0,3181.0,5640.0,7672.0,35979.0,42989.0,12.0,12.0,True
2649,2019,9999,46-788-000-000,городской округ Щёлково,Щёлково,городской округ,50,Московская область,55.9206499,37.9915576,217794.0,218279.0,14320.0,15982.0,2002.0,2283.0,2204.0,2673.0,2898.0,3364.0,5189.0,7135.0,38995.0,45313.0,12.0,12.0,True
2650,2020,9999,15-720-000-000,городской округ Новозыбковский,Новозыбковский,городской округ,32,Брянская область,52.537086,31.93367,48937.0,48469.0,,,,,,,,,,,,,,,False
2651,2020,9999,46-755-000-000,городской округ Одинцовский,Одинцовский,городской округ,50,Московская область,55.678223,37.2668096,480869.0,482184.0,14353.0,16171.0,2422.0,2810.0,2923.0,3599.0,3648.0,4211.0,5725.0,7740.0,43968.0,51339.0,12.0,12.0,True
2652,2020,9999,46-757-000-000,городской округ Орехово-Зуевский,Орехово-Зуевский,городской округ,50,Московская область,55.8083278,38.9790038,241038.0,240323.0,13820.0,15556.0,1669.0,1868.0,1608.0,2007.0,2430.0,2770.0,4780.0,6621.0,34770.0,40536.0,12.0,12.0,True
2710,2020,9999,28-714-000-000,городской округ Вышневолоцкий,Вышневолоцкий,городской округ,69,Тверская область,57.5883648,34.5720732,65168.0,63833.0,11867.0,13438.0,1306.0,1464.0,965.0,1197.0,1531.0,1810.0,3572.0,5329.0,25635.0,30410.0,12.0,12.0,True
2714,2021,9999,15-501-000-000,муниципальный округ Стародубский,Стародубский,муниципальный округ,32,Брянская область,52.584446,32.760098,34678.0,34347.0,,,,,,,,,,,,,,,False
2748,2021,9999,03-731-000-000,городской округ Сириус,Сириус,городской округ,23,Краснодарский край,43.40670875,39.96542261224943,13768.0,14344.0,,,,,,,,,,,,,,,False
2808,2021,9999,46-738-000-000,городской округ Коломна,Коломна,городской округ,50,Московская область,55.0938743,38.7670121,214925.0,213701.0,14071.0,15786.0,1878.0,2124.0,1857.0,2268.0,2538.0,2901.0,4703.0,6590.0,36486.0,42488.0,12.0,12.0,True
2809,2021,9999,57-530-000-000,муниципальный округ Кунгурский,Кунгурский,муниципальный округ,59,Пермский край,57.4397771,56.9266073,103834.0,103245.0,10907.0,12327.0,1176.0,1319.0,1059.0,1303.0,1610.0,1873.0,2220.0,3719.0,24795.0,29084.0,12.0,12.0,True
2812,2021,9999,03-726-000-000,городской округ город-курорт Сочи,Сочи,городской округ,23,Краснодарский край,43.5854823,39.723109,561793.0,559991.0,,,,,,,,,,,,,,,False
2813,2021,9999,46-786-000-000,городской округ Шатура,Шатура,городской округ,50,Московская область,55.578403,39.5437584,101978.0,101188.0,14082.0,15834.0,1371.0,1575.0,1175.0,1516.0,1783.0,2149.0,4887.0,6776.0,32513.0,38577.0,12.0,12.0,True
2814,2021,9999,46-758-000-000,городской округ Пушкинский,Пушкинский,городской округ,50,Московская область,56.0104274,37.8461892,300650.0,300898.0,14264.0,15975.0,2134.0,2419.0,2356.0,2858.0,3099.0,3536.0,5277.0,7247.0,39994.0,46397.0,12.0,12.0,True
2872,2022,9999,71-938-000-000,муниципальный округ Приуральский район,Приуральский,муниципальный округ,89,Ямало-Ненецкий автономный округ,66.5582332,67.8051987,10037.0,10095.0,18926.0,20147.0,1198.0,1443.0,1116.0,1274.0,1765.0,1685.0,3595.0,5402.0,39663.0,42633.0,12.0,12.0,True
2876,2022,9999,07-715-000-000,городской округ город-курорт Кисловодск,Кисловодск,городской округ,26,Ставропольский край,43.9128743,42.7192186,133913.0,133451.0,9852.0,11548.0,1778.0,2038.0,1797.0,2308.0,2417.0,2904.0,4404.0,6342.0,30102.0,36654.0,12.0,12.0,True
2879,2022,9999,71-952-000-000,городской округ город Губкинский,Губкинский,городской округ,89,Ямало-Ненецкий автономный округ,64.4337824,76.4898086,33869.0,34958.0,16245.0,17373.0,1906.0,2070.0,2682.0,3203.0,2310.0,2594.0,5778.0,8450.0,44258.0,50104.0,12.0,12.0,True
2880,2022,9999,71-953-000-000,городской округ город Лабытнанги,Лабытнанги,городской округ,89,Ямало-Ненецкий автономный округ,66.6888835,66.4347161435694,30962.0,31295.0,18791.0,20571.0,1825.0,1962.0,1767.0,2152.0,2282.0,2415.0,4410.0,6496.0,45314.0,50345.0,12.0,12.0,True
2881,2022,9999,07-548-000-000,Предгорный муниципальный округ,Предгорный,муниципальный округ,26,Ставропольский край,44.0216516,42.8742331,110643.0,109591.0,8568.0,9705.0,1531.0,1739.0,1112.0,1476.0,2093.0,2441.0,3326.0,5250.0,24547.0,29497.0,12.0,12.0,True
2882,2022,9999,71-940-000-000,муниципальный округ Пуровский район,Пуровский,муниципальный округ,89,Ямало-Ненецкий автономный округ,64.9219991,77.779459,36552.0,36676.0,15389.0,16136.0,1779.0,1847.0,2038.0,2225.0,2094.0,2178.0,5116.0,7500.0,40189.0,43912.0,12.0,12.0,True
2883,2023,9999,28-528-000-000,муниципальный округ Кимрский,Кимрский,муниципальный округ,69,Тверская область,56.8734395,37.3556968,52457.0,51679.0,12905.0,14766.0,1339.0,1581.0,943.0,1308.0,1618.0,1850.0,4143.0,6284.0,28464.0,34362.0,12.0,12.0,True
2884,2023,9999,28-548-000-000,муниципальный округ Ржевский,Ржевский,муниципальный округ,69,Тверская область,56.2565207,34.328649,64730.0,63768.0,11074.0,12882.0,1266.0,1479.0,882.0,1121.0,1738.0,1980.0,3667.0,5400.0,25442.0,30594.0,12.0,12.0,True
2885,2023,9999,57-528-000-000,муниципальный округ Кудымкарский,Кудымкарский,муниципальный округ,59,Пермский край,59.014606,54.664135,50499.0,50562.0,10531.0,12008.0,1043.0,1174.0,920.0,1106.0,1437.0,1685.0,1965.0,3169.0,22522.0,25844.0,12.0,12.0,True
2886,2023,9999,57-516-000-000,муниципальный округ Губахинский,Губахинский,муниципальный округ,59,Пермский край,58.842407,57.555058,44174.0,43671.0,11471.0,12645.0,1017.0,1122.0,845.0,934.0,1148.0,1206.0,2739.0,4319.0,24671.0,28130.0,12.0,12.0,True
2887,2023,9999,63-701-000-000,городской округ город Саратов,Саратов,городской округ,64,Саратовская область,51.530018,46.034683,942315.0,937364.0,10850.0,12526.0,1673.0,1912.0,1781.0,2060.0,2173.0,2465.0,3036.0,4592.0,28827.0,33754.0,12.0,12.0,True
3005,2023,9999,22-703-000-000,городской округ город Арзамас,Арзамас,городской округ,52,Нижегородская область,55.3987879,43.8210933,145443.0,144670.0,11717.0,13408.0,1478.0,1747.0,825.0,1053.0,1814.0,2154.0,3291.0,5051.0,27290.0,32354.0,12.0,12.0,True
3007,2023,9999,32-522-000-000,Прокопьевский муниципальный округ,Прокопьевский,муниципальный округ,42,Кемеровская область,53.8879117,86.7492072,43450.0,43200.0,11369.0,12290.0,1228.0,1264.0,628.0,930.0,1634.0,1669.0,3201.0,4769.0,24993.0,28344.0,12.0,12.0,True
3008,2023,9999,46-783-000-000,городской округ Химки,Химки,городской округ,50,Московская область,55.8917293,37.4396994,,277185.0,,16341.0,,2785.0,,3793.0,,4124.0,,7223.0,,51796.0,,12.0,True
3009,2023,9999,68-701-000-000,городской округ город Тамбов,Тамбов,городской округ,68,Тамбовская область,52.73111849999999,41.4341991460869,291454.0,288947.0,11100.0,12851.0,1512.0,1783.0,1268.0,1566.0,2039.0,2311.0,3649.0,5346.0,28231.0,33491.0,12.0,12.0,True
3010,2023,9999,68-540-000-000,Тамбовский муниципальный округ,Тамбовский,муниципальный округ,68,Тамбовская область,52.73111849999999,41.4341991460869,74458.0,,10587.0,,1266.0,,1042.0,,2026.0,,3550.0,,25912.0,,12.0,,True
3011,2023,9999,75-712-000-000,городской округ Златоустовский,Златоустовский,городской округ,74,Челябинская область,55.1674213,59.6792625,161475.0,160367.0,10871.0,12779.0,1276.0,1560.0,1103.0,1432.0,1548.0,1779.0,2525.0,4301.0,25590.0,31494.0,12.0,12.0,True
3012,2023,9999,75-638-000-000,Кусинский муниципальный район,Кусинский,муниципальный район,74,Челябинская область,55.336521,59.445938,25198.0,24970.0,10019.0,10835.0,1115.0,1206.0,369.0,496.0,886.0,907.0,1950.0,3398.0,19785.0,22825.0,12.0,12.0,True
3013,2023,9999,46-771-000-000,городской округ Солнечногорск,Солнечногорск,городской округ,50,Московская область,56.1853501,36.9781536,154721.0,135509.0,14630.0,16475.0,1817.0,2152.0,2079.0,2651.0,3012.0,3590.0,5469.0,7552.0,39066.0,46168.0,12.0,12.0,True
3014,2024,9999,46-759-000-000,городской округ Павлово-Посадский,Павлово-Посадский,городской округ,50,Московская область,55.7813357,38.6507838,91858.0,122210.0,,15682.0,,1741.0,,2068.0,,2846.0,,6800.0,,41461.0,,10.0,True
3101,2024,9999,61-542-000-000,Сасовский муниципальный округ,Сасовский,муниципальный округ,62,Рязанская область,54.35392,41.926643,,36129.0,,12055.0,,1362.0,,577.0,,1169.0,,5114.0,,26278.0,,10.0,True
