"period";"value";"obs_status";"source";"freq";"category";"decimals";"unit_measure";"unit_mult"
"2023-11-12";16.55746809;"A";"Данные СберИндекса";"Неделя";"Спортивные товары";"2";"% г/г";"0"
"2023-11-19";7.87181207;"A";"Данные СберИндекса";"Неделя";"Спортивные товары";"2";"% г/г";"0"
"2023-11-26";13.74451563;"A";"Данные СберИндекса";"Неделя";"Спортивные товары";"2";"% г/г";"0"
"2023-12-03";11.55647832;"A";"Данные СберИндекса";"Неделя";"Спортивные товары";"2";"% г/г";"0"
"2023-12-10";13.20304237;"A";"Данные СберИндекса";"Неделя";"Спортивные товары";"2";"% г/г";"0"
"2023-12-17";11.42963861;"A";"Данные СберИндекса";"Неделя";"Спортивные товары";"2";"% г/г";"0"
"2023-12-24";9.59790433;"A";"Данные СберИндекса";"Неделя";"Спортивные товары";"2";"% г/г";"0"
"2023-12-31";11.63631653;"A";"Данные СберИндекса";"Неделя";"Спортивные товары";"2";"% г/г";"0"
"2024-01-07";4.65416143;"A";"Данные СберИндекса";"Неделя";"Спортивные товары";"2";"% г/г";"0"
"2024-01-14";8.58709931;"A";"Данные СберИндекса";"Неделя";"Спортивные товары";"2";"% г/г";"0"
"2024-01-21";9.60939892;"A";"Данные СберИндекса";"Неделя";"Спортивные товары";"2";"% г/г";"0"
"2024-01-28";10.01315764;"A";"Данные СберИндекса";"Неделя";"Спортивные товары";"2";"% г/г";"0"
"2024-02-04";9.71546343;"A";"Данные СберИндекса";"Неделя";"Спортивные товары";"2";"% г/г";"0"
"2024-02-11";8.4292565;"A";"Данные СберИндекса";"Неделя";"Спортивные товары";"2";"% г/г";"0"
"2024-02-18";7.83788581;"A";"Данные СберИндекса";"Неделя";"Спортивные товары";"2";"% г/г";"0"
"2024-02-25";9.5353384;"A";"Данные СберИндекса";"Неделя";"Спортивные товары";"2";"% г/г";"0"
"2024-03-03";9.84357666;"A";"Данные СберИндекса";"Неделя";"Спортивные товары";"2";"% г/г";"0"
"2024-03-10";10.59102727;"A";"Данные СберИндекса";"Неделя";"Спортивные товары";"2";"% г/г";"0"
"2024-03-17";9.57583379;"A";"Данные СберИндекса";"Неделя";"Спортивные товары";"2";"% г/г";"0"
"2024-03-24";7.24828957;"A";"Данные СберИндекса";"Неделя";"Спортивные товары";"2";"% г/г";"0"
"2024-03-31";10.88413059;"A";"Данные СберИндекса";"Неделя";"Спортивные товары";"2";"% г/г";"0"
"2024-04-07";9.04550986;"A";"Данные СберИндекса";"Неделя";"Спортивные товары";"2";"% г/г";"0"
"2024-04-14";11.94018668;"A";"Данные СберИндекса";"Неделя";"Спортивные товары";"2";"% г/г";"0"
"2024-04-21";9.39274281;"A";"Данные СберИндекса";"Неделя";"Спортивные товары";"2";"% г/г";"0"
"2024-04-28";8.14170532;"A";"Данные СберИндекса";"Неделя";"Спортивные товары";"2";"% г/г";"0"
"2024-05-05";7.49534905;"A";"Данные СберИндекса";"Неделя";"Спортивные товары";"2";"% г/г";"0"
"2024-05-12";2.01646806;"A";"Данные СберИндекса";"Неделя";"Спортивные товары";"2";"% г/г";"0"
"2024-05-19";0.10895322;"A";"Данные СберИндекса";"Неделя";"Спортивные товары";"2";"% г/г";"0"
"2024-05-26";1.79094605;"A";"Данные СберИндекса";"Неделя";"Спортивные товары";"2";"% г/г";"0"
"2024-06-02";8.85385981;"A";"Данные СберИндекса";"Неделя";"Спортивные товары";"2";"% г/г";"0"
"2024-06-09";15.01903204;"A";"Данные СберИндекса";"Неделя";"Спортивные товары";"2";"% г/г";"0"
"2024-06-16";14.79260474;"A";"Данные СберИндекса";"Неделя";"Спортивные товары";"2";"% г/г";"0"
"2024-06-23";12.28280261;"A";"Данные СберИндекса";"Неделя";"Спортивные товары";"2";"% г/г";"0"
"2024-06-30";10.0314225;"A";"Данные СберИндекса";"Неделя";"Спортивные товары";"2";"% г/г";"0"
"2024-07-07";5.98926144;"A";"Данные СберИндекса";"Неделя";"Спортивные товары";"2";"% г/г";"0"
"2024-07-14";5.16110529;"A";"Данные СберИндекса";"Неделя";"Спортивные товары";"2";"% г/г";"0"
"2024-07-21";5.87375279;"A";"Данные СберИндекса";"Неделя";"Спортивные товары";"2";"% г/г";"0"
"2024-07-28";5.19965625;"A";"Данные СберИндекса";"Неделя";"Спортивные товары";"2";"% г/г";"0"
"2024-08-04";6.27850391;"A";"Данные СберИндекса";"Неделя";"Спортивные товары";"2";"% г/г";"0"
"2024-08-11";6.11032868;"A";"Данные СберИндекса";"Неделя";"Спортивные товары";"2";"% г/г";"0"
"2024-08-18";6.29063327;"A";"Данные СберИндекса";"Неделя";"Спортивные товары";"2";"% г/г";"0"
"2024-08-25";5.14099218;"A";"Данные СберИндекса";"Неделя";"Спортивные товары";"2";"% г/г";"0"
"2024-09-01";5.16445661;"A";"Данные СберИндекса";"Неделя";"Спортивные товары";"2";"% г/г";"0"
"2024-09-08";2.8206559;"A";"Данные СберИндекса";"Неделя";"Спортивные товары";"2";"% г/г";"0"
"2024-09-15";0.33623861;"A";"Данные СберИндекса";"Неделя";"Спортивные товары";"2";"% г/г";"0"
"2024-09-22";2.7332099;"A";"Данные СберИндекса";"Неделя";"Спортивные товары";"2";"% г/г";"0"
"2024-09-29";1.31125449;"A";"Данные СберИндекса";"Неделя";"Спортивные товары";"2";"% г/г";"0"
"2024-10-06";3.38508668;"A";"Данные СберИндекса";"Неделя";"Спортивные товары";"2";"% г/г";"0"
"2024-10-13";3.04471567;"A";"Данные СберИндекса";"Неделя";"Спортивные товары";"2";"% г/г";"0"
"2024-10-20";4.06894581;"A";"Данные СберИндекса";"Неделя";"Спортивные товары";"2";"% г/г";"0"
"2024-10-27";-0.72554179;"A";"Данные СберИндекса";"Неделя";"Спортивные товары";"2";"% г/г";"0"
"2024-11-03";6.85764011;"A";"Данные СберИндекса";"Неделя";"Спортивные товары";"2";"% г/г";"0"
"2024-11-10";11.93063187;"A";"Данные СберИндекса";"Неделя";"Спортивные товары";"2";"% г/г";"0"
"2024-11-17";5.60994018;"A";"Данные СберИндекса";"Неделя";"Спортивные товары";"2";"% г/г";"0"
"2024-11-24";-2.43237874;"A";"Данные СберИндекса";"Неделя";"Спортивные товары";"2";"% г/г";"0"
"2024-12-01";2.45379595;"A";"Данные СберИндекса";"Неделя";"Спортивные товары";"2";"% г/г";"0"
"2024-12-08";3.58012692;"A";"Данные СберИндекса";"Неделя";"Спортивные товары";"2";"% г/г";"0"
"2024-12-15";7.51991391;"A";"Данные СберИндекса";"Неделя";"Спортивные товары";"2";"% г/г";"0"
"2024-12-22";7.31606742;"A";"Данные СберИндекса";"Неделя";"Спортивные товары";"2";"% г/г";"0"
"2024-12-29";5.0020297;"A";"Данные СберИндекса";"Неделя";"Спортивные товары";"2";"% г/г";"0"
"2025-01-05";7.83665229;"A";"Данные СберИндекса";"Неделя";"Спортивные товары";"2";"% г/г";"0"
"2025-01-12";3.81644769;"A";"Данные СберИндекса";"Неделя";"Спортивные товары";"2";"% г/г";"0"
"2025-01-19";1.36776185;"A";"Данные СберИндекса";"Неделя";"Спортивные товары";"2";"% г/г";"0"
"2025-01-26";-0.21975677;"A";"Данные СберИндекса";"Неделя";"Спортивные товары";"2";"% г/г";"0"
"2025-02-02";-1.99645842;"A";"Данные СберИндекса";"Неделя";"Спортивные товары";"2";"% г/г";"0"
"2025-02-09";-3.87439779;"A";"Данные СберИндекса";"Неделя";"Спортивные товары";"2";"% г/г";"0"
"2025-02-16";-3.15677493;"A";"Данные СберИндекса";"Неделя";"Спортивные товары";"2";"% г/г";"0"
"2025-02-23";-3.67418221;"A";"Данные СберИндекса";"Неделя";"Спортивные товары";"2";"% г/г";"0"
"2025-03-02";-3.0104674;"A";"Данные СберИндекса";"Неделя";"Спортивные товары";"2";"% г/г";"0"
"2025-03-09";1.08354146;"A";"Данные СберИндекса";"Неделя";"Спортивные товары";"2";"% г/г";"0"
"2025-03-16";6.3184199;"A";"Данные СберИндекса";"Неделя";"Спортивные товары";"2";"% г/г";"0"
"2025-03-23";4.70352018;"A";"Данные СберИндекса";"Неделя";"Спортивные товары";"2";"% г/г";"0"
"2025-03-30";2.03493219;"A";"Данные СберИндекса";"Неделя";"Спортивные товары";"2";"% г/г";"0"
"2025-04-06";-3.71161559;"A";"Данные СберИндекса";"Неделя";"Спортивные товары";"2";"% г/г";"0"
"2025-04-13";-7.73449748;"A";"Данные СберИндекса";"Неделя";"Спортивные товары";"2";"% г/г";"0"
"2025-04-20";-2.8748007;"A";"Данные СберИндекса";"Неделя";"Спортивные товары";"2";"% г/г";"0"
"2025-04-27";-0.59116969;"A";"Данные СберИндекса";"Неделя";"Спортивные товары";"2";"% г/г";"0"
"2025-05-04";0.59568995;"A";"Данные СберИндекса";"Неделя";"Спортивные товары";"2";"% г/г";"0"
"2025-05-11";2.10361868;"A";"Данные СберИндекса";"Неделя";"Спортивные товары";"2";"% г/г";"0"
"2025-05-18";1.96445845;"A";"Данные СберИндекса";"Неделя";"Спортивные товары";"2";"% г/г";"0"
"2025-05-25";1.73211828;"A";"Данные СберИндекса";"Неделя";"Спортивные товары";"2";"% г/г";"0"
"2025-06-01";1.04355815;"A";"Данные СберИндекса";"Неделя";"Спортивные товары";"2";"% г/г";"0"
"2025-06-08";-2.21664101;"A";"Данные СберИндекса";"Неделя";"Спортивные товары";"2";"% г/г";"0"
"2025-06-15";-2.25544327;"A";"Данные СберИндекса";"Неделя";"Спортивные товары";"2";"% г/г";"0"
"2025-06-22";-2.4558265;"A";"Данные СберИндекса";"Неделя";"Спортивные товары";"2";"% г/г";"0"
"2025-06-29";-3.02793572;"A";"Данные СберИндекса";"Неделя";"Спортивные товары";"2";"% г/г";"0"
"2025-07-06";-2.117664;"A";"Данные СберИндекса";"Неделя";"Спортивные товары";"2";"% г/г";"0"
"2025-07-13";-1.90824031;"A";"Данные СберИндекса";"Неделя";"Спортивные товары";"2";"% г/г";"0"
"2025-07-20";0.27798596;"A";"Данные СберИндекса";"Неделя";"Спортивные товары";"2";"% г/г";"0"
"2025-07-27";-0.51697682;"A";"Данные СберИндекса";"Неделя";"Спортивные товары";"2";"% г/г";"0"
"2025-08-03";-0.39409085;"A";"Данные СберИндекса";"Неделя";"Спортивные товары";"2";"% г/г";"0"
"2025-08-10";0.54288516;"A";"Данные СберИндекса";"Неделя";"Спортивные товары";"2";"% г/г";"0"
"2025-08-17";0.99299629;"A";"Данные СберИндекса";"Неделя";"Спортивные товары";"2";"% г/г";"0"
"2025-08-24";1.98752626;"A";"Данные СберИндекса";"Неделя";"Спортивные товары";"2";"% г/г";"0"
"2025-08-31";2.08267561;"A";"Данные СберИндекса";"Неделя";"Спортивные товары";"2";"% г/г";"0"
"2025-09-07";-1.09776852;"A";"Данные СберИндекса";"Неделя";"Спортивные товары";"2";"% г/г";"0"
"2025-09-14";-1.78377412;"A";"Данные СберИндекса";"Неделя";"Спортивные товары";"2";"% г/г";"0"
"2025-09-21";-1.05168382;"A";"Данные СберИндекса";"Неделя";"Спортивные товары";"2";"% г/г";"0"
"2025-09-28";-1.36931926;"A";"Данные СберИндекса";"Неделя";"Спортивные товары";"2";"% г/г";"0"
"2025-10-05";-3.24737668;"A";"Данные СберИндекса";"Неделя";"Спортивные товары";"2";"% г/г";"0"
"2025-10-12";-8.14166764;"A";"Данные СберИндекса";"Неделя";"Спортивные товары";"2";"% г/г";"0"
"2025-10-19";-7.13768136;"A";"Данные СберИндекса";"Неделя";"Спортивные товары";"2";"% г/г";"0"
"2025-10-26";-6.45552404;"A";"Данные СберИндекса";"Неделя";"Спортивные товары";"2";"% г/г";"0"
"2025-11-02";-10.57221887;"A";"Данные СберИндекса";"Неделя";"Спортивные товары";"2";"% г/г";"0"
"2025-11-09";-11.44973365;"A";"Данные СберИндекса";"Неделя";"Спортивные товары";"2";"% г/г";"0"
"2025-11-16";-3.52413471;"A";"Данные СберИндекса";"Неделя";"Спортивные товары";"2";"% г/г";"0"
"2025-11-23";-1.68914186;"A";"Данные СберИндекса";"Неделя";"Спортивные товары";"2";"% г/г";"0"
"2025-11-30";-5.352051;"A";"Данные СберИндекса";"Неделя";"Спортивные товары";"2";"% г/г";"0"
"2025-12-07";-6.35672595;"A";"Данные СберИндекса";"Неделя";"Спортивные товары";"2";"% г/г";"0"
"2025-12-14";-4.32329332;"A";"Данные СберИндекса";"Неделя";"Спортивные товары";"2";"% г/г";"0"
"2025-12-21";-3.00280666;"A";"Данные СберИндекса";"Неделя";"Спортивные товары";"2";"% г/г";"0"
"2025-12-28";-2.40578308;"A";"Данные СберИндекса";"Неделя";"Спортивные товары";"2";"% г/г";"0"
"2026-01-04";2.46137764;"A";"Данные СберИндекса";"Неделя";"Спортивные товары";"2";"% г/г";"0"
"2026-01-11";4.01033135;"A";"Данные СберИндекса";"Неделя";"Спортивные товары";"2";"% г/г";"0"
"2026-01-18";4.65966696;"A";"Данные СберИндекса";"Неделя";"Спортивные товары";"2";"% г/г";"0"
"2026-01-25";3.10683221;"A";"Данные СберИндекса";"Неделя";"Спортивные товары";"2";"% г/г";"0"
"2026-02-01";0.97135081;"A";"Данные СберИндекса";"Неделя";"Спортивные товары";"2";"% г/г";"0"
"2026-02-08";-1.8380601;"A";"Данные СберИндекса";"Неделя";"Спортивные товары";"2";"% г/г";"0"
"2026-02-15";-3.53172267;"A";"Данные СберИндекса";"Неделя";"Спортивные товары";"2";"% г/г";"0"
"2026-02-22";-3.73648534;"A";"Данные СберИндекса";"Неделя";"Спортивные товары";"2";"% г/г";"0"
"2026-03-01";-0.12142396;"A";"Данные СберИндекса";"Неделя";"Спортивные товары";"2";"% г/г";"0"
"2026-03-08";-4.08908979;"A";"Данные СберИндекса";"Неделя";"Спортивные товары";"2";"% г/г";"0"
"2026-03-15";-0.75936861;"A";"Данные СберИндекса";"Неделя";"Спортивные товары";"2";"% г/г";"0"
"2026-03-22";-0.93099423;"A";"Данные СберИндекса";"Неделя";"Спортивные товары";"2";"% г/г";"0"
"2026-03-29";-2.21860835;"A";"Данные СберИндекса";"Неделя";"Спортивные товары";"2";"% г/г";"0"
"2026-04-05";-1.30114572;"A";"Данные СберИндекса";"Неделя";"Спортивные товары";"2";"% г/г";"0"
"2026-04-12";-4.99529901;"A";"Данные СберИндекса";"Неделя";"Спортивные товары";"2";"% г/г";"0"
"2026-04-19";-6.87691998;"A";"Данные СберИндекса";"Неделя";"Спортивные товары";"2";"% г/г";"0"
"2026-04-26";-7.51113081;"A";"Данные СберИндекса";"Неделя";"Спортивные товары";"2";"% г/г";"0"
"2026-05-03";-5.47895108;"A";"Данные СберИндекса";"Неделя";"Спортивные товары";"2";"% г/г";"0"
"2026-05-10";-2.09077953;"A";"Данные СберИндекса";"Неделя";"Спортивные товары";"2";"% г/г";"0"
"2026-05-17";1.9042239;"A";"Данные СберИндекса";"Неделя";"Спортивные товары";"2";"% г/г";"0"
"2026-05-24";1.90311095;"A";"Данные СберИндекса";"Неделя";"Спортивные товары";"2";"% г/г";"0"
"2026-05-31";-2.06282043;"A";"Данные СберИндекса";"Неделя";"Спортивные товары";"2";"% г/г";"0"
"2026-06-07";-3.06476405;"A";"Данные СберИндекса";"Неделя";"Спортивные товары";"2";"% г/г";"0"
"2026-06-14";-5.02702106;"A";"Данные СберИндекса";"Неделя";"Спортивные товары";"2";"% г/г";"0"
"2026-06-21";-3.1950992;"A";"Данные СберИндекса";"Неделя";"Спортивные товары";"2";"% г/г";"0"
"2026-06-28";-3.75655092;"A";"Данные СберИндекса";"Неделя";"Спортивные товары";"2";"% г/г";"0"
"2026-07-05";-3.22985856;"A";"Данные СберИндекса";"Неделя";"Спортивные товары";"2";"% г/г";"0"
"2026-07-12";-1.84246891;"A";"Данные СберИндекса";"Неделя";"Спортивные товары";"2";"% г/г";"0"
"2026-07-19";-2.57779925;"A";"Данные СберИндекса";"Неделя";"Спортивные товары";"2";"% г/г";"0"
"2026-07-26";-1.57643711;"A";"Данные СберИндекса";"Неделя";"Спортивные товары";"2";"% г/г";"0"
"2026-08-02";-2.15147093;"A";"Данные СберИндекса";"Неделя";"Спортивные товары";"2";"% г/г";"0"
"2026-08-09";-2.31505177;"A";"Данные СберИндекса";"Неделя";"Спортивные товары";"2";"% г/г";"0"
"2026-08-16";2.03750522;"A";"Данные СберИндекса";"Неделя";"Спортивные товары";"2";"% г/г";"0"
"2026-08-23";1.68470221;"A";"Данные СберИндекса";"Неделя";"Спортивные товары";"2";"% г/г";"0"
"2026-08-30";2.59537529;"A";"Данные СберИндекса";"Неделя";"Спортивные товары";"2";"% г/г";"0"
"2026-09-06";6.69438385;"A";"Данные СберИндекса";"Неделя";"Спортивные товары";"2";"% г/г";"0"
"2026-09-13";5.00409882;"A";"Данные СберИндекса";"Неделя";"Спортивные товары";"2";"% г/г";"0"
"2026-09-20";1.83075074;"A";"Данные СберИндекса";"Неделя";"Спортивные товары";"2";"% г/г";"0"
"2026-09-27";-1.87896491;"A";"Данные СберИндекса";"Неделя";"Спортивные товары";"2";"% г/г";"0"
"2026-10-04";-1.33647252;"A";"Данные СберИндекса";"Неделя";"Спортивные товары";"2";"% г/г";"0"
"2023-11-12";13.98100667;"A";"Данные СберИндекса";"Неделя";"Продовольственные товары";"2";"% г/г";"0"
"2023-11-19";13.22872488;"A";"Данные СберИндекса";"Неделя";"Продовольственные товары";"2";"% г/г";"0"
"2023-11-26";14.14894428;"A";"Данные СберИндекса";"Неделя";"Продовольственные товары";"2";"% г/г";"0"
"2023-12-03";14.36144087;"A";"Данные СберИндекса";"Неделя";"Продовольственные товары";"2";"% г/г";"0"
"2023-12-10";14.45405871;"A";"Данные СберИндекса";"Неделя";"Продовольственные товары";"2";"% г/г";"0"
"2023-12-17";14.27289058;"A";"Данные СберИндекса";"Неделя";"Продовольственные товары";"2";"% г/г";"0"
"2023-12-24";13.66677349;"A";"Данные СберИндекса";"Неделя";"Продовольственные товары";"2";"% г/г";"0"
"2023-12-31";16.88440872;"A";"Данные СберИндекса";"Неделя";"Продовольственные товары";"2";"% г/г";"0"
"2024-01-07";9.53773933;"A";"Данные СберИндекса";"Неделя";"Продовольственные товары";"2";"% г/г";"0"
"2024-01-14";12.23726384;"A";"Данные СберИндекса";"Неделя";"Продовольственные товары";"2";"% г/г";"0"
"2024-01-21";14.43808545;"A";"Данные СберИндекса";"Неделя";"Продовольственные товары";"2";"% г/г";"0"
"2024-01-28";14.59613083;"A";"Данные СберИндекса";"Неделя";"Продовольственные товары";"2";"% г/г";"0"
"2024-02-04";15.25044292;"A";"Данные СберИндекса";"Неделя";"Продовольственные товары";"2";"% г/г";"0"
"2024-02-11";15.82490411;"A";"Данные СберИндекса";"Неделя";"Продовольственные товары";"2";"% г/г";"0"
"2024-02-18";15.6859226;"A";"Данные СберИндекса";"Неделя";"Продовольственные товары";"2";"% г/г";"0"
"2024-02-25";16.27548967;"A";"Данные СберИндекса";"Неделя";"Продовольственные товары";"2";"% г/г";"0"
"2024-03-03";14.90884768;"A";"Данные СберИндекса";"Неделя";"Продовольственные товары";"2";"% г/г";"0"
"2024-03-10";17.72427386;"A";"Данные СберИндекса";"Неделя";"Продовольственные товары";"2";"% г/г";"0"
"2024-03-17";15.04392628;"A";"Данные СберИндекса";"Неделя";"Продовольственные товары";"2";"% г/г";"0"
"2024-03-24";14.68920698;"A";"Данные СберИндекса";"Неделя";"Продовольственные товары";"2";"% г/г";"0"
"2024-03-31";16.33582455;"A";"Данные СберИндекса";"Неделя";"Продовольственные товары";"2";"% г/г";"0"
"2024-04-07";14.30586958;"A";"Данные СберИндекса";"Неделя";"Продовольственные товары";"2";"% г/г";"0"
"2024-04-14";10.85146257;"A";"Данные СберИндекса";"Неделя";"Продовольственные товары";"2";"% г/г";"0"
"2024-04-21";16.66718944;"A";"Данные СберИндекса";"Неделя";"Продовольственные товары";"2";"% г/г";"0"
"2024-04-28";15.61772776;"A";"Данные СберИндекса";"Неделя";"Продовольственные товары";"2";"% г/г";"0"
"2024-05-05";16.71692757;"A";"Данные СберИндекса";"Неделя";"Продовольственные товары";"2";"% г/г";"0"
"2024-05-12";14.74883457;"A";"Данные СберИндекса";"Неделя";"Продовольственные товары";"2";"% г/г";"0"
"2024-05-19";14.39317388;"A";"Данные СберИндекса";"Неделя";"Продовольственные товары";"2";"% г/г";"0"
"2024-05-26";15.32374819;"A";"Данные СберИндекса";"Неделя";"Продовольственные товары";"2";"% г/г";"0"
"2024-06-02";14.01469796;"A";"Данные СберИндекса";"Неделя";"Продовольственные товары";"2";"% г/г";"0"
"2024-06-09";14.39835636;"A";"Данные СберИндекса";"Неделя";"Продовольственные товары";"2";"% г/г";"0"
"2024-06-16";17.06934751;"A";"Данные СберИндекса";"Неделя";"Продовольственные товары";"2";"% г/г";"0"
"2024-06-23";15.5656567;"A";"Данные СберИндекса";"Неделя";"Продовольственные товары";"2";"% г/г";"0"
"2024-06-30";16.10318353;"A";"Данные СберИндекса";"Неделя";"Продовольственные товары";"2";"% г/г";"0"
"2024-07-07";15.79576861;"A";"Данные СберИндекса";"Неделя";"Продовольственные товары";"2";"% г/г";"0"
"2024-07-14";15.83968603;"A";"Данные СберИндекса";"Неделя";"Продовольственные товары";"2";"% г/г";"0"
"2024-07-21";17.1658803;"A";"Данные СберИндекса";"Неделя";"Продовольственные товары";"2";"% г/г";"0"
"2024-07-28";15.61395266;"A";"Данные СберИндекса";"Неделя";"Продовольственные товары";"2";"% г/г";"0"
"2024-08-04";14.21621394;"A";"Данные СберИндекса";"Неделя";"Продовольственные товары";"2";"% г/г";"0"
"2024-08-11";13.78810371;"A";"Данные СберИндекса";"Неделя";"Продовольственные товары";"2";"% г/г";"0"
"2024-08-18";14.50324303;"A";"Данные СберИндекса";"Неделя";"Продовольственные товары";"2";"% г/г";"0"
"2024-08-25";15.48117014;"A";"Данные СберИндекса";"Неделя";"Продовольственные товары";"2";"% г/г";"0"
"2024-09-01";13.92328086;"A";"Данные СберИндекса";"Неделя";"Продовольственные товары";"2";"% г/г";"0"
"2024-09-08";14.89139896;"A";"Данные СберИндекса";"Неделя";"Продовольственные товары";"2";"% г/г";"0"
"2024-09-15";15.19716139;"A";"Данные СберИндекса";"Неделя";"Продовольственные товары";"2";"% г/г";"0"
"2024-09-22";14.27915838;"A";"Данные СберИндекса";"Неделя";"Продовольственные товары";"2";"% г/г";"0"
"2024-09-29";13.66731273;"A";"Данные СберИндекса";"Неделя";"Продовольственные товары";"2";"% г/г";"0"
"2024-10-06";14.13304457;"A";"Данные СберИндекса";"Неделя";"Продовольственные товары";"2";"% г/г";"0"
"2024-10-13";13.02337012;"A";"Данные СберИндекса";"Неделя";"Продовольственные товары";"2";"% г/г";"0"
"2024-10-20";15.39717077;"A";"Данные СберИндекса";"Неделя";"Продовольственные товары";"2";"% г/г";"0"
"2024-10-27";15.18151333;"A";"Данные СберИндекса";"Неделя";"Продовольственные товары";"2";"% г/г";"0"
"2024-11-03";13.38120416;"A";"Данные СберИндекса";"Неделя";"Продовольственные товары";"2";"% г/г";"0"
"2024-11-10";14.78924662;"A";"Данные СберИндекса";"Неделя";"Продовольственные товары";"2";"% г/г";"0"
"2024-11-17";15.11827555;"A";"Данные СберИндекса";"Неделя";"Продовольственные товары";"2";"% г/г";"0"
"2024-11-24";14.48791799;"A";"Данные СберИндекса";"Неделя";"Продовольственные товары";"2";"% г/г";"0"
"2024-12-01";14.39595047;"A";"Данные СберИндекса";"Неделя";"Продовольственные товары";"2";"% г/г";"0"
"2024-12-08";14.67002986;"A";"Данные СберИндекса";"Неделя";"Продовольственные товары";"2";"% г/г";"0"
"2024-12-15";14.24453662;"A";"Данные СберИндекса";"Неделя";"Продовольственные товары";"2";"% г/г";"0"
"2024-12-22";12.69487869;"A";"Данные СберИндекса";"Неделя";"Продовольственные товары";"2";"% г/г";"0"
"2024-12-29";9.29257424;"A";"Данные СберИндекса";"Неделя";"Продовольственные товары";"2";"% г/г";"0"
"2025-01-05";34.90352992;"A";"Данные СберИндекса";"Неделя";"Продовольственные товары";"2";"% г/г";"0"
"2025-01-12";15.50369795;"A";"Данные СберИндекса";"Неделя";"Продовольственные товары";"2";"% г/г";"0"
"2025-01-19";15.08590793;"A";"Данные СберИндекса";"Неделя";"Продовольственные товары";"2";"% г/г";"0"
"2025-01-26";14.45858737;"A";"Данные СберИндекса";"Неделя";"Продовольственные товары";"2";"% г/г";"0"
"2025-02-02";12.82447004;"A";"Данные СберИндекса";"Неделя";"Продовольственные товары";"2";"% г/г";"0"
"2025-02-09";13.62079937;"A";"Данные СберИндекса";"Неделя";"Продовольственные товары";"2";"% г/г";"0"
"2025-02-16";13.68579909;"A";"Данные СберИндекса";"Неделя";"Продовольственные товары";"2";"% г/г";"0"
"2025-02-23";12.06096182;"A";"Данные СберИндекса";"Неделя";"Продовольственные товары";"2";"% г/г";"0"
"2025-03-02";11.74256821;"A";"Данные СберИндекса";"Неделя";"Продовольственные товары";"2";"% г/г";"0"
"2025-03-09";12.37224669;"A";"Данные СберИндекса";"Неделя";"Продовольственные товары";"2";"% г/г";"0"
"2025-03-16";13.68870919;"A";"Данные СберИндекса";"Неделя";"Продовольственные товары";"2";"% г/г";"0"
"2025-03-23";14.05655145;"A";"Данные СберИндекса";"Неделя";"Продовольственные товары";"2";"% г/г";"0"
"2025-03-30";13.55801579;"A";"Данные СберИндекса";"Неделя";"Продовольственные товары";"2";"% г/г";"0"
"2025-04-06";13.09070638;"A";"Данные СберИндекса";"Неделя";"Продовольственные товары";"2";"% г/г";"0"
"2025-04-13";13.39242816;"A";"Данные СберИндекса";"Неделя";"Продовольственные товары";"2";"% г/г";"0"
"2025-04-20";16.58896673;"A";"Данные СберИндекса";"Неделя";"Продовольственные товары";"2";"% г/г";"0"
"2025-04-27";9.60669014;"A";"Данные СберИндекса";"Неделя";"Продовольственные товары";"2";"% г/г";"0"
"2025-05-04";11.85293218;"A";"Данные СберИндекса";"Неделя";"Продовольственные товары";"2";"% г/г";"0"
"2025-05-11";14.41374164;"A";"Данные СберИндекса";"Неделя";"Продовольственные товары";"2";"% г/г";"0"
"2025-05-18";12.96974766;"A";"Данные СберИндекса";"Неделя";"Продовольственные товары";"2";"% г/г";"0"
"2025-05-25";12.62970015;"A";"Данные СберИндекса";"Неделя";"Продовольственные товары";"2";"% г/г";"0"
"2025-06-01";12.55101154;"A";"Данные СберИндекса";"Неделя";"Продовольственные товары";"2";"% г/г";"0"
"2025-06-08";11.77121525;"A";"Данные СберИндекса";"Неделя";"Продовольственные товары";"2";"% г/г";"0"
"2025-06-15";11.23071659;"A";"Данные СберИндекса";"Неделя";"Продовольственные товары";"2";"% г/г";"0"
"2025-06-22";9.91547729;"A";"Данные СберИндекса";"Неделя";"Продовольственные товары";"2";"% г/г";"0"
"2025-06-29";9.35031514;"A";"Данные СберИндекса";"Неделя";"Продовольственные товары";"2";"% г/г";"0"
"2025-07-06";8.99758323;"A";"Данные СберИндекса";"Неделя";"Продовольственные товары";"2";"% г/г";"0"
"2025-07-13";9.80620486;"A";"Данные СберИндекса";"Неделя";"Продовольственные товары";"2";"% г/г";"0"
"2025-07-20";9.57025383;"A";"Данные СберИндекса";"Неделя";"Продовольственные товары";"2";"% г/г";"0"
"2025-07-27";9.73996046;"A";"Данные СберИндекса";"Неделя";"Продовольственные товары";"2";"% г/г";"0"
"2025-08-03";9.59451244;"A";"Данные СберИндекса";"Неделя";"Продовольственные товары";"2";"% г/г";"0"
"2025-08-10";8.43463906;"A";"Данные СберИндекса";"Неделя";"Продовольственные товары";"2";"% г/г";"0"
"2025-08-17";7.82506403;"A";"Данные СберИндекса";"Неделя";"Продовольственные товары";"2";"% г/г";"0"
"2025-08-24";7.2767148;"A";"Данные СберИндекса";"Неделя";"Продовольственные товары";"2";"% г/г";"0"
"2025-08-31";7.56135605;"A";"Данные СберИндекса";"Неделя";"Продовольственные товары";"2";"% г/г";"0"
"2025-09-07";6.78229217;"A";"Данные СберИндекса";"Неделя";"Продовольственные товары";"2";"% г/г";"0"
"2025-09-14";6.30423927;"A";"Данные СберИндекса";"Неделя";"Продовольственные товары";"2";"% г/г";"0"
"2025-09-21";7.55006239;"A";"Данные СберИндекса";"Неделя";"Продовольственные товары";"2";"% г/г";"0"
"2025-09-28";6.88427692;"A";"Данные СберИндекса";"Неделя";"Продовольственные товары";"2";"% г/г";"0"
"2025-10-05";6.80099488;"A";"Данные СберИндекса";"Неделя";"Продовольственные товары";"2";"% г/г";"0"
"2025-10-12";6.68542437;"A";"Данные СберИндекса";"Неделя";"Продовольственные товары";"2";"% г/г";"0"
"2025-10-19";6.33103828;"A";"Данные СберИндекса";"Неделя";"Продовольственные товары";"2";"% г/г";"0"
"2025-10-26";6.6941505;"A";"Данные СберИндекса";"Неделя";"Продовольственные товары";"2";"% г/г";"0"
"2025-11-02";6.71503202;"A";"Данные СберИндекса";"Неделя";"Продовольственные товары";"2";"% г/г";"0"
"2025-11-09";4.08818367;"A";"Данные СберИндекса";"Неделя";"Продовольственные товары";"2";"% г/г";"0"
"2025-11-16";5.32281601;"A";"Данные СберИндекса";"Неделя";"Продовольственные товары";"2";"% г/г";"0"
"2025-11-23";4.74496958;"A";"Данные СберИндекса";"Неделя";"Продовольственные товары";"2";"% г/г";"0"
"2025-11-30";4.2920572;"A";"Данные СберИндекса";"Неделя";"Продовольственные товары";"2";"% г/г";"0"
"2025-12-07";3.0579312;"A";"Данные СберИндекса";"Неделя";"Продовольственные товары";"2";"% г/г";"0"
"2025-12-14";1.55835709;"A";"Данные СберИндекса";"Неделя";"Продовольственные товары";"2";"% г/г";"0"
"2025-12-21";2.68773927;"A";"Данные СберИндекса";"Неделя";"Продовольственные товары";"2";"% г/г";"0"
"2025-12-28";1.62410155;"A";"Данные СберИндекса";"Неделя";"Продовольственные товары";"2";"% г/г";"0"
"2026-01-04";11.14312063;"A";"Данные СберИндекса";"Неделя";"Продовольственные товары";"2";"% г/г";"0"
"2026-01-11";3.58956986;"A";"Данные СберИндекса";"Неделя";"Продовольственные товары";"2";"% г/г";"0"
"2026-01-18";3.69146119;"A";"Данные СберИндекса";"Неделя";"Продовольственные товары";"2";"% г/г";"0"
"2026-01-25";3.90938026;"A";"Данные СберИндекса";"Неделя";"Продовольственные товары";"2";"% г/г";"0"
"2026-02-01";3.76642726;"A";"Данные СберИндекса";"Неделя";"Продовольственные товары";"2";"% г/г";"0"
"2026-02-08";2.57054411;"A";"Данные СберИндекса";"Неделя";"Продовольственные товары";"2";"% г/г";"0"
"2026-02-15";3.87752123;"A";"Данные СберИндекса";"Неделя";"Продовольственные товары";"2";"% г/г";"0"
"2026-02-22";3.99866547;"A";"Данные СберИндекса";"Неделя";"Продовольственные товары";"2";"% г/г";"0"
"2026-03-01";3.58338292;"A";"Данные СберИндекса";"Неделя";"Продовольственные товары";"2";"% г/г";"0"
"2026-03-08";3.47983434;"A";"Данные СберИндекса";"Неделя";"Продовольственные товары";"2";"% г/г";"0"
"2026-03-15";3.03574814;"A";"Данные СберИндекса";"Неделя";"Продовольственные товары";"2";"% г/г";"0"
"2026-03-22";3.42263622;"A";"Данные СберИндекса";"Неделя";"Продовольственные товары";"2";"% г/г";"0"
"2026-03-29";3.0151116;"A";"Данные СберИндекса";"Неделя";"Продовольственные товары";"2";"% г/г";"0"
"2026-04-05";2.39692327;"A";"Данные СберИндекса";"Неделя";"Продовольственные товары";"2";"% г/г";"0"
"2026-04-12";4.24684668;"A";"Данные СберИндекса";"Неделя";"Продовольственные товары";"2";"% г/г";"0"
"2026-04-19";0.96187184;"A";"Данные СберИндекса";"Неделя";"Продовольственные товары";"2";"% г/г";"0"
"2026-04-26";4.27277393;"A";"Данные СберИндекса";"Неделя";"Продовольственные товары";"2";"% г/г";"0"
"2026-05-03";2.74216361;"A";"Данные СберИндекса";"Неделя";"Продовольственные товары";"2";"% г/г";"0"
"2026-05-10";1.56144898;"A";"Данные СберИндекса";"Неделя";"Продовольственные товары";"2";"% г/г";"0"
"2026-05-17";1.35685631;"A";"Данные СберИндекса";"Неделя";"Продовольственные товары";"2";"% г/г";"0"
"2026-05-24";4.80391522;"A";"Данные СберИндекса";"Неделя";"Продовольственные товары";"2";"% г/г";"0"
"2026-05-31";4.50070098;"A";"Данные СберИндекса";"Неделя";"Продовольственные товары";"2";"% г/г";"0"
"2026-06-07";2.76471832;"A";"Данные СберИндекса";"Неделя";"Продовольственные товары";"2";"% г/г";"0"
"2026-06-14";5.03092186;"A";"Данные СберИндекса";"Неделя";"Продовольственные товары";"2";"% г/г";"0"
"2026-06-21";5.96225548;"A";"Данные СберИндекса";"Неделя";"Продовольственные товары";"2";"% г/г";"0"
"2026-06-28";5.86394713;"A";"Данные СберИндекса";"Неделя";"Продовольственные товары";"2";"% г/г";"0"
"2026-07-05";4.99793237;"A";"Данные СберИндекса";"Неделя";"Продовольственные товары";"2";"% г/г";"0"
"2026-07-12";5.56575579;"A";"Данные СберИндекса";"Неделя";"Продовольственные товары";"2";"% г/г";"0"
"2026-07-19";6.02900372;"A";"Данные СберИндекса";"Неделя";"Продовольственные товары";"2";"% г/г";"0"
"2026-07-26";6.2611899;"A";"Данные СберИндекса";"Неделя";"Продовольственные товары";"2";"% г/г";"0"
"2026-08-02";5.5660844;"A";"Данные СберИндекса";"Неделя";"Продовольственные товары";"2";"% г/г";"0"
"2026-08-09";5.73584582;"A";"Данные СберИндекса";"Неделя";"Продовольственные товары";"2";"% г/г";"0"
"2026-08-16";8.37968991;"A";"Данные СберИндекса";"Неделя";"Продовольственные товары";"2";"% г/г";"0"
"2026-08-23";8.15127794;"A";"Данные СберИндекса";"Неделя";"Продовольственные товары";"2";"% г/г";"0"
"2026-08-30";7.6314809;"A";"Данные СберИндекса";"Неделя";"Продовольственные товары";"2";"% г/г";"0"
"2026-09-06";6.74189897;"A";"Данные СберИндекса";"Неделя";"Продовольственные товары";"2";"% г/г";"0"
"2026-09-13";5.71397564;"A";"Данные СберИндекса";"Неделя";"Продовольственные товары";"2";"% г/г";"0"
"2026-09-20";6.00716797;"A";"Данные СберИндекса";"Неделя";"Продовольственные товары";"2";"% г/г";"0"
"2026-09-27";6.11935367;"A";"Данные СберИндекса";"Неделя";"Продовольственные товары";"2";"% г/г";"0"
"2026-10-04";5.35404853;"A";"Данные СберИндекса";"Неделя";"Продовольственные товары";"2";"% г/г";"0"
"2023-11-12";26.4634666;"A";"Данные СберИндекса";"Неделя";"Непродовольственные товары";"2";"% г/г";"0"
"2023-11-19";24.87280378;"A";"Данные СберИндекса";"Неделя";"Непродовольственные товары";"2";"% г/г";"0"
"2023-11-26";25.66287568;"A";"Данные СберИндекса";"Неделя";"Непродовольственные товары";"2";"% г/г";"0"
"2023-12-03";24.81598688;"A";"Данные СберИндекса";"Неделя";"Непродовольственные товары";"2";"% г/г";"0"
"2023-12-10";24.53909223;"A";"Данные СберИндекса";"Неделя";"Непродовольственные товары";"2";"% г/г";"0"
"2023-12-17";24.5764988;"A";"Данные СберИндекса";"Неделя";"Непродовольственные товары";"2";"% г/г";"0"
"2023-12-24";24.65665721;"A";"Данные СберИндекса";"Неделя";"Непродовольственные товары";"2";"% г/г";"0"
"2023-12-31";29.58996805;"A";"Данные СберИндекса";"Неделя";"Непродовольственные товары";"2";"% г/г";"0"
"2024-01-07";13.5918716;"A";"Данные СберИндекса";"Неделя";"Непродовольственные товары";"2";"% г/г";"0"
"2024-01-14";21.16257932;"A";"Данные СберИндекса";"Неделя";"Непродовольственные товары";"2";"% г/г";"0"
"2024-01-21";22.0953743;"A";"Данные СберИндекса";"Неделя";"Непродовольственные товары";"2";"% г/г";"0"
"2024-01-28";21.818305;"A";"Данные СберИндекса";"Неделя";"Непродовольственные товары";"2";"% г/г";"0"
"2024-02-04";23.66692132;"A";"Данные СберИндекса";"Неделя";"Непродовольственные товары";"2";"% г/г";"0"
"2024-02-11";25.14661294;"A";"Данные СберИндекса";"Неделя";"Непродовольственные товары";"2";"% г/г";"0"
"2024-02-18";23.96471643;"A";"Данные СберИндекса";"Неделя";"Непродовольственные товары";"2";"% г/г";"0"
"2024-02-25";25.96206013;"A";"Данные СберИндекса";"Неделя";"Непродовольственные товары";"2";"% г/г";"0"
"2024-03-03";23.73480296;"A";"Данные СберИндекса";"Неделя";"Непродовольственные товары";"2";"% г/г";"0"
"2024-03-10";27.4814224;"A";"Данные СберИндекса";"Неделя";"Непродовольственные товары";"2";"% г/г";"0"
"2024-03-17";22.84625581;"A";"Данные СберИндекса";"Неделя";"Непродовольственные товары";"2";"% г/г";"0"
"2024-03-24";22.30711545;"A";"Данные СберИндекса";"Неделя";"Непродовольственные товары";"2";"% г/г";"0"
"2024-03-31";25.88136829;"A";"Данные СберИндекса";"Неделя";"Непродовольственные товары";"2";"% г/г";"0"
"2024-04-07";22.28168621;"A";"Данные СберИндекса";"Неделя";"Непродовольственные товары";"2";"% г/г";"0"
"2024-04-14";23.33548623;"A";"Данные СберИндекса";"Неделя";"Непродовольственные товары";"2";"% г/г";"0"
"2024-04-21";23.40535932;"A";"Данные СберИндекса";"Неделя";"Непродовольственные товары";"2";"% г/г";"0"
"2024-04-28";21.86262594;"A";"Данные СберИндекса";"Неделя";"Непродовольственные товары";"2";"% г/г";"0"
"2024-05-05";17.60822416;"A";"Данные СберИндекса";"Неделя";"Непродовольственные товары";"2";"% г/г";"0"
"2024-05-12";18.24443215;"A";"Данные СберИндекса";"Неделя";"Непродовольственные товары";"2";"% г/г";"0"
"2024-05-19";17.46852418;"A";"Данные СберИндекса";"Неделя";"Непродовольственные товары";"2";"% г/г";"0"
"2024-05-26";21.47983096;"A";"Данные СберИндекса";"Неделя";"Непродовольственные товары";"2";"% г/г";"0"
"2024-06-02";19.73304715;"A";"Данные СберИндекса";"Неделя";"Непродовольственные товары";"2";"% г/г";"0"
"2024-06-09";20.74649196;"A";"Данные СберИндекса";"Неделя";"Непродовольственные товары";"2";"% г/г";"0"
"2024-06-16";21.47593137;"A";"Данные СберИндекса";"Неделя";"Непродовольственные товары";"2";"% г/г";"0"
"2024-06-23";19.92066858;"A";"Данные СберИндекса";"Неделя";"Непродовольственные товары";"2";"% г/г";"0"
"2024-06-30";20.33297935;"A";"Данные СберИндекса";"Неделя";"Непродовольственные товары";"2";"% г/г";"0"
"2024-07-07";18.25583091;"A";"Данные СберИндекса";"Неделя";"Непродовольственные товары";"2";"% г/г";"0"
"2024-07-14";17.04195517;"A";"Данные СберИндекса";"Неделя";"Непродовольственные товары";"2";"% г/г";"0"
"2024-07-21";19.81943315;"A";"Данные СберИндекса";"Неделя";"Непродовольственные товары";"2";"% г/г";"0"
"2024-07-28";18.27319888;"A";"Данные СберИндекса";"Неделя";"Непродовольственные товары";"2";"% г/г";"0"
"2024-08-04";18.12007571;"A";"Данные СберИндекса";"Неделя";"Непродовольственные товары";"2";"% г/г";"0"
"2024-08-11";16.4903289;"A";"Данные СберИндекса";"Неделя";"Непродовольственные товары";"2";"% г/г";"0"
"2024-08-18";17.2590274;"A";"Данные СберИндекса";"Неделя";"Непродовольственные товары";"2";"% г/г";"0"
"2024-08-25";15.23350908;"A";"Данные СберИндекса";"Неделя";"Непродовольственные товары";"2";"% г/г";"0"
"2024-09-01";14.43694891;"A";"Данные СберИндекса";"Неделя";"Непродовольственные товары";"2";"% г/г";"0"
"2024-09-08";16.48311477;"A";"Данные СберИндекса";"Неделя";"Непродовольственные товары";"2";"% г/г";"0"
"2024-09-15";16.02211783;"A";"Данные СберИндекса";"Неделя";"Непродовольственные товары";"2";"% г/г";"0"
"2024-09-22";16.77779553;"A";"Данные СберИндекса";"Неделя";"Непродовольственные товары";"2";"% г/г";"0"
"2024-09-29";16.69344092;"A";"Данные СберИндекса";"Неделя";"Непродовольственные товары";"2";"% г/г";"0"
"2024-10-06";15.15962103;"A";"Данные СберИндекса";"Неделя";"Непродовольственные товары";"2";"% г/г";"0"
"2024-10-13";14.29323107;"A";"Данные СберИндекса";"Неделя";"Непродовольственные товары";"2";"% г/г";"0"
"2024-10-20";18.17392676;"A";"Данные СберИндекса";"Неделя";"Непродовольственные товары";"2";"% г/г";"0"
"2024-10-27";14.37608648;"A";"Данные СберИндекса";"Неделя";"Непродовольственные товары";"2";"% г/г";"0"
"2024-11-03";14.38251282;"A";"Данные СберИндекса";"Неделя";"Непродовольственные товары";"2";"% г/г";"0"
"2024-11-10";12.41858948;"A";"Данные СберИндекса";"Неделя";"Непродовольственные товары";"2";"% г/г";"0"
"2024-11-17";16.9587608;"A";"Данные СберИндекса";"Неделя";"Непродовольственные товары";"2";"% г/г";"0"
"2024-11-24";10.68616859;"A";"Данные СберИндекса";"Неделя";"Непродовольственные товары";"2";"% г/г";"0"
"2024-12-01";16.67878142;"A";"Данные СберИндекса";"Неделя";"Непродовольственные товары";"2";"% г/г";"0"
"2024-12-08";17.03798493;"A";"Данные СберИндекса";"Неделя";"Непродовольственные товары";"2";"% г/г";"0"
"2024-12-15";17.32181042;"A";"Данные СберИндекса";"Неделя";"Непродовольственные товары";"2";"% г/г";"0"
"2024-12-22";15.09854978;"A";"Данные СберИндекса";"Неделя";"Непродовольственные товары";"2";"% г/г";"0"
"2024-12-29";17.62448997;"A";"Данные СберИндекса";"Неделя";"Непродовольственные товары";"2";"% г/г";"0"
"2025-01-05";25.88002547;"A";"Данные СберИндекса";"Неделя";"Непродовольственные товары";"2";"% г/г";"0"
"2025-01-12";13.43476907;"A";"Данные СберИндекса";"Неделя";"Непродовольственные товары";"2";"% г/г";"0"
"2025-01-19";16.87832547;"A";"Данные СберИндекса";"Неделя";"Непродовольственные товары";"2";"% г/г";"0"
"2025-01-26";16.05013103;"A";"Данные СберИндекса";"Неделя";"Непродовольственные товары";"2";"% г/г";"0"
"2025-02-02";12.28488741;"A";"Данные СберИндекса";"Неделя";"Непродовольственные товары";"2";"% г/г";"0"
"2025-02-09";13.61053547;"A";"Данные СберИндекса";"Неделя";"Непродовольственные товары";"2";"% г/г";"0"
"2025-02-16";15.5505778;"A";"Данные СберИндекса";"Неделя";"Непродовольственные товары";"2";"% г/г";"0"
"2025-02-23";13.47014173;"A";"Данные СберИндекса";"Неделя";"Непродовольственные товары";"2";"% г/г";"0"
"2025-03-02";9.05819708;"A";"Данные СберИндекса";"Неделя";"Непродовольственные товары";"2";"% г/г";"0"
"2025-03-09";13.1646458;"A";"Данные СберИндекса";"Неделя";"Непродовольственные товары";"2";"% г/г";"0"
"2025-03-16";16.40029047;"A";"Данные СберИндекса";"Неделя";"Непродовольственные товары";"2";"% г/г";"0"
"2025-03-23";14.20748807;"A";"Данные СберИндекса";"Неделя";"Непродовольственные товары";"2";"% г/г";"0"
"2025-03-30";12.40430586;"A";"Данные СберИндекса";"Неделя";"Непродовольственные товары";"2";"% г/г";"0"
"2025-04-06";12.05252207;"A";"Данные СберИндекса";"Неделя";"Непродовольственные товары";"2";"% г/г";"0"
"2025-04-13";10.74925139;"A";"Данные СберИндекса";"Неделя";"Непродовольственные товары";"2";"% г/г";"0"
"2025-04-20";10.8828477;"A";"Данные СберИндекса";"Неделя";"Непродовольственные товары";"2";"% г/г";"0"
"2025-04-27";11.33607858;"A";"Данные СберИндекса";"Неделя";"Непродовольственные товары";"2";"% г/г";"0"
"2025-05-04";15.41848422;"A";"Данные СберИндекса";"Неделя";"Непродовольственные товары";"2";"% г/г";"0"
"2025-05-11";13.14350096;"A";"Данные СберИндекса";"Неделя";"Непродовольственные товары";"2";"% г/г";"0"
"2025-05-18";15.1183524;"A";"Данные СберИндекса";"Неделя";"Непродовольственные товары";"2";"% г/г";"0"
"2025-05-25";12.81038181;"A";"Данные СберИндекса";"Неделя";"Непродовольственные товары";"2";"% г/г";"0"
"2025-06-01";12.98772847;"A";"Данные СберИндекса";"Неделя";"Непродовольственные товары";"2";"% г/г";"0"
"2025-06-08";11.85705937;"A";"Данные СберИндекса";"Неделя";"Непродовольственные товары";"2";"% г/г";"0"
"2025-06-15";11.9731374;"A";"Данные СберИндекса";"Неделя";"Непродовольственные товары";"2";"% г/г";"0"
"2025-06-22";11.63549971;"A";"Данные СберИндекса";"Неделя";"Непродовольственные товары";"2";"% г/г";"0"
"2025-06-29";10.72808967;"A";"Данные СберИндекса";"Неделя";"Непродовольственные товары";"2";"% г/г";"0"
"2025-07-06";10.42405462;"A";"Данные СберИндекса";"Неделя";"Непродовольственные товары";"2";"% г/г";"0"
"2025-07-13";9.62335986;"A";"Данные СберИндекса";"Неделя";"Непродовольственные товары";"2";"% г/г";"0"
"2025-07-20";10.8680065;"A";"Данные СберИндекса";"Неделя";"Непродовольственные товары";"2";"% г/г";"0"
"2025-07-27";10.01486822;"A";"Данные СберИндекса";"Неделя";"Непродовольственные товары";"2";"% г/г";"0"
"2025-08-03";9.70809338;"A";"Данные СберИндекса";"Неделя";"Непродовольственные товары";"2";"% г/г";"0"
"2025-08-10";10.73117919;"A";"Данные СберИндекса";"Неделя";"Непродовольственные товары";"2";"% г/г";"0"
"2025-08-17";10.84575672;"A";"Данные СберИндекса";"Неделя";"Непродовольственные товары";"2";"% г/г";"0"
"2025-08-24";10.55162933;"A";"Данные СберИндекса";"Неделя";"Непродовольственные товары";"2";"% г/г";"0"
"2025-08-31";12.66357573;"A";"Данные СберИндекса";"Неделя";"Непродовольственные товары";"2";"% г/г";"0"
"2025-09-07";9.7953704;"A";"Данные СберИндекса";"Неделя";"Непродовольственные товары";"2";"% г/г";"0"
"2025-09-14";10.06849516;"A";"Данные СберИндекса";"Неделя";"Непродовольственные товары";"2";"% г/г";"0"
"2025-09-21";11.58690158;"A";"Данные СберИндекса";"Неделя";"Непродовольственные товары";"2";"% г/г";"0"
"2025-09-28";9.68663724;"A";"Данные СберИндекса";"Неделя";"Непродовольственные товары";"2";"% г/г";"0"
"2025-10-05";10.69727417;"A";"Данные СберИндекса";"Неделя";"Непродовольственные товары";"2";"% г/г";"0"
"2025-10-12";7.33207364;"A";"Данные СберИндекса";"Неделя";"Непродовольственные товары";"2";"% г/г";"0"
"2025-10-19";8.0582692;"A";"Данные СберИндекса";"Неделя";"Непродовольственные товары";"2";"% г/г";"0"
"2025-10-26";9.56493116;"A";"Данные СберИндекса";"Неделя";"Непродовольственные товары";"2";"% г/г";"0"
"2025-11-02";7.69946789;"A";"Данные СберИндекса";"Неделя";"Непродовольственные товары";"2";"% г/г";"0"
"2025-11-09";3.21444869;"A";"Данные СберИндекса";"Неделя";"Непродовольственные товары";"2";"% г/г";"0"
"2025-11-16";9.81180076;"A";"Данные СберИндекса";"Неделя";"Непродовольственные товары";"2";"% г/г";"0"
"2025-11-23";9.91574762;"A";"Данные СберИндекса";"Неделя";"Непродовольственные товары";"2";"% г/г";"0"
"2025-11-30";8.49532771;"A";"Данные СберИндекса";"Неделя";"Непродовольственные товары";"2";"% г/г";"0"
"2025-12-07";8.92335523;"A";"Данные СберИндекса";"Неделя";"Непродовольственные товары";"2";"% г/г";"0"
"2025-12-14";7.55425264;"A";"Данные СберИндекса";"Неделя";"Непродовольственные товары";"2";"% г/г";"0"
"2025-12-21";9.47463599;"A";"Данные СберИндекса";"Неделя";"Непродовольственные товары";"2";"% г/г";"0"
"2025-12-28";8.43683519;"A";"Данные СберИндекса";"Неделя";"Непродовольственные товары";"2";"% г/г";"0"
"2026-01-04";20.29778288;"A";"Данные СберИндекса";"Неделя";"Непродовольственные товары";"2";"% г/г";"0"
"2026-01-11";8.55607302;"A";"Данные СберИндекса";"Неделя";"Непродовольственные товары";"2";"% г/г";"0"
"2026-01-18";9.04154236;"A";"Данные СберИндекса";"Неделя";"Непродовольственные товары";"2";"% г/г";"0"
"2026-01-25";8.80755792;"A";"Данные СберИндекса";"Неделя";"Непродовольственные товары";"2";"% г/г";"0"
"2026-02-01";8.66801992;"A";"Данные СберИндекса";"Неделя";"Непродовольственные товары";"2";"% г/г";"0"
"2026-02-08";9.03280838;"A";"Данные СберИндекса";"Неделя";"Непродовольственные товары";"2";"% г/г";"0"
"2026-02-15";7.0836027;"A";"Данные СберИндекса";"Неделя";"Непродовольственные товары";"2";"% г/г";"0"
"2026-02-22";5.63346194;"A";"Данные СберИндекса";"Неделя";"Непродовольственные товары";"2";"% г/г";"0"
"2026-03-01";7.46625054;"A";"Данные СберИндекса";"Неделя";"Непродовольственные товары";"2";"% г/г";"0"
"2026-03-08";8.18729606;"A";"Данные СберИндекса";"Неделя";"Непродовольственные товары";"2";"% г/г";"0"
"2026-03-15";7.62737711;"A";"Данные СберИндекса";"Неделя";"Непродовольственные товары";"2";"% г/г";"0"
"2026-03-22";7.35474711;"A";"Данные СберИндекса";"Неделя";"Непродовольственные товары";"2";"% г/г";"0"
"2026-03-29";7.40315285;"A";"Данные СберИндекса";"Неделя";"Непродовольственные товары";"2";"% г/г";"0"
"2026-04-05";8.22823529;"A";"Данные СберИндекса";"Неделя";"Непродовольственные товары";"2";"% г/г";"0"
"2026-04-12";4.82894106;"A";"Данные СберИндекса";"Неделя";"Непродовольственные товары";"2";"% г/г";"0"
"2026-04-19";11.19494752;"A";"Данные СберИндекса";"Неделя";"Непродовольственные товары";"2";"% г/г";"0"
"2026-04-26";9.51512237;"A";"Данные СберИндекса";"Неделя";"Непродовольственные товары";"2";"% г/г";"0"
"2026-05-03";10.11874847;"A";"Данные СберИндекса";"Неделя";"Непродовольственные товары";"2";"% г/г";"0"
"2026-05-10";12.63126971;"A";"Данные СберИндекса";"Неделя";"Непродовольственные товары";"2";"% г/г";"0"
"2026-05-17";11.41004331;"A";"Данные СберИндекса";"Неделя";"Непродовольственные товары";"2";"% г/г";"0"
"2026-05-24";14.80026715;"A";"Данные СберИндекса";"Неделя";"Непродовольственные товары";"2";"% г/г";"0"
"2026-05-31";14.43763476;"A";"Данные СберИндекса";"Неделя";"Непродовольственные товары";"2";"% г/г";"0"
"2026-06-07";13.47424398;"A";"Данные СберИндекса";"Неделя";"Непродовольственные товары";"2";"% г/г";"0"
"2026-06-14";14.55262436;"A";"Данные СберИндекса";"Неделя";"Непродовольственные товары";"2";"% г/г";"0"
"2026-06-21";15.16315347;"A";"Данные СберИндекса";"Неделя";"Непродовольственные товары";"2";"% г/г";"0"
"2026-06-28";15.03950947;"A";"Данные СберИндекса";"Неделя";"Непродовольственные товары";"2";"% г/г";"0"
"2026-07-05";14.5150537;"A";"Данные СберИндекса";"Неделя";"Непродовольственные товары";"2";"% г/г";"0"
"2026-07-12";15.53458823;"A";"Данные СберИндекса";"Неделя";"Непродовольственные товары";"2";"% г/г";"0"
"2026-07-19";15.3853592;"A";"Данные СберИндекса";"Неделя";"Непродовольственные товары";"2";"% г/г";"0"
"2026-07-26";14.96664199;"A";"Данные СберИндекса";"Неделя";"Непродовольственные товары";"2";"% г/г";"0"
"2026-08-02";13.56106908;"A";"Данные СберИндекса";"Неделя";"Непродовольственные товары";"2";"% г/г";"0"
"2026-08-09";12.19466927;"A";"Данные СберИндекса";"Неделя";"Непродовольственные товары";"2";"% г/г";"0"
"2026-08-16";13.44827861;"A";"Данные СберИндекса";"Неделя";"Непродовольственные товары";"2";"% г/г";"0"
"2026-08-23";13.02415368;"A";"Данные СберИндекса";"Неделя";"Непродовольственные товары";"2";"% г/г";"0"
"2026-08-30";12.7154167;"A";"Данные СберИндекса";"Неделя";"Непродовольственные товары";"2";"% г/г";"0"
"2026-09-06";12.75391278;"A";"Данные СберИндекса";"Неделя";"Непродовольственные товары";"2";"% г/г";"0"
"2026-09-13";10.88206428;"A";"Данные СберИндекса";"Неделя";"Непродовольственные товары";"2";"% г/г";"0"
"2026-09-20";10.66861408;"A";"Данные СберИндекса";"Неделя";"Непродовольственные товары";"2";"% г/г";"0"
"2026-09-27";10.02391642;"A";"Данные СберИндекса";"Неделя";"Непродовольственные товары";"2";"% г/г";"0"
"2026-10-04";9.10279812;"A";"Данные СберИндекса";"Неделя";"Непродовольственные товары";"2";"% г/г";"0"
"2023-11-12";19.13364899;"A";"Данные СберИндекса";"Неделя";"Сервис и обслуживание автомобилей";"2";"% г/г";"0"
"2023-11-19";16.95896735;"A";"Данные СберИндекса";"Неделя";"Сервис и обслуживание автомобилей";"2";"% г/г";"0"
"2023-11-26";20.11470705;"A";"Данные СберИндекса";"Неделя";"Сервис и обслуживание автомобилей";"2";"% г/г";"0"
"2023-12-03";21.1243787;"A";"Данные СберИндекса";"Неделя";"Сервис и обслуживание автомобилей";"2";"% г/г";"0"
"2023-12-10";29.24779236;"A";"Данные СберИндекса";"Неделя";"Сервис и обслуживание автомобилей";"2";"% г/г";"0"
"2023-12-17";28.83808405;"A";"Данные СберИндекса";"Неделя";"Сервис и обслуживание автомобилей";"2";"% г/г";"0"
"2023-12-24";29.54239169;"A";"Данные СберИндекса";"Неделя";"Сервис и обслуживание автомобилей";"2";"% г/г";"0"
"2023-12-31";34.80976075;"A";"Данные СберИндекса";"Неделя";"Сервис и обслуживание автомобилей";"2";"% г/г";"0"
"2024-01-07";10.75770532;"A";"Данные СберИндекса";"Неделя";"Сервис и обслуживание автомобилей";"2";"% г/г";"0"
"2024-01-14";16.07970475;"A";"Данные СберИндекса";"Неделя";"Сервис и обслуживание автомобилей";"2";"% г/г";"0"
"2024-01-21";14.71601588;"A";"Данные СберИндекса";"Неделя";"Сервис и обслуживание автомобилей";"2";"% г/г";"0"
"2024-01-28";16.32757363;"A";"Данные СберИндекса";"Неделя";"Сервис и обслуживание автомобилей";"2";"% г/г";"0"
"2024-02-04";22.94523639;"A";"Данные СберИндекса";"Неделя";"Сервис и обслуживание автомобилей";"2";"% г/г";"0"
"2024-02-11";26.04457128;"A";"Данные СберИндекса";"Неделя";"Сервис и обслуживание автомобилей";"2";"% г/г";"0"
"2024-02-18";26.41897682;"A";"Данные СберИндекса";"Неделя";"Сервис и обслуживание автомобилей";"2";"% г/г";"0"
"2024-02-25";30.21580334;"A";"Данные СберИндекса";"Неделя";"Сервис и обслуживание автомобилей";"2";"% г/г";"0"
"2024-03-03";35.19745672;"A";"Данные СберИндекса";"Неделя";"Сервис и обслуживание автомобилей";"2";"% г/г";"0"
"2024-03-10";41.93393992;"A";"Данные СберИндекса";"Неделя";"Сервис и обслуживание автомобилей";"2";"% г/г";"0"
"2024-03-17";36.79939596;"A";"Данные СберИндекса";"Неделя";"Сервис и обслуживание автомобилей";"2";"% г/г";"0"
"2024-03-24";33.70093583;"A";"Данные СберИндекса";"Неделя";"Сервис и обслуживание автомобилей";"2";"% г/г";"0"
"2024-03-31";35.13468649;"A";"Данные СберИндекса";"Неделя";"Сервис и обслуживание автомобилей";"2";"% г/г";"0"
"2024-04-07";27.15136267;"A";"Данные СберИндекса";"Неделя";"Сервис и обслуживание автомобилей";"2";"% г/г";"0"
"2024-04-14";30.56528454;"A";"Данные СберИндекса";"Неделя";"Сервис и обслуживание автомобилей";"2";"% г/г";"0"
"2024-04-21";28.67412126;"A";"Данные СберИндекса";"Неделя";"Сервис и обслуживание автомобилей";"2";"% г/г";"0"
"2024-04-28";30.20901823;"A";"Данные СберИндекса";"Неделя";"Сервис и обслуживание автомобилей";"2";"% г/г";"0"
"2024-05-05";25.88433219;"A";"Данные СберИндекса";"Неделя";"Сервис и обслуживание автомобилей";"2";"% г/г";"0"
"2024-05-12";22.72454195;"A";"Данные СберИндекса";"Неделя";"Сервис и обслуживание автомобилей";"2";"% г/г";"0"
"2024-05-19";25.9516673;"A";"Данные СберИндекса";"Неделя";"Сервис и обслуживание автомобилей";"2";"% г/г";"0"
"2024-05-26";29.03496358;"A";"Данные СберИндекса";"Неделя";"Сервис и обслуживание автомобилей";"2";"% г/г";"0"
"2024-06-02";29.25275165;"A";"Данные СберИндекса";"Неделя";"Сервис и обслуживание автомобилей";"2";"% г/г";"0"
"2024-06-09";26.73331578;"A";"Данные СберИндекса";"Неделя";"Сервис и обслуживание автомобилей";"2";"% г/г";"0"
"2024-06-16";26.89954094;"A";"Данные СберИндекса";"Неделя";"Сервис и обслуживание автомобилей";"2";"% г/г";"0"
"2024-06-23";28.43124416;"A";"Данные СберИндекса";"Неделя";"Сервис и обслуживание автомобилей";"2";"% г/г";"0"
"2024-06-30";30.66267492;"A";"Данные СберИндекса";"Неделя";"Сервис и обслуживание автомобилей";"2";"% г/г";"0"
"2024-07-07";36.15082925;"A";"Данные СберИндекса";"Неделя";"Сервис и обслуживание автомобилей";"2";"% г/г";"0"
"2024-07-14";37.75598588;"A";"Данные СберИндекса";"Неделя";"Сервис и обслуживание автомобилей";"2";"% г/г";"0"
"2024-07-21";35.55511796;"A";"Данные СберИндекса";"Неделя";"Сервис и обслуживание автомобилей";"2";"% г/г";"0"
"2024-07-28";35.0653018;"A";"Данные СберИндекса";"Неделя";"Сервис и обслуживание автомобилей";"2";"% г/г";"0"
"2024-08-04";31.41960159;"A";"Данные СберИндекса";"Неделя";"Сервис и обслуживание автомобилей";"2";"% г/г";"0"
"2024-08-11";31.11492953;"A";"Данные СберИндекса";"Неделя";"Сервис и обслуживание автомобилей";"2";"% г/г";"0"
"2024-08-18";30.52695303;"A";"Данные СберИндекса";"Неделя";"Сервис и обслуживание автомобилей";"2";"% г/г";"0"
"2024-08-25";33.28340356;"A";"Данные СберИндекса";"Неделя";"Сервис и обслуживание автомобилей";"2";"% г/г";"0"
"2024-09-01";33.73060264;"A";"Данные СберИндекса";"Неделя";"Сервис и обслуживание автомобилей";"2";"% г/г";"0"
"2024-09-08";30.47170255;"A";"Данные СберИндекса";"Неделя";"Сервис и обслуживание автомобилей";"2";"% г/г";"0"
"2024-09-15";31.10301134;"A";"Данные СберИндекса";"Неделя";"Сервис и обслуживание автомобилей";"2";"% г/г";"0"
"2024-09-22";30.55135406;"A";"Данные СберИндекса";"Неделя";"Сервис и обслуживание автомобилей";"2";"% г/г";"0"
"2024-09-29";30.41343009;"A";"Данные СберИндекса";"Неделя";"Сервис и обслуживание автомобилей";"2";"% г/г";"0"
"2024-10-06";31.37705158;"A";"Данные СберИндекса";"Неделя";"Сервис и обслуживание автомобилей";"2";"% г/г";"0"
"2024-10-13";28.79979546;"A";"Данные СберИндекса";"Неделя";"Сервис и обслуживание автомобилей";"2";"% г/г";"0"
"2024-10-20";25.82294596;"A";"Данные СберИндекса";"Неделя";"Сервис и обслуживание автомобилей";"2";"% г/г";"0"
"2024-10-27";22.2907341;"A";"Данные СберИндекса";"Неделя";"Сервис и обслуживание автомобилей";"2";"% г/г";"0"
"2024-11-03";35.89710101;"A";"Данные СберИндекса";"Неделя";"Сервис и обслуживание автомобилей";"2";"% г/г";"0"
"2024-11-10";42.95933243;"A";"Данные СберИндекса";"Неделя";"Сервис и обслуживание автомобилей";"2";"% г/г";"0"
"2024-11-17";36.01374134;"A";"Данные СберИндекса";"Неделя";"Сервис и обслуживание автомобилей";"2";"% г/г";"0"
"2024-11-24";36.29877394;"A";"Данные СберИндекса";"Неделя";"Сервис и обслуживание автомобилей";"2";"% г/г";"0"
"2024-12-01";40.02286564;"A";"Данные СберИндекса";"Неделя";"Сервис и обслуживание автомобилей";"2";"% г/г";"0"
"2024-12-08";39.63863035;"A";"Данные СберИндекса";"Неделя";"Сервис и обслуживание автомобилей";"2";"% г/г";"0"
"2024-12-15";41.14992015;"A";"Данные СберИндекса";"Неделя";"Сервис и обслуживание автомобилей";"2";"% г/г";"0"
"2024-12-22";37.94939;"A";"Данные СберИндекса";"Неделя";"Сервис и обслуживание автомобилей";"2";"% г/г";"0"
"2024-12-29";39.52663596;"A";"Данные СберИндекса";"Неделя";"Сервис и обслуживание автомобилей";"2";"% г/г";"0"
"2025-01-05";39.84493919;"A";"Данные СберИндекса";"Неделя";"Сервис и обслуживание автомобилей";"2";"% г/г";"0"
"2025-01-12";33.32252207;"A";"Данные СберИндекса";"Неделя";"Сервис и обслуживание автомобилей";"2";"% г/г";"0"
"2025-01-19";39.09754641;"A";"Данные СберИндекса";"Неделя";"Сервис и обслуживание автомобилей";"2";"% г/г";"0"
"2025-01-26";40.74490295;"A";"Данные СберИндекса";"Неделя";"Сервис и обслуживание автомобилей";"2";"% г/г";"0"
"2025-02-02";36.36214289;"A";"Данные СберИндекса";"Неделя";"Сервис и обслуживание автомобилей";"2";"% г/г";"0"
"2025-02-09";35.89273669;"A";"Данные СберИндекса";"Неделя";"Сервис и обслуживание автомобилей";"2";"% г/г";"0"
"2025-02-16";35.28912809;"A";"Данные СберИндекса";"Неделя";"Сервис и обслуживание автомобилей";"2";"% г/г";"0"
"2025-02-23";35.54831267;"A";"Данные СберИндекса";"Неделя";"Сервис и обслуживание автомобилей";"2";"% г/г";"0"
"2025-03-02";30.19161516;"A";"Данные СберИндекса";"Неделя";"Сервис и обслуживание автомобилей";"2";"% г/г";"0"
"2025-03-09";27.6341747;"A";"Данные СберИндекса";"Неделя";"Сервис и обслуживание автомобилей";"2";"% г/г";"0"
"2025-03-16";29.24263604;"A";"Данные СберИндекса";"Неделя";"Сервис и обслуживание автомобилей";"2";"% г/г";"0"
"2025-03-23";30.46855927;"A";"Данные СберИндекса";"Неделя";"Сервис и обслуживание автомобилей";"2";"% г/г";"0"
"2025-03-30";29.7241308;"A";"Данные СберИндекса";"Неделя";"Сервис и обслуживание автомобилей";"2";"% г/г";"0"
"2025-04-06";15.95745265;"A";"Данные СберИндекса";"Неделя";"Сервис и обслуживание автомобилей";"2";"% г/г";"0"
"2025-04-13";8.76213766;"A";"Данные СберИндекса";"Неделя";"Сервис и обслуживание автомобилей";"2";"% г/г";"0"
"2025-04-20";20.67622024;"A";"Данные СберИндекса";"Неделя";"Сервис и обслуживание автомобилей";"2";"% г/г";"0"
"2025-04-27";18.20905779;"A";"Данные СберИндекса";"Неделя";"Сервис и обслуживание автомобилей";"2";"% г/г";"0"
"2025-05-04";21.80224831;"A";"Данные СберИндекса";"Неделя";"Сервис и обслуживание автомобилей";"2";"% г/г";"0"
"2025-05-11";26.64571567;"A";"Данные СберИндекса";"Неделя";"Сервис и обслуживание автомобилей";"2";"% г/г";"0"
"2025-05-18";25.61050125;"A";"Данные СберИндекса";"Неделя";"Сервис и обслуживание автомобилей";"2";"% г/г";"0"
"2025-05-25";25.82992952;"A";"Данные СберИндекса";"Неделя";"Сервис и обслуживание автомобилей";"2";"% г/г";"0"
"2025-06-01";26.25061328;"A";"Данные СберИндекса";"Неделя";"Сервис и обслуживание автомобилей";"2";"% г/г";"0"
"2025-06-08";25.86060857;"A";"Данные СберИндекса";"Неделя";"Сервис и обслуживание автомобилей";"2";"% г/г";"0"
"2025-06-15";22.24951683;"A";"Данные СберИндекса";"Неделя";"Сервис и обслуживание автомобилей";"2";"% г/г";"0"
"2025-06-22";22.21556748;"A";"Данные СберИндекса";"Неделя";"Сервис и обслуживание автомобилей";"2";"% г/г";"0"
"2025-06-29";21.74948191;"A";"Данные СберИндекса";"Неделя";"Сервис и обслуживание автомобилей";"2";"% г/г";"0"
"2025-07-06";21.52211151;"A";"Данные СберИндекса";"Неделя";"Сервис и обслуживание автомобилей";"2";"% г/г";"0"
"2025-07-13";22.57629931;"A";"Данные СберИндекса";"Неделя";"Сервис и обслуживание автомобилей";"2";"% г/г";"0"
"2025-07-20";23.45651312;"A";"Данные СберИндекса";"Неделя";"Сервис и обслуживание автомобилей";"2";"% г/г";"0"
"2025-07-27";23.08588416;"A";"Данные СберИндекса";"Неделя";"Сервис и обслуживание автомобилей";"2";"% г/г";"0"
"2025-08-03";21.72784968;"A";"Данные СберИндекса";"Неделя";"Сервис и обслуживание автомобилей";"2";"% г/г";"0"
"2025-08-10";16.84293284;"A";"Данные СберИндекса";"Неделя";"Сервис и обслуживание автомобилей";"2";"% г/г";"0"
"2025-08-17";16.3974359;"A";"Данные СберИндекса";"Неделя";"Сервис и обслуживание автомобилей";"2";"% г/г";"0"
"2025-08-24";15.98289681;"A";"Данные СберИндекса";"Неделя";"Сервис и обслуживание автомобилей";"2";"% г/г";"0"
"2025-08-31";16.37860952;"A";"Данные СберИндекса";"Неделя";"Сервис и обслуживание автомобилей";"2";"% г/г";"0"
"2025-09-07";19.28390446;"A";"Данные СберИндекса";"Неделя";"Сервис и обслуживание автомобилей";"2";"% г/г";"0"
"2025-09-14";18.49183195;"A";"Данные СберИндекса";"Неделя";"Сервис и обслуживание автомобилей";"2";"% г/г";"0"
"2025-09-21";19.84034252;"A";"Данные СберИндекса";"Неделя";"Сервис и обслуживание автомобилей";"2";"% г/г";"0"
"2025-09-28";18.2659855;"A";"Данные СберИндекса";"Неделя";"Сервис и обслуживание автомобилей";"2";"% г/г";"0"
"2025-10-05";19.34918134;"A";"Данные СберИндекса";"Неделя";"Сервис и обслуживание автомобилей";"2";"% г/г";"0"
"2025-10-12";17.00416088;"A";"Данные СберИндекса";"Неделя";"Сервис и обслуживание автомобилей";"2";"% г/г";"0"
"2025-10-19";16.13167046;"A";"Данные СберИндекса";"Неделя";"Сервис и обслуживание автомобилей";"2";"% г/г";"0"
"2025-10-26";18.095346;"A";"Данные СберИндекса";"Неделя";"Сервис и обслуживание автомобилей";"2";"% г/г";"0"
"2025-11-02";12.36220472;"A";"Данные СберИндекса";"Неделя";"Сервис и обслуживание автомобилей";"2";"% г/г";"0"
"2025-11-09";14.06617665;"A";"Данные СберИндекса";"Неделя";"Сервис и обслуживание автомобилей";"2";"% г/г";"0"
"2025-11-16";25.61153022;"A";"Данные СберИндекса";"Неделя";"Сервис и обслуживание автомобилей";"2";"% г/г";"0"
"2025-11-23";22.27853075;"A";"Данные СберИндекса";"Неделя";"Сервис и обслуживание автомобилей";"2";"% г/г";"0"
"2025-11-30";16.66451128;"A";"Данные СберИндекса";"Неделя";"Сервис и обслуживание автомобилей";"2";"% г/г";"0"
"2025-12-07";18.15733901;"A";"Данные СберИндекса";"Неделя";"Сервис и обслуживание автомобилей";"2";"% г/г";"0"
"2025-12-14";17.00565699;"A";"Данные СберИндекса";"Неделя";"Сервис и обслуживание автомобилей";"2";"% г/г";"0"
"2025-12-21";20.37517493;"A";"Данные СберИндекса";"Неделя";"Сервис и обслуживание автомобилей";"2";"% г/г";"0"
"2025-12-28";21.75589851;"A";"Данные СберИндекса";"Неделя";"Сервис и обслуживание автомобилей";"2";"% г/г";"0"
"2026-01-04";26.6600693;"A";"Данные СберИндекса";"Неделя";"Сервис и обслуживание автомобилей";"2";"% г/г";"0"
"2026-01-11";12.62070656;"A";"Данные СберИндекса";"Неделя";"Сервис и обслуживание автомобилей";"2";"% г/г";"0"
"2026-01-18";8.07602483;"A";"Данные СберИндекса";"Неделя";"Сервис и обслуживание автомобилей";"2";"% г/г";"0"
"2026-01-25";6.86204133;"A";"Данные СберИндекса";"Неделя";"Сервис и обслуживание автомобилей";"2";"% г/г";"0"
"2026-02-01";5.64336374;"A";"Данные СберИндекса";"Неделя";"Сервис и обслуживание автомобилей";"2";"% г/г";"0"
"2026-02-08";2.86354841;"A";"Данные СберИндекса";"Неделя";"Сервис и обслуживание автомобилей";"2";"% г/г";"0"
"2026-02-15";4.59389901;"A";"Данные СберИндекса";"Неделя";"Сервис и обслуживание автомобилей";"2";"% г/г";"0"
"2026-02-22";4.65754238;"A";"Данные СберИндекса";"Неделя";"Сервис и обслуживание автомобилей";"2";"% г/г";"0"
"2026-03-01";2.43261678;"A";"Данные СберИндекса";"Неделя";"Сервис и обслуживание автомобилей";"2";"% г/г";"0"
"2026-03-08";3.44631965;"A";"Данные СберИндекса";"Неделя";"Сервис и обслуживание автомобилей";"2";"% г/г";"0"
"2026-03-15";13.85496563;"A";"Данные СберИндекса";"Неделя";"Сервис и обслуживание автомобилей";"2";"% г/г";"0"
"2026-03-22";16.03083892;"A";"Данные СберИндекса";"Неделя";"Сервис и обслуживание автомобилей";"2";"% г/г";"0"
"2026-03-29";16.48968036;"A";"Данные СберИндекса";"Неделя";"Сервис и обслуживание автомобилей";"2";"% г/г";"0"
"2026-04-05";19.07812576;"A";"Данные СберИндекса";"Неделя";"Сервис и обслуживание автомобилей";"2";"% г/г";"0"
"2026-04-12";16.18363109;"A";"Данные СберИндекса";"Неделя";"Сервис и обслуживание автомобилей";"2";"% г/г";"0"
"2026-04-19";11.02048973;"A";"Данные СберИндекса";"Неделя";"Сервис и обслуживание автомобилей";"2";"% г/г";"0"
"2026-04-26";10.13130523;"A";"Данные СберИндекса";"Неделя";"Сервис и обслуживание автомобилей";"2";"% г/г";"0"
"2026-05-03";15.56231415;"A";"Данные СберИндекса";"Неделя";"Сервис и обслуживание автомобилей";"2";"% г/г";"0"
"2026-05-10";20.12398259;"A";"Данные СберИндекса";"Неделя";"Сервис и обслуживание автомобилей";"2";"% г/г";"0"
"2026-05-17";12.66469241;"A";"Данные СберИндекса";"Неделя";"Сервис и обслуживание автомобилей";"2";"% г/г";"0"
"2026-05-24";16.23098274;"A";"Данные СберИндекса";"Неделя";"Сервис и обслуживание автомобилей";"2";"% г/г";"0"
"2026-05-31";11.93232445;"A";"Данные СберИндекса";"Неделя";"Сервис и обслуживание автомобилей";"2";"% г/г";"0"
"2026-06-07";13.06473921;"A";"Данные СберИндекса";"Неделя";"Сервис и обслуживание автомобилей";"2";"% г/г";"0"
"2026-06-14";12.95053445;"A";"Данные СберИндекса";"Неделя";"Сервис и обслуживание автомобилей";"2";"% г/г";"0"
"2026-06-21";12.28862553;"A";"Данные СберИндекса";"Неделя";"Сервис и обслуживание автомобилей";"2";"% г/г";"0"
"2026-06-28";9.9944437;"A";"Данные СберИндекса";"Неделя";"Сервис и обслуживание автомобилей";"2";"% г/г";"0"
"2026-07-05";6.10306897;"A";"Данные СберИндекса";"Неделя";"Сервис и обслуживание автомобилей";"2";"% г/г";"0"
"2026-07-12";-1.99470974;"A";"Данные СберИндекса";"Неделя";"Сервис и обслуживание автомобилей";"2";"% г/г";"0"
"2026-07-19";-0.44574985;"A";"Данные СберИндекса";"Неделя";"Сервис и обслуживание автомобилей";"2";"% г/г";"0"
"2026-07-26";0.08471432;"A";"Данные СберИндекса";"Неделя";"Сервис и обслуживание автомобилей";"2";"% г/г";"0"
"2026-08-02";0.98713089;"A";"Данные СберИндекса";"Неделя";"Сервис и обслуживание автомобилей";"2";"% г/г";"0"
"2026-08-09";4.44431831;"A";"Данные СберИндекса";"Неделя";"Сервис и обслуживание автомобилей";"2";"% г/г";"0"
"2026-08-16";6.57246212;"A";"Данные СберИндекса";"Неделя";"Сервис и обслуживание автомобилей";"2";"% г/г";"0"
"2026-08-23";5.4090296;"A";"Данные СберИндекса";"Неделя";"Сервис и обслуживание автомобилей";"2";"% г/г";"0"
"2026-08-30";4.457254;"A";"Данные СберИндекса";"Неделя";"Сервис и обслуживание автомобилей";"2";"% г/г";"0"
"2026-09-06";2.72621869;"A";"Данные СберИндекса";"Неделя";"Сервис и обслуживание автомобилей";"2";"% г/г";"0"
"2026-09-13";2.21375836;"A";"Данные СберИндекса";"Неделя";"Сервис и обслуживание автомобилей";"2";"% г/г";"0"
"2026-09-20";2.70086325;"A";"Данные СберИндекса";"Неделя";"Сервис и обслуживание автомобилей";"2";"% г/г";"0"
"2026-09-27";5.27849182;"A";"Данные СберИндекса";"Неделя";"Сервис и обслуживание автомобилей";"2";"% г/г";"0"
"2026-10-04";3.08962428;"A";"Данные СберИндекса";"Неделя";"Сервис и обслуживание автомобилей";"2";"% г/г";"0"
"2023-11-12";15.21805354;"A";"Данные СберИндекса";"Неделя";"Топливо";"2";"% г/г";"0"
"2023-11-19";12.43945714;"A";"Данные СберИндекса";"Неделя";"Топливо";"2";"% г/г";"0"
"2023-11-26";14.55323796;"A";"Данные СберИндекса";"Неделя";"Топливо";"2";"% г/г";"0"
"2023-12-03";11.13875271;"A";"Данные СберИндекса";"Неделя";"Топливо";"2";"% г/г";"0"
"2023-12-10";17.02183332;"A";"Данные СберИндекса";"Неделя";"Топливо";"2";"% г/г";"0"
"2023-12-17";16.37914966;"A";"Данные СберИндекса";"Неделя";"Топливо";"2";"% г/г";"0"
"2023-12-24";13.78548853;"A";"Данные СберИндекса";"Неделя";"Топливо";"2";"% г/г";"0"
"2023-12-31";16.96830971;"A";"Данные СберИндекса";"Неделя";"Топливо";"2";"% г/г";"0"
"2024-01-07";10.48825641;"A";"Данные СберИндекса";"Неделя";"Топливо";"2";"% г/г";"0"
"2024-01-14";13.74867169;"A";"Данные СберИндекса";"Неделя";"Топливо";"2";"% г/г";"0"
"2024-01-21";14.26178678;"A";"Данные СберИндекса";"Неделя";"Топливо";"2";"% г/г";"0"
"2024-01-28";14.8037544;"A";"Данные СберИндекса";"Неделя";"Топливо";"2";"% г/г";"0"
"2024-02-04";14.84381025;"A";"Данные СберИндекса";"Неделя";"Топливо";"2";"% г/г";"0"
"2024-02-11";15.44321769;"A";"Данные СберИндекса";"Неделя";"Топливо";"2";"% г/г";"0"
"2024-02-18";17.00767768;"A";"Данные СберИндекса";"Неделя";"Топливо";"2";"% г/г";"0"
"2024-02-25";16.32743232;"A";"Данные СберИндекса";"Неделя";"Топливо";"2";"% г/г";"0"
"2024-03-03";15.7289938;"A";"Данные СберИндекса";"Неделя";"Топливо";"2";"% г/г";"0"
"2024-03-10";17.65748985;"A";"Данные СберИндекса";"Неделя";"Топливо";"2";"% г/г";"0"
"2024-03-17";14.76556991;"A";"Данные СберИндекса";"Неделя";"Топливо";"2";"% г/г";"0"
"2024-03-24";13.76832926;"A";"Данные СберИндекса";"Неделя";"Топливо";"2";"% г/г";"0"
"2024-03-31";14.71477523;"A";"Данные СберИндекса";"Неделя";"Топливо";"2";"% г/г";"0"
"2024-04-07";12.35467095;"A";"Данные СберИндекса";"Неделя";"Топливо";"2";"% г/г";"0"
"2024-04-14";11.86000225;"A";"Данные СберИндекса";"Неделя";"Топливо";"2";"% г/г";"0"
"2024-04-21";12.87415595;"A";"Данные СберИндекса";"Неделя";"Топливо";"2";"% г/г";"0"
"2024-04-28";13.87229226;"A";"Данные СберИндекса";"Неделя";"Топливо";"2";"% г/г";"0"
"2024-05-05";10.02084093;"A";"Данные СберИндекса";"Неделя";"Топливо";"2";"% г/г";"0"
"2024-05-12";13.31929859;"A";"Данные СберИндекса";"Неделя";"Топливо";"2";"% г/г";"0"
"2024-05-19";12.62501714;"A";"Данные СберИндекса";"Неделя";"Топливо";"2";"% г/г";"0"
"2024-05-26";13.15953194;"A";"Данные СберИндекса";"Неделя";"Топливо";"2";"% г/г";"0"
"2024-06-02";11.83764529;"A";"Данные СберИндекса";"Неделя";"Топливо";"2";"% г/г";"0"
"2024-06-09";10.87328191;"A";"Данные СберИндекса";"Неделя";"Топливо";"2";"% г/г";"0"
"2024-06-16";13.66217734;"A";"Данные СберИндекса";"Неделя";"Топливо";"2";"% г/г";"0"
"2024-06-23";13.34889059;"A";"Данные СберИндекса";"Неделя";"Топливо";"2";"% г/г";"0"
"2024-06-30";15.75593423;"A";"Данные СберИндекса";"Неделя";"Топливо";"2";"% г/г";"0"
"2024-07-07";15.93161456;"A";"Данные СберИндекса";"Неделя";"Топливо";"2";"% г/г";"0"
"2024-07-14";16.29659126;"A";"Данные СберИндекса";"Неделя";"Топливо";"2";"% г/г";"0"
"2024-07-21";17.54054014;"A";"Данные СберИндекса";"Неделя";"Топливо";"2";"% г/г";"0"
"2024-07-28";15.09124532;"A";"Данные СберИндекса";"Неделя";"Топливо";"2";"% г/г";"0"
"2024-08-04";12.55116136;"A";"Данные СберИндекса";"Неделя";"Топливо";"2";"% г/г";"0"
"2024-08-11";11.95202877;"A";"Данные СберИндекса";"Неделя";"Топливо";"2";"% г/г";"0"
"2024-08-18";12.09390447;"A";"Данные СберИндекса";"Неделя";"Топливо";"2";"% г/г";"0"
"2024-08-25";13.27913535;"A";"Данные СберИндекса";"Неделя";"Топливо";"2";"% г/г";"0"
"2024-09-01";13.90031912;"A";"Данные СберИндекса";"Неделя";"Топливо";"2";"% г/г";"0"
"2024-09-08";11.48393123;"A";"Данные СберИндекса";"Неделя";"Топливо";"2";"% г/г";"0"
"2024-09-15";11.4795799;"A";"Данные СберИндекса";"Неделя";"Топливо";"2";"% г/г";"0"
"2024-09-22";11.50336347;"A";"Данные СберИндекса";"Неделя";"Топливо";"2";"% г/г";"0"
"2024-09-29";10.9907141;"A";"Данные СберИндекса";"Неделя";"Топливо";"2";"% г/г";"0"
"2024-10-06";12.768201;"A";"Данные СберИндекса";"Неделя";"Топливо";"2";"% г/г";"0"
"2024-10-13";11.93834102;"A";"Данные СберИндекса";"Неделя";"Топливо";"2";"% г/г";"0"
"2024-10-20";13.73556899;"A";"Данные СберИндекса";"Неделя";"Топливо";"2";"% г/г";"0"
"2024-10-27";12.98927554;"A";"Данные СберИндекса";"Неделя";"Топливо";"2";"% г/г";"0"
"2024-11-03";14.0989377;"A";"Данные СберИндекса";"Неделя";"Топливо";"2";"% г/г";"0"
"2024-11-10";15.95194186;"A";"Данные СберИндекса";"Неделя";"Топливо";"2";"% г/г";"0"
"2024-11-17";15.04116021;"A";"Данные СберИндекса";"Неделя";"Топливо";"2";"% г/г";"0"
"2024-11-24";12.21117253;"A";"Данные СберИндекса";"Неделя";"Топливо";"2";"% г/г";"0"
"2024-12-01";14.99830176;"A";"Данные СберИндекса";"Неделя";"Топливо";"2";"% г/г";"0"
"2024-12-08";11.80844835;"A";"Данные СберИндекса";"Неделя";"Топливо";"2";"% г/г";"0"
"2024-12-15";14.9843509;"A";"Данные СберИндекса";"Неделя";"Топливо";"2";"% г/г";"0"
"2024-12-22";17.61391061;"A";"Данные СберИндекса";"Неделя";"Топливо";"2";"% г/г";"0"
"2024-12-29";17.35874048;"A";"Данные СберИндекса";"Неделя";"Топливо";"2";"% г/г";"0"
"2025-01-05";14.4271408;"A";"Данные СберИндекса";"Неделя";"Топливо";"2";"% г/г";"0"
"2025-01-12";9.80120762;"A";"Данные СберИндекса";"Неделя";"Топливо";"2";"% г/г";"0"
"2025-01-19";14.02659834;"A";"Данные СберИндекса";"Неделя";"Топливо";"2";"% г/г";"0"
"2025-01-26";15.51755343;"A";"Данные СберИндекса";"Неделя";"Топливо";"2";"% г/г";"0"
"2025-02-02";14.09463315;"A";"Данные СберИндекса";"Неделя";"Топливо";"2";"% г/г";"0"
"2025-02-09";15.62368787;"A";"Данные СберИндекса";"Неделя";"Топливо";"2";"% г/г";"0"
"2025-02-16";15.3678379;"A";"Данные СберИндекса";"Неделя";"Топливо";"2";"% г/г";"0"
"2025-02-23";15.46929028;"A";"Данные СберИндекса";"Неделя";"Топливо";"2";"% г/г";"0"
"2025-03-02";15.25212446;"A";"Данные СберИндекса";"Неделя";"Топливо";"2";"% г/г";"0"
"2025-03-09";14.70030557;"A";"Данные СберИндекса";"Неделя";"Топливо";"2";"% г/г";"0"
"2025-03-16";15.40916212;"A";"Данные СберИндекса";"Неделя";"Топливо";"2";"% г/г";"0"
"2025-03-23";16.57338803;"A";"Данные СберИндекса";"Неделя";"Топливо";"2";"% г/г";"0"
"2025-03-30";16.26964648;"A";"Данные СберИндекса";"Неделя";"Топливо";"2";"% г/г";"0"
"2025-04-06";13.59299609;"A";"Данные СберИндекса";"Неделя";"Топливо";"2";"% г/г";"0"
"2025-04-13";11.24963879;"A";"Данные СберИндекса";"Неделя";"Топливо";"2";"% г/г";"0"
"2025-04-20";13.54497638;"A";"Данные СберИндекса";"Неделя";"Топливо";"2";"% г/г";"0"
"2025-04-27";9.9684698;"A";"Данные СберИндекса";"Неделя";"Топливо";"2";"% г/г";"0"
"2025-05-04";17.17917518;"A";"Данные СберИндекса";"Неделя";"Топливо";"2";"% г/г";"0"
"2025-05-11";12.91022807;"A";"Данные СберИндекса";"Неделя";"Топливо";"2";"% г/г";"0"
"2025-05-18";12.17634771;"A";"Данные СберИндекса";"Неделя";"Топливо";"2";"% г/г";"0"
"2025-05-25";11.95650562;"A";"Данные СберИндекса";"Неделя";"Топливо";"2";"% г/г";"0"
"2025-06-01";12.06392958;"A";"Данные СберИндекса";"Неделя";"Топливо";"2";"% г/г";"0"
"2025-06-08";10.31758337;"A";"Данные СберИндекса";"Неделя";"Топливо";"2";"% г/г";"0"
"2025-06-15";10.28238974;"A";"Данные СберИндекса";"Неделя";"Топливо";"2";"% г/г";"0"
"2025-06-22";6.0129027;"A";"Данные СберИндекса";"Неделя";"Топливо";"2";"% г/г";"0"
"2025-06-29";4.93950726;"A";"Данные СберИндекса";"Неделя";"Топливо";"2";"% г/г";"0"
"2025-07-06";2.20971268;"A";"Данные СберИндекса";"Неделя";"Топливо";"2";"% г/г";"0"
"2025-07-13";2.9319581;"A";"Данные СберИндекса";"Неделя";"Топливо";"2";"% г/г";"0"
"2025-07-20";3.29273341;"A";"Данные СберИндекса";"Неделя";"Топливо";"2";"% г/г";"0"
"2025-07-27";3.18229366;"A";"Данные СберИндекса";"Неделя";"Топливо";"2";"% г/г";"0"
"2025-08-03";3.69689737;"A";"Данные СберИндекса";"Неделя";"Топливо";"2";"% г/г";"0"
"2025-08-10";1.83098958;"A";"Данные СберИндекса";"Неделя";"Топливо";"2";"% г/г";"0"
"2025-08-17";1.72762649;"A";"Данные СберИндекса";"Неделя";"Топливо";"2";"% г/г";"0"
"2025-08-24";1.57735785;"A";"Данные СберИндекса";"Неделя";"Топливо";"2";"% г/г";"0"
"2025-08-31";2.2749402;"A";"Данные СберИндекса";"Неделя";"Топливо";"2";"% г/г";"0"
"2025-09-07";2.4720548;"A";"Данные СберИндекса";"Неделя";"Топливо";"2";"% г/г";"0"
"2025-09-14";2.26368328;"A";"Данные СберИндекса";"Неделя";"Топливо";"2";"% г/г";"0"
"2025-09-21";2.99495973;"A";"Данные СберИндекса";"Неделя";"Топливо";"2";"% г/г";"0"
"2025-09-28";4.27983819;"A";"Данные СберИндекса";"Неделя";"Топливо";"2";"% г/г";"0"
"2025-10-05";5.63283689;"A";"Данные СберИндекса";"Неделя";"Топливо";"2";"% г/г";"0"
"2025-10-12";2.29098663;"A";"Данные СберИндекса";"Неделя";"Топливо";"2";"% г/г";"0"
"2025-10-19";4.05404009;"A";"Данные СберИндекса";"Неделя";"Топливо";"2";"% г/г";"0"
"2025-10-26";4.14570631;"A";"Данные СберИндекса";"Неделя";"Топливо";"2";"% г/г";"0"
"2025-11-02";2.86959557;"A";"Данные СберИндекса";"Неделя";"Топливо";"2";"% г/г";"0"
"2025-11-09";0.39135062;"A";"Данные СберИндекса";"Неделя";"Топливо";"2";"% г/г";"0"
"2025-11-16";2.69265946;"A";"Данные СберИндекса";"Неделя";"Топливо";"2";"% г/г";"0"
"2025-11-23";1.87134352;"A";"Данные СберИндекса";"Неделя";"Топливо";"2";"% г/г";"0"
"2025-11-30";0.95564964;"A";"Данные СберИндекса";"Неделя";"Топливо";"2";"% г/г";"0"
"2025-12-07";-0.61968147;"A";"Данные СберИндекса";"Неделя";"Топливо";"2";"% г/г";"0"
"2025-12-14";-0.10352962;"A";"Данные СберИндекса";"Неделя";"Топливо";"2";"% г/г";"0"
"2025-12-21";0.2795672;"A";"Данные СберИндекса";"Неделя";"Топливо";"2";"% г/г";"0"
"2025-12-28";1.87286242;"A";"Данные СберИндекса";"Неделя";"Топливо";"2";"% г/г";"0"
"2026-01-04";9.21569865;"A";"Данные СберИндекса";"Неделя";"Топливо";"2";"% г/г";"0"
"2026-01-11";3.16993434;"A";"Данные СберИндекса";"Неделя";"Топливо";"2";"% г/г";"0"
"2026-01-18";5.42932069;"A";"Данные СберИндекса";"Неделя";"Топливо";"2";"% г/г";"0"
"2026-01-25";4.90168617;"A";"Данные СберИндекса";"Неделя";"Топливо";"2";"% г/г";"0"
"2026-02-01";5.71867343;"A";"Данные СберИндекса";"Неделя";"Топливо";"2";"% г/г";"0"
"2026-02-08";3.36960463;"A";"Данные СберИндекса";"Неделя";"Топливо";"2";"% г/г";"0"
"2026-02-15";1.57950601;"A";"Данные СберИндекса";"Неделя";"Топливо";"2";"% г/г";"0"
"2026-02-22";1.56234334;"A";"Данные СберИндекса";"Неделя";"Топливо";"2";"% г/г";"0"
"2026-03-01";1.68202436;"A";"Данные СберИндекса";"Неделя";"Топливо";"2";"% г/г";"0"
"2026-03-08";2.24919252;"A";"Данные СберИндекса";"Неделя";"Топливо";"2";"% г/г";"0"
"2026-03-15";0.76254362;"A";"Данные СберИндекса";"Неделя";"Топливо";"2";"% г/г";"0"
"2026-03-22";0.00372543;"A";"Данные СберИндекса";"Неделя";"Топливо";"2";"% г/г";"0"
"2026-03-29";-0.34638182;"A";"Данные СберИндекса";"Неделя";"Топливо";"2";"% г/г";"0"
"2026-04-05";-0.10330724;"A";"Данные СберИндекса";"Неделя";"Топливо";"2";"% г/г";"0"
"2026-04-12";-0.06817525;"A";"Данные СберИндекса";"Неделя";"Топливо";"2";"% г/г";"0"
"2026-04-19";0.65914319;"A";"Данные СберИндекса";"Неделя";"Топливо";"2";"% г/г";"0"
"2026-04-26";-0.24572375;"A";"Данные СберИндекса";"Неделя";"Топливо";"2";"% г/г";"0"
"2026-05-03";0.03176012;"A";"Данные СберИндекса";"Неделя";"Топливо";"2";"% г/г";"0"
"2026-05-10";1.25574461;"A";"Данные СберИндекса";"Неделя";"Топливо";"2";"% г/г";"0"
"2026-05-17";1.3397659;"A";"Данные СберИндекса";"Неделя";"Топливо";"2";"% г/г";"0"
"2026-05-24";3.87602974;"A";"Данные СберИндекса";"Неделя";"Топливо";"2";"% г/г";"0"
"2026-05-31";3.88112484;"A";"Данные СберИндекса";"Неделя";"Топливо";"2";"% г/г";"0"
"2026-06-07";3.94417113;"A";"Данные СберИндекса";"Неделя";"Топливо";"2";"% г/г";"0"
"2026-06-14";12.45836941;"A";"Данные СберИндекса";"Неделя";"Топливо";"2";"% г/г";"0"
"2026-06-21";18.48882607;"A";"Данные СберИндекса";"Неделя";"Топливо";"2";"% г/г";"0"
"2026-06-28";18.77080379;"A";"Данные СберИндекса";"Неделя";"Топливо";"2";"% г/г";"0"
"2026-07-05";16.58779191;"A";"Данные СберИндекса";"Неделя";"Топливо";"2";"% г/г";"0"
"2026-07-12";14.46932575;"A";"Данные СберИндекса";"Неделя";"Топливо";"2";"% г/г";"0"
"2026-07-19";13.79101841;"A";"Данные СберИндекса";"Неделя";"Топливо";"2";"% г/г";"0"
"2026-07-26";12.94791068;"A";"Данные СберИндекса";"Неделя";"Топливо";"2";"% г/г";"0"
"2026-08-02";10.68189217;"A";"Данные СберИндекса";"Неделя";"Топливо";"2";"% г/г";"0"
"2026-08-09";10.1728484;"A";"Данные СберИндекса";"Неделя";"Топливо";"2";"% г/г";"0"
"2026-08-16";15.58781973;"A";"Данные СберИндекса";"Неделя";"Топливо";"2";"% г/г";"0"
"2026-08-23";15.48781863;"A";"Данные СберИндекса";"Неделя";"Топливо";"2";"% г/г";"0"
"2026-08-30";14.11221718;"A";"Данные СберИндекса";"Неделя";"Топливо";"2";"% г/г";"0"
"2026-09-06";12.03461353;"A";"Данные СберИндекса";"Неделя";"Топливо";"2";"% г/г";"0"
"2026-09-13";8.27498041;"A";"Данные СберИндекса";"Неделя";"Топливо";"2";"% г/г";"0"
"2026-09-20";3.50820762;"A";"Данные СберИндекса";"Неделя";"Топливо";"2";"% г/г";"0"
"2026-09-27";-0.14839706;"A";"Данные СберИндекса";"Неделя";"Топливо";"2";"% г/г";"0"
"2026-10-04";-1.22527884;"A";"Данные СберИндекса";"Неделя";"Топливо";"2";"% г/г";"0"
"2023-11-12";12.6323292;"A";"Данные СберИндекса";"Неделя";"Продовольственные магазины";"2";"% г/г";"0"
"2023-11-19";11.91989001;"A";"Данные СберИндекса";"Неделя";"Продовольственные магазины";"2";"% г/г";"0"
"2023-11-26";13.16413012;"A";"Данные СберИндекса";"Неделя";"Продовольственные магазины";"2";"% г/г";"0"
"2023-12-03";13.15899468;"A";"Данные СберИндекса";"Неделя";"Продовольственные магазины";"2";"% г/г";"0"
"2023-12-10";13.16212046;"A";"Данные СберИндекса";"Неделя";"Продовольственные магазины";"2";"% г/г";"0"
"2023-12-17";13.02131172;"A";"Данные СберИндекса";"Неделя";"Продовольственные магазины";"2";"% г/г";"0"
"2023-12-24";12.17559543;"A";"Данные СберИндекса";"Неделя";"Продовольственные магазины";"2";"% г/г";"0"
"2023-12-31";16.12146922;"A";"Данные СберИндекса";"Неделя";"Продовольственные магазины";"2";"% г/г";"0"
"2024-01-07";6.5268482;"A";"Данные СберИндекса";"Неделя";"Продовольственные магазины";"2";"% г/г";"0"
"2024-01-14";10.33239811;"A";"Данные СберИндекса";"Неделя";"Продовольственные магазины";"2";"% г/г";"0"
"2024-01-21";13.03245485;"A";"Данные СберИндекса";"Неделя";"Продовольственные магазины";"2";"% г/г";"0"
"2024-01-28";13.17161819;"A";"Данные СберИндекса";"Неделя";"Продовольственные магазины";"2";"% г/г";"0"
"2024-02-04";13.71977878;"A";"Данные СберИндекса";"Неделя";"Продовольственные магазины";"2";"% г/г";"0"
"2024-02-11";14.26619732;"A";"Данные СберИндекса";"Неделя";"Продовольственные магазины";"2";"% г/г";"0"
"2024-02-18";14.12132145;"A";"Данные СберИндекса";"Неделя";"Продовольственные магазины";"2";"% г/г";"0"
"2024-02-25";14.96117821;"A";"Данные СберИндекса";"Неделя";"Продовольственные магазины";"2";"% г/г";"0"
"2024-03-03";13.39845438;"A";"Данные СберИндекса";"Неделя";"Продовольственные магазины";"2";"% г/г";"0"
"2024-03-10";17.28971085;"A";"Данные СберИндекса";"Неделя";"Продовольственные магазины";"2";"% г/г";"0"
"2024-03-17";14.17019631;"A";"Данные СберИндекса";"Неделя";"Продовольственные магазины";"2";"% г/г";"0"
"2024-03-24";13.78857717;"A";"Данные СберИндекса";"Неделя";"Продовольственные магазины";"2";"% г/г";"0"
"2024-03-31";15.66810353;"A";"Данные СберИндекса";"Неделя";"Продовольственные магазины";"2";"% г/г";"0"
"2024-04-07";13.22287418;"A";"Данные СберИндекса";"Неделя";"Продовольственные магазины";"2";"% г/г";"0"
"2024-04-14";8.7524247;"A";"Данные СберИндекса";"Неделя";"Продовольственные магазины";"2";"% г/г";"0"
"2024-04-21";16.17212626;"A";"Данные СберИндекса";"Неделя";"Продовольственные магазины";"2";"% г/г";"0"
"2024-04-28";14.87910819;"A";"Данные СберИндекса";"Неделя";"Продовольственные магазины";"2";"% г/г";"0"
"2024-05-05";16.3057276;"A";"Данные СберИндекса";"Неделя";"Продовольственные магазины";"2";"% г/г";"0"
"2024-05-12";13.55849867;"A";"Данные СберИндекса";"Неделя";"Продовольственные магазины";"2";"% г/г";"0"
"2024-05-19";13.39156561;"A";"Данные СберИндекса";"Неделя";"Продовольственные магазины";"2";"% г/г";"0"
"2024-05-26";14.61568871;"A";"Данные СберИндекса";"Неделя";"Продовольственные магазины";"2";"% г/г";"0"
"2024-06-02";12.93929642;"A";"Данные СберИндекса";"Неделя";"Продовольственные магазины";"2";"% г/г";"0"
"2024-06-09";13.81109866;"A";"Данные СберИндекса";"Неделя";"Продовольственные магазины";"2";"% г/г";"0"
"2024-06-16";16.68023709;"A";"Данные СберИндекса";"Неделя";"Продовольственные магазины";"2";"% г/г";"0"
"2024-06-23";14.94033595;"A";"Данные СберИндекса";"Неделя";"Продовольственные магазины";"2";"% г/г";"0"
"2024-06-30";15.8212051;"A";"Данные СберИндекса";"Неделя";"Продовольственные магазины";"2";"% г/г";"0"
"2024-07-07";15.32724313;"A";"Данные СберИндекса";"Неделя";"Продовольственные магазины";"2";"% г/г";"0"
"2024-07-14";15.21486209;"A";"Данные СберИндекса";"Неделя";"Продовольственные магазины";"2";"% г/г";"0"
"2024-07-21";16.89683528;"A";"Данные СберИндекса";"Неделя";"Продовольственные магазины";"2";"% г/г";"0"
"2024-07-28";15.30275095;"A";"Данные СберИндекса";"Неделя";"Продовольственные магазины";"2";"% г/г";"0"
"2024-08-04";13.97180288;"A";"Данные СберИндекса";"Неделя";"Продовольственные магазины";"2";"% г/г";"0"
"2024-08-11";13.57197363;"A";"Данные СберИндекса";"Неделя";"Продовольственные магазины";"2";"% г/г";"0"
"2024-08-18";14.51780916;"A";"Данные СберИндекса";"Неделя";"Продовольственные магазины";"2";"% г/г";"0"
"2024-08-25";15.30937632;"A";"Данные СберИндекса";"Неделя";"Продовольственные магазины";"2";"% г/г";"0"
"2024-09-01";13.3236466;"A";"Данные СберИндекса";"Неделя";"Продовольственные магазины";"2";"% г/г";"0"
"2024-09-08";14.9605202;"A";"Данные СберИндекса";"Неделя";"Продовольственные магазины";"2";"% г/г";"0"
"2024-09-15";15.2784264;"A";"Данные СберИндекса";"Неделя";"Продовольственные магазины";"2";"% г/г";"0"
"2024-09-22";14.28310289;"A";"Данные СберИндекса";"Неделя";"Продовольственные магазины";"2";"% г/г";"0"
"2024-09-29";13.58880259;"A";"Данные СберИндекса";"Неделя";"Продовольственные магазины";"2";"% г/г";"0"
"2024-10-06";14.52277379;"A";"Данные СберИндекса";"Неделя";"Продовольственные магазины";"2";"% г/г";"0"
"2024-10-13";13.34140937;"A";"Данные СберИндекса";"Неделя";"Продовольственные магазины";"2";"% г/г";"0"
"2024-10-20";16.18114788;"A";"Данные СберИндекса";"Неделя";"Продовольственные магазины";"2";"% г/г";"0"
"2024-10-27";15.77284299;"A";"Данные СберИндекса";"Неделя";"Продовольственные магазины";"2";"% г/г";"0"
"2024-11-03";13.93511244;"A";"Данные СберИндекса";"Неделя";"Продовольственные магазины";"2";"% г/г";"0"
"2024-11-10";15.69302581;"A";"Данные СберИндекса";"Неделя";"Продовольственные магазины";"2";"% г/г";"0"
"2024-11-17";16.00986898;"A";"Данные СберИндекса";"Неделя";"Продовольственные магазины";"2";"% г/г";"0"
"2024-11-24";15.11994205;"A";"Данные СберИндекса";"Неделя";"Продовольственные магазины";"2";"% г/г";"0"
"2024-12-01";14.8630269;"A";"Данные СберИндекса";"Неделя";"Продовольственные магазины";"2";"% г/г";"0"
"2024-12-08";14.92841679;"A";"Данные СберИндекса";"Неделя";"Продовольственные магазины";"2";"% г/г";"0"
"2024-12-15";14.30571011;"A";"Данные СберИндекса";"Неделя";"Продовольственные магазины";"2";"% г/г";"0"
"2024-12-22";12.51165718;"A";"Данные СберИндекса";"Неделя";"Продовольственные магазины";"2";"% г/г";"0"
"2024-12-29";8.62801519;"A";"Данные СберИндекса";"Неделя";"Продовольственные магазины";"2";"% г/г";"0"
"2025-01-05";37.43451634;"A";"Данные СберИндекса";"Неделя";"Продовольственные магазины";"2";"% г/г";"0"
"2025-01-12";14.08561189;"A";"Данные СберИндекса";"Неделя";"Продовольственные магазины";"2";"% г/г";"0"
"2025-01-19";14.0177959;"A";"Данные СберИндекса";"Неделя";"Продовольственные магазины";"2";"% г/г";"0"
"2025-01-26";13.42264109;"A";"Данные СберИндекса";"Неделя";"Продовольственные магазины";"2";"% г/г";"0"
"2025-02-02";11.29293523;"A";"Данные СберИндекса";"Неделя";"Продовольственные магазины";"2";"% г/г";"0"
"2025-02-09";12.2142877;"A";"Данные СберИндекса";"Неделя";"Продовольственные магазины";"2";"% г/г";"0"
"2025-02-16";12.24832549;"A";"Данные СберИндекса";"Неделя";"Продовольственные магазины";"2";"% г/г";"0"
"2025-02-23";10.47159557;"A";"Данные СберИндекса";"Неделя";"Продовольственные магазины";"2";"% г/г";"0"
"2025-03-02";9.86581634;"A";"Данные СберИндекса";"Неделя";"Продовольственные магазины";"2";"% г/г";"0"
"2025-03-09";10.79008061;"A";"Данные СберИндекса";"Неделя";"Продовольственные магазины";"2";"% г/г";"0"
"2025-03-16";12.15009149;"A";"Данные СберИндекса";"Неделя";"Продовольственные магазины";"2";"% г/г";"0"
"2025-03-23";12.56791718;"A";"Данные СберИндекса";"Неделя";"Продовольственные магазины";"2";"% г/г";"0"
"2025-03-30";11.97203906;"A";"Данные СберИндекса";"Неделя";"Продовольственные магазины";"2";"% г/г";"0"
"2025-04-06";11.90913868;"A";"Данные СберИндекса";"Неделя";"Продовольственные магазины";"2";"% г/г";"0"
"2025-04-13";12.59002716;"A";"Данные СберИндекса";"Неделя";"Продовольственные магазины";"2";"% г/г";"0"
"2025-04-20";16.4092816;"A";"Данные СберИндекса";"Неделя";"Продовольственные магазины";"2";"% г/г";"0"
"2025-04-27";7.79764085;"A";"Данные СберИндекса";"Неделя";"Продовольственные магазины";"2";"% г/г";"0"
"2025-05-04";10.09793572;"A";"Данные СберИндекса";"Неделя";"Продовольственные магазины";"2";"% г/г";"0"
"2025-05-11";13.36174698;"A";"Данные СберИндекса";"Неделя";"Продовольственные магазины";"2";"% г/г";"0"
"2025-05-18";11.67121493;"A";"Данные СберИндекса";"Неделя";"Продовольственные магазины";"2";"% г/г";"0"
"2025-05-25";11.18192734;"A";"Данные СберИндекса";"Неделя";"Продовольственные магазины";"2";"% г/г";"0"
"2025-06-01";11.15860725;"A";"Данные СберИндекса";"Неделя";"Продовольственные магазины";"2";"% г/г";"0"
"2025-06-08";10.39534117;"A";"Данные СберИндекса";"Неделя";"Продовольственные магазины";"2";"% г/г";"0"
"2025-06-15";9.69006186;"A";"Данные СберИндекса";"Неделя";"Продовольственные магазины";"2";"% г/г";"0"
"2025-06-22";8.34926579;"A";"Данные СберИндекса";"Неделя";"Продовольственные магазины";"2";"% г/г";"0"
"2025-06-29";7.66422783;"A";"Данные СберИндекса";"Неделя";"Продовольственные магазины";"2";"% г/г";"0"
"2025-07-06";6.86144239;"A";"Данные СберИндекса";"Неделя";"Продовольственные магазины";"2";"% г/г";"0"
"2025-07-13";7.51452572;"A";"Данные СберИндекса";"Неделя";"Продовольственные магазины";"2";"% г/г";"0"
"2025-07-20";7.38145843;"A";"Данные СберИндекса";"Неделя";"Продовольственные магазины";"2";"% г/г";"0"
"2025-07-27";7.46615107;"A";"Данные СберИндекса";"Неделя";"Продовольственные магазины";"2";"% г/г";"0"
"2025-08-03";7.30438513;"A";"Данные СберИндекса";"Неделя";"Продовольственные магазины";"2";"% г/г";"0"
"2025-08-10";6.35767986;"A";"Данные СберИндекса";"Неделя";"Продовольственные магазины";"2";"% г/г";"0"
"2025-08-17";5.68574832;"A";"Данные СберИндекса";"Неделя";"Продовольственные магазины";"2";"% г/г";"0"
"2025-08-24";5.20551446;"A";"Данные СберИндекса";"Неделя";"Продовольственные магазины";"2";"% г/г";"0"
"2025-08-31";5.51930812;"A";"Данные СберИндекса";"Неделя";"Продовольственные магазины";"2";"% г/г";"0"
"2025-09-07";4.61980923;"A";"Данные СберИндекса";"Неделя";"Продовольственные магазины";"2";"% г/г";"0"
"2025-09-14";4.15632576;"A";"Данные СберИндекса";"Неделя";"Продовольственные магазины";"2";"% г/г";"0"
"2025-09-21";5.7214561;"A";"Данные СберИндекса";"Неделя";"Продовольственные магазины";"2";"% г/г";"0"
"2025-09-28";4.99401542;"A";"Данные СберИндекса";"Неделя";"Продовольственные магазины";"2";"% г/г";"0"
"2025-10-05";5.26262559;"A";"Данные СберИндекса";"Неделя";"Продовольственные магазины";"2";"% г/г";"0"
"2025-10-12";5.18190671;"A";"Данные СберИндекса";"Неделя";"Продовольственные магазины";"2";"% г/г";"0"
"2025-10-19";4.67690633;"A";"Данные СберИндекса";"Неделя";"Продовольственные магазины";"2";"% г/г";"0"
"2025-10-26";5.05460185;"A";"Данные СберИндекса";"Неделя";"Продовольственные магазины";"2";"% г/г";"0"
"2025-11-02";5.20734947;"A";"Данные СберИндекса";"Неделя";"Продовольственные магазины";"2";"% г/г";"0"
"2025-11-09";2.87112329;"A";"Данные СберИндекса";"Неделя";"Продовольственные магазины";"2";"% г/г";"0"
"2025-11-16";4.49747588;"A";"Данные СберИндекса";"Неделя";"Продовольственные магазины";"2";"% г/г";"0"
"2025-11-23";3.9734313;"A";"Данные СберИндекса";"Неделя";"Продовольственные магазины";"2";"% г/г";"0"
"2025-11-30";3.47493735;"A";"Данные СберИндекса";"Неделя";"Продовольственные магазины";"2";"% г/г";"0"
"2025-12-07";2.19956548;"A";"Данные СберИндекса";"Неделя";"Продовольственные магазины";"2";"% г/г";"0"
"2025-12-14";0.7259559;"A";"Данные СберИндекса";"Неделя";"Продовольственные магазины";"2";"% г/г";"0"
"2025-12-21";2.16130944;"A";"Данные СберИндекса";"Неделя";"Продовольственные магазины";"2";"% г/г";"0"
"2025-12-28";-0.13443701;"A";"Данные СберИндекса";"Неделя";"Продовольственные магазины";"2";"% г/г";"0"
"2026-01-04";10.60838885;"A";"Данные СберИндекса";"Неделя";"Продовольственные магазины";"2";"% г/г";"0"
"2026-01-11";2.77538033;"A";"Данные СберИндекса";"Неделя";"Продовольственные магазины";"2";"% г/г";"0"
"2026-01-18";3.70758953;"A";"Данные СберИндекса";"Неделя";"Продовольственные магазины";"2";"% г/г";"0"
"2026-01-25";3.94807821;"A";"Данные СберИндекса";"Неделя";"Продовольственные магазины";"2";"% г/г";"0"
"2026-02-01";3.90940343;"A";"Данные СберИндекса";"Неделя";"Продовольственные магазины";"2";"% г/г";"0"
"2026-02-08";2.6593281;"A";"Данные СберИндекса";"Неделя";"Продовольственные магазины";"2";"% г/г";"0"
"2026-02-15";3.13351186;"A";"Данные СберИндекса";"Неделя";"Продовольственные магазины";"2";"% г/г";"0"
"2026-02-22";3.28507874;"A";"Данные СберИндекса";"Неделя";"Продовольственные магазины";"2";"% г/г";"0"
"2026-03-01";2.87801229;"A";"Данные СберИндекса";"Неделя";"Продовольственные магазины";"2";"% г/г";"0"
"2026-03-08";3.43432864;"A";"Данные СберИндекса";"Неделя";"Продовольственные магазины";"2";"% г/г";"0"
"2026-03-15";2.58439621;"A";"Данные СберИндекса";"Неделя";"Продовольственные магазины";"2";"% г/г";"0"
"2026-03-22";3.0028231;"A";"Данные СберИндекса";"Неделя";"Продовольственные магазины";"2";"% г/г";"0"
"2026-03-29";2.49096393;"A";"Данные СберИндекса";"Неделя";"Продовольственные магазины";"2";"% г/г";"0"
"2026-04-05";2.21827373;"A";"Данные СберИндекса";"Неделя";"Продовольственные магазины";"2";"% г/г";"0"
"2026-04-12";4.64065125;"A";"Данные СберИндекса";"Неделя";"Продовольственные магазины";"2";"% г/г";"0"
"2026-04-19";-1.89499527;"A";"Данные СберИндекса";"Неделя";"Продовольственные магазины";"2";"% г/г";"0"
"2026-04-26";2.41597717;"A";"Данные СберИндекса";"Неделя";"Продовольственные магазины";"2";"% г/г";"0"
"2026-05-03";1.10562054;"A";"Данные СберИндекса";"Неделя";"Продовольственные магазины";"2";"% г/г";"0"
"2026-05-10";0.57340647;"A";"Данные СберИндекса";"Неделя";"Продовольственные магазины";"2";"% г/г";"0"
"2026-05-17";0.43539795;"A";"Данные СберИндекса";"Неделя";"Продовольственные магазины";"2";"% г/г";"0"
"2026-05-24";2.77792566;"A";"Данные СберИндекса";"Неделя";"Продовольственные магазины";"2";"% г/г";"0"
"2026-05-31";2.73186433;"A";"Данные СберИндекса";"Неделя";"Продовольственные магазины";"2";"% г/г";"0"
"2026-06-07";2.03522251;"A";"Данные СберИндекса";"Неделя";"Продовольственные магазины";"2";"% г/г";"0"
"2026-06-14";3.23818811;"A";"Данные СберИндекса";"Неделя";"Продовольственные магазины";"2";"% г/г";"0"
"2026-06-21";3.72729539;"A";"Данные СберИндекса";"Неделя";"Продовольственные магазины";"2";"% г/г";"0"
"2026-06-28";3.71290242;"A";"Данные СберИндекса";"Неделя";"Продовольственные магазины";"2";"% г/г";"0"
"2026-07-05";3.46892491;"A";"Данные СберИндекса";"Неделя";"Продовольственные магазины";"2";"% г/г";"0"
"2026-07-12";4.65821721;"A";"Данные СберИндекса";"Неделя";"Продовольственные магазины";"2";"% г/г";"0"
"2026-07-19";4.97805624;"A";"Данные СберИндекса";"Неделя";"Продовольственные магазины";"2";"% г/г";"0"
"2026-07-26";5.12877127;"A";"Данные СберИндекса";"Неделя";"Продовольственные магазины";"2";"% г/г";"0"
"2026-08-02";4.75912294;"A";"Данные СберИндекса";"Неделя";"Продовольственные магазины";"2";"% г/г";"0"
"2026-08-09";5.00774417;"A";"Данные СберИндекса";"Неделя";"Продовольственные магазины";"2";"% г/г";"0"
"2026-08-16";5.66275695;"A";"Данные СберИндекса";"Неделя";"Продовольственные магазины";"2";"% г/г";"0"
"2026-08-23";5.4772989;"A";"Данные СберИндекса";"Неделя";"Продовольственные магазины";"2";"% г/г";"0"
"2026-08-30";5.20824656;"A";"Данные СберИндекса";"Неделя";"Продовольственные магазины";"2";"% г/г";"0"
"2026-09-06";4.97550469;"A";"Данные СберИндекса";"Неделя";"Продовольственные магазины";"2";"% г/г";"0"
"2026-09-13";4.39564817;"A";"Данные СберИндекса";"Неделя";"Продовольственные магазины";"2";"% г/г";"0"
"2026-09-20";4.56504372;"A";"Данные СберИндекса";"Неделя";"Продовольственные магазины";"2";"% г/г";"0"
"2026-09-27";4.5795879;"A";"Данные СберИндекса";"Неделя";"Продовольственные магазины";"2";"% г/г";"0"
"2026-10-04";4.02471995;"A";"Данные СберИндекса";"Неделя";"Продовольственные магазины";"2";"% г/г";"0"
"2023-11-12";14.01666282;"A";"Данные СберИндекса";"Неделя";"Подарки и цветы";"2";"% г/г";"0"
"2023-11-19";11.33036136;"A";"Данные СберИндекса";"Неделя";"Подарки и цветы";"2";"% г/г";"0"
"2023-11-26";18.81367861;"A";"Данные СберИндекса";"Неделя";"Подарки и цветы";"2";"% г/г";"0"
"2023-12-03";14.57482331;"A";"Данные СберИндекса";"Неделя";"Подарки и цветы";"2";"% г/г";"0"
"2023-12-10";9.89586311;"A";"Данные СберИндекса";"Неделя";"Подарки и цветы";"2";"% г/г";"0"
"2023-12-17";7.64613698;"A";"Данные СберИндекса";"Неделя";"Подарки и цветы";"2";"% г/г";"0"
"2023-12-24";7.61272485;"A";"Данные СберИндекса";"Неделя";"Подарки и цветы";"2";"% г/г";"0"
"2023-12-31";11.82706299;"A";"Данные СберИндекса";"Неделя";"Подарки и цветы";"2";"% г/г";"0"
"2024-01-07";3.64722392;"A";"Данные СберИндекса";"Неделя";"Подарки и цветы";"2";"% г/г";"0"
"2024-01-14";8.38495234;"A";"Данные СберИндекса";"Неделя";"Подарки и цветы";"2";"% г/г";"0"
"2024-01-21";7.70211058;"A";"Данные СберИндекса";"Неделя";"Подарки и цветы";"2";"% г/г";"0"
"2024-01-28";9.18785836;"A";"Данные СберИндекса";"Неделя";"Подарки и цветы";"2";"% г/г";"0"
"2024-02-04";13.79002628;"A";"Данные СберИндекса";"Неделя";"Подарки и цветы";"2";"% г/г";"0"
"2024-02-11";14.20895889;"A";"Данные СберИндекса";"Неделя";"Подарки и цветы";"2";"% г/г";"0"
"2024-02-18";15.75523707;"A";"Данные СберИндекса";"Неделя";"Подарки и цветы";"2";"% г/г";"0"
"2024-02-25";13.88435573;"A";"Данные СберИндекса";"Неделя";"Подарки и цветы";"2";"% г/г";"0"
"2024-03-03";9.61047293;"A";"Данные СберИндекса";"Неделя";"Подарки и цветы";"2";"% г/г";"0"
"2024-03-10";22.87883564;"A";"Данные СберИндекса";"Неделя";"Подарки и цветы";"2";"% г/г";"0"
"2024-03-17";14.73647193;"A";"Данные СберИндекса";"Неделя";"Подарки и цветы";"2";"% г/г";"0"
"2024-03-24";13.28858441;"A";"Данные СберИндекса";"Неделя";"Подарки и цветы";"2";"% г/г";"0"
"2024-03-31";18.28990347;"A";"Данные СберИндекса";"Неделя";"Подарки и цветы";"2";"% г/г";"0"
"2024-04-07";14.25394301;"A";"Данные СберИндекса";"Неделя";"Подарки и цветы";"2";"% г/г";"0"
"2024-04-14";16.41101486;"A";"Данные СберИндекса";"Неделя";"Подарки и цветы";"2";"% г/г";"0"
"2024-04-21";12.53538078;"A";"Данные СберИндекса";"Неделя";"Подарки и цветы";"2";"% г/г";"0"
"2024-04-28";10.11757262;"A";"Данные СберИндекса";"Неделя";"Подарки и цветы";"2";"% г/г";"0"
"2024-05-05";9.68853239;"A";"Данные СберИндекса";"Неделя";"Подарки и цветы";"2";"% г/г";"0"
"2024-05-12";13.79887645;"A";"Данные СберИндекса";"Неделя";"Подарки и цветы";"2";"% г/г";"0"
"2024-05-19";13.86101204;"A";"Данные СберИндекса";"Неделя";"Подарки и цветы";"2";"% г/г";"0"
"2024-05-26";15.89405476;"A";"Данные СберИндекса";"Неделя";"Подарки и цветы";"2";"% г/г";"0"
"2024-06-02";12.68951846;"A";"Данные СберИндекса";"Неделя";"Подарки и цветы";"2";"% г/г";"0"
"2024-06-09";16.48266435;"A";"Данные СберИндекса";"Неделя";"Подарки и цветы";"2";"% г/г";"0"
"2024-06-16";16.65448632;"A";"Данные СберИндекса";"Неделя";"Подарки и цветы";"2";"% г/г";"0"
"2024-06-23";13.92220112;"A";"Данные СберИндекса";"Неделя";"Подарки и цветы";"2";"% г/г";"0"
"2024-06-30";14.9499395;"A";"Данные СберИндекса";"Неделя";"Подарки и цветы";"2";"% г/г";"0"
"2024-07-07";9.13069167;"A";"Данные СберИндекса";"Неделя";"Подарки и цветы";"2";"% г/г";"0"
"2024-07-14";10.40513936;"A";"Данные СберИндекса";"Неделя";"Подарки и цветы";"2";"% г/г";"0"
"2024-07-21";10.62152254;"A";"Данные СберИндекса";"Неделя";"Подарки и цветы";"2";"% г/г";"0"
"2024-07-28";10.74638594;"A";"Данные СберИндекса";"Неделя";"Подарки и цветы";"2";"% г/г";"0"
"2024-08-04";12.03670528;"A";"Данные СберИндекса";"Неделя";"Подарки и цветы";"2";"% г/г";"0"
"2024-08-11";9.5152335;"A";"Данные СберИндекса";"Неделя";"Подарки и цветы";"2";"% г/г";"0"
"2024-08-18";12.21294559;"A";"Данные СберИндекса";"Неделя";"Подарки и цветы";"2";"% г/г";"0"
"2024-08-25";9.0435562;"A";"Данные СберИндекса";"Неделя";"Подарки и цветы";"2";"% г/г";"0"
"2024-09-01";7.15589631;"A";"Данные СберИндекса";"Неделя";"Подарки и цветы";"2";"% г/г";"0"
"2024-09-08";16.29582462;"A";"Данные СберИндекса";"Неделя";"Подарки и цветы";"2";"% г/г";"0"
"2024-09-15";12.03428813;"A";"Данные СберИндекса";"Неделя";"Подарки и цветы";"2";"% г/г";"0"
"2024-09-22";13.52359723;"A";"Данные СберИндекса";"Неделя";"Подарки и цветы";"2";"% г/г";"0"
"2024-09-29";11.73539117;"A";"Данные СберИндекса";"Неделя";"Подарки и цветы";"2";"% г/г";"0"
"2024-10-06";9.90876287;"A";"Данные СберИндекса";"Неделя";"Подарки и цветы";"2";"% г/г";"0"
"2024-10-13";12.44001968;"A";"Данные СберИндекса";"Неделя";"Подарки и цветы";"2";"% г/г";"0"
"2024-10-20";13.38428107;"A";"Данные СберИндекса";"Неделя";"Подарки и цветы";"2";"% г/г";"0"
"2024-10-27";10.53401603;"A";"Данные СберИндекса";"Неделя";"Подарки и цветы";"2";"% г/г";"0"
"2024-11-03";9.67373028;"A";"Данные СберИндекса";"Неделя";"Подарки и цветы";"2";"% г/г";"0"
"2024-11-10";14.57543556;"A";"Данные СберИндекса";"Неделя";"Подарки и цветы";"2";"% г/г";"0"
"2024-11-17";15.59261262;"A";"Данные СберИндекса";"Неделя";"Подарки и цветы";"2";"% г/г";"0"
"2024-11-24";14.63214155;"A";"Данные СберИндекса";"Неделя";"Подарки и цветы";"2";"% г/г";"0"
"2024-12-01";13.47088064;"A";"Данные СберИндекса";"Неделя";"Подарки и цветы";"2";"% г/г";"0"
"2024-12-08";13.55524717;"A";"Данные СберИндекса";"Неделя";"Подарки и цветы";"2";"% г/г";"0"
"2024-12-15";11.67206658;"A";"Данные СберИндекса";"Неделя";"Подарки и цветы";"2";"% г/г";"0"
"2024-12-22";5.32397592;"A";"Данные СберИндекса";"Неделя";"Подарки и цветы";"2";"% г/г";"0"
"2024-12-29";0.50853637;"A";"Данные СберИндекса";"Неделя";"Подарки и цветы";"2";"% г/г";"0"
"2025-01-05";36.15982944;"A";"Данные СберИндекса";"Неделя";"Подарки и цветы";"2";"% г/г";"0"
"2025-01-12";17.69817136;"A";"Данные СберИндекса";"Неделя";"Подарки и цветы";"2";"% г/г";"0"
"2025-01-19";15.19367092;"A";"Данные СберИндекса";"Неделя";"Подарки и цветы";"2";"% г/г";"0"
"2025-01-26";13.92902341;"A";"Данные СберИндекса";"Неделя";"Подарки и цветы";"2";"% г/г";"0"
"2025-02-02";9.25555101;"A";"Данные СберИндекса";"Неделя";"Подарки и цветы";"2";"% г/г";"0"
"2025-02-09";10.59703524;"A";"Данные СберИндекса";"Неделя";"Подарки и цветы";"2";"% г/г";"0"
"2025-02-16";14.0649211;"A";"Данные СберИндекса";"Неделя";"Подарки и цветы";"2";"% г/г";"0"
"2025-02-23";7.58387318;"A";"Данные СберИндекса";"Неделя";"Подарки и цветы";"2";"% г/г";"0"
"2025-03-02";5.87731212;"A";"Данные СберИндекса";"Неделя";"Подарки и цветы";"2";"% г/г";"0"
"2025-03-09";12.83817893;"A";"Данные СберИндекса";"Неделя";"Подарки и цветы";"2";"% г/г";"0"
"2025-03-16";13.1405033;"A";"Данные СберИндекса";"Неделя";"Подарки и цветы";"2";"% г/г";"0"
"2025-03-23";10.01020407;"A";"Данные СберИндекса";"Неделя";"Подарки и цветы";"2";"% г/г";"0"
"2025-03-30";9.56852704;"A";"Данные СберИндекса";"Неделя";"Подарки и цветы";"2";"% г/г";"0"
"2025-04-06";2.74328661;"A";"Данные СберИндекса";"Неделя";"Подарки и цветы";"2";"% г/г";"0"
"2025-04-13";1.69288815;"A";"Данные СберИндекса";"Неделя";"Подарки и цветы";"2";"% г/г";"0"
"2025-04-20";6.29813863;"A";"Данные СберИндекса";"Неделя";"Подарки и цветы";"2";"% г/г";"0"
"2025-04-27";7.51491532;"A";"Данные СберИндекса";"Неделя";"Подарки и цветы";"2";"% г/г";"0"
"2025-05-04";11.15921003;"A";"Данные СберИндекса";"Неделя";"Подарки и цветы";"2";"% г/г";"0"
"2025-05-11";8.9995211;"A";"Данные СберИндекса";"Неделя";"Подарки и цветы";"2";"% г/г";"0"
"2025-05-18";9.08112667;"A";"Данные СберИндекса";"Неделя";"Подарки и цветы";"2";"% г/г";"0"
"2025-05-25";10.41041695;"A";"Данные СберИндекса";"Неделя";"Подарки и цветы";"2";"% г/г";"0"
"2025-06-01";9.12763684;"A";"Данные СберИндекса";"Неделя";"Подарки и цветы";"2";"% г/г";"0"
"2025-06-08";6.22147465;"A";"Данные СберИндекса";"Неделя";"Подарки и цветы";"2";"% г/г";"0"
"2025-06-15";5.50285601;"A";"Данные СберИндекса";"Неделя";"Подарки и цветы";"2";"% г/г";"0"
"2025-06-22";5.30115585;"A";"Данные СберИндекса";"Неделя";"Подарки и цветы";"2";"% г/г";"0"
"2025-06-29";6.01682912;"A";"Данные СберИндекса";"Неделя";"Подарки и цветы";"2";"% г/г";"0"
"2025-07-06";8.02368406;"A";"Данные СберИндекса";"Неделя";"Подарки и цветы";"2";"% г/г";"0"
"2025-07-13";4.81879336;"A";"Данные СберИндекса";"Неделя";"Подарки и цветы";"2";"% г/г";"0"
"2025-07-20";5.21204506;"A";"Данные СберИндекса";"Неделя";"Подарки и цветы";"2";"% г/г";"0"
"2025-07-27";4.24490123;"A";"Данные СберИндекса";"Неделя";"Подарки и цветы";"2";"% г/г";"0"
"2025-08-03";2.65445895;"A";"Данные СберИндекса";"Неделя";"Подарки и цветы";"2";"% г/г";"0"
"2025-08-10";4.4010749;"A";"Данные СберИндекса";"Неделя";"Подарки и цветы";"2";"% г/г";"0"
"2025-08-17";4.29075223;"A";"Данные СберИндекса";"Неделя";"Подарки и цветы";"2";"% г/г";"0"
"2025-08-24";6.35927569;"A";"Данные СберИндекса";"Неделя";"Подарки и цветы";"2";"% г/г";"0"
"2025-08-31";8.00615111;"A";"Данные СберИндекса";"Неделя";"Подарки и цветы";"2";"% г/г";"0"
"2025-09-07";0.93903826;"A";"Данные СберИндекса";"Неделя";"Подарки и цветы";"2";"% г/г";"0"
"2025-09-14";1.2576556;"A";"Данные СберИндекса";"Неделя";"Подарки и цветы";"2";"% г/г";"0"
"2025-09-21";1.37738893;"A";"Данные СберИндекса";"Неделя";"Подарки и цветы";"2";"% г/г";"0"
"2025-09-28";1.8124559;"A";"Данные СберИндекса";"Неделя";"Подарки и цветы";"2";"% г/г";"0"
"2025-10-05";-0.28484967;"A";"Данные СберИндекса";"Неделя";"Подарки и цветы";"2";"% г/г";"0"
"2025-10-12";-3.28003831;"A";"Данные СберИндекса";"Неделя";"Подарки и цветы";"2";"% г/г";"0"
"2025-10-19";-2.20705614;"A";"Данные СберИндекса";"Неделя";"Подарки и цветы";"2";"% г/г";"0"
"2025-10-26";-1.97468741;"A";"Данные СберИндекса";"Неделя";"Подарки и цветы";"2";"% г/г";"0"
"2025-11-02";-2.77216355;"A";"Данные СберИндекса";"Неделя";"Подарки и цветы";"2";"% г/г";"0"
"2025-11-09";-6.7852031;"A";"Данные СберИндекса";"Неделя";"Подарки и цветы";"2";"% г/г";"0"
"2025-11-16";-3.08663761;"A";"Данные СберИндекса";"Неделя";"Подарки и цветы";"2";"% г/г";"0"
"2025-11-23";-18.60720793;"A";"Данные СберИндекса";"Неделя";"Подарки и цветы";"2";"% г/г";"0"
"2025-11-30";30.48226797;"A";"Данные СберИндекса";"Неделя";"Подарки и цветы";"2";"% г/г";"0"
"2025-12-07";-0.93392176;"A";"Данные СберИндекса";"Неделя";"Подарки и цветы";"2";"% г/г";"0"
"2025-12-14";-5.23688693;"A";"Данные СберИндекса";"Неделя";"Подарки и цветы";"2";"% г/г";"0"
"2025-12-21";-5.66922602;"A";"Данные СберИндекса";"Неделя";"Подарки и цветы";"2";"% г/г";"0"
"2025-12-28";-8.40369267;"A";"Данные СберИндекса";"Неделя";"Подарки и цветы";"2";"% г/г";"0"
"2026-01-04";1.76796485;"A";"Данные СберИндекса";"Неделя";"Подарки и цветы";"2";"% г/г";"0"
"2026-01-11";-3.84474981;"A";"Данные СберИндекса";"Неделя";"Подарки и цветы";"2";"% г/г";"0"
"2026-01-18";-6.02471691;"A";"Данные СберИндекса";"Неделя";"Подарки и цветы";"2";"% г/г";"0"
"2026-01-25";-6.25826147;"A";"Данные СберИндекса";"Неделя";"Подарки и цветы";"2";"% г/г";"0"
"2026-02-01";-6.90676256;"A";"Данные СберИндекса";"Неделя";"Подарки и цветы";"2";"% г/г";"0"
"2026-02-08";-6.91963777;"A";"Данные СберИндекса";"Неделя";"Подарки и цветы";"2";"% г/г";"0"
"2026-02-15";-3.00321035;"A";"Данные СберИндекса";"Неделя";"Подарки и цветы";"2";"% г/г";"0"
"2026-02-22";-4.34432966;"A";"Данные СберИндекса";"Неделя";"Подарки и цветы";"2";"% г/г";"0"
"2026-03-01";-2.03423605;"A";"Данные СберИндекса";"Неделя";"Подарки и цветы";"2";"% г/г";"0"
"2026-03-08";-1.29324747;"A";"Данные СберИндекса";"Неделя";"Подарки и цветы";"2";"% г/г";"0"
"2026-03-15";2.02390585;"A";"Данные СберИндекса";"Неделя";"Подарки и цветы";"2";"% г/г";"0"
"2026-03-22";-0.1194335;"A";"Данные СберИндекса";"Неделя";"Подарки и цветы";"2";"% г/г";"0"
"2026-03-29";-1.43018423;"A";"Данные СберИндекса";"Неделя";"Подарки и цветы";"2";"% г/г";"0"
"2026-04-05";0.12093996;"A";"Данные СберИндекса";"Неделя";"Подарки и цветы";"2";"% г/г";"0"
"2026-04-12";-2.37344391;"A";"Данные СберИндекса";"Неделя";"Подарки и цветы";"2";"% г/г";"0"
"2026-04-19";-2.59753678;"A";"Данные СберИндекса";"Неделя";"Подарки и цветы";"2";"% г/г";"0"
"2026-04-26";-2.17480864;"A";"Данные СберИндекса";"Неделя";"Подарки и цветы";"2";"% г/г";"0"
"2026-05-03";-3.8921129;"A";"Данные СберИндекса";"Неделя";"Подарки и цветы";"2";"% г/г";"0"
"2026-05-10";0.19148087;"A";"Данные СберИндекса";"Неделя";"Подарки и цветы";"2";"% г/г";"0"
"2026-05-17";-3.75726591;"A";"Данные СберИндекса";"Неделя";"Подарки и цветы";"2";"% г/г";"0"
"2026-05-24";1.91823162;"A";"Данные СберИндекса";"Неделя";"Подарки и цветы";"2";"% г/г";"0"
"2026-05-31";2.66485051;"A";"Данные СберИндекса";"Неделя";"Подарки и цветы";"2";"% г/г";"0"
"2026-06-07";1.79325009;"A";"Данные СберИндекса";"Неделя";"Подарки и цветы";"2";"% г/г";"0"
"2026-06-14";-0.70231693;"A";"Данные СберИндекса";"Неделя";"Подарки и цветы";"2";"% г/г";"0"
"2026-06-21";-0.55967415;"A";"Данные СберИндекса";"Неделя";"Подарки и цветы";"2";"% г/г";"0"
"2026-06-28";-0.61831057;"A";"Данные СберИндекса";"Неделя";"Подарки и цветы";"2";"% г/г";"0"
"2026-07-05";-1.09245446;"A";"Данные СберИндекса";"Неделя";"Подарки и цветы";"2";"% г/г";"0"
"2026-07-12";2.9755935;"A";"Данные СберИндекса";"Неделя";"Подарки и цветы";"2";"% г/г";"0"
"2026-07-19";3.1118774;"A";"Данные СберИндекса";"Неделя";"Подарки и цветы";"2";"% г/г";"0"
"2026-07-26";3.16926804;"A";"Данные СберИндекса";"Неделя";"Подарки и цветы";"2";"% г/г";"0"
"2026-08-02";2.82680722;"A";"Данные СберИндекса";"Неделя";"Подарки и цветы";"2";"% г/г";"0"
"2026-08-09";3.06765479;"A";"Данные СберИндекса";"Неделя";"Подарки и цветы";"2";"% г/г";"0"
"2026-08-16";7.36075376;"A";"Данные СберИндекса";"Неделя";"Подарки и цветы";"2";"% г/г";"0"
"2026-08-23";6.90241409;"A";"Данные СберИндекса";"Неделя";"Подарки и цветы";"2";"% г/г";"0"
"2026-08-30";6.56320891;"A";"Данные СберИндекса";"Неделя";"Подарки и цветы";"2";"% г/г";"0"
"2026-09-06";9.27602826;"A";"Данные СберИндекса";"Неделя";"Подарки и цветы";"2";"% г/г";"0"
"2026-09-13";7.64269106;"A";"Данные СберИндекса";"Неделя";"Подарки и цветы";"2";"% г/г";"0"
"2026-09-20";6.36234448;"A";"Данные СберИндекса";"Неделя";"Подарки и цветы";"2";"% г/г";"0"
"2026-09-27";5.62787796;"A";"Данные СберИндекса";"Неделя";"Подарки и цветы";"2";"% г/г";"0"
"2026-10-04";5.23813729;"A";"Данные СберИндекса";"Неделя";"Подарки и цветы";"2";"% г/г";"0"
"2023-11-12";66.03309273;"A";"Данные СберИндекса";"Неделя";"Маркетплейсы";"2";"% г/г";"0"
"2023-11-19";72.96504196;"A";"Данные СберИндекса";"Неделя";"Маркетплейсы";"2";"% г/г";"0"
"2023-11-26";65.91576634;"A";"Данные СберИндекса";"Неделя";"Маркетплейсы";"2";"% г/г";"0"
"2023-12-03";67.49282269;"A";"Данные СберИндекса";"Неделя";"Маркетплейсы";"2";"% г/г";"0"
"2023-12-10";65.95757356;"A";"Данные СберИндекса";"Неделя";"Маркетплейсы";"2";"% г/г";"0"
"2023-12-17";67.87743681;"A";"Данные СберИндекса";"Неделя";"Маркетплейсы";"2";"% г/г";"0"
"2023-12-24";70.8975618;"A";"Данные СберИндекса";"Неделя";"Маркетплейсы";"2";"% г/г";"0"
"2023-12-31";81.6837587;"A";"Данные СберИндекса";"Неделя";"Маркетплейсы";"2";"% г/г";"0"
"2024-01-07";54.77098275;"A";"Данные СберИндекса";"Неделя";"Маркетплейсы";"2";"% г/г";"0"
"2024-01-14";59.25064544;"A";"Данные СберИндекса";"Неделя";"Маркетплейсы";"2";"% г/г";"0"
"2024-01-21";59.20034844;"A";"Данные СберИндекса";"Неделя";"Маркетплейсы";"2";"% г/г";"0"
"2024-01-28";57.89623825;"A";"Данные СберИндекса";"Неделя";"Маркетплейсы";"2";"% г/г";"0"
"2024-02-04";62.83446329;"A";"Данные СберИндекса";"Неделя";"Маркетплейсы";"2";"% г/г";"0"
"2024-02-11";66.34131914;"A";"Данные СберИндекса";"Неделя";"Маркетплейсы";"2";"% г/г";"0"
"2024-02-18";63.72973347;"A";"Данные СберИндекса";"Неделя";"Маркетплейсы";"2";"% г/г";"0"
"2024-02-25";67.82250897;"A";"Данные СберИндекса";"Неделя";"Маркетплейсы";"2";"% г/г";"0"
"2024-03-03";62.91701482;"A";"Данные СберИндекса";"Неделя";"Маркетплейсы";"2";"% г/г";"0"
"2024-03-10";63.00426815;"A";"Данные СберИндекса";"Неделя";"Маркетплейсы";"2";"% г/г";"0"
"2024-03-17";59.18411007;"A";"Данные СберИндекса";"Неделя";"Маркетплейсы";"2";"% г/г";"0"
"2024-03-24";59.26822178;"A";"Данные СберИндекса";"Неделя";"Маркетплейсы";"2";"% г/г";"0"
"2024-03-31";62.97302374;"A";"Данные СберИндекса";"Неделя";"Маркетплейсы";"2";"% г/г";"0"
"2024-04-07";62.44989863;"A";"Данные СберИндекса";"Неделя";"Маркетплейсы";"2";"% г/г";"0"
"2024-04-14";59.92255886;"A";"Данные СберИндекса";"Неделя";"Маркетплейсы";"2";"% г/г";"0"
"2024-04-21";63.89263712;"A";"Данные СберИндекса";"Неделя";"Маркетплейсы";"2";"% г/г";"0"
"2024-04-28";62.28267578;"A";"Данные СберИндекса";"Неделя";"Маркетплейсы";"2";"% г/г";"0"
"2024-05-05";57.12920407;"A";"Данные СберИндекса";"Неделя";"Маркетплейсы";"2";"% г/г";"0"
"2024-05-12";55.59691616;"A";"Данные СберИндекса";"Неделя";"Маркетплейсы";"2";"% г/г";"0"
"2024-05-19";56.8492406;"A";"Данные СберИндекса";"Неделя";"Маркетплейсы";"2";"% г/г";"0"
"2024-05-26";60.93982549;"A";"Данные СберИндекса";"Неделя";"Маркетплейсы";"2";"% г/г";"0"
"2024-06-02";58.1560665;"A";"Данные СберИндекса";"Неделя";"Маркетплейсы";"2";"% г/г";"0"
"2024-06-09";63.49649839;"A";"Данные СберИндекса";"Неделя";"Маркетплейсы";"2";"% г/г";"0"
"2024-06-16";61.88071705;"A";"Данные СберИндекса";"Неделя";"Маркетплейсы";"2";"% г/г";"0"
"2024-06-23";60.48583453;"A";"Данные СберИндекса";"Неделя";"Маркетплейсы";"2";"% г/г";"0"
"2024-06-30";61.60910015;"A";"Данные СберИндекса";"Неделя";"Маркетплейсы";"2";"% г/г";"0"
"2024-07-07";56.73256316;"A";"Данные СберИндекса";"Неделя";"Маркетплейсы";"2";"% г/г";"0"
"2024-07-14";51.98590269;"A";"Данные СберИндекса";"Неделя";"Маркетплейсы";"2";"% г/г";"0"
"2024-07-21";57.03448232;"A";"Данные СберИндекса";"Неделя";"Маркетплейсы";"2";"% г/г";"0"
"2024-07-28";55.14054429;"A";"Данные СберИндекса";"Неделя";"Маркетплейсы";"2";"% г/г";"0"
"2024-08-04";57.35009718;"A";"Данные СберИндекса";"Неделя";"Маркетплейсы";"2";"% г/г";"0"
"2024-08-11";57.1860113;"A";"Данные СберИндекса";"Неделя";"Маркетплейсы";"2";"% г/г";"0"
"2024-08-18";57.17231856;"A";"Данные СберИндекса";"Неделя";"Маркетплейсы";"2";"% г/г";"0"
"2024-08-25";51.52100673;"A";"Данные СберИндекса";"Неделя";"Маркетплейсы";"2";"% г/г";"0"
"2024-09-01";48.25872804;"A";"Данные СберИндекса";"Неделя";"Маркетплейсы";"2";"% г/г";"0"
"2024-09-08";46.64530303;"A";"Данные СберИндекса";"Неделя";"Маркетплейсы";"2";"% г/г";"0"
"2024-09-15";45.28130758;"A";"Данные СберИндекса";"Неделя";"Маркетплейсы";"2";"% г/г";"0"
"2024-09-22";44.41274838;"A";"Данные СберИндекса";"Неделя";"Маркетплейсы";"2";"% г/г";"0"
"2024-09-29";45.26006772;"A";"Данные СберИндекса";"Неделя";"Маркетплейсы";"2";"% г/г";"0"
"2024-10-06";43.8985903;"A";"Данные СберИндекса";"Неделя";"Маркетплейсы";"2";"% г/г";"0"
"2024-10-13";41.24347185;"A";"Данные СберИндекса";"Неделя";"Маркетплейсы";"2";"% г/г";"0"
"2024-10-20";45.13368554;"A";"Данные СберИндекса";"Неделя";"Маркетплейсы";"2";"% г/г";"0"
"2024-10-27";39.3261719;"A";"Данные СберИндекса";"Неделя";"Маркетплейсы";"2";"% г/г";"0"
"2024-11-03";35.75350734;"A";"Данные СберИндекса";"Неделя";"Маркетплейсы";"2";"% г/г";"0"
"2024-11-10";21.6491616;"A";"Данные СберИндекса";"Неделя";"Маркетплейсы";"2";"% г/г";"0"
"2024-11-17";32.0166237;"A";"Данные СберИндекса";"Неделя";"Маркетплейсы";"2";"% г/г";"0"
"2024-11-24";23.9056755;"A";"Данные СберИндекса";"Неделя";"Маркетплейсы";"2";"% г/г";"0"
"2024-12-01";29.55541048;"A";"Данные СберИндекса";"Неделя";"Маркетплейсы";"2";"% г/г";"0"
"2024-12-08";38.92167517;"A";"Данные СберИндекса";"Неделя";"Маркетплейсы";"2";"% г/г";"0"
"2024-12-15";37.89217534;"A";"Данные СберИндекса";"Неделя";"Маркетплейсы";"2";"% г/г";"0"
"2024-12-22";36.17171659;"A";"Данные СберИндекса";"Неделя";"Маркетплейсы";"2";"% г/г";"0"
"2024-12-29";46.36646099;"A";"Данные СберИндекса";"Неделя";"Маркетплейсы";"2";"% г/г";"0"
"2025-01-05";43.33231793;"A";"Данные СберИндекса";"Неделя";"Маркетплейсы";"2";"% г/г";"0"
"2025-01-12";32.66153799;"A";"Данные СберИндекса";"Неделя";"Маркетплейсы";"2";"% г/г";"0"
"2025-01-19";37.98290321;"A";"Данные СберИндекса";"Неделя";"Маркетплейсы";"2";"% г/г";"0"
"2025-01-26";36.53090951;"A";"Данные СберИндекса";"Неделя";"Маркетплейсы";"2";"% г/г";"0"
"2025-02-02";31.54899755;"A";"Данные СберИндекса";"Неделя";"Маркетплейсы";"2";"% г/г";"0"
"2025-02-09";33.0787203;"A";"Данные СберИндекса";"Неделя";"Маркетплейсы";"2";"% г/г";"0"
"2025-02-16";33.83244123;"A";"Данные СберИндекса";"Неделя";"Маркетплейсы";"2";"% г/г";"0"
"2025-02-23";32.62617602;"A";"Данные СберИндекса";"Неделя";"Маркетплейсы";"2";"% г/г";"0"
"2025-03-02";27.49151349;"A";"Данные СберИндекса";"Неделя";"Маркетплейсы";"2";"% г/г";"0"
"2025-03-09";35.49345308;"A";"Данные СберИндекса";"Неделя";"Маркетплейсы";"2";"% г/г";"0"
"2025-03-16";38.1943027;"A";"Данные СберИндекса";"Неделя";"Маркетплейсы";"2";"% г/г";"0"
"2025-03-23";36.14488722;"A";"Данные СберИндекса";"Неделя";"Маркетплейсы";"2";"% г/г";"0"
"2025-03-30";34.49444879;"A";"Данные СберИндекса";"Неделя";"Маркетплейсы";"2";"% г/г";"0"
"2025-04-06";36.94241699;"A";"Данные СберИндекса";"Неделя";"Маркетплейсы";"2";"% г/г";"0"
"2025-04-13";37.23509932;"A";"Данные СберИндекса";"Неделя";"Маркетплейсы";"2";"% г/г";"0"
"2025-04-20";36.42814038;"A";"Данные СберИндекса";"Неделя";"Маркетплейсы";"2";"% г/г";"0"
"2025-04-27";35.3706083;"A";"Данные СберИндекса";"Неделя";"Маркетплейсы";"2";"% г/г";"0"
"2025-05-04";40.62480604;"A";"Данные СберИндекса";"Неделя";"Маркетплейсы";"2";"% г/г";"0"
"2025-05-11";40.69740166;"A";"Данные СберИндекса";"Неделя";"Маркетплейсы";"2";"% г/г";"0"
"2025-05-18";43.55755511;"A";"Данные СберИндекса";"Неделя";"Маркетплейсы";"2";"% г/г";"0"
"2025-05-25";41.59545431;"A";"Данные СберИндекса";"Неделя";"Маркетплейсы";"2";"% г/г";"0"
"2025-06-01";42.00905836;"A";"Данные СберИндекса";"Неделя";"Маркетплейсы";"2";"% г/г";"0"
"2025-06-08";43.07673806;"A";"Данные СберИндекса";"Неделя";"Маркетплейсы";"2";"% г/г";"0"
"2025-06-15";42.89113413;"A";"Данные СберИндекса";"Неделя";"Маркетплейсы";"2";"% г/г";"0"
"2025-06-22";42.76498919;"A";"Данные СберИндекса";"Неделя";"Маркетплейсы";"2";"% г/г";"0"
"2025-06-29";42.23256735;"A";"Данные СберИндекса";"Неделя";"Маркетплейсы";"2";"% г/г";"0"
"2025-07-06";41.99688855;"A";"Данные СберИндекса";"Неделя";"Маркетплейсы";"2";"% г/г";"0"
"2025-07-13";40.65929511;"A";"Данные СберИндекса";"Неделя";"Маркетплейсы";"2";"% г/г";"0"
"2025-07-20";41.58825692;"A";"Данные СберИндекса";"Неделя";"Маркетплейсы";"2";"% г/г";"0"
"2025-07-27";41.13461782;"A";"Данные СберИндекса";"Неделя";"Маркетплейсы";"2";"% г/г";"0"
"2025-08-03";41.094192;"A";"Данные СберИндекса";"Неделя";"Маркетплейсы";"2";"% г/г";"0"
"2025-08-10";43.00125026;"A";"Данные СберИндекса";"Неделя";"Маркетплейсы";"2";"% г/г";"0"
"2025-08-17";42.39718587;"A";"Данные СберИндекса";"Неделя";"Маркетплейсы";"2";"% г/г";"0"
"2025-08-24";40.847091;"A";"Данные СберИндекса";"Неделя";"Маркетплейсы";"2";"% г/г";"0"
"2025-08-31";44.74462361;"A";"Данные СберИндекса";"Неделя";"Маркетплейсы";"2";"% г/г";"0"
"2025-09-07";41.20974022;"A";"Данные СберИндекса";"Неделя";"Маркетплейсы";"2";"% г/г";"0"
"2025-09-14";41.01012803;"A";"Данные СберИндекса";"Неделя";"Маркетплейсы";"2";"% г/г";"0"
"2025-09-21";43.07591747;"A";"Данные СберИндекса";"Неделя";"Маркетплейсы";"2";"% г/г";"0"
"2025-09-28";39.98170756;"A";"Данные СберИндекса";"Неделя";"Маркетплейсы";"2";"% г/г";"0"
"2025-10-05";38.2265321;"A";"Данные СберИндекса";"Неделя";"Маркетплейсы";"2";"% г/г";"0"
"2025-10-12";34.32233036;"A";"Данные СберИндекса";"Неделя";"Маркетплейсы";"2";"% г/г";"0"
"2025-10-19";33.85548936;"A";"Данные СберИндекса";"Неделя";"Маркетплейсы";"2";"% г/г";"0"
"2025-10-26";35.91621224;"A";"Данные СберИндекса";"Неделя";"Маркетплейсы";"2";"% г/г";"0"
"2025-11-02";32.4329741;"A";"Данные СберИндекса";"Неделя";"Маркетплейсы";"2";"% г/г";"0"
"2025-11-09";22.0826438;"A";"Данные СберИндекса";"Неделя";"Маркетплейсы";"2";"% г/г";"0"
"2025-11-16";29.08481438;"A";"Данные СберИндекса";"Неделя";"Маркетплейсы";"2";"% г/г";"0"
"2025-11-23";31.81807927;"A";"Данные СберИндекса";"Неделя";"Маркетплейсы";"2";"% г/г";"0"
"2025-11-30";27.83240493;"A";"Данные СберИндекса";"Неделя";"Маркетплейсы";"2";"% г/г";"0"
"2025-12-07";28.46376431;"A";"Данные СберИндекса";"Неделя";"Маркетплейсы";"2";"% г/г";"0"
"2025-12-14";26.0080597;"A";"Данные СберИндекса";"Неделя";"Маркетплейсы";"2";"% г/г";"0"
"2025-12-21";27.82281764;"A";"Данные СберИндекса";"Неделя";"Маркетплейсы";"2";"% г/г";"0"
"2025-12-28";31.71011828;"A";"Данные СберИндекса";"Неделя";"Маркетплейсы";"2";"% г/г";"0"
"2026-01-04";48.3579266;"A";"Данные СберИндекса";"Неделя";"Маркетплейсы";"2";"% г/г";"0"
"2026-01-11";25.17812163;"A";"Данные СберИндекса";"Неделя";"Маркетплейсы";"2";"% г/г";"0"
"2026-01-18";34.95789363;"A";"Данные СберИндекса";"Неделя";"Маркетплейсы";"2";"% г/г";"0"
"2026-01-25";34.64361127;"A";"Данные СберИндекса";"Неделя";"Маркетплейсы";"2";"% г/г";"0"
"2026-02-01";34.16526414;"A";"Данные СберИндекса";"Неделя";"Маркетплейсы";"2";"% г/г";"0"
"2026-02-08";32.00630349;"A";"Данные СберИндекса";"Неделя";"Маркетплейсы";"2";"% г/г";"0"
"2026-02-15";33.11730733;"A";"Данные СберИндекса";"Неделя";"Маркетплейсы";"2";"% г/г";"0"
"2026-02-22";30.27496988;"A";"Данные СберИндекса";"Неделя";"Маркетплейсы";"2";"% г/г";"0"
"2026-03-01";32.26070582;"A";"Данные СберИндекса";"Неделя";"Маркетплейсы";"2";"% г/г";"0"
"2026-03-08";31.22581789;"A";"Данные СберИндекса";"Неделя";"Маркетплейсы";"2";"% г/г";"0"
"2026-03-15";29.98299068;"A";"Данные СберИндекса";"Неделя";"Маркетплейсы";"2";"% г/г";"0"
"2026-03-22";28.9738011;"A";"Данные СберИндекса";"Неделя";"Маркетплейсы";"2";"% г/г";"0"
"2026-03-29";30.00666841;"A";"Данные СберИндекса";"Неделя";"Маркетплейсы";"2";"% г/г";"0"
"2026-04-05";28.71908853;"A";"Данные СберИндекса";"Неделя";"Маркетплейсы";"2";"% г/г";"0"
"2026-04-12";25.08176782;"A";"Данные СберИндекса";"Неделя";"Маркетплейсы";"2";"% г/г";"0"
"2026-04-19";27.87231702;"A";"Данные СберИндекса";"Неделя";"Маркетплейсы";"2";"% г/г";"0"
"2026-04-26";27.22613497;"A";"Данные СберИндекса";"Неделя";"Маркетплейсы";"2";"% г/г";"0"
"2026-05-03";27.4942372;"A";"Данные СберИндекса";"Неделя";"Маркетплейсы";"2";"% г/г";"0"
"2026-05-10";30.50660435;"A";"Данные СберИндекса";"Неделя";"Маркетплейсы";"2";"% г/г";"0"
"2026-05-17";27.24990928;"A";"Данные СберИндекса";"Неделя";"Маркетплейсы";"2";"% г/г";"0"
"2026-05-24";32.96589744;"A";"Данные СберИндекса";"Неделя";"Маркетплейсы";"2";"% г/г";"0"
"2026-05-31";32.76231192;"A";"Данные СберИндекса";"Неделя";"Маркетплейсы";"2";"% г/г";"0"
"2026-06-07";30.29218351;"A";"Данные СберИндекса";"Неделя";"Маркетплейсы";"2";"% г/г";"0"
"2026-06-14";28.24330541;"A";"Данные СберИндекса";"Неделя";"Маркетплейсы";"2";"% г/г";"0"
"2026-06-21";28.59088943;"A";"Данные СберИндекса";"Неделя";"Маркетплейсы";"2";"% г/г";"0"
"2026-06-28";28.50867955;"A";"Данные СберИндекса";"Неделя";"Маркетплейсы";"2";"% г/г";"0"
"2026-07-05";28.46422464;"A";"Данные СберИндекса";"Неделя";"Маркетплейсы";"2";"% г/г";"0"
"2026-07-12";25.47154792;"A";"Данные СберИндекса";"Неделя";"Маркетплейсы";"2";"% г/г";"0"
"2026-07-19";25.07346818;"A";"Данные СберИндекса";"Неделя";"Маркетплейсы";"2";"% г/г";"0"
"2026-07-26";23.98773123;"A";"Данные СберИндекса";"Неделя";"Маркетплейсы";"2";"% г/г";"0"
"2026-08-02";21.55627513;"A";"Данные СберИндекса";"Неделя";"Маркетплейсы";"2";"% г/г";"0"
"2026-08-09";20.35761921;"A";"Данные СберИндекса";"Неделя";"Маркетплейсы";"2";"% г/г";"0"
"2026-08-16";16.44982954;"A";"Данные СберИндекса";"Неделя";"Маркетплейсы";"2";"% г/г";"0"
"2026-08-23";15.78690944;"A";"Данные СберИндекса";"Неделя";"Маркетплейсы";"2";"% г/г";"0"
"2026-08-30";15.501059;"A";"Данные СберИндекса";"Неделя";"Маркетплейсы";"2";"% г/г";"0"
"2026-09-06";15.69984311;"A";"Данные СберИндекса";"Неделя";"Маркетплейсы";"2";"% г/г";"0"
"2026-09-13";13.86446189;"A";"Данные СберИндекса";"Неделя";"Маркетплейсы";"2";"% г/г";"0"
"2026-09-20";14.9250217;"A";"Данные СберИндекса";"Неделя";"Маркетплейсы";"2";"% г/г";"0"
"2026-09-27";14.71939497;"A";"Данные СберИндекса";"Неделя";"Маркетплейсы";"2";"% г/г";"0"
"2026-10-04";13.71908434;"A";"Данные СберИндекса";"Неделя";"Маркетплейсы";"2";"% г/г";"0"
"2023-11-12";8.37636591;"A";"Данные СберИндекса";"Неделя";"Лекарства и медицинские товары";"2";"% г/г";"0"
"2023-11-19";8.93743899;"A";"Данные СберИндекса";"Неделя";"Лекарства и медицинские товары";"2";"% г/г";"0"
"2023-11-26";9.47573972;"A";"Данные СберИндекса";"Неделя";"Лекарства и медицинские товары";"2";"% г/г";"0"
"2023-12-03";7.28770379;"A";"Данные СберИндекса";"Неделя";"Лекарства и медицинские товары";"2";"% г/г";"0"
"2023-12-10";3.15549251;"A";"Данные СберИндекса";"Неделя";"Лекарства и медицинские товары";"2";"% г/г";"0"
"2023-12-17";3.21880127;"A";"Данные СберИндекса";"Неделя";"Лекарства и медицинские товары";"2";"% г/г";"0"
"2023-12-24";7.09022767;"A";"Данные СберИндекса";"Неделя";"Лекарства и медицинские товары";"2";"% г/г";"0"
"2023-12-31";14.33525401;"A";"Данные СберИндекса";"Неделя";"Лекарства и медицинские товары";"2";"% г/г";"0"
"2024-01-07";5.63701825;"A";"Данные СберИндекса";"Неделя";"Лекарства и медицинские товары";"2";"% г/г";"0"
"2024-01-14";10.68993258;"A";"Данные СберИндекса";"Неделя";"Лекарства и медицинские товары";"2";"% г/г";"0"
"2024-01-21";14.86849282;"A";"Данные СберИндекса";"Неделя";"Лекарства и медицинские товары";"2";"% г/г";"0"
"2024-01-28";13.07596103;"A";"Данные СберИндекса";"Неделя";"Лекарства и медицинские товары";"2";"% г/г";"0"
"2024-02-04";12.15627213;"A";"Данные СберИндекса";"Неделя";"Лекарства и медицинские товары";"2";"% г/г";"0"
"2024-02-11";12.61774968;"A";"Данные СберИндекса";"Неделя";"Лекарства и медицинские товары";"2";"% г/г";"0"
"2024-02-18";11.32148016;"A";"Данные СберИндекса";"Неделя";"Лекарства и медицинские товары";"2";"% г/г";"0"
"2024-02-25";15.01084745;"A";"Данные СберИндекса";"Неделя";"Лекарства и медицинские товары";"2";"% г/г";"0"
"2024-03-03";11.15459158;"A";"Данные СберИндекса";"Неделя";"Лекарства и медицинские товары";"2";"% г/г";"0"
"2024-03-10";12.54065514;"A";"Данные СберИндекса";"Неделя";"Лекарства и медицинские товары";"2";"% г/г";"0"
"2024-03-17";12.33298044;"A";"Данные СберИндекса";"Неделя";"Лекарства и медицинские товары";"2";"% г/г";"0"
"2024-03-24";12.99055232;"A";"Данные СберИндекса";"Неделя";"Лекарства и медицинские товары";"2";"% г/г";"0"
"2024-03-31";14.24106375;"A";"Данные СберИндекса";"Неделя";"Лекарства и медицинские товары";"2";"% г/г";"0"
"2024-04-07";12.18408044;"A";"Данные СберИндекса";"Неделя";"Лекарства и медицинские товары";"2";"% г/г";"0"
"2024-04-14";12.47665784;"A";"Данные СберИндекса";"Неделя";"Лекарства и медицинские товары";"2";"% г/г";"0"
"2024-04-21";12.01748893;"A";"Данные СберИндекса";"Неделя";"Лекарства и медицинские товары";"2";"% г/г";"0"
"2024-04-28";13.45115364;"A";"Данные СберИндекса";"Неделя";"Лекарства и медицинские товары";"2";"% г/г";"0"
"2024-05-05";4.43900368;"A";"Данные СберИндекса";"Неделя";"Лекарства и медицинские товары";"2";"% г/г";"0"
"2024-05-12";11.77585516;"A";"Данные СберИндекса";"Неделя";"Лекарства и медицинские товары";"2";"% г/г";"0"
"2024-05-19";12.37681385;"A";"Данные СберИндекса";"Неделя";"Лекарства и медицинские товары";"2";"% г/г";"0"
"2024-05-26";14.64452744;"A";"Данные СберИндекса";"Неделя";"Лекарства и медицинские товары";"2";"% г/г";"0"
"2024-06-02";11.6735322;"A";"Данные СберИндекса";"Неделя";"Лекарства и медицинские товары";"2";"% г/г";"0"
"2024-06-09";10.41315451;"A";"Данные СберИндекса";"Неделя";"Лекарства и медицинские товары";"2";"% г/г";"0"
"2024-06-16";11.1716277;"A";"Данные СберИндекса";"Неделя";"Лекарства и медицинские товары";"2";"% г/г";"0"
"2024-06-23";10.23063214;"A";"Данные СберИндекса";"Неделя";"Лекарства и медицинские товары";"2";"% г/г";"0"
"2024-06-30";12.09103567;"A";"Данные СберИндекса";"Неделя";"Лекарства и медицинские товары";"2";"% г/г";"0"
"2024-07-07";12.42371871;"A";"Данные СберИндекса";"Неделя";"Лекарства и медицинские товары";"2";"% г/г";"0"
"2024-07-14";13.22067306;"A";"Данные СберИндекса";"Неделя";"Лекарства и медицинские товары";"2";"% г/г";"0"
"2024-07-21";15.09621503;"A";"Данные СберИндекса";"Неделя";"Лекарства и медицинские товары";"2";"% г/г";"0"
"2024-07-28";15.59373889;"A";"Данные СберИндекса";"Неделя";"Лекарства и медицинские товары";"2";"% г/г";"0"
"2024-08-04";13.91670839;"A";"Данные СберИндекса";"Неделя";"Лекарства и медицинские товары";"2";"% г/г";"0"
"2024-08-11";12.08366073;"A";"Данные СберИндекса";"Неделя";"Лекарства и медицинские товары";"2";"% г/г";"0"
"2024-08-18";11.15504674;"A";"Данные СберИндекса";"Неделя";"Лекарства и медицинские товары";"2";"% г/г";"0"
"2024-08-25";10.79187402;"A";"Данные СберИндекса";"Неделя";"Лекарства и медицинские товары";"2";"% г/г";"0"
"2024-09-01";10.55464316;"A";"Данные СберИндекса";"Неделя";"Лекарства и медицинские товары";"2";"% г/г";"0"
"2024-09-08";14.79744806;"A";"Данные СберИндекса";"Неделя";"Лекарства и медицинские товары";"2";"% г/г";"0"
"2024-09-15";14.85611125;"A";"Данные СберИндекса";"Неделя";"Лекарства и медицинские товары";"2";"% г/г";"0"
"2024-09-22";15.45473995;"A";"Данные СберИндекса";"Неделя";"Лекарства и медицинские товары";"2";"% г/г";"0"
"2024-09-29";16.3341079;"A";"Данные СберИндекса";"Неделя";"Лекарства и медицинские товары";"2";"% г/г";"0"
"2024-10-06";16.51632484;"A";"Данные СберИндекса";"Неделя";"Лекарства и медицинские товары";"2";"% г/г";"0"
"2024-10-13";15.32896068;"A";"Данные СберИндекса";"Неделя";"Лекарства и медицинские товары";"2";"% г/г";"0"
"2024-10-20";18.25608658;"A";"Данные СберИндекса";"Неделя";"Лекарства и медицинские товары";"2";"% г/г";"0"
"2024-10-27";18.27357091;"A";"Данные СберИндекса";"Неделя";"Лекарства и медицинские товары";"2";"% г/г";"0"
"2024-11-03";16.13788744;"A";"Данные СберИндекса";"Неделя";"Лекарства и медицинские товары";"2";"% г/г";"0"
"2024-11-10";15.10739202;"A";"Данные СберИндекса";"Неделя";"Лекарства и медицинские товары";"2";"% г/г";"0"
"2024-11-17";15.12050133;"A";"Данные СберИндекса";"Неделя";"Лекарства и медицинские товары";"2";"% г/г";"0"
"2024-11-24";13.30566019;"A";"Данные СберИндекса";"Неделя";"Лекарства и медицинские товары";"2";"% г/г";"0"
"2024-12-01";13.1148297;"A";"Данные СберИндекса";"Неделя";"Лекарства и медицинские товары";"2";"% г/г";"0"
"2024-12-08";10.99329535;"A";"Данные СберИндекса";"Неделя";"Лекарства и медицинские товары";"2";"% г/г";"0"
"2024-12-15";9.33542638;"A";"Данные СберИндекса";"Неделя";"Лекарства и медицинские товары";"2";"% г/г";"0"
"2024-12-22";7.34660692;"A";"Данные СберИндекса";"Неделя";"Лекарства и медицинские товары";"2";"% г/г";"0"
"2024-12-29";9.65271322;"A";"Данные СберИндекса";"Неделя";"Лекарства и медицинские товары";"2";"% г/г";"0"
"2025-01-05";11.73320865;"A";"Данные СберИндекса";"Неделя";"Лекарства и медицинские товары";"2";"% г/г";"0"
"2025-01-12";5.56767075;"A";"Данные СберИндекса";"Неделя";"Лекарства и медицинские товары";"2";"% г/г";"0"
"2025-01-19";11.6146875;"A";"Данные СберИндекса";"Неделя";"Лекарства и медицинские товары";"2";"% г/г";"0"
"2025-01-26";11.97453609;"A";"Данные СберИндекса";"Неделя";"Лекарства и медицинские товары";"2";"% г/г";"0"
"2025-02-02";10.54634287;"A";"Данные СберИндекса";"Неделя";"Лекарства и медицинские товары";"2";"% г/г";"0"
"2025-02-09";14.25180182;"A";"Данные СберИндекса";"Неделя";"Лекарства и медицинские товары";"2";"% г/г";"0"
"2025-02-16";17.84488101;"A";"Данные СберИндекса";"Неделя";"Лекарства и медицинские товары";"2";"% г/г";"0"
"2025-02-23";20.19789975;"A";"Данные СберИндекса";"Неделя";"Лекарства и медицинские товары";"2";"% г/г";"0"
"2025-03-02";17.59705491;"A";"Данные СберИндекса";"Неделя";"Лекарства и медицинские товары";"2";"% г/г";"0"
"2025-03-09";24.17699629;"A";"Данные СберИндекса";"Неделя";"Лекарства и медицинские товары";"2";"% г/г";"0"
"2025-03-16";21.45095333;"A";"Данные СберИндекса";"Неделя";"Лекарства и медицинские товары";"2";"% г/г";"0"
"2025-03-23";19.51595652;"A";"Данные СберИндекса";"Неделя";"Лекарства и медицинские товары";"2";"% г/г";"0"
"2025-03-30";17.75628135;"A";"Данные СберИндекса";"Неделя";"Лекарства и медицинские товары";"2";"% г/г";"0"
"2025-04-06";15.62655344;"A";"Данные СберИндекса";"Неделя";"Лекарства и медицинские товары";"2";"% г/г";"0"
"2025-04-13";15.7575421;"A";"Данные СберИндекса";"Неделя";"Лекарства и медицинские товары";"2";"% г/г";"0"
"2025-04-20";12.84696452;"A";"Данные СберИндекса";"Неделя";"Лекарства и медицинские товары";"2";"% г/г";"0"
"2025-04-27";14.12844064;"A";"Данные СберИндекса";"Неделя";"Лекарства и медицинские товары";"2";"% г/г";"0"
"2025-05-04";20.39486509;"A";"Данные СберИндекса";"Неделя";"Лекарства и медицинские товары";"2";"% г/г";"0"
"2025-05-11";12.80205723;"A";"Данные СберИндекса";"Неделя";"Лекарства и медицинские товары";"2";"% г/г";"0"
"2025-05-18";14.23962127;"A";"Данные СберИндекса";"Неделя";"Лекарства и медицинские товары";"2";"% г/г";"0"
"2025-05-25";12.46705302;"A";"Данные СберИндекса";"Неделя";"Лекарства и медицинские товары";"2";"% г/г";"0"
"2025-06-01";12.64508285;"A";"Данные СберИндекса";"Неделя";"Лекарства и медицинские товары";"2";"% г/г";"0"
"2025-06-08";12.15948442;"A";"Данные СберИндекса";"Неделя";"Лекарства и медицинские товары";"2";"% г/г";"0"
"2025-06-15";11.40754184;"A";"Данные СберИндекса";"Неделя";"Лекарства и медицинские товары";"2";"% г/г";"0"
"2025-06-22";13.67842662;"A";"Данные СберИндекса";"Неделя";"Лекарства и медицинские товары";"2";"% г/г";"0"
"2025-06-29";12.6071334;"A";"Данные СберИндекса";"Неделя";"Лекарства и медицинские товары";"2";"% г/г";"0"
"2025-07-06";12.99559066;"A";"Данные СберИндекса";"Неделя";"Лекарства и медицинские товары";"2";"% г/г";"0"
"2025-07-13";10.49276314;"A";"Данные СберИндекса";"Неделя";"Лекарства и медицинские товары";"2";"% г/г";"0"
"2025-07-20";12.21637786;"A";"Данные СберИндекса";"Неделя";"Лекарства и медицинские товары";"2";"% г/г";"0"
"2025-07-27";10.81955746;"A";"Данные СберИндекса";"Неделя";"Лекарства и медицинские товары";"2";"% г/г";"0"
"2025-08-03";8.63701608;"A";"Данные СберИндекса";"Неделя";"Лекарства и медицинские товары";"2";"% г/г";"0"
"2025-08-10";8.23225743;"A";"Данные СберИндекса";"Неделя";"Лекарства и медицинские товары";"2";"% г/г";"0"
"2025-08-17";8.11659547;"A";"Данные СберИндекса";"Неделя";"Лекарства и медицинские товары";"2";"% г/г";"0"
"2025-08-24";8.55404429;"A";"Данные СберИндекса";"Неделя";"Лекарства и медицинские товары";"2";"% г/г";"0"
"2025-08-31";9.74628732;"A";"Данные СберИндекса";"Неделя";"Лекарства и медицинские товары";"2";"% г/г";"0"
"2025-09-07";8.48913751;"A";"Данные СберИндекса";"Неделя";"Лекарства и медицинские товары";"2";"% г/г";"0"
"2025-09-14";9.41725301;"A";"Данные СберИндекса";"Неделя";"Лекарства и медицинские товары";"2";"% г/г";"0"
"2025-09-21";10.52985272;"A";"Данные СберИндекса";"Неделя";"Лекарства и медицинские товары";"2";"% г/г";"0"
"2025-09-28";7.66183389;"A";"Данные СберИндекса";"Неделя";"Лекарства и медицинские товары";"2";"% г/г";"0"
"2025-10-05";7.65167826;"A";"Данные СберИндекса";"Неделя";"Лекарства и медицинские товары";"2";"% г/г";"0"
"2025-10-12";6.92451321;"A";"Данные СберИндекса";"Неделя";"Лекарства и медицинские товары";"2";"% г/г";"0"
"2025-10-19";6.38429917;"A";"Данные СберИндекса";"Неделя";"Лекарства и медицинские товары";"2";"% г/г";"0"
"2025-10-26";7.21679628;"A";"Данные СберИндекса";"Неделя";"Лекарства и медицинские товары";"2";"% г/г";"0"
"2025-11-02";6.96008737;"A";"Данные СберИндекса";"Неделя";"Лекарства и медицинские товары";"2";"% г/г";"0"
"2025-11-09";2.89736185;"A";"Данные СберИндекса";"Неделя";"Лекарства и медицинские товары";"2";"% г/г";"0"
"2025-11-16";7.54695001;"A";"Данные СберИндекса";"Неделя";"Лекарства и медицинские товары";"2";"% г/г";"0"
"2025-11-23";9.08056057;"A";"Данные СберИндекса";"Неделя";"Лекарства и медицинские товары";"2";"% г/г";"0"
"2025-11-30";8.13486299;"A";"Данные СберИндекса";"Неделя";"Лекарства и медицинские товары";"2";"% г/г";"0"
"2025-12-07";10.23970098;"A";"Данные СберИндекса";"Неделя";"Лекарства и медицинские товары";"2";"% г/г";"0"
"2025-12-14";10.88496034;"A";"Данные СберИндекса";"Неделя";"Лекарства и медицинские товары";"2";"% г/г";"0"
"2025-12-21";15.58365587;"A";"Данные СберИндекса";"Неделя";"Лекарства и медицинские товары";"2";"% г/г";"0"
"2025-12-28";13.15701348;"A";"Данные СберИндекса";"Неделя";"Лекарства и медицинские товары";"2";"% г/г";"0"
"2026-01-04";24.13373264;"A";"Данные СберИндекса";"Неделя";"Лекарства и медицинские товары";"2";"% г/г";"0"
"2026-01-11";5.20533229;"A";"Данные СберИндекса";"Неделя";"Лекарства и медицинские товары";"2";"% г/г";"0"
"2026-01-18";5.25403594;"A";"Данные СберИндекса";"Неделя";"Лекарства и медицинские товары";"2";"% г/г";"0"
"2026-01-25";5.56022727;"A";"Данные СберИндекса";"Неделя";"Лекарства и медицинские товары";"2";"% г/г";"0"
"2026-02-01";5.32516905;"A";"Данные СберИндекса";"Неделя";"Лекарства и медицинские товары";"2";"% г/г";"0"
"2026-02-08";4.06147993;"A";"Данные СберИндекса";"Неделя";"Лекарства и медицинские товары";"2";"% г/г";"0"
"2026-02-15";3.39902535;"A";"Данные СберИндекса";"Неделя";"Лекарства и медицинские товары";"2";"% г/г";"0"
"2026-02-22";3.21788678;"A";"Данные СберИндекса";"Неделя";"Лекарства и медицинские товары";"2";"% г/г";"0"
"2026-03-01";0.13614236;"A";"Данные СберИндекса";"Неделя";"Лекарства и медицинские товары";"2";"% г/г";"0"
"2026-03-08";0.28726286;"A";"Данные СберИндекса";"Неделя";"Лекарства и медицинские товары";"2";"% г/г";"0"
"2026-03-15";-0.41545121;"A";"Данные СберИндекса";"Неделя";"Лекарства и медицинские товары";"2";"% г/г";"0"
"2026-03-22";2.89254705;"A";"Данные СберИндекса";"Неделя";"Лекарства и медицинские товары";"2";"% г/г";"0"
"2026-03-29";4.98896807;"A";"Данные СберИндекса";"Неделя";"Лекарства и медицинские товары";"2";"% г/г";"0"
"2026-04-05";3.0192853;"A";"Данные СберИндекса";"Неделя";"Лекарства и медицинские товары";"2";"% г/г";"0"
"2026-04-12";1.66344744;"A";"Данные СберИндекса";"Неделя";"Лекарства и медицинские товары";"2";"% г/г";"0"
"2026-04-19";10.29170689;"A";"Данные СберИндекса";"Неделя";"Лекарства и медицинские товары";"2";"% г/г";"0"
"2026-04-26";7.95205079;"A";"Данные СберИндекса";"Неделя";"Лекарства и медицинские товары";"2";"% г/г";"0"
"2026-05-03";10.33092666;"A";"Данные СберИндекса";"Неделя";"Лекарства и медицинские товары";"2";"% г/г";"0"
"2026-05-10";12.44865221;"A";"Данные СберИндекса";"Неделя";"Лекарства и медицинские товары";"2";"% г/г";"0"
"2026-05-17";5.60200717;"A";"Данные СберИндекса";"Неделя";"Лекарства и медицинские товары";"2";"% г/г";"0"
"2026-05-24";9.23145662;"A";"Данные СберИндекса";"Неделя";"Лекарства и медицинские товары";"2";"% г/г";"0"
"2026-05-31";9.59023069;"A";"Данные СберИндекса";"Неделя";"Лекарства и медицинские товары";"2";"% г/г";"0"
"2026-06-07";9.56081038;"A";"Данные СберИндекса";"Неделя";"Лекарства и медицинские товары";"2";"% г/г";"0"
"2026-06-14";11.3219197;"A";"Данные СберИндекса";"Неделя";"Лекарства и медицинские товары";"2";"% г/г";"0"
"2026-06-21";11.69274088;"A";"Данные СберИндекса";"Неделя";"Лекарства и медицинские товары";"2";"% г/г";"0"
"2026-06-28";11.11122262;"A";"Данные СберИндекса";"Неделя";"Лекарства и медицинские товары";"2";"% г/г";"0"
"2026-07-05";10.47538956;"A";"Данные СберИндекса";"Неделя";"Лекарства и медицинские товары";"2";"% г/г";"0"
"2026-07-12";10.09035043;"A";"Данные СберИндекса";"Неделя";"Лекарства и медицинские товары";"2";"% г/г";"0"
"2026-07-19";10.41084403;"A";"Данные СберИндекса";"Неделя";"Лекарства и медицинские товары";"2";"% г/г";"0"
"2026-07-26";10.34551144;"A";"Данные СберИндекса";"Неделя";"Лекарства и медицинские товары";"2";"% г/г";"0"
"2026-08-02";10.03450372;"A";"Данные СберИндекса";"Неделя";"Лекарства и медицинские товары";"2";"% г/г";"0"
"2026-08-09";9.95935906;"A";"Данные СберИндекса";"Неделя";"Лекарства и медицинские товары";"2";"% г/г";"0"
"2026-08-16";10.988659;"A";"Данные СберИндекса";"Неделя";"Лекарства и медицинские товары";"2";"% г/г";"0"
"2026-08-23";10.75534421;"A";"Данные СберИндекса";"Неделя";"Лекарства и медицинские товары";"2";"% г/г";"0"
"2026-08-30";10.17708915;"A";"Данные СберИндекса";"Неделя";"Лекарства и медицинские товары";"2";"% г/г";"0"
"2026-09-06";9.38096088;"A";"Данные СберИндекса";"Неделя";"Лекарства и медицинские товары";"2";"% г/г";"0"
"2026-09-13";8.19758944;"A";"Данные СберИндекса";"Неделя";"Лекарства и медицинские товары";"2";"% г/г";"0"
"2026-09-20";9.79536467;"A";"Данные СберИндекса";"Неделя";"Лекарства и медицинские товары";"2";"% г/г";"0"
"2026-09-27";9.99342345;"A";"Данные СберИндекса";"Неделя";"Лекарства и медицинские товары";"2";"% г/г";"0"
"2026-10-04";9.35815547;"A";"Данные СберИндекса";"Неделя";"Лекарства и медицинские товары";"2";"% г/г";"0"
"2023-11-12";19.41837381;"A";"Данные СберИндекса";"Неделя";"Услуги";"2";"% г/г";"0"
"2023-11-19";18.13897124;"A";"Данные СберИндекса";"Неделя";"Услуги";"2";"% г/г";"0"
"2023-11-26";18.10072656;"A";"Данные СберИндекса";"Неделя";"Услуги";"2";"% г/г";"0"
"2023-12-03";17.21303573;"A";"Данные СберИндекса";"Неделя";"Услуги";"2";"% г/г";"0"
"2023-12-10";16.39349761;"A";"Данные СберИндекса";"Неделя";"Услуги";"2";"% г/г";"0"
"2023-12-17";16.20128732;"A";"Данные СберИндекса";"Неделя";"Услуги";"2";"% г/г";"0"
"2023-12-24";16.33719884;"A";"Данные СберИндекса";"Неделя";"Услуги";"2";"% г/г";"0"
"2023-12-31";17.38849324;"A";"Данные СберИндекса";"Неделя";"Услуги";"2";"% г/г";"0"
"2024-01-07";13.4937071;"A";"Данные СберИндекса";"Неделя";"Услуги";"2";"% г/г";"0"
"2024-01-14";14.26284413;"A";"Данные СберИндекса";"Неделя";"Услуги";"2";"% г/г";"0"
"2024-01-21";15.11763658;"A";"Данные СберИндекса";"Неделя";"Услуги";"2";"% г/г";"0"
"2024-01-28";15.03701193;"A";"Данные СберИндекса";"Неделя";"Услуги";"2";"% г/г";"0"
"2024-02-04";15.69276403;"A";"Данные СберИндекса";"Неделя";"Услуги";"2";"% г/г";"0"
"2024-02-11";16.5873751;"A";"Данные СберИндекса";"Неделя";"Услуги";"2";"% г/г";"0"
"2024-02-18";16.39010221;"A";"Данные СберИндекса";"Неделя";"Услуги";"2";"% г/г";"0"
"2024-02-25";17.06870253;"A";"Данные СберИндекса";"Неделя";"Услуги";"2";"% г/г";"0"
"2024-03-03";15.17178393;"A";"Данные СберИндекса";"Неделя";"Услуги";"2";"% г/г";"0"
"2024-03-10";14.37291653;"A";"Данные СберИндекса";"Неделя";"Услуги";"2";"% г/г";"0"
"2024-03-17";13.7443961;"A";"Данные СберИндекса";"Неделя";"Услуги";"2";"% г/г";"0"
"2024-03-24";13.27198228;"A";"Данные СберИндекса";"Неделя";"Услуги";"2";"% г/г";"0"
"2024-03-31";13.21663629;"A";"Данные СберИндекса";"Неделя";"Услуги";"2";"% г/г";"0"
"2024-04-07";14.85520318;"A";"Данные СберИндекса";"Неделя";"Услуги";"2";"% г/г";"0"
"2024-04-14";15.1332988;"A";"Данные СберИндекса";"Неделя";"Услуги";"2";"% г/г";"0"
"2024-04-21";14.84452196;"A";"Данные СберИндекса";"Неделя";"Услуги";"2";"% г/г";"0"
"2024-04-28";14.74004877;"A";"Данные СберИндекса";"Неделя";"Услуги";"2";"% г/г";"0"
"2024-05-05";12.6282666;"A";"Данные СберИндекса";"Неделя";"Услуги";"2";"% г/г";"0"
"2024-05-12";13.56518291;"A";"Данные СберИндекса";"Неделя";"Услуги";"2";"% г/г";"0"
"2024-05-19";13.44182336;"A";"Данные СберИндекса";"Неделя";"Услуги";"2";"% г/г";"0"
"2024-05-26";14.67838646;"A";"Данные СберИндекса";"Неделя";"Услуги";"2";"% г/г";"0"
"2024-06-02";14.22410234;"A";"Данные СберИндекса";"Неделя";"Услуги";"2";"% г/г";"0"
"2024-06-09";14.08988643;"A";"Данные СберИндекса";"Неделя";"Услуги";"2";"% г/г";"0"
"2024-06-16";14.75524717;"A";"Данные СберИндекса";"Неделя";"Услуги";"2";"% г/г";"0"
"2024-06-23";14.68790938;"A";"Данные СберИндекса";"Неделя";"Услуги";"2";"% г/г";"0"
"2024-06-30";14.42603167;"A";"Данные СберИндекса";"Неделя";"Услуги";"2";"% г/г";"0"
"2024-07-07";15.25299129;"A";"Данные СберИндекса";"Неделя";"Услуги";"2";"% г/г";"0"
"2024-07-14";15.44991724;"A";"Данные СберИндекса";"Неделя";"Услуги";"2";"% г/г";"0"
"2024-07-21";15.96351689;"A";"Данные СберИндекса";"Неделя";"Услуги";"2";"% г/г";"0"
"2024-07-28";15.5167771;"A";"Данные СберИндекса";"Неделя";"Услуги";"2";"% г/г";"0"
"2024-08-04";15.21472006;"A";"Данные СберИндекса";"Неделя";"Услуги";"2";"% г/г";"0"
"2024-08-11";14.52601791;"A";"Данные СберИндекса";"Неделя";"Услуги";"2";"% г/г";"0"
"2024-08-18";14.38140284;"A";"Данные СберИндекса";"Неделя";"Услуги";"2";"% г/г";"0"
"2024-08-25";15.4210183;"A";"Данные СберИндекса";"Неделя";"Услуги";"2";"% г/г";"0"
"2024-09-01";15.14013941;"A";"Данные СберИндекса";"Неделя";"Услуги";"2";"% г/г";"0"
"2024-09-08";14.76486541;"A";"Данные СберИндекса";"Неделя";"Услуги";"2";"% г/г";"0"
"2024-09-15";15.09361261;"A";"Данные СберИндекса";"Неделя";"Услуги";"2";"% г/г";"0"
"2024-09-22";14.43865075;"A";"Данные СберИндекса";"Неделя";"Услуги";"2";"% г/г";"0"
"2024-09-29";13.35625852;"A";"Данные СберИндекса";"Неделя";"Услуги";"2";"% г/г";"0"
"2024-10-06";14.73365018;"A";"Данные СберИндекса";"Неделя";"Услуги";"2";"% г/г";"0"
"2024-10-13";14.30531812;"A";"Данные СберИндекса";"Неделя";"Услуги";"2";"% г/г";"0"
"2024-10-20";14.59682698;"A";"Данные СберИндекса";"Неделя";"Услуги";"2";"% г/г";"0"
"2024-10-27";13.98350799;"A";"Данные СберИндекса";"Неделя";"Услуги";"2";"% г/г";"0"
"2024-11-03";14.32243665;"A";"Данные СберИндекса";"Неделя";"Услуги";"2";"% г/г";"0"
"2024-11-10";13.9172217;"A";"Данные СберИндекса";"Неделя";"Услуги";"2";"% г/г";"0"
"2024-11-17";13.96564818;"A";"Данные СберИндекса";"Неделя";"Услуги";"2";"% г/г";"0"
"2024-11-24";13.84530633;"A";"Данные СберИндекса";"Неделя";"Услуги";"2";"% г/г";"0"
"2024-12-01";14.96042018;"A";"Данные СберИндекса";"Неделя";"Услуги";"2";"% г/г";"0"
"2024-12-08";15.17887212;"A";"Данные СберИндекса";"Неделя";"Услуги";"2";"% г/г";"0"
"2024-12-15";15.34560464;"A";"Данные СберИндекса";"Неделя";"Услуги";"2";"% г/г";"0"
"2024-12-22";15.23231431;"A";"Данные СберИндекса";"Неделя";"Услуги";"2";"% г/г";"0"
"2024-12-29";16.05181464;"A";"Данные СберИндекса";"Неделя";"Услуги";"2";"% г/г";"0"
"2025-01-05";14.49728351;"A";"Данные СберИндекса";"Неделя";"Услуги";"2";"% г/г";"0"
"2025-01-12";11.49285999;"A";"Данные СберИндекса";"Неделя";"Услуги";"2";"% г/г";"0"
"2025-01-19";14.31125734;"A";"Данные СберИндекса";"Неделя";"Услуги";"2";"% г/г";"0"
"2025-01-26";13.96414523;"A";"Данные СберИндекса";"Неделя";"Услуги";"2";"% г/г";"0"
"2025-02-02";13.51516853;"A";"Данные СберИндекса";"Неделя";"Услуги";"2";"% г/г";"0"
"2025-02-09";12.93909496;"A";"Данные СберИндекса";"Неделя";"Услуги";"2";"% г/г";"0"
"2025-02-16";13.63771391;"A";"Данные СберИндекса";"Неделя";"Услуги";"2";"% г/г";"0"
"2025-02-23";13.96632897;"A";"Данные СберИндекса";"Неделя";"Услуги";"2";"% г/г";"0"
"2025-03-02";13.16036029;"A";"Данные СберИндекса";"Неделя";"Услуги";"2";"% г/г";"0"
"2025-03-09";14.11273485;"A";"Данные СберИндекса";"Неделя";"Услуги";"2";"% г/г";"0"
"2025-03-16";14.19291475;"A";"Данные СберИндекса";"Неделя";"Услуги";"2";"% г/г";"0"
"2025-03-23";14.31426264;"A";"Данные СберИндекса";"Неделя";"Услуги";"2";"% г/г";"0"
"2025-03-30";14.33734202;"A";"Данные СберИндекса";"Неделя";"Услуги";"2";"% г/г";"0"
"2025-04-06";14.69713834;"A";"Данные СберИндекса";"Неделя";"Услуги";"2";"% г/г";"0"
"2025-04-13";14.31056989;"A";"Данные СберИндекса";"Неделя";"Услуги";"2";"% г/г";"0"
"2025-04-20";14.18830533;"A";"Данные СберИндекса";"Неделя";"Услуги";"2";"% г/г";"0"
"2025-04-27";13.84108626;"A";"Данные СберИндекса";"Неделя";"Услуги";"2";"% г/г";"0"
"2025-05-04";16.2179195;"A";"Данные СберИндекса";"Неделя";"Услуги";"2";"% г/г";"0"
"2025-05-11";13.62706728;"A";"Данные СберИндекса";"Неделя";"Услуги";"2";"% г/г";"0"
"2025-05-18";14.33630122;"A";"Данные СберИндекса";"Неделя";"Услуги";"2";"% г/г";"0"
"2025-05-25";13.64235851;"A";"Данные СберИндекса";"Неделя";"Услуги";"2";"% г/г";"0"
"2025-06-01";13.72748982;"A";"Данные СберИндекса";"Неделя";"Услуги";"2";"% г/г";"0"
"2025-06-08";13.20210349;"A";"Данные СберИндекса";"Неделя";"Услуги";"2";"% г/г";"0"
"2025-06-15";11.91455449;"A";"Данные СберИндекса";"Неделя";"Услуги";"2";"% г/г";"0"
"2025-06-22";12.53105353;"A";"Данные СберИндекса";"Неделя";"Услуги";"2";"% г/г";"0"
"2025-06-29";12.32822429;"A";"Данные СберИндекса";"Неделя";"Услуги";"2";"% г/г";"0"
"2025-07-06";11.92663989;"A";"Данные СберИндекса";"Неделя";"Услуги";"2";"% г/г";"0"
"2025-07-13";10.92957794;"A";"Данные СберИндекса";"Неделя";"Услуги";"2";"% г/г";"0"
"2025-07-20";11.56297734;"A";"Данные СберИндекса";"Неделя";"Услуги";"2";"% г/г";"0"
"2025-07-27";10.64104005;"A";"Данные СберИндекса";"Неделя";"Услуги";"2";"% г/г";"0"
"2025-08-03";10.07695105;"A";"Данные СберИндекса";"Неделя";"Услуги";"2";"% г/г";"0"
"2025-08-10";10.65863507;"A";"Данные СберИндекса";"Неделя";"Услуги";"2";"% г/г";"0"
"2025-08-17";11.20452757;"A";"Данные СберИндекса";"Неделя";"Услуги";"2";"% г/г";"0"
"2025-08-24";11.24698203;"A";"Данные СберИндекса";"Неделя";"Услуги";"2";"% г/г";"0"
"2025-08-31";11.52934425;"A";"Данные СберИндекса";"Неделя";"Услуги";"2";"% г/г";"0"
"2025-09-07";11.61634265;"A";"Данные СберИндекса";"Неделя";"Услуги";"2";"% г/г";"0"
"2025-09-14";11.18061163;"A";"Данные СберИндекса";"Неделя";"Услуги";"2";"% г/г";"0"
"2025-09-21";11.72846078;"A";"Данные СберИндекса";"Неделя";"Услуги";"2";"% г/г";"0"
"2025-09-28";11.64861679;"A";"Данные СберИндекса";"Неделя";"Услуги";"2";"% г/г";"0"
"2025-10-05";11.16643732;"A";"Данные СберИндекса";"Неделя";"Услуги";"2";"% г/г";"0"
"2025-10-12";10.62532223;"A";"Данные СберИндекса";"Неделя";"Услуги";"2";"% г/г";"0"
"2025-10-19";10.70751613;"A";"Данные СберИндекса";"Неделя";"Услуги";"2";"% г/г";"0"
"2025-10-26";11.19902139;"A";"Данные СберИндекса";"Неделя";"Услуги";"2";"% г/г";"0"
"2025-11-02";10.05358797;"A";"Данные СберИндекса";"Неделя";"Услуги";"2";"% г/г";"0"
"2025-11-09";6.9515286;"A";"Данные СберИндекса";"Неделя";"Услуги";"2";"% г/г";"0"
"2025-11-16";9.42142067;"A";"Данные СберИндекса";"Неделя";"Услуги";"2";"% г/г";"0"
"2025-11-23";8.64124265;"A";"Данные СберИндекса";"Неделя";"Услуги";"2";"% г/г";"0"
"2025-11-30";8.52384083;"A";"Данные СберИндекса";"Неделя";"Услуги";"2";"% г/г";"0"
"2025-12-07";9.36847515;"A";"Данные СберИндекса";"Неделя";"Услуги";"2";"% г/г";"0"
"2025-12-14";8.20785521;"A";"Данные СберИндекса";"Неделя";"Услуги";"2";"% г/г";"0"
"2025-12-21";7.50732288;"A";"Данные СберИндекса";"Неделя";"Услуги";"2";"% г/г";"0"
"2025-12-28";10.68398219;"A";"Данные СберИндекса";"Неделя";"Услуги";"2";"% г/г";"0"
"2026-01-04";12.74375719;"A";"Данные СберИндекса";"Неделя";"Услуги";"2";"% г/г";"0"
"2026-01-11";6.73869838;"A";"Данные СберИндекса";"Неделя";"Услуги";"2";"% г/г";"0"
"2026-01-18";8.85640547;"A";"Данные СберИндекса";"Неделя";"Услуги";"2";"% г/г";"0"
"2026-01-25";9.17050232;"A";"Данные СберИндекса";"Неделя";"Услуги";"2";"% г/г";"0"
"2026-02-01";9.01419623;"A";"Данные СберИндекса";"Неделя";"Услуги";"2";"% г/г";"0"
"2026-02-08";8.22370892;"A";"Данные СберИндекса";"Неделя";"Услуги";"2";"% г/г";"0"
"2026-02-15";10.98691331;"A";"Данные СберИндекса";"Неделя";"Услуги";"2";"% г/г";"0"
"2026-02-22";10.89122147;"A";"Данные СберИндекса";"Неделя";"Услуги";"2";"% г/г";"0"
"2026-03-01";10.07123605;"A";"Данные СберИндекса";"Неделя";"Услуги";"2";"% г/г";"0"
"2026-03-08";8.12834233;"A";"Данные СберИндекса";"Неделя";"Услуги";"2";"% г/г";"0"
"2026-03-15";9.85104091;"A";"Данные СберИндекса";"Неделя";"Услуги";"2";"% г/г";"0"
"2026-03-22";10.41668517;"A";"Данные СберИндекса";"Неделя";"Услуги";"2";"% г/г";"0"
"2026-03-29";10.23090454;"A";"Данные СберИндекса";"Неделя";"Услуги";"2";"% г/г";"0"
"2026-04-05";8.43270605;"A";"Данные СберИндекса";"Неделя";"Услуги";"2";"% г/г";"0"
"2026-04-12";5.47864659;"A";"Данные СберИндекса";"Неделя";"Услуги";"2";"% г/г";"0"
"2026-04-19";10.01703878;"A";"Данные СберИндекса";"Неделя";"Услуги";"2";"% г/г";"0"
"2026-04-26";9.78340862;"A";"Данные СберИндекса";"Неделя";"Услуги";"2";"% г/г";"0"
"2026-05-03";9.22359115;"A";"Данные СберИндекса";"Неделя";"Услуги";"2";"% г/г";"0"
"2026-05-10";7.95997336;"A";"Данные СберИндекса";"Неделя";"Услуги";"2";"% г/г";"0"
"2026-05-17";5.67056098;"A";"Данные СберИндекса";"Неделя";"Услуги";"2";"% г/г";"0"
"2026-05-24";10.39663232;"A";"Данные СберИндекса";"Неделя";"Услуги";"2";"% г/г";"0"
"2026-05-31";10.22530987;"A";"Данные СберИндекса";"Неделя";"Услуги";"2";"% г/г";"0"
"2026-06-07";9.47112807;"A";"Данные СберИндекса";"Неделя";"Услуги";"2";"% г/г";"0"
"2026-06-14";11.08267523;"A";"Данные СберИндекса";"Неделя";"Услуги";"2";"% г/г";"0"
"2026-06-21";10.85640114;"A";"Данные СберИндекса";"Неделя";"Услуги";"2";"% г/г";"0"
"2026-06-28";10.21977262;"A";"Данные СберИндекса";"Неделя";"Услуги";"2";"% г/г";"0"
"2026-07-05";8.93135234;"A";"Данные СберИндекса";"Неделя";"Услуги";"2";"% г/г";"0"
"2026-07-12";9.88027876;"A";"Данные СберИндекса";"Неделя";"Услуги";"2";"% г/г";"0"
"2026-07-19";10.04776017;"A";"Данные СберИндекса";"Неделя";"Услуги";"2";"% г/г";"0"
"2026-07-26";11.22233366;"A";"Данные СберИндекса";"Неделя";"Услуги";"2";"% г/г";"0"
"2026-08-02";11.29900352;"A";"Данные СберИндекса";"Неделя";"Услуги";"2";"% г/г";"0"
"2026-08-09";10.68588033;"A";"Данные СберИндекса";"Неделя";"Услуги";"2";"% г/г";"0"
"2026-08-16";10.9869634;"A";"Данные СберИндекса";"Неделя";"Услуги";"2";"% г/г";"0"
"2026-08-23";10.80176694;"A";"Данные СберИндекса";"Неделя";"Услуги";"2";"% г/г";"0"
"2026-08-30";10.04456557;"A";"Данные СберИндекса";"Неделя";"Услуги";"2";"% г/г";"0"
"2026-09-06";9.33738377;"A";"Данные СберИндекса";"Неделя";"Услуги";"2";"% г/г";"0"
"2026-09-13";7.70497906;"A";"Данные СберИндекса";"Неделя";"Услуги";"2";"% г/г";"0"
"2026-09-20";8.34554739;"A";"Данные СберИндекса";"Неделя";"Услуги";"2";"% г/г";"0"
"2026-09-27";8.67395748;"A";"Данные СберИндекса";"Неделя";"Услуги";"2";"% г/г";"0"
"2026-10-04";8.68099718;"A";"Данные СберИндекса";"Неделя";"Услуги";"2";"% г/г";"0"
"2023-11-12";35.60448444;"A";"Данные СберИндекса";"Неделя";"Контент и СМИ – Услуги";"2";"% г/г";"0"
"2023-11-19";29.4492885;"A";"Данные СберИндекса";"Неделя";"Контент и СМИ – Услуги";"2";"% г/г";"0"
"2023-11-26";28.61289905;"A";"Данные СберИндекса";"Неделя";"Контент и СМИ – Услуги";"2";"% г/г";"0"
"2023-12-03";27.43818138;"A";"Данные СберИндекса";"Неделя";"Контент и СМИ – Услуги";"2";"% г/г";"0"
"2023-12-10";25.81030181;"A";"Данные СберИндекса";"Неделя";"Контент и СМИ – Услуги";"2";"% г/г";"0"
"2023-12-17";24.39928825;"A";"Данные СберИндекса";"Неделя";"Контент и СМИ – Услуги";"2";"% г/г";"0"
"2023-12-24";18.67130444;"A";"Данные СберИндекса";"Неделя";"Контент и СМИ – Услуги";"2";"% г/г";"0"
"2023-12-31";12.49830458;"A";"Данные СберИндекса";"Неделя";"Контент и СМИ – Услуги";"2";"% г/г";"0"
"2024-01-07";3.25014633;"A";"Данные СберИндекса";"Неделя";"Контент и СМИ – Услуги";"2";"% г/г";"0"
"2024-01-14";-7.48651137;"A";"Данные СберИндекса";"Неделя";"Контент и СМИ – Услуги";"2";"% г/г";"0"
"2024-01-21";-9.98274354;"A";"Данные СберИндекса";"Неделя";"Контент и СМИ – Услуги";"2";"% г/г";"0"
"2024-01-28";-0.31870275;"A";"Данные СберИндекса";"Неделя";"Контент и СМИ – Услуги";"2";"% г/г";"0"
"2024-02-04";11.75483021;"A";"Данные СберИндекса";"Неделя";"Контент и СМИ – Услуги";"2";"% г/г";"0"
"2024-02-11";17.8064433;"A";"Данные СберИндекса";"Неделя";"Контент и СМИ – Услуги";"2";"% г/г";"0"
"2024-02-18";19.60956141;"A";"Данные СберИндекса";"Неделя";"Контент и СМИ – Услуги";"2";"% г/г";"0"
"2024-02-25";17.90181389;"A";"Данные СберИндекса";"Неделя";"Контент и СМИ – Услуги";"2";"% г/г";"0"
"2024-03-03";13.61540509;"A";"Данные СберИндекса";"Неделя";"Контент и СМИ – Услуги";"2";"% г/г";"0"
"2024-03-10";16.37481092;"A";"Данные СберИндекса";"Неделя";"Контент и СМИ – Услуги";"2";"% г/г";"0"
"2024-03-17";19.94620426;"A";"Данные СберИндекса";"Неделя";"Контент и СМИ – Услуги";"2";"% г/г";"0"
"2024-03-24";6.67025063;"A";"Данные СберИндекса";"Неделя";"Контент и СМИ – Услуги";"2";"% г/г";"0"
"2024-03-31";11.76678434;"A";"Данные СберИндекса";"Неделя";"Контент и СМИ – Услуги";"2";"% г/г";"0"
"2024-04-07";12.01196784;"A";"Данные СберИндекса";"Неделя";"Контент и СМИ – Услуги";"2";"% г/г";"0"
"2024-04-14";12.00346716;"A";"Данные СберИндекса";"Неделя";"Контент и СМИ – Услуги";"2";"% г/г";"0"
"2024-04-21";-0.29325897;"A";"Данные СберИндекса";"Неделя";"Контент и СМИ – Услуги";"2";"% г/г";"0"
"2024-04-28";-1.41159121;"A";"Данные СберИндекса";"Неделя";"Контент и СМИ – Услуги";"2";"% г/г";"0"
"2024-05-05";-5.22458912;"A";"Данные СберИндекса";"Неделя";"Контент и СМИ – Услуги";"2";"% г/г";"0"
"2024-05-12";-11.92245755;"A";"Данные СберИндекса";"Неделя";"Контент и СМИ – Услуги";"2";"% г/г";"0"
"2024-05-19";-13.55152364;"A";"Данные СберИндекса";"Неделя";"Контент и СМИ – Услуги";"2";"% г/г";"0"
"2024-05-26";-13.47022072;"A";"Данные СберИндекса";"Неделя";"Контент и СМИ – Услуги";"2";"% г/г";"0"
"2024-06-02";-10.86239375;"A";"Данные СберИндекса";"Неделя";"Контент и СМИ – Услуги";"2";"% г/г";"0"
"2024-06-09";-9.23519108;"A";"Данные СберИндекса";"Неделя";"Контент и СМИ – Услуги";"2";"% г/г";"0"
"2024-06-16";-7.31785763;"A";"Данные СберИндекса";"Неделя";"Контент и СМИ – Услуги";"2";"% г/г";"0"
"2024-06-23";0.91916206;"A";"Данные СберИндекса";"Неделя";"Контент и СМИ – Услуги";"2";"% г/г";"0"
"2024-06-30";-1.82675486;"A";"Данные СберИндекса";"Неделя";"Контент и СМИ – Услуги";"2";"% г/г";"0"
"2024-07-07";1.25403235;"A";"Данные СберИндекса";"Неделя";"Контент и СМИ – Услуги";"2";"% г/г";"0"
"2024-07-14";-0.89661962;"A";"Данные СберИндекса";"Неделя";"Контент и СМИ – Услуги";"2";"% г/г";"0"
"2024-07-21";3.41869122;"A";"Данные СберИндекса";"Неделя";"Контент и СМИ – Услуги";"2";"% г/г";"0"
"2024-07-28";1.32487181;"A";"Данные СберИндекса";"Неделя";"Контент и СМИ – Услуги";"2";"% г/г";"0"
"2024-08-04";3.75422503;"A";"Данные СберИндекса";"Неделя";"Контент и СМИ – Услуги";"2";"% г/г";"0"
"2024-08-11";-11.79858859;"A";"Данные СберИндекса";"Неделя";"Контент и СМИ – Услуги";"2";"% г/г";"0"
"2024-08-18";-23.32770367;"A";"Данные СберИндекса";"Неделя";"Контент и СМИ – Услуги";"2";"% г/г";"0"
"2024-08-25";-24.2897588;"A";"Данные СберИндекса";"Неделя";"Контент и СМИ – Услуги";"2";"% г/г";"0"
"2024-09-01";-26.16766777;"A";"Данные СберИндекса";"Неделя";"Контент и СМИ – Услуги";"2";"% г/г";"0"
"2024-09-08";-30.8332314;"A";"Данные СберИндекса";"Неделя";"Контент и СМИ – Услуги";"2";"% г/г";"0"
"2024-09-15";-34.18149302;"A";"Данные СберИндекса";"Неделя";"Контент и СМИ – Услуги";"2";"% г/г";"0"
"2024-09-22";-32.50875135;"A";"Данные СберИндекса";"Неделя";"Контент и СМИ – Услуги";"2";"% г/г";"0"
"2024-09-29";-32.4078546;"A";"Данные СберИндекса";"Неделя";"Контент и СМИ – Услуги";"2";"% г/г";"0"
"2024-10-06";-31.25718632;"A";"Данные СберИндекса";"Неделя";"Контент и СМИ – Услуги";"2";"% г/г";"0"
"2024-10-13";-28.54354646;"A";"Данные СберИндекса";"Неделя";"Контент и СМИ – Услуги";"2";"% г/г";"0"
"2024-10-20";-26.8329133;"A";"Данные СберИндекса";"Неделя";"Контент и СМИ – Услуги";"2";"% г/г";"0"
"2024-10-27";-27.97189494;"A";"Данные СберИндекса";"Неделя";"Контент и СМИ – Услуги";"2";"% г/г";"0"
"2024-11-03";-26.46196459;"A";"Данные СберИндекса";"Неделя";"Контент и СМИ – Услуги";"2";"% г/г";"0"
"2024-11-10";-34.43124778;"A";"Данные СберИндекса";"Неделя";"Контент и СМИ – Услуги";"2";"% г/г";"0"
"2024-11-17";-34.13550525;"A";"Данные СберИндекса";"Неделя";"Контент и СМИ – Услуги";"2";"% г/г";"0"
"2024-11-24";-34.40249293;"A";"Данные СберИндекса";"Неделя";"Контент и СМИ – Услуги";"2";"% г/г";"0"
"2024-12-01";-33.84579948;"A";"Данные СберИндекса";"Неделя";"Контент и СМИ – Услуги";"2";"% г/г";"0"
"2024-12-08";-31.96949624;"A";"Данные СберИндекса";"Неделя";"Контент и СМИ – Услуги";"2";"% г/г";"0"
"2024-12-15";-31.76402064;"A";"Данные СберИндекса";"Неделя";"Контент и СМИ – Услуги";"2";"% г/г";"0"
"2024-12-22";-31.04787862;"A";"Данные СберИндекса";"Неделя";"Контент и СМИ – Услуги";"2";"% г/г";"0"
"2024-12-29";-26.776266;"A";"Данные СберИндекса";"Неделя";"Контент и СМИ – Услуги";"2";"% г/г";"0"
"2025-01-05";-29.2460865;"A";"Данные СберИндекса";"Неделя";"Контент и СМИ – Услуги";"2";"% г/г";"0"
"2025-01-12";-33.77126216;"A";"Данные СберИндекса";"Неделя";"Контент и СМИ – Услуги";"2";"% г/г";"0"
"2025-01-19";-45.73321728;"A";"Данные СберИндекса";"Неделя";"Контент и СМИ – Услуги";"2";"% г/г";"0"
"2025-01-26";-46.99994906;"A";"Данные СберИндекса";"Неделя";"Контент и СМИ – Услуги";"2";"% г/г";"0"
"2025-02-02";-50.39997757;"A";"Данные СберИндекса";"Неделя";"Контент и СМИ – Услуги";"2";"% г/г";"0"
"2025-02-09";-52.73337369;"A";"Данные СберИндекса";"Неделя";"Контент и СМИ – Услуги";"2";"% г/г";"0"
"2025-02-16";-50.46202936;"A";"Данные СберИндекса";"Неделя";"Контент и СМИ – Услуги";"2";"% г/г";"0"
"2025-02-23";-50.5878702;"A";"Данные СберИндекса";"Неделя";"Контент и СМИ – Услуги";"2";"% г/г";"0"
"2025-03-02";-51.98239058;"A";"Данные СберИндекса";"Неделя";"Контент и СМИ – Услуги";"2";"% г/г";"0"
"2025-03-09";-51.03394327;"A";"Данные СберИндекса";"Неделя";"Контент и СМИ – Услуги";"2";"% г/г";"0"
"2025-03-16";-53.29984123;"A";"Данные СберИндекса";"Неделя";"Контент и СМИ – Услуги";"2";"% г/г";"0"
"2025-03-23";-49.9688311;"A";"Данные СберИндекса";"Неделя";"Контент и СМИ – Услуги";"2";"% г/г";"0"
"2025-03-30";-49.52315569;"A";"Данные СберИндекса";"Неделя";"Контент и СМИ – Услуги";"2";"% г/г";"0"
"2025-04-06";-43.93211544;"A";"Данные СберИндекса";"Неделя";"Контент и СМИ – Услуги";"2";"% г/г";"0"
"2025-04-13";-41.74920996;"A";"Данные СберИндекса";"Неделя";"Контент и СМИ – Услуги";"2";"% г/г";"0"
"2025-04-20";-43.88671478;"A";"Данные СберИндекса";"Неделя";"Контент и СМИ – Услуги";"2";"% г/г";"0"
"2025-04-27";-44.10855064;"A";"Данные СберИндекса";"Неделя";"Контент и СМИ – Услуги";"2";"% г/г";"0"
"2025-05-04";-37.38512693;"A";"Данные СберИндекса";"Неделя";"Контент и СМИ – Услуги";"2";"% г/г";"0"
"2025-05-11";-39.77334217;"A";"Данные СберИндекса";"Неделя";"Контент и СМИ – Услуги";"2";"% г/г";"0"
"2025-05-18";-39.06657906;"A";"Данные СберИндекса";"Неделя";"Контент и СМИ – Услуги";"2";"% г/г";"0"
"2025-05-25";-42.9748913;"A";"Данные СберИндекса";"Неделя";"Контент и СМИ – Услуги";"2";"% г/г";"0"
"2025-06-01";-37.9673318;"A";"Данные СберИндекса";"Неделя";"Контент и СМИ – Услуги";"2";"% г/г";"0"
"2025-06-08";-36.06069037;"A";"Данные СберИндекса";"Неделя";"Контент и СМИ – Услуги";"2";"% г/г";"0"
"2025-06-15";-34.13435407;"A";"Данные СберИндекса";"Неделя";"Контент и СМИ – Услуги";"2";"% г/г";"0"
"2025-06-22";-35.86866506;"A";"Данные СберИндекса";"Неделя";"Контент и СМИ – Услуги";"2";"% г/г";"0"
"2025-06-29";-37.62001687;"A";"Данные СберИндекса";"Неделя";"Контент и СМИ – Услуги";"2";"% г/г";"0"
"2025-07-06";-39.34743788;"A";"Данные СберИндекса";"Неделя";"Контент и СМИ – Услуги";"2";"% г/г";"0"
"2025-07-13";-42.62740845;"A";"Данные СберИндекса";"Неделя";"Контент и СМИ – Услуги";"2";"% г/г";"0"
"2025-07-20";-42.73975063;"A";"Данные СберИндекса";"Неделя";"Контент и СМИ – Услуги";"2";"% г/г";"0"
"2025-07-27";-44.41479953;"A";"Данные СберИндекса";"Неделя";"Контент и СМИ – Услуги";"2";"% г/г";"0"
"2025-08-03";-44.9287257;"A";"Данные СберИндекса";"Неделя";"Контент и СМИ – Услуги";"2";"% г/г";"0"
"2025-08-10";-33.86463491;"A";"Данные СберИндекса";"Неделя";"Контент и СМИ – Услуги";"2";"% г/г";"0"
"2025-08-17";-18.25506116;"A";"Данные СберИндекса";"Неделя";"Контент и СМИ – Услуги";"2";"% г/г";"0"
"2025-08-24";-18.43630323;"A";"Данные СберИндекса";"Неделя";"Контент и СМИ – Услуги";"2";"% г/г";"0"
"2025-08-31";-18.31688162;"A";"Данные СберИндекса";"Неделя";"Контент и СМИ – Услуги";"2";"% г/г";"0"
"2025-09-07";-10.87110389;"A";"Данные СберИндекса";"Неделя";"Контент и СМИ – Услуги";"2";"% г/г";"0"
"2025-09-14";-5.54287071;"A";"Данные СберИндекса";"Неделя";"Контент и СМИ – Услуги";"2";"% г/г";"0"
"2025-09-21";-2.41162772;"A";"Данные СберИндекса";"Неделя";"Контент и СМИ – Услуги";"2";"% г/г";"0"
"2025-09-28";-1.22509849;"A";"Данные СберИндекса";"Неделя";"Контент и СМИ – Услуги";"2";"% г/г";"0"
"2025-10-05";-2.0484291;"A";"Данные СберИндекса";"Неделя";"Контент и СМИ – Услуги";"2";"% г/г";"0"
"2025-10-12";-4.64874347;"A";"Данные СберИндекса";"Неделя";"Контент и СМИ – Услуги";"2";"% г/г";"0"
"2025-10-19";-7.10865528;"A";"Данные СберИндекса";"Неделя";"Контент и СМИ – Услуги";"2";"% г/г";"0"
"2025-10-26";-0.59961643;"A";"Данные СберИндекса";"Неделя";"Контент и СМИ – Услуги";"2";"% г/г";"0"
"2025-11-02";1.32447112;"A";"Данные СберИндекса";"Неделя";"Контент и СМИ – Услуги";"2";"% г/г";"0"
"2025-11-09";12.2071008;"A";"Данные СберИндекса";"Неделя";"Контент и СМИ – Услуги";"2";"% г/г";"0"
"2025-11-16";0.59264645;"A";"Данные СберИндекса";"Неделя";"Контент и СМИ – Услуги";"2";"% г/г";"0"
"2025-11-23";1.43360506;"A";"Данные СберИндекса";"Неделя";"Контент и СМИ – Услуги";"2";"% г/г";"0"
"2025-11-30";-7.04637782;"A";"Данные СберИндекса";"Неделя";"Контент и СМИ – Услуги";"2";"% г/г";"0"
"2025-12-07";-1.76836981;"A";"Данные СберИндекса";"Неделя";"Контент и СМИ – Услуги";"2";"% г/г";"0"
"2025-12-14";5.94719638;"A";"Данные СберИндекса";"Неделя";"Контент и СМИ – Услуги";"2";"% г/г";"0"
"2025-12-21";1.39755117;"A";"Данные СберИндекса";"Неделя";"Контент и СМИ – Услуги";"2";"% г/г";"0"
"2025-12-28";0.61113466;"A";"Данные СберИндекса";"Неделя";"Контент и СМИ – Услуги";"2";"% г/г";"0"
"2026-01-04";11.66461405;"A";"Данные СберИндекса";"Неделя";"Контент и СМИ – Услуги";"2";"% г/г";"0"
"2026-01-11";48.96453824;"A";"Данные СберИндекса";"Неделя";"Контент и СМИ – Услуги";"2";"% г/г";"0"
"2026-01-18";41.23626235;"A";"Данные СберИндекса";"Неделя";"Контент и СМИ – Услуги";"2";"% г/г";"0"
"2026-01-25";37.04902616;"A";"Данные СберИндекса";"Неделя";"Контент и СМИ – Услуги";"2";"% г/г";"0"
"2026-02-01";29.45503651;"A";"Данные СберИндекса";"Неделя";"Контент и СМИ – Услуги";"2";"% г/г";"0"
"2026-02-08";25.15148524;"A";"Данные СберИндекса";"Неделя";"Контент и СМИ – Услуги";"2";"% г/г";"0"
"2026-02-15";30.71924579;"A";"Данные СберИндекса";"Неделя";"Контент и СМИ – Услуги";"2";"% г/г";"0"
"2026-02-22";28.07235128;"A";"Данные СберИндекса";"Неделя";"Контент и СМИ – Услуги";"2";"% г/г";"0"
"2026-03-01";30.44652288;"A";"Данные СберИндекса";"Неделя";"Контент и СМИ – Услуги";"2";"% г/г";"0"
"2026-03-08";23.00456452;"A";"Данные СберИндекса";"Неделя";"Контент и СМИ – Услуги";"2";"% г/г";"0"
"2026-03-15";16.97493551;"A";"Данные СберИндекса";"Неделя";"Контент и СМИ – Услуги";"2";"% г/г";"0"
"2026-03-22";15.86656565;"A";"Данные СберИндекса";"Неделя";"Контент и СМИ – Услуги";"2";"% г/г";"0"
"2026-03-29";14.25483053;"A";"Данные СберИндекса";"Неделя";"Контент и СМИ – Услуги";"2";"% г/г";"0"
"2026-04-05";11.4430428;"A";"Данные СберИндекса";"Неделя";"Контент и СМИ – Услуги";"2";"% г/г";"0"
"2026-04-12";-5.43230177;"A";"Данные СберИндекса";"Неделя";"Контент и СМИ – Услуги";"2";"% г/г";"0"
"2026-04-19";6.89566663;"A";"Данные СберИндекса";"Неделя";"Контент и СМИ – Услуги";"2";"% г/г";"0"
"2026-04-26";6.06803419;"A";"Данные СберИндекса";"Неделя";"Контент и СМИ – Услуги";"2";"% г/г";"0"
"2026-05-03";-2.17741409;"A";"Данные СберИндекса";"Неделя";"Контент и СМИ – Услуги";"2";"% г/г";"0"
"2026-05-10";0.73867464;"A";"Данные СберИндекса";"Неделя";"Контент и СМИ – Услуги";"2";"% г/г";"0"
"2026-05-17";10.41780977;"A";"Данные СберИндекса";"Неделя";"Контент и СМИ – Услуги";"2";"% г/г";"0"
"2026-05-24";10.32956078;"A";"Данные СберИндекса";"Неделя";"Контент и СМИ – Услуги";"2";"% г/г";"0"
"2026-05-31";12.70366151;"A";"Данные СберИндекса";"Неделя";"Контент и СМИ – Услуги";"2";"% г/г";"0"
"2026-06-07";5.96379921;"A";"Данные СберИндекса";"Неделя";"Контент и СМИ – Услуги";"2";"% г/г";"0"
"2026-06-14";1.67074079;"A";"Данные СберИндекса";"Неделя";"Контент и СМИ – Услуги";"2";"% г/г";"0"
"2026-06-21";-1.50662568;"A";"Данные СберИндекса";"Неделя";"Контент и СМИ – Услуги";"2";"% г/г";"0"
"2026-06-28";-0.48441162;"A";"Данные СберИндекса";"Неделя";"Контент и СМИ – Услуги";"2";"% г/г";"0"
"2026-07-05";0.59989558;"A";"Данные СберИндекса";"Неделя";"Контент и СМИ – Услуги";"2";"% г/г";"0"
"2026-07-12";4.97483669;"A";"Данные СберИндекса";"Неделя";"Контент и СМИ – Услуги";"2";"% г/г";"0"
"2026-07-19";2.9366095;"A";"Данные СберИндекса";"Неделя";"Контент и СМИ – Услуги";"2";"% г/г";"0"
"2026-07-26";6.27186837;"A";"Данные СберИндекса";"Неделя";"Контент и СМИ – Услуги";"2";"% г/г";"0"
"2026-08-02";14.92373637;"A";"Данные СберИндекса";"Неделя";"Контент и СМИ – Услуги";"2";"% г/г";"0"
"2026-08-09";19.45683487;"A";"Данные СберИндекса";"Неделя";"Контент и СМИ – Услуги";"2";"% г/г";"0"
"2026-08-16";17.897838;"A";"Данные СберИндекса";"Неделя";"Контент и СМИ – Услуги";"2";"% г/г";"0"
"2026-08-23";29.73708667;"A";"Данные СберИндекса";"Неделя";"Контент и СМИ – Услуги";"2";"% г/г";"0"
"2026-08-30";28.24876246;"A";"Данные СберИндекса";"Неделя";"Контент и СМИ – Услуги";"2";"% г/г";"0"
"2026-09-06";12.67648983;"A";"Данные СберИндекса";"Неделя";"Контент и СМИ – Услуги";"2";"% г/г";"0"
"2026-09-13";-3.05048415;"A";"Данные СберИндекса";"Неделя";"Контент и СМИ – Услуги";"2";"% г/г";"0"
"2026-09-20";-6.12995558;"A";"Данные СберИндекса";"Неделя";"Контент и СМИ – Услуги";"2";"% г/г";"0"
"2026-09-27";-10.00958364;"A";"Данные СберИндекса";"Неделя";"Контент и СМИ – Услуги";"2";"% г/г";"0"
"2026-10-04";-6.61023162;"A";"Данные СберИндекса";"Неделя";"Контент и СМИ – Услуги";"2";"% г/г";"0"
"2023-11-12";31.74918505;"A";"Данные СберИндекса";"Неделя";"Салоны красоты, массаж, SPA";"2";"% г/г";"0"
"2023-11-19";29.13089198;"A";"Данные СберИндекса";"Неделя";"Салоны красоты, массаж, SPA";"2";"% г/г";"0"
"2023-11-26";29.2751649;"A";"Данные СберИндекса";"Неделя";"Салоны красоты, массаж, SPA";"2";"% г/г";"0"
"2023-12-03";28.16489048;"A";"Данные СберИндекса";"Неделя";"Салоны красоты, массаж, SPA";"2";"% г/г";"0"
"2023-12-10";25.35311293;"A";"Данные СберИндекса";"Неделя";"Салоны красоты, массаж, SPA";"2";"% г/г";"0"
"2023-12-17";23.77744695;"A";"Данные СберИндекса";"Неделя";"Салоны красоты, массаж, SPA";"2";"% г/г";"0"
"2023-12-24";24.13810299;"A";"Данные СберИндекса";"Неделя";"Салоны красоты, массаж, SPA";"2";"% г/г";"0"
"2023-12-31";34.22325232;"A";"Данные СберИндекса";"Неделя";"Салоны красоты, массаж, SPA";"2";"% г/г";"0"
"2024-01-07";10.6193061;"A";"Данные СберИндекса";"Неделя";"Салоны красоты, массаж, SPA";"2";"% г/г";"0"
"2024-01-14";25.5651417;"A";"Данные СберИндекса";"Неделя";"Салоны красоты, массаж, SPA";"2";"% г/г";"0"
"2024-01-21";23.28287554;"A";"Данные СберИндекса";"Неделя";"Салоны красоты, массаж, SPA";"2";"% г/г";"0"
"2024-01-28";24.0118173;"A";"Данные СберИндекса";"Неделя";"Салоны красоты, массаж, SPA";"2";"% г/г";"0"
"2024-02-04";24.44312708;"A";"Данные СберИндекса";"Неделя";"Салоны красоты, массаж, SPA";"2";"% г/г";"0"
"2024-02-11";23.76758914;"A";"Данные СберИндекса";"Неделя";"Салоны красоты, массаж, SPA";"2";"% г/г";"0"
"2024-02-18";22.67561853;"A";"Данные СберИндекса";"Неделя";"Салоны красоты, массаж, SPA";"2";"% г/г";"0"
"2024-02-25";23.78264872;"A";"Данные СберИндекса";"Неделя";"Салоны красоты, массаж, SPA";"2";"% г/г";"0"
"2024-03-03";21.18288077;"A";"Данные СберИндекса";"Неделя";"Салоны красоты, массаж, SPA";"2";"% г/г";"0"
"2024-03-10";26.68812179;"A";"Данные СберИндекса";"Неделя";"Салоны красоты, массаж, SPA";"2";"% г/г";"0"
"2024-03-17";20.88412937;"A";"Данные СберИндекса";"Неделя";"Салоны красоты, массаж, SPA";"2";"% г/г";"0"
"2024-03-24";19.12568764;"A";"Данные СберИндекса";"Неделя";"Салоны красоты, массаж, SPA";"2";"% г/г";"0"
"2024-03-31";23.26118837;"A";"Данные СберИндекса";"Неделя";"Салоны красоты, массаж, SPA";"2";"% г/г";"0"
"2024-04-07";20.71823267;"A";"Данные СберИндекса";"Неделя";"Салоны красоты, массаж, SPA";"2";"% г/г";"0"
"2024-04-14";23.61693909;"A";"Данные СберИндекса";"Неделя";"Салоны красоты, массаж, SPA";"2";"% г/г";"0"
"2024-04-21";19.88398017;"A";"Данные СберИндекса";"Неделя";"Салоны красоты, массаж, SPA";"2";"% г/г";"0"
"2024-04-28";19.35847;"A";"Данные СберИндекса";"Неделя";"Салоны красоты, массаж, SPA";"2";"% г/г";"0"
"2024-05-05";19.73147671;"A";"Данные СберИндекса";"Неделя";"Салоны красоты, массаж, SPA";"2";"% г/г";"0"
"2024-05-12";18.7034228;"A";"Данные СберИндекса";"Неделя";"Салоны красоты, массаж, SPA";"2";"% г/г";"0"
"2024-05-19";17.97128868;"A";"Данные СберИндекса";"Неделя";"Салоны красоты, массаж, SPA";"2";"% г/г";"0"
"2024-05-26";21.72198413;"A";"Данные СберИндекса";"Неделя";"Салоны красоты, массаж, SPA";"2";"% г/г";"0"
"2024-06-02";22.77733695;"A";"Данные СберИндекса";"Неделя";"Салоны красоты, массаж, SPA";"2";"% г/г";"0"
"2024-06-09";21.5850116;"A";"Данные СберИндекса";"Неделя";"Салоны красоты, массаж, SPA";"2";"% г/г";"0"
"2024-06-16";20.77315857;"A";"Данные СберИндекса";"Неделя";"Салоны красоты, массаж, SPA";"2";"% г/г";"0"
"2024-06-23";19.94621361;"A";"Данные СберИндекса";"Неделя";"Салоны красоты, массаж, SPA";"2";"% г/г";"0"
"2024-06-30";21.41096713;"A";"Данные СберИндекса";"Неделя";"Салоны красоты, массаж, SPA";"2";"% г/г";"0"
"2024-07-07";18.62641565;"A";"Данные СберИндекса";"Неделя";"Салоны красоты, массаж, SPA";"2";"% г/г";"0"
"2024-07-14";20.38380386;"A";"Данные СберИндекса";"Неделя";"Салоны красоты, массаж, SPA";"2";"% г/г";"0"
"2024-07-21";20.43612364;"A";"Данные СберИндекса";"Неделя";"Салоны красоты, массаж, SPA";"2";"% г/г";"0"
"2024-07-28";18.91408331;"A";"Данные СберИндекса";"Неделя";"Салоны красоты, массаж, SPA";"2";"% г/г";"0"
"2024-08-04";20.46121035;"A";"Данные СберИндекса";"Неделя";"Салоны красоты, массаж, SPA";"2";"% г/г";"0"
"2024-08-11";20.87825182;"A";"Данные СберИндекса";"Неделя";"Салоны красоты, массаж, SPA";"2";"% г/г";"0"
"2024-08-18";20.20208339;"A";"Данные СберИндекса";"Неделя";"Салоны красоты, массаж, SPA";"2";"% г/г";"0"
"2024-08-25";21.40713693;"A";"Данные СберИндекса";"Неделя";"Салоны красоты, массаж, SPA";"2";"% г/г";"0"
"2024-09-01";26.27116011;"A";"Данные СберИндекса";"Неделя";"Салоны красоты, массаж, SPA";"2";"% г/г";"0"
"2024-09-08";21.18623481;"A";"Данные СберИндекса";"Неделя";"Салоны красоты, массаж, SPA";"2";"% г/г";"0"
"2024-09-15";22.04856924;"A";"Данные СберИндекса";"Неделя";"Салоны красоты, массаж, SPA";"2";"% г/г";"0"
"2024-09-22";20.72454741;"A";"Данные СберИндекса";"Неделя";"Салоны красоты, массаж, SPA";"2";"% г/г";"0"
"2024-09-29";18.49820366;"A";"Данные СберИндекса";"Неделя";"Салоны красоты, массаж, SPA";"2";"% г/г";"0"
"2024-10-06";19.07458425;"A";"Данные СберИндекса";"Неделя";"Салоны красоты, массаж, SPA";"2";"% г/г";"0"
"2024-10-13";18.10083578;"A";"Данные СберИндекса";"Неделя";"Салоны красоты, массаж, SPA";"2";"% г/г";"0"
"2024-10-20";19.26446775;"A";"Данные СберИндекса";"Неделя";"Салоны красоты, массаж, SPA";"2";"% г/г";"0"
"2024-10-27";19.63578611;"A";"Данные СберИндекса";"Неделя";"Салоны красоты, массаж, SPA";"2";"% г/г";"0"
"2024-11-03";16.78592076;"A";"Данные СберИндекса";"Неделя";"Салоны красоты, массаж, SPA";"2";"% г/г";"0"
"2024-11-10";17.84559779;"A";"Данные СберИндекса";"Неделя";"Салоны красоты, массаж, SPA";"2";"% г/г";"0"
"2024-11-17";19.41795038;"A";"Данные СберИндекса";"Неделя";"Салоны красоты, массаж, SPA";"2";"% г/г";"0"
"2024-11-24";19.49574618;"A";"Данные СберИндекса";"Неделя";"Салоны красоты, массаж, SPA";"2";"% г/г";"0"
"2024-12-01";24.90908026;"A";"Данные СберИндекса";"Неделя";"Салоны красоты, массаж, SPA";"2";"% г/г";"0"
"2024-12-08";23.87413497;"A";"Данные СберИндекса";"Неделя";"Салоны красоты, массаж, SPA";"2";"% г/г";"0"
"2024-12-15";22.41046016;"A";"Данные СберИндекса";"Неделя";"Салоны красоты, массаж, SPA";"2";"% г/г";"0"
"2024-12-22";17.99398971;"A";"Данные СберИндекса";"Неделя";"Салоны красоты, массаж, SPA";"2";"% г/г";"0"
"2024-12-29";25.94380927;"A";"Данные СберИндекса";"Неделя";"Салоны красоты, массаж, SPA";"2";"% г/г";"0"
"2025-01-05";39.4745299;"A";"Данные СберИндекса";"Неделя";"Салоны красоты, массаж, SPA";"2";"% г/г";"0"
"2025-01-12";22.54952902;"A";"Данные СберИндекса";"Неделя";"Салоны красоты, массаж, SPA";"2";"% г/г";"0"
"2025-01-19";22.93933888;"A";"Данные СберИндекса";"Неделя";"Салоны красоты, массаж, SPA";"2";"% г/г";"0"
"2025-01-26";23.05173525;"A";"Данные СберИндекса";"Неделя";"Салоны красоты, массаж, SPA";"2";"% г/г";"0"
"2025-02-02";21.70752298;"A";"Данные СберИндекса";"Неделя";"Салоны красоты, массаж, SPA";"2";"% г/г";"0"
"2025-02-09";20.47881498;"A";"Данные СберИндекса";"Неделя";"Салоны красоты, массаж, SPA";"2";"% г/г";"0"
"2025-02-16";22.85837056;"A";"Данные СберИндекса";"Неделя";"Салоны красоты, массаж, SPA";"2";"% г/г";"0"
"2025-02-23";19.77248176;"A";"Данные СберИндекса";"Неделя";"Салоны красоты, массаж, SPA";"2";"% г/г";"0"
"2025-03-02";19.45416365;"A";"Данные СберИндекса";"Неделя";"Салоны красоты, массаж, SPA";"2";"% г/г";"0"
"2025-03-09";21.30528719;"A";"Данные СберИндекса";"Неделя";"Салоны красоты, массаж, SPA";"2";"% г/г";"0"
"2025-03-16";23.81289125;"A";"Данные СберИндекса";"Неделя";"Салоны красоты, массаж, SPA";"2";"% г/г";"0"
"2025-03-23";22.54163958;"A";"Данные СберИндекса";"Неделя";"Салоны красоты, массаж, SPA";"2";"% г/г";"0"
"2025-03-30";21.69954054;"A";"Данные СберИндекса";"Неделя";"Салоны красоты, массаж, SPA";"2";"% г/г";"0"
"2025-04-06";21.72042013;"A";"Данные СберИндекса";"Неделя";"Салоны красоты, массаж, SPA";"2";"% г/г";"0"
"2025-04-13";19.31168773;"A";"Данные СберИндекса";"Неделя";"Салоны красоты, массаж, SPA";"2";"% г/г";"0"
"2025-04-20";19.48486416;"A";"Данные СберИндекса";"Неделя";"Салоны красоты, массаж, SPA";"2";"% г/г";"0"
"2025-04-27";24.42375442;"A";"Данные СберИндекса";"Неделя";"Салоны красоты, массаж, SPA";"2";"% г/г";"0"
"2025-05-04";26.32119539;"A";"Данные СберИндекса";"Неделя";"Салоны красоты, массаж, SPA";"2";"% г/г";"0"
"2025-05-11";21.9530985;"A";"Данные СберИндекса";"Неделя";"Салоны красоты, массаж, SPA";"2";"% г/г";"0"
"2025-05-18";24.26666519;"A";"Данные СберИндекса";"Неделя";"Салоны красоты, массаж, SPA";"2";"% г/г";"0"
"2025-05-25";22.22812981;"A";"Данные СберИндекса";"Неделя";"Салоны красоты, массаж, SPA";"2";"% г/г";"0"
"2025-06-01";24.18646994;"A";"Данные СберИндекса";"Неделя";"Салоны красоты, массаж, SPA";"2";"% г/г";"0"
"2025-06-08";22.94000079;"A";"Данные СберИндекса";"Неделя";"Салоны красоты, массаж, SPA";"2";"% г/г";"0"
"2025-06-15";22.41806647;"A";"Данные СберИндекса";"Неделя";"Салоны красоты, массаж, SPA";"2";"% г/г";"0"
"2025-06-22";21.60589583;"A";"Данные СберИндекса";"Неделя";"Салоны красоты, массаж, SPA";"2";"% г/г";"0"
"2025-06-29";21.32672281;"A";"Данные СберИндекса";"Неделя";"Салоны красоты, массаж, SPA";"2";"% г/г";"0"
"2025-07-06";22.38801468;"A";"Данные СберИндекса";"Неделя";"Салоны красоты, массаж, SPA";"2";"% г/г";"0"
"2025-07-13";22.26491731;"A";"Данные СберИндекса";"Неделя";"Салоны красоты, массаж, SPA";"2";"% г/г";"0"
"2025-07-20";22.74067884;"A";"Данные СберИндекса";"Неделя";"Салоны красоты, массаж, SPA";"2";"% г/г";"0"
"2025-07-27";22.77720297;"A";"Данные СберИндекса";"Неделя";"Салоны красоты, массаж, SPA";"2";"% г/г";"0"
"2025-08-03";23.17181711;"A";"Данные СберИндекса";"Неделя";"Салоны красоты, массаж, SPA";"2";"% г/г";"0"
"2025-08-10";22.26148583;"A";"Данные СберИндекса";"Неделя";"Салоны красоты, массаж, SPA";"2";"% г/г";"0"
"2025-08-17";22.32750724;"A";"Данные СберИндекса";"Неделя";"Салоны красоты, массаж, SPA";"2";"% г/г";"0"
"2025-08-24";21.21160744;"A";"Данные СберИндекса";"Неделя";"Салоны красоты, массаж, SPA";"2";"% г/г";"0"
"2025-08-31";22.3204069;"A";"Данные СберИндекса";"Неделя";"Салоны красоты, массаж, SPA";"2";"% г/г";"0"
"2025-09-07";19.18872599;"A";"Данные СберИндекса";"Неделя";"Салоны красоты, массаж, SPA";"2";"% г/г";"0"
"2025-09-14";19.41768865;"A";"Данные СберИндекса";"Неделя";"Салоны красоты, массаж, SPA";"2";"% г/г";"0"
"2025-09-21";20.86036444;"A";"Данные СберИндекса";"Неделя";"Салоны красоты, массаж, SPA";"2";"% г/г";"0"
"2025-09-28";20.75382401;"A";"Данные СберИндекса";"Неделя";"Салоны красоты, массаж, SPA";"2";"% г/г";"0"
"2025-10-05";22.6132685;"A";"Данные СберИндекса";"Неделя";"Салоны красоты, массаж, SPA";"2";"% г/г";"0"
"2025-10-12";23.63421747;"A";"Данные СберИндекса";"Неделя";"Салоны красоты, массаж, SPA";"2";"% г/г";"0"
"2025-10-19";22.35572641;"A";"Данные СберИндекса";"Неделя";"Салоны красоты, массаж, SPA";"2";"% г/г";"0"
"2025-10-26";23.23056963;"A";"Данные СберИндекса";"Неделя";"Салоны красоты, массаж, SPA";"2";"% г/г";"0"
"2025-11-02";23.01770214;"A";"Данные СберИндекса";"Неделя";"Салоны красоты, массаж, SPA";"2";"% г/г";"0"
"2025-11-09";20.46027483;"A";"Данные СберИндекса";"Неделя";"Салоны красоты, массаж, SPA";"2";"% г/г";"0"
"2025-11-16";21.13796534;"A";"Данные СберИндекса";"Неделя";"Салоны красоты, массаж, SPA";"2";"% г/г";"0"
"2025-11-23";18.22552496;"A";"Данные СберИндекса";"Неделя";"Салоны красоты, массаж, SPA";"2";"% г/г";"0"
"2025-11-30";19.37609935;"A";"Данные СберИндекса";"Неделя";"Салоны красоты, массаж, SPA";"2";"% г/г";"0"
"2025-12-07";16.69047871;"A";"Данные СберИндекса";"Неделя";"Салоны красоты, массаж, SPA";"2";"% г/г";"0"
"2025-12-14";13.62716326;"A";"Данные СберИндекса";"Неделя";"Салоны красоты, массаж, SPA";"2";"% г/г";"0"
"2025-12-21";13.95740111;"A";"Данные СберИндекса";"Неделя";"Салоны красоты, массаж, SPA";"2";"% г/г";"0"
"2025-12-28";15.24973831;"A";"Данные СберИндекса";"Неделя";"Салоны красоты, массаж, SPA";"2";"% г/г";"0"
"2026-01-04";30.04954496;"A";"Данные СберИндекса";"Неделя";"Салоны красоты, массаж, SPA";"2";"% г/г";"0"
"2026-01-11";14.85947864;"A";"Данные СберИндекса";"Неделя";"Салоны красоты, массаж, SPA";"2";"% г/г";"0"
"2026-01-18";11.4197904;"A";"Данные СберИндекса";"Неделя";"Салоны красоты, массаж, SPA";"2";"% г/г";"0"
"2026-01-25";12.09794839;"A";"Данные СберИндекса";"Неделя";"Салоны красоты, массаж, SPA";"2";"% г/г";"0"
"2026-02-01";11.85288867;"A";"Данные СберИндекса";"Неделя";"Салоны красоты, массаж, SPA";"2";"% г/г";"0"
"2026-02-08";10.03364901;"A";"Данные СберИндекса";"Неделя";"Салоны красоты, массаж, SPA";"2";"% г/г";"0"
"2026-02-15";12.99522292;"A";"Данные СберИндекса";"Неделя";"Салоны красоты, массаж, SPA";"2";"% г/г";"0"
"2026-02-22";12.28017113;"A";"Данные СберИндекса";"Неделя";"Салоны красоты, массаж, SPA";"2";"% г/г";"0"
"2026-03-01";13.71682382;"A";"Данные СберИндекса";"Неделя";"Салоны красоты, массаж, SPA";"2";"% г/г";"0"
"2026-03-08";12.22433083;"A";"Данные СберИндекса";"Неделя";"Салоны красоты, массаж, SPA";"2";"% г/г";"0"
"2026-03-15";12.50929684;"A";"Данные СберИндекса";"Неделя";"Салоны красоты, массаж, SPA";"2";"% г/г";"0"
"2026-03-22";11.31754661;"A";"Данные СберИндекса";"Неделя";"Салоны красоты, массаж, SPA";"2";"% г/г";"0"
"2026-03-29";10.57766372;"A";"Данные СберИндекса";"Неделя";"Салоны красоты, массаж, SPA";"2";"% г/г";"0"
"2026-04-05";7.46070153;"A";"Данные СберИндекса";"Неделя";"Салоны красоты, массаж, SPA";"2";"% г/г";"0"
"2026-04-12";2.04915136;"A";"Данные СберИндекса";"Неделя";"Салоны красоты, массаж, SPA";"2";"% г/г";"0"
"2026-04-19";9.42188636;"A";"Данные СберИндекса";"Неделя";"Салоны красоты, массаж, SPA";"2";"% г/г";"0"
"2026-04-26";5.25440954;"A";"Данные СберИндекса";"Неделя";"Салоны красоты, массаж, SPA";"2";"% г/г";"0"
"2026-05-03";7.16983562;"A";"Данные СберИндекса";"Неделя";"Салоны красоты, массаж, SPA";"2";"% г/г";"0"
"2026-05-10";5.79948112;"A";"Данные СберИндекса";"Неделя";"Салоны красоты, массаж, SPA";"2";"% г/г";"0"
"2026-05-17";7.44015807;"A";"Данные СберИндекса";"Неделя";"Салоны красоты, массаж, SPA";"2";"% г/г";"0"
"2026-05-24";10.68654967;"A";"Данные СберИндекса";"Неделя";"Салоны красоты, массаж, SPA";"2";"% г/г";"0"
"2026-05-31";9.34685212;"A";"Данные СберИндекса";"Неделя";"Салоны красоты, массаж, SPA";"2";"% г/г";"0"
"2026-06-07";6.36938313;"A";"Данные СберИндекса";"Неделя";"Салоны красоты, массаж, SPA";"2";"% г/г";"0"
"2026-06-14";4.88407075;"A";"Данные СберИндекса";"Неделя";"Салоны красоты, массаж, SPA";"2";"% г/г";"0"
"2026-06-21";5.69953842;"A";"Данные СберИндекса";"Неделя";"Салоны красоты, массаж, SPA";"2";"% г/г";"0"
"2026-06-28";5.40062834;"A";"Данные СберИндекса";"Неделя";"Салоны красоты, массаж, SPA";"2";"% г/г";"0"
"2026-07-05";4.85728599;"A";"Данные СберИндекса";"Неделя";"Салоны красоты, массаж, SPA";"2";"% г/г";"0"
"2026-07-12";5.01591129;"A";"Данные СберИндекса";"Неделя";"Салоны красоты, массаж, SPA";"2";"% г/г";"0"
"2026-07-19";5.25402935;"A";"Данные СберИндекса";"Неделя";"Салоны красоты, массаж, SPA";"2";"% г/г";"0"
"2026-07-26";5.53707874;"A";"Данные СберИндекса";"Неделя";"Салоны красоты, массаж, SPA";"2";"% г/г";"0"
"2026-08-02";5.1081305;"A";"Данные СберИндекса";"Неделя";"Салоны красоты, массаж, SPA";"2";"% г/г";"0"
"2026-08-09";4.20724905;"A";"Данные СберИндекса";"Неделя";"Салоны красоты, массаж, SPA";"2";"% г/г";"0"
"2026-08-16";5.01771306;"A";"Данные СберИндекса";"Неделя";"Салоны красоты, массаж, SPA";"2";"% г/г";"0"
"2026-08-23";4.7506099;"A";"Данные СберИндекса";"Неделя";"Салоны красоты, массаж, SPA";"2";"% г/г";"0"
"2026-08-30";4.37851464;"A";"Данные СберИндекса";"Неделя";"Салоны красоты, массаж, SPA";"2";"% г/г";"0"
"2026-09-06";5.01545341;"A";"Данные СберИндекса";"Неделя";"Салоны красоты, массаж, SPA";"2";"% г/г";"0"
"2026-09-13";3.14385726;"A";"Данные СберИндекса";"Неделя";"Салоны красоты, массаж, SPA";"2";"% г/г";"0"
"2026-09-20";3.33623633;"A";"Данные СберИндекса";"Неделя";"Салоны красоты, массаж, SPA";"2";"% г/г";"0"
"2026-09-27";3.46045164;"A";"Данные СберИндекса";"Неделя";"Салоны красоты, массаж, SPA";"2";"% г/г";"0"
"2026-10-04";2.82261156;"A";"Данные СберИндекса";"Неделя";"Салоны красоты, массаж, SPA";"2";"% г/г";"0"
"2023-11-12";18.7721372;"A";"Данные СберИндекса";"Неделя";"Авиабилеты";"2";"% г/г";"0"
"2023-11-19";17.42214446;"A";"Данные СберИндекса";"Неделя";"Авиабилеты";"2";"% г/г";"0"
"2023-11-26";14.90256452;"A";"Данные СберИндекса";"Неделя";"Авиабилеты";"2";"% г/г";"0"
"2023-12-03";16.57677982;"A";"Данные СберИндекса";"Неделя";"Авиабилеты";"2";"% г/г";"0"
"2023-12-10";15.68508723;"A";"Данные СберИндекса";"Неделя";"Авиабилеты";"2";"% г/г";"0"
"2023-12-17";17.56947386;"A";"Данные СберИндекса";"Неделя";"Авиабилеты";"2";"% г/г";"0"
"2023-12-24";19.1752227;"A";"Данные СберИндекса";"Неделя";"Авиабилеты";"2";"% г/г";"0"
"2023-12-31";21.10659116;"A";"Данные СберИндекса";"Неделя";"Авиабилеты";"2";"% г/г";"0"
"2024-01-07";20.72551043;"A";"Данные СберИндекса";"Неделя";"Авиабилеты";"2";"% г/г";"0"
"2024-01-14";20.87235395;"A";"Данные СберИндекса";"Неделя";"Авиабилеты";"2";"% г/г";"0"
"2024-01-21";22.10027132;"A";"Данные СберИндекса";"Неделя";"Авиабилеты";"2";"% г/г";"0"
"2024-01-28";20.13935685;"A";"Данные СберИндекса";"Неделя";"Авиабилеты";"2";"% г/г";"0"
"2024-02-04";22.42472451;"A";"Данные СберИндекса";"Неделя";"Авиабилеты";"2";"% г/г";"0"
"2024-02-11";27.26936695;"A";"Данные СберИндекса";"Неделя";"Авиабилеты";"2";"% г/г";"0"
"2024-02-18";27.90723608;"A";"Данные СберИндекса";"Неделя";"Авиабилеты";"2";"% г/г";"0"
"2024-02-25";31.31252659;"A";"Данные СберИндекса";"Неделя";"Авиабилеты";"2";"% г/г";"0"
"2024-03-03";21.4341948;"A";"Данные СберИндекса";"Неделя";"Авиабилеты";"2";"% г/г";"0"
"2024-03-10";13.16685788;"A";"Данные СберИндекса";"Неделя";"Авиабилеты";"2";"% г/г";"0"
"2024-03-17";10.87746783;"A";"Данные СберИндекса";"Неделя";"Авиабилеты";"2";"% г/г";"0"
"2024-03-24";9.32383278;"A";"Данные СберИндекса";"Неделя";"Авиабилеты";"2";"% г/г";"0"
"2024-03-31";8.11579074;"A";"Данные СберИндекса";"Неделя";"Авиабилеты";"2";"% г/г";"0"
"2024-04-07";10.67776598;"A";"Данные СберИндекса";"Неделя";"Авиабилеты";"2";"% г/г";"0"
"2024-04-14";10.02064138;"A";"Данные СберИндекса";"Неделя";"Авиабилеты";"2";"% г/г";"0"
"2024-04-21";10.43694102;"A";"Данные СберИндекса";"Неделя";"Авиабилеты";"2";"% г/г";"0"
"2024-04-28";12.64813644;"A";"Данные СберИндекса";"Неделя";"Авиабилеты";"2";"% г/г";"0"
"2024-05-05";5.41625889;"A";"Данные СберИндекса";"Неделя";"Авиабилеты";"2";"% г/г";"0"
"2024-05-12";7.23591244;"A";"Данные СберИндекса";"Неделя";"Авиабилеты";"2";"% г/г";"0"
"2024-05-19";6.13818482;"A";"Данные СберИндекса";"Неделя";"Авиабилеты";"2";"% г/г";"0"
"2024-05-26";10.09786929;"A";"Данные СберИндекса";"Неделя";"Авиабилеты";"2";"% г/г";"0"
"2024-06-02";10.43825103;"A";"Данные СберИндекса";"Неделя";"Авиабилеты";"2";"% г/г";"0"
"2024-06-09";12.70117353;"A";"Данные СберИндекса";"Неделя";"Авиабилеты";"2";"% г/г";"0"
"2024-06-16";13.23442345;"A";"Данные СберИндекса";"Неделя";"Авиабилеты";"2";"% г/г";"0"
"2024-06-23";13.65395063;"A";"Данные СберИндекса";"Неделя";"Авиабилеты";"2";"% г/г";"0"
"2024-06-30";13.97593292;"A";"Данные СберИндекса";"Неделя";"Авиабилеты";"2";"% г/г";"0"
"2024-07-07";13.5104859;"A";"Данные СберИндекса";"Неделя";"Авиабилеты";"2";"% г/г";"0"
"2024-07-14";13.81213958;"A";"Данные СберИндекса";"Неделя";"Авиабилеты";"2";"% г/г";"0"
"2024-07-21";14.06134821;"A";"Данные СберИндекса";"Неделя";"Авиабилеты";"2";"% г/г";"0"
"2024-07-28";13.90992364;"A";"Данные СберИндекса";"Неделя";"Авиабилеты";"2";"% г/г";"0"
"2024-08-04";16.93018969;"A";"Данные СберИндекса";"Неделя";"Авиабилеты";"2";"% г/г";"0"
"2024-08-11";15.17685315;"A";"Данные СберИндекса";"Неделя";"Авиабилеты";"2";"% г/г";"0"
"2024-08-18";16.83569068;"A";"Данные СберИндекса";"Неделя";"Авиабилеты";"2";"% г/г";"0"
"2024-08-25";19.40314926;"A";"Данные СберИндекса";"Неделя";"Авиабилеты";"2";"% г/г";"0"
"2024-09-01";18.59370579;"A";"Данные СберИндекса";"Неделя";"Авиабилеты";"2";"% г/г";"0"
"2024-09-08";16.83225146;"A";"Данные СберИндекса";"Неделя";"Авиабилеты";"2";"% г/г";"0"
"2024-09-15";17.83629741;"A";"Данные СберИндекса";"Неделя";"Авиабилеты";"2";"% г/г";"0"
"2024-09-22";13.9351962;"A";"Данные СберИндекса";"Неделя";"Авиабилеты";"2";"% г/г";"0"
"2024-09-29";16.05695444;"A";"Данные СберИндекса";"Неделя";"Авиабилеты";"2";"% г/г";"0"
"2024-10-06";20.6268864;"A";"Данные СберИндекса";"Неделя";"Авиабилеты";"2";"% г/г";"0"
"2024-10-13";21.60742584;"A";"Данные СберИндекса";"Неделя";"Авиабилеты";"2";"% г/г";"0"
"2024-10-20";23.85985265;"A";"Данные СберИндекса";"Неделя";"Авиабилеты";"2";"% г/г";"0"
"2024-10-27";25.78599219;"A";"Данные СберИндекса";"Неделя";"Авиабилеты";"2";"% г/г";"0"
"2024-11-03";20.52482105;"A";"Данные СберИндекса";"Неделя";"Авиабилеты";"2";"% г/г";"0"
"2024-11-10";14.40384069;"A";"Данные СберИндекса";"Неделя";"Авиабилеты";"2";"% г/г";"0"
"2024-11-17";14.26058711;"A";"Данные СберИндекса";"Неделя";"Авиабилеты";"2";"% г/г";"0"
"2024-11-24";14.40403307;"A";"Данные СберИндекса";"Неделя";"Авиабилеты";"2";"% г/г";"0"
"2024-12-01";19.74961693;"A";"Данные СберИндекса";"Неделя";"Авиабилеты";"2";"% г/г";"0"
"2024-12-08";25.3101206;"A";"Данные СберИндекса";"Неделя";"Авиабилеты";"2";"% г/г";"0"
"2024-12-15";24.91537738;"A";"Данные СберИндекса";"Неделя";"Авиабилеты";"2";"% г/г";"0"
"2024-12-22";29.73181582;"A";"Данные СберИндекса";"Неделя";"Авиабилеты";"2";"% г/г";"0"
"2024-12-29";25.10836125;"A";"Данные СберИндекса";"Неделя";"Авиабилеты";"2";"% г/г";"0"
"2025-01-05";17.30058404;"A";"Данные СберИндекса";"Неделя";"Авиабилеты";"2";"% г/г";"0"
"2025-01-12";14.67579066;"A";"Данные СберИндекса";"Неделя";"Авиабилеты";"2";"% г/г";"0"
"2025-01-19";22.58864151;"A";"Данные СберИндекса";"Неделя";"Авиабилеты";"2";"% г/г";"0"
"2025-01-26";15.65591443;"A";"Данные СберИндекса";"Неделя";"Авиабилеты";"2";"% г/г";"0"
"2025-02-02";17.48947892;"A";"Данные СберИндекса";"Неделя";"Авиабилеты";"2";"% г/г";"0"
"2025-02-09";17.46046925;"A";"Данные СберИндекса";"Неделя";"Авиабилеты";"2";"% г/г";"0"
"2025-02-16";19.77607766;"A";"Данные СберИндекса";"Неделя";"Авиабилеты";"2";"% г/г";"0"
"2025-02-23";18.79263438;"A";"Данные СберИндекса";"Неделя";"Авиабилеты";"2";"% г/г";"0"
"2025-03-02";18.94019243;"A";"Данные СберИндекса";"Неделя";"Авиабилеты";"2";"% г/г";"0"
"2025-03-09";22.74255319;"A";"Данные СберИндекса";"Неделя";"Авиабилеты";"2";"% г/г";"0"
"2025-03-16";25.62638081;"A";"Данные СберИндекса";"Неделя";"Авиабилеты";"2";"% г/г";"0"
"2025-03-23";22.5200589;"A";"Данные СберИндекса";"Неделя";"Авиабилеты";"2";"% г/г";"0"
"2025-03-30";27.42289739;"A";"Данные СберИндекса";"Неделя";"Авиабилеты";"2";"% г/г";"0"
"2025-04-06";25.31872457;"A";"Данные СберИндекса";"Неделя";"Авиабилеты";"2";"% г/г";"0"
"2025-04-13";25.80939809;"A";"Данные СберИндекса";"Неделя";"Авиабилеты";"2";"% г/г";"0"
"2025-04-20";24.09670841;"A";"Данные СберИндекса";"Неделя";"Авиабилеты";"2";"% г/г";"0"
"2025-04-27";22.74935926;"A";"Данные СберИндекса";"Неделя";"Авиабилеты";"2";"% г/г";"0"
"2025-05-04";26.8601796;"A";"Данные СберИндекса";"Неделя";"Авиабилеты";"2";"% г/г";"0"
"2025-05-11";23.83020585;"A";"Данные СберИндекса";"Неделя";"Авиабилеты";"2";"% г/г";"0"
"2025-05-18";25.45041627;"A";"Данные СберИндекса";"Неделя";"Авиабилеты";"2";"% г/г";"0"
"2025-05-25";24.79830742;"A";"Данные СберИндекса";"Неделя";"Авиабилеты";"2";"% г/г";"0"
"2025-06-01";21.71282526;"A";"Данные СберИндекса";"Неделя";"Авиабилеты";"2";"% г/г";"0"
"2025-06-08";14.05635175;"A";"Данные СберИндекса";"Неделя";"Авиабилеты";"2";"% г/г";"0"
"2025-06-15";12.9221166;"A";"Данные СберИндекса";"Неделя";"Авиабилеты";"2";"% г/г";"0"
"2025-06-22";13.44970116;"A";"Данные СберИндекса";"Неделя";"Авиабилеты";"2";"% г/г";"0"
"2025-06-29";13.10504718;"A";"Данные СберИндекса";"Неделя";"Авиабилеты";"2";"% г/г";"0"
"2025-07-06";10.43497196;"A";"Данные СберИндекса";"Неделя";"Авиабилеты";"2";"% г/г";"0"
"2025-07-13";7.88092483;"A";"Данные СберИндекса";"Неделя";"Авиабилеты";"2";"% г/г";"0"
"2025-07-20";12.7708521;"A";"Данные СберИндекса";"Неделя";"Авиабилеты";"2";"% г/г";"0"
"2025-07-27";7.24280129;"A";"Данные СберИндекса";"Неделя";"Авиабилеты";"2";"% г/г";"0"
"2025-08-03";0.09806047;"A";"Данные СберИндекса";"Неделя";"Авиабилеты";"2";"% г/г";"0"
"2025-08-10";4.9420178;"A";"Данные СберИндекса";"Неделя";"Авиабилеты";"2";"% г/г";"0"
"2025-08-17";8.53388756;"A";"Данные СберИндекса";"Неделя";"Авиабилеты";"2";"% г/г";"0"
"2025-08-24";8.78700614;"A";"Данные СберИндекса";"Неделя";"Авиабилеты";"2";"% г/г";"0"
"2025-08-31";10.1309428;"A";"Данные СберИндекса";"Неделя";"Авиабилеты";"2";"% г/г";"0"
"2025-09-07";8.64324713;"A";"Данные СберИндекса";"Неделя";"Авиабилеты";"2";"% г/г";"0"
"2025-09-14";8.21357857;"A";"Данные СберИндекса";"Неделя";"Авиабилеты";"2";"% г/г";"0"
"2025-09-21";13.19546183;"A";"Данные СберИндекса";"Неделя";"Авиабилеты";"2";"% г/г";"0"
"2025-09-28";13.04626616;"A";"Данные СберИндекса";"Неделя";"Авиабилеты";"2";"% г/г";"0"
"2025-10-05";13.85064813;"A";"Данные СберИндекса";"Неделя";"Авиабилеты";"2";"% г/г";"0"
"2025-10-12";15.05469658;"A";"Данные СберИндекса";"Неделя";"Авиабилеты";"2";"% г/г";"0"
"2025-10-19";14.51903417;"A";"Данные СберИндекса";"Неделя";"Авиабилеты";"2";"% г/г";"0"
"2025-10-26";17.1888641;"A";"Данные СберИндекса";"Неделя";"Авиабилеты";"2";"% г/г";"0"
"2025-11-02";13.40157675;"A";"Данные СберИндекса";"Неделя";"Авиабилеты";"2";"% г/г";"0"
"2025-11-09";6.38332331;"A";"Данные СберИндекса";"Неделя";"Авиабилеты";"2";"% г/г";"0"
"2025-11-16";9.51078794;"A";"Данные СберИндекса";"Неделя";"Авиабилеты";"2";"% г/г";"0"
"2025-11-23";8.18472979;"A";"Данные СберИндекса";"Неделя";"Авиабилеты";"2";"% г/г";"0"
"2025-11-30";7.31704217;"A";"Данные СберИндекса";"Неделя";"Авиабилеты";"2";"% г/г";"0"
"2025-12-07";9.45026017;"A";"Данные СберИндекса";"Неделя";"Авиабилеты";"2";"% г/г";"0"
"2025-12-14";15.24988576;"A";"Данные СберИндекса";"Неделя";"Авиабилеты";"2";"% г/г";"0"
"2025-12-21";3.74060383;"A";"Данные СберИндекса";"Неделя";"Авиабилеты";"2";"% г/г";"0"
"2025-12-28";10.1480966;"A";"Данные СберИндекса";"Неделя";"Авиабилеты";"2";"% г/г";"0"
"2026-01-04";11.72827725;"A";"Данные СберИндекса";"Неделя";"Авиабилеты";"2";"% г/г";"0"
"2026-01-11";1.82325416;"A";"Данные СберИндекса";"Неделя";"Авиабилеты";"2";"% г/г";"0"
"2026-01-18";0.43571945;"A";"Данные СберИндекса";"Неделя";"Авиабилеты";"2";"% г/г";"0"
"2026-01-25";0.66942207;"A";"Данные СберИндекса";"Неделя";"Авиабилеты";"2";"% г/г";"0"
"2026-02-01";0.51039317;"A";"Данные СберИндекса";"Неделя";"Авиабилеты";"2";"% г/г";"0"
"2026-02-08";7.02611392;"A";"Данные СберИндекса";"Неделя";"Авиабилеты";"2";"% г/г";"0"
"2026-02-15";5.86366959;"A";"Данные СберИндекса";"Неделя";"Авиабилеты";"2";"% г/г";"0"
"2026-02-22";5.08046661;"A";"Данные СберИндекса";"Неделя";"Авиабилеты";"2";"% г/г";"0"
"2026-03-01";3.63211085;"A";"Данные СберИндекса";"Неделя";"Авиабилеты";"2";"% г/г";"0"
"2026-03-08";2.37352065;"A";"Данные СберИндекса";"Неделя";"Авиабилеты";"2";"% г/г";"0"
"2026-03-15";2.4192258;"A";"Данные СберИндекса";"Неделя";"Авиабилеты";"2";"% г/г";"0"
"2026-03-22";7.05913549;"A";"Данные СберИндекса";"Неделя";"Авиабилеты";"2";"% г/г";"0"
"2026-03-29";3.4768842;"A";"Данные СберИндекса";"Неделя";"Авиабилеты";"2";"% г/г";"0"
"2026-04-05";3.37462834;"A";"Данные СберИндекса";"Неделя";"Авиабилеты";"2";"% г/г";"0"
"2026-04-12";-0.47446314;"A";"Данные СберИндекса";"Неделя";"Авиабилеты";"2";"% г/г";"0"
"2026-04-19";-4.55339302;"A";"Данные СберИндекса";"Неделя";"Авиабилеты";"2";"% г/г";"0"
"2026-04-26";-4.94191781;"A";"Данные СберИндекса";"Неделя";"Авиабилеты";"2";"% г/г";"0"
"2026-05-03";-3.56833058;"A";"Данные СберИндекса";"Неделя";"Авиабилеты";"2";"% г/г";"0"
"2026-05-10";-2.65518095;"A";"Данные СберИндекса";"Неделя";"Авиабилеты";"2";"% г/г";"0"
"2026-05-17";-4.48993633;"A";"Данные СберИндекса";"Неделя";"Авиабилеты";"2";"% г/г";"0"
"2026-05-24";-4.1839122;"A";"Данные СберИндекса";"Неделя";"Авиабилеты";"2";"% г/г";"0"
"2026-05-31";-2.70041811;"A";"Данные СберИндекса";"Неделя";"Авиабилеты";"2";"% г/г";"0"
"2026-06-07";-0.69790904;"A";"Данные СберИндекса";"Неделя";"Авиабилеты";"2";"% г/г";"0"
"2026-06-14";4.92389786;"A";"Данные СберИндекса";"Неделя";"Авиабилеты";"2";"% г/г";"0"
"2026-06-21";3.94492899;"A";"Данные СберИндекса";"Неделя";"Авиабилеты";"2";"% г/г";"0"
"2026-06-28";3.6283369;"A";"Данные СберИндекса";"Неделя";"Авиабилеты";"2";"% г/г";"0"
"2026-07-05";4.31479861;"A";"Данные СберИндекса";"Неделя";"Авиабилеты";"2";"% г/г";"0"
"2026-07-12";11.17543348;"A";"Данные СберИндекса";"Неделя";"Авиабилеты";"2";"% г/г";"0"
"2026-07-19";10.44997521;"A";"Данные СберИндекса";"Неделя";"Авиабилеты";"2";"% г/г";"0"
"2026-07-26";16.85144455;"A";"Данные СберИндекса";"Неделя";"Авиабилеты";"2";"% г/г";"0"
"2026-08-02";21.02151374;"A";"Данные СберИндекса";"Неделя";"Авиабилеты";"2";"% г/г";"0"
"2026-08-09";18.61400883;"A";"Данные СберИндекса";"Неделя";"Авиабилеты";"2";"% г/г";"0"
"2026-08-16";14.41987899;"A";"Данные СберИндекса";"Неделя";"Авиабилеты";"2";"% г/г";"0"
"2026-08-23";13.36290043;"A";"Данные СберИндекса";"Неделя";"Авиабилеты";"2";"% г/г";"0"
"2026-08-30";12.14741125;"A";"Данные СберИндекса";"Неделя";"Авиабилеты";"2";"% г/г";"0"
"2026-09-06";11.80868444;"A";"Данные СберИндекса";"Неделя";"Авиабилеты";"2";"% г/г";"0"
"2026-09-13";8.18031209;"A";"Данные СберИндекса";"Неделя";"Авиабилеты";"2";"% г/г";"0"
"2026-09-20";6.94732809;"A";"Данные СберИндекса";"Неделя";"Авиабилеты";"2";"% г/г";"0"
"2026-09-27";7.26015723;"A";"Данные СберИндекса";"Неделя";"Авиабилеты";"2";"% г/г";"0"
"2026-10-04";10.87324179;"A";"Данные СберИндекса";"Неделя";"Авиабилеты";"2";"% г/г";"0"
"2023-11-12";20.32904514;"A";"Данные СберИндекса";"Неделя";"Налоговые и юридические консультации и услуги";"2";"% г/г";"0"
"2023-11-19";27.46213961;"A";"Данные СберИндекса";"Неделя";"Налоговые и юридические консультации и услуги";"2";"% г/г";"0"
"2023-11-26";27.57976546;"A";"Данные СберИндекса";"Неделя";"Налоговые и юридические консультации и услуги";"2";"% г/г";"0"
"2023-12-03";29.97442467;"A";"Данные СберИндекса";"Неделя";"Налоговые и юридические консультации и услуги";"2";"% г/г";"0"
"2023-12-10";25.80273738;"A";"Данные СберИндекса";"Неделя";"Налоговые и юридические консультации и услуги";"2";"% г/г";"0"
"2023-12-17";23.79085319;"A";"Данные СберИндекса";"Неделя";"Налоговые и юридические консультации и услуги";"2";"% г/г";"0"
"2023-12-24";25.80706608;"A";"Данные СберИндекса";"Неделя";"Налоговые и юридические консультации и услуги";"2";"% г/г";"0"
"2023-12-31";32.52247031;"A";"Данные СберИндекса";"Неделя";"Налоговые и юридические консультации и услуги";"2";"% г/г";"0"
"2024-01-07";24.85892708;"A";"Данные СберИндекса";"Неделя";"Налоговые и юридические консультации и услуги";"2";"% г/г";"0"
"2024-01-14";10.34556689;"A";"Данные СберИндекса";"Неделя";"Налоговые и юридические консультации и услуги";"2";"% г/г";"0"
"2024-01-21";16.8790579;"A";"Данные СберИндекса";"Неделя";"Налоговые и юридические консультации и услуги";"2";"% г/г";"0"
"2024-01-28";16.09203753;"A";"Данные СберИндекса";"Неделя";"Налоговые и юридические консультации и услуги";"2";"% г/г";"0"
"2024-02-04";23.01992362;"A";"Данные СберИндекса";"Неделя";"Налоговые и юридические консультации и услуги";"2";"% г/г";"0"
"2024-02-11";25.17823181;"A";"Данные СберИндекса";"Неделя";"Налоговые и юридические консультации и услуги";"2";"% г/г";"0"
"2024-02-18";23.7222722;"A";"Данные СберИндекса";"Неделя";"Налоговые и юридические консультации и услуги";"2";"% г/г";"0"
"2024-02-25";27.87972266;"A";"Данные СберИндекса";"Неделя";"Налоговые и юридические консультации и услуги";"2";"% г/г";"0"
"2024-03-03";23.19406034;"A";"Данные СберИндекса";"Неделя";"Налоговые и юридические консультации и услуги";"2";"% г/г";"0"
"2024-03-10";16.15498122;"A";"Данные СберИндекса";"Неделя";"Налоговые и юридические консультации и услуги";"2";"% г/г";"0"
"2024-03-17";18.50449778;"A";"Данные СберИндекса";"Неделя";"Налоговые и юридические консультации и услуги";"2";"% г/г";"0"
"2024-03-24";18.36083379;"A";"Данные СберИндекса";"Неделя";"Налоговые и юридические консультации и услуги";"2";"% г/г";"0"
"2024-03-31";21.92555391;"A";"Данные СберИндекса";"Неделя";"Налоговые и юридические консультации и услуги";"2";"% г/г";"0"
"2024-04-07";27.78286723;"A";"Данные СберИндекса";"Неделя";"Налоговые и юридические консультации и услуги";"2";"% г/г";"0"
"2024-04-14";25.08367185;"A";"Данные СберИндекса";"Неделя";"Налоговые и юридические консультации и услуги";"2";"% г/г";"0"
"2024-04-21";27.39070011;"A";"Данные СберИндекса";"Неделя";"Налоговые и юридические консультации и услуги";"2";"% г/г";"0"
"2024-04-28";27.62731486;"A";"Данные СберИндекса";"Неделя";"Налоговые и юридические консультации и услуги";"2";"% г/г";"0"
"2024-05-05";8.68540609;"A";"Данные СберИндекса";"Неделя";"Налоговые и юридические консультации и услуги";"2";"% г/г";"0"
"2024-05-12";12.41986996;"A";"Данные СберИндекса";"Неделя";"Налоговые и юридические консультации и услуги";"2";"% г/г";"0"
"2024-05-19";15.56796552;"A";"Данные СберИндекса";"Неделя";"Налоговые и юридические консультации и услуги";"2";"% г/г";"0"
"2024-05-26";19.61435402;"A";"Данные СберИндекса";"Неделя";"Налоговые и юридические консультации и услуги";"2";"% г/г";"0"
"2024-06-02";20.16647095;"A";"Данные СберИндекса";"Неделя";"Налоговые и юридические консультации и услуги";"2";"% г/г";"0"
"2024-06-09";20.23009443;"A";"Данные СберИндекса";"Неделя";"Налоговые и юридические консультации и услуги";"2";"% г/г";"0"
"2024-06-16";18.95848975;"A";"Данные СберИндекса";"Неделя";"Налоговые и юридические консультации и услуги";"2";"% г/г";"0"
"2024-06-23";19.65331941;"A";"Данные СберИндекса";"Неделя";"Налоговые и юридические консультации и услуги";"2";"% г/г";"0"
"2024-06-30";24.40692526;"A";"Данные СберИндекса";"Неделя";"Налоговые и юридические консультации и услуги";"2";"% г/г";"0"
"2024-07-07";24.66941593;"A";"Данные СберИндекса";"Неделя";"Налоговые и юридические консультации и услуги";"2";"% г/г";"0"
"2024-07-14";22.78980942;"A";"Данные СберИндекса";"Неделя";"Налоговые и юридические консультации и услуги";"2";"% г/г";"0"
"2024-07-21";26.89601472;"A";"Данные СберИндекса";"Неделя";"Налоговые и юридические консультации и услуги";"2";"% г/г";"0"
"2024-07-28";24.32616388;"A";"Данные СберИндекса";"Неделя";"Налоговые и юридические консультации и услуги";"2";"% г/г";"0"
"2024-08-04";19.2927698;"A";"Данные СберИндекса";"Неделя";"Налоговые и юридические консультации и услуги";"2";"% г/г";"0"
"2024-08-11";9.86781875;"A";"Данные СберИндекса";"Неделя";"Налоговые и юридические консультации и услуги";"2";"% г/г";"0"
"2024-08-18";11.24722749;"A";"Данные СберИндекса";"Неделя";"Налоговые и юридические консультации и услуги";"2";"% г/г";"0"
"2024-08-25";11.772591;"A";"Данные СберИндекса";"Неделя";"Налоговые и юридические консультации и услуги";"2";"% г/г";"0"
"2024-09-01";13.63514322;"A";"Данные СберИндекса";"Неделя";"Налоговые и юридические консультации и услуги";"2";"% г/г";"0"
"2024-09-08";10.39884919;"A";"Данные СберИндекса";"Неделя";"Налоговые и юридические консультации и услуги";"2";"% г/г";"0"
"2024-09-15";10.41884444;"A";"Данные СберИндекса";"Неделя";"Налоговые и юридические консультации и услуги";"2";"% г/г";"0"
"2024-09-22";11.77862646;"A";"Данные СберИндекса";"Неделя";"Налоговые и юридические консультации и услуги";"2";"% г/г";"0"
"2024-09-29";11.72877491;"A";"Данные СберИндекса";"Неделя";"Налоговые и юридические консультации и услуги";"2";"% г/г";"0"
"2024-10-06";14.95702706;"A";"Данные СберИндекса";"Неделя";"Налоговые и юридические консультации и услуги";"2";"% г/г";"0"
"2024-10-13";9.89341855;"A";"Данные СберИндекса";"Неделя";"Налоговые и юридические консультации и услуги";"2";"% г/г";"0"
"2024-10-20";12.9542791;"A";"Данные СберИндекса";"Неделя";"Налоговые и юридические консультации и услуги";"2";"% г/г";"0"
"2024-10-27";10.62073299;"A";"Данные СберИндекса";"Неделя";"Налоговые и юридические консультации и услуги";"2";"% г/г";"0"
"2024-11-03";18.4007195;"A";"Данные СберИндекса";"Неделя";"Налоговые и юридические консультации и услуги";"2";"% г/г";"0"
"2024-11-10";14.98747405;"A";"Данные СберИндекса";"Неделя";"Налоговые и юридические консультации и услуги";"2";"% г/г";"0"
"2024-11-17";16.88103643;"A";"Данные СберИндекса";"Неделя";"Налоговые и юридические консультации и услуги";"2";"% г/г";"0"
"2024-11-24";19.02019174;"A";"Данные СберИндекса";"Неделя";"Налоговые и юридические консультации и услуги";"2";"% г/г";"0"
"2024-12-01";18.80498685;"A";"Данные СберИндекса";"Неделя";"Налоговые и юридические консультации и услуги";"2";"% г/г";"0"
"2024-12-08";14.36268373;"A";"Данные СберИндекса";"Неделя";"Налоговые и юридические консультации и услуги";"2";"% г/г";"0"
"2024-12-15";14.30722587;"A";"Данные СберИндекса";"Неделя";"Налоговые и юридические консультации и услуги";"2";"% г/г";"0"
"2024-12-22";15.09107398;"A";"Данные СберИндекса";"Неделя";"Налоговые и юридические консультации и услуги";"2";"% г/г";"0"
"2024-12-29";22.95248881;"A";"Данные СберИндекса";"Неделя";"Налоговые и юридические консультации и услуги";"2";"% г/г";"0"
"2025-01-05";10.82536393;"A";"Данные СберИндекса";"Неделя";"Налоговые и юридические консультации и услуги";"2";"% г/г";"0"
"2025-01-12";3.02281454;"A";"Данные СберИндекса";"Неделя";"Налоговые и юридические консультации и услуги";"2";"% г/г";"0"
"2025-01-19";21.77321752;"A";"Данные СберИндекса";"Неделя";"Налоговые и юридические консультации и услуги";"2";"% г/г";"0"
"2025-01-26";24.2604015;"A";"Данные СберИндекса";"Неделя";"Налоговые и юридические консультации и услуги";"2";"% г/г";"0"
"2025-02-02";24.26456482;"A";"Данные СберИндекса";"Неделя";"Налоговые и юридические консультации и услуги";"2";"% г/г";"0"
"2025-02-09";23.25014059;"A";"Данные СберИндекса";"Неделя";"Налоговые и юридические консультации и услуги";"2";"% г/г";"0"
"2025-02-16";24.62880388;"A";"Данные СберИндекса";"Неделя";"Налоговые и юридические консультации и услуги";"2";"% г/г";"0"
"2025-02-23";31.3845828;"A";"Данные СберИндекса";"Неделя";"Налоговые и юридические консультации и услуги";"2";"% г/г";"0"
"2025-03-02";22.35424863;"A";"Данные СберИндекса";"Неделя";"Налоговые и юридические консультации и услуги";"2";"% г/г";"0"
"2025-03-09";27.57676557;"A";"Данные СберИндекса";"Неделя";"Налоговые и юридические консультации и услуги";"2";"% г/г";"0"
"2025-03-16";22.56860581;"A";"Данные СберИндекса";"Неделя";"Налоговые и юридические консультации и услуги";"2";"% г/г";"0"
"2025-03-23";21.63531121;"A";"Данные СберИндекса";"Неделя";"Налоговые и юридические консультации и услуги";"2";"% г/г";"0"
"2025-03-30";21.29888726;"A";"Данные СберИндекса";"Неделя";"Налоговые и юридические консультации и услуги";"2";"% г/г";"0"
"2025-04-06";18.18811158;"A";"Данные СберИндекса";"Неделя";"Налоговые и юридические консультации и услуги";"2";"% г/г";"0"
"2025-04-13";16.29341481;"A";"Данные СберИндекса";"Неделя";"Налоговые и юридические консультации и услуги";"2";"% г/г";"0"
"2025-04-20";16.44681245;"A";"Данные СберИндекса";"Неделя";"Налоговые и юридические консультации и услуги";"2";"% г/г";"0"
"2025-04-27";14.85243226;"A";"Данные СберИндекса";"Неделя";"Налоговые и юридические консультации и услуги";"2";"% г/г";"0"
"2025-05-04";35.05806493;"A";"Данные СберИндекса";"Неделя";"Налоговые и юридические консультации и услуги";"2";"% г/г";"0"
"2025-05-11";22.283163;"A";"Данные СберИндекса";"Неделя";"Налоговые и юридические консультации и услуги";"2";"% г/г";"0"
"2025-05-18";25.18888443;"A";"Данные СберИндекса";"Неделя";"Налоговые и юридические консультации и услуги";"2";"% г/г";"0"
"2025-05-25";20.91786888;"A";"Данные СберИндекса";"Неделя";"Налоговые и юридические консультации и услуги";"2";"% г/г";"0"
"2025-06-01";22.98514239;"A";"Данные СберИндекса";"Неделя";"Налоговые и юридические консультации и услуги";"2";"% г/г";"0"
"2025-06-08";18.29823573;"A";"Данные СберИндекса";"Неделя";"Налоговые и юридические консультации и услуги";"2";"% г/г";"0"
"2025-06-15";10.61309353;"A";"Данные СберИндекса";"Неделя";"Налоговые и юридические консультации и услуги";"2";"% г/г";"0"
"2025-06-22";21.05412696;"A";"Данные СберИндекса";"Неделя";"Налоговые и юридические консультации и услуги";"2";"% г/г";"0"
"2025-06-29";19.90511424;"A";"Данные СберИндекса";"Неделя";"Налоговые и юридические консультации и услуги";"2";"% г/г";"0"
"2025-07-06";22.63468082;"A";"Данные СберИндекса";"Неделя";"Налоговые и юридические консультации и услуги";"2";"% г/г";"0"
"2025-07-13";17.72139829;"A";"Данные СберИндекса";"Неделя";"Налоговые и юридические консультации и услуги";"2";"% г/г";"0"
"2025-07-20";18.30210146;"A";"Данные СберИндекса";"Неделя";"Налоговые и юридические консультации и услуги";"2";"% г/г";"0"
"2025-07-27";18.22367;"A";"Данные СберИндекса";"Неделя";"Налоговые и юридические консультации и услуги";"2";"% г/г";"0"
"2025-08-03";20.42048244;"A";"Данные СберИндекса";"Неделя";"Налоговые и юридические консультации и услуги";"2";"% г/г";"0"
"2025-08-10";21.88382186;"A";"Данные СберИндекса";"Неделя";"Налоговые и юридические консультации и услуги";"2";"% г/г";"0"
"2025-08-17";22.65868998;"A";"Данные СберИндекса";"Неделя";"Налоговые и юридические консультации и услуги";"2";"% г/г";"0"
"2025-08-24";22.70566935;"A";"Данные СберИндекса";"Неделя";"Налоговые и юридические консультации и услуги";"2";"% г/г";"0"
"2025-08-31";24.15835954;"A";"Данные СберИндекса";"Неделя";"Налоговые и юридические консультации и услуги";"2";"% г/г";"0"
"2025-09-07";17.07676895;"A";"Данные СберИндекса";"Неделя";"Налоговые и юридические консультации и услуги";"2";"% г/г";"0"
"2025-09-14";18.94769496;"A";"Данные СберИндекса";"Неделя";"Налоговые и юридические консультации и услуги";"2";"% г/г";"0"
"2025-09-21";21.22641279;"A";"Данные СберИндекса";"Неделя";"Налоговые и юридические консультации и услуги";"2";"% г/г";"0"
"2025-09-28";19.09930249;"A";"Данные СберИндекса";"Неделя";"Налоговые и юридические консультации и услуги";"2";"% г/г";"0"
"2025-10-05";22.2520575;"A";"Данные СберИндекса";"Неделя";"Налоговые и юридические консультации и услуги";"2";"% г/г";"0"
"2025-10-12";22.56774233;"A";"Данные СберИндекса";"Неделя";"Налоговые и юридические консультации и услуги";"2";"% г/г";"0"
"2025-10-19";22.71266236;"A";"Данные СберИндекса";"Неделя";"Налоговые и юридические консультации и услуги";"2";"% г/г";"0"
"2025-10-26";26.34487741;"A";"Данные СберИндекса";"Неделя";"Налоговые и юридические консультации и услуги";"2";"% г/г";"0"
"2025-11-02";25.09367081;"A";"Данные СберИндекса";"Неделя";"Налоговые и юридические консультации и услуги";"2";"% г/г";"0"
"2025-11-09";12.52734562;"A";"Данные СберИндекса";"Неделя";"Налоговые и юридические консультации и услуги";"2";"% г/г";"0"
"2025-11-16";22.08020044;"A";"Данные СберИндекса";"Неделя";"Налоговые и юридические консультации и услуги";"2";"% г/г";"0"
"2025-11-23";21.84699898;"A";"Данные СберИндекса";"Неделя";"Налоговые и юридические консультации и услуги";"2";"% г/г";"0"
"2025-11-30";23.83047027;"A";"Данные СберИндекса";"Неделя";"Налоговые и юридические консультации и услуги";"2";"% г/г";"0"
"2025-12-07";21.25327622;"A";"Данные СберИндекса";"Неделя";"Налоговые и юридические консультации и услуги";"2";"% г/г";"0"
"2025-12-14";17.90314545;"A";"Данные СберИндекса";"Неделя";"Налоговые и юридические консультации и услуги";"2";"% г/г";"0"
"2025-12-21";22.88485651;"A";"Данные СберИндекса";"Неделя";"Налоговые и юридические консультации и услуги";"2";"% г/г";"0"
"2025-12-28";25.07585957;"A";"Данные СберИндекса";"Неделя";"Налоговые и юридические консультации и услуги";"2";"% г/г";"0"
"2026-01-04";138.72100981;"A";"Данные СберИндекса";"Неделя";"Налоговые и юридические консультации и услуги";"2";"% г/г";"0"
"2026-01-11";-8.95809203;"A";"Данные СберИндекса";"Неделя";"Налоговые и юридические консультации и услуги";"2";"% г/г";"0"
"2026-01-18";13.20229428;"A";"Данные СберИндекса";"Неделя";"Налоговые и юридические консультации и услуги";"2";"% г/г";"0"
"2026-01-25";16.0058334;"A";"Данные СберИндекса";"Неделя";"Налоговые и юридические консультации и услуги";"2";"% г/г";"0"
"2026-02-01";16.29103757;"A";"Данные СберИндекса";"Неделя";"Налоговые и юридические консультации и услуги";"2";"% г/г";"0"
"2026-02-08";13.60713733;"A";"Данные СберИндекса";"Неделя";"Налоговые и юридические консультации и услуги";"2";"% г/г";"0"
"2026-02-15";13.82735138;"A";"Данные СберИндекса";"Неделя";"Налоговые и юридические консультации и услуги";"2";"% г/г";"0"
"2026-02-22";14.31371575;"A";"Данные СберИндекса";"Неделя";"Налоговые и юридические консультации и услуги";"2";"% г/г";"0"
"2026-03-01";11.76731752;"A";"Данные СберИндекса";"Неделя";"Налоговые и юридические консультации и услуги";"2";"% г/г";"0"
"2026-03-08";14.5441902;"A";"Данные СберИндекса";"Неделя";"Налоговые и юридические консультации и услуги";"2";"% г/г";"0"
"2026-03-15";6.90920067;"A";"Данные СберИндекса";"Неделя";"Налоговые и юридические консультации и услуги";"2";"% г/г";"0"
"2026-03-22";10.30663626;"A";"Данные СберИндекса";"Неделя";"Налоговые и юридические консультации и услуги";"2";"% г/г";"0"
"2026-03-29";11.2464765;"A";"Данные СберИндекса";"Неделя";"Налоговые и юридические консультации и услуги";"2";"% г/г";"0"
"2026-04-05";10.18385016;"A";"Данные СберИндекса";"Неделя";"Налоговые и юридические консультации и услуги";"2";"% г/г";"0"
"2026-04-12";7.00894178;"A";"Данные СберИндекса";"Неделя";"Налоговые и юридические консультации и услуги";"2";"% г/г";"0"
"2026-04-19";8.88271065;"A";"Данные СберИндекса";"Неделя";"Налоговые и юридические консультации и услуги";"2";"% г/г";"0"
"2026-04-26";8.02587998;"A";"Данные СберИндекса";"Неделя";"Налоговые и юридические консультации и услуги";"2";"% г/г";"0"
"2026-05-03";16.78468467;"A";"Данные СберИндекса";"Неделя";"Налоговые и юридические консультации и услуги";"2";"% г/г";"0"
"2026-05-10";22.08927523;"A";"Данные СберИндекса";"Неделя";"Налоговые и юридические консультации и услуги";"2";"% г/г";"0"
"2026-05-17";0.41604411;"A";"Данные СберИндекса";"Неделя";"Налоговые и юридические консультации и услуги";"2";"% г/г";"0"
"2026-05-24";11.81844173;"A";"Данные СберИндекса";"Неделя";"Налоговые и юридические консультации и услуги";"2";"% г/г";"0"
"2026-05-31";12.16083396;"A";"Данные СберИндекса";"Неделя";"Налоговые и юридические консультации и услуги";"2";"% г/г";"0"
"2026-06-07";11.91908695;"A";"Данные СберИндекса";"Неделя";"Налоговые и юридические консультации и услуги";"2";"% г/г";"0"
"2026-06-14";13.47698259;"A";"Данные СберИндекса";"Неделя";"Налоговые и юридические консультации и услуги";"2";"% г/г";"0"
"2026-06-21";13.00579299;"A";"Данные СберИндекса";"Неделя";"Налоговые и юридические консультации и услуги";"2";"% г/г";"0"
"2026-06-28";12.64262089;"A";"Данные СберИндекса";"Неделя";"Налоговые и юридические консультации и услуги";"2";"% г/г";"0"
"2026-07-05";12.51557713;"A";"Данные СберИндекса";"Неделя";"Налоговые и юридические консультации и услуги";"2";"% г/г";"0"
"2026-07-12";13.18994218;"A";"Данные СберИндекса";"Неделя";"Налоговые и юридические консультации и услуги";"2";"% г/г";"0"
"2026-07-19";13.38705607;"A";"Данные СберИндекса";"Неделя";"Налоговые и юридические консультации и услуги";"2";"% г/г";"0"
"2026-07-26";13.50712896;"A";"Данные СберИндекса";"Неделя";"Налоговые и юридические консультации и услуги";"2";"% г/г";"0"
"2026-08-02";13.46375039;"A";"Данные СберИндекса";"Неделя";"Налоговые и юридические консультации и услуги";"2";"% г/г";"0"
"2026-08-09";12.91952895;"A";"Данные СберИндекса";"Неделя";"Налоговые и юридические консультации и услуги";"2";"% г/г";"0"
"2026-08-16";12.92214241;"A";"Данные СберИндекса";"Неделя";"Налоговые и юридические консультации и услуги";"2";"% г/г";"0"
"2026-08-23";12.82691178;"A";"Данные СберИндекса";"Неделя";"Налоговые и юридические консультации и услуги";"2";"% г/г";"0"
"2026-08-30";12.88008965;"A";"Данные СберИндекса";"Неделя";"Налоговые и юридические консультации и услуги";"2";"% г/г";"0"
"2026-09-06";12.95578742;"A";"Данные СберИндекса";"Неделя";"Налоговые и юридические консультации и услуги";"2";"% г/г";"0"
"2026-09-13";11.95006164;"A";"Данные СберИндекса";"Неделя";"Налоговые и юридические консультации и услуги";"2";"% г/г";"0"
"2026-09-20";12.11223617;"A";"Данные СберИндекса";"Неделя";"Налоговые и юридические консультации и услуги";"2";"% г/г";"0"
"2026-09-27";11.84074889;"A";"Данные СберИндекса";"Неделя";"Налоговые и юридические консультации и услуги";"2";"% г/г";"0"
"2026-10-04";11.74702986;"A";"Данные СберИндекса";"Неделя";"Налоговые и юридические консультации и услуги";"2";"% г/г";"0"
"2023-11-12";-5.29572061;"A";"Данные СберИндекса";"Неделя";"Хобби и увлечения";"2";"% г/г";"0"
"2023-11-19";-3.37162128;"A";"Данные СберИндекса";"Неделя";"Хобби и увлечения";"2";"% г/г";"0"
"2023-11-26";-3.03544632;"A";"Данные СберИндекса";"Неделя";"Хобби и увлечения";"2";"% г/г";"0"
"2023-12-03";-2.1221557;"A";"Данные СберИндекса";"Неделя";"Хобби и увлечения";"2";"% г/г";"0"
"2023-12-10";-1.24219707;"A";"Данные СберИндекса";"Неделя";"Хобби и увлечения";"2";"% г/г";"0"
"2023-12-17";-0.78237841;"A";"Данные СберИндекса";"Неделя";"Хобби и увлечения";"2";"% г/г";"0"
"2023-12-24";-0.85367252;"A";"Данные СберИндекса";"Неделя";"Хобби и увлечения";"2";"% г/г";"0"
"2023-12-31";-0.52460353;"A";"Данные СберИндекса";"Неделя";"Хобби и увлечения";"2";"% г/г";"0"
"2024-01-07";-4.49680523;"A";"Данные СберИндекса";"Неделя";"Хобби и увлечения";"2";"% г/г";"0"
"2024-01-14";-3.4543301;"A";"Данные СберИндекса";"Неделя";"Хобби и увлечения";"2";"% г/г";"0"
"2024-01-21";-2.64890577;"A";"Данные СберИндекса";"Неделя";"Хобби и увлечения";"2";"% г/г";"0"
"2024-01-28";-2.62751326;"A";"Данные СберИндекса";"Неделя";"Хобби и увлечения";"2";"% г/г";"0"
"2024-02-04";-2.56137705;"A";"Данные СберИндекса";"Неделя";"Хобби и увлечения";"2";"% г/г";"0"
"2024-02-11";-2.55895871;"A";"Данные СберИндекса";"Неделя";"Хобби и увлечения";"2";"% г/г";"0"
"2024-02-18";-2.68979877;"A";"Данные СберИндекса";"Неделя";"Хобби и увлечения";"2";"% г/г";"0"
"2024-02-25";-2.15046197;"A";"Данные СберИндекса";"Неделя";"Хобби и увлечения";"2";"% г/г";"0"
"2024-03-03";-1.89995398;"A";"Данные СберИндекса";"Неделя";"Хобби и увлечения";"2";"% г/г";"0"
"2024-03-10";-0.57233072;"A";"Данные СберИндекса";"Неделя";"Хобби и увлечения";"2";"% г/г";"0"
"2024-03-17";-1.37446834;"A";"Данные СберИндекса";"Неделя";"Хобби и увлечения";"2";"% г/г";"0"
"2024-03-24";-1.90063441;"A";"Данные СберИндекса";"Неделя";"Хобби и увлечения";"2";"% г/г";"0"
"2024-03-31";-1.55650926;"A";"Данные СберИндекса";"Неделя";"Хобби и увлечения";"2";"% г/г";"0"
"2024-04-07";-1.74652005;"A";"Данные СберИндекса";"Неделя";"Хобби и увлечения";"2";"% г/г";"0"
"2024-04-14";-0.88548297;"A";"Данные СберИндекса";"Неделя";"Хобби и увлечения";"2";"% г/г";"0"
"2024-04-21";-1.3854841;"A";"Данные СберИндекса";"Неделя";"Хобби и увлечения";"2";"% г/г";"0"
"2024-04-28";-1.68097494;"A";"Данные СберИндекса";"Неделя";"Хобби и увлечения";"2";"% г/г";"0"
"2024-05-05";-3.17839172;"A";"Данные СберИндекса";"Неделя";"Хобби и увлечения";"2";"% г/г";"0"
"2024-05-12";-2.5782125;"A";"Данные СберИндекса";"Неделя";"Хобби и увлечения";"2";"% г/г";"0"
"2024-05-19";-2.38211939;"A";"Данные СберИндекса";"Неделя";"Хобби и увлечения";"2";"% г/г";"0"
"2024-05-26";-1.97339504;"A";"Данные СберИндекса";"Неделя";"Хобби и увлечения";"2";"% г/г";"0"
"2024-06-02";-2.06102627;"A";"Данные СберИндекса";"Неделя";"Хобби и увлечения";"2";"% г/г";"0"
"2024-06-09";-2.52091627;"A";"Данные СберИндекса";"Неделя";"Хобби и увлечения";"2";"% г/г";"0"
"2024-06-16";-1.96586845;"A";"Данные СберИндекса";"Неделя";"Хобби и увлечения";"2";"% г/г";"0"
"2024-06-23";-2.6379143;"A";"Данные СберИндекса";"Неделя";"Хобби и увлечения";"2";"% г/г";"0"
"2024-06-30";-2.61648774;"A";"Данные СберИндекса";"Неделя";"Хобби и увлечения";"2";"% г/г";"0"
"2024-07-07";-3.94851515;"A";"Данные СберИндекса";"Неделя";"Хобби и увлечения";"2";"% г/г";"0"
"2024-07-14";-4.487894;"A";"Данные СберИндекса";"Неделя";"Хобби и увлечения";"2";"% г/г";"0"
"2024-07-21";-4.41260972;"A";"Данные СберИндекса";"Неделя";"Хобби и увлечения";"2";"% г/г";"0"
"2024-07-28";-3.96929832;"A";"Данные СберИндекса";"Неделя";"Хобби и увлечения";"2";"% г/г";"0"
"2024-08-04";-2.59677521;"A";"Данные СберИндекса";"Неделя";"Хобби и увлечения";"2";"% г/г";"0"
"2024-08-11";-1.97985316;"A";"Данные СберИндекса";"Неделя";"Хобби и увлечения";"2";"% г/г";"0"
"2024-08-18";-2.1050116;"A";"Данные СберИндекса";"Неделя";"Хобби и увлечения";"2";"% г/г";"0"
"2024-08-25";-2.56310464;"A";"Данные СберИндекса";"Неделя";"Хобби и увлечения";"2";"% г/г";"0"
"2024-09-01";-2.92135405;"A";"Данные СберИндекса";"Неделя";"Хобби и увлечения";"2";"% г/г";"0"
"2024-09-08";-3.14549343;"A";"Данные СберИндекса";"Неделя";"Хобби и увлечения";"2";"% г/г";"0"
"2024-09-15";-2.76872716;"A";"Данные СберИндекса";"Неделя";"Хобби и увлечения";"2";"% г/г";"0"
"2024-09-22";-2.78200354;"A";"Данные СберИндекса";"Неделя";"Хобби и увлечения";"2";"% г/г";"0"
"2024-09-29";-3.33136404;"A";"Данные СберИндекса";"Неделя";"Хобби и увлечения";"2";"% г/г";"0"
"2024-10-06";-3.56329432;"A";"Данные СберИндекса";"Неделя";"Хобби и увлечения";"2";"% г/г";"0"
"2024-10-13";-3.61237053;"A";"Данные СберИндекса";"Неделя";"Хобби и увлечения";"2";"% г/г";"0"
"2024-10-20";-2.83620887;"A";"Данные СберИндекса";"Неделя";"Хобби и увлечения";"2";"% г/г";"0"
"2024-10-27";-2.33132013;"A";"Данные СберИндекса";"Неделя";"Хобби и увлечения";"2";"% г/г";"0"
"2024-11-03";-1.39229721;"A";"Данные СберИндекса";"Неделя";"Хобби и увлечения";"2";"% г/г";"0"
"2024-11-10";-0.70906043;"A";"Данные СберИндекса";"Неделя";"Хобби и увлечения";"2";"% г/г";"0"
"2024-11-17";0.03581417;"A";"Данные СберИндекса";"Неделя";"Хобби и увлечения";"2";"% г/г";"0"
"2024-11-24";0.1500252;"A";"Данные СберИндекса";"Неделя";"Хобби и увлечения";"2";"% г/г";"0"
"2024-12-01";1.50261215;"A";"Данные СберИндекса";"Неделя";"Хобби и увлечения";"2";"% г/г";"0"
"2024-12-08";0.85918899;"A";"Данные СберИндекса";"Неделя";"Хобби и увлечения";"2";"% г/г";"0"
"2024-12-15";0.21095298;"A";"Данные СберИндекса";"Неделя";"Хобби и увлечения";"2";"% г/г";"0"
"2024-12-22";-0.04129749;"A";"Данные СберИндекса";"Неделя";"Хобби и увлечения";"2";"% г/г";"0"
"2024-12-29";0.0393526;"A";"Данные СберИндекса";"Неделя";"Хобби и увлечения";"2";"% г/г";"0"
"2025-01-05";2.69955261;"A";"Данные СберИндекса";"Неделя";"Хобби и увлечения";"2";"% г/г";"0"
"2025-01-12";-0.05499842;"A";"Данные СберИндекса";"Неделя";"Хобби и увлечения";"2";"% г/г";"0"
"2025-01-19";-0.06447571;"A";"Данные СберИндекса";"Неделя";"Хобби и увлечения";"2";"% г/г";"0"
"2025-01-26";-0.24038236;"A";"Данные СберИндекса";"Неделя";"Хобби и увлечения";"2";"% г/г";"0"
"2025-02-02";-0.8879671;"A";"Данные СберИндекса";"Неделя";"Хобби и увлечения";"2";"% г/г";"0"
"2025-02-09";-0.31151928;"A";"Данные СберИндекса";"Неделя";"Хобби и увлечения";"2";"% г/г";"0"
"2025-02-16";0.41940924;"A";"Данные СберИндекса";"Неделя";"Хобби и увлечения";"2";"% г/г";"0"
"2025-02-23";-0.31237659;"A";"Данные СберИндекса";"Неделя";"Хобби и увлечения";"2";"% г/г";"0"
"2025-03-02";-1.96881987;"A";"Данные СберИндекса";"Неделя";"Хобби и увлечения";"2";"% г/г";"0"
"2025-03-09";-2.62873949;"A";"Данные СберИндекса";"Неделя";"Хобби и увлечения";"2";"% г/г";"0"
"2025-03-16";-2.06950611;"A";"Данные СберИндекса";"Неделя";"Хобби и увлечения";"2";"% г/г";"0"
"2025-03-23";-1.47785965;"A";"Данные СберИндекса";"Неделя";"Хобби и увлечения";"2";"% г/г";"0"
"2025-03-30";-1.91919063;"A";"Данные СберИндекса";"Неделя";"Хобби и увлечения";"2";"% г/г";"0"
"2025-04-06";-0.30847185;"A";"Данные СберИндекса";"Неделя";"Хобби и увлечения";"2";"% г/г";"0"
"2025-04-13";0.65171443;"A";"Данные СберИндекса";"Неделя";"Хобби и увлечения";"2";"% г/г";"0"
"2025-04-20";-0.08258891;"A";"Данные СберИндекса";"Неделя";"Хобби и увлечения";"2";"% г/г";"0"
"2025-04-27";0.75402728;"A";"Данные СберИндекса";"Неделя";"Хобби и увлечения";"2";"% г/г";"0"
"2025-05-04";1.73783541;"A";"Данные СберИндекса";"Неделя";"Хобби и увлечения";"2";"% г/г";"0"
"2025-05-11";0.20887246;"A";"Данные СберИндекса";"Неделя";"Хобби и увлечения";"2";"% г/г";"0"
"2025-05-18";0.24829587;"A";"Данные СберИндекса";"Неделя";"Хобби и увлечения";"2";"% г/г";"0"
"2025-05-25";-0.43276458;"A";"Данные СберИндекса";"Неделя";"Хобби и увлечения";"2";"% г/г";"0"
"2025-06-01";-0.23654166;"A";"Данные СберИндекса";"Неделя";"Хобби и увлечения";"2";"% г/г";"0"
"2025-06-08";0.99373443;"A";"Данные СберИндекса";"Неделя";"Хобби и увлечения";"2";"% г/г";"0"
"2025-06-15";0.90726963;"A";"Данные СберИндекса";"Неделя";"Хобби и увлечения";"2";"% г/г";"0"
"2025-06-22";1.61927435;"A";"Данные СберИндекса";"Неделя";"Хобби и увлечения";"2";"% г/г";"0"
"2025-06-29";1.57290648;"A";"Данные СберИндекса";"Неделя";"Хобби и увлечения";"2";"% г/г";"0"
"2025-07-06";1.95246141;"A";"Данные СберИндекса";"Неделя";"Хобби и увлечения";"2";"% г/г";"0"
"2025-07-13";1.18064697;"A";"Данные СберИндекса";"Неделя";"Хобби и увлечения";"2";"% г/г";"0"
"2025-07-20";1.51669844;"A";"Данные СберИндекса";"Неделя";"Хобби и увлечения";"2";"% г/г";"0"
"2025-07-27";1.17625622;"A";"Данные СберИндекса";"Неделя";"Хобби и увлечения";"2";"% г/г";"0"
"2025-08-03";0.42762269;"A";"Данные СберИндекса";"Неделя";"Хобби и увлечения";"2";"% г/г";"0"
"2025-08-10";-0.05374211;"A";"Данные СберИндекса";"Неделя";"Хобби и увлечения";"2";"% г/г";"0"
"2025-08-17";-0.08286381;"A";"Данные СберИндекса";"Неделя";"Хобби и увлечения";"2";"% г/г";"0"
"2025-08-24";0.11100996;"A";"Данные СберИндекса";"Неделя";"Хобби и увлечения";"2";"% г/г";"0"
"2025-08-31";0.03855341;"A";"Данные СберИндекса";"Неделя";"Хобби и увлечения";"2";"% г/г";"0"
"2025-09-07";-1.77709725;"A";"Данные СберИндекса";"Неделя";"Хобби и увлечения";"2";"% г/г";"0"
"2025-09-14";-1.66571562;"A";"Данные СберИндекса";"Неделя";"Хобби и увлечения";"2";"% г/г";"0"
"2025-09-21";-1.49574893;"A";"Данные СберИндекса";"Неделя";"Хобби и увлечения";"2";"% г/г";"0"
"2025-09-28";-1.81878884;"A";"Данные СберИндекса";"Неделя";"Хобби и увлечения";"2";"% г/г";"0"
"2025-10-05";-2.04996585;"A";"Данные СберИндекса";"Неделя";"Хобби и увлечения";"2";"% г/г";"0"
"2025-10-12";-2.43717138;"A";"Данные СберИндекса";"Неделя";"Хобби и увлечения";"2";"% г/г";"0"
"2025-10-19";-2.72062279;"A";"Данные СберИндекса";"Неделя";"Хобби и увлечения";"2";"% г/г";"0"
"2025-10-26";-3.01547056;"A";"Данные СберИндекса";"Неделя";"Хобби и увлечения";"2";"% г/г";"0"
"2025-11-02";-2.87511804;"A";"Данные СберИндекса";"Неделя";"Хобби и увлечения";"2";"% г/г";"0"
"2025-11-09";-2.74546157;"A";"Данные СберИндекса";"Неделя";"Хобби и увлечения";"2";"% г/г";"0"
"2025-11-16";-1.71310383;"A";"Данные СберИндекса";"Неделя";"Хобби и увлечения";"2";"% г/г";"0"
"2025-11-23";-1.89090329;"A";"Данные СберИндекса";"Неделя";"Хобби и увлечения";"2";"% г/г";"0"
"2025-11-30";-1.93893196;"A";"Данные СберИндекса";"Неделя";"Хобби и увлечения";"2";"% г/г";"0"
"2025-12-07";-2.00679965;"A";"Данные СберИндекса";"Неделя";"Хобби и увлечения";"2";"% г/г";"0"
"2025-12-14";-1.81879702;"A";"Данные СберИндекса";"Неделя";"Хобби и увлечения";"2";"% г/г";"0"
"2025-12-21";-1.57177594;"A";"Данные СберИндекса";"Неделя";"Хобби и увлечения";"2";"% г/г";"0"
"2025-12-28";-1.80122593;"A";"Данные СберИндекса";"Неделя";"Хобби и увлечения";"2";"% г/г";"0"
"2026-01-04";0.38121497;"A";"Данные СберИндекса";"Неделя";"Хобби и увлечения";"2";"% г/г";"0"
"2026-01-11";-1.08742694;"A";"Данные СберИндекса";"Неделя";"Хобби и увлечения";"2";"% г/г";"0"
"2026-01-18";-0.58460795;"A";"Данные СберИндекса";"Неделя";"Хобби и увлечения";"2";"% г/г";"0"
"2026-01-25";-0.13281004;"A";"Данные СберИндекса";"Неделя";"Хобби и увлечения";"2";"% г/г";"0"
"2026-02-01";0.70446473;"A";"Данные СберИндекса";"Неделя";"Хобби и увлечения";"2";"% г/г";"0"
"2026-02-08";0.02621658;"A";"Данные СберИндекса";"Неделя";"Хобби и увлечения";"2";"% г/г";"0"
"2026-02-15";-0.51046138;"A";"Данные СберИндекса";"Неделя";"Хобби и увлечения";"2";"% г/г";"0"
"2026-02-22";-1.09128506;"A";"Данные СберИндекса";"Неделя";"Хобби и увлечения";"2";"% г/г";"0"
"2026-03-01";0.37823286;"A";"Данные СберИндекса";"Неделя";"Хобби и увлечения";"2";"% г/г";"0"
"2026-03-08";1.21283203;"A";"Данные СберИндекса";"Неделя";"Хобби и увлечения";"2";"% г/г";"0"
"2026-03-15";3.1750067;"A";"Данные СберИндекса";"Неделя";"Хобби и увлечения";"2";"% г/г";"0"
"2026-03-22";2.98118838;"A";"Данные СберИндекса";"Неделя";"Хобби и увлечения";"2";"% г/г";"0"
"2026-03-29";3.31433618;"A";"Данные СберИндекса";"Неделя";"Хобби и увлечения";"2";"% г/г";"0"
"2026-04-05";2.22860998;"A";"Данные СберИндекса";"Неделя";"Хобби и увлечения";"2";"% г/г";"0"
"2026-04-12";0.06227778;"A";"Данные СберИндекса";"Неделя";"Хобби и увлечения";"2";"% г/г";"0"
"2026-04-19";2.27589511;"A";"Данные СберИндекса";"Неделя";"Хобби и увлечения";"2";"% г/г";"0"
"2026-04-26";2.13675185;"A";"Данные СберИндекса";"Неделя";"Хобби и увлечения";"2";"% г/г";"0"
"2026-05-03";1.7364478;"A";"Данные СберИндекса";"Неделя";"Хобби и увлечения";"2";"% г/г";"0"
"2026-05-10";1.48508678;"A";"Данные СберИндекса";"Неделя";"Хобби и увлечения";"2";"% г/г";"0"
"2026-05-17";1.24852712;"A";"Данные СберИндекса";"Неделя";"Хобби и увлечения";"2";"% г/г";"0"
"2026-05-24";8.01494371;"A";"Данные СберИндекса";"Неделя";"Хобби и увлечения";"2";"% г/г";"0"
"2026-05-31";9.1593329;"A";"Данные СберИндекса";"Неделя";"Хобби и увлечения";"2";"% г/г";"0"
"2026-06-07";7.50660535;"A";"Данные СберИндекса";"Неделя";"Хобби и увлечения";"2";"% г/г";"0"
"2026-06-14";0.80206032;"A";"Данные СберИндекса";"Неделя";"Хобби и увлечения";"2";"% г/г";"0"
"2026-06-21";0.65648573;"A";"Данные СберИндекса";"Неделя";"Хобби и увлечения";"2";"% г/г";"0"
"2026-06-28";0.38526166;"A";"Данные СберИндекса";"Неделя";"Хобби и увлечения";"2";"% г/г";"0"
"2026-07-05";1.95295696;"A";"Данные СберИндекса";"Неделя";"Хобби и увлечения";"2";"% г/г";"0"
"2026-07-12";3.10227304;"A";"Данные СберИндекса";"Неделя";"Хобби и увлечения";"2";"% г/г";"0"
"2026-07-19";2.97826878;"A";"Данные СберИндекса";"Неделя";"Хобби и увлечения";"2";"% г/г";"0"
"2026-07-26";3.27584432;"A";"Данные СберИндекса";"Неделя";"Хобби и увлечения";"2";"% г/г";"0"
"2026-08-02";3.43037105;"A";"Данные СберИндекса";"Неделя";"Хобби и увлечения";"2";"% г/г";"0"
"2026-08-09";3.45267054;"A";"Данные СберИндекса";"Неделя";"Хобби и увлечения";"2";"% г/г";"0"
"2026-08-16";8.73164163;"A";"Данные СберИндекса";"Неделя";"Хобби и увлечения";"2";"% г/г";"0"
"2026-08-23";7.69300592;"A";"Данные СберИндекса";"Неделя";"Хобби и увлечения";"2";"% г/г";"0"
"2026-08-30";7.9275328;"A";"Данные СберИндекса";"Неделя";"Хобби и увлечения";"2";"% г/г";"0"
"2026-09-06";10.80584989;"A";"Данные СберИндекса";"Неделя";"Хобби и увлечения";"2";"% г/г";"0"
"2026-09-13";9.15321369;"A";"Данные СберИндекса";"Неделя";"Хобби и увлечения";"2";"% г/г";"0"
"2026-09-20";7.96488337;"A";"Данные СберИндекса";"Неделя";"Хобби и увлечения";"2";"% г/г";"0"
"2026-09-27";11.33295986;"A";"Данные СберИндекса";"Неделя";"Хобби и увлечения";"2";"% г/г";"0"
"2026-10-04";11.97421719;"A";"Данные СберИндекса";"Неделя";"Хобби и увлечения";"2";"% г/г";"0"
"2023-11-12";3.7876503;"A";"Данные СберИндекса";"Неделя";"Домашние животные";"2";"% г/г";"0"
"2023-11-19";3.66478534;"A";"Данные СберИндекса";"Неделя";"Домашние животные";"2";"% г/г";"0"
"2023-11-26";4.13443328;"A";"Данные СберИндекса";"Неделя";"Домашние животные";"2";"% г/г";"0"
"2023-12-03";4.00817472;"A";"Данные СберИндекса";"Неделя";"Домашние животные";"2";"% г/г";"0"
"2023-12-10";4.64056351;"A";"Данные СберИндекса";"Неделя";"Домашние животные";"2";"% г/г";"0"
"2023-12-17";5.28479165;"A";"Данные СберИндекса";"Неделя";"Домашние животные";"2";"% г/г";"0"
"2023-12-24";4.67394844;"A";"Данные СберИндекса";"Неделя";"Домашние животные";"2";"% г/г";"0"
"2023-12-31";9.94736134;"A";"Данные СберИндекса";"Неделя";"Домашние животные";"2";"% г/г";"0"
"2024-01-07";-3.83198959;"A";"Данные СберИндекса";"Неделя";"Домашние животные";"2";"% г/г";"0"
"2024-01-14";3.29598724;"A";"Данные СберИндекса";"Неделя";"Домашние животные";"2";"% г/г";"0"
"2024-01-21";5.57187573;"A";"Данные СберИндекса";"Неделя";"Домашние животные";"2";"% г/г";"0"
"2024-01-28";4.99184651;"A";"Данные СберИндекса";"Неделя";"Домашние животные";"2";"% г/г";"0"
"2024-02-04";6.71827516;"A";"Данные СберИндекса";"Неделя";"Домашние животные";"2";"% г/г";"0"
"2024-02-11";7.43079382;"A";"Данные СберИндекса";"Неделя";"Домашние животные";"2";"% г/г";"0"
"2024-02-18";6.98056251;"A";"Данные СберИндекса";"Неделя";"Домашние животные";"2";"% г/г";"0"
"2024-02-25";8.19422418;"A";"Данные СберИндекса";"Неделя";"Домашние животные";"2";"% г/г";"0"
"2024-03-03";6.14060285;"A";"Данные СберИндекса";"Неделя";"Домашние животные";"2";"% г/г";"0"
"2024-03-10";6.43447997;"A";"Данные СберИндекса";"Неделя";"Домашние животные";"2";"% г/г";"0"
"2024-03-17";5.39799862;"A";"Данные СберИндекса";"Неделя";"Домашние животные";"2";"% г/г";"0"
"2024-03-24";3.94331307;"A";"Данные СберИндекса";"Неделя";"Домашние животные";"2";"% г/г";"0"
"2024-03-31";7.01968873;"A";"Данные СберИндекса";"Неделя";"Домашние животные";"2";"% г/г";"0"
"2024-04-07";6.72975665;"A";"Данные СберИндекса";"Неделя";"Домашние животные";"2";"% г/г";"0"
"2024-04-14";8.17575979;"A";"Данные СберИндекса";"Неделя";"Домашние животные";"2";"% г/г";"0"
"2024-04-21";8.32944884;"A";"Данные СберИндекса";"Неделя";"Домашние животные";"2";"% г/г";"0"
"2024-04-28";9.2170262;"A";"Данные СберИндекса";"Неделя";"Домашние животные";"2";"% г/г";"0"
"2024-05-05";4.51614489;"A";"Данные СберИндекса";"Неделя";"Домашние животные";"2";"% г/г";"0"
"2024-05-12";7.47005709;"A";"Данные СберИндекса";"Неделя";"Домашние животные";"2";"% г/г";"0"
"2024-05-19";7.37257032;"A";"Данные СберИндекса";"Неделя";"Домашние животные";"2";"% г/г";"0"
"2024-05-26";7.81657165;"A";"Данные СберИндекса";"Неделя";"Домашние животные";"2";"% г/г";"0"
"2024-06-02";5.59609263;"A";"Данные СберИндекса";"Неделя";"Домашние животные";"2";"% г/г";"0"
"2024-06-09";5.40200883;"A";"Данные СберИндекса";"Неделя";"Домашние животные";"2";"% г/г";"0"
"2024-06-16";7.64667001;"A";"Данные СберИндекса";"Неделя";"Домашние животные";"2";"% г/г";"0"
"2024-06-23";6.51183471;"A";"Данные СберИндекса";"Неделя";"Домашние животные";"2";"% г/г";"0"
"2024-06-30";6.7515094;"A";"Данные СберИндекса";"Неделя";"Домашние животные";"2";"% г/г";"0"
"2024-07-07";5.52999975;"A";"Данные СберИндекса";"Неделя";"Домашние животные";"2";"% г/г";"0"
"2024-07-14";4.50564175;"A";"Данные СберИндекса";"Неделя";"Домашние животные";"2";"% г/г";"0"
"2024-07-21";6.29258394;"A";"Данные СберИндекса";"Неделя";"Домашние животные";"2";"% г/г";"0"
"2024-07-28";6.25669806;"A";"Данные СберИндекса";"Неделя";"Домашние животные";"2";"% г/г";"0"
"2024-08-04";7.93420825;"A";"Данные СберИндекса";"Неделя";"Домашние животные";"2";"% г/г";"0"
"2024-08-11";7.70317691;"A";"Данные СберИндекса";"Неделя";"Домашние животные";"2";"% г/г";"0"
"2024-08-18";8.15006428;"A";"Данные СберИндекса";"Неделя";"Домашние животные";"2";"% г/г";"0"
"2024-08-25";7.08357779;"A";"Данные СберИндекса";"Неделя";"Домашние животные";"2";"% г/г";"0"
"2024-09-01";6.13314703;"A";"Данные СберИндекса";"Неделя";"Домашние животные";"2";"% г/г";"0"
"2024-09-08";6.40054129;"A";"Данные СберИндекса";"Неделя";"Домашние животные";"2";"% г/г";"0"
"2024-09-15";7.58245087;"A";"Данные СберИндекса";"Неделя";"Домашние животные";"2";"% г/г";"0"
"2024-09-22";7.08426757;"A";"Данные СберИндекса";"Неделя";"Домашние животные";"2";"% г/г";"0"
"2024-09-29";6.57730458;"A";"Данные СберИндекса";"Неделя";"Домашние животные";"2";"% г/г";"0"
"2024-10-06";7.54340621;"A";"Данные СберИндекса";"Неделя";"Домашние животные";"2";"% г/г";"0"
"2024-10-13";7.03311862;"A";"Данные СберИндекса";"Неделя";"Домашние животные";"2";"% г/г";"0"
"2024-10-20";9.80752688;"A";"Данные СберИндекса";"Неделя";"Домашние животные";"2";"% г/г";"0"
"2024-10-27";9.51176846;"A";"Данные СберИндекса";"Неделя";"Домашние животные";"2";"% г/г";"0"
"2024-11-03";8.47453511;"A";"Данные СберИндекса";"Неделя";"Домашние животные";"2";"% г/г";"0"
"2024-11-10";10.47459221;"A";"Данные СберИндекса";"Неделя";"Домашние животные";"2";"% г/г";"0"
"2024-11-17";10.63590348;"A";"Данные СберИндекса";"Неделя";"Домашние животные";"2";"% г/г";"0"
"2024-11-24";8.62857791;"A";"Данные СберИндекса";"Неделя";"Домашние животные";"2";"% г/г";"0"
"2024-12-01";11.12633879;"A";"Данные СберИндекса";"Неделя";"Домашние животные";"2";"% г/г";"0"
"2024-12-08";10.50258771;"A";"Данные СберИндекса";"Неделя";"Домашние животные";"2";"% г/г";"0"
"2024-12-15";11.79329682;"A";"Данные СберИндекса";"Неделя";"Домашние животные";"2";"% г/г";"0"
"2024-12-22";9.66691288;"A";"Данные СберИндекса";"Неделя";"Домашние животные";"2";"% г/г";"0"
"2024-12-29";9.81724135;"A";"Данные СберИндекса";"Неделя";"Домашние животные";"2";"% г/г";"0"
"2025-01-05";20.44022566;"A";"Данные СберИндекса";"Неделя";"Домашние животные";"2";"% г/г";"0"
"2025-01-12";7.45276547;"A";"Данные СберИндекса";"Неделя";"Домашние животные";"2";"% г/г";"0"
"2025-01-19";9.98389306;"A";"Данные СберИндекса";"Неделя";"Домашние животные";"2";"% г/г";"0"
"2025-01-26";10.46758618;"A";"Данные СберИндекса";"Неделя";"Домашние животные";"2";"% г/г";"0"
"2025-02-02";8.21422091;"A";"Данные СберИндекса";"Неделя";"Домашние животные";"2";"% г/г";"0"
"2025-02-09";9.58110763;"A";"Данные СберИндекса";"Неделя";"Домашние животные";"2";"% г/г";"0"
"2025-02-16";12.0580143;"A";"Данные СберИндекса";"Неделя";"Домашние животные";"2";"% г/г";"0"
"2025-02-23";9.55330352;"A";"Данные СберИндекса";"Неделя";"Домашние животные";"2";"% г/г";"0"
"2025-03-02";8.7588024;"A";"Данные СберИндекса";"Неделя";"Домашние животные";"2";"% г/г";"0"
"2025-03-09";11.97061978;"A";"Данные СберИндекса";"Неделя";"Домашние животные";"2";"% г/г";"0"
"2025-03-16";13.57379016;"A";"Данные СберИндекса";"Неделя";"Домашние животные";"2";"% г/г";"0"
"2025-03-23";10.70437576;"A";"Данные СберИндекса";"Неделя";"Домашние животные";"2";"% г/г";"0"
"2025-03-30";8.0105827;"A";"Данные СберИндекса";"Неделя";"Домашние животные";"2";"% г/г";"0"
"2025-04-06";6.6423432;"A";"Данные СберИндекса";"Неделя";"Домашние животные";"2";"% г/г";"0"
"2025-04-13";5.53146311;"A";"Данные СберИндекса";"Неделя";"Домашние животные";"2";"% г/г";"0"
"2025-04-20";5.50965244;"A";"Данные СберИндекса";"Неделя";"Домашние животные";"2";"% г/г";"0"
"2025-04-27";6.52068665;"A";"Данные СберИндекса";"Неделя";"Домашние животные";"2";"% г/г";"0"
"2025-05-04";12.37752581;"A";"Данные СберИндекса";"Неделя";"Домашние животные";"2";"% г/г";"0"
"2025-05-11";10.24882242;"A";"Данные СберИндекса";"Неделя";"Домашние животные";"2";"% г/г";"0"
"2025-05-18";12.46065204;"A";"Данные СберИндекса";"Неделя";"Домашние животные";"2";"% г/г";"0"
"2025-05-25";11.08616902;"A";"Данные СберИндекса";"Неделя";"Домашние животные";"2";"% г/г";"0"
"2025-06-01";11.20679689;"A";"Данные СберИндекса";"Неделя";"Домашние животные";"2";"% г/г";"0"
"2025-06-08";11.08081468;"A";"Данные СберИндекса";"Неделя";"Домашние животные";"2";"% г/г";"0"
"2025-06-15";10.84359925;"A";"Данные СберИндекса";"Неделя";"Домашние животные";"2";"% г/г";"0"
"2025-06-22";10.8310175;"A";"Данные СберИндекса";"Неделя";"Домашние животные";"2";"% г/г";"0"
"2025-06-29";10.09533726;"A";"Данные СберИндекса";"Неделя";"Домашние животные";"2";"% г/г";"0"
"2025-07-06";11.80368791;"A";"Данные СберИндекса";"Неделя";"Домашние животные";"2";"% г/г";"0"
"2025-07-13";9.0274681;"A";"Данные СберИндекса";"Неделя";"Домашние животные";"2";"% г/г";"0"
"2025-07-20";10.65547131;"A";"Данные СберИндекса";"Неделя";"Домашние животные";"2";"% г/г";"0"
"2025-07-27";9.55840022;"A";"Данные СберИндекса";"Неделя";"Домашние животные";"2";"% г/г";"0"
"2025-08-03";7.96860228;"A";"Данные СберИндекса";"Неделя";"Домашние животные";"2";"% г/г";"0"
"2025-08-10";7.9547369;"A";"Данные СберИндекса";"Неделя";"Домашние животные";"2";"% г/г";"0"
"2025-08-17";7.89640725;"A";"Данные СберИндекса";"Неделя";"Домашние животные";"2";"% г/г";"0"
"2025-08-24";7.86511953;"A";"Данные СберИндекса";"Неделя";"Домашние животные";"2";"% г/г";"0"
"2025-08-31";8.79211304;"A";"Данные СберИндекса";"Неделя";"Домашние животные";"2";"% г/г";"0"
"2025-09-07";7.75300008;"A";"Данные СберИндекса";"Неделя";"Домашние животные";"2";"% г/г";"0"
"2025-09-14";7.08959341;"A";"Данные СберИндекса";"Неделя";"Домашние животные";"2";"% г/г";"0"
"2025-09-21";8.95289861;"A";"Данные СберИндекса";"Неделя";"Домашние животные";"2";"% г/г";"0"
"2025-09-28";8.12747381;"A";"Данные СберИндекса";"Неделя";"Домашние животные";"2";"% г/г";"0"
"2025-10-05";7.46440151;"A";"Данные СберИндекса";"Неделя";"Домашние животные";"2";"% г/г";"0"
"2025-10-12";6.0197951;"A";"Данные СберИндекса";"Неделя";"Домашние животные";"2";"% г/г";"0"
"2025-10-19";6.05937602;"A";"Данные СберИндекса";"Неделя";"Домашние животные";"2";"% г/г";"0"
"2025-10-26";6.62269971;"A";"Данные СберИндекса";"Неделя";"Домашние животные";"2";"% г/г";"0"
"2025-11-02";6.02134636;"A";"Данные СберИндекса";"Неделя";"Домашние животные";"2";"% г/г";"0"
"2025-11-09";2.98800707;"A";"Данные СберИндекса";"Неделя";"Домашние животные";"2";"% г/г";"0"
"2025-11-16";7.741751;"A";"Данные СберИндекса";"Неделя";"Домашние животные";"2";"% г/г";"0"
"2025-11-23";7.67261102;"A";"Данные СберИндекса";"Неделя";"Домашние животные";"2";"% г/г";"0"
"2025-11-30";6.24290893;"A";"Данные СберИндекса";"Неделя";"Домашние животные";"2";"% г/г";"0"
"2025-12-07";6.46591025;"A";"Данные СберИндекса";"Неделя";"Домашние животные";"2";"% г/г";"0"
"2025-12-14";4.86023917;"A";"Данные СберИндекса";"Неделя";"Домашние животные";"2";"% г/г";"0"
"2025-12-21";6.38266496;"A";"Данные СберИндекса";"Неделя";"Домашние животные";"2";"% г/г";"0"
"2025-12-28";4.43398252;"A";"Данные СберИндекса";"Неделя";"Домашние животные";"2";"% г/г";"0"
"2026-01-04";12.58246738;"A";"Данные СберИндекса";"Неделя";"Домашние животные";"2";"% г/г";"0"
"2026-01-11";2.24702764;"A";"Данные СберИндекса";"Неделя";"Домашние животные";"2";"% г/г";"0"
"2026-01-18";4.06054098;"A";"Данные СберИндекса";"Неделя";"Домашние животные";"2";"% г/г";"0"
"2026-01-25";3.57151595;"A";"Данные СберИндекса";"Неделя";"Домашние животные";"2";"% г/г";"0"
"2026-02-01";2.60931324;"A";"Данные СберИндекса";"Неделя";"Домашние животные";"2";"% г/г";"0"
"2026-02-08";2.17875287;"A";"Данные СберИндекса";"Неделя";"Домашние животные";"2";"% г/г";"0"
"2026-02-15";2.39314279;"A";"Данные СберИндекса";"Неделя";"Домашние животные";"2";"% г/г";"0"
"2026-02-22";3.01192143;"A";"Данные СберИндекса";"Неделя";"Домашние животные";"2";"% г/г";"0"
"2026-03-01";2.89455551;"A";"Данные СберИндекса";"Неделя";"Домашние животные";"2";"% г/г";"0"
"2026-03-08";1.17453036;"A";"Данные СберИндекса";"Неделя";"Домашние животные";"2";"% г/г";"0"
"2026-03-15";3.68947275;"A";"Данные СберИндекса";"Неделя";"Домашние животные";"2";"% г/г";"0"
"2026-03-22";5.42289387;"A";"Данные СберИндекса";"Неделя";"Домашние животные";"2";"% г/г";"0"
"2026-03-29";5.8700514;"A";"Данные СберИндекса";"Неделя";"Домашние животные";"2";"% г/г";"0"
"2026-04-05";3.0750253;"A";"Данные СберИндекса";"Неделя";"Домашние животные";"2";"% г/г";"0"
"2026-04-12";0.56909975;"A";"Данные СберИндекса";"Неделя";"Домашние животные";"2";"% г/г";"0"
"2026-04-19";4.62959269;"A";"Данные СберИндекса";"Неделя";"Домашние животные";"2";"% г/г";"0"
"2026-04-26";1.63663696;"A";"Данные СберИндекса";"Неделя";"Домашние животные";"2";"% г/г";"0"
"2026-05-03";1.65426374;"A";"Данные СберИндекса";"Неделя";"Домашние животные";"2";"% г/г";"0"
"2026-05-10";1.92641741;"A";"Данные СберИндекса";"Неделя";"Домашние животные";"2";"% г/г";"0"
"2026-05-17";0.97526543;"A";"Данные СберИндекса";"Неделя";"Домашние животные";"2";"% г/г";"0"
"2026-05-24";5.0213005;"A";"Данные СберИндекса";"Неделя";"Домашние животные";"2";"% г/г";"0"
"2026-05-31";5.55354157;"A";"Данные СберИндекса";"Неделя";"Домашние животные";"2";"% г/г";"0"
"2026-06-07";4.63400546;"A";"Данные СберИндекса";"Неделя";"Домашние животные";"2";"% г/г";"0"
"2026-06-14";3.22454682;"A";"Данные СберИндекса";"Неделя";"Домашние животные";"2";"% г/г";"0"
"2026-06-21";3.83266642;"A";"Данные СберИндекса";"Неделя";"Домашние животные";"2";"% г/г";"0"
"2026-06-28";3.83000405;"A";"Данные СберИндекса";"Неделя";"Домашние животные";"2";"% г/г";"0"
"2026-07-05";3.69954536;"A";"Данные СберИндекса";"Неделя";"Домашние животные";"2";"% г/г";"0"
"2026-07-12";5.2128985;"A";"Данные СберИндекса";"Неделя";"Домашние животные";"2";"% г/г";"0"
"2026-07-19";5.26358771;"A";"Данные СберИндекса";"Неделя";"Домашние животные";"2";"% г/г";"0"
"2026-07-26";5.47155967;"A";"Данные СберИндекса";"Неделя";"Домашние животные";"2";"% г/г";"0"
"2026-08-02";5.45372774;"A";"Данные СберИндекса";"Неделя";"Домашние животные";"2";"% г/г";"0"
"2026-08-09";5.25148794;"A";"Данные СберИндекса";"Неделя";"Домашние животные";"2";"% г/г";"0"
"2026-08-16";9.02844951;"A";"Данные СберИндекса";"Неделя";"Домашние животные";"2";"% г/г";"0"
"2026-08-23";8.84367741;"A";"Данные СберИндекса";"Неделя";"Домашние животные";"2";"% г/г";"0"
"2026-08-30";8.96575151;"A";"Данные СберИндекса";"Неделя";"Домашние животные";"2";"% г/г";"0"
"2026-09-06";9.38087379;"A";"Данные СберИндекса";"Неделя";"Домашние животные";"2";"% г/г";"0"
"2026-09-13";8.95025119;"A";"Данные СберИндекса";"Неделя";"Домашние животные";"2";"% г/г";"0"
"2026-09-20";9.09950704;"A";"Данные СберИндекса";"Неделя";"Домашние животные";"2";"% г/г";"0"
"2026-09-27";8.96070867;"A";"Данные СберИндекса";"Неделя";"Домашние животные";"2";"% г/г";"0"
"2026-10-04";8.29598408;"A";"Данные СберИндекса";"Неделя";"Домашние животные";"2";"% г/г";"0"
"2023-11-12";16.2431915;"A";"Данные СберИндекса";"Неделя";"Товары для строительства, ремонта и дачи";"2";"% г/г";"0"
"2023-11-19";13.6117053;"A";"Данные СберИндекса";"Неделя";"Товары для строительства, ремонта и дачи";"2";"% г/г";"0"
"2023-11-26";13.30703436;"A";"Данные СберИндекса";"Неделя";"Товары для строительства, ремонта и дачи";"2";"% г/г";"0"
"2023-12-03";12.16779769;"A";"Данные СберИндекса";"Неделя";"Товары для строительства, ремонта и дачи";"2";"% г/г";"0"
"2023-12-10";9.71839141;"A";"Данные СберИндекса";"Неделя";"Товары для строительства, ремонта и дачи";"2";"% г/г";"0"
"2023-12-17";8.13316948;"A";"Данные СберИндекса";"Неделя";"Товары для строительства, ремонта и дачи";"2";"% г/г";"0"
"2023-12-24";8.70383676;"A";"Данные СберИндекса";"Неделя";"Товары для строительства, ремонта и дачи";"2";"% г/г";"0"
"2023-12-31";15.02692001;"A";"Данные СберИндекса";"Неделя";"Товары для строительства, ремонта и дачи";"2";"% г/г";"0"
"2024-01-07";-5.18464161;"A";"Данные СберИндекса";"Неделя";"Товары для строительства, ремонта и дачи";"2";"% г/г";"0"
"2024-01-14";3.6979503;"A";"Данные СберИндекса";"Неделя";"Товары для строительства, ремонта и дачи";"2";"% г/г";"0"
"2024-01-21";4.26975428;"A";"Данные СберИндекса";"Неделя";"Товары для строительства, ремонта и дачи";"2";"% г/г";"0"
"2024-01-28";5.09925633;"A";"Данные СберИндекса";"Неделя";"Товары для строительства, ремонта и дачи";"2";"% г/г";"0"
"2024-02-04";6.50271716;"A";"Данные СберИндекса";"Неделя";"Товары для строительства, ремонта и дачи";"2";"% г/г";"0"
"2024-02-11";7.4151977;"A";"Данные СберИндекса";"Неделя";"Товары для строительства, ремонта и дачи";"2";"% г/г";"0"
"2024-02-18";6.10697647;"A";"Данные СберИндекса";"Неделя";"Товары для строительства, ремонта и дачи";"2";"% г/г";"0"
"2024-02-25";7.43135964;"A";"Данные СберИндекса";"Неделя";"Товары для строительства, ремонта и дачи";"2";"% г/г";"0"
"2024-03-03";7.14232753;"A";"Данные СберИндекса";"Неделя";"Товары для строительства, ремонта и дачи";"2";"% г/г";"0"
"2024-03-10";8.61763142;"A";"Данные СберИндекса";"Неделя";"Товары для строительства, ремонта и дачи";"2";"% г/г";"0"
"2024-03-17";5.29199044;"A";"Данные СберИндекса";"Неделя";"Товары для строительства, ремонта и дачи";"2";"% г/г";"0"
"2024-03-24";4.66409074;"A";"Данные СберИндекса";"Неделя";"Товары для строительства, ремонта и дачи";"2";"% г/г";"0"
"2024-03-31";6.31038089;"A";"Данные СберИндекса";"Неделя";"Товары для строительства, ремонта и дачи";"2";"% г/г";"0"
"2024-04-07";7.80602711;"A";"Данные СберИндекса";"Неделя";"Товары для строительства, ремонта и дачи";"2";"% г/г";"0"
"2024-04-14";15.10374923;"A";"Данные СберИндекса";"Неделя";"Товары для строительства, ремонта и дачи";"2";"% г/г";"0"
"2024-04-21";13.12746902;"A";"Данные СберИндекса";"Неделя";"Товары для строительства, ремонта и дачи";"2";"% г/г";"0"
"2024-04-28";10.78348797;"A";"Данные СберИндекса";"Неделя";"Товары для строительства, ремонта и дачи";"2";"% г/г";"0"
"2024-05-05";3.5186212;"A";"Данные СберИндекса";"Неделя";"Товары для строительства, ремонта и дачи";"2";"% г/г";"0"
"2024-05-12";3.23265714;"A";"Данные СберИндекса";"Неделя";"Товары для строительства, ремонта и дачи";"2";"% г/г";"0"
"2024-05-19";2.95915055;"A";"Данные СберИндекса";"Неделя";"Товары для строительства, ремонта и дачи";"2";"% г/г";"0"
"2024-05-26";7.04502044;"A";"Данные СберИндекса";"Неделя";"Товары для строительства, ремонта и дачи";"2";"% г/г";"0"
"2024-06-02";6.89846353;"A";"Данные СберИндекса";"Неделя";"Товары для строительства, ремонта и дачи";"2";"% г/г";"0"
"2024-06-09";6.61739982;"A";"Данные СберИндекса";"Неделя";"Товары для строительства, ремонта и дачи";"2";"% г/г";"0"
"2024-06-16";8.30831444;"A";"Данные СберИндекса";"Неделя";"Товары для строительства, ремонта и дачи";"2";"% г/г";"0"
"2024-06-23";6.99673822;"A";"Данные СберИндекса";"Неделя";"Товары для строительства, ремонта и дачи";"2";"% г/г";"0"
"2024-06-30";7.38485769;"A";"Данные СберИндекса";"Неделя";"Товары для строительства, ремонта и дачи";"2";"% г/г";"0"
"2024-07-07";6.01396098;"A";"Данные СберИндекса";"Неделя";"Товары для строительства, ремонта и дачи";"2";"% г/г";"0"
"2024-07-14";6.92380837;"A";"Данные СберИндекса";"Неделя";"Товары для строительства, ремонта и дачи";"2";"% г/г";"0"
"2024-07-21";7.76110154;"A";"Данные СберИндекса";"Неделя";"Товары для строительства, ремонта и дачи";"2";"% г/г";"0"
"2024-07-28";8.60363909;"A";"Данные СберИндекса";"Неделя";"Товары для строительства, ремонта и дачи";"2";"% г/г";"0"
"2024-08-04";8.73910783;"A";"Данные СберИндекса";"Неделя";"Товары для строительства, ремонта и дачи";"2";"% г/г";"0"
"2024-08-11";8.15718157;"A";"Данные СберИндекса";"Неделя";"Товары для строительства, ремонта и дачи";"2";"% г/г";"0"
"2024-08-18";7.93461687;"A";"Данные СберИндекса";"Неделя";"Товары для строительства, ремонта и дачи";"2";"% г/г";"0"
"2024-08-25";8.15683764;"A";"Данные СберИндекса";"Неделя";"Товары для строительства, ремонта и дачи";"2";"% г/г";"0"
"2024-09-01";7.29833976;"A";"Данные СберИндекса";"Неделя";"Товары для строительства, ремонта и дачи";"2";"% г/г";"0"
"2024-09-08";6.46013404;"A";"Данные СберИндекса";"Неделя";"Товары для строительства, ремонта и дачи";"2";"% г/г";"0"
"2024-09-15";6.86776963;"A";"Данные СберИндекса";"Неделя";"Товары для строительства, ремонта и дачи";"2";"% г/г";"0"
"2024-09-22";7.68794443;"A";"Данные СберИндекса";"Неделя";"Товары для строительства, ремонта и дачи";"2";"% г/г";"0"
"2024-09-29";7.05468124;"A";"Данные СберИндекса";"Неделя";"Товары для строительства, ремонта и дачи";"2";"% г/г";"0"
"2024-10-06";6.71282642;"A";"Данные СберИндекса";"Неделя";"Товары для строительства, ремонта и дачи";"2";"% г/г";"0"
"2024-10-13";6.17474677;"A";"Данные СберИндекса";"Неделя";"Товары для строительства, ремонта и дачи";"2";"% г/г";"0"
"2024-10-20";8.61362811;"A";"Данные СберИндекса";"Неделя";"Товары для строительства, ремонта и дачи";"2";"% г/г";"0"
"2024-10-27";10.30666698;"A";"Данные СберИндекса";"Неделя";"Товары для строительства, ремонта и дачи";"2";"% г/г";"0"
"2024-11-03";6.42765098;"A";"Данные СберИндекса";"Неделя";"Товары для строительства, ремонта и дачи";"2";"% г/г";"0"
"2024-11-10";6.76180652;"A";"Данные СберИндекса";"Неделя";"Товары для строительства, ремонта и дачи";"2";"% г/г";"0"
"2024-11-17";8.71947178;"A";"Данные СберИндекса";"Неделя";"Товары для строительства, ремонта и дачи";"2";"% г/г";"0"
"2024-11-24";9.03724127;"A";"Данные СберИндекса";"Неделя";"Товары для строительства, ремонта и дачи";"2";"% г/г";"0"
"2024-12-01";12.34663378;"A";"Данные СберИндекса";"Неделя";"Товары для строительства, ремонта и дачи";"2";"% г/г";"0"
"2024-12-08";13.7843529;"A";"Данные СберИндекса";"Неделя";"Товары для строительства, ремонта и дачи";"2";"% г/г";"0"
"2024-12-15";15.04315674;"A";"Данные СберИндекса";"Неделя";"Товары для строительства, ремонта и дачи";"2";"% г/г";"0"
"2024-12-22";12.08078846;"A";"Данные СберИндекса";"Неделя";"Товары для строительства, ремонта и дачи";"2";"% г/г";"0"
"2024-12-29";15.63887809;"A";"Данные СберИндекса";"Неделя";"Товары для строительства, ремонта и дачи";"2";"% г/г";"0"
"2025-01-05";15.286679;"A";"Данные СберИндекса";"Неделя";"Товары для строительства, ремонта и дачи";"2";"% г/г";"0"
"2025-01-12";9.04573044;"A";"Данные СберИндекса";"Неделя";"Товары для строительства, ремонта и дачи";"2";"% г/г";"0"
"2025-01-19";11.6502735;"A";"Данные СберИндекса";"Неделя";"Товары для строительства, ремонта и дачи";"2";"% г/г";"0"
"2025-01-26";10.82250754;"A";"Данные СберИндекса";"Неделя";"Товары для строительства, ремонта и дачи";"2";"% г/г";"0"
"2025-02-02";8.64063401;"A";"Данные СберИндекса";"Неделя";"Товары для строительства, ремонта и дачи";"2";"% г/г";"0"
"2025-02-09";8.59921285;"A";"Данные СберИндекса";"Неделя";"Товары для строительства, ремонта и дачи";"2";"% г/г";"0"
"2025-02-16";9.66643779;"A";"Данные СберИндекса";"Неделя";"Товары для строительства, ремонта и дачи";"2";"% г/г";"0"
"2025-02-23";7.41451629;"A";"Данные СберИндекса";"Неделя";"Товары для строительства, ремонта и дачи";"2";"% г/г";"0"
"2025-03-02";2.64524937;"A";"Данные СберИндекса";"Неделя";"Товары для строительства, ремонта и дачи";"2";"% г/г";"0"
"2025-03-09";5.68417919;"A";"Данные СберИндекса";"Неделя";"Товары для строительства, ремонта и дачи";"2";"% г/г";"0"
"2025-03-16";9.98791535;"A";"Данные СберИндекса";"Неделя";"Товары для строительства, ремонта и дачи";"2";"% г/г";"0"
"2025-03-23";8.90684869;"A";"Данные СберИндекса";"Неделя";"Товары для строительства, ремонта и дачи";"2";"% г/г";"0"
"2025-03-30";7.58107607;"A";"Данные СберИндекса";"Неделя";"Товары для строительства, ремонта и дачи";"2";"% г/г";"0"
"2025-04-06";3.55509393;"A";"Данные СберИндекса";"Неделя";"Товары для строительства, ремонта и дачи";"2";"% г/г";"0"
"2025-04-13";-2.66828662;"A";"Данные СберИндекса";"Неделя";"Товары для строительства, ремонта и дачи";"2";"% г/г";"0"
"2025-04-20";-5.1371892;"A";"Данные СберИндекса";"Неделя";"Товары для строительства, ремонта и дачи";"2";"% г/г";"0"
"2025-04-27";-1.44828336;"A";"Данные СберИндекса";"Неделя";"Товары для строительства, ремонта и дачи";"2";"% г/г";"0"
"2025-05-04";4.36893653;"A";"Данные СберИндекса";"Неделя";"Товары для строительства, ремонта и дачи";"2";"% г/г";"0"
"2025-05-11";5.92427959;"A";"Данные СберИндекса";"Неделя";"Товары для строительства, ремонта и дачи";"2";"% г/г";"0"
"2025-05-18";6.31670737;"A";"Данные СберИндекса";"Неделя";"Товары для строительства, ремонта и дачи";"2";"% г/г";"0"
"2025-05-25";4.36935052;"A";"Данные СберИндекса";"Неделя";"Товары для строительства, ремонта и дачи";"2";"% г/г";"0"
"2025-06-01";3.65015104;"A";"Данные СберИндекса";"Неделя";"Товары для строительства, ремонта и дачи";"2";"% г/г";"0"
"2025-06-08";0.21209256;"A";"Данные СберИндекса";"Неделя";"Товары для строительства, ремонта и дачи";"2";"% г/г";"0"
"2025-06-15";0.50833491;"A";"Данные СберИндекса";"Неделя";"Товары для строительства, ремонта и дачи";"2";"% г/г";"0"
"2025-06-22";1.41663102;"A";"Данные СберИндекса";"Неделя";"Товары для строительства, ремонта и дачи";"2";"% г/г";"0"
"2025-06-29";-0.25092996;"A";"Данные СберИндекса";"Неделя";"Товары для строительства, ремонта и дачи";"2";"% г/г";"0"
"2025-07-06";-3.16856772;"A";"Данные СберИндекса";"Неделя";"Товары для строительства, ремонта и дачи";"2";"% г/г";"0"
"2025-07-13";-4.45043204;"A";"Данные СберИндекса";"Неделя";"Товары для строительства, ремонта и дачи";"2";"% г/г";"0"
"2025-07-20";-3.8454879;"A";"Данные СберИндекса";"Неделя";"Товары для строительства, ремонта и дачи";"2";"% г/г";"0"
"2025-07-27";-4.73852519;"A";"Данные СберИндекса";"Неделя";"Товары для строительства, ремонта и дачи";"2";"% г/г";"0"
"2025-08-03";-5.626976;"A";"Данные СберИндекса";"Неделя";"Товары для строительства, ремонта и дачи";"2";"% г/г";"0"
"2025-08-10";-5.37582574;"A";"Данные СберИндекса";"Неделя";"Товары для строительства, ремонта и дачи";"2";"% г/г";"0"
"2025-08-17";-4.80852422;"A";"Данные СберИндекса";"Неделя";"Товары для строительства, ремонта и дачи";"2";"% г/г";"0"
"2025-08-24";-4.96415077;"A";"Данные СберИндекса";"Неделя";"Товары для строительства, ремонта и дачи";"2";"% г/г";"0"
"2025-08-31";-5.39870427;"A";"Данные СберИндекса";"Неделя";"Товары для строительства, ремонта и дачи";"2";"% г/г";"0"
"2025-09-07";-7.46260431;"A";"Данные СберИндекса";"Неделя";"Товары для строительства, ремонта и дачи";"2";"% г/г";"0"
"2025-09-14";-7.27673764;"A";"Данные СберИндекса";"Неделя";"Товары для строительства, ремонта и дачи";"2";"% г/г";"0"
"2025-09-21";-6.95861058;"A";"Данные СберИндекса";"Неделя";"Товары для строительства, ремонта и дачи";"2";"% г/г";"0"
"2025-09-28";-8.16550261;"A";"Данные СберИндекса";"Неделя";"Товары для строительства, ремонта и дачи";"2";"% г/г";"0"
"2025-10-05";-8.39871055;"A";"Данные СберИндекса";"Неделя";"Товары для строительства, ремонта и дачи";"2";"% г/г";"0"
"2025-10-12";-9.56017344;"A";"Данные СберИндекса";"Неделя";"Товары для строительства, ремонта и дачи";"2";"% г/г";"0"
"2025-10-19";-9.66447935;"A";"Данные СберИндекса";"Неделя";"Товары для строительства, ремонта и дачи";"2";"% г/г";"0"
"2025-10-26";-9.13932938;"A";"Данные СберИндекса";"Неделя";"Товары для строительства, ремонта и дачи";"2";"% г/г";"0"
"2025-11-02";-8.41801804;"A";"Данные СберИндекса";"Неделя";"Товары для строительства, ремонта и дачи";"2";"% г/г";"0"
"2025-11-09";-8.91770522;"A";"Данные СберИндекса";"Неделя";"Товары для строительства, ремонта и дачи";"2";"% г/г";"0"
"2025-11-16";-9.08333725;"A";"Данные СберИндекса";"Неделя";"Товары для строительства, ремонта и дачи";"2";"% г/г";"0"
"2025-11-23";-8.72200949;"A";"Данные СберИндекса";"Неделя";"Товары для строительства, ремонта и дачи";"2";"% г/г";"0"
"2025-11-30";-10.7025799;"A";"Данные СберИндекса";"Неделя";"Товары для строительства, ремонта и дачи";"2";"% г/г";"0"
"2025-12-07";-9.67988951;"A";"Данные СберИндекса";"Неделя";"Товары для строительства, ремонта и дачи";"2";"% г/г";"0"
"2025-12-14";-9.90925375;"A";"Данные СберИндекса";"Неделя";"Товары для строительства, ремонта и дачи";"2";"% г/г";"0"
"2025-12-21";-7.86145266;"A";"Данные СберИндекса";"Неделя";"Товары для строительства, ремонта и дачи";"2";"% г/г";"0"
"2025-12-28";-8.64655746;"A";"Данные СберИндекса";"Неделя";"Товары для строительства, ремонта и дачи";"2";"% г/г";"0"
"2026-01-04";-3.25482399;"A";"Данные СберИндекса";"Неделя";"Товары для строительства, ремонта и дачи";"2";"% г/г";"0"
"2026-01-11";-8.89443329;"A";"Данные СберИндекса";"Неделя";"Товары для строительства, ремонта и дачи";"2";"% г/г";"0"
"2026-01-18";-13.96255373;"A";"Данные СберИндекса";"Неделя";"Товары для строительства, ремонта и дачи";"2";"% г/г";"0"
"2026-01-25";-14.00562489;"A";"Данные СберИндекса";"Неделя";"Товары для строительства, ремонта и дачи";"2";"% г/г";"0"
"2026-02-01";-14.86874208;"A";"Данные СберИндекса";"Неделя";"Товары для строительства, ремонта и дачи";"2";"% г/г";"0"
"2026-02-08";-15.08817971;"A";"Данные СберИндекса";"Неделя";"Товары для строительства, ремонта и дачи";"2";"% г/г";"0"
"2026-02-15";-13.84295926;"A";"Данные СберИндекса";"Неделя";"Товары для строительства, ремонта и дачи";"2";"% г/г";"0"
"2026-02-22";-13.08984213;"A";"Данные СберИндекса";"Неделя";"Товары для строительства, ремонта и дачи";"2";"% г/г";"0"
"2026-03-01";-13.05840613;"A";"Данные СберИндекса";"Неделя";"Товары для строительства, ремонта и дачи";"2";"% г/г";"0"
"2026-03-08";-11.29842044;"A";"Данные СберИндекса";"Неделя";"Товары для строительства, ремонта и дачи";"2";"% г/г";"0"
"2026-03-15";-12.16370265;"A";"Данные СберИндекса";"Неделя";"Товары для строительства, ремонта и дачи";"2";"% г/г";"0"
"2026-03-22";-10.51220775;"A";"Данные СберИндекса";"Неделя";"Товары для строительства, ремонта и дачи";"2";"% г/г";"0"
"2026-03-29";-9.113786;"A";"Данные СберИндекса";"Неделя";"Товары для строительства, ремонта и дачи";"2";"% г/г";"0"
"2026-04-05";-9.69377708;"A";"Данные СберИндекса";"Неделя";"Товары для строительства, ремонта и дачи";"2";"% г/г";"0"
"2026-04-12";-13.3813644;"A";"Данные СберИндекса";"Неделя";"Товары для строительства, ремонта и дачи";"2";"% г/г";"0"
"2026-04-19";-5.99821086;"A";"Данные СберИндекса";"Неделя";"Товары для строительства, ремонта и дачи";"2";"% г/г";"0"
"2026-04-26";-9.89318867;"A";"Данные СберИндекса";"Неделя";"Товары для строительства, ремонта и дачи";"2";"% г/г";"0"
"2026-05-03";-8.4275761;"A";"Данные СберИндекса";"Неделя";"Товары для строительства, ремонта и дачи";"2";"% г/г";"0"
"2026-05-10";-5.24299746;"A";"Данные СберИндекса";"Неделя";"Товары для строительства, ремонта и дачи";"2";"% г/г";"0"
"2026-05-17";-5.64433835;"A";"Данные СберИндекса";"Неделя";"Товары для строительства, ремонта и дачи";"2";"% г/г";"0"
"2026-05-24";-6.42925585;"A";"Данные СберИндекса";"Неделя";"Товары для строительства, ремонта и дачи";"2";"% г/г";"0"
"2026-05-31";-8.35288063;"A";"Данные СберИндекса";"Неделя";"Товары для строительства, ремонта и дачи";"2";"% г/г";"0"
"2026-06-07";-6.60181403;"A";"Данные СберИндекса";"Неделя";"Товары для строительства, ремонта и дачи";"2";"% г/г";"0"
"2026-06-14";-6.25976079;"A";"Данные СберИндекса";"Неделя";"Товары для строительства, ремонта и дачи";"2";"% г/г";"0"
"2026-06-21";-5.55925791;"A";"Данные СберИндекса";"Неделя";"Товары для строительства, ремонта и дачи";"2";"% г/г";"0"
"2026-06-28";-5.68077582;"A";"Данные СберИндекса";"Неделя";"Товары для строительства, ремонта и дачи";"2";"% г/г";"0"
"2026-07-05";-5.6133154;"A";"Данные СберИндекса";"Неделя";"Товары для строительства, ремонта и дачи";"2";"% г/г";"0"
"2026-07-12";-4.04368761;"A";"Данные СберИндекса";"Неделя";"Товары для строительства, ремонта и дачи";"2";"% г/г";"0"
"2026-07-19";-3.27693118;"A";"Данные СберИндекса";"Неделя";"Товары для строительства, ремонта и дачи";"2";"% г/г";"0"
"2026-07-26";-2.58734279;"A";"Данные СберИндекса";"Неделя";"Товары для строительства, ремонта и дачи";"2";"% г/г";"0"
"2026-08-02";-2.91330507;"A";"Данные СберИндекса";"Неделя";"Товары для строительства, ремонта и дачи";"2";"% г/г";"0"
"2026-08-09";-2.53097471;"A";"Данные СберИндекса";"Неделя";"Товары для строительства, ремонта и дачи";"2";"% г/г";"0"
"2026-08-16";-1.22267117;"A";"Данные СберИндекса";"Неделя";"Товары для строительства, ремонта и дачи";"2";"% г/г";"0"
"2026-08-23";-1.02158701;"A";"Данные СберИндекса";"Неделя";"Товары для строительства, ремонта и дачи";"2";"% г/г";"0"
"2026-08-30";-0.60422584;"A";"Данные СберИндекса";"Неделя";"Товары для строительства, ремонта и дачи";"2";"% г/г";"0"
"2026-09-06";-0.57566876;"A";"Данные СберИндекса";"Неделя";"Товары для строительства, ремонта и дачи";"2";"% г/г";"0"
"2026-09-13";-1.19668837;"A";"Данные СберИндекса";"Неделя";"Товары для строительства, ремонта и дачи";"2";"% г/г";"0"
"2026-09-20";-1.71640414;"A";"Данные СберИндекса";"Неделя";"Товары для строительства, ремонта и дачи";"2";"% г/г";"0"
"2026-09-27";-1.15025341;"A";"Данные СберИндекса";"Неделя";"Товары для строительства, ремонта и дачи";"2";"% г/г";"0"
"2026-10-04";-1.45164282;"A";"Данные СберИндекса";"Неделя";"Товары для строительства, ремонта и дачи";"2";"% г/г";"0"
"2023-11-12";10.95757669;"A";"Данные СберИндекса";"Неделя";"Бытовая техника";"2";"% г/г";"0"
"2023-11-19";8.26243736;"A";"Данные СберИндекса";"Неделя";"Бытовая техника";"2";"% г/г";"0"
"2023-11-26";8.80680087;"A";"Данные СберИндекса";"Неделя";"Бытовая техника";"2";"% г/г";"0"
"2023-12-03";7.7223139;"A";"Данные СберИндекса";"Неделя";"Бытовая техника";"2";"% г/г";"0"
"2023-12-10";4.62788224;"A";"Данные СберИндекса";"Неделя";"Бытовая техника";"2";"% г/г";"0"
"2023-12-17";3.9995914;"A";"Данные СберИндекса";"Неделя";"Бытовая техника";"2";"% г/г";"0"
"2023-12-24";2.12013805;"A";"Данные СберИндекса";"Неделя";"Бытовая техника";"2";"% г/г";"0"
"2023-12-31";6.6801954;"A";"Данные СберИндекса";"Неделя";"Бытовая техника";"2";"% г/г";"0"
"2024-01-07";-0.52321522;"A";"Данные СберИндекса";"Неделя";"Бытовая техника";"2";"% г/г";"0"
"2024-01-14";5.83067552;"A";"Данные СберИндекса";"Неделя";"Бытовая техника";"2";"% г/г";"0"
"2024-01-21";8.47331213;"A";"Данные СберИндекса";"Неделя";"Бытовая техника";"2";"% г/г";"0"
"2024-01-28";7.9546128;"A";"Данные СберИндекса";"Неделя";"Бытовая техника";"2";"% г/г";"0"
"2024-02-04";6.87223707;"A";"Данные СберИндекса";"Неделя";"Бытовая техника";"2";"% г/г";"0"
"2024-02-11";4.50748362;"A";"Данные СберИндекса";"Неделя";"Бытовая техника";"2";"% г/г";"0"
"2024-02-18";3.61864597;"A";"Данные СберИндекса";"Неделя";"Бытовая техника";"2";"% г/г";"0"
"2024-02-25";3.4552948;"A";"Данные СберИндекса";"Неделя";"Бытовая техника";"2";"% г/г";"0"
"2024-03-03";3.4290705;"A";"Данные СберИндекса";"Неделя";"Бытовая техника";"2";"% г/г";"0"
"2024-03-10";4.90905704;"A";"Данные СберИндекса";"Неделя";"Бытовая техника";"2";"% г/г";"0"
"2024-03-17";2.9495971;"A";"Данные СберИндекса";"Неделя";"Бытовая техника";"2";"% г/г";"0"
"2024-03-24";3.52046479;"A";"Данные СберИндекса";"Неделя";"Бытовая техника";"2";"% г/г";"0"
"2024-03-31";7.90147118;"A";"Данные СберИндекса";"Неделя";"Бытовая техника";"2";"% г/г";"0"
"2024-04-07";6.54707117;"A";"Данные СберИндекса";"Неделя";"Бытовая техника";"2";"% г/г";"0"
"2024-04-14";4.76717877;"A";"Данные СберИндекса";"Неделя";"Бытовая техника";"2";"% г/г";"0"
"2024-04-21";7.68127967;"A";"Данные СберИндекса";"Неделя";"Бытовая техника";"2";"% г/г";"0"
"2024-04-28";5.70432728;"A";"Данные СберИндекса";"Неделя";"Бытовая техника";"2";"% г/г";"0"
"2024-05-05";3.03453648;"A";"Данные СберИндекса";"Неделя";"Бытовая техника";"2";"% г/г";"0"
"2024-05-12";2.13752665;"A";"Данные СберИндекса";"Неделя";"Бытовая техника";"2";"% г/г";"0"
"2024-05-19";0.68930486;"A";"Данные СберИндекса";"Неделя";"Бытовая техника";"2";"% г/г";"0"
"2024-05-26";3.55449846;"A";"Данные СберИндекса";"Неделя";"Бытовая техника";"2";"% г/г";"0"
"2024-06-02";1.98795253;"A";"Данные СберИндекса";"Неделя";"Бытовая техника";"2";"% г/г";"0"
"2024-06-09";3.71619853;"A";"Данные СберИндекса";"Неделя";"Бытовая техника";"2";"% г/г";"0"
"2024-06-16";6.37435218;"A";"Данные СберИндекса";"Неделя";"Бытовая техника";"2";"% г/г";"0"
"2024-06-23";5.95469504;"A";"Данные СберИндекса";"Неделя";"Бытовая техника";"2";"% г/г";"0"
"2024-06-30";4.2605986;"A";"Данные СберИндекса";"Неделя";"Бытовая техника";"2";"% г/г";"0"
"2024-07-07";2.04877094;"A";"Данные СберИндекса";"Неделя";"Бытовая техника";"2";"% г/г";"0"
"2024-07-14";0.7114626;"A";"Данные СберИндекса";"Неделя";"Бытовая техника";"2";"% г/г";"0"
"2024-07-21";4.86294503;"A";"Данные СберИндекса";"Неделя";"Бытовая техника";"2";"% г/г";"0"
"2024-07-28";2.37090097;"A";"Данные СберИндекса";"Неделя";"Бытовая техника";"2";"% г/г";"0"
"2024-08-04";0.89524303;"A";"Данные СберИндекса";"Неделя";"Бытовая техника";"2";"% г/г";"0"
"2024-08-11";-2.1922124;"A";"Данные СберИндекса";"Неделя";"Бытовая техника";"2";"% г/г";"0"
"2024-08-18";-1.06582345;"A";"Данные СберИндекса";"Неделя";"Бытовая техника";"2";"% г/г";"0"
"2024-08-25";0.59841715;"A";"Данные СберИндекса";"Неделя";"Бытовая техника";"2";"% г/г";"0"
"2024-09-01";0.77019131;"A";"Данные СберИндекса";"Неделя";"Бытовая техника";"2";"% г/г";"0"
"2024-09-08";3.55329754;"A";"Данные СберИндекса";"Неделя";"Бытовая техника";"2";"% г/г";"0"
"2024-09-15";3.53757369;"A";"Данные СберИндекса";"Неделя";"Бытовая техника";"2";"% г/г";"0"
"2024-09-22";5.18460667;"A";"Данные СберИндекса";"Неделя";"Бытовая техника";"2";"% г/г";"0"
"2024-09-29";2.94930269;"A";"Данные СберИндекса";"Неделя";"Бытовая техника";"2";"% г/г";"0"
"2024-10-06";1.1097379;"A";"Данные СберИндекса";"Неделя";"Бытовая техника";"2";"% г/г";"0"
"2024-10-13";3.28375288;"A";"Данные СберИндекса";"Неделя";"Бытовая техника";"2";"% г/г";"0"
"2024-10-20";7.274512;"A";"Данные СберИндекса";"Неделя";"Бытовая техника";"2";"% г/г";"0"
"2024-10-27";8.26867709;"A";"Данные СберИндекса";"Неделя";"Бытовая техника";"2";"% г/г";"0"
"2024-11-03";5.36958327;"A";"Данные СберИндекса";"Неделя";"Бытовая техника";"2";"% г/г";"0"
"2024-11-10";3.94541301;"A";"Данные СберИндекса";"Неделя";"Бытовая техника";"2";"% г/г";"0"
"2024-11-17";8.07987684;"A";"Данные СберИндекса";"Неделя";"Бытовая техника";"2";"% г/г";"0"
"2024-11-24";6.5300021;"A";"Данные СберИндекса";"Неделя";"Бытовая техника";"2";"% г/г";"0"
"2024-12-01";14.0995009;"A";"Данные СберИндекса";"Неделя";"Бытовая техника";"2";"% г/г";"0"
"2024-12-08";12.49383581;"A";"Данные СберИндекса";"Неделя";"Бытовая техника";"2";"% г/г";"0"
"2024-12-15";9.10344733;"A";"Данные СберИндекса";"Неделя";"Бытовая техника";"2";"% г/г";"0"
"2024-12-22";8.05131872;"A";"Данные СберИндекса";"Неделя";"Бытовая техника";"2";"% г/г";"0"
"2024-12-29";9.24543178;"A";"Данные СберИндекса";"Неделя";"Бытовая техника";"2";"% г/г";"0"
"2025-01-05";25.23246299;"A";"Данные СберИндекса";"Неделя";"Бытовая техника";"2";"% г/г";"0"
"2025-01-12";6.13274521;"A";"Данные СберИндекса";"Неделя";"Бытовая техника";"2";"% г/г";"0"
"2025-01-19";2.99714372;"A";"Данные СберИндекса";"Неделя";"Бытовая техника";"2";"% г/г";"0"
"2025-01-26";2.0853661;"A";"Данные СберИндекса";"Неделя";"Бытовая техника";"2";"% г/г";"0"
"2025-02-02";-0.92236784;"A";"Данные СберИндекса";"Неделя";"Бытовая техника";"2";"% г/г";"0"
"2025-02-09";-0.1940769;"A";"Данные СберИндекса";"Неделя";"Бытовая техника";"2";"% г/г";"0"
"2025-02-16";0.16868895;"A";"Данные СберИндекса";"Неделя";"Бытовая техника";"2";"% г/г";"0"
"2025-02-23";-1.25848271;"A";"Данные СберИндекса";"Неделя";"Бытовая техника";"2";"% г/г";"0"
"2025-03-02";-2.13365998;"A";"Данные СберИндекса";"Неделя";"Бытовая техника";"2";"% г/г";"0"
"2025-03-09";-1.08963633;"A";"Данные СберИндекса";"Неделя";"Бытовая техника";"2";"% г/г";"0"
"2025-03-16";0.85334583;"A";"Данные СберИндекса";"Неделя";"Бытовая техника";"2";"% г/г";"0"
"2025-03-23";-1.15796295;"A";"Данные СберИндекса";"Неделя";"Бытовая техника";"2";"% г/г";"0"
"2025-03-30";-4.34974669;"A";"Данные СберИндекса";"Неделя";"Бытовая техника";"2";"% г/г";"0"
"2025-04-06";-1.39001356;"A";"Данные СберИндекса";"Неделя";"Бытовая техника";"2";"% г/г";"0"
"2025-04-13";-0.23798589;"A";"Данные СберИндекса";"Неделя";"Бытовая техника";"2";"% г/г";"0"
"2025-04-20";-2.45602637;"A";"Данные СберИндекса";"Неделя";"Бытовая техника";"2";"% г/г";"0"
"2025-04-27";1.36630836;"A";"Данные СберИндекса";"Неделя";"Бытовая техника";"2";"% г/г";"0"
"2025-05-04";5.44455974;"A";"Данные СберИндекса";"Неделя";"Бытовая техника";"2";"% г/г";"0"
"2025-05-11";1.88996266;"A";"Данные СберИндекса";"Неделя";"Бытовая техника";"2";"% г/г";"0"
"2025-05-18";2.41446678;"A";"Данные СберИндекса";"Неделя";"Бытовая техника";"2";"% г/г";"0"
"2025-05-25";0.26925687;"A";"Данные СберИндекса";"Неделя";"Бытовая техника";"2";"% г/г";"0"
"2025-06-01";-1.69791696;"A";"Данные СберИндекса";"Неделя";"Бытовая техника";"2";"% г/г";"0"
"2025-06-08";-8.18496129;"A";"Данные СберИндекса";"Неделя";"Бытовая техника";"2";"% г/г";"0"
"2025-06-15";-8.38307736;"A";"Данные СберИндекса";"Неделя";"Бытовая техника";"2";"% г/г";"0"
"2025-06-22";-8.41173512;"A";"Данные СберИндекса";"Неделя";"Бытовая техника";"2";"% г/г";"0"
"2025-06-29";-8.84787596;"A";"Данные СберИндекса";"Неделя";"Бытовая техника";"2";"% г/г";"0"
"2025-07-06";-9.84681627;"A";"Данные СберИндекса";"Неделя";"Бытовая техника";"2";"% г/г";"0"
"2025-07-13";-8.29618485;"A";"Данные СберИндекса";"Неделя";"Бытовая техника";"2";"% г/г";"0"
"2025-07-20";-8.26508848;"A";"Данные СберИндекса";"Неделя";"Бытовая техника";"2";"% г/г";"0"
"2025-07-27";-8.38440627;"A";"Данные СберИндекса";"Неделя";"Бытовая техника";"2";"% г/г";"0"
"2025-08-03";-9.20591822;"A";"Данные СберИндекса";"Неделя";"Бытовая техника";"2";"% г/г";"0"
"2025-08-10";-9.53199165;"A";"Данные СберИндекса";"Неделя";"Бытовая техника";"2";"% г/г";"0"
"2025-08-17";-9.90378643;"A";"Данные СберИндекса";"Неделя";"Бытовая техника";"2";"% г/г";"0"
"2025-08-24";-10.02405952;"A";"Данные СберИндекса";"Неделя";"Бытовая техника";"2";"% г/г";"0"
"2025-08-31";-10.14915535;"A";"Данные СберИндекса";"Неделя";"Бытовая техника";"2";"% г/г";"0"
"2025-09-07";-13.41414839;"A";"Данные СберИндекса";"Неделя";"Бытовая техника";"2";"% г/г";"0"
"2025-09-14";-13.62616501;"A";"Данные СберИндекса";"Неделя";"Бытовая техника";"2";"% г/г";"0"
"2025-09-21";-13.17324625;"A";"Данные СберИндекса";"Неделя";"Бытовая техника";"2";"% г/г";"0"
"2025-09-28";-13.87626493;"A";"Данные СберИндекса";"Неделя";"Бытовая техника";"2";"% г/г";"0"
"2025-10-05";-12.71396344;"A";"Данные СберИндекса";"Неделя";"Бытовая техника";"2";"% г/г";"0"
"2025-10-12";-14.17353919;"A";"Данные СберИндекса";"Неделя";"Бытовая техника";"2";"% г/г";"0"
"2025-10-19";-13.83871988;"A";"Данные СберИндекса";"Неделя";"Бытовая техника";"2";"% г/г";"0"
"2025-10-26";-12.68704185;"A";"Данные СберИндекса";"Неделя";"Бытовая техника";"2";"% г/г";"0"
"2025-11-02";-12.05928492;"A";"Данные СберИндекса";"Неделя";"Бытовая техника";"2";"% г/г";"0"
"2025-11-09";-11.13172807;"A";"Данные СберИндекса";"Неделя";"Бытовая техника";"2";"% г/г";"0"
"2025-11-16";-8.22010475;"A";"Данные СберИндекса";"Неделя";"Бытовая техника";"2";"% г/г";"0"
"2025-11-23";-7.88222432;"A";"Данные СберИндекса";"Неделя";"Бытовая техника";"2";"% г/г";"0"
"2025-11-30";-12.06918921;"A";"Данные СберИндекса";"Неделя";"Бытовая техника";"2";"% г/г";"0"
"2025-12-07";-8.27700798;"A";"Данные СберИндекса";"Неделя";"Бытовая техника";"2";"% г/г";"0"
"2025-12-14";-7.80267107;"A";"Данные СберИндекса";"Неделя";"Бытовая техника";"2";"% г/г";"0"
"2025-12-21";-9.18849901;"A";"Данные СберИндекса";"Неделя";"Бытовая техника";"2";"% г/г";"0"
"2025-12-28";-10.18749027;"A";"Данные СберИндекса";"Неделя";"Бытовая техника";"2";"% г/г";"0"
"2026-01-04";0.43844356;"A";"Данные СберИндекса";"Неделя";"Бытовая техника";"2";"% г/г";"0"
"2026-01-11";-1.7854008;"A";"Данные СберИндекса";"Неделя";"Бытовая техника";"2";"% г/г";"0"
"2026-01-18";-6.06404454;"A";"Данные СберИндекса";"Неделя";"Бытовая техника";"2";"% г/г";"0"
"2026-01-25";-6.52589133;"A";"Данные СберИндекса";"Неделя";"Бытовая техника";"2";"% г/г";"0"
"2026-02-01";-6.14168496;"A";"Данные СберИндекса";"Неделя";"Бытовая техника";"2";"% г/г";"0"
"2026-02-08";-4.953562;"A";"Данные СберИндекса";"Неделя";"Бытовая техника";"2";"% г/г";"0"
"2026-02-15";-3.73419659;"A";"Данные СберИндекса";"Неделя";"Бытовая техника";"2";"% г/г";"0"
"2026-02-22";-4.71286388;"A";"Данные СберИндекса";"Неделя";"Бытовая техника";"2";"% г/г";"0"
"2026-03-01";-1.58934232;"A";"Данные СберИндекса";"Неделя";"Бытовая техника";"2";"% г/г";"0"
"2026-03-08";-1.94686045;"A";"Данные СберИндекса";"Неделя";"Бытовая техника";"2";"% г/г";"0"
"2026-03-15";-0.40719859;"A";"Данные СберИндекса";"Неделя";"Бытовая техника";"2";"% г/г";"0"
"2026-03-22";-0.26628261;"A";"Данные СберИндекса";"Неделя";"Бытовая техника";"2";"% г/г";"0"
"2026-03-29";-0.74979184;"A";"Данные СберИндекса";"Неделя";"Бытовая техника";"2";"% г/г";"0"
"2026-04-05";-3.5578525;"A";"Данные СберИндекса";"Неделя";"Бытовая техника";"2";"% г/г";"0"
"2026-04-12";-6.76509859;"A";"Данные СберИндекса";"Неделя";"Бытовая техника";"2";"% г/г";"0"
"2026-04-19";-4.21976892;"A";"Данные СберИндекса";"Неделя";"Бытовая техника";"2";"% г/г";"0"
"2026-04-26";-6.23912033;"A";"Данные СберИндекса";"Неделя";"Бытовая техника";"2";"% г/г";"0"
"2026-05-03";-8.10470227;"A";"Данные СберИндекса";"Неделя";"Бытовая техника";"2";"% г/г";"0"
"2026-05-10";-5.02747142;"A";"Данные СберИндекса";"Неделя";"Бытовая техника";"2";"% г/г";"0"
"2026-05-17";-1.00226922;"A";"Данные СберИндекса";"Неделя";"Бытовая техника";"2";"% г/г";"0"
"2026-05-24";-0.03388831;"A";"Данные СберИндекса";"Неделя";"Бытовая техника";"2";"% г/г";"0"
"2026-05-31";-0.18856739;"A";"Данные СберИндекса";"Неделя";"Бытовая техника";"2";"% г/г";"0"
"2026-06-07";-0.76457968;"A";"Данные СберИндекса";"Неделя";"Бытовая техника";"2";"% г/г";"0"
"2026-06-14";-1.72681603;"A";"Данные СберИндекса";"Неделя";"Бытовая техника";"2";"% г/г";"0"
"2026-06-21";-1.37961177;"A";"Данные СберИндекса";"Неделя";"Бытовая техника";"2";"% г/г";"0"
"2026-06-28";-1.43897567;"A";"Данные СберИндекса";"Неделя";"Бытовая техника";"2";"% г/г";"0"
"2026-07-05";-1.94686637;"A";"Данные СберИндекса";"Неделя";"Бытовая техника";"2";"% г/г";"0"
"2026-07-12";-1.1730633;"A";"Данные СберИндекса";"Неделя";"Бытовая техника";"2";"% г/г";"0"
"2026-07-19";-0.96958378;"A";"Данные СберИндекса";"Неделя";"Бытовая техника";"2";"% г/г";"0"
"2026-07-26";-0.63941789;"A";"Данные СберИндекса";"Неделя";"Бытовая техника";"2";"% г/г";"0"
"2026-08-02";-0.54521266;"A";"Данные СберИндекса";"Неделя";"Бытовая техника";"2";"% г/г";"0"
"2026-08-09";-0.55052604;"A";"Данные СберИндекса";"Неделя";"Бытовая техника";"2";"% г/г";"0"
"2026-08-16";5.78740317;"A";"Данные СберИндекса";"Неделя";"Бытовая техника";"2";"% г/г";"0"
"2026-08-23";5.84964603;"A";"Данные СберИндекса";"Неделя";"Бытовая техника";"2";"% г/г";"0"
"2026-08-30";5.70815573;"A";"Данные СберИндекса";"Неделя";"Бытовая техника";"2";"% г/г";"0"
"2026-09-06";5.73537439;"A";"Данные СберИндекса";"Неделя";"Бытовая техника";"2";"% г/г";"0"
"2026-09-13";4.79754727;"A";"Данные СберИндекса";"Неделя";"Бытовая техника";"2";"% г/г";"0"
"2026-09-20";4.79863664;"A";"Данные СберИндекса";"Неделя";"Бытовая техника";"2";"% г/г";"0"
"2026-09-27";4.38223065;"A";"Данные СберИндекса";"Неделя";"Бытовая техника";"2";"% г/г";"0"
"2026-10-04";3.58019851;"A";"Данные СберИндекса";"Неделя";"Бытовая техника";"2";"% г/г";"0"
"2023-11-12";21.21614158;"A";"Данные СберИндекса";"Неделя";"Контент и СМИ – Цифровые товары";"2";"% г/г";"0"
"2023-11-19";19.26177259;"A";"Данные СберИндекса";"Неделя";"Контент и СМИ – Цифровые товары";"2";"% г/г";"0"
"2023-11-26";17.31059091;"A";"Данные СберИндекса";"Неделя";"Контент и СМИ – Цифровые товары";"2";"% г/г";"0"
"2023-12-03";21.56304701;"A";"Данные СберИндекса";"Неделя";"Контент и СМИ – Цифровые товары";"2";"% г/г";"0"
"2023-12-10";46.14457699;"A";"Данные СберИндекса";"Неделя";"Контент и СМИ – Цифровые товары";"2";"% г/г";"0"
"2023-12-17";38.54181588;"A";"Данные СберИндекса";"Неделя";"Контент и СМИ – Цифровые товары";"2";"% г/г";"0"
"2023-12-24";34.12716975;"A";"Данные СберИндекса";"Неделя";"Контент и СМИ – Цифровые товары";"2";"% г/г";"0"
"2023-12-31";32.72534463;"A";"Данные СберИндекса";"Неделя";"Контент и СМИ – Цифровые товары";"2";"% г/г";"0"
"2024-01-07";26.18419239;"A";"Данные СберИндекса";"Неделя";"Контент и СМИ – Цифровые товары";"2";"% г/г";"0"
"2024-01-14";26.59916511;"A";"Данные СберИндекса";"Неделя";"Контент и СМИ – Цифровые товары";"2";"% г/г";"0"
"2024-01-21";25.79497363;"A";"Данные СберИндекса";"Неделя";"Контент и СМИ – Цифровые товары";"2";"% г/г";"0"
"2024-01-28";22.81522217;"A";"Данные СберИндекса";"Неделя";"Контент и СМИ – Цифровые товары";"2";"% г/г";"0"
"2024-02-04";31.53664777;"A";"Данные СберИндекса";"Неделя";"Контент и СМИ – Цифровые товары";"2";"% г/г";"0"
"2024-02-11";42.11482255;"A";"Данные СберИндекса";"Неделя";"Контент и СМИ – Цифровые товары";"2";"% г/г";"0"
"2024-02-18";43.83627902;"A";"Данные СберИндекса";"Неделя";"Контент и СМИ – Цифровые товары";"2";"% г/г";"0"
"2024-02-25";41.35505701;"A";"Данные СберИндекса";"Неделя";"Контент и СМИ – Цифровые товары";"2";"% г/г";"0"
"2024-03-03";47.11973618;"A";"Данные СберИндекса";"Неделя";"Контент и СМИ – Цифровые товары";"2";"% г/г";"0"
"2024-03-10";50.75193802;"A";"Данные СберИндекса";"Неделя";"Контент и СМИ – Цифровые товары";"2";"% г/г";"0"
"2024-03-17";50.21421439;"A";"Данные СберИндекса";"Неделя";"Контент и СМИ – Цифровые товары";"2";"% г/г";"0"
"2024-03-24";48.03499999;"A";"Данные СберИндекса";"Неделя";"Контент и СМИ – Цифровые товары";"2";"% г/г";"0"
"2024-03-31";47.14257502;"A";"Данные СберИндекса";"Неделя";"Контент и СМИ – Цифровые товары";"2";"% г/г";"0"
"2024-04-07";48.4619218;"A";"Данные СберИндекса";"Неделя";"Контент и СМИ – Цифровые товары";"2";"% г/г";"0"
"2024-04-14";51.0237194;"A";"Данные СберИндекса";"Неделя";"Контент и СМИ – Цифровые товары";"2";"% г/г";"0"
"2024-04-21";59.50605593;"A";"Данные СберИндекса";"Неделя";"Контент и СМИ – Цифровые товары";"2";"% г/г";"0"
"2024-04-28";54.31695912;"A";"Данные СберИндекса";"Неделя";"Контент и СМИ – Цифровые товары";"2";"% г/г";"0"
"2024-05-05";41.62690887;"A";"Данные СберИндекса";"Неделя";"Контент и СМИ – Цифровые товары";"2";"% г/г";"0"
"2024-05-12";38.58147203;"A";"Данные СберИндекса";"Неделя";"Контент и СМИ – Цифровые товары";"2";"% г/г";"0"
"2024-05-19";35.85662442;"A";"Данные СберИндекса";"Неделя";"Контент и СМИ – Цифровые товары";"2";"% г/г";"0"
"2024-05-26";37.3211204;"A";"Данные СберИндекса";"Неделя";"Контент и СМИ – Цифровые товары";"2";"% г/г";"0"
"2024-06-02";37.11516326;"A";"Данные СберИндекса";"Неделя";"Контент и СМИ – Цифровые товары";"2";"% г/г";"0"
"2024-06-09";38.26476495;"A";"Данные СберИндекса";"Неделя";"Контент и СМИ – Цифровые товары";"2";"% г/г";"0"
"2024-06-16";39.17615893;"A";"Данные СберИндекса";"Неделя";"Контент и СМИ – Цифровые товары";"2";"% г/г";"0"
"2024-06-23";37.96075317;"A";"Данные СберИндекса";"Неделя";"Контент и СМИ – Цифровые товары";"2";"% г/г";"0"
"2024-06-30";41.19615724;"A";"Данные СберИндекса";"Неделя";"Контент и СМИ – Цифровые товары";"2";"% г/г";"0"
"2024-07-07";47.61389721;"A";"Данные СберИндекса";"Неделя";"Контент и СМИ – Цифровые товары";"2";"% г/г";"0"
"2024-07-14";48.92676342;"A";"Данные СберИндекса";"Неделя";"Контент и СМИ – Цифровые товары";"2";"% г/г";"0"
"2024-07-21";48.9614407;"A";"Данные СберИндекса";"Неделя";"Контент и СМИ – Цифровые товары";"2";"% г/г";"0"
"2024-07-28";46.51397201;"A";"Данные СберИндекса";"Неделя";"Контент и СМИ – Цифровые товары";"2";"% г/г";"0"
"2024-08-04";54.79548753;"A";"Данные СберИндекса";"Неделя";"Контент и СМИ – Цифровые товары";"2";"% г/г";"0"
"2024-08-11";59.66207988;"A";"Данные СберИндекса";"Неделя";"Контент и СМИ – Цифровые товары";"2";"% г/г";"0"
"2024-08-18";61.20807262;"A";"Данные СберИндекса";"Неделя";"Контент и СМИ – Цифровые товары";"2";"% г/г";"0"
"2024-08-25";62.5900454;"A";"Данные СберИндекса";"Неделя";"Контент и СМИ – Цифровые товары";"2";"% г/г";"0"
"2024-09-01";59.43873555;"A";"Данные СберИндекса";"Неделя";"Контент и СМИ – Цифровые товары";"2";"% г/г";"0"
"2024-09-08";62.65275964;"A";"Данные СберИндекса";"Неделя";"Контент и СМИ – Цифровые товары";"2";"% г/г";"0"
"2024-09-15";67.83149132;"A";"Данные СберИндекса";"Неделя";"Контент и СМИ – Цифровые товары";"2";"% г/г";"0"
"2024-09-22";64.96642874;"A";"Данные СберИндекса";"Неделя";"Контент и СМИ – Цифровые товары";"2";"% г/г";"0"
"2024-09-29";61.92517973;"A";"Данные СберИндекса";"Неделя";"Контент и СМИ – Цифровые товары";"2";"% г/г";"0"
"2024-10-06";66.12107659;"A";"Данные СберИндекса";"Неделя";"Контент и СМИ – Цифровые товары";"2";"% г/г";"0"
"2024-10-13";63.48480752;"A";"Данные СберИндекса";"Неделя";"Контент и СМИ – Цифровые товары";"2";"% г/г";"0"
"2024-10-20";65.25154105;"A";"Данные СберИндекса";"Неделя";"Контент и СМИ – Цифровые товары";"2";"% г/г";"0"
"2024-10-27";65.64330373;"A";"Данные СберИндекса";"Неделя";"Контент и СМИ – Цифровые товары";"2";"% г/г";"0"
"2024-11-03";59.74378089;"A";"Данные СберИндекса";"Неделя";"Контент и СМИ – Цифровые товары";"2";"% г/г";"0"
"2024-11-10";57.5390456;"A";"Данные СберИндекса";"Неделя";"Контент и СМИ – Цифровые товары";"2";"% г/г";"0"
"2024-11-17";60.38912414;"A";"Данные СберИндекса";"Неделя";"Контент и СМИ – Цифровые товары";"2";"% г/г";"0"
"2024-11-24";59.56293689;"A";"Данные СберИндекса";"Неделя";"Контент и СМИ – Цифровые товары";"2";"% г/г";"0"
"2024-12-01";55.16282615;"A";"Данные СберИндекса";"Неделя";"Контент и СМИ – Цифровые товары";"2";"% г/г";"0"
"2024-12-08";39.85062758;"A";"Данные СберИндекса";"Неделя";"Контент и СМИ – Цифровые товары";"2";"% г/г";"0"
"2024-12-15";54.61464234;"A";"Данные СберИндекса";"Неделя";"Контент и СМИ – Цифровые товары";"2";"% г/г";"0"
"2024-12-22";53.87576794;"A";"Данные СберИндекса";"Неделя";"Контент и СМИ – Цифровые товары";"2";"% г/г";"0"
"2024-12-29";51.36039833;"A";"Данные СберИндекса";"Неделя";"Контент и СМИ – Цифровые товары";"2";"% г/г";"0"
"2025-01-05";71.72717024;"A";"Данные СберИндекса";"Неделя";"Контент и СМИ – Цифровые товары";"2";"% г/г";"0"
"2025-01-12";72.48030176;"A";"Данные СберИндекса";"Неделя";"Контент и СМИ – Цифровые товары";"2";"% г/г";"0"
"2025-01-19";74.16694056;"A";"Данные СберИндекса";"Неделя";"Контент и СМИ – Цифровые товары";"2";"% г/г";"0"
"2025-01-26";77.51462137;"A";"Данные СберИндекса";"Неделя";"Контент и СМИ – Цифровые товары";"2";"% г/г";"0"
"2025-02-02";69.56466765;"A";"Данные СберИндекса";"Неделя";"Контент и СМИ – Цифровые товары";"2";"% г/г";"0"
"2025-02-09";56.63756013;"A";"Данные СберИндекса";"Неделя";"Контент и СМИ – Цифровые товары";"2";"% г/г";"0"
"2025-02-16";57.57438607;"A";"Данные СберИндекса";"Неделя";"Контент и СМИ – Цифровые товары";"2";"% г/г";"0"
"2025-02-23";52.92714487;"A";"Данные СберИндекса";"Неделя";"Контент и СМИ – Цифровые товары";"2";"% г/г";"0"
"2025-03-02";54.72222772;"A";"Данные СберИндекса";"Неделя";"Контент и СМИ – Цифровые товары";"2";"% г/г";"0"
"2025-03-09";57.68153777;"A";"Данные СберИндекса";"Неделя";"Контент и СМИ – Цифровые товары";"2";"% г/г";"0"
"2025-03-16";62.51890338;"A";"Данные СберИндекса";"Неделя";"Контент и СМИ – Цифровые товары";"2";"% г/г";"0"
"2025-03-23";63.31225088;"A";"Данные СберИндекса";"Неделя";"Контент и СМИ – Цифровые товары";"2";"% г/г";"0"
"2025-03-30";67.50701682;"A";"Данные СберИндекса";"Неделя";"Контент и СМИ – Цифровые товары";"2";"% г/г";"0"
"2025-04-06";67.67249843;"A";"Данные СберИндекса";"Неделя";"Контент и СМИ – Цифровые товары";"2";"% г/г";"0"
"2025-04-13";66.78682862;"A";"Данные СберИндекса";"Неделя";"Контент и СМИ – Цифровые товары";"2";"% г/г";"0"
"2025-04-20";59.79793255;"A";"Данные СберИндекса";"Неделя";"Контент и СМИ – Цифровые товары";"2";"% г/г";"0"
"2025-04-27";58.6513643;"A";"Данные СберИндекса";"Неделя";"Контент и СМИ – Цифровые товары";"2";"% г/г";"0"
"2025-05-04";66.36614331;"A";"Данные СберИндекса";"Неделя";"Контент и СМИ – Цифровые товары";"2";"% г/г";"0"
"2025-05-11";68.08365107;"A";"Данные СберИндекса";"Неделя";"Контент и СМИ – Цифровые товары";"2";"% г/г";"0"
"2025-05-18";72.6743886;"A";"Данные СберИндекса";"Неделя";"Контент и СМИ – Цифровые товары";"2";"% г/г";"0"
"2025-05-25";69.70263083;"A";"Данные СберИндекса";"Неделя";"Контент и СМИ – Цифровые товары";"2";"% г/г";"0"
"2025-06-01";68.04851234;"A";"Данные СберИндекса";"Неделя";"Контент и СМИ – Цифровые товары";"2";"% г/г";"0"
"2025-06-08";65.66219025;"A";"Данные СберИндекса";"Неделя";"Контент и СМИ – Цифровые товары";"2";"% г/г";"0"
"2025-06-15";67.74512934;"A";"Данные СберИндекса";"Неделя";"Контент и СМИ – Цифровые товары";"2";"% г/г";"0"
"2025-06-22";67.59780135;"A";"Данные СберИндекса";"Неделя";"Контент и СМИ – Цифровые товары";"2";"% г/г";"0"
"2025-06-29";64.90080596;"A";"Данные СберИндекса";"Неделя";"Контент и СМИ – Цифровые товары";"2";"% г/г";"0"
"2025-07-06";61.4638066;"A";"Данные СберИндекса";"Неделя";"Контент и СМИ – Цифровые товары";"2";"% г/г";"0"
"2025-07-13";56.2437923;"A";"Данные СберИндекса";"Неделя";"Контент и СМИ – Цифровые товары";"2";"% г/г";"0"
"2025-07-20";55.57862535;"A";"Данные СберИндекса";"Неделя";"Контент и СМИ – Цифровые товары";"2";"% г/г";"0"
"2025-07-27";55.43888455;"A";"Данные СберИндекса";"Неделя";"Контент и СМИ – Цифровые товары";"2";"% г/г";"0"
"2025-08-03";53.36039619;"A";"Данные СберИндекса";"Неделя";"Контент и СМИ – Цифровые товары";"2";"% г/г";"0"
"2025-08-10";49.87156189;"A";"Данные СберИндекса";"Неделя";"Контент и СМИ – Цифровые товары";"2";"% г/г";"0"
"2025-08-17";50.36562211;"A";"Данные СберИндекса";"Неделя";"Контент и СМИ – Цифровые товары";"2";"% г/г";"0"
"2025-08-24";48.92734702;"A";"Данные СберИндекса";"Неделя";"Контент и СМИ – Цифровые товары";"2";"% г/г";"0"
"2025-08-31";51.32451784;"A";"Данные СберИндекса";"Неделя";"Контент и СМИ – Цифровые товары";"2";"% г/г";"0"
"2025-09-07";55.20124034;"A";"Данные СберИндекса";"Неделя";"Контент и СМИ – Цифровые товары";"2";"% г/г";"0"
"2025-09-14";53.6832439;"A";"Данные СберИндекса";"Неделя";"Контент и СМИ – Цифровые товары";"2";"% г/г";"0"
"2025-09-21";59.9105253;"A";"Данные СберИндекса";"Неделя";"Контент и СМИ – Цифровые товары";"2";"% г/г";"0"
"2025-09-28";57.65557038;"A";"Данные СберИндекса";"Неделя";"Контент и СМИ – Цифровые товары";"2";"% г/г";"0"
"2025-10-05";54.06852901;"A";"Данные СберИндекса";"Неделя";"Контент и СМИ – Цифровые товары";"2";"% г/г";"0"
"2025-10-12";52.44517067;"A";"Данные СберИндекса";"Неделя";"Контент и СМИ – Цифровые товары";"2";"% г/г";"0"
"2025-10-19";52.88470222;"A";"Данные СберИндекса";"Неделя";"Контент и СМИ – Цифровые товары";"2";"% г/г";"0"
"2025-10-26";53.06293482;"A";"Данные СберИндекса";"Неделя";"Контент и СМИ – Цифровые товары";"2";"% г/г";"0"
"2025-11-02";52.05063706;"A";"Данные СберИндекса";"Неделя";"Контент и СМИ – Цифровые товары";"2";"% г/г";"0"
"2025-11-09";45.52643946;"A";"Данные СберИндекса";"Неделя";"Контент и СМИ – Цифровые товары";"2";"% г/г";"0"
"2025-11-16";51.6357541;"A";"Данные СберИндекса";"Неделя";"Контент и СМИ – Цифровые товары";"2";"% г/г";"0"
"2025-11-23";48.32686967;"A";"Данные СберИндекса";"Неделя";"Контент и СМИ – Цифровые товары";"2";"% г/г";"0"
"2025-11-30";50.96262321;"A";"Данные СберИндекса";"Неделя";"Контент и СМИ – Цифровые товары";"2";"% г/г";"0"
"2025-12-07";52.42092493;"A";"Данные СберИндекса";"Неделя";"Контент и СМИ – Цифровые товары";"2";"% г/г";"0"
"2025-12-14";32.36517539;"A";"Данные СберИндекса";"Неделя";"Контент и СМИ – Цифровые товары";"2";"% г/г";"0"
"2025-12-21";39.35924647;"A";"Данные СберИндекса";"Неделя";"Контент и СМИ – Цифровые товары";"2";"% г/г";"0"
"2025-12-28";33.02223779;"A";"Данные СберИндекса";"Неделя";"Контент и СМИ – Цифровые товары";"2";"% г/г";"0"
"2026-01-04";36.67276252;"A";"Данные СберИндекса";"Неделя";"Контент и СМИ – Цифровые товары";"2";"% г/г";"0"
"2026-01-11";32.76023813;"A";"Данные СберИндекса";"Неделя";"Контент и СМИ – Цифровые товары";"2";"% г/г";"0"
"2026-01-18";35.10200484;"A";"Данные СберИндекса";"Неделя";"Контент и СМИ – Цифровые товары";"2";"% г/г";"0"
"2026-01-25";35.17787478;"A";"Данные СберИндекса";"Неделя";"Контент и СМИ – Цифровые товары";"2";"% г/г";"0"
"2026-02-01";35.59971788;"A";"Данные СберИндекса";"Неделя";"Контент и СМИ – Цифровые товары";"2";"% г/г";"0"
"2026-02-08";34.14759167;"A";"Данные СберИндекса";"Неделя";"Контент и СМИ – Цифровые товары";"2";"% г/г";"0"
"2026-02-15";43.40441218;"A";"Данные СберИндекса";"Неделя";"Контент и СМИ – Цифровые товары";"2";"% г/г";"0"
"2026-02-22";43.82245532;"A";"Данные СберИндекса";"Неделя";"Контент и СМИ – Цифровые товары";"2";"% г/г";"0"
"2026-03-01";44.79431368;"A";"Данные СберИндекса";"Неделя";"Контент и СМИ – Цифровые товары";"2";"% г/г";"0"
"2026-03-08";40.01080814;"A";"Данные СберИндекса";"Неделя";"Контент и СМИ – Цифровые товары";"2";"% г/г";"0"
"2026-03-15";36.37382019;"A";"Данные СберИндекса";"Неделя";"Контент и СМИ – Цифровые товары";"2";"% г/г";"0"
"2026-03-22";35.95534781;"A";"Данные СберИндекса";"Неделя";"Контент и СМИ – Цифровые товары";"2";"% г/г";"0"
"2026-03-29";32.47704877;"A";"Данные СберИндекса";"Неделя";"Контент и СМИ – Цифровые товары";"2";"% г/г";"0"
"2026-04-05";31.01670567;"A";"Данные СберИндекса";"Неделя";"Контент и СМИ – Цифровые товары";"2";"% г/г";"0"
"2026-04-12";26.34164607;"A";"Данные СберИндекса";"Неделя";"Контент и СМИ – Цифровые товары";"2";"% г/г";"0"
"2026-04-19";34.73473115;"A";"Данные СберИндекса";"Неделя";"Контент и СМИ – Цифровые товары";"2";"% г/г";"0"
"2026-04-26";37.01234855;"A";"Данные СберИндекса";"Неделя";"Контент и СМИ – Цифровые товары";"2";"% г/г";"0"
"2026-05-03";35.66700948;"A";"Данные СберИндекса";"Неделя";"Контент и СМИ – Цифровые товары";"2";"% г/г";"0"
"2026-05-10";32.07286;"A";"Данные СберИндекса";"Неделя";"Контент и СМИ – Цифровые товары";"2";"% г/г";"0"
"2026-05-17";35.28163803;"A";"Данные СберИндекса";"Неделя";"Контент и СМИ – Цифровые товары";"2";"% г/г";"0"
"2026-05-24";39.22772323;"A";"Данные СберИндекса";"Неделя";"Контент и СМИ – Цифровые товары";"2";"% г/г";"0"
"2026-05-31";42.06604223;"A";"Данные СберИндекса";"Неделя";"Контент и СМИ – Цифровые товары";"2";"% г/г";"0"
"2026-06-07";38.25993353;"A";"Данные СберИндекса";"Неделя";"Контент и СМИ – Цифровые товары";"2";"% г/г";"0"
"2026-06-14";36.09768856;"A";"Данные СберИндекса";"Неделя";"Контент и СМИ – Цифровые товары";"2";"% г/г";"0"
"2026-06-21";37.75382498;"A";"Данные СберИндекса";"Неделя";"Контент и СМИ – Цифровые товары";"2";"% г/г";"0"
"2026-06-28";39.73727815;"A";"Данные СберИндекса";"Неделя";"Контент и СМИ – Цифровые товары";"2";"% г/г";"0"
"2026-07-05";38.76518837;"A";"Данные СберИндекса";"Неделя";"Контент и СМИ – Цифровые товары";"2";"% г/г";"0"
"2026-07-12";39.54376288;"A";"Данные СберИндекса";"Неделя";"Контент и СМИ – Цифровые товары";"2";"% г/г";"0"
"2026-07-19";39.35228885;"A";"Данные СберИндекса";"Неделя";"Контент и СМИ – Цифровые товары";"2";"% г/г";"0"
"2026-07-26";39.14145627;"A";"Данные СберИндекса";"Неделя";"Контент и СМИ – Цифровые товары";"2";"% г/г";"0"
"2026-08-02";37.54888367;"A";"Данные СберИндекса";"Неделя";"Контент и СМИ – Цифровые товары";"2";"% г/г";"0"
"2026-08-09";35.51892224;"A";"Данные СберИндекса";"Неделя";"Контент и СМИ – Цифровые товары";"2";"% г/г";"0"
"2026-08-16";36.29138569;"A";"Данные СберИндекса";"Неделя";"Контент и СМИ – Цифровые товары";"2";"% г/г";"0"
"2026-08-23";37.14159426;"A";"Данные СберИндекса";"Неделя";"Контент и СМИ – Цифровые товары";"2";"% г/г";"0"
"2026-08-30";37.51706772;"A";"Данные СберИндекса";"Неделя";"Контент и СМИ – Цифровые товары";"2";"% г/г";"0"
"2026-09-06";39.30058103;"A";"Данные СберИндекса";"Неделя";"Контент и СМИ – Цифровые товары";"2";"% г/г";"0"
"2026-09-13";37.10056424;"A";"Данные СберИндекса";"Неделя";"Контент и СМИ – Цифровые товары";"2";"% г/г";"0"
"2026-09-20";32.69485157;"A";"Данные СберИндекса";"Неделя";"Контент и СМИ – Цифровые товары";"2";"% г/г";"0"
"2026-09-27";38.63400665;"A";"Данные СберИндекса";"Неделя";"Контент и СМИ – Цифровые товары";"2";"% г/г";"0"
"2026-10-04";36.21541613;"A";"Данные СберИндекса";"Неделя";"Контент и СМИ – Цифровые товары";"2";"% г/г";"0"
"2023-11-12";0.45072186;"A";"Данные СберИндекса";"Неделя";"Канцтовары";"2";"% г/г";"0"
"2023-11-19";0.89125468;"A";"Данные СберИндекса";"Неделя";"Канцтовары";"2";"% г/г";"0"
"2023-11-26";0.95443132;"A";"Данные СберИндекса";"Неделя";"Канцтовары";"2";"% г/г";"0"
"2023-12-03";0.15454865;"A";"Данные СберИндекса";"Неделя";"Канцтовары";"2";"% г/г";"0"
"2023-12-10";-1.6252326;"A";"Данные СберИндекса";"Неделя";"Канцтовары";"2";"% г/г";"0"
"2023-12-17";-1.94129657;"A";"Данные СберИндекса";"Неделя";"Канцтовары";"2";"% г/г";"0"
"2023-12-24";-0.48432728;"A";"Данные СберИндекса";"Неделя";"Канцтовары";"2";"% г/г";"0"
"2023-12-31";2.10979221;"A";"Данные СберИндекса";"Неделя";"Канцтовары";"2";"% г/г";"0"
"2024-01-07";-11.12958888;"A";"Данные СберИндекса";"Неделя";"Канцтовары";"2";"% г/г";"0"
"2024-01-14";-2.95838992;"A";"Данные СберИндекса";"Неделя";"Канцтовары";"2";"% г/г";"0"
"2024-01-21";-0.59646503;"A";"Данные СберИндекса";"Неделя";"Канцтовары";"2";"% г/г";"0"
"2024-01-28";-0.15726296;"A";"Данные СберИндекса";"Неделя";"Канцтовары";"2";"% г/г";"0"
"2024-02-04";1.04768019;"A";"Данные СберИндекса";"Неделя";"Канцтовары";"2";"% г/г";"0"
"2024-02-11";1.85768689;"A";"Данные СберИндекса";"Неделя";"Канцтовары";"2";"% г/г";"0"
"2024-02-18";1.38933882;"A";"Данные СберИндекса";"Неделя";"Канцтовары";"2";"% г/г";"0"
"2024-02-25";5.83321629;"A";"Данные СберИндекса";"Неделя";"Канцтовары";"2";"% г/г";"0"
"2024-03-03";-0.02620263;"A";"Данные СберИндекса";"Неделя";"Канцтовары";"2";"% г/г";"0"
"2024-03-10";5.49345779;"A";"Данные СберИндекса";"Неделя";"Канцтовары";"2";"% г/г";"0"
"2024-03-17";0.01686405;"A";"Данные СберИндекса";"Неделя";"Канцтовары";"2";"% г/г";"0"
"2024-03-24";1.4808998;"A";"Данные СберИндекса";"Неделя";"Канцтовары";"2";"% г/г";"0"
"2024-03-31";2.41392709;"A";"Данные СберИндекса";"Неделя";"Канцтовары";"2";"% г/г";"0"
"2024-04-07";4.18192934;"A";"Данные СберИндекса";"Неделя";"Канцтовары";"2";"% г/г";"0"
"2024-04-14";5.43725046;"A";"Данные СберИндекса";"Неделя";"Канцтовары";"2";"% г/г";"0"
"2024-04-21";4.99529429;"A";"Данные СберИндекса";"Неделя";"Канцтовары";"2";"% г/г";"0"
"2024-04-28";5.76313829;"A";"Данные СберИндекса";"Неделя";"Канцтовары";"2";"% г/г";"0"
"2024-05-05";-3.7957114;"A";"Данные СберИндекса";"Неделя";"Канцтовары";"2";"% г/г";"0"
"2024-05-12";2.12582529;"A";"Данные СберИндекса";"Неделя";"Канцтовары";"2";"% г/г";"0"
"2024-05-19";1.25357817;"A";"Данные СберИндекса";"Неделя";"Канцтовары";"2";"% г/г";"0"
"2024-05-26";3.69252241;"A";"Данные СберИндекса";"Неделя";"Канцтовары";"2";"% г/г";"0"
"2024-06-02";1.65217267;"A";"Данные СберИндекса";"Неделя";"Канцтовары";"2";"% г/г";"0"
"2024-06-09";1.96586711;"A";"Данные СберИндекса";"Неделя";"Канцтовары";"2";"% г/г";"0"
"2024-06-16";1.29760521;"A";"Данные СберИндекса";"Неделя";"Канцтовары";"2";"% г/г";"0"
"2024-06-23";1.52382098;"A";"Данные СберИндекса";"Неделя";"Канцтовары";"2";"% г/г";"0"
"2024-06-30";2.35497399;"A";"Данные СберИндекса";"Неделя";"Канцтовары";"2";"% г/г";"0"
"2024-07-07";-0.32397511;"A";"Данные СберИндекса";"Неделя";"Канцтовары";"2";"% г/г";"0"
"2024-07-14";-1.89165443;"A";"Данные СберИндекса";"Неделя";"Канцтовары";"2";"% г/г";"0"
"2024-07-21";-0.61056521;"A";"Данные СберИндекса";"Неделя";"Канцтовары";"2";"% г/г";"0"
"2024-07-28";0.19003836;"A";"Данные СберИндекса";"Неделя";"Канцтовары";"2";"% г/г";"0"
"2024-08-04";-0.87234783;"A";"Данные СберИндекса";"Неделя";"Канцтовары";"2";"% г/г";"0"
"2024-08-11";-2.08412692;"A";"Данные СберИндекса";"Неделя";"Канцтовары";"2";"% г/г";"0"
"2024-08-18";-2.93199639;"A";"Данные СберИндекса";"Неделя";"Канцтовары";"2";"% г/г";"0"
"2024-08-25";-4.8594971;"A";"Данные СберИндекса";"Неделя";"Канцтовары";"2";"% г/г";"0"
"2024-09-01";-4.54904565;"A";"Данные СберИндекса";"Неделя";"Канцтовары";"2";"% г/г";"0"
"2024-09-08";14.06039802;"A";"Данные СберИндекса";"Неделя";"Канцтовары";"2";"% г/г";"0"
"2024-09-15";4.42316707;"A";"Данные СберИндекса";"Неделя";"Канцтовары";"2";"% г/г";"0"
"2024-09-22";1.31252635;"A";"Данные СберИндекса";"Неделя";"Канцтовары";"2";"% г/г";"0"
"2024-09-29";0.6756976;"A";"Данные СберИндекса";"Неделя";"Канцтовары";"2";"% г/г";"0"
"2024-10-06";3.38878275;"A";"Данные СберИндекса";"Неделя";"Канцтовары";"2";"% г/г";"0"
"2024-10-13";3.9292061;"A";"Данные СберИндекса";"Неделя";"Канцтовары";"2";"% г/г";"0"
"2024-10-20";6.34298324;"A";"Данные СберИндекса";"Неделя";"Канцтовары";"2";"% г/г";"0"
"2024-10-27";7.50157644;"A";"Данные СберИндекса";"Неделя";"Канцтовары";"2";"% г/г";"0"
"2024-11-03";7.34645892;"A";"Данные СберИндекса";"Неделя";"Канцтовары";"2";"% г/г";"0"
"2024-11-10";6.13661877;"A";"Данные СберИндекса";"Неделя";"Канцтовары";"2";"% г/г";"0"
"2024-11-17";6.76787148;"A";"Данные СберИндекса";"Неделя";"Канцтовары";"2";"% г/г";"0"
"2024-11-24";7.61204499;"A";"Данные СберИндекса";"Неделя";"Канцтовары";"2";"% г/г";"0"
"2024-12-01";7.65479371;"A";"Данные СберИндекса";"Неделя";"Канцтовары";"2";"% г/г";"0"
"2024-12-08";11.45562124;"A";"Данные СберИндекса";"Неделя";"Канцтовары";"2";"% г/г";"0"
"2024-12-15";11.14186405;"A";"Данные СберИндекса";"Неделя";"Канцтовары";"2";"% г/г";"0"
"2024-12-22";7.20278888;"A";"Данные СберИндекса";"Неделя";"Канцтовары";"2";"% г/г";"0"
"2024-12-29";7.73921522;"A";"Данные СберИндекса";"Неделя";"Канцтовары";"2";"% г/г";"0"
"2025-01-05";41.02783543;"A";"Данные СберИндекса";"Неделя";"Канцтовары";"2";"% г/г";"0"
"2025-01-12";6.04276775;"A";"Данные СберИндекса";"Неделя";"Канцтовары";"2";"% г/г";"0"
"2025-01-19";11.89090739;"A";"Данные СберИндекса";"Неделя";"Канцтовары";"2";"% г/г";"0"
"2025-01-26";9.4968462;"A";"Данные СберИндекса";"Неделя";"Канцтовары";"2";"% г/г";"0"
"2025-02-02";5.34489849;"A";"Данные СберИндекса";"Неделя";"Канцтовары";"2";"% г/г";"0"
"2025-02-09";5.25051096;"A";"Данные СберИндекса";"Неделя";"Канцтовары";"2";"% г/г";"0"
"2025-02-16";5.69544125;"A";"Данные СберИндекса";"Неделя";"Канцтовары";"2";"% г/г";"0"
"2025-02-23";5.70699965;"A";"Данные СберИндекса";"Неделя";"Канцтовары";"2";"% г/г";"0"
"2025-03-02";1.03708539;"A";"Данные СберИндекса";"Неделя";"Канцтовары";"2";"% г/г";"0"
"2025-03-09";6.357598;"A";"Данные СберИндекса";"Неделя";"Канцтовары";"2";"% г/г";"0"
"2025-03-16";5.76740662;"A";"Данные СберИндекса";"Неделя";"Канцтовары";"2";"% г/г";"0"
"2025-03-23";3.8947081;"A";"Данные СберИндекса";"Неделя";"Канцтовары";"2";"% г/г";"0"
"2025-03-30";2.66093994;"A";"Данные СберИндекса";"Неделя";"Канцтовары";"2";"% г/г";"0"
"2025-04-06";4.86854644;"A";"Данные СберИндекса";"Неделя";"Канцтовары";"2";"% г/г";"0"
"2025-04-13";5.80052752;"A";"Данные СберИндекса";"Неделя";"Канцтовары";"2";"% г/г";"0"
"2025-04-20";3.85440632;"A";"Данные СберИндекса";"Неделя";"Канцтовары";"2";"% г/г";"0"
"2025-04-27";4.05003807;"A";"Данные СберИндекса";"Неделя";"Канцтовары";"2";"% г/г";"0"
"2025-05-04";6.06616342;"A";"Данные СберИндекса";"Неделя";"Канцтовары";"2";"% г/г";"0"
"2025-05-11";0.71690996;"A";"Данные СберИндекса";"Неделя";"Канцтовары";"2";"% г/г";"0"
"2025-05-18";1.93686979;"A";"Данные СберИндекса";"Неделя";"Канцтовары";"2";"% г/г";"0"
"2025-05-25";2.15776273;"A";"Данные СберИндекса";"Неделя";"Канцтовары";"2";"% г/г";"0"
"2025-06-01";1.33489858;"A";"Данные СберИндекса";"Неделя";"Канцтовары";"2";"% г/г";"0"
"2025-06-08";1.22562337;"A";"Данные СберИндекса";"Неделя";"Канцтовары";"2";"% г/г";"0"
"2025-06-15";-1.2939492;"A";"Данные СберИндекса";"Неделя";"Канцтовары";"2";"% г/г";"0"
"2025-06-22";1.94993142;"A";"Данные СберИндекса";"Неделя";"Канцтовары";"2";"% г/г";"0"
"2025-06-29";0.81046364;"A";"Данные СберИндекса";"Неделя";"Канцтовары";"2";"% г/г";"0"
"2025-07-06";-1.73234981;"A";"Данные СберИндекса";"Неделя";"Канцтовары";"2";"% г/г";"0"
"2025-07-13";-5.46422288;"A";"Данные СберИндекса";"Неделя";"Канцтовары";"2";"% г/г";"0"
"2025-07-20";-5.18569982;"A";"Данные СберИндекса";"Неделя";"Канцтовары";"2";"% г/г";"0"
"2025-07-27";-6.51931467;"A";"Данные СберИндекса";"Неделя";"Канцтовары";"2";"% г/г";"0"
"2025-08-03";-7.60920986;"A";"Данные СберИндекса";"Неделя";"Канцтовары";"2";"% г/г";"0"
"2025-08-10";-3.44053915;"A";"Данные СберИндекса";"Неделя";"Канцтовары";"2";"% г/г";"0"
"2025-08-17";-1.58108568;"A";"Данные СберИндекса";"Неделя";"Канцтовары";"2";"% г/г";"0"
"2025-08-24";0.23180616;"A";"Данные СберИндекса";"Неделя";"Канцтовары";"2";"% г/г";"0"
"2025-08-31";2.20929154;"A";"Данные СберИндекса";"Неделя";"Канцтовары";"2";"% г/г";"0"
"2025-09-07";-3.8042511;"A";"Данные СберИндекса";"Неделя";"Канцтовары";"2";"% г/г";"0"
"2025-09-14";-7.18326773;"A";"Данные СберИндекса";"Неделя";"Канцтовары";"2";"% г/г";"0"
"2025-09-21";-6.67981862;"A";"Данные СберИндекса";"Неделя";"Канцтовары";"2";"% г/г";"0"
"2025-09-28";-7.69297162;"A";"Данные СберИндекса";"Неделя";"Канцтовары";"2";"% г/г";"0"
"2025-10-05";-8.25914252;"A";"Данные СберИндекса";"Неделя";"Канцтовары";"2";"% г/г";"0"
"2025-10-12";-7.58370376;"A";"Данные СберИндекса";"Неделя";"Канцтовары";"2";"% г/г";"0"
"2025-10-19";-7.98390431;"A";"Данные СберИндекса";"Неделя";"Канцтовары";"2";"% г/г";"0"
"2025-10-26";-8.06959268;"A";"Данные СберИндекса";"Неделя";"Канцтовары";"2";"% г/г";"0"
"2025-11-02";-9.43554961;"A";"Данные СберИндекса";"Неделя";"Канцтовары";"2";"% г/г";"0"
"2025-11-09";-11.98940202;"A";"Данные СберИндекса";"Неделя";"Канцтовары";"2";"% г/г";"0"
"2025-11-16";-8.50816577;"A";"Данные СберИндекса";"Неделя";"Канцтовары";"2";"% г/г";"0"
"2025-11-23";-8.13398792;"A";"Данные СберИндекса";"Неделя";"Канцтовары";"2";"% г/г";"0"
"2025-11-30";-9.06547789;"A";"Данные СберИндекса";"Неделя";"Канцтовары";"2";"% г/г";"0"
"2025-12-07";-10.65543076;"A";"Данные СберИндекса";"Неделя";"Канцтовары";"2";"% г/г";"0"
"2025-12-14";-11.11238137;"A";"Данные СберИндекса";"Неделя";"Канцтовары";"2";"% г/г";"0"
"2025-12-21";-9.70286415;"A";"Данные СберИндекса";"Неделя";"Канцтовары";"2";"% г/г";"0"
"2025-12-28";-11.81084131;"A";"Данные СберИндекса";"Неделя";"Канцтовары";"2";"% г/г";"0"
"2026-01-04";0.94189866;"A";"Данные СберИндекса";"Неделя";"Канцтовары";"2";"% г/г";"0"
"2026-01-11";-17.06108948;"A";"Данные СберИндекса";"Неделя";"Канцтовары";"2";"% г/г";"0"
"2026-01-18";-14.5641807;"A";"Данные СберИндекса";"Неделя";"Канцтовары";"2";"% г/г";"0"
"2026-01-25";-14.17383554;"A";"Данные СберИндекса";"Неделя";"Канцтовары";"2";"% г/г";"0"
"2026-02-01";-14.70780782;"A";"Данные СберИндекса";"Неделя";"Канцтовары";"2";"% г/г";"0"
"2026-02-08";-13.82938682;"A";"Данные СберИндекса";"Неделя";"Канцтовары";"2";"% г/г";"0"
"2026-02-15";-13.05046596;"A";"Данные СберИндекса";"Неделя";"Канцтовары";"2";"% г/г";"0"
"2026-02-22";-14.81369599;"A";"Данные СберИндекса";"Неделя";"Канцтовары";"2";"% г/г";"0"
"2026-03-01";-13.84835027;"A";"Данные СберИндекса";"Неделя";"Канцтовары";"2";"% г/г";"0"
"2026-03-08";-10.94425812;"A";"Данные СберИндекса";"Неделя";"Канцтовары";"2";"% г/г";"0"
"2026-03-15";-11.48671697;"A";"Данные СберИндекса";"Неделя";"Канцтовары";"2";"% г/г";"0"
"2026-03-22";-8.83669984;"A";"Данные СберИндекса";"Неделя";"Канцтовары";"2";"% г/г";"0"
"2026-03-29";-10.86138109;"A";"Данные СберИндекса";"Неделя";"Канцтовары";"2";"% г/г";"0"
"2026-04-05";-14.68883626;"A";"Данные СберИндекса";"Неделя";"Канцтовары";"2";"% г/г";"0"
"2026-04-12";-14.02328991;"A";"Данные СберИндекса";"Неделя";"Канцтовары";"2";"% г/г";"0"
"2026-04-19";-9.84053311;"A";"Данные СберИндекса";"Неделя";"Канцтовары";"2";"% г/г";"0"
"2026-04-26";-9.89178496;"A";"Данные СберИндекса";"Неделя";"Канцтовары";"2";"% г/г";"0"
"2026-05-03";-7.41876137;"A";"Данные СберИндекса";"Неделя";"Канцтовары";"2";"% г/г";"0"
"2026-05-10";-4.92979968;"A";"Данные СберИндекса";"Неделя";"Канцтовары";"2";"% г/г";"0"
"2026-05-17";-13.75010406;"A";"Данные СберИндекса";"Неделя";"Канцтовары";"2";"% г/г";"0"
"2026-05-24";-7.48105527;"A";"Данные СберИндекса";"Неделя";"Канцтовары";"2";"% г/г";"0"
"2026-05-31";-7.04238643;"A";"Данные СберИндекса";"Неделя";"Канцтовары";"2";"% г/г";"0"
"2026-06-07";-6.99681073;"A";"Данные СберИндекса";"Неделя";"Канцтовары";"2";"% г/г";"0"
"2026-06-14";-8.54771787;"A";"Данные СберИндекса";"Неделя";"Канцтовары";"2";"% г/г";"0"
"2026-06-21";-8.75562226;"A";"Данные СберИндекса";"Неделя";"Канцтовары";"2";"% г/г";"0"
"2026-06-28";-8.96745408;"A";"Данные СберИндекса";"Неделя";"Канцтовары";"2";"% г/г";"0"
"2026-07-05";-9.34157853;"A";"Данные СберИндекса";"Неделя";"Канцтовары";"2";"% г/г";"0"
"2026-07-12";-10.35609152;"A";"Данные СберИндекса";"Неделя";"Канцтовары";"2";"% г/г";"0"
"2026-07-19";-10.33356156;"A";"Данные СберИндекса";"Неделя";"Канцтовары";"2";"% г/г";"0"
"2026-07-26";-10.44144123;"A";"Данные СберИндекса";"Неделя";"Канцтовары";"2";"% г/г";"0"
"2026-08-02";-10.71421442;"A";"Данные СберИндекса";"Неделя";"Канцтовары";"2";"% г/г";"0"
"2026-08-09";-10.06256691;"A";"Данные СберИндекса";"Неделя";"Канцтовары";"2";"% г/г";"0"
"2026-08-16";-8.60345893;"A";"Данные СберИндекса";"Неделя";"Канцтовары";"2";"% г/г";"0"
"2026-08-23";-8.6845145;"A";"Данные СберИндекса";"Неделя";"Канцтовары";"2";"% г/г";"0"
"2026-08-30";-8.57272812;"A";"Данные СберИндекса";"Неделя";"Канцтовары";"2";"% г/г";"0"
"2026-09-06";-6.09168803;"A";"Данные СберИндекса";"Неделя";"Канцтовары";"2";"% г/г";"0"
"2026-09-13";-5.29312321;"A";"Данные СберИндекса";"Неделя";"Канцтовары";"2";"% г/г";"0"
"2026-09-20";-6.49907273;"A";"Данные СберИндекса";"Неделя";"Канцтовары";"2";"% г/г";"0"
"2026-09-27";-6.74000625;"A";"Данные СберИндекса";"Неделя";"Канцтовары";"2";"% г/г";"0"
"2026-10-04";-6.92506676;"A";"Данные СберИндекса";"Неделя";"Канцтовары";"2";"% г/г";"0"
"2023-11-12";8.06244497;"A";"Данные СберИндекса";"Неделя";"Хранение и доставка грузов и корреспонденции";"2";"% г/г";"0"
"2023-11-19";8.92989897;"A";"Данные СберИндекса";"Неделя";"Хранение и доставка грузов и корреспонденции";"2";"% г/г";"0"
"2023-11-26";8.87343799;"A";"Данные СберИндекса";"Неделя";"Хранение и доставка грузов и корреспонденции";"2";"% г/г";"0"
"2023-12-03";13.15671722;"A";"Данные СберИндекса";"Неделя";"Хранение и доставка грузов и корреспонденции";"2";"% г/г";"0"
"2023-12-10";14.82877038;"A";"Данные СберИндекса";"Неделя";"Хранение и доставка грузов и корреспонденции";"2";"% г/г";"0"
"2023-12-17";14.47116764;"A";"Данные СберИндекса";"Неделя";"Хранение и доставка грузов и корреспонденции";"2";"% г/г";"0"
"2023-12-24";15.22049362;"A";"Данные СберИндекса";"Неделя";"Хранение и доставка грузов и корреспонденции";"2";"% г/г";"0"
"2023-12-31";19.80107481;"A";"Данные СберИндекса";"Неделя";"Хранение и доставка грузов и корреспонденции";"2";"% г/г";"0"
"2024-01-07";14.2624252;"A";"Данные СберИндекса";"Неделя";"Хранение и доставка грузов и корреспонденции";"2";"% г/г";"0"
"2024-01-14";14.6952398;"A";"Данные СберИндекса";"Неделя";"Хранение и доставка грузов и корреспонденции";"2";"% г/г";"0"
"2024-01-21";17.6098205;"A";"Данные СберИндекса";"Неделя";"Хранение и доставка грузов и корреспонденции";"2";"% г/г";"0"
"2024-01-28";18.95061642;"A";"Данные СберИндекса";"Неделя";"Хранение и доставка грузов и корреспонденции";"2";"% г/г";"0"
"2024-02-04";21.8784929;"A";"Данные СберИндекса";"Неделя";"Хранение и доставка грузов и корреспонденции";"2";"% г/г";"0"
"2024-02-11";24.09356766;"A";"Данные СберИндекса";"Неделя";"Хранение и доставка грузов и корреспонденции";"2";"% г/г";"0"
"2024-02-18";24.21324484;"A";"Данные СберИндекса";"Неделя";"Хранение и доставка грузов и корреспонденции";"2";"% г/г";"0"
"2024-02-25";26.90686184;"A";"Данные СберИндекса";"Неделя";"Хранение и доставка грузов и корреспонденции";"2";"% г/г";"0"
"2024-03-03";19.91876883;"A";"Данные СберИндекса";"Неделя";"Хранение и доставка грузов и корреспонденции";"2";"% г/г";"0"
"2024-03-10";18.84622633;"A";"Данные СберИндекса";"Неделя";"Хранение и доставка грузов и корреспонденции";"2";"% г/г";"0"
"2024-03-17";18.54741879;"A";"Данные СберИндекса";"Неделя";"Хранение и доставка грузов и корреспонденции";"2";"% г/г";"0"
"2024-03-24";17.25755792;"A";"Данные СберИндекса";"Неделя";"Хранение и доставка грузов и корреспонденции";"2";"% г/г";"0"
"2024-03-31";17.32981779;"A";"Данные СберИндекса";"Неделя";"Хранение и доставка грузов и корреспонденции";"2";"% г/г";"0"
"2024-04-07";18.11429742;"A";"Данные СберИндекса";"Неделя";"Хранение и доставка грузов и корреспонденции";"2";"% г/г";"0"
"2024-04-14";18.42368884;"A";"Данные СберИндекса";"Неделя";"Хранение и доставка грузов и корреспонденции";"2";"% г/г";"0"
"2024-04-21";19.82455979;"A";"Данные СберИндекса";"Неделя";"Хранение и доставка грузов и корреспонденции";"2";"% г/г";"0"
"2024-04-28";20.95745132;"A";"Данные СберИндекса";"Неделя";"Хранение и доставка грузов и корреспонденции";"2";"% г/г";"0"
"2024-05-05";11.60593338;"A";"Данные СберИндекса";"Неделя";"Хранение и доставка грузов и корреспонденции";"2";"% г/г";"0"
"2024-05-12";14.01009398;"A";"Данные СберИндекса";"Неделя";"Хранение и доставка грузов и корреспонденции";"2";"% г/г";"0"
"2024-05-19";15.9202864;"A";"Данные СберИндекса";"Неделя";"Хранение и доставка грузов и корреспонденции";"2";"% г/г";"0"
"2024-05-26";15.1710336;"A";"Данные СберИндекса";"Неделя";"Хранение и доставка грузов и корреспонденции";"2";"% г/г";"0"
"2024-06-02";6.98021173;"A";"Данные СберИндекса";"Неделя";"Хранение и доставка грузов и корреспонденции";"2";"% г/г";"0"
"2024-06-09";16.09308973;"A";"Данные СберИндекса";"Неделя";"Хранение и доставка грузов и корреспонденции";"2";"% г/г";"0"
"2024-06-16";22.61057236;"A";"Данные СберИндекса";"Неделя";"Хранение и доставка грузов и корреспонденции";"2";"% г/г";"0"
"2024-06-23";21.56912773;"A";"Данные СберИндекса";"Неделя";"Хранение и доставка грузов и корреспонденции";"2";"% г/г";"0"
"2024-06-30";21.9092725;"A";"Данные СберИндекса";"Неделя";"Хранение и доставка грузов и корреспонденции";"2";"% г/г";"0"
"2024-07-07";21.86348535;"A";"Данные СберИндекса";"Неделя";"Хранение и доставка грузов и корреспонденции";"2";"% г/г";"0"
"2024-07-14";21.36772599;"A";"Данные СберИндекса";"Неделя";"Хранение и доставка грузов и корреспонденции";"2";"% г/г";"0"
"2024-07-21";22.37019599;"A";"Данные СберИндекса";"Неделя";"Хранение и доставка грузов и корреспонденции";"2";"% г/г";"0"
"2024-07-28";22.71841933;"A";"Данные СберИндекса";"Неделя";"Хранение и доставка грузов и корреспонденции";"2";"% г/г";"0"
"2024-08-04";23.38958463;"A";"Данные СберИндекса";"Неделя";"Хранение и доставка грузов и корреспонденции";"2";"% г/г";"0"
"2024-08-11";24.7199793;"A";"Данные СберИндекса";"Неделя";"Хранение и доставка грузов и корреспонденции";"2";"% г/г";"0"
"2024-08-18";25.39582304;"A";"Данные СберИндекса";"Неделя";"Хранение и доставка грузов и корреспонденции";"2";"% г/г";"0"
"2024-08-25";25.46036794;"A";"Данные СберИндекса";"Неделя";"Хранение и доставка грузов и корреспонденции";"2";"% г/г";"0"
"2024-09-01";24.91661612;"A";"Данные СберИндекса";"Неделя";"Хранение и доставка грузов и корреспонденции";"2";"% г/г";"0"
"2024-09-08";27.8841562;"A";"Данные СберИндекса";"Неделя";"Хранение и доставка грузов и корреспонденции";"2";"% г/г";"0"
"2024-09-15";28.48016217;"A";"Данные СберИндекса";"Неделя";"Хранение и доставка грузов и корреспонденции";"2";"% г/г";"0"
"2024-09-22";27.11412402;"A";"Данные СберИндекса";"Неделя";"Хранение и доставка грузов и корреспонденции";"2";"% г/г";"0"
"2024-09-29";27.05184514;"A";"Данные СберИндекса";"Неделя";"Хранение и доставка грузов и корреспонденции";"2";"% г/г";"0"
"2024-10-06";27.92761257;"A";"Данные СберИндекса";"Неделя";"Хранение и доставка грузов и корреспонденции";"2";"% г/г";"0"
"2024-10-13";25.63793711;"A";"Данные СберИндекса";"Неделя";"Хранение и доставка грузов и корреспонденции";"2";"% г/г";"0"
"2024-10-20";26.70493631;"A";"Данные СберИндекса";"Неделя";"Хранение и доставка грузов и корреспонденции";"2";"% г/г";"0"
"2024-10-27";26.06813134;"A";"Данные СберИндекса";"Неделя";"Хранение и доставка грузов и корреспонденции";"2";"% г/г";"0"
"2024-11-03";27.2774529;"A";"Данные СберИндекса";"Неделя";"Хранение и доставка грузов и корреспонденции";"2";"% г/г";"0"
"2024-11-10";22.64405558;"A";"Данные СберИндекса";"Неделя";"Хранение и доставка грузов и корреспонденции";"2";"% г/г";"0"
"2024-11-17";21.86826185;"A";"Данные СберИндекса";"Неделя";"Хранение и доставка грузов и корреспонденции";"2";"% г/г";"0"
"2024-11-24";21.48680696;"A";"Данные СберИндекса";"Неделя";"Хранение и доставка грузов и корреспонденции";"2";"% г/г";"0"
"2024-12-01";15.6227651;"A";"Данные СберИндекса";"Неделя";"Хранение и доставка грузов и корреспонденции";"2";"% г/г";"0"
"2024-12-08";15.50711095;"A";"Данные СберИндекса";"Неделя";"Хранение и доставка грузов и корреспонденции";"2";"% г/г";"0"
"2024-12-15";15.67391562;"A";"Данные СберИндекса";"Неделя";"Хранение и доставка грузов и корреспонденции";"2";"% г/г";"0"
"2024-12-22";15.57069893;"A";"Данные СберИндекса";"Неделя";"Хранение и доставка грузов и корреспонденции";"2";"% г/г";"0"
"2024-12-29";19.10045032;"A";"Данные СберИндекса";"Неделя";"Хранение и доставка грузов и корреспонденции";"2";"% г/г";"0"
"2025-01-05";24.36128124;"A";"Данные СберИндекса";"Неделя";"Хранение и доставка грузов и корреспонденции";"2";"% г/г";"0"
"2025-01-12";5.08988638;"A";"Данные СберИндекса";"Неделя";"Хранение и доставка грузов и корреспонденции";"2";"% г/г";"0"
"2025-01-19";9.7902876;"A";"Данные СберИндекса";"Неделя";"Хранение и доставка грузов и корреспонденции";"2";"% г/г";"0"
"2025-01-26";10.65401415;"A";"Данные СберИндекса";"Неделя";"Хранение и доставка грузов и корреспонденции";"2";"% г/г";"0"
"2025-02-02";7.56315116;"A";"Данные СберИндекса";"Неделя";"Хранение и доставка грузов и корреспонденции";"2";"% г/г";"0"
"2025-02-09";5.83791476;"A";"Данные СберИндекса";"Неделя";"Хранение и доставка грузов и корреспонденции";"2";"% г/г";"0"
"2025-02-16";6.68680415;"A";"Данные СберИндекса";"Неделя";"Хранение и доставка грузов и корреспонденции";"2";"% г/г";"0"
"2025-02-23";7.87606793;"A";"Данные СберИндекса";"Неделя";"Хранение и доставка грузов и корреспонденции";"2";"% г/г";"0"
"2025-03-02";4.7431384;"A";"Данные СберИндекса";"Неделя";"Хранение и доставка грузов и корреспонденции";"2";"% г/г";"0"
"2025-03-09";7.77550722;"A";"Данные СберИндекса";"Неделя";"Хранение и доставка грузов и корреспонденции";"2";"% г/г";"0"
"2025-03-16";5.99907866;"A";"Данные СберИндекса";"Неделя";"Хранение и доставка грузов и корреспонденции";"2";"% г/г";"0"
"2025-03-23";6.17877676;"A";"Данные СберИндекса";"Неделя";"Хранение и доставка грузов и корреспонденции";"2";"% г/г";"0"
"2025-03-30";6.46671459;"A";"Данные СберИндекса";"Неделя";"Хранение и доставка грузов и корреспонденции";"2";"% г/г";"0"
"2025-04-06";4.35176366;"A";"Данные СберИндекса";"Неделя";"Хранение и доставка грузов и корреспонденции";"2";"% г/г";"0"
"2025-04-13";3.90162207;"A";"Данные СберИндекса";"Неделя";"Хранение и доставка грузов и корреспонденции";"2";"% г/г";"0"
"2025-04-20";3.76659432;"A";"Данные СберИндекса";"Неделя";"Хранение и доставка грузов и корреспонденции";"2";"% г/г";"0"
"2025-04-27";2.52688002;"A";"Данные СберИндекса";"Неделя";"Хранение и доставка грузов и корреспонденции";"2";"% г/г";"0"
"2025-05-04";6.95585909;"A";"Данные СберИндекса";"Неделя";"Хранение и доставка грузов и корреспонденции";"2";"% г/г";"0"
"2025-05-11";4.86395063;"A";"Данные СберИндекса";"Неделя";"Хранение и доставка грузов и корреспонденции";"2";"% г/г";"0"
"2025-05-18";5.19854105;"A";"Данные СберИндекса";"Неделя";"Хранение и доставка грузов и корреспонденции";"2";"% г/г";"0"
"2025-05-25";6.31119224;"A";"Данные СберИндекса";"Неделя";"Хранение и доставка грузов и корреспонденции";"2";"% г/г";"0"
"2025-06-01";14.55462452;"A";"Данные СберИндекса";"Неделя";"Хранение и доставка грузов и корреспонденции";"2";"% г/г";"0"
"2025-06-08";4.43871952;"A";"Данные СберИндекса";"Неделя";"Хранение и доставка грузов и корреспонденции";"2";"% г/г";"0"
"2025-06-15";-2.01557952;"A";"Данные СберИндекса";"Неделя";"Хранение и доставка грузов и корреспонденции";"2";"% г/г";"0"
"2025-06-22";-0.02450226;"A";"Данные СберИндекса";"Неделя";"Хранение и доставка грузов и корреспонденции";"2";"% г/г";"0"
"2025-06-29";-0.45319522;"A";"Данные СберИндекса";"Неделя";"Хранение и доставка грузов и корреспонденции";"2";"% г/г";"0"
"2025-07-06";-1.64618054;"A";"Данные СберИндекса";"Неделя";"Хранение и доставка грузов и корреспонденции";"2";"% г/г";"0"
"2025-07-13";-3.07764878;"A";"Данные СберИндекса";"Неделя";"Хранение и доставка грузов и корреспонденции";"2";"% г/г";"0"
"2025-07-20";-3.30302442;"A";"Данные СберИндекса";"Неделя";"Хранение и доставка грузов и корреспонденции";"2";"% г/г";"0"
"2025-07-27";-4.60781231;"A";"Данные СберИндекса";"Неделя";"Хранение и доставка грузов и корреспонденции";"2";"% г/г";"0"
"2025-08-03";-6.42157583;"A";"Данные СберИндекса";"Неделя";"Хранение и доставка грузов и корреспонденции";"2";"% г/г";"0"
"2025-08-10";-8.68316389;"A";"Данные СберИндекса";"Неделя";"Хранение и доставка грузов и корреспонденции";"2";"% г/г";"0"
"2025-08-17";-8.43030795;"A";"Данные СберИндекса";"Неделя";"Хранение и доставка грузов и корреспонденции";"2";"% г/г";"0"
"2025-08-24";-7.1643266;"A";"Данные СберИндекса";"Неделя";"Хранение и доставка грузов и корреспонденции";"2";"% г/г";"0"
"2025-08-31";-7.02614886;"A";"Данные СберИндекса";"Неделя";"Хранение и доставка грузов и корреспонденции";"2";"% г/г";"0"
"2025-09-07";-8.31558254;"A";"Данные СберИндекса";"Неделя";"Хранение и доставка грузов и корреспонденции";"2";"% г/г";"0"
"2025-09-14";-9.69530908;"A";"Данные СберИндекса";"Неделя";"Хранение и доставка грузов и корреспонденции";"2";"% г/г";"0"
"2025-09-21";-9.27651342;"A";"Данные СберИндекса";"Неделя";"Хранение и доставка грузов и корреспонденции";"2";"% г/г";"0"
"2025-09-28";-9.7253351;"A";"Данные СберИндекса";"Неделя";"Хранение и доставка грузов и корреспонденции";"2";"% г/г";"0"
"2025-10-05";-10.2735501;"A";"Данные СберИндекса";"Неделя";"Хранение и доставка грузов и корреспонденции";"2";"% г/г";"0"
"2025-10-12";-11.04674645;"A";"Данные СберИндекса";"Неделя";"Хранение и доставка грузов и корреспонденции";"2";"% г/г";"0"
"2025-10-19";-11.29567584;"A";"Данные СберИндекса";"Неделя";"Хранение и доставка грузов и корреспонденции";"2";"% г/г";"0"
"2025-10-26";-10.51668552;"A";"Данные СберИндекса";"Неделя";"Хранение и доставка грузов и корреспонденции";"2";"% г/г";"0"
"2025-11-02";-11.90717287;"A";"Данные СберИндекса";"Неделя";"Хранение и доставка грузов и корреспонденции";"2";"% г/г";"0"
"2025-11-09";-16.07379878;"A";"Данные СберИндекса";"Неделя";"Хранение и доставка грузов и корреспонденции";"2";"% г/г";"0"
"2025-11-16";-12.67994614;"A";"Данные СберИндекса";"Неделя";"Хранение и доставка грузов и корреспонденции";"2";"% г/г";"0"
"2025-11-23";-11.57147138;"A";"Данные СберИндекса";"Неделя";"Хранение и доставка грузов и корреспонденции";"2";"% г/г";"0"
"2025-11-30";-9.08172501;"A";"Данные СберИндекса";"Неделя";"Хранение и доставка грузов и корреспонденции";"2";"% г/г";"0"
"2025-12-07";-10.72422814;"A";"Данные СберИндекса";"Неделя";"Хранение и доставка грузов и корреспонденции";"2";"% г/г";"0"
"2025-12-14";-11.29748087;"A";"Данные СберИндекса";"Неделя";"Хранение и доставка грузов и корреспонденции";"2";"% г/г";"0"
"2025-12-21";-10.78558506;"A";"Данные СберИндекса";"Неделя";"Хранение и доставка грузов и корреспонденции";"2";"% г/г";"0"
"2025-12-28";-10.62993368;"A";"Данные СберИндекса";"Неделя";"Хранение и доставка грузов и корреспонденции";"2";"% г/г";"0"
"2026-01-04";1.74820353;"A";"Данные СберИндекса";"Неделя";"Хранение и доставка грузов и корреспонденции";"2";"% г/г";"0"
"2026-01-11";-13.83333027;"A";"Данные СберИндекса";"Неделя";"Хранение и доставка грузов и корреспонденции";"2";"% г/г";"0"
"2026-01-18";-12.02807737;"A";"Данные СберИндекса";"Неделя";"Хранение и доставка грузов и корреспонденции";"2";"% г/г";"0"
"2026-01-25";-11.63541677;"A";"Данные СберИндекса";"Неделя";"Хранение и доставка грузов и корреспонденции";"2";"% г/г";"0"
"2026-02-01";-11.73047618;"A";"Данные СберИндекса";"Неделя";"Хранение и доставка грузов и корреспонденции";"2";"% г/г";"0"
"2026-02-08";-10.81217852;"A";"Данные СберИндекса";"Неделя";"Хранение и доставка грузов и корреспонденции";"2";"% г/г";"0"
"2026-02-15";-10.48251607;"A";"Данные СберИндекса";"Неделя";"Хранение и доставка грузов и корреспонденции";"2";"% г/г";"0"
"2026-02-22";-10.17031499;"A";"Данные СберИндекса";"Неделя";"Хранение и доставка грузов и корреспонденции";"2";"% г/г";"0"
"2026-03-01";-10.8512031;"A";"Данные СберИндекса";"Неделя";"Хранение и доставка грузов и корреспонденции";"2";"% г/г";"0"
"2026-03-08";-8.41001485;"A";"Данные СберИндекса";"Неделя";"Хранение и доставка грузов и корреспонденции";"2";"% г/г";"0"
"2026-03-15";-9.72336056;"A";"Данные СберИндекса";"Неделя";"Хранение и доставка грузов и корреспонденции";"2";"% г/г";"0"
"2026-03-22";-9.18442725;"A";"Данные СберИндекса";"Неделя";"Хранение и доставка грузов и корреспонденции";"2";"% г/г";"0"
"2026-03-29";-9.20683858;"A";"Данные СберИндекса";"Неделя";"Хранение и доставка грузов и корреспонденции";"2";"% г/г";"0"
"2026-04-05";-10.55629641;"A";"Данные СберИндекса";"Неделя";"Хранение и доставка грузов и корреспонденции";"2";"% г/г";"0"
"2026-04-12";-11.00960492;"A";"Данные СберИндекса";"Неделя";"Хранение и доставка грузов и корреспонденции";"2";"% г/г";"0"
"2026-04-19";-10.54014964;"A";"Данные СберИндекса";"Неделя";"Хранение и доставка грузов и корреспонденции";"2";"% г/г";"0"
"2026-04-26";-10.3356997;"A";"Данные СберИндекса";"Неделя";"Хранение и доставка грузов и корреспонденции";"2";"% г/г";"0"
"2026-05-03";-7.15555841;"A";"Данные СберИндекса";"Неделя";"Хранение и доставка грузов и корреспонденции";"2";"% г/г";"0"
"2026-05-10";-4.5449623;"A";"Данные СберИндекса";"Неделя";"Хранение и доставка грузов и корреспонденции";"2";"% г/г";"0"
"2026-05-17";-9.86687751;"A";"Данные СберИндекса";"Неделя";"Хранение и доставка грузов и корреспонденции";"2";"% г/г";"0"
"2026-05-24";-9.76578746;"A";"Данные СберИндекса";"Неделя";"Хранение и доставка грузов и корреспонденции";"2";"% г/г";"0"
"2026-05-31";-9.72822845;"A";"Данные СберИндекса";"Неделя";"Хранение и доставка грузов и корреспонденции";"2";"% г/г";"0"
"2026-06-07";-9.27946681;"A";"Данные СберИндекса";"Неделя";"Хранение и доставка грузов и корреспонденции";"2";"% г/г";"0"
"2026-06-14";-6.02188954;"A";"Данные СберИндекса";"Неделя";"Хранение и доставка грузов и корреспонденции";"2";"% г/г";"0"
"2026-06-21";-5.9785927;"A";"Данные СберИндекса";"Неделя";"Хранение и доставка грузов и корреспонденции";"2";"% г/г";"0"
"2026-06-28";-6.37089198;"A";"Данные СберИндекса";"Неделя";"Хранение и доставка грузов и корреспонденции";"2";"% г/г";"0"
"2026-07-05";-6.95099151;"A";"Данные СберИндекса";"Неделя";"Хранение и доставка грузов и корреспонденции";"2";"% г/г";"0"
"2026-07-12";-7.00370416;"A";"Данные СберИндекса";"Неделя";"Хранение и доставка грузов и корреспонденции";"2";"% г/г";"0"
"2026-07-19";-6.60571848;"A";"Данные СберИндекса";"Неделя";"Хранение и доставка грузов и корреспонденции";"2";"% г/г";"0"
"2026-07-26";-5.73463363;"A";"Данные СберИндекса";"Неделя";"Хранение и доставка грузов и корреспонденции";"2";"% г/г";"0"
"2026-08-02";-5.32910689;"A";"Данные СберИндекса";"Неделя";"Хранение и доставка грузов и корреспонденции";"2";"% г/г";"0"
"2026-08-09";-3.9149521;"A";"Данные СберИндекса";"Неделя";"Хранение и доставка грузов и корреспонденции";"2";"% г/г";"0"
"2026-08-16";-1.04086726;"A";"Данные СберИндекса";"Неделя";"Хранение и доставка грузов и корреспонденции";"2";"% г/г";"0"
"2026-08-23";-1.46839635;"A";"Данные СберИндекса";"Неделя";"Хранение и доставка грузов и корреспонденции";"2";"% г/г";"0"
"2026-08-30";-1.76974273;"A";"Данные СберИндекса";"Неделя";"Хранение и доставка грузов и корреспонденции";"2";"% г/г";"0"
"2026-09-06";-1.96362628;"A";"Данные СберИндекса";"Неделя";"Хранение и доставка грузов и корреспонденции";"2";"% г/г";"0"
"2026-09-13";-1.25286529;"A";"Данные СберИндекса";"Неделя";"Хранение и доставка грузов и корреспонденции";"2";"% г/г";"0"
"2026-09-20";-1.73569337;"A";"Данные СберИндекса";"Неделя";"Хранение и доставка грузов и корреспонденции";"2";"% г/г";"0"
"2026-09-27";-2.87258801;"A";"Данные СберИндекса";"Неделя";"Хранение и доставка грузов и корреспонденции";"2";"% г/г";"0"
"2026-10-04";-3.86361772;"A";"Данные СберИндекса";"Неделя";"Хранение и доставка грузов и корреспонденции";"2";"% г/г";"0"
"2023-11-12";27.53617001;"A";"Данные СберИндекса";"Неделя";"Активный отдых и спорт";"2";"% г/г";"0"
"2023-11-19";25.87003397;"A";"Данные СберИндекса";"Неделя";"Активный отдых и спорт";"2";"% г/г";"0"
"2023-11-26";24.74254929;"A";"Данные СберИндекса";"Неделя";"Активный отдых и спорт";"2";"% г/г";"0"
"2023-12-03";22.94260055;"A";"Данные СберИндекса";"Неделя";"Активный отдых и спорт";"2";"% г/г";"0"
"2023-12-10";18.51959008;"A";"Данные СберИндекса";"Неделя";"Активный отдых и спорт";"2";"% г/г";"0"
"2023-12-17";17.95899204;"A";"Данные СберИндекса";"Неделя";"Активный отдых и спорт";"2";"% г/г";"0"
"2023-12-24";17.78987051;"A";"Данные СберИндекса";"Неделя";"Активный отдых и спорт";"2";"% г/г";"0"
"2023-12-31";18.61407406;"A";"Данные СберИндекса";"Неделя";"Активный отдых и спорт";"2";"% г/г";"0"
"2024-01-07";14.71346898;"A";"Данные СберИндекса";"Неделя";"Активный отдых и спорт";"2";"% г/г";"0"
"2024-01-14";17.06519542;"A";"Данные СберИндекса";"Неделя";"Активный отдых и спорт";"2";"% г/г";"0"
"2024-01-21";17.77390171;"A";"Данные СберИндекса";"Неделя";"Активный отдых и спорт";"2";"% г/г";"0"
"2024-01-28";17.24106055;"A";"Данные СберИндекса";"Неделя";"Активный отдых и спорт";"2";"% г/г";"0"
"2024-02-04";18.1336937;"A";"Данные СберИндекса";"Неделя";"Активный отдых и спорт";"2";"% г/г";"0"
"2024-02-11";17.87987687;"A";"Данные СберИндекса";"Неделя";"Активный отдых и спорт";"2";"% г/г";"0"
"2024-02-18";16.89224574;"A";"Данные СберИндекса";"Неделя";"Активный отдых и спорт";"2";"% г/г";"0"
"2024-02-25";16.94628156;"A";"Данные СберИндекса";"Неделя";"Активный отдых и спорт";"2";"% г/г";"0"
"2024-03-03";15.80282883;"A";"Данные СберИндекса";"Неделя";"Активный отдых и спорт";"2";"% г/г";"0"
"2024-03-10";14.21914813;"A";"Данные СберИндекса";"Неделя";"Активный отдых и спорт";"2";"% г/г";"0"
"2024-03-17";14.23251303;"A";"Данные СберИндекса";"Неделя";"Активный отдых и спорт";"2";"% г/г";"0"
"2024-03-24";13.72944753;"A";"Данные СберИндекса";"Неделя";"Активный отдых и спорт";"2";"% г/г";"0"
"2024-03-31";14.5506236;"A";"Данные СберИндекса";"Неделя";"Активный отдых и спорт";"2";"% г/г";"0"
"2024-04-07";19.04983968;"A";"Данные СберИндекса";"Неделя";"Активный отдых и спорт";"2";"% г/г";"0"
"2024-04-14";19.84635036;"A";"Данные СберИндекса";"Неделя";"Активный отдых и спорт";"2";"% г/г";"0"
"2024-04-21";19.2798321;"A";"Данные СберИндекса";"Неделя";"Активный отдых и спорт";"2";"% г/г";"0"
"2024-04-28";17.41507238;"A";"Данные СберИндекса";"Неделя";"Активный отдых и спорт";"2";"% г/г";"0"
"2024-05-05";19.53642804;"A";"Данные СберИндекса";"Неделя";"Активный отдых и спорт";"2";"% г/г";"0"
"2024-05-12";17.78259492;"A";"Данные СберИндекса";"Неделя";"Активный отдых и спорт";"2";"% г/г";"0"
"2024-05-19";17.97379193;"A";"Данные СберИндекса";"Неделя";"Активный отдых и спорт";"2";"% г/г";"0"
"2024-05-26";17.87022967;"A";"Данные СберИндекса";"Неделя";"Активный отдых и спорт";"2";"% г/г";"0"
"2024-06-02";19.33754627;"A";"Данные СберИндекса";"Неделя";"Активный отдых и спорт";"2";"% г/г";"0"
"2024-06-09";20.95847775;"A";"Данные СберИндекса";"Неделя";"Активный отдых и спорт";"2";"% г/г";"0"
"2024-06-16";20.94086755;"A";"Данные СберИндекса";"Неделя";"Активный отдых и спорт";"2";"% г/г";"0"
"2024-06-23";19.77637333;"A";"Данные СберИндекса";"Неделя";"Активный отдых и спорт";"2";"% г/г";"0"
"2024-06-30";20.57428969;"A";"Данные СберИндекса";"Неделя";"Активный отдых и спорт";"2";"% г/г";"0"
"2024-07-07";22.46160814;"A";"Данные СберИндекса";"Неделя";"Активный отдых и спорт";"2";"% г/г";"0"
"2024-07-14";22.39424162;"A";"Данные СберИндекса";"Неделя";"Активный отдых и спорт";"2";"% г/г";"0"
"2024-07-21";22.3834899;"A";"Данные СберИндекса";"Неделя";"Активный отдых и спорт";"2";"% г/г";"0"
"2024-07-28";20.56207697;"A";"Данные СберИндекса";"Неделя";"Активный отдых и спорт";"2";"% г/г";"0"
"2024-08-04";19.49766187;"A";"Данные СберИндекса";"Неделя";"Активный отдых и спорт";"2";"% г/г";"0"
"2024-08-11";15.93373206;"A";"Данные СберИндекса";"Неделя";"Активный отдых и спорт";"2";"% г/г";"0"
"2024-08-18";15.27045564;"A";"Данные СберИндекса";"Неделя";"Активный отдых и спорт";"2";"% г/г";"0"
"2024-08-25";16.046541;"A";"Данные СберИндекса";"Неделя";"Активный отдых и спорт";"2";"% г/г";"0"
"2024-09-01";17.53167563;"A";"Данные СберИндекса";"Неделя";"Активный отдых и спорт";"2";"% г/г";"0"
"2024-09-08";19.89176404;"A";"Данные СберИндекса";"Неделя";"Активный отдых и спорт";"2";"% г/г";"0"
"2024-09-15";21.17946828;"A";"Данные СберИндекса";"Неделя";"Активный отдых и спорт";"2";"% г/г";"0"
"2024-09-22";19.35453295;"A";"Данные СберИндекса";"Неделя";"Активный отдых и спорт";"2";"% г/г";"0"
"2024-09-29";17.32216783;"A";"Данные СберИндекса";"Неделя";"Активный отдых и спорт";"2";"% г/г";"0"
"2024-10-06";22.54112103;"A";"Данные СберИндекса";"Неделя";"Активный отдых и спорт";"2";"% г/г";"0"
"2024-10-13";20.15727785;"A";"Данные СберИндекса";"Неделя";"Активный отдых и спорт";"2";"% г/г";"0"
"2024-10-20";20.94550665;"A";"Данные СберИндекса";"Неделя";"Активный отдых и спорт";"2";"% г/г";"0"
"2024-10-27";19.97965765;"A";"Данные СберИндекса";"Неделя";"Активный отдых и спорт";"2";"% г/г";"0"
"2024-11-03";19.97486663;"A";"Данные СберИндекса";"Неделя";"Активный отдых и спорт";"2";"% г/г";"0"
"2024-11-10";17.04775522;"A";"Данные СберИндекса";"Неделя";"Активный отдых и спорт";"2";"% г/г";"0"
"2024-11-17";19.18149862;"A";"Данные СберИндекса";"Неделя";"Активный отдых и спорт";"2";"% г/г";"0"
"2024-11-24";17.07950591;"A";"Данные СберИндекса";"Неделя";"Активный отдых и спорт";"2";"% г/г";"0"
"2024-12-01";21.4743968;"A";"Данные СберИндекса";"Неделя";"Активный отдых и спорт";"2";"% г/г";"0"
"2024-12-08";28.5945275;"A";"Данные СберИндекса";"Неделя";"Активный отдых и спорт";"2";"% г/г";"0"
"2024-12-15";29.00658261;"A";"Данные СберИндекса";"Неделя";"Активный отдых и спорт";"2";"% г/г";"0"
"2024-12-22";26.8808986;"A";"Данные СберИндекса";"Неделя";"Активный отдых и спорт";"2";"% г/г";"0"
"2024-12-29";27.14726993;"A";"Данные СберИндекса";"Неделя";"Активный отдых и спорт";"2";"% г/г";"0"
"2025-01-05";32.28406577;"A";"Данные СберИндекса";"Неделя";"Активный отдых и спорт";"2";"% г/г";"0"
"2025-01-12";29.42556232;"A";"Данные СберИндекса";"Неделя";"Активный отдых и спорт";"2";"% г/г";"0"
"2025-01-19";30.53318769;"A";"Данные СберИндекса";"Неделя";"Активный отдых и спорт";"2";"% г/г";"0"
"2025-01-26";28.73150197;"A";"Данные СберИндекса";"Неделя";"Активный отдых и спорт";"2";"% г/г";"0"
"2025-02-02";27.89098645;"A";"Данные СберИндекса";"Неделя";"Активный отдых и спорт";"2";"% г/г";"0"
"2025-02-09";26.78979943;"A";"Данные СберИндекса";"Неделя";"Активный отдых и спорт";"2";"% г/г";"0"
"2025-02-16";27.35883124;"A";"Данные СберИндекса";"Неделя";"Активный отдых и спорт";"2";"% г/г";"0"
"2025-02-23";25.90724237;"A";"Данные СберИндекса";"Неделя";"Активный отдых и спорт";"2";"% г/г";"0"
"2025-03-02";25.27215735;"A";"Данные СберИндекса";"Неделя";"Активный отдых и спорт";"2";"% г/г";"0"
"2025-03-09";23.18948024;"A";"Данные СберИндекса";"Неделя";"Активный отдых и спорт";"2";"% г/г";"0"
"2025-03-16";23.4957498;"A";"Данные СберИндекса";"Неделя";"Активный отдых и спорт";"2";"% г/г";"0"
"2025-03-23";23.18326538;"A";"Данные СберИндекса";"Неделя";"Активный отдых и спорт";"2";"% г/г";"0"
"2025-03-30";22.82838638;"A";"Данные СберИндекса";"Неделя";"Активный отдых и спорт";"2";"% г/г";"0"
"2025-04-06";26.43907913;"A";"Данные СберИндекса";"Неделя";"Активный отдых и спорт";"2";"% г/г";"0"
"2025-04-13";24.63674628;"A";"Данные СберИндекса";"Неделя";"Активный отдых и спорт";"2";"% г/г";"0"
"2025-04-20";23.69508566;"A";"Данные СберИндекса";"Неделя";"Активный отдых и спорт";"2";"% г/г";"0"
"2025-04-27";23.65016774;"A";"Данные СберИндекса";"Неделя";"Активный отдых и спорт";"2";"% г/г";"0"
"2025-05-04";27.89712965;"A";"Данные СберИндекса";"Неделя";"Активный отдых и спорт";"2";"% г/г";"0"
"2025-05-11";26.37360242;"A";"Данные СберИндекса";"Неделя";"Активный отдых и спорт";"2";"% г/г";"0"
"2025-05-18";27.34854431;"A";"Данные СберИндекса";"Неделя";"Активный отдых и спорт";"2";"% г/г";"0"
"2025-05-25";26.59415113;"A";"Данные СберИндекса";"Неделя";"Активный отдых и спорт";"2";"% г/г";"0"
"2025-06-01";26.4533237;"A";"Данные СберИндекса";"Неделя";"Активный отдых и спорт";"2";"% г/г";"0"
"2025-06-08";23.3571529;"A";"Данные СберИндекса";"Неделя";"Активный отдых и спорт";"2";"% г/г";"0"
"2025-06-15";22.9858114;"A";"Данные СберИндекса";"Неделя";"Активный отдых и спорт";"2";"% г/г";"0"
"2025-06-22";23.44062627;"A";"Данные СберИндекса";"Неделя";"Активный отдых и спорт";"2";"% г/г";"0"
"2025-06-29";21.89828559;"A";"Данные СберИндекса";"Неделя";"Активный отдых и спорт";"2";"% г/г";"0"
"2025-07-06";23.78965453;"A";"Данные СберИндекса";"Неделя";"Активный отдых и спорт";"2";"% г/г";"0"
"2025-07-13";21.91593857;"A";"Данные СберИндекса";"Неделя";"Активный отдых и спорт";"2";"% г/г";"0"
"2025-07-20";21.39341575;"A";"Данные СберИндекса";"Неделя";"Активный отдых и спорт";"2";"% г/г";"0"
"2025-07-27";20.98259863;"A";"Данные СберИндекса";"Неделя";"Активный отдых и спорт";"2";"% г/г";"0"
"2025-08-03";22.17702971;"A";"Данные СберИндекса";"Неделя";"Активный отдых и спорт";"2";"% г/г";"0"
"2025-08-10";21.14601631;"A";"Данные СберИндекса";"Неделя";"Активный отдых и спорт";"2";"% г/г";"0"
"2025-08-17";21.44312201;"A";"Данные СберИндекса";"Неделя";"Активный отдых и спорт";"2";"% г/г";"0"
"2025-08-24";20.47062718;"A";"Данные СберИндекса";"Неделя";"Активный отдых и спорт";"2";"% г/г";"0"
"2025-08-31";21.03188432;"A";"Данные СберИндекса";"Неделя";"Активный отдых и спорт";"2";"% г/г";"0"
"2025-09-07";22.00665858;"A";"Данные СберИндекса";"Неделя";"Активный отдых и спорт";"2";"% г/г";"0"
"2025-09-14";21.24701299;"A";"Данные СберИндекса";"Неделя";"Активный отдых и спорт";"2";"% г/г";"0"
"2025-09-21";22.29790322;"A";"Данные СберИндекса";"Неделя";"Активный отдых и спорт";"2";"% г/г";"0"
"2025-09-28";21.59627231;"A";"Данные СберИндекса";"Неделя";"Активный отдых и спорт";"2";"% г/г";"0"
"2025-10-05";22.8313598;"A";"Данные СберИндекса";"Неделя";"Активный отдых и спорт";"2";"% г/г";"0"
"2025-10-12";21.70498856;"A";"Данные СберИндекса";"Неделя";"Активный отдых и спорт";"2";"% г/г";"0"
"2025-10-19";20.52059977;"A";"Данные СберИндекса";"Неделя";"Активный отдых и спорт";"2";"% г/г";"0"
"2025-10-26";21.26027948;"A";"Данные СберИндекса";"Неделя";"Активный отдых и спорт";"2";"% г/г";"0"
"2025-11-02";20.01085713;"A";"Данные СберИндекса";"Неделя";"Активный отдых и спорт";"2";"% г/г";"0"
"2025-11-09";17.81453552;"A";"Данные СберИндекса";"Неделя";"Активный отдых и спорт";"2";"% г/г";"0"
"2025-11-16";18.47223006;"A";"Данные СберИндекса";"Неделя";"Активный отдых и спорт";"2";"% г/г";"0"
"2025-11-23";17.589213;"A";"Данные СберИндекса";"Неделя";"Активный отдых и спорт";"2";"% г/г";"0"
"2025-11-30";16.90561048;"A";"Данные СберИндекса";"Неделя";"Активный отдых и спорт";"2";"% г/г";"0"
"2025-12-07";16.49928076;"A";"Данные СберИндекса";"Неделя";"Активный отдых и спорт";"2";"% г/г";"0"
"2025-12-14";14.17503122;"A";"Данные СберИндекса";"Неделя";"Активный отдых и спорт";"2";"% г/г";"0"
"2025-12-21";15.12454911;"A";"Данные СберИндекса";"Неделя";"Активный отдых и спорт";"2";"% г/г";"0"
"2025-12-28";13.95219424;"A";"Данные СберИндекса";"Неделя";"Активный отдых и спорт";"2";"% г/г";"0"
"2026-01-04";15.85527546;"A";"Данные СберИндекса";"Неделя";"Активный отдых и спорт";"2";"% г/г";"0"
"2026-01-11";11.34581262;"A";"Данные СберИндекса";"Неделя";"Активный отдых и спорт";"2";"% г/г";"0"
"2026-01-18";12.3168953;"A";"Данные СберИндекса";"Неделя";"Активный отдых и спорт";"2";"% г/г";"0"
"2026-01-25";12.04395463;"A";"Данные СберИндекса";"Неделя";"Активный отдых и спорт";"2";"% г/г";"0"
"2026-02-01";12.63627013;"A";"Данные СберИндекса";"Неделя";"Активный отдых и спорт";"2";"% г/г";"0"
"2026-02-08";9.75994782;"A";"Данные СберИндекса";"Неделя";"Активный отдых и спорт";"2";"% г/г";"0"
"2026-02-15";13.29200506;"A";"Данные СберИндекса";"Неделя";"Активный отдых и спорт";"2";"% г/г";"0"
"2026-02-22";12.45855864;"A";"Данные СберИндекса";"Неделя";"Активный отдых и спорт";"2";"% г/г";"0"
"2026-03-01";14.0106217;"A";"Данные СберИндекса";"Неделя";"Активный отдых и спорт";"2";"% г/г";"0"
"2026-03-08";13.12684805;"A";"Данные СберИндекса";"Неделя";"Активный отдых и спорт";"2";"% г/г";"0"
"2026-03-15";18.43619358;"A";"Данные СберИндекса";"Неделя";"Активный отдых и спорт";"2";"% г/г";"0"
"2026-03-22";17.7340965;"A";"Данные СберИндекса";"Неделя";"Активный отдых и спорт";"2";"% г/г";"0"
"2026-03-29";16.12566328;"A";"Данные СберИндекса";"Неделя";"Активный отдых и спорт";"2";"% г/г";"0"
"2026-04-05";15.57905462;"A";"Данные СберИндекса";"Неделя";"Активный отдых и спорт";"2";"% г/г";"0"
"2026-04-12";11.96516055;"A";"Данные СберИндекса";"Неделя";"Активный отдых и спорт";"2";"% г/г";"0"
"2026-04-19";17.58142989;"A";"Данные СберИндекса";"Неделя";"Активный отдых и спорт";"2";"% г/г";"0"
"2026-04-26";16.77466538;"A";"Данные СберИндекса";"Неделя";"Активный отдых и спорт";"2";"% г/г";"0"
"2026-05-03";16.85977215;"A";"Данные СберИндекса";"Неделя";"Активный отдых и спорт";"2";"% г/г";"0"
"2026-05-10";15.82993608;"A";"Данные СберИндекса";"Неделя";"Активный отдых и спорт";"2";"% г/г";"0"
"2026-05-17";11.06930525;"A";"Данные СберИндекса";"Неделя";"Активный отдых и спорт";"2";"% г/г";"0"
"2026-05-24";13.07110625;"A";"Данные СберИндекса";"Неделя";"Активный отдых и спорт";"2";"% г/г";"0"
"2026-05-31";13.59437969;"A";"Данные СберИндекса";"Неделя";"Активный отдых и спорт";"2";"% г/г";"0"
"2026-06-07";13.27901164;"A";"Данные СберИндекса";"Неделя";"Активный отдых и спорт";"2";"% г/г";"0"
"2026-06-14";13.55709694;"A";"Данные СберИндекса";"Неделя";"Активный отдых и спорт";"2";"% г/г";"0"
"2026-06-21";12.93178498;"A";"Данные СберИндекса";"Неделя";"Активный отдых и спорт";"2";"% г/г";"0"
"2026-06-28";11.04393518;"A";"Данные СберИндекса";"Неделя";"Активный отдых и спорт";"2";"% г/г";"0"
"2026-07-05";15.06615733;"A";"Данные СберИндекса";"Неделя";"Активный отдых и спорт";"2";"% г/г";"0"
"2026-07-12";10.92518249;"A";"Данные СберИндекса";"Неделя";"Активный отдых и спорт";"2";"% г/г";"0"
"2026-07-19";11.5531651;"A";"Данные СберИндекса";"Неделя";"Активный отдых и спорт";"2";"% г/г";"0"
"2026-07-26";12.22504668;"A";"Данные СберИндекса";"Неделя";"Активный отдых и спорт";"2";"% г/г";"0"
"2026-08-02";13.21326497;"A";"Данные СберИндекса";"Неделя";"Активный отдых и спорт";"2";"% г/г";"0"
"2026-08-09";11.97495232;"A";"Данные СберИндекса";"Неделя";"Активный отдых и спорт";"2";"% г/г";"0"
"2026-08-16";14.82133939;"A";"Данные СберИндекса";"Неделя";"Активный отдых и спорт";"2";"% г/г";"0"
"2026-08-23";14.04829483;"A";"Данные СберИндекса";"Неделя";"Активный отдых и спорт";"2";"% г/г";"0"
"2026-08-30";11.35072789;"A";"Данные СберИндекса";"Неделя";"Активный отдых и спорт";"2";"% г/г";"0"
"2026-09-06";19.42894069;"A";"Данные СберИндекса";"Неделя";"Активный отдых и спорт";"2";"% г/г";"0"
"2026-09-13";14.43282637;"A";"Данные СберИндекса";"Неделя";"Активный отдых и спорт";"2";"% г/г";"0"
"2026-09-20";13.48401457;"A";"Данные СберИндекса";"Неделя";"Активный отдых и спорт";"2";"% г/г";"0"
"2026-09-27";10.4220542;"A";"Данные СберИндекса";"Неделя";"Активный отдых и спорт";"2";"% г/г";"0"
"2026-10-04";11.81991505;"A";"Данные СберИндекса";"Неделя";"Активный отдых и спорт";"2";"% г/г";"0"
"2023-11-12";20.81508437;"A";"Данные СберИндекса";"Неделя";"Общественное питание";"2";"% г/г";"0"
"2023-11-19";19.10003671;"A";"Данные СберИндекса";"Неделя";"Общественное питание";"2";"% г/г";"0"
"2023-11-26";19.45867866;"A";"Данные СберИндекса";"Неделя";"Общественное питание";"2";"% г/г";"0"
"2023-12-03";20.64110206;"A";"Данные СберИндекса";"Неделя";"Общественное питание";"2";"% г/г";"0"
"2023-12-10";20.23430935;"A";"Данные СберИндекса";"Неделя";"Общественное питание";"2";"% г/г";"0"
"2023-12-17";19.99039708;"A";"Данные СберИндекса";"Неделя";"Общественное питание";"2";"% г/г";"0"
"2023-12-24";20.38107024;"A";"Данные СберИндекса";"Неделя";"Общественное питание";"2";"% г/г";"0"
"2023-12-31";24.84043371;"A";"Данные СберИндекса";"Неделя";"Общественное питание";"2";"% г/г";"0"
"2024-01-07";15.70829992;"A";"Данные СберИндекса";"Неделя";"Общественное питание";"2";"% г/г";"0"
"2024-01-14";17.74156097;"A";"Данные СберИндекса";"Неделя";"Общественное питание";"2";"% г/г";"0"
"2024-01-21";18.13881521;"A";"Данные СберИндекса";"Неделя";"Общественное питание";"2";"% г/г";"0"
"2024-01-28";19.13103846;"A";"Данные СберИндекса";"Неделя";"Общественное питание";"2";"% г/г";"0"
"2024-02-04";21.73177327;"A";"Данные СберИндекса";"Неделя";"Общественное питание";"2";"% г/г";"0"
"2024-02-11";23.95162577;"A";"Данные СберИндекса";"Неделя";"Общественное питание";"2";"% г/г";"0"
"2024-02-18";23.74568696;"A";"Данные СберИндекса";"Неделя";"Общественное питание";"2";"% г/г";"0"
"2024-02-25";23.91262141;"A";"Данные СберИндекса";"Неделя";"Общественное питание";"2";"% г/г";"0"
"2024-03-03";23.23375637;"A";"Данные СберИндекса";"Неделя";"Общественное питание";"2";"% г/г";"0"
"2024-03-10";22.00369618;"A";"Данные СберИндекса";"Неделя";"Общественное питание";"2";"% г/г";"0"
"2024-03-17";19.36909455;"A";"Данные СберИндекса";"Неделя";"Общественное питание";"2";"% г/г";"0"
"2024-03-24";17.38883165;"A";"Данные СберИндекса";"Неделя";"Общественное питание";"2";"% г/г";"0"
"2024-03-31";21.25972024;"A";"Данные СберИндекса";"Неделя";"Общественное питание";"2";"% г/г";"0"
"2024-04-07";21.04707069;"A";"Данные СберИндекса";"Неделя";"Общественное питание";"2";"% г/г";"0"
"2024-04-14";22.70357251;"A";"Данные СберИндекса";"Неделя";"Общественное питание";"2";"% г/г";"0"
"2024-04-21";21.84604879;"A";"Данные СберИндекса";"Неделя";"Общественное питание";"2";"% г/г";"0"
"2024-04-28";21.05139769;"A";"Данные СберИндекса";"Неделя";"Общественное питание";"2";"% г/г";"0"
"2024-05-05";19.90143184;"A";"Данные СберИндекса";"Неделя";"Общественное питание";"2";"% г/г";"0"
"2024-05-12";19.05983556;"A";"Данные СберИндекса";"Неделя";"Общественное питание";"2";"% г/г";"0"
"2024-05-19";18.67511537;"A";"Данные СберИндекса";"Неделя";"Общественное питание";"2";"% г/г";"0"
"2024-05-26";20.69612489;"A";"Данные СберИндекса";"Неделя";"Общественное питание";"2";"% г/г";"0"
"2024-06-02";21.03505727;"A";"Данные СберИндекса";"Неделя";"Общественное питание";"2";"% г/г";"0"
"2024-06-09";20.97131484;"A";"Данные СберИндекса";"Неделя";"Общественное питание";"2";"% г/г";"0"
"2024-06-16";22.70237285;"A";"Данные СберИндекса";"Неделя";"Общественное питание";"2";"% г/г";"0"
"2024-06-23";21.98462154;"A";"Данные СберИндекса";"Неделя";"Общественное питание";"2";"% г/г";"0"
"2024-06-30";23.61892968;"A";"Данные СберИндекса";"Неделя";"Общественное питание";"2";"% г/г";"0"
"2024-07-07";22.74810982;"A";"Данные СберИндекса";"Неделя";"Общественное питание";"2";"% г/г";"0"
"2024-07-14";23.33483944;"A";"Данные СберИндекса";"Неделя";"Общественное питание";"2";"% г/г";"0"
"2024-07-21";23.75014621;"A";"Данные СберИндекса";"Неделя";"Общественное питание";"2";"% г/г";"0"
"2024-07-28";23.5686093;"A";"Данные СберИндекса";"Неделя";"Общественное питание";"2";"% г/г";"0"
"2024-08-04";23.28785994;"A";"Данные СберИндекса";"Неделя";"Общественное питание";"2";"% г/г";"0"
"2024-08-11";23.62353472;"A";"Данные СберИндекса";"Неделя";"Общественное питание";"2";"% г/г";"0"
"2024-08-18";23.48940846;"A";"Данные СберИндекса";"Неделя";"Общественное питание";"2";"% г/г";"0"
"2024-08-25";24.08047058;"A";"Данные СберИндекса";"Неделя";"Общественное питание";"2";"% г/г";"0"
"2024-09-01";21.33461696;"A";"Данные СберИндекса";"Неделя";"Общественное питание";"2";"% г/г";"0"
"2024-09-08";22.55341266;"A";"Данные СберИндекса";"Неделя";"Общественное питание";"2";"% г/г";"0"
"2024-09-15";20.96847071;"A";"Данные СберИндекса";"Неделя";"Общественное питание";"2";"% г/г";"0"
"2024-09-22";20.51250064;"A";"Данные СберИндекса";"Неделя";"Общественное питание";"2";"% г/г";"0"
"2024-09-29";19.40601271;"A";"Данные СберИндекса";"Неделя";"Общественное питание";"2";"% г/г";"0"
"2024-10-06";20.48500366;"A";"Данные СберИндекса";"Неделя";"Общественное питание";"2";"% г/г";"0"
"2024-10-13";19.36676768;"A";"Данные СберИндекса";"Неделя";"Общественное питание";"2";"% г/г";"0"
"2024-10-20";20.70736577;"A";"Данные СберИндекса";"Неделя";"Общественное питание";"2";"% г/г";"0"
"2024-10-27";20.58177934;"A";"Данные СберИндекса";"Неделя";"Общественное питание";"2";"% г/г";"0"
"2024-11-03";18.30831632;"A";"Данные СберИндекса";"Неделя";"Общественное питание";"2";"% г/г";"0"
"2024-11-10";19.47854887;"A";"Данные СберИндекса";"Неделя";"Общественное питание";"2";"% г/г";"0"
"2024-11-17";20.11004852;"A";"Данные СберИндекса";"Неделя";"Общественное питание";"2";"% г/г";"0"
"2024-11-24";20.62497006;"A";"Данные СберИндекса";"Неделя";"Общественное питание";"2";"% г/г";"0"
"2024-12-01";21.22258126;"A";"Данные СберИндекса";"Неделя";"Общественное питание";"2";"% г/г";"0"
"2024-12-08";22.81559801;"A";"Данные СберИндекса";"Неделя";"Общественное питание";"2";"% г/г";"0"
"2024-12-15";22.74798355;"A";"Данные СберИндекса";"Неделя";"Общественное питание";"2";"% г/г";"0"
"2024-12-22";20.8292547;"A";"Данные СберИндекса";"Неделя";"Общественное питание";"2";"% г/г";"0"
"2024-12-29";23.02708322;"A";"Данные СберИндекса";"Неделя";"Общественное питание";"2";"% г/г";"0"
"2025-01-05";19.08176182;"A";"Данные СберИндекса";"Неделя";"Общественное питание";"2";"% г/г";"0"
"2025-01-12";21.15201911;"A";"Данные СберИндекса";"Неделя";"Общественное питание";"2";"% г/г";"0"
"2025-01-19";17.64005334;"A";"Данные СберИндекса";"Неделя";"Общественное питание";"2";"% г/г";"0"
"2025-01-26";16.89752466;"A";"Данные СберИндекса";"Неделя";"Общественное питание";"2";"% г/г";"0"
"2025-02-02";16.06795014;"A";"Данные СберИндекса";"Неделя";"Общественное питание";"2";"% г/г";"0"
"2025-02-09";15.69192859;"A";"Данные СберИндекса";"Неделя";"Общественное питание";"2";"% г/г";"0"
"2025-02-16";16.315817;"A";"Данные СберИндекса";"Неделя";"Общественное питание";"2";"% г/г";"0"
"2025-02-23";14.36945646;"A";"Данные СберИндекса";"Неделя";"Общественное питание";"2";"% г/г";"0"
"2025-03-02";14.28083586;"A";"Данные СберИндекса";"Неделя";"Общественное питание";"2";"% г/г";"0"
"2025-03-09";13.5504939;"A";"Данные СберИндекса";"Неделя";"Общественное питание";"2";"% г/г";"0"
"2025-03-16";17.048923;"A";"Данные СберИндекса";"Неделя";"Общественное питание";"2";"% г/г";"0"
"2025-03-23";18.57868983;"A";"Данные СберИндекса";"Неделя";"Общественное питание";"2";"% г/г";"0"
"2025-03-30";17.14887778;"A";"Данные СберИндекса";"Неделя";"Общественное питание";"2";"% г/г";"0"
"2025-04-06";16.83478569;"A";"Данные СберИндекса";"Неделя";"Общественное питание";"2";"% г/г";"0"
"2025-04-13";15.45389437;"A";"Данные СберИндекса";"Неделя";"Общественное питание";"2";"% г/г";"0"
"2025-04-20";16.40039989;"A";"Данные СберИндекса";"Неделя";"Общественное питание";"2";"% г/г";"0"
"2025-04-27";15.66057636;"A";"Данные СберИндекса";"Неделя";"Общественное питание";"2";"% г/г";"0"
"2025-05-04";18.34363102;"A";"Данные СберИндекса";"Неделя";"Общественное питание";"2";"% г/г";"0"
"2025-05-11";17.90533562;"A";"Данные СберИндекса";"Неделя";"Общественное питание";"2";"% г/г";"0"
"2025-05-18";17.10460691;"A";"Данные СберИндекса";"Неделя";"Общественное питание";"2";"% г/г";"0"
"2025-05-25";16.88206805;"A";"Данные СберИндекса";"Неделя";"Общественное питание";"2";"% г/г";"0"
"2025-06-01";16.76333694;"A";"Данные СберИндекса";"Неделя";"Общественное питание";"2";"% г/г";"0"
"2025-06-08";14.1073718;"A";"Данные СберИндекса";"Неделя";"Общественное питание";"2";"% г/г";"0"
"2025-06-15";14.46237045;"A";"Данные СберИндекса";"Неделя";"Общественное питание";"2";"% г/г";"0"
"2025-06-22";13.33835454;"A";"Данные СберИндекса";"Неделя";"Общественное питание";"2";"% г/г";"0"
"2025-06-29";13.07391728;"A";"Данные СберИндекса";"Неделя";"Общественное питание";"2";"% г/г";"0"
"2025-07-06";13.08247826;"A";"Данные СберИндекса";"Неделя";"Общественное питание";"2";"% г/г";"0"
"2025-07-13";12.37304344;"A";"Данные СберИндекса";"Неделя";"Общественное питание";"2";"% г/г";"0"
"2025-07-20";13.12003508;"A";"Данные СберИндекса";"Неделя";"Общественное питание";"2";"% г/г";"0"
"2025-07-27";12.95074028;"A";"Данные СберИндекса";"Неделя";"Общественное питание";"2";"% г/г";"0"
"2025-08-03";12.91426741;"A";"Данные СберИндекса";"Неделя";"Общественное питание";"2";"% г/г";"0"
"2025-08-10";13.11616969;"A";"Данные СберИндекса";"Неделя";"Общественное питание";"2";"% г/г";"0"
"2025-08-17";13.37297129;"A";"Данные СберИндекса";"Неделя";"Общественное питание";"2";"% г/г";"0"
"2025-08-24";12.455697;"A";"Данные СберИндекса";"Неделя";"Общественное питание";"2";"% г/г";"0"
"2025-08-31";12.59047001;"A";"Данные СберИндекса";"Неделя";"Общественное питание";"2";"% г/г";"0"
"2025-09-07";13.77302244;"A";"Данные СберИндекса";"Неделя";"Общественное питание";"2";"% г/г";"0"
"2025-09-14";13.42889351;"A";"Данные СберИндекса";"Неделя";"Общественное питание";"2";"% г/г";"0"
"2025-09-21";13.51078684;"A";"Данные СберИндекса";"Неделя";"Общественное питание";"2";"% г/г";"0"
"2025-09-28";13.58501145;"A";"Данные СберИндекса";"Неделя";"Общественное питание";"2";"% г/г";"0"
"2025-10-05";12.4182355;"A";"Данные СберИндекса";"Неделя";"Общественное питание";"2";"% г/г";"0"
"2025-10-12";12.05065246;"A";"Данные СберИндекса";"Неделя";"Общественное питание";"2";"% г/г";"0"
"2025-10-19";11.72771462;"A";"Данные СберИндекса";"Неделя";"Общественное питание";"2";"% г/г";"0"
"2025-10-26";12.3392043;"A";"Данные СберИндекса";"Неделя";"Общественное питание";"2";"% г/г";"0"
"2025-11-02";11.79728848;"A";"Данные СберИндекса";"Неделя";"Общественное питание";"2";"% г/г";"0"
"2025-11-09";8.59794137;"A";"Данные СберИндекса";"Неделя";"Общественное питание";"2";"% г/г";"0"
"2025-11-16";8.75947904;"A";"Данные СберИндекса";"Неделя";"Общественное питание";"2";"% г/г";"0"
"2025-11-23";7.64602397;"A";"Данные СберИндекса";"Неделя";"Общественное питание";"2";"% г/г";"0"
"2025-11-30";8.96356284;"A";"Данные СберИндекса";"Неделя";"Общественное питание";"2";"% г/г";"0"
"2025-12-07";7.03570559;"A";"Данные СберИндекса";"Неделя";"Общественное питание";"2";"% г/г";"0"
"2025-12-14";5.19391897;"A";"Данные СберИндекса";"Неделя";"Общественное питание";"2";"% г/г";"0"
"2025-12-21";6.22845465;"A";"Данные СберИндекса";"Неделя";"Общественное питание";"2";"% г/г";"0"
"2025-12-28";10.74141057;"A";"Данные СберИндекса";"Неделя";"Общественное питание";"2";"% г/г";"0"
"2026-01-04";9.45562118;"A";"Данные СберИндекса";"Неделя";"Общественное питание";"2";"% г/г";"0"
"2026-01-11";9.38386226;"A";"Данные СберИндекса";"Неделя";"Общественное питание";"2";"% г/г";"0"
"2026-01-18";13.30493661;"A";"Данные СберИндекса";"Неделя";"Общественное питание";"2";"% г/г";"0"
"2026-01-25";13.34082381;"A";"Данные СберИндекса";"Неделя";"Общественное питание";"2";"% г/г";"0"
"2026-02-01";12.14899016;"A";"Данные СберИндекса";"Неделя";"Общественное питание";"2";"% г/г";"0"
"2026-02-08";7.32825368;"A";"Данные СберИндекса";"Неделя";"Общественное питание";"2";"% г/г";"0"
"2026-02-15";15.93354658;"A";"Данные СберИндекса";"Неделя";"Общественное питание";"2";"% г/г";"0"
"2026-02-22";15.08829306;"A";"Данные СберИндекса";"Неделя";"Общественное питание";"2";"% г/г";"0"
"2026-03-01";15.73295511;"A";"Данные СберИндекса";"Неделя";"Общественное питание";"2";"% г/г";"0"
"2026-03-08";10.13619929;"A";"Данные СберИндекса";"Неделя";"Общественное питание";"2";"% г/г";"0"
"2026-03-15";13.80114627;"A";"Данные СберИндекса";"Неделя";"Общественное питание";"2";"% г/г";"0"
"2026-03-22";13.64079682;"A";"Данные СберИндекса";"Неделя";"Общественное питание";"2";"% г/г";"0"
"2026-03-29";13.360382;"A";"Данные СберИндекса";"Неделя";"Общественное питание";"2";"% г/г";"0"
"2026-04-05";10.40827865;"A";"Данные СберИндекса";"Неделя";"Общественное питание";"2";"% г/г";"0"
"2026-04-12";6.57488493;"A";"Данные СберИндекса";"Неделя";"Общественное питание";"2";"% г/г";"0"
"2026-04-19";13.87265622;"A";"Данные СберИндекса";"Неделя";"Общественное питание";"2";"% г/г";"0"
"2026-04-26";13.90363855;"A";"Данные СберИндекса";"Неделя";"Общественное питание";"2";"% г/г";"0"
"2026-05-03";11.60298468;"A";"Данные СберИндекса";"Неделя";"Общественное питание";"2";"% г/г";"0"
"2026-05-10";8.37815463;"A";"Данные СберИндекса";"Неделя";"Общественное питание";"2";"% г/г";"0"
"2026-05-17";7.77038466;"A";"Данные СберИндекса";"Неделя";"Общественное питание";"2";"% г/г";"0"
"2026-05-24";5.50721865;"A";"Данные СберИндекса";"Неделя";"Общественное питание";"2";"% г/г";"0"
"2026-05-31";5.90768203;"A";"Данные СберИндекса";"Неделя";"Общественное питание";"2";"% г/г";"0"
"2026-06-07";5.41553599;"A";"Данные СберИндекса";"Неделя";"Общественное питание";"2";"% г/г";"0"
"2026-06-14";7.7098042;"A";"Данные СберИндекса";"Неделя";"Общественное питание";"2";"% г/г";"0"
"2026-06-21";8.08402285;"A";"Данные СберИндекса";"Неделя";"Общественное питание";"2";"% г/г";"0"
"2026-06-28";7.40480289;"A";"Данные СберИндекса";"Неделя";"Общественное питание";"2";"% г/г";"0"
"2026-07-05";5.86161649;"A";"Данные СберИндекса";"Неделя";"Общественное питание";"2";"% г/г";"0"
"2026-07-12";8.03595097;"A";"Данные СберИндекса";"Неделя";"Общественное питание";"2";"% г/г";"0"
"2026-07-19";8.13144299;"A";"Данные СберИндекса";"Неделя";"Общественное питание";"2";"% г/г";"0"
"2026-07-26";8.08854744;"A";"Данные СберИндекса";"Неделя";"Общественное питание";"2";"% г/г";"0"
"2026-08-02";7.34066714;"A";"Данные СберИндекса";"Неделя";"Общественное питание";"2";"% г/г";"0"
"2026-08-09";6.01566201;"A";"Данные СберИндекса";"Неделя";"Общественное питание";"2";"% г/г";"0"
"2026-08-16";8.36548086;"A";"Данные СберИндекса";"Неделя";"Общественное питание";"2";"% г/г";"0"
"2026-08-23";8.79072698;"A";"Данные СберИндекса";"Неделя";"Общественное питание";"2";"% г/г";"0"
"2026-08-30";8.47460791;"A";"Данные СберИндекса";"Неделя";"Общественное питание";"2";"% г/г";"0"
"2026-09-06";7.09171263;"A";"Данные СберИндекса";"Неделя";"Общественное питание";"2";"% г/г";"0"
"2026-09-13";5.58561626;"A";"Данные СберИндекса";"Неделя";"Общественное питание";"2";"% г/г";"0"
"2026-09-20";6.53994777;"A";"Данные СберИндекса";"Неделя";"Общественное питание";"2";"% г/г";"0"
"2026-09-27";6.83554815;"A";"Данные СберИндекса";"Неделя";"Общественное питание";"2";"% г/г";"0"
"2026-10-04";6.71880614;"A";"Данные СберИндекса";"Неделя";"Общественное питание";"2";"% г/г";"0"
"2023-11-12";28.93031123;"A";"Данные СберИндекса";"Неделя";"Путешествия и туризм";"2";"% г/г";"0"
"2023-11-19";29.97527882;"A";"Данные СберИндекса";"Неделя";"Путешествия и туризм";"2";"% г/г";"0"
"2023-11-26";26.92278413;"A";"Данные СберИндекса";"Неделя";"Путешествия и туризм";"2";"% г/г";"0"
"2023-12-03";25.3221682;"A";"Данные СберИндекса";"Неделя";"Путешествия и туризм";"2";"% г/г";"0"
"2023-12-10";27.60916991;"A";"Данные СберИндекса";"Неделя";"Путешествия и туризм";"2";"% г/г";"0"
"2023-12-17";28.49548276;"A";"Данные СберИндекса";"Неделя";"Путешествия и туризм";"2";"% г/г";"0"
"2023-12-24";34.07962363;"A";"Данные СберИндекса";"Неделя";"Путешествия и туризм";"2";"% г/г";"0"
"2023-12-31";41.19882807;"A";"Данные СберИндекса";"Неделя";"Путешествия и туризм";"2";"% г/г";"0"
"2024-01-07";31.66696864;"A";"Данные СберИндекса";"Неделя";"Путешествия и туризм";"2";"% г/г";"0"
"2024-01-14";34.30264706;"A";"Данные СберИндекса";"Неделя";"Путешествия и туризм";"2";"% г/г";"0"
"2024-01-21";36.59285999;"A";"Данные СберИндекса";"Неделя";"Путешествия и туризм";"2";"% г/г";"0"
"2024-01-28";34.4950117;"A";"Данные СберИндекса";"Неделя";"Путешествия и туризм";"2";"% г/г";"0"
"2024-02-04";36.92260313;"A";"Данные СберИндекса";"Неделя";"Путешествия и туризм";"2";"% г/г";"0"
"2024-02-11";40.43714918;"A";"Данные СберИндекса";"Неделя";"Путешествия и туризм";"2";"% г/г";"0"
"2024-02-18";40.91909913;"A";"Данные СберИндекса";"Неделя";"Путешествия и туризм";"2";"% г/г";"0"
"2024-02-25";43.09567615;"A";"Данные СберИндекса";"Неделя";"Путешествия и туризм";"2";"% г/г";"0"
"2024-03-03";37.1603334;"A";"Данные СберИндекса";"Неделя";"Путешествия и туризм";"2";"% г/г";"0"
"2024-03-10";29.52189359;"A";"Данные СберИндекса";"Неделя";"Путешествия и туризм";"2";"% г/г";"0"
"2024-03-17";28.66122095;"A";"Данные СберИндекса";"Неделя";"Путешествия и туризм";"2";"% г/г";"0"
"2024-03-24";28.33506839;"A";"Данные СберИндекса";"Неделя";"Путешествия и туризм";"2";"% г/г";"0"
"2024-03-31";24.18439467;"A";"Данные СберИндекса";"Неделя";"Путешествия и туризм";"2";"% г/г";"0"
"2024-04-07";26.22470331;"A";"Данные СберИндекса";"Неделя";"Путешествия и туризм";"2";"% г/г";"0"
"2024-04-14";30.61302556;"A";"Данные СберИндекса";"Неделя";"Путешествия и туризм";"2";"% г/г";"0"
"2024-04-21";28.98155745;"A";"Данные СберИндекса";"Неделя";"Путешествия и туризм";"2";"% г/г";"0"
"2024-04-28";29.42585625;"A";"Данные СберИндекса";"Неделя";"Путешествия и туризм";"2";"% г/г";"0"
"2024-05-05";18.32872023;"A";"Данные СберИндекса";"Неделя";"Путешествия и туризм";"2";"% г/г";"0"
"2024-05-12";20.72335678;"A";"Данные СберИндекса";"Неделя";"Путешествия и туризм";"2";"% г/г";"0"
"2024-05-19";17.28194057;"A";"Данные СберИндекса";"Неделя";"Путешествия и туризм";"2";"% г/г";"0"
"2024-05-26";22.5173165;"A";"Данные СберИндекса";"Неделя";"Путешествия и туризм";"2";"% г/г";"0"
"2024-06-02";20.88659224;"A";"Данные СберИндекса";"Неделя";"Путешествия и туризм";"2";"% г/г";"0"
"2024-06-09";20.01423187;"A";"Данные СберИндекса";"Неделя";"Путешествия и туризм";"2";"% г/г";"0"
"2024-06-16";24.73501919;"A";"Данные СберИндекса";"Неделя";"Путешествия и туризм";"2";"% г/г";"0"
"2024-06-23";23.04807618;"A";"Данные СберИндекса";"Неделя";"Путешествия и туризм";"2";"% г/г";"0"
"2024-06-30";20.18453431;"A";"Данные СберИндекса";"Неделя";"Путешествия и туризм";"2";"% г/г";"0"
"2024-07-07";16.90829922;"A";"Данные СберИндекса";"Неделя";"Путешествия и туризм";"2";"% г/г";"0"
"2024-07-14";20.3089862;"A";"Данные СберИндекса";"Неделя";"Путешествия и туризм";"2";"% г/г";"0"
"2024-07-21";19.92885613;"A";"Данные СберИндекса";"Неделя";"Путешествия и туризм";"2";"% г/г";"0"
"2024-07-28";18.32064639;"A";"Данные СберИндекса";"Неделя";"Путешествия и туризм";"2";"% г/г";"0"
"2024-08-04";16.68116572;"A";"Данные СберИндекса";"Неделя";"Путешествия и туризм";"2";"% г/г";"0"
"2024-08-11";13.2566212;"A";"Данные СберИндекса";"Неделя";"Путешествия и туризм";"2";"% г/г";"0"
"2024-08-18";14.29864776;"A";"Данные СберИндекса";"Неделя";"Путешествия и туризм";"2";"% г/г";"0"
"2024-08-25";14.76644592;"A";"Данные СберИндекса";"Неделя";"Путешествия и туризм";"2";"% г/г";"0"
"2024-09-01";15.50364298;"A";"Данные СберИндекса";"Неделя";"Путешествия и туризм";"2";"% г/г";"0"
"2024-09-08";19.38105929;"A";"Данные СберИндекса";"Неделя";"Путешествия и туризм";"2";"% г/г";"0"
"2024-09-15";19.82622459;"A";"Данные СберИндекса";"Неделя";"Путешествия и туризм";"2";"% г/г";"0"
"2024-09-22";18.10842748;"A";"Данные СберИндекса";"Неделя";"Путешествия и туризм";"2";"% г/г";"0"
"2024-09-29";12.82364557;"A";"Данные СберИндекса";"Неделя";"Путешествия и туризм";"2";"% г/г";"0"
"2024-10-06";14.26387812;"A";"Данные СберИндекса";"Неделя";"Путешествия и туризм";"2";"% г/г";"0"
"2024-10-13";15.41740654;"A";"Данные СберИндекса";"Неделя";"Путешествия и туризм";"2";"% г/г";"0"
"2024-10-20";15.8200118;"A";"Данные СберИндекса";"Неделя";"Путешествия и туризм";"2";"% г/г";"0"
"2024-10-27";13.8164661;"A";"Данные СберИндекса";"Неделя";"Путешествия и туризм";"2";"% г/г";"0"
"2024-11-03";11.58659466;"A";"Данные СберИндекса";"Неделя";"Путешествия и туризм";"2";"% г/г";"0"
"2024-11-10";5.32329503;"A";"Данные СберИндекса";"Неделя";"Путешествия и туризм";"2";"% г/г";"0"
"2024-11-17";6.51732865;"A";"Данные СберИндекса";"Неделя";"Путешествия и туризм";"2";"% г/г";"0"
"2024-11-24";3.96318843;"A";"Данные СберИндекса";"Неделя";"Путешествия и туризм";"2";"% г/г";"0"
"2024-12-01";8.06163741;"A";"Данные СберИндекса";"Неделя";"Путешествия и туризм";"2";"% г/г";"0"
"2024-12-08";6.58164774;"A";"Данные СберИндекса";"Неделя";"Путешествия и туризм";"2";"% г/г";"0"
"2024-12-15";8.95047806;"A";"Данные СберИндекса";"Неделя";"Путешествия и туризм";"2";"% г/г";"0"
"2024-12-22";6.29000526;"A";"Данные СберИндекса";"Неделя";"Путешествия и туризм";"2";"% г/г";"0"
"2024-12-29";8.71905658;"A";"Данные СберИндекса";"Неделя";"Путешествия и туризм";"2";"% г/г";"0"
"2025-01-05";5.04844941;"A";"Данные СберИндекса";"Неделя";"Путешествия и туризм";"2";"% г/г";"0"
"2025-01-12";1.85439594;"A";"Данные СберИндекса";"Неделя";"Путешествия и туризм";"2";"% г/г";"0"
"2025-01-19";9.37381527;"A";"Данные СберИндекса";"Неделя";"Путешествия и туризм";"2";"% г/г";"0"
"2025-01-26";11.82136176;"A";"Данные СберИндекса";"Неделя";"Путешествия и туризм";"2";"% г/г";"0"
"2025-02-02";11.2137539;"A";"Данные СберИндекса";"Неделя";"Путешествия и туризм";"2";"% г/г";"0"
"2025-02-09";10.58605516;"A";"Данные СберИндекса";"Неделя";"Путешествия и туризм";"2";"% г/г";"0"
"2025-02-16";13.54793201;"A";"Данные СберИндекса";"Неделя";"Путешествия и туризм";"2";"% г/г";"0"
"2025-02-23";16.26785144;"A";"Данные СберИндекса";"Неделя";"Путешествия и туризм";"2";"% г/г";"0"
"2025-03-02";11.05060956;"A";"Данные СберИндекса";"Неделя";"Путешествия и туризм";"2";"% г/г";"0"
"2025-03-09";9.10983935;"A";"Данные СберИндекса";"Неделя";"Путешествия и туризм";"2";"% г/г";"0"
"2025-03-16";6.27313417;"A";"Данные СберИндекса";"Неделя";"Путешествия и туризм";"2";"% г/г";"0"
"2025-03-23";11.89962409;"A";"Данные СберИндекса";"Неделя";"Путешествия и туризм";"2";"% г/г";"0"
"2025-03-30";9.86762091;"A";"Данные СберИндекса";"Неделя";"Путешествия и туризм";"2";"% г/г";"0"
"2025-04-06";7.35363243;"A";"Данные СберИндекса";"Неделя";"Путешествия и туризм";"2";"% г/г";"0"
"2025-04-13";5.12736656;"A";"Данные СберИндекса";"Неделя";"Путешествия и туризм";"2";"% г/г";"0"
"2025-04-20";3.78017943;"A";"Данные СберИндекса";"Неделя";"Путешествия и туризм";"2";"% г/г";"0"
"2025-04-27";2.13205855;"A";"Данные СберИндекса";"Неделя";"Путешествия и туризм";"2";"% г/г";"0"
"2025-05-04";9.48731019;"A";"Данные СберИндекса";"Неделя";"Путешествия и туризм";"2";"% г/г";"0"
"2025-05-11";4.56454993;"A";"Данные СберИндекса";"Неделя";"Путешествия и туризм";"2";"% г/г";"0"
"2025-05-18";10.57605993;"A";"Данные СберИндекса";"Неделя";"Путешествия и туризм";"2";"% г/г";"0"
"2025-05-25";4.19190133;"A";"Данные СберИндекса";"Неделя";"Путешествия и туризм";"2";"% г/г";"0"
"2025-06-01";3.22328982;"A";"Данные СберИндекса";"Неделя";"Путешествия и туризм";"2";"% г/г";"0"
"2025-06-08";1.73904662;"A";"Данные СберИндекса";"Неделя";"Путешествия и туризм";"2";"% г/г";"0"
"2025-06-15";-4.29538542;"A";"Данные СберИндекса";"Неделя";"Путешествия и туризм";"2";"% г/г";"0"
"2025-06-22";-2.50617369;"A";"Данные СберИндекса";"Неделя";"Путешествия и туризм";"2";"% г/г";"0"
"2025-06-29";-0.39565278;"A";"Данные СберИндекса";"Неделя";"Путешествия и туризм";"2";"% г/г";"0"
"2025-07-06";3.60739309;"A";"Данные СберИндекса";"Неделя";"Путешествия и туризм";"2";"% г/г";"0"
"2025-07-13";3.79272612;"A";"Данные СберИндекса";"Неделя";"Путешествия и туризм";"2";"% г/г";"0"
"2025-07-20";7.61454306;"A";"Данные СберИндекса";"Неделя";"Путешествия и туризм";"2";"% г/г";"0"
"2025-07-27";4.31092919;"A";"Данные СберИндекса";"Неделя";"Путешествия и туризм";"2";"% г/г";"0"
"2025-08-03";3.93641727;"A";"Данные СберИндекса";"Неделя";"Путешествия и туризм";"2";"% г/г";"0"
"2025-08-10";7.12464988;"A";"Данные СберИндекса";"Неделя";"Путешествия и туризм";"2";"% г/г";"0"
"2025-08-17";8.97563793;"A";"Данные СберИндекса";"Неделя";"Путешествия и туризм";"2";"% г/г";"0"
"2025-08-24";11.75695014;"A";"Данные СберИндекса";"Неделя";"Путешествия и туризм";"2";"% г/г";"0"
"2025-08-31";9.77070418;"A";"Данные СберИндекса";"Неделя";"Путешествия и туризм";"2";"% г/г";"0"
"2025-09-07";11.66245436;"A";"Данные СберИндекса";"Неделя";"Путешествия и туризм";"2";"% г/г";"0"
"2025-09-14";15.15366634;"A";"Данные СберИндекса";"Неделя";"Путешествия и туризм";"2";"% г/г";"0"
"2025-09-21";10.96093974;"A";"Данные СберИндекса";"Неделя";"Путешествия и туризм";"2";"% г/г";"0"
"2025-09-28";9.8662972;"A";"Данные СберИндекса";"Неделя";"Путешествия и туризм";"2";"% г/г";"0"
"2025-10-05";12.04912935;"A";"Данные СберИндекса";"Неделя";"Путешествия и туризм";"2";"% г/г";"0"
"2025-10-12";12.49782407;"A";"Данные СберИндекса";"Неделя";"Путешествия и туризм";"2";"% г/г";"0"
"2025-10-19";16.81391554;"A";"Данные СберИндекса";"Неделя";"Путешествия и туризм";"2";"% г/г";"0"
"2025-10-26";13.81401369;"A";"Данные СберИндекса";"Неделя";"Путешествия и туризм";"2";"% г/г";"0"
"2025-11-02";14.14924846;"A";"Данные СберИндекса";"Неделя";"Путешествия и туризм";"2";"% г/г";"0"
"2025-11-09";8.35975807;"A";"Данные СберИндекса";"Неделя";"Путешествия и туризм";"2";"% г/г";"0"
"2025-11-16";11.74263655;"A";"Данные СберИндекса";"Неделя";"Путешествия и туризм";"2";"% г/г";"0"
"2025-11-23";14.00511061;"A";"Данные СберИндекса";"Неделя";"Путешествия и туризм";"2";"% г/г";"0"
"2025-11-30";13.10449827;"A";"Данные СберИндекса";"Неделя";"Путешествия и туризм";"2";"% г/г";"0"
"2025-12-07";23.52766642;"A";"Данные СберИндекса";"Неделя";"Путешествия и туризм";"2";"% г/г";"0"
"2025-12-14";17.60042788;"A";"Данные СберИндекса";"Неделя";"Путешествия и туризм";"2";"% г/г";"0"
"2025-12-21";13.0288378;"A";"Данные СберИндекса";"Неделя";"Путешествия и туризм";"2";"% г/г";"0"
"2025-12-28";11.49256192;"A";"Данные СберИндекса";"Неделя";"Путешествия и туризм";"2";"% г/г";"0"
"2026-01-04";21.22251053;"A";"Данные СберИндекса";"Неделя";"Путешествия и туризм";"2";"% г/г";"0"
"2026-01-11";2.35719511;"A";"Данные СберИндекса";"Неделя";"Путешествия и туризм";"2";"% г/г";"0"
"2026-01-18";8.97955056;"A";"Данные СберИндекса";"Неделя";"Путешествия и туризм";"2";"% г/г";"0"
"2026-01-25";11.19612308;"A";"Данные СберИндекса";"Неделя";"Путешествия и туризм";"2";"% г/г";"0"
"2026-02-01";10.54356124;"A";"Данные СберИндекса";"Неделя";"Путешествия и туризм";"2";"% г/г";"0"
"2026-02-08";12.83101723;"A";"Данные СберИндекса";"Неделя";"Путешествия и туризм";"2";"% г/г";"0"
"2026-02-15";9.25084149;"A";"Данные СберИндекса";"Неделя";"Путешествия и туризм";"2";"% г/г";"0"
"2026-02-22";8.66108847;"A";"Данные СберИндекса";"Неделя";"Путешествия и туризм";"2";"% г/г";"0"
"2026-03-01";6.04318466;"A";"Данные СберИндекса";"Неделя";"Путешествия и туризм";"2";"% г/г";"0"
"2026-03-08";1.79097874;"A";"Данные СберИндекса";"Неделя";"Путешествия и туризм";"2";"% г/г";"0"
"2026-03-15";-5.04406062;"A";"Данные СберИндекса";"Неделя";"Путешествия и туризм";"2";"% г/г";"0"
"2026-03-22";-3.98434431;"A";"Данные СберИндекса";"Неделя";"Путешествия и туризм";"2";"% г/г";"0"
"2026-03-29";-4.67156611;"A";"Данные СберИндекса";"Неделя";"Путешествия и туризм";"2";"% г/г";"0"
"2026-04-05";-8.17211199;"A";"Данные СберИндекса";"Неделя";"Путешествия и туризм";"2";"% г/г";"0"
"2026-04-12";-9.2002963;"A";"Данные СберИндекса";"Неделя";"Путешествия и туризм";"2";"% г/г";"0"
"2026-04-19";-2.76772769;"A";"Данные СберИндекса";"Неделя";"Путешествия и туризм";"2";"% г/г";"0"
"2026-04-26";-5.06293992;"A";"Данные СберИндекса";"Неделя";"Путешествия и туризм";"2";"% г/г";"0"
"2026-05-03";-4.10363656;"A";"Данные СберИндекса";"Неделя";"Путешествия и туризм";"2";"% г/г";"0"
"2026-05-10";-0.47004871;"A";"Данные СберИндекса";"Неделя";"Путешествия и туризм";"2";"% г/г";"0"
"2026-05-17";-5.44243356;"A";"Данные СберИндекса";"Неделя";"Путешествия и туризм";"2";"% г/г";"0"
"2026-05-24";10.85230385;"A";"Данные СберИндекса";"Неделя";"Путешествия и туризм";"2";"% г/г";"0"
"2026-05-31";10.24483622;"A";"Данные СберИндекса";"Неделя";"Путешествия и туризм";"2";"% г/г";"0"
"2026-06-07";9.42303457;"A";"Данные СберИндекса";"Неделя";"Путешествия и туризм";"2";"% г/г";"0"
"2026-06-14";10.16151781;"A";"Данные СберИндекса";"Неделя";"Путешествия и туризм";"2";"% г/г";"0"
"2026-06-21";9.53492865;"A";"Данные СберИндекса";"Неделя";"Путешествия и туризм";"2";"% г/г";"0"
"2026-06-28";8.81928826;"A";"Данные СберИндекса";"Неделя";"Путешествия и туризм";"2";"% г/г";"0"
"2026-07-05";7.48159221;"A";"Данные СберИндекса";"Неделя";"Путешествия и туризм";"2";"% г/г";"0"
"2026-07-12";6.68010462;"A";"Данные СберИндекса";"Неделя";"Путешествия и туризм";"2";"% г/г";"0"
"2026-07-19";6.46981723;"A";"Данные СберИндекса";"Неделя";"Путешествия и туризм";"2";"% г/г";"0"
"2026-07-26";8.05568782;"A";"Данные СберИндекса";"Неделя";"Путешествия и туризм";"2";"% г/г";"0"
"2026-08-02";8.57588988;"A";"Данные СберИндекса";"Неделя";"Путешествия и туризм";"2";"% г/г";"0"
"2026-08-09";10.41827133;"A";"Данные СберИндекса";"Неделя";"Путешествия и туризм";"2";"% г/г";"0"
"2026-08-16";16.95532724;"A";"Данные СберИндекса";"Неделя";"Путешествия и туризм";"2";"% г/г";"0"
"2026-08-23";16.25670792;"A";"Данные СберИндекса";"Неделя";"Путешествия и туризм";"2";"% г/г";"0"
"2026-08-30";15.47219017;"A";"Данные СберИндекса";"Неделя";"Путешествия и туризм";"2";"% г/г";"0"
"2026-09-06";11.08579055;"A";"Данные СберИндекса";"Неделя";"Путешествия и туризм";"2";"% г/г";"0"
"2026-09-13";8.25732458;"A";"Данные СберИндекса";"Неделя";"Путешествия и туризм";"2";"% г/г";"0"
"2026-09-20";12.55700414;"A";"Данные СберИндекса";"Неделя";"Путешествия и туризм";"2";"% г/г";"0"
"2026-09-27";14.85383367;"A";"Данные СберИндекса";"Неделя";"Путешествия и туризм";"2";"% г/г";"0"
"2026-10-04";14.1531651;"A";"Данные СберИндекса";"Неделя";"Путешествия и туризм";"2";"% г/г";"0"
"2023-11-12";15.8253289;"A";"Данные СберИндекса";"Неделя";"Ателье, химчистка и ремонт одежды";"2";"% г/г";"0"
"2023-11-19";12.66534587;"A";"Данные СберИндекса";"Неделя";"Ателье, химчистка и ремонт одежды";"2";"% г/г";"0"
"2023-11-26";17.67127564;"A";"Данные СберИндекса";"Неделя";"Ателье, химчистка и ремонт одежды";"2";"% г/г";"0"
"2023-12-03";15.63135815;"A";"Данные СберИндекса";"Неделя";"Ателье, химчистка и ремонт одежды";"2";"% г/г";"0"
"2023-12-10";14.24308202;"A";"Данные СберИндекса";"Неделя";"Ателье, химчистка и ремонт одежды";"2";"% г/г";"0"
"2023-12-17";15.3384115;"A";"Данные СберИндекса";"Неделя";"Ателье, химчистка и ремонт одежды";"2";"% г/г";"0"
"2023-12-24";18.21398577;"A";"Данные СберИндекса";"Неделя";"Ателье, химчистка и ремонт одежды";"2";"% г/г";"0"
"2023-12-31";22.37013716;"A";"Данные СберИндекса";"Неделя";"Ателье, химчистка и ремонт одежды";"2";"% г/г";"0"
"2024-01-07";0.47701619;"A";"Данные СберИндекса";"Неделя";"Ателье, химчистка и ремонт одежды";"2";"% г/г";"0"
"2024-01-14";10.12665765;"A";"Данные СберИндекса";"Неделя";"Ателье, химчистка и ремонт одежды";"2";"% г/г";"0"
"2024-01-21";9.03165318;"A";"Данные СберИндекса";"Неделя";"Ателье, химчистка и ремонт одежды";"2";"% г/г";"0"
"2024-01-28";11.4445987;"A";"Данные СберИндекса";"Неделя";"Ателье, химчистка и ремонт одежды";"2";"% г/г";"0"
"2024-02-04";12.39862326;"A";"Данные СберИндекса";"Неделя";"Ателье, химчистка и ремонт одежды";"2";"% г/г";"0"
"2024-02-11";12.90474823;"A";"Данные СберИндекса";"Неделя";"Ателье, химчистка и ремонт одежды";"2";"% г/г";"0"
"2024-02-18";10.55945414;"A";"Данные СберИндекса";"Неделя";"Ателье, химчистка и ремонт одежды";"2";"% г/г";"0"
"2024-02-25";16.54256964;"A";"Данные СберИндекса";"Неделя";"Ателье, химчистка и ремонт одежды";"2";"% г/г";"0"
"2024-03-03";17.23315722;"A";"Данные СберИндекса";"Неделя";"Ателье, химчистка и ремонт одежды";"2";"% г/г";"0"
"2024-03-10";16.77449102;"A";"Данные СберИндекса";"Неделя";"Ателье, химчистка и ремонт одежды";"2";"% г/г";"0"
"2024-03-17";16.07067534;"A";"Данные СберИндекса";"Неделя";"Ателье, химчистка и ремонт одежды";"2";"% г/г";"0"
"2024-03-24";14.66707076;"A";"Данные СберИндекса";"Неделя";"Ателье, химчистка и ремонт одежды";"2";"% г/г";"0"
"2024-03-31";19.29617678;"A";"Данные СберИндекса";"Неделя";"Ателье, химчистка и ремонт одежды";"2";"% г/г";"0"
"2024-04-07";11.90470109;"A";"Данные СберИндекса";"Неделя";"Ателье, химчистка и ремонт одежды";"2";"% г/г";"0"
"2024-04-14";13.63028488;"A";"Данные СберИндекса";"Неделя";"Ателье, химчистка и ремонт одежды";"2";"% г/г";"0"
"2024-04-21";10.45199772;"A";"Данные СберИндекса";"Неделя";"Ателье, химчистка и ремонт одежды";"2";"% г/г";"0"
"2024-04-28";11.55247203;"A";"Данные СберИндекса";"Неделя";"Ателье, химчистка и ремонт одежды";"2";"% г/г";"0"
"2024-05-05";7.82156379;"A";"Данные СберИндекса";"Неделя";"Ателье, химчистка и ремонт одежды";"2";"% г/г";"0"
"2024-05-12";3.47144495;"A";"Данные СберИндекса";"Неделя";"Ателье, химчистка и ремонт одежды";"2";"% г/г";"0"
"2024-05-19";7.23757747;"A";"Данные СберИндекса";"Неделя";"Ателье, химчистка и ремонт одежды";"2";"% г/г";"0"
"2024-05-26";12.80040502;"A";"Данные СберИндекса";"Неделя";"Ателье, химчистка и ремонт одежды";"2";"% г/г";"0"
"2024-06-02";14.10537103;"A";"Данные СберИндекса";"Неделя";"Ателье, химчистка и ремонт одежды";"2";"% г/г";"0"
"2024-06-09";17.52419632;"A";"Данные СберИндекса";"Неделя";"Ателье, химчистка и ремонт одежды";"2";"% г/г";"0"
"2024-06-16";18.0864872;"A";"Данные СберИндекса";"Неделя";"Ателье, химчистка и ремонт одежды";"2";"% г/г";"0"
"2024-06-23";16.95593536;"A";"Данные СберИндекса";"Неделя";"Ателье, химчистка и ремонт одежды";"2";"% г/г";"0"
"2024-06-30";16.95650561;"A";"Данные СберИндекса";"Неделя";"Ателье, химчистка и ремонт одежды";"2";"% г/г";"0"
"2024-07-07";10.40166581;"A";"Данные СберИндекса";"Неделя";"Ателье, химчистка и ремонт одежды";"2";"% г/г";"0"
"2024-07-14";9.74790212;"A";"Данные СберИндекса";"Неделя";"Ателье, химчистка и ремонт одежды";"2";"% г/г";"0"
"2024-07-21";11.34435685;"A";"Данные СберИндекса";"Неделя";"Ателье, химчистка и ремонт одежды";"2";"% г/г";"0"
"2024-07-28";11.38070229;"A";"Данные СберИндекса";"Неделя";"Ателье, химчистка и ремонт одежды";"2";"% г/г";"0"
"2024-08-04";13.8942608;"A";"Данные СберИндекса";"Неделя";"Ателье, химчистка и ремонт одежды";"2";"% г/г";"0"
"2024-08-11";15.65106825;"A";"Данные СберИндекса";"Неделя";"Ателье, химчистка и ремонт одежды";"2";"% г/г";"0"
"2024-08-18";14.45088481;"A";"Данные СберИндекса";"Неделя";"Ателье, химчистка и ремонт одежды";"2";"% г/г";"0"
"2024-08-25";11.2106897;"A";"Данные СберИндекса";"Неделя";"Ателье, химчистка и ремонт одежды";"2";"% г/г";"0"
"2024-09-01";12.72309504;"A";"Данные СберИндекса";"Неделя";"Ателье, химчистка и ремонт одежды";"2";"% г/г";"0"
"2024-09-08";10.52985036;"A";"Данные СберИндекса";"Неделя";"Ателье, химчистка и ремонт одежды";"2";"% г/г";"0"
"2024-09-15";11.02403268;"A";"Данные СберИндекса";"Неделя";"Ателье, химчистка и ремонт одежды";"2";"% г/г";"0"
"2024-09-22";14.9678559;"A";"Данные СберИндекса";"Неделя";"Ателье, химчистка и ремонт одежды";"2";"% г/г";"0"
"2024-09-29";16.50554677;"A";"Данные СберИндекса";"Неделя";"Ателье, химчистка и ремонт одежды";"2";"% г/г";"0"
"2024-10-06";12.33006913;"A";"Данные СберИндекса";"Неделя";"Ателье, химчистка и ремонт одежды";"2";"% г/г";"0"
"2024-10-13";11.72432432;"A";"Данные СберИндекса";"Неделя";"Ателье, химчистка и ремонт одежды";"2";"% г/г";"0"
"2024-10-20";13.58463058;"A";"Данные СберИндекса";"Неделя";"Ателье, химчистка и ремонт одежды";"2";"% г/г";"0"
"2024-10-27";8.01070713;"A";"Данные СберИндекса";"Неделя";"Ателье, химчистка и ремонт одежды";"2";"% г/г";"0"
"2024-11-03";14.88345192;"A";"Данные СберИндекса";"Неделя";"Ателье, химчистка и ремонт одежды";"2";"% г/г";"0"
"2024-11-10";20.63968483;"A";"Данные СберИндекса";"Неделя";"Ателье, химчистка и ремонт одежды";"2";"% г/г";"0"
"2024-11-17";17.05105731;"A";"Данные СберИндекса";"Неделя";"Ателье, химчистка и ремонт одежды";"2";"% г/г";"0"
"2024-11-24";13.06765496;"A";"Данные СберИндекса";"Неделя";"Ателье, химчистка и ремонт одежды";"2";"% г/г";"0"
"2024-12-01";17.99059824;"A";"Данные СберИндекса";"Неделя";"Ателье, химчистка и ремонт одежды";"2";"% г/г";"0"
"2024-12-08";23.87784842;"A";"Данные СберИндекса";"Неделя";"Ателье, химчистка и ремонт одежды";"2";"% г/г";"0"
"2024-12-15";25.69651671;"A";"Данные СберИндекса";"Неделя";"Ателье, химчистка и ремонт одежды";"2";"% г/г";"0"
"2024-12-22";22.50206341;"A";"Данные СберИндекса";"Неделя";"Ателье, химчистка и ремонт одежды";"2";"% г/г";"0"
"2024-12-29";28.29031756;"A";"Данные СберИндекса";"Неделя";"Ателье, химчистка и ремонт одежды";"2";"% г/г";"0"
"2025-01-05";26.03292929;"A";"Данные СберИндекса";"Неделя";"Ателье, химчистка и ремонт одежды";"2";"% г/г";"0"
"2025-01-12";16.50156603;"A";"Данные СберИндекса";"Неделя";"Ателье, химчистка и ремонт одежды";"2";"% г/г";"0"
"2025-01-19";20.75846241;"A";"Данные СберИндекса";"Неделя";"Ателье, химчистка и ремонт одежды";"2";"% г/г";"0"
"2025-01-26";18.45654034;"A";"Данные СберИндекса";"Неделя";"Ателье, химчистка и ремонт одежды";"2";"% г/г";"0"
"2025-02-02";16.37554588;"A";"Данные СберИндекса";"Неделя";"Ателье, химчистка и ремонт одежды";"2";"% г/г";"0"
"2025-02-09";15.00077171;"A";"Данные СберИндекса";"Неделя";"Ателье, химчистка и ремонт одежды";"2";"% г/г";"0"
"2025-02-16";17.7205333;"A";"Данные СберИндекса";"Неделя";"Ателье, химчистка и ремонт одежды";"2";"% г/г";"0"
"2025-02-23";15.96930701;"A";"Данные СберИндекса";"Неделя";"Ателье, химчистка и ремонт одежды";"2";"% г/г";"0"
"2025-03-02";12.29221513;"A";"Данные СберИндекса";"Неделя";"Ателье, химчистка и ремонт одежды";"2";"% г/г";"0"
"2025-03-09";19.78797196;"A";"Данные СберИндекса";"Неделя";"Ателье, химчистка и ремонт одежды";"2";"% г/г";"0"
"2025-03-16";17.49513098;"A";"Данные СберИндекса";"Неделя";"Ателье, химчистка и ремонт одежды";"2";"% г/г";"0"
"2025-03-23";12.68660485;"A";"Данные СберИндекса";"Неделя";"Ателье, химчистка и ремонт одежды";"2";"% г/г";"0"
"2025-03-30";11.68758821;"A";"Данные СберИндекса";"Неделя";"Ателье, химчистка и ремонт одежды";"2";"% г/г";"0"
"2025-04-06";4.34922076;"A";"Данные СберИндекса";"Неделя";"Ателье, химчистка и ремонт одежды";"2";"% г/г";"0"
"2025-04-13";0.17608632;"A";"Данные СберИндекса";"Неделя";"Ателье, химчистка и ремонт одежды";"2";"% г/г";"0"
"2025-04-20";10.371821;"A";"Данные СберИндекса";"Неделя";"Ателье, химчистка и ремонт одежды";"2";"% г/г";"0"
"2025-04-27";11.24236521;"A";"Данные СберИндекса";"Неделя";"Ателье, химчистка и ремонт одежды";"2";"% г/г";"0"
"2025-05-04";12.53739188;"A";"Данные СберИндекса";"Неделя";"Ателье, химчистка и ремонт одежды";"2";"% г/г";"0"
"2025-05-11";16.65977622;"A";"Данные СберИндекса";"Неделя";"Ателье, химчистка и ремонт одежды";"2";"% г/г";"0"
"2025-05-18";17.55810319;"A";"Данные СберИндекса";"Неделя";"Ателье, химчистка и ремонт одежды";"2";"% г/г";"0"
"2025-05-25";16.35991931;"A";"Данные СберИндекса";"Неделя";"Ателье, химчистка и ремонт одежды";"2";"% г/г";"0"
"2025-06-01";17.82604467;"A";"Данные СберИндекса";"Неделя";"Ателье, химчистка и ремонт одежды";"2";"% г/г";"0"
"2025-06-08";15.00025716;"A";"Данные СберИндекса";"Неделя";"Ателье, химчистка и ремонт одежды";"2";"% г/г";"0"
"2025-06-15";12.96216133;"A";"Данные СберИндекса";"Неделя";"Ателье, химчистка и ремонт одежды";"2";"% г/г";"0"
"2025-06-22";15.69057253;"A";"Данные СберИндекса";"Неделя";"Ателье, химчистка и ремонт одежды";"2";"% г/г";"0"
"2025-06-29";14.988405;"A";"Данные СберИндекса";"Неделя";"Ателье, химчистка и ремонт одежды";"2";"% г/г";"0"
"2025-07-06";17.0332186;"A";"Данные СберИндекса";"Неделя";"Ателье, химчистка и ремонт одежды";"2";"% г/г";"0"
"2025-07-13";15.70908108;"A";"Данные СберИндекса";"Неделя";"Ателье, химчистка и ремонт одежды";"2";"% г/г";"0"
"2025-07-20";15.57447564;"A";"Данные СберИндекса";"Неделя";"Ателье, химчистка и ремонт одежды";"2";"% г/г";"0"
"2025-07-27";14.70497745;"A";"Данные СберИндекса";"Неделя";"Ателье, химчистка и ремонт одежды";"2";"% г/г";"0"
"2025-08-03";12.5027018;"A";"Данные СберИндекса";"Неделя";"Ателье, химчистка и ремонт одежды";"2";"% г/г";"0"
"2025-08-10";13.39141196;"A";"Данные СберИндекса";"Неделя";"Ателье, химчистка и ремонт одежды";"2";"% г/г";"0"
"2025-08-17";13.97426442;"A";"Данные СберИндекса";"Неделя";"Ателье, химчистка и ремонт одежды";"2";"% г/г";"0"
"2025-08-24";15.91759755;"A";"Данные СберИндекса";"Неделя";"Ателье, химчистка и ремонт одежды";"2";"% г/г";"0"
"2025-08-31";17.99290786;"A";"Данные СберИндекса";"Неделя";"Ателье, химчистка и ремонт одежды";"2";"% г/г";"0"
"2025-09-07";17.56892719;"A";"Данные СберИндекса";"Неделя";"Ателье, химчистка и ремонт одежды";"2";"% г/г";"0"
"2025-09-14";18.55154444;"A";"Данные СберИндекса";"Неделя";"Ателье, химчистка и ремонт одежды";"2";"% г/г";"0"
"2025-09-21";16.59324445;"A";"Данные СберИндекса";"Неделя";"Ателье, химчистка и ремонт одежды";"2";"% г/г";"0"
"2025-09-28";17.1819013;"A";"Данные СберИндекса";"Неделя";"Ателье, химчистка и ремонт одежды";"2";"% г/г";"0"
"2025-10-05";12.77597575;"A";"Данные СберИндекса";"Неделя";"Ателье, химчистка и ремонт одежды";"2";"% г/г";"0"
"2025-10-12";5.65920286;"A";"Данные СберИндекса";"Неделя";"Ателье, химчистка и ремонт одежды";"2";"% г/г";"0"
"2025-10-19";6.17153023;"A";"Данные СберИндекса";"Неделя";"Ателье, химчистка и ремонт одежды";"2";"% г/г";"0"
"2025-10-26";8.75469577;"A";"Данные СберИндекса";"Неделя";"Ателье, химчистка и ремонт одежды";"2";"% г/г";"0"
"2025-11-02";3.68987013;"A";"Данные СберИндекса";"Неделя";"Ателье, химчистка и ремонт одежды";"2";"% г/г";"0"
"2025-11-09";0.53457934;"A";"Данные СберИндекса";"Неделя";"Ателье, химчистка и ремонт одежды";"2";"% г/г";"0"
"2025-11-16";6.62467989;"A";"Данные СберИндекса";"Неделя";"Ателье, химчистка и ремонт одежды";"2";"% г/г";"0"
"2025-11-23";9.21080208;"A";"Данные СберИндекса";"Неделя";"Ателье, химчистка и ремонт одежды";"2";"% г/г";"0"
"2025-11-30";6.66786657;"A";"Данные СберИндекса";"Неделя";"Ателье, химчистка и ремонт одежды";"2";"% г/г";"0"
"2025-12-07";5.18068462;"A";"Данные СберИндекса";"Неделя";"Ателье, химчистка и ремонт одежды";"2";"% г/г";"0"
"2025-12-14";6.61390877;"A";"Данные СберИндекса";"Неделя";"Ателье, химчистка и ремонт одежды";"2";"% г/г";"0"
"2025-12-21";9.78391472;"A";"Данные СберИндекса";"Неделя";"Ателье, химчистка и ремонт одежды";"2";"% г/г";"0"
"2025-12-28";10.74809062;"A";"Данные СберИндекса";"Неделя";"Ателье, химчистка и ремонт одежды";"2";"% г/г";"0"
"2026-01-04";14.66298098;"A";"Данные СберИндекса";"Неделя";"Ателье, химчистка и ремонт одежды";"2";"% г/г";"0"
"2026-01-11";0.41377029;"A";"Данные СберИндекса";"Неделя";"Ателье, химчистка и ремонт одежды";"2";"% г/г";"0"
"2026-01-18";7.267048;"A";"Данные СберИндекса";"Неделя";"Ателье, химчистка и ремонт одежды";"2";"% г/г";"0"
"2026-01-25";7.34895849;"A";"Данные СберИндекса";"Неделя";"Ателье, химчистка и ремонт одежды";"2";"% г/г";"0"
"2026-02-01";6.26924078;"A";"Данные СберИндекса";"Неделя";"Ателье, химчистка и ремонт одежды";"2";"% г/г";"0"
"2026-02-08";4.9104823;"A";"Данные СберИндекса";"Неделя";"Ателье, химчистка и ремонт одежды";"2";"% г/г";"0"
"2026-02-15";6.37162355;"A";"Данные СберИндекса";"Неделя";"Ателье, химчистка и ремонт одежды";"2";"% г/г";"0"
"2026-02-22";4.86848241;"A";"Данные СберИндекса";"Неделя";"Ателье, химчистка и ремонт одежды";"2";"% г/г";"0"
"2026-03-01";4.66761836;"A";"Данные СберИндекса";"Неделя";"Ателье, химчистка и ремонт одежды";"2";"% г/г";"0"
"2026-03-08";3.86984454;"A";"Данные СберИндекса";"Неделя";"Ателье, химчистка и ремонт одежды";"2";"% г/г";"0"
"2026-03-15";18.27380354;"A";"Данные СберИндекса";"Неделя";"Ателье, химчистка и ремонт одежды";"2";"% г/г";"0"
"2026-03-22";20.46112911;"A";"Данные СберИндекса";"Неделя";"Ателье, химчистка и ремонт одежды";"2";"% г/г";"0"
"2026-03-29";18.0996234;"A";"Данные СберИндекса";"Неделя";"Ателье, химчистка и ремонт одежды";"2";"% г/г";"0"
"2026-04-05";15.88021741;"A";"Данные СберИндекса";"Неделя";"Ателье, химчистка и ремонт одежды";"2";"% г/г";"0"
"2026-04-12";9.9571664;"A";"Данные СберИндекса";"Неделя";"Ателье, химчистка и ремонт одежды";"2";"% г/г";"0"
"2026-04-19";2.57527024;"A";"Данные СберИндекса";"Неделя";"Ателье, химчистка и ремонт одежды";"2";"% г/г";"0"
"2026-04-26";1.33499842;"A";"Данные СберИндекса";"Неделя";"Ателье, химчистка и ремонт одежды";"2";"% г/г";"0"
"2026-05-03";6.07789191;"A";"Данные СберИндекса";"Неделя";"Ателье, химчистка и ремонт одежды";"2";"% г/г";"0"
"2026-05-10";12.77199597;"A";"Данные СберИндекса";"Неделя";"Ателье, химчистка и ремонт одежды";"2";"% г/г";"0"
"2026-05-17";8.18040375;"A";"Данные СберИндекса";"Неделя";"Ателье, химчистка и ремонт одежды";"2";"% г/г";"0"
"2026-05-24";10.8358297;"A";"Данные СберИндекса";"Неделя";"Ателье, химчистка и ремонт одежды";"2";"% г/г";"0"
"2026-05-31";8.77059067;"A";"Данные СберИндекса";"Неделя";"Ателье, химчистка и ремонт одежды";"2";"% г/г";"0"
"2026-06-07";7.45969345;"A";"Данные СберИндекса";"Неделя";"Ателье, химчистка и ремонт одежды";"2";"% г/г";"0"
"2026-06-14";7.00589069;"A";"Данные СберИндекса";"Неделя";"Ателье, химчистка и ремонт одежды";"2";"% г/г";"0"
"2026-06-21";7.27758142;"A";"Данные СберИндекса";"Неделя";"Ателье, химчистка и ремонт одежды";"2";"% г/г";"0"
"2026-06-28";7.41671766;"A";"Данные СберИндекса";"Неделя";"Ателье, химчистка и ремонт одежды";"2";"% г/г";"0"
"2026-07-05";7.4857374;"A";"Данные СберИндекса";"Неделя";"Ателье, химчистка и ремонт одежды";"2";"% г/г";"0"
"2026-07-12";8.80956856;"A";"Данные СберИндекса";"Неделя";"Ателье, химчистка и ремонт одежды";"2";"% г/г";"0"
"2026-07-19";9.54811462;"A";"Данные СберИндекса";"Неделя";"Ателье, химчистка и ремонт одежды";"2";"% г/г";"0"
"2026-07-26";9.47459706;"A";"Данные СберИндекса";"Неделя";"Ателье, химчистка и ремонт одежды";"2";"% г/г";"0"
"2026-08-02";9.63280444;"A";"Данные СберИндекса";"Неделя";"Ателье, химчистка и ремонт одежды";"2";"% г/г";"0"
"2026-08-09";9.05152322;"A";"Данные СберИндекса";"Неделя";"Ателье, химчистка и ремонт одежды";"2";"% г/г";"0"
"2026-08-16";11.09857952;"A";"Данные СберИндекса";"Неделя";"Ателье, химчистка и ремонт одежды";"2";"% г/г";"0"
"2026-08-23";10.94513738;"A";"Данные СберИндекса";"Неделя";"Ателье, химчистка и ремонт одежды";"2";"% г/г";"0"
"2026-08-30";10.4461223;"A";"Данные СберИндекса";"Неделя";"Ателье, химчистка и ремонт одежды";"2";"% г/г";"0"
"2026-09-06";12.65523003;"A";"Данные СберИндекса";"Неделя";"Ателье, химчистка и ремонт одежды";"2";"% г/г";"0"
"2026-09-13";11.5005851;"A";"Данные СберИндекса";"Неделя";"Ателье, химчистка и ремонт одежды";"2";"% г/г";"0"
"2026-09-20";11.70128782;"A";"Данные СберИндекса";"Неделя";"Ателье, химчистка и ремонт одежды";"2";"% г/г";"0"
"2026-09-27";5.9827401;"A";"Данные СберИндекса";"Неделя";"Ателье, химчистка и ремонт одежды";"2";"% г/г";"0"
"2026-10-04";5.19910374;"A";"Данные СберИндекса";"Неделя";"Ателье, химчистка и ремонт одежды";"2";"% г/г";"0"
"2023-11-12";23.78179412;"A";"Данные СберИндекса";"Неделя";"Компьютерные услуги";"2";"% г/г";"0"
"2023-11-19";24.0834587;"A";"Данные СберИндекса";"Неделя";"Компьютерные услуги";"2";"% г/г";"0"
"2023-11-26";21.60144294;"A";"Данные СберИндекса";"Неделя";"Компьютерные услуги";"2";"% г/г";"0"
"2023-12-03";24.27614038;"A";"Данные СберИндекса";"Неделя";"Компьютерные услуги";"2";"% г/г";"0"
"2023-12-10";24.03869745;"A";"Данные СберИндекса";"Неделя";"Компьютерные услуги";"2";"% г/г";"0"
"2023-12-17";22.19506987;"A";"Данные СберИндекса";"Неделя";"Компьютерные услуги";"2";"% г/г";"0"
"2023-12-24";22.61818502;"A";"Данные СберИндекса";"Неделя";"Компьютерные услуги";"2";"% г/г";"0"
"2023-12-31";26.37324048;"A";"Данные СберИндекса";"Неделя";"Компьютерные услуги";"2";"% г/г";"0"
"2024-01-07";28.23492273;"A";"Данные СберИндекса";"Неделя";"Компьютерные услуги";"2";"% г/г";"0"
"2024-01-14";30.6129191;"A";"Данные СберИндекса";"Неделя";"Компьютерные услуги";"2";"% г/г";"0"
"2024-01-21";36.372249;"A";"Данные СберИндекса";"Неделя";"Компьютерные услуги";"2";"% г/г";"0"
"2024-01-28";41.2291928;"A";"Данные СберИндекса";"Неделя";"Компьютерные услуги";"2";"% г/г";"0"
"2024-02-04";48.55034329;"A";"Данные СберИндекса";"Неделя";"Компьютерные услуги";"2";"% г/г";"0"
"2024-02-11";58.18483445;"A";"Данные СберИндекса";"Неделя";"Компьютерные услуги";"2";"% г/г";"0"
"2024-02-18";53.45037113;"A";"Данные СберИндекса";"Неделя";"Компьютерные услуги";"2";"% г/г";"0"
"2024-02-25";57.10425835;"A";"Данные СберИндекса";"Неделя";"Компьютерные услуги";"2";"% г/г";"0"
"2024-03-03";46.39032417;"A";"Данные СберИндекса";"Неделя";"Компьютерные услуги";"2";"% г/г";"0"
"2024-03-10";30.06244329;"A";"Данные СберИндекса";"Неделя";"Компьютерные услуги";"2";"% г/г";"0"
"2024-03-17";29.55576159;"A";"Данные СберИндекса";"Неделя";"Компьютерные услуги";"2";"% г/г";"0"
"2024-03-24";29.36308381;"A";"Данные СберИндекса";"Неделя";"Компьютерные услуги";"2";"% г/г";"0"
"2024-03-31";31.08336609;"A";"Данные СберИндекса";"Неделя";"Компьютерные услуги";"2";"% г/г";"0"
"2024-04-07";37.25270723;"A";"Данные СберИндекса";"Неделя";"Компьютерные услуги";"2";"% г/г";"0"
"2024-04-14";35.91706645;"A";"Данные СберИндекса";"Неделя";"Компьютерные услуги";"2";"% г/г";"0"
"2024-04-21";36.74009611;"A";"Данные СберИндекса";"Неделя";"Компьютерные услуги";"2";"% г/г";"0"
"2024-04-28";40.37999726;"A";"Данные СберИндекса";"Неделя";"Компьютерные услуги";"2";"% г/г";"0"
"2024-05-05";47.34914274;"A";"Данные СберИндекса";"Неделя";"Компьютерные услуги";"2";"% г/г";"0"
"2024-05-12";41.68968763;"A";"Данные СберИндекса";"Неделя";"Компьютерные услуги";"2";"% г/г";"0"
"2024-05-19";35.97334218;"A";"Данные СберИндекса";"Неделя";"Компьютерные услуги";"2";"% г/г";"0"
"2024-05-26";39.14698236;"A";"Данные СберИндекса";"Неделя";"Компьютерные услуги";"2";"% г/г";"0"
"2024-06-02";43.03667528;"A";"Данные СберИндекса";"Неделя";"Компьютерные услуги";"2";"% г/г";"0"
"2024-06-09";51.64067188;"A";"Данные СберИндекса";"Неделя";"Компьютерные услуги";"2";"% г/г";"0"
"2024-06-16";51.80293653;"A";"Данные СберИндекса";"Неделя";"Компьютерные услуги";"2";"% г/г";"0"
"2024-06-23";53.76673777;"A";"Данные СберИндекса";"Неделя";"Компьютерные услуги";"2";"% г/г";"0"
"2024-06-30";57.73867606;"A";"Данные СберИндекса";"Неделя";"Компьютерные услуги";"2";"% г/г";"0"
"2024-07-07";39.97500854;"A";"Данные СберИндекса";"Неделя";"Компьютерные услуги";"2";"% г/г";"0"
"2024-07-14";40.0111821;"A";"Данные СберИндекса";"Неделя";"Компьютерные услуги";"2";"% г/г";"0"
"2024-07-21";42.8553628;"A";"Данные СберИндекса";"Неделя";"Компьютерные услуги";"2";"% г/г";"0"
"2024-07-28";40.92859938;"A";"Данные СберИндекса";"Неделя";"Компьютерные услуги";"2";"% г/г";"0"
"2024-08-04";46.4008837;"A";"Данные СберИндекса";"Неделя";"Компьютерные услуги";"2";"% г/г";"0"
"2024-08-11";49.2711261;"A";"Данные СберИндекса";"Неделя";"Компьютерные услуги";"2";"% г/г";"0"
"2024-08-18";50.27027311;"A";"Данные СберИндекса";"Неделя";"Компьютерные услуги";"2";"% г/г";"0"
"2024-08-25";52.61289468;"A";"Данные СберИндекса";"Неделя";"Компьютерные услуги";"2";"% г/г";"0"
"2024-09-01";47.73881122;"A";"Данные СберИндекса";"Неделя";"Компьютерные услуги";"2";"% г/г";"0"
"2024-09-08";50.9643858;"A";"Данные СберИндекса";"Неделя";"Компьютерные услуги";"2";"% г/г";"0"
"2024-09-15";50.23468588;"A";"Данные СберИндекса";"Неделя";"Компьютерные услуги";"2";"% г/г";"0"
"2024-09-22";49.86666578;"A";"Данные СберИндекса";"Неделя";"Компьютерные услуги";"2";"% г/г";"0"
"2024-09-29";49.5223018;"A";"Данные СберИндекса";"Неделя";"Компьютерные услуги";"2";"% г/г";"0"
"2024-10-06";53.13004446;"A";"Данные СберИндекса";"Неделя";"Компьютерные услуги";"2";"% г/г";"0"
"2024-10-13";52.03700427;"A";"Данные СберИндекса";"Неделя";"Компьютерные услуги";"2";"% г/г";"0"
"2024-10-20";52.54447815;"A";"Данные СберИндекса";"Неделя";"Компьютерные услуги";"2";"% г/г";"0"
"2024-10-27";51.60486412;"A";"Данные СберИндекса";"Неделя";"Компьютерные услуги";"2";"% г/г";"0"
"2024-11-03";62.28349319;"A";"Данные СберИндекса";"Неделя";"Компьютерные услуги";"2";"% г/г";"0"
"2024-11-10";70.21946697;"A";"Данные СберИндекса";"Неделя";"Компьютерные услуги";"2";"% г/г";"0"
"2024-11-17";70.27392575;"A";"Данные СберИндекса";"Неделя";"Компьютерные услуги";"2";"% г/г";"0"
"2024-11-24";72.05308234;"A";"Данные СберИндекса";"Неделя";"Компьютерные услуги";"2";"% г/г";"0"
"2024-12-01";70.91851566;"A";"Данные СберИндекса";"Неделя";"Компьютерные услуги";"2";"% г/г";"0"
"2024-12-08";81.541914;"A";"Данные СберИндекса";"Неделя";"Компьютерные услуги";"2";"% г/г";"0"
"2024-12-15";86.04106839;"A";"Данные СберИндекса";"Неделя";"Компьютерные услуги";"2";"% г/г";"0"
"2024-12-22";84.08481435;"A";"Данные СберИндекса";"Неделя";"Компьютерные услуги";"2";"% г/г";"0"
"2024-12-29";85.33465099;"A";"Данные СберИндекса";"Неделя";"Компьютерные услуги";"2";"% г/г";"0"
"2025-01-05";83.88513886;"A";"Данные СберИндекса";"Неделя";"Компьютерные услуги";"2";"% г/г";"0"
"2025-01-12";55.1834759;"A";"Данные СберИндекса";"Неделя";"Компьютерные услуги";"2";"% г/г";"0"
"2025-01-19";50.71916142;"A";"Данные СберИндекса";"Неделя";"Компьютерные услуги";"2";"% г/г";"0"
"2025-01-26";44.47670387;"A";"Данные СберИндекса";"Неделя";"Компьютерные услуги";"2";"% г/г";"0"
"2025-02-02";40.37306911;"A";"Данные СберИндекса";"Неделя";"Компьютерные услуги";"2";"% г/г";"0"
"2025-02-09";24.03939996;"A";"Данные СберИндекса";"Неделя";"Компьютерные услуги";"2";"% г/г";"0"
"2025-02-16";24.04151235;"A";"Данные СберИндекса";"Неделя";"Компьютерные услуги";"2";"% г/г";"0"
"2025-02-23";25.91353081;"A";"Данные СберИндекса";"Неделя";"Компьютерные услуги";"2";"% г/г";"0"
"2025-03-02";25.27897496;"A";"Данные СберИндекса";"Неделя";"Компьютерные услуги";"2";"% г/г";"0"
"2025-03-09";42.83826062;"A";"Данные СберИндекса";"Неделя";"Компьютерные услуги";"2";"% г/г";"0"
"2025-03-16";38.2292805;"A";"Данные СберИндекса";"Неделя";"Компьютерные услуги";"2";"% г/г";"0"
"2025-03-23";30.24081063;"A";"Данные СберИндекса";"Неделя";"Компьютерные услуги";"2";"% г/г";"0"
"2025-03-30";26.38871956;"A";"Данные СберИндекса";"Неделя";"Компьютерные услуги";"2";"% г/г";"0"
"2025-04-06";14.96379325;"A";"Данные СберИндекса";"Неделя";"Компьютерные услуги";"2";"% г/г";"0"
"2025-04-13";14.21005663;"A";"Данные СберИндекса";"Неделя";"Компьютерные услуги";"2";"% г/г";"0"
"2025-04-20";11.57361472;"A";"Данные СберИндекса";"Неделя";"Компьютерные услуги";"2";"% г/г";"0"
"2025-04-27";8.47277337;"A";"Данные СберИндекса";"Неделя";"Компьютерные услуги";"2";"% г/г";"0"
"2025-05-04";8.40340994;"A";"Данные СберИндекса";"Неделя";"Компьютерные услуги";"2";"% г/г";"0"
"2025-05-11";11.50986634;"A";"Данные СберИндекса";"Неделя";"Компьютерные услуги";"2";"% г/г";"0"
"2025-05-18";18.34622279;"A";"Данные СберИндекса";"Неделя";"Компьютерные услуги";"2";"% г/г";"0"
"2025-05-25";17.21872746;"A";"Данные СберИндекса";"Неделя";"Компьютерные услуги";"2";"% г/г";"0"
"2025-06-01";22.9464414;"A";"Данные СберИндекса";"Неделя";"Компьютерные услуги";"2";"% г/г";"0"
"2025-06-08";26.88136604;"A";"Данные СберИндекса";"Неделя";"Компьютерные услуги";"2";"% г/г";"0"
"2025-06-15";24.26341688;"A";"Данные СберИндекса";"Неделя";"Компьютерные услуги";"2";"% г/г";"0"
"2025-06-22";25.34789865;"A";"Данные СберИндекса";"Неделя";"Компьютерные услуги";"2";"% г/г";"0"
"2025-06-29";22.24788658;"A";"Данные СберИндекса";"Неделя";"Компьютерные услуги";"2";"% г/г";"0"
"2025-07-06";48.33681118;"A";"Данные СберИндекса";"Неделя";"Компьютерные услуги";"2";"% г/г";"0"
"2025-07-13";47.50953632;"A";"Данные СберИндекса";"Неделя";"Компьютерные услуги";"2";"% г/г";"0"
"2025-07-20";46.73540089;"A";"Данные СберИндекса";"Неделя";"Компьютерные услуги";"2";"% г/г";"0"
"2025-07-27";45.32312646;"A";"Данные СберИндекса";"Неделя";"Компьютерные услуги";"2";"% г/г";"0"
"2025-08-03";38.79923465;"A";"Данные СберИндекса";"Неделя";"Компьютерные услуги";"2";"% г/г";"0"
"2025-08-10";29.57851219;"A";"Данные СберИндекса";"Неделя";"Компьютерные услуги";"2";"% г/г";"0"
"2025-08-17";30.0192986;"A";"Данные СберИндекса";"Неделя";"Компьютерные услуги";"2";"% г/г";"0"
"2025-08-24";27.63711545;"A";"Данные СберИндекса";"Неделя";"Компьютерные услуги";"2";"% г/г";"0"
"2025-08-31";29.35707689;"A";"Данные СберИндекса";"Неделя";"Компьютерные услуги";"2";"% г/г";"0"
"2025-09-07";29.58339265;"A";"Данные СберИндекса";"Неделя";"Компьютерные услуги";"2";"% г/г";"0"
"2025-09-14";27.46186692;"A";"Данные СберИндекса";"Неделя";"Компьютерные услуги";"2";"% г/г";"0"
"2025-09-21";29.50969261;"A";"Данные СберИндекса";"Неделя";"Компьютерные услуги";"2";"% г/г";"0"
"2025-09-28";28.70398436;"A";"Данные СберИндекса";"Неделя";"Компьютерные услуги";"2";"% г/г";"0"
"2025-10-05";32.18409262;"A";"Данные СберИндекса";"Неделя";"Компьютерные услуги";"2";"% г/г";"0"
"2025-10-12";32.33722814;"A";"Данные СберИндекса";"Неделя";"Компьютерные услуги";"2";"% г/г";"0"
"2025-10-19";32.67361916;"A";"Данные СберИндекса";"Неделя";"Компьютерные услуги";"2";"% г/г";"0"
"2025-10-26";34.95538006;"A";"Данные СберИндекса";"Неделя";"Компьютерные услуги";"2";"% г/г";"0"
"2025-11-02";31.36799018;"A";"Данные СберИндекса";"Неделя";"Компьютерные услуги";"2";"% г/г";"0"
"2025-11-09";25.93081612;"A";"Данные СберИндекса";"Неделя";"Компьютерные услуги";"2";"% г/г";"0"
"2025-11-16";42.70426504;"A";"Данные СберИндекса";"Неделя";"Компьютерные услуги";"2";"% г/г";"0"
"2025-11-23";28.23475298;"A";"Данные СберИндекса";"Неделя";"Компьютерные услуги";"2";"% г/г";"0"
"2025-11-30";32.69609106;"A";"Данные СберИндекса";"Неделя";"Компьютерные услуги";"2";"% г/г";"0"
"2025-12-07";31.32281157;"A";"Данные СберИндекса";"Неделя";"Компьютерные услуги";"2";"% г/г";"0"
"2025-12-14";24.7357584;"A";"Данные СберИндекса";"Неделя";"Компьютерные услуги";"2";"% г/г";"0"
"2025-12-21";23.72524406;"A";"Данные СберИндекса";"Неделя";"Компьютерные услуги";"2";"% г/г";"0"
"2025-12-28";20.68699657;"A";"Данные СберИндекса";"Неделя";"Компьютерные услуги";"2";"% г/г";"0"
"2026-01-04";27.08450272;"A";"Данные СберИндекса";"Неделя";"Компьютерные услуги";"2";"% г/г";"0"
"2026-01-11";20.79780111;"A";"Данные СберИндекса";"Неделя";"Компьютерные услуги";"2";"% г/г";"0"
"2026-01-18";38.89990559;"A";"Данные СберИндекса";"Неделя";"Компьютерные услуги";"2";"% г/г";"0"
"2026-01-25";40.40971859;"A";"Данные СберИндекса";"Неделя";"Компьютерные услуги";"2";"% г/г";"0"
"2026-02-01";36.95163053;"A";"Данные СберИндекса";"Неделя";"Компьютерные услуги";"2";"% г/г";"0"
"2026-02-08";40.90585971;"A";"Данные СберИндекса";"Неделя";"Компьютерные услуги";"2";"% г/г";"0"
"2026-02-15";52.51514876;"A";"Данные СберИндекса";"Неделя";"Компьютерные услуги";"2";"% г/г";"0"
"2026-02-22";47.37878618;"A";"Данные СберИндекса";"Неделя";"Компьютерные услуги";"2";"% г/г";"0"
"2026-03-01";50.59411878;"A";"Данные СберИндекса";"Неделя";"Компьютерные услуги";"2";"% г/г";"0"
"2026-03-08";46.07961665;"A";"Данные СберИндекса";"Неделя";"Компьютерные услуги";"2";"% г/г";"0"
"2026-03-15";64.29191996;"A";"Данные СберИндекса";"Неделя";"Компьютерные услуги";"2";"% г/г";"0"
"2026-03-22";78.29255035;"A";"Данные СберИндекса";"Неделя";"Компьютерные услуги";"2";"% г/г";"0"
"2026-03-29";81.39615505;"A";"Данные СберИндекса";"Неделя";"Компьютерные услуги";"2";"% г/г";"0"
"2026-04-05";83.57701666;"A";"Данные СберИндекса";"Неделя";"Компьютерные услуги";"2";"% г/г";"0"
"2026-04-12";76.46112964;"A";"Данные СберИндекса";"Неделя";"Компьютерные услуги";"2";"% г/г";"0"
"2026-04-19";99.47109547;"A";"Данные СберИндекса";"Неделя";"Компьютерные услуги";"2";"% г/г";"0"
"2026-04-26";99.54401008;"A";"Данные СберИндекса";"Неделя";"Компьютерные услуги";"2";"% г/г";"0"
"2026-05-03";100.17555571;"A";"Данные СберИндекса";"Неделя";"Компьютерные услуги";"2";"% г/г";"0"
"2026-05-10";97.11552044;"A";"Данные СберИндекса";"Неделя";"Компьютерные услуги";"2";"% г/г";"0"
"2026-05-17";79.41353374;"A";"Данные СберИндекса";"Неделя";"Компьютерные услуги";"2";"% г/г";"0"
"2026-05-24";83.44063245;"A";"Данные СберИндекса";"Неделя";"Компьютерные услуги";"2";"% г/г";"0"
"2026-05-31";79.42026637;"A";"Данные СберИндекса";"Неделя";"Компьютерные услуги";"2";"% г/г";"0"
"2026-06-07";73.72146292;"A";"Данные СберИндекса";"Неделя";"Компьютерные услуги";"2";"% г/г";"0"
"2026-06-14";58.78065256;"A";"Данные СберИндекса";"Неделя";"Компьютерные услуги";"2";"% г/г";"0"
"2026-06-21";57.13559039;"A";"Данные СберИндекса";"Неделя";"Компьютерные услуги";"2";"% г/г";"0"
"2026-06-28";57.6058666;"A";"Данные СберИндекса";"Неделя";"Компьютерные услуги";"2";"% г/г";"0"
"2026-07-05";53.20629125;"A";"Данные СберИндекса";"Неделя";"Компьютерные услуги";"2";"% г/г";"0"
"2026-07-12";44.27309842;"A";"Данные СберИндекса";"Неделя";"Компьютерные услуги";"2";"% г/г";"0"
"2026-07-19";44.63877884;"A";"Данные СберИндекса";"Неделя";"Компьютерные услуги";"2";"% г/г";"0"
"2026-07-26";46.47607652;"A";"Данные СберИндекса";"Неделя";"Компьютерные услуги";"2";"% г/г";"0"
"2026-08-02";45.90019751;"A";"Данные СберИндекса";"Неделя";"Компьютерные услуги";"2";"% г/г";"0"
"2026-08-09";45.850368;"A";"Данные СберИндекса";"Неделя";"Компьютерные услуги";"2";"% г/г";"0"
"2026-08-16";51.78713395;"A";"Данные СберИндекса";"Неделя";"Компьютерные услуги";"2";"% г/г";"0"
"2026-08-23";51.85400982;"A";"Данные СберИндекса";"Неделя";"Компьютерные услуги";"2";"% г/г";"0"
"2026-08-30";51.64610816;"A";"Данные СберИндекса";"Неделя";"Компьютерные услуги";"2";"% г/г";"0"
"2026-09-06";54.8261853;"A";"Данные СберИндекса";"Неделя";"Компьютерные услуги";"2";"% г/г";"0"
"2026-09-13";52.97124893;"A";"Данные СберИндекса";"Неделя";"Компьютерные услуги";"2";"% г/г";"0"
"2026-09-20";53.24925685;"A";"Данные СберИндекса";"Неделя";"Компьютерные услуги";"2";"% г/г";"0"
"2026-09-27";57.62953902;"A";"Данные СберИндекса";"Неделя";"Компьютерные услуги";"2";"% г/г";"0"
"2026-10-04";57.43717602;"A";"Данные СберИндекса";"Неделя";"Компьютерные услуги";"2";"% г/г";"0"
"2023-11-12";16.87281372;"A";"Данные СберИндекса";"Неделя";"Мебель и предметы интерьера";"2";"% г/г";"0"
"2023-11-19";13.47036021;"A";"Данные СберИндекса";"Неделя";"Мебель и предметы интерьера";"2";"% г/г";"0"
"2023-11-26";12.68831003;"A";"Данные СберИндекса";"Неделя";"Мебель и предметы интерьера";"2";"% г/г";"0"
"2023-12-03";13.14501364;"A";"Данные СберИндекса";"Неделя";"Мебель и предметы интерьера";"2";"% г/г";"0"
"2023-12-10";10.07730207;"A";"Данные СберИндекса";"Неделя";"Мебель и предметы интерьера";"2";"% г/г";"0"
"2023-12-17";9.21238927;"A";"Данные СберИндекса";"Неделя";"Мебель и предметы интерьера";"2";"% г/г";"0"
"2023-12-24";12.05085771;"A";"Данные СберИндекса";"Неделя";"Мебель и предметы интерьера";"2";"% г/г";"0"
"2023-12-31";17.84269821;"A";"Данные СберИндекса";"Неделя";"Мебель и предметы интерьера";"2";"% г/г";"0"
"2024-01-07";-4.97237913;"A";"Данные СберИндекса";"Неделя";"Мебель и предметы интерьера";"2";"% г/г";"0"
"2024-01-14";7.22615499;"A";"Данные СберИндекса";"Неделя";"Мебель и предметы интерьера";"2";"% г/г";"0"
"2024-01-21";8.23500377;"A";"Данные СберИндекса";"Неделя";"Мебель и предметы интерьера";"2";"% г/г";"0"
"2024-01-28";8.96518124;"A";"Данные СберИндекса";"Неделя";"Мебель и предметы интерьера";"2";"% г/г";"0"
"2024-02-04";11.60401468;"A";"Данные СберИндекса";"Неделя";"Мебель и предметы интерьера";"2";"% г/г";"0"
"2024-02-11";12.41161931;"A";"Данные СберИндекса";"Неделя";"Мебель и предметы интерьера";"2";"% г/г";"0"
"2024-02-18";11.90453827;"A";"Данные СберИндекса";"Неделя";"Мебель и предметы интерьера";"2";"% г/г";"0"
"2024-02-25";11.7374366;"A";"Данные СберИндекса";"Неделя";"Мебель и предметы интерьера";"2";"% г/г";"0"
"2024-03-03";12.78051793;"A";"Данные СберИндекса";"Неделя";"Мебель и предметы интерьера";"2";"% г/г";"0"
"2024-03-10";10.17449059;"A";"Данные СберИндекса";"Неделя";"Мебель и предметы интерьера";"2";"% г/г";"0"
"2024-03-17";9.24978294;"A";"Данные СберИндекса";"Неделя";"Мебель и предметы интерьера";"2";"% г/г";"0"
"2024-03-24";10.36320135;"A";"Данные СберИндекса";"Неделя";"Мебель и предметы интерьера";"2";"% г/г";"0"
"2024-03-31";13.70677144;"A";"Данные СберИндекса";"Неделя";"Мебель и предметы интерьера";"2";"% г/г";"0"
"2024-04-07";11.13001225;"A";"Данные СберИндекса";"Неделя";"Мебель и предметы интерьера";"2";"% г/г";"0"
"2024-04-14";13.93483906;"A";"Данные СберИндекса";"Неделя";"Мебель и предметы интерьера";"2";"% г/г";"0"
"2024-04-21";12.28514406;"A";"Данные СберИндекса";"Неделя";"Мебель и предметы интерьера";"2";"% г/г";"0"
"2024-04-28";9.54129771;"A";"Данные СберИндекса";"Неделя";"Мебель и предметы интерьера";"2";"% г/г";"0"
"2024-05-05";6.70379524;"A";"Данные СберИндекса";"Неделя";"Мебель и предметы интерьера";"2";"% г/г";"0"
"2024-05-12";6.99810773;"A";"Данные СберИндекса";"Неделя";"Мебель и предметы интерьера";"2";"% г/г";"0"
"2024-05-19";4.59537649;"A";"Данные СберИндекса";"Неделя";"Мебель и предметы интерьера";"2";"% г/г";"0"
"2024-05-26";6.99882519;"A";"Данные СберИндекса";"Неделя";"Мебель и предметы интерьера";"2";"% г/г";"0"
"2024-06-02";8.25815422;"A";"Данные СберИндекса";"Неделя";"Мебель и предметы интерьера";"2";"% г/г";"0"
"2024-06-09";8.00886035;"A";"Данные СберИндекса";"Неделя";"Мебель и предметы интерьера";"2";"% г/г";"0"
"2024-06-16";8.72131522;"A";"Данные СберИндекса";"Неделя";"Мебель и предметы интерьера";"2";"% г/г";"0"
"2024-06-23";5.92997071;"A";"Данные СберИндекса";"Неделя";"Мебель и предметы интерьера";"2";"% г/г";"0"
"2024-06-30";6.22429278;"A";"Данные СберИндекса";"Неделя";"Мебель и предметы интерьера";"2";"% г/г";"0"
"2024-07-07";3.24823449;"A";"Данные СберИндекса";"Неделя";"Мебель и предметы интерьера";"2";"% г/г";"0"
"2024-07-14";2.02893319;"A";"Данные СберИндекса";"Неделя";"Мебель и предметы интерьера";"2";"% г/г";"0"
"2024-07-21";3.48172632;"A";"Данные СберИндекса";"Неделя";"Мебель и предметы интерьера";"2";"% г/г";"0"
"2024-07-28";3.59485718;"A";"Данные СберИндекса";"Неделя";"Мебель и предметы интерьера";"2";"% г/г";"0"
"2024-08-04";8.15672167;"A";"Данные СберИндекса";"Неделя";"Мебель и предметы интерьера";"2";"% г/г";"0"
"2024-08-11";5.0782974;"A";"Данные СберИндекса";"Неделя";"Мебель и предметы интерьера";"2";"% г/г";"0"
"2024-08-18";4.85827977;"A";"Данные СберИндекса";"Неделя";"Мебель и предметы интерьера";"2";"% г/г";"0"
"2024-08-25";4.74300922;"A";"Данные СберИндекса";"Неделя";"Мебель и предметы интерьера";"2";"% г/г";"0"
"2024-09-01";4.4565399;"A";"Данные СберИндекса";"Неделя";"Мебель и предметы интерьера";"2";"% г/г";"0"
"2024-09-08";3.90545666;"A";"Данные СберИндекса";"Неделя";"Мебель и предметы интерьера";"2";"% г/г";"0"
"2024-09-15";3.33329503;"A";"Данные СберИндекса";"Неделя";"Мебель и предметы интерьера";"2";"% г/г";"0"
"2024-09-22";3.77477871;"A";"Данные СберИндекса";"Неделя";"Мебель и предметы интерьера";"2";"% г/г";"0"
"2024-09-29";4.04006223;"A";"Данные СберИндекса";"Неделя";"Мебель и предметы интерьера";"2";"% г/г";"0"
"2024-10-06";6.08728136;"A";"Данные СберИндекса";"Неделя";"Мебель и предметы интерьера";"2";"% г/г";"0"
"2024-10-13";3.58372747;"A";"Данные СберИндекса";"Неделя";"Мебель и предметы интерьера";"2";"% г/г";"0"
"2024-10-20";6.67802741;"A";"Данные СберИндекса";"Неделя";"Мебель и предметы интерьера";"2";"% г/г";"0"
"2024-10-27";6.18890979;"A";"Данные СберИндекса";"Неделя";"Мебель и предметы интерьера";"2";"% г/г";"0"
"2024-11-03";6.34756455;"A";"Данные СберИндекса";"Неделя";"Мебель и предметы интерьера";"2";"% г/г";"0"
"2024-11-10";6.47171659;"A";"Данные СберИндекса";"Неделя";"Мебель и предметы интерьера";"2";"% г/г";"0"
"2024-11-17";10.47787579;"A";"Данные СберИндекса";"Неделя";"Мебель и предметы интерьера";"2";"% г/г";"0"
"2024-11-24";8.82349507;"A";"Данные СберИндекса";"Неделя";"Мебель и предметы интерьера";"2";"% г/г";"0"
"2024-12-01";17.97257749;"A";"Данные СберИндекса";"Неделя";"Мебель и предметы интерьера";"2";"% г/г";"0"
"2024-12-08";17.47873791;"A";"Данные СберИндекса";"Неделя";"Мебель и предметы интерьера";"2";"% г/г";"0"
"2024-12-15";16.08136486;"A";"Данные СберИндекса";"Неделя";"Мебель и предметы интерьера";"2";"% г/г";"0"
"2024-12-22";11.36641281;"A";"Данные СберИндекса";"Неделя";"Мебель и предметы интерьера";"2";"% г/г";"0"
"2024-12-29";18.34577237;"A";"Данные СберИндекса";"Неделя";"Мебель и предметы интерьера";"2";"% г/г";"0"
"2025-01-05";13.71486937;"A";"Данные СберИндекса";"Неделя";"Мебель и предметы интерьера";"2";"% г/г";"0"
"2025-01-12";6.44517321;"A";"Данные СберИндекса";"Неделя";"Мебель и предметы интерьера";"2";"% г/г";"0"
"2025-01-19";8.63858463;"A";"Данные СберИндекса";"Неделя";"Мебель и предметы интерьера";"2";"% г/г";"0"
"2025-01-26";6.50944909;"A";"Данные СберИндекса";"Неделя";"Мебель и предметы интерьера";"2";"% г/г";"0"
"2025-02-02";6.58745283;"A";"Данные СберИндекса";"Неделя";"Мебель и предметы интерьера";"2";"% г/г";"0"
"2025-02-09";4.0655951;"A";"Данные СберИндекса";"Неделя";"Мебель и предметы интерьера";"2";"% г/г";"0"
"2025-02-16";4.88089635;"A";"Данные СберИндекса";"Неделя";"Мебель и предметы интерьера";"2";"% г/г";"0"
"2025-02-23";4.26474837;"A";"Данные СберИндекса";"Неделя";"Мебель и предметы интерьера";"2";"% г/г";"0"
"2025-03-02";0.71329863;"A";"Данные СберИндекса";"Неделя";"Мебель и предметы интерьера";"2";"% г/г";"0"
"2025-03-09";2.9498411;"A";"Данные СберИндекса";"Неделя";"Мебель и предметы интерьера";"2";"% г/г";"0"
"2025-03-16";4.278557;"A";"Данные СберИндекса";"Неделя";"Мебель и предметы интерьера";"2";"% г/г";"0"
"2025-03-23";2.17500196;"A";"Данные СберИндекса";"Неделя";"Мебель и предметы интерьера";"2";"% г/г";"0"
"2025-03-30";-0.64650005;"A";"Данные СберИндекса";"Неделя";"Мебель и предметы интерьера";"2";"% г/г";"0"
"2025-04-06";-0.06612569;"A";"Данные СберИндекса";"Неделя";"Мебель и предметы интерьера";"2";"% г/г";"0"
"2025-04-13";-0.93124761;"A";"Данные СберИндекса";"Неделя";"Мебель и предметы интерьера";"2";"% г/г";"0"
"2025-04-20";-5.61618822;"A";"Данные СберИндекса";"Неделя";"Мебель и предметы интерьера";"2";"% г/г";"0"
"2025-04-27";-2.1297113;"A";"Данные СберИндекса";"Неделя";"Мебель и предметы интерьера";"2";"% г/г";"0"
"2025-05-04";2.57126238;"A";"Данные СберИндекса";"Неделя";"Мебель и предметы интерьера";"2";"% г/г";"0"
"2025-05-11";-1.68439151;"A";"Данные СберИндекса";"Неделя";"Мебель и предметы интерьера";"2";"% г/г";"0"
"2025-05-18";4.57412757;"A";"Данные СберИндекса";"Неделя";"Мебель и предметы интерьера";"2";"% г/г";"0"
"2025-05-25";1.62467007;"A";"Данные СберИндекса";"Неделя";"Мебель и предметы интерьера";"2";"% г/г";"0"
"2025-06-01";0.7204981;"A";"Данные СберИндекса";"Неделя";"Мебель и предметы интерьера";"2";"% г/г";"0"
"2025-06-08";-3.02709839;"A";"Данные СберИндекса";"Неделя";"Мебель и предметы интерьера";"2";"% г/г";"0"
"2025-06-15";-4.81539728;"A";"Данные СберИндекса";"Неделя";"Мебель и предметы интерьера";"2";"% г/г";"0"
"2025-06-22";-0.99513239;"A";"Данные СберИндекса";"Неделя";"Мебель и предметы интерьера";"2";"% г/г";"0"
"2025-06-29";-2.16502365;"A";"Данные СберИндекса";"Неделя";"Мебель и предметы интерьера";"2";"% г/г";"0"
"2025-07-06";-0.87637467;"A";"Данные СберИндекса";"Неделя";"Мебель и предметы интерьера";"2";"% г/г";"0"
"2025-07-13";-5.61364833;"A";"Данные СберИндекса";"Неделя";"Мебель и предметы интерьера";"2";"% г/г";"0"
"2025-07-20";-4.90402502;"A";"Данные СберИндекса";"Неделя";"Мебель и предметы интерьера";"2";"% г/г";"0"
"2025-07-27";-5.56156218;"A";"Данные СберИндекса";"Неделя";"Мебель и предметы интерьера";"2";"% г/г";"0"
"2025-08-03";-5.6364377;"A";"Данные СберИндекса";"Неделя";"Мебель и предметы интерьера";"2";"% г/г";"0"
"2025-08-10";-5.53417178;"A";"Данные СберИндекса";"Неделя";"Мебель и предметы интерьера";"2";"% г/г";"0"
"2025-08-17";-4.7688299;"A";"Данные СберИндекса";"Неделя";"Мебель и предметы интерьера";"2";"% г/г";"0"
"2025-08-24";-3.93264992;"A";"Данные СберИндекса";"Неделя";"Мебель и предметы интерьера";"2";"% г/г";"0"
"2025-08-31";-4.70247995;"A";"Данные СберИндекса";"Неделя";"Мебель и предметы интерьера";"2";"% г/г";"0"
"2025-09-07";-6.44181986;"A";"Данные СберИндекса";"Неделя";"Мебель и предметы интерьера";"2";"% г/г";"0"
"2025-09-14";-7.20032709;"A";"Данные СберИндекса";"Неделя";"Мебель и предметы интерьера";"2";"% г/г";"0"
"2025-09-21";-5.81689809;"A";"Данные СберИндекса";"Неделя";"Мебель и предметы интерьера";"2";"% г/г";"0"
"2025-09-28";-6.65485801;"A";"Данные СберИндекса";"Неделя";"Мебель и предметы интерьера";"2";"% г/г";"0"
"2025-10-05";-4.20178982;"A";"Данные СберИндекса";"Неделя";"Мебель и предметы интерьера";"2";"% г/г";"0"
"2025-10-12";-4.89773848;"A";"Данные СберИндекса";"Неделя";"Мебель и предметы интерьера";"2";"% г/г";"0"
"2025-10-19";-4.69355391;"A";"Данные СберИндекса";"Неделя";"Мебель и предметы интерьера";"2";"% г/г";"0"
"2025-10-26";-4.3068957;"A";"Данные СберИндекса";"Неделя";"Мебель и предметы интерьера";"2";"% г/г";"0"
"2025-11-02";-4.0680742;"A";"Данные СберИндекса";"Неделя";"Мебель и предметы интерьера";"2";"% г/г";"0"
"2025-11-09";-7.18339733;"A";"Данные СберИндекса";"Неделя";"Мебель и предметы интерьера";"2";"% г/г";"0"
"2025-11-16";-4.84754019;"A";"Данные СберИндекса";"Неделя";"Мебель и предметы интерьера";"2";"% г/г";"0"
"2025-11-23";-4.3904257;"A";"Данные СберИндекса";"Неделя";"Мебель и предметы интерьера";"2";"% г/г";"0"
"2025-11-30";-8.58175469;"A";"Данные СберИндекса";"Неделя";"Мебель и предметы интерьера";"2";"% г/г";"0"
"2025-12-07";-6.93157287;"A";"Данные СберИндекса";"Неделя";"Мебель и предметы интерьера";"2";"% г/г";"0"
"2025-12-14";-7.2975862;"A";"Данные СберИндекса";"Неделя";"Мебель и предметы интерьера";"2";"% г/г";"0"
"2025-12-21";-4.56020391;"A";"Данные СберИндекса";"Неделя";"Мебель и предметы интерьера";"2";"% г/г";"0"
"2025-12-28";-5.14298118;"A";"Данные СберИндекса";"Неделя";"Мебель и предметы интерьера";"2";"% г/г";"0"
"2026-01-04";1.5158167;"A";"Данные СберИндекса";"Неделя";"Мебель и предметы интерьера";"2";"% г/г";"0"
"2026-01-11";-11.52129804;"A";"Данные СберИндекса";"Неделя";"Мебель и предметы интерьера";"2";"% г/г";"0"
"2026-01-18";-14.23110353;"A";"Данные СберИндекса";"Неделя";"Мебель и предметы интерьера";"2";"% г/г";"0"
"2026-01-25";-12.12646588;"A";"Данные СберИндекса";"Неделя";"Мебель и предметы интерьера";"2";"% г/г";"0"
"2026-02-01";-12.49583958;"A";"Данные СберИндекса";"Неделя";"Мебель и предметы интерьера";"2";"% г/г";"0"
"2026-02-08";-12.29848041;"A";"Данные СберИндекса";"Неделя";"Мебель и предметы интерьера";"2";"% г/г";"0"
"2026-02-15";-10.86175259;"A";"Данные СберИндекса";"Неделя";"Мебель и предметы интерьера";"2";"% г/г";"0"
"2026-02-22";-10.52269415;"A";"Данные СберИндекса";"Неделя";"Мебель и предметы интерьера";"2";"% г/г";"0"
"2026-03-01";-8.96007782;"A";"Данные СберИндекса";"Неделя";"Мебель и предметы интерьера";"2";"% г/г";"0"
"2026-03-08";-7.41182629;"A";"Данные СберИндекса";"Неделя";"Мебель и предметы интерьера";"2";"% г/г";"0"
"2026-03-15";-10.0924855;"A";"Данные СберИндекса";"Неделя";"Мебель и предметы интерьера";"2";"% г/г";"0"
"2026-03-22";-10.37449585;"A";"Данные СберИндекса";"Неделя";"Мебель и предметы интерьера";"2";"% г/г";"0"
"2026-03-29";-10.24083159;"A";"Данные СберИндекса";"Неделя";"Мебель и предметы интерьера";"2";"% г/г";"0"
"2026-04-05";-8.97358136;"A";"Данные СберИндекса";"Неделя";"Мебель и предметы интерьера";"2";"% г/г";"0"
"2026-04-12";-13.75930158;"A";"Данные СберИндекса";"Неделя";"Мебель и предметы интерьера";"2";"% г/г";"0"
"2026-04-19";-3.21486963;"A";"Данные СберИндекса";"Неделя";"Мебель и предметы интерьера";"2";"% г/г";"0"
"2026-04-26";-5.30382072;"A";"Данные СберИндекса";"Неделя";"Мебель и предметы интерьера";"2";"% г/г";"0"
"2026-05-03";-6.92396683;"A";"Данные СберИндекса";"Неделя";"Мебель и предметы интерьера";"2";"% г/г";"0"
"2026-05-10";-7.4459429;"A";"Данные СберИндекса";"Неделя";"Мебель и предметы интерьера";"2";"% г/г";"0"
"2026-05-17";-8.13965395;"A";"Данные СберИндекса";"Неделя";"Мебель и предметы интерьера";"2";"% г/г";"0"
"2026-05-24";-11.04097733;"A";"Данные СберИндекса";"Неделя";"Мебель и предметы интерьера";"2";"% г/г";"0"
"2026-05-31";-10.29475691;"A";"Данные СберИндекса";"Неделя";"Мебель и предметы интерьера";"2";"% г/г";"0"
"2026-06-07";-9.64317254;"A";"Данные СберИндекса";"Неделя";"Мебель и предметы интерьера";"2";"% г/г";"0"
"2026-06-14";-7.75091094;"A";"Данные СберИндекса";"Неделя";"Мебель и предметы интерьера";"2";"% г/г";"0"
"2026-06-21";-8.02532515;"A";"Данные СберИндекса";"Неделя";"Мебель и предметы интерьера";"2";"% г/г";"0"
"2026-06-28";-8.09224898;"A";"Данные СберИндекса";"Неделя";"Мебель и предметы интерьера";"2";"% г/г";"0"
"2026-07-05";-7.57774364;"A";"Данные СберИндекса";"Неделя";"Мебель и предметы интерьера";"2";"% г/г";"0"
"2026-07-12";-6.78466167;"A";"Данные СберИндекса";"Неделя";"Мебель и предметы интерьера";"2";"% г/г";"0"
"2026-07-19";-6.79439154;"A";"Данные СберИндекса";"Неделя";"Мебель и предметы интерьера";"2";"% г/г";"0"
"2026-07-26";-6.55420483;"A";"Данные СберИндекса";"Неделя";"Мебель и предметы интерьера";"2";"% г/г";"0"
"2026-08-02";-6.7036283;"A";"Данные СберИндекса";"Неделя";"Мебель и предметы интерьера";"2";"% г/г";"0"
"2026-08-09";-6.6832784;"A";"Данные СберИндекса";"Неделя";"Мебель и предметы интерьера";"2";"% г/г";"0"
"2026-08-16";-5.98007766;"A";"Данные СберИндекса";"Неделя";"Мебель и предметы интерьера";"2";"% г/г";"0"
"2026-08-23";-6.15072807;"A";"Данные СберИндекса";"Неделя";"Мебель и предметы интерьера";"2";"% г/г";"0"
"2026-08-30";-5.85120795;"A";"Данные СберИндекса";"Неделя";"Мебель и предметы интерьера";"2";"% г/г";"0"
"2026-09-06";-4.50615221;"A";"Данные СберИндекса";"Неделя";"Мебель и предметы интерьера";"2";"% г/г";"0"
"2026-09-13";-4.90649189;"A";"Данные СберИндекса";"Неделя";"Мебель и предметы интерьера";"2";"% г/г";"0"
"2026-09-20";-5.62554944;"A";"Данные СберИндекса";"Неделя";"Мебель и предметы интерьера";"2";"% г/г";"0"
"2026-09-27";-5.68927722;"A";"Данные СберИндекса";"Неделя";"Мебель и предметы интерьера";"2";"% г/г";"0"
"2026-10-04";-5.68906757;"A";"Данные СберИндекса";"Неделя";"Мебель и предметы интерьера";"2";"% г/г";"0"
"2023-11-12";9.9689421;"A";"Данные СберИндекса";"Неделя";"Товары для красоты и здоровья";"2";"% г/г";"0"
"2023-11-19";10.18106301;"A";"Данные СберИндекса";"Неделя";"Товары для красоты и здоровья";"2";"% г/г";"0"
"2023-11-26";12.98474568;"A";"Данные СберИндекса";"Неделя";"Товары для красоты и здоровья";"2";"% г/г";"0"
"2023-12-03";13.92455404;"A";"Данные СберИндекса";"Неделя";"Товары для красоты и здоровья";"2";"% г/г";"0"
"2023-12-10";10.65337053;"A";"Данные СберИндекса";"Неделя";"Товары для красоты и здоровья";"2";"% г/г";"0"
"2023-12-17";7.93239433;"A";"Данные СберИндекса";"Неделя";"Товары для красоты и здоровья";"2";"% г/г";"0"
"2023-12-24";7.86983616;"A";"Данные СберИндекса";"Неделя";"Товары для красоты и здоровья";"2";"% г/г";"0"
"2023-12-31";12.48419487;"A";"Данные СберИндекса";"Неделя";"Товары для красоты и здоровья";"2";"% г/г";"0"
"2024-01-07";3.05287697;"A";"Данные СберИндекса";"Неделя";"Товары для красоты и здоровья";"2";"% г/г";"0"
"2024-01-14";7.66312692;"A";"Данные СберИндекса";"Неделя";"Товары для красоты и здоровья";"2";"% г/г";"0"
"2024-01-21";11.76216916;"A";"Данные СберИндекса";"Неделя";"Товары для красоты и здоровья";"2";"% г/г";"0"
"2024-01-28";10.39166287;"A";"Данные СберИндекса";"Неделя";"Товары для красоты и здоровья";"2";"% г/г";"0"
"2024-02-04";11.75444533;"A";"Данные СберИндекса";"Неделя";"Товары для красоты и здоровья";"2";"% г/г";"0"
"2024-02-11";12.59809898;"A";"Данные СберИндекса";"Неделя";"Товары для красоты и здоровья";"2";"% г/г";"0"
"2024-02-18";11.56525243;"A";"Данные СберИндекса";"Неделя";"Товары для красоты и здоровья";"2";"% г/г";"0"
"2024-02-25";16.04423167;"A";"Данные СберИндекса";"Неделя";"Товары для красоты и здоровья";"2";"% г/г";"0"
"2024-03-03";6.96192358;"A";"Данные СберИндекса";"Неделя";"Товары для красоты и здоровья";"2";"% г/г";"0"
"2024-03-10";23.05516395;"A";"Данные СберИндекса";"Неделя";"Товары для красоты и здоровья";"2";"% г/г";"0"
"2024-03-17";13.58277001;"A";"Данные СберИндекса";"Неделя";"Товары для красоты и здоровья";"2";"% г/г";"0"
"2024-03-24";12.42942009;"A";"Данные СберИндекса";"Неделя";"Товары для красоты и здоровья";"2";"% г/г";"0"
"2024-03-31";14.76685508;"A";"Данные СберИндекса";"Неделя";"Товары для красоты и здоровья";"2";"% г/г";"0"
"2024-04-07";11.09189973;"A";"Данные СберИндекса";"Неделя";"Товары для красоты и здоровья";"2";"% г/г";"0"
"2024-04-14";13.29646559;"A";"Данные СберИндекса";"Неделя";"Товары для красоты и здоровья";"2";"% г/г";"0"
"2024-04-21";10.36430688;"A";"Данные СберИндекса";"Неделя";"Товары для красоты и здоровья";"2";"% г/г";"0"
"2024-04-28";9.21394009;"A";"Данные СберИндекса";"Неделя";"Товары для красоты и здоровья";"2";"% г/г";"0"
"2024-05-05";6.96437709;"A";"Данные СберИндекса";"Неделя";"Товары для красоты и здоровья";"2";"% г/г";"0"
"2024-05-12";7.63071071;"A";"Данные СберИндекса";"Неделя";"Товары для красоты и здоровья";"2";"% г/г";"0"
"2024-05-19";7.73511668;"A";"Данные СберИндекса";"Неделя";"Товары для красоты и здоровья";"2";"% г/г";"0"
"2024-05-26";10.86512492;"A";"Данные СберИндекса";"Неделя";"Товары для красоты и здоровья";"2";"% г/г";"0"
"2024-06-02";7.84218932;"A";"Данные СберИндекса";"Неделя";"Товары для красоты и здоровья";"2";"% г/г";"0"
"2024-06-09";6.39081126;"A";"Данные СберИндекса";"Неделя";"Товары для красоты и здоровья";"2";"% г/г";"0"
"2024-06-16";7.98698111;"A";"Данные СберИндекса";"Неделя";"Товары для красоты и здоровья";"2";"% г/г";"0"
"2024-06-23";6.75976754;"A";"Данные СберИндекса";"Неделя";"Товары для красоты и здоровья";"2";"% г/г";"0"
"2024-06-30";6.58999977;"A";"Данные СберИндекса";"Неделя";"Товары для красоты и здоровья";"2";"% г/г";"0"
"2024-07-07";4.8102605;"A";"Данные СберИндекса";"Неделя";"Товары для красоты и здоровья";"2";"% г/г";"0"
"2024-07-14";3.86167933;"A";"Данные СберИндекса";"Неделя";"Товары для красоты и здоровья";"2";"% г/г";"0"
"2024-07-21";6.22677432;"A";"Данные СберИндекса";"Неделя";"Товары для красоты и здоровья";"2";"% г/г";"0"
"2024-07-28";6.2966386;"A";"Данные СберИндекса";"Неделя";"Товары для красоты и здоровья";"2";"% г/г";"0"
"2024-08-04";7.58886229;"A";"Данные СберИндекса";"Неделя";"Товары для красоты и здоровья";"2";"% г/г";"0"
"2024-08-11";9.5019897;"A";"Данные СберИндекса";"Неделя";"Товары для красоты и здоровья";"2";"% г/г";"0"
"2024-08-18";8.30895852;"A";"Данные СберИндекса";"Неделя";"Товары для красоты и здоровья";"2";"% г/г";"0"
"2024-08-25";9.22003527;"A";"Данные СберИндекса";"Неделя";"Товары для красоты и здоровья";"2";"% г/г";"0"
"2024-09-01";8.28432354;"A";"Данные СберИндекса";"Неделя";"Товары для красоты и здоровья";"2";"% г/г";"0"
"2024-09-08";5.33734536;"A";"Данные СберИндекса";"Неделя";"Товары для красоты и здоровья";"2";"% г/г";"0"
"2024-09-15";7.26619329;"A";"Данные СберИндекса";"Неделя";"Товары для красоты и здоровья";"2";"% г/г";"0"
"2024-09-22";3.82922399;"A";"Данные СберИндекса";"Неделя";"Товары для красоты и здоровья";"2";"% г/г";"0"
"2024-09-29";4.44715801;"A";"Данные СберИндекса";"Неделя";"Товары для красоты и здоровья";"2";"% г/г";"0"
"2024-10-06";8.86176708;"A";"Данные СберИндекса";"Неделя";"Товары для красоты и здоровья";"2";"% г/г";"0"
"2024-10-13";3.20616585;"A";"Данные СберИндекса";"Неделя";"Товары для красоты и здоровья";"2";"% г/г";"0"
"2024-10-20";8.77474642;"A";"Данные СберИндекса";"Неделя";"Товары для красоты и здоровья";"2";"% г/г";"0"
"2024-10-27";8.72905737;"A";"Данные СберИндекса";"Неделя";"Товары для красоты и здоровья";"2";"% г/г";"0"
"2024-11-03";7.64825307;"A";"Данные СберИндекса";"Неделя";"Товары для красоты и здоровья";"2";"% г/г";"0"
"2024-11-10";9.64931283;"A";"Данные СберИндекса";"Неделя";"Товары для красоты и здоровья";"2";"% г/г";"0"
"2024-11-17";14.12793157;"A";"Данные СберИндекса";"Неделя";"Товары для красоты и здоровья";"2";"% г/г";"0"
"2024-11-24";10.74732587;"A";"Данные СберИндекса";"Неделя";"Товары для красоты и здоровья";"2";"% г/г";"0"
"2024-12-01";26.95550031;"A";"Данные СберИндекса";"Неделя";"Товары для красоты и здоровья";"2";"% г/г";"0"
"2024-12-08";20.34250056;"A";"Данные СберИндекса";"Неделя";"Товары для красоты и здоровья";"2";"% г/г";"0"
"2024-12-15";14.51862972;"A";"Данные СберИндекса";"Неделя";"Товары для красоты и здоровья";"2";"% г/г";"0"
"2024-12-22";13.17503472;"A";"Данные СберИндекса";"Неделя";"Товары для красоты и здоровья";"2";"% г/г";"0"
"2024-12-29";6.90619235;"A";"Данные СберИндекса";"Неделя";"Товары для красоты и здоровья";"2";"% г/г";"0"
"2025-01-05";37.52300083;"A";"Данные СберИндекса";"Неделя";"Товары для красоты и здоровья";"2";"% г/г";"0"
"2025-01-12";12.12559815;"A";"Данные СберИндекса";"Неделя";"Товары для красоты и здоровья";"2";"% г/г";"0"
"2025-01-19";6.9771146;"A";"Данные СберИндекса";"Неделя";"Товары для красоты и здоровья";"2";"% г/г";"0"
"2025-01-26";8.56641578;"A";"Данные СберИндекса";"Неделя";"Товары для красоты и здоровья";"2";"% г/г";"0"
"2025-02-02";7.40935001;"A";"Данные СберИндекса";"Неделя";"Товары для красоты и здоровья";"2";"% г/г";"0"
"2025-02-09";7.47815463;"A";"Данные СберИндекса";"Неделя";"Товары для красоты и здоровья";"2";"% г/г";"0"
"2025-02-16";11.36302062;"A";"Данные СберИндекса";"Неделя";"Товары для красоты и здоровья";"2";"% г/г";"0"
"2025-02-23";5.06024284;"A";"Данные СберИндекса";"Неделя";"Товары для красоты и здоровья";"2";"% г/г";"0"
"2025-03-02";0.46906285;"A";"Данные СберИндекса";"Неделя";"Товары для красоты и здоровья";"2";"% г/г";"0"
"2025-03-09";4.21268012;"A";"Данные СберИндекса";"Неделя";"Товары для красоты и здоровья";"2";"% г/г";"0"
"2025-03-16";3.2727061;"A";"Данные СберИндекса";"Неделя";"Товары для красоты и здоровья";"2";"% г/г";"0"
"2025-03-23";2.25819748;"A";"Данные СберИндекса";"Неделя";"Товары для красоты и здоровья";"2";"% г/г";"0"
"2025-03-30";2.58748472;"A";"Данные СберИндекса";"Неделя";"Товары для красоты и здоровья";"2";"% г/г";"0"
"2025-04-06";-2.27882974;"A";"Данные СберИндекса";"Неделя";"Товары для красоты и здоровья";"2";"% г/г";"0"
"2025-04-13";-2.23033438;"A";"Данные СберИндекса";"Неделя";"Товары для красоты и здоровья";"2";"% г/г";"0"
"2025-04-20";-3.03622495;"A";"Данные СберИндекса";"Неделя";"Товары для красоты и здоровья";"2";"% г/г";"0"
"2025-04-27";-2.49054573;"A";"Данные СберИндекса";"Неделя";"Товары для красоты и здоровья";"2";"% г/г";"0"
"2025-05-04";3.16417958;"A";"Данные СберИндекса";"Неделя";"Товары для красоты и здоровья";"2";"% г/г";"0"
"2025-05-11";1.55058995;"A";"Данные СберИндекса";"Неделя";"Товары для красоты и здоровья";"2";"% г/г";"0"
"2025-05-18";3.31009106;"A";"Данные СберИндекса";"Неделя";"Товары для красоты и здоровья";"2";"% г/г";"0"
"2025-05-25";-1.09222477;"A";"Данные СберИндекса";"Неделя";"Товары для красоты и здоровья";"2";"% г/г";"0"
"2025-06-01";1.88106469;"A";"Данные СберИндекса";"Неделя";"Товары для красоты и здоровья";"2";"% г/г";"0"
"2025-06-08";-1.18020143;"A";"Данные СберИндекса";"Неделя";"Товары для красоты и здоровья";"2";"% г/г";"0"
"2025-06-15";-2.28455686;"A";"Данные СберИндекса";"Неделя";"Товары для красоты и здоровья";"2";"% г/г";"0"
"2025-06-22";-1.03204125;"A";"Данные СберИндекса";"Неделя";"Товары для красоты и здоровья";"2";"% г/г";"0"
"2025-06-29";-1.50382574;"A";"Данные СберИндекса";"Неделя";"Товары для красоты и здоровья";"2";"% г/г";"0"
"2025-07-06";0.57590996;"A";"Данные СберИндекса";"Неделя";"Товары для красоты и здоровья";"2";"% г/г";"0"
"2025-07-13";-0.65567952;"A";"Данные СберИндекса";"Неделя";"Товары для красоты и здоровья";"2";"% г/г";"0"
"2025-07-20";-1.30438242;"A";"Данные СберИндекса";"Неделя";"Товары для красоты и здоровья";"2";"% г/г";"0"
"2025-07-27";-3.16906276;"A";"Данные СберИндекса";"Неделя";"Товары для красоты и здоровья";"2";"% г/г";"0"
"2025-08-03";-1.77480934;"A";"Данные СберИндекса";"Неделя";"Товары для красоты и здоровья";"2";"% г/г";"0"
"2025-08-10";-0.10418044;"A";"Данные СберИндекса";"Неделя";"Товары для красоты и здоровья";"2";"% г/г";"0"
"2025-08-17";1.0195002;"A";"Данные СберИндекса";"Неделя";"Товары для красоты и здоровья";"2";"% г/г";"0"
"2025-08-24";-0.98260297;"A";"Данные СберИндекса";"Неделя";"Товары для красоты и здоровья";"2";"% г/г";"0"
"2025-08-31";0.66340853;"A";"Данные СберИндекса";"Неделя";"Товары для красоты и здоровья";"2";"% г/г";"0"
"2025-09-07";-4.67565341;"A";"Данные СберИндекса";"Неделя";"Товары для красоты и здоровья";"2";"% г/г";"0"
"2025-09-14";-4.28207167;"A";"Данные СберИндекса";"Неделя";"Товары для красоты и здоровья";"2";"% г/г";"0"
"2025-09-21";-0.4625494;"A";"Данные СберИндекса";"Неделя";"Товары для красоты и здоровья";"2";"% г/г";"0"
"2025-09-28";-3.65886671;"A";"Данные СберИндекса";"Неделя";"Товары для красоты и здоровья";"2";"% г/г";"0"
"2025-10-05";-2.0789036;"A";"Данные СберИндекса";"Неделя";"Товары для красоты и здоровья";"2";"% г/г";"0"
"2025-10-12";-2.13847024;"A";"Данные СберИндекса";"Неделя";"Товары для красоты и здоровья";"2";"% г/г";"0"
"2025-10-19";-5.31080677;"A";"Данные СберИндекса";"Неделя";"Товары для красоты и здоровья";"2";"% г/г";"0"
"2025-10-26";-1.89042305;"A";"Данные СберИндекса";"Неделя";"Товары для красоты и здоровья";"2";"% г/г";"0"
"2025-11-02";-3.19634001;"A";"Данные СберИндекса";"Неделя";"Товары для красоты и здоровья";"2";"% г/г";"0"
"2025-11-09";-4.72740978;"A";"Данные СберИндекса";"Неделя";"Товары для красоты и здоровья";"2";"% г/г";"0"
"2025-11-16";1.02255647;"A";"Данные СберИндекса";"Неделя";"Товары для красоты и здоровья";"2";"% г/г";"0"
"2025-11-23";-5.42185001;"A";"Данные СберИндекса";"Неделя";"Товары для красоты и здоровья";"2";"% г/г";"0"
"2025-11-30";-7.55796477;"A";"Данные СберИндекса";"Неделя";"Товары для красоты и здоровья";"2";"% г/г";"0"
"2025-12-07";-9.89757183;"A";"Данные СберИндекса";"Неделя";"Товары для красоты и здоровья";"2";"% г/г";"0"
"2025-12-14";-9.1314327;"A";"Данные СберИндекса";"Неделя";"Товары для красоты и здоровья";"2";"% г/г";"0"
"2025-12-21";-11.43184514;"A";"Данные СберИндекса";"Неделя";"Товары для красоты и здоровья";"2";"% г/г";"0"
"2025-12-28";-10.855537;"A";"Данные СберИндекса";"Неделя";"Товары для красоты и здоровья";"2";"% г/г";"0"
"2026-01-04";4.12985217;"A";"Данные СберИндекса";"Неделя";"Товары для красоты и здоровья";"2";"% г/г";"0"
"2026-01-11";-6.82821675;"A";"Данные СберИндекса";"Неделя";"Товары для красоты и здоровья";"2";"% г/г";"0"
"2026-01-18";-8.47536139;"A";"Данные СберИндекса";"Неделя";"Товары для красоты и здоровья";"2";"% г/г";"0"
"2026-01-25";-8.67076864;"A";"Данные СберИндекса";"Неделя";"Товары для красоты и здоровья";"2";"% г/г";"0"
"2026-02-01";-7.90374668;"A";"Данные СберИндекса";"Неделя";"Товары для красоты и здоровья";"2";"% г/г";"0"
"2026-02-08";-5.41596975;"A";"Данные СберИндекса";"Неделя";"Товары для красоты и здоровья";"2";"% г/г";"0"
"2026-02-15";-9.59658054;"A";"Данные СберИндекса";"Неделя";"Товары для красоты и здоровья";"2";"% г/г";"0"
"2026-02-22";-10.05792916;"A";"Данные СберИндекса";"Неделя";"Товары для красоты и здоровья";"2";"% г/г";"0"
"2026-03-01";-4.48882211;"A";"Данные СберИндекса";"Неделя";"Товары для красоты и здоровья";"2";"% г/г";"0"
"2026-03-08";-3.90000278;"A";"Данные СберИндекса";"Неделя";"Товары для красоты и здоровья";"2";"% г/г";"0"
"2026-03-15";1.34052995;"A";"Данные СберИндекса";"Неделя";"Товары для красоты и здоровья";"2";"% г/г";"0"
"2026-03-22";-1.81291388;"A";"Данные СберИндекса";"Неделя";"Товары для красоты и здоровья";"2";"% г/г";"0"
"2026-03-29";-3.45554349;"A";"Данные СберИндекса";"Неделя";"Товары для красоты и здоровья";"2";"% г/г";"0"
"2026-04-05";-0.5139628;"A";"Данные СберИндекса";"Неделя";"Товары для красоты и здоровья";"2";"% г/г";"0"
"2026-04-12";-6.56446493;"A";"Данные СберИндекса";"Неделя";"Товары для красоты и здоровья";"2";"% г/г";"0"
"2026-04-19";1.64724203;"A";"Данные СберИндекса";"Неделя";"Товары для красоты и здоровья";"2";"% г/г";"0"
"2026-04-26";4.40686472;"A";"Данные СберИндекса";"Неделя";"Товары для красоты и здоровья";"2";"% г/г";"0"
"2026-05-03";2.68937406;"A";"Данные СберИндекса";"Неделя";"Товары для красоты и здоровья";"2";"% г/г";"0"
"2026-05-10";-0.01014659;"A";"Данные СберИндекса";"Неделя";"Товары для красоты и здоровья";"2";"% г/г";"0"
"2026-05-17";-2.21460411;"A";"Данные СберИндекса";"Неделя";"Товары для красоты и здоровья";"2";"% г/г";"0"
"2026-05-24";4.01336852;"A";"Данные СберИндекса";"Неделя";"Товары для красоты и здоровья";"2";"% г/г";"0"
"2026-05-31";4.03136671;"A";"Данные СберИндекса";"Неделя";"Товары для красоты и здоровья";"2";"% г/г";"0"
"2026-06-07";3.52669007;"A";"Данные СберИндекса";"Неделя";"Товары для красоты и здоровья";"2";"% г/г";"0"
"2026-06-14";2.19904022;"A";"Данные СберИндекса";"Неделя";"Товары для красоты и здоровья";"2";"% г/г";"0"
"2026-06-21";2.15359464;"A";"Данные СберИндекса";"Неделя";"Товары для красоты и здоровья";"2";"% г/г";"0"
"2026-06-28";2.03690119;"A";"Данные СберИндекса";"Неделя";"Товары для красоты и здоровья";"2";"% г/г";"0"
"2026-07-05";1.69481217;"A";"Данные СберИндекса";"Неделя";"Товары для красоты и здоровья";"2";"% г/г";"0"
"2026-07-12";2.01213301;"A";"Данные СберИндекса";"Неделя";"Товары для красоты и здоровья";"2";"% г/г";"0"
"2026-07-19";2.09470009;"A";"Данные СберИндекса";"Неделя";"Товары для красоты и здоровья";"2";"% г/г";"0"
"2026-07-26";2.42476146;"A";"Данные СберИндекса";"Неделя";"Товары для красоты и здоровья";"2";"% г/г";"0"
"2026-08-02";2.03898896;"A";"Данные СберИндекса";"Неделя";"Товары для красоты и здоровья";"2";"% г/г";"0"
"2026-08-09";1.35664468;"A";"Данные СберИндекса";"Неделя";"Товары для красоты и здоровья";"2";"% г/г";"0"
"2026-08-16";1.57519225;"A";"Данные СберИндекса";"Неделя";"Товары для красоты и здоровья";"2";"% г/г";"0"
"2026-08-23";1.62809062;"A";"Данные СберИндекса";"Неделя";"Товары для красоты и здоровья";"2";"% г/г";"0"
"2026-08-30";1.63687684;"A";"Данные СберИндекса";"Неделя";"Товары для красоты и здоровья";"2";"% г/г";"0"
"2026-09-06";2.12017595;"A";"Данные СберИндекса";"Неделя";"Товары для красоты и здоровья";"2";"% г/г";"0"
"2026-09-13";1.74694738;"A";"Данные СберИндекса";"Неделя";"Товары для красоты и здоровья";"2";"% г/г";"0"
"2026-09-20";1.61458731;"A";"Данные СберИндекса";"Неделя";"Товары для красоты и здоровья";"2";"% г/г";"0"
"2026-09-27";1.23193842;"A";"Данные СберИндекса";"Неделя";"Товары для красоты и здоровья";"2";"% г/г";"0"
"2026-10-04";-0.06542033;"A";"Данные СберИндекса";"Неделя";"Товары для красоты и здоровья";"2";"% г/г";"0"
"2023-11-12";19.58295851;"A";"Данные СберИндекса";"Неделя";"Локальный транспорт";"2";"% г/г";"0"
"2023-11-19";22.53750884;"A";"Данные СберИндекса";"Неделя";"Локальный транспорт";"2";"% г/г";"0"
"2023-11-26";24.14920822;"A";"Данные СберИндекса";"Неделя";"Локальный транспорт";"2";"% г/г";"0"
"2023-12-03";24.79023874;"A";"Данные СберИндекса";"Неделя";"Локальный транспорт";"2";"% г/г";"0"
"2023-12-10";22.62704999;"A";"Данные СберИндекса";"Неделя";"Локальный транспорт";"2";"% г/г";"0"
"2023-12-17";21.90499153;"A";"Данные СберИндекса";"Неделя";"Локальный транспорт";"2";"% г/г";"0"
"2023-12-24";21.688547;"A";"Данные СберИндекса";"Неделя";"Локальный транспорт";"2";"% г/г";"0"
"2023-12-31";24.21671516;"A";"Данные СберИндекса";"Неделя";"Локальный транспорт";"2";"% г/г";"0"
"2024-01-07";10.50510765;"A";"Данные СберИндекса";"Неделя";"Локальный транспорт";"2";"% г/г";"0"
"2024-01-14";14.39923907;"A";"Данные СберИндекса";"Неделя";"Локальный транспорт";"2";"% г/г";"0"
"2024-01-21";17.43796316;"A";"Данные СберИндекса";"Неделя";"Локальный транспорт";"2";"% г/г";"0"
"2024-01-28";17.47341311;"A";"Данные СберИндекса";"Неделя";"Локальный транспорт";"2";"% г/г";"0"
"2024-02-04";17.93606435;"A";"Данные СберИндекса";"Неделя";"Локальный транспорт";"2";"% г/г";"0"
"2024-02-11";19.51560751;"A";"Данные СберИндекса";"Неделя";"Локальный транспорт";"2";"% г/г";"0"
"2024-02-18";19.49383402;"A";"Данные СберИндекса";"Неделя";"Локальный транспорт";"2";"% г/г";"0"
"2024-02-25";23.73239295;"A";"Данные СберИндекса";"Неделя";"Локальный транспорт";"2";"% г/г";"0"
"2024-03-03";18.97711477;"A";"Данные СберИндекса";"Неделя";"Локальный транспорт";"2";"% г/г";"0"
"2024-03-10";17.04009146;"A";"Данные СберИндекса";"Неделя";"Локальный транспорт";"2";"% г/г";"0"
"2024-03-17";15.30302151;"A";"Данные СберИндекса";"Неделя";"Локальный транспорт";"2";"% г/г";"0"
"2024-03-24";12.87569883;"A";"Данные СберИндекса";"Неделя";"Локальный транспорт";"2";"% г/г";"0"
"2024-03-31";15.1274392;"A";"Данные СберИндекса";"Неделя";"Локальный транспорт";"2";"% г/г";"0"
"2024-04-07";14.3165609;"A";"Данные СберИндекса";"Неделя";"Локальный транспорт";"2";"% г/г";"0"
"2024-04-14";16.25692616;"A";"Данные СберИндекса";"Неделя";"Локальный транспорт";"2";"% г/г";"0"
"2024-04-21";16.04846169;"A";"Данные СберИндекса";"Неделя";"Локальный транспорт";"2";"% г/г";"0"
"2024-04-28";19.6340134;"A";"Данные СберИндекса";"Неделя";"Локальный транспорт";"2";"% г/г";"0"
"2024-05-05";11.18917493;"A";"Данные СберИндекса";"Неделя";"Локальный транспорт";"2";"% г/г";"0"
"2024-05-12";13.12177686;"A";"Данные СберИндекса";"Неделя";"Локальный транспорт";"2";"% г/г";"0"
"2024-05-19";15.72695206;"A";"Данные СберИндекса";"Неделя";"Локальный транспорт";"2";"% г/г";"0"
"2024-05-26";18.01390508;"A";"Данные СберИндекса";"Неделя";"Локальный транспорт";"2";"% г/г";"0"
"2024-06-02";18.9186042;"A";"Данные СберИндекса";"Неделя";"Локальный транспорт";"2";"% г/г";"0"
"2024-06-09";17.51012555;"A";"Данные СберИндекса";"Неделя";"Локальный транспорт";"2";"% г/г";"0"
"2024-06-16";18.39744187;"A";"Данные СберИндекса";"Неделя";"Локальный транспорт";"2";"% г/г";"0"
"2024-06-23";20.12698618;"A";"Данные СберИндекса";"Неделя";"Локальный транспорт";"2";"% г/г";"0"
"2024-06-30";20.53459929;"A";"Данные СберИндекса";"Неделя";"Локальный транспорт";"2";"% г/г";"0"
"2024-07-07";20.01073682;"A";"Данные СберИндекса";"Неделя";"Локальный транспорт";"2";"% г/г";"0"
"2024-07-14";21.27432933;"A";"Данные СберИндекса";"Неделя";"Локальный транспорт";"2";"% г/г";"0"
"2024-07-21";22.21982358;"A";"Данные СберИндекса";"Неделя";"Локальный транспорт";"2";"% г/г";"0"
"2024-07-28";22.42548331;"A";"Данные СберИндекса";"Неделя";"Локальный транспорт";"2";"% г/г";"0"
"2024-08-04";19.90508046;"A";"Данные СберИндекса";"Неделя";"Локальный транспорт";"2";"% г/г";"0"
"2024-08-11";19.92515002;"A";"Данные СберИндекса";"Неделя";"Локальный транспорт";"2";"% г/г";"0"
"2024-08-18";19.30657317;"A";"Данные СберИндекса";"Неделя";"Локальный транспорт";"2";"% г/г";"0"
"2024-08-25";20.78959595;"A";"Данные СберИндекса";"Неделя";"Локальный транспорт";"2";"% г/г";"0"
"2024-09-01";19.34809254;"A";"Данные СберИндекса";"Неделя";"Локальный транспорт";"2";"% г/г";"0"
"2024-09-08";22.63195653;"A";"Данные СберИндекса";"Неделя";"Локальный транспорт";"2";"% г/г";"0"
"2024-09-15";23.19551224;"A";"Данные СберИндекса";"Неделя";"Локальный транспорт";"2";"% г/г";"0"
"2024-09-22";20.99580551;"A";"Данные СберИндекса";"Неделя";"Локальный транспорт";"2";"% г/г";"0"
"2024-09-29";18.14219537;"A";"Данные СберИндекса";"Неделя";"Локальный транспорт";"2";"% г/г";"0"
"2024-10-06";20.11975597;"A";"Данные СберИндекса";"Неделя";"Локальный транспорт";"2";"% г/г";"0"
"2024-10-13";17.85460299;"A";"Данные СберИндекса";"Неделя";"Локальный транспорт";"2";"% г/г";"0"
"2024-10-20";16.91135795;"A";"Данные СберИндекса";"Неделя";"Локальный транспорт";"2";"% г/г";"0"
"2024-10-27";15.50593867;"A";"Данные СберИндекса";"Неделя";"Локальный транспорт";"2";"% г/г";"0"
"2024-11-03";16.55777947;"A";"Данные СберИндекса";"Неделя";"Локальный транспорт";"2";"% г/г";"0"
"2024-11-10";14.99579159;"A";"Данные СберИндекса";"Неделя";"Локальный транспорт";"2";"% г/г";"0"
"2024-11-17";13.373753;"A";"Данные СберИндекса";"Неделя";"Локальный транспорт";"2";"% г/г";"0"
"2024-11-24";12.43549024;"A";"Данные СберИндекса";"Неделя";"Локальный транспорт";"2";"% г/г";"0"
"2024-12-01";13.3988772;"A";"Данные СберИндекса";"Неделя";"Локальный транспорт";"2";"% г/г";"0"
"2024-12-08";16.19847722;"A";"Данные СберИндекса";"Неделя";"Локальный транспорт";"2";"% г/г";"0"
"2024-12-15";15.56945712;"A";"Данные СберИндекса";"Неделя";"Локальный транспорт";"2";"% г/г";"0"
"2024-12-22";15.25757109;"A";"Данные СберИндекса";"Неделя";"Локальный транспорт";"2";"% г/г";"0"
"2024-12-29";20.36621081;"A";"Данные СберИндекса";"Неделя";"Локальный транспорт";"2";"% г/г";"0"
"2025-01-05";24.08767833;"A";"Данные СберИндекса";"Неделя";"Локальный транспорт";"2";"% г/г";"0"
"2025-01-12";13.32946144;"A";"Данные СберИндекса";"Неделя";"Локальный транспорт";"2";"% г/г";"0"
"2025-01-19";19.90444631;"A";"Данные СберИндекса";"Неделя";"Локальный транспорт";"2";"% г/г";"0"
"2025-01-26";18.15485334;"A";"Данные СберИндекса";"Неделя";"Локальный транспорт";"2";"% г/г";"0"
"2025-02-02";17.68521522;"A";"Данные СберИндекса";"Неделя";"Локальный транспорт";"2";"% г/г";"0"
"2025-02-09";12.72922252;"A";"Данные СберИндекса";"Неделя";"Локальный транспорт";"2";"% г/г";"0"
"2025-02-16";16.04002647;"A";"Данные СберИндекса";"Неделя";"Локальный транспорт";"2";"% г/г";"0"
"2025-02-23";16.21001738;"A";"Данные СберИндекса";"Неделя";"Локальный транспорт";"2";"% г/г";"0"
"2025-03-02";14.45580976;"A";"Данные СберИндекса";"Неделя";"Локальный транспорт";"2";"% г/г";"0"
"2025-03-09";17.22307627;"A";"Данные СберИндекса";"Неделя";"Локальный транспорт";"2";"% г/г";"0"
"2025-03-16";16.93631684;"A";"Данные СберИндекса";"Неделя";"Локальный транспорт";"2";"% г/г";"0"
"2025-03-23";17.96557984;"A";"Данные СберИндекса";"Неделя";"Локальный транспорт";"2";"% г/г";"0"
"2025-03-30";17.1879592;"A";"Данные СберИндекса";"Неделя";"Локальный транспорт";"2";"% г/г";"0"
"2025-04-06";15.6386375;"A";"Данные СберИндекса";"Неделя";"Локальный транспорт";"2";"% г/г";"0"
"2025-04-13";13.16009613;"A";"Данные СберИндекса";"Неделя";"Локальный транспорт";"2";"% г/г";"0"
"2025-04-20";15.20717664;"A";"Данные СберИндекса";"Неделя";"Локальный транспорт";"2";"% г/г";"0"
"2025-04-27";11.18872187;"A";"Данные СберИндекса";"Неделя";"Локальный транспорт";"2";"% г/г";"0"
"2025-05-04";15.25013706;"A";"Данные СберИндекса";"Неделя";"Локальный транспорт";"2";"% г/г";"0"
"2025-05-11";11.74570168;"A";"Данные СберИндекса";"Неделя";"Локальный транспорт";"2";"% г/г";"0"
"2025-05-18";11.87712553;"A";"Данные СберИндекса";"Неделя";"Локальный транспорт";"2";"% г/г";"0"
"2025-05-25";10.4708825;"A";"Данные СберИндекса";"Неделя";"Локальный транспорт";"2";"% г/г";"0"
"2025-06-01";10.43749958;"A";"Данные СберИндекса";"Неделя";"Локальный транспорт";"2";"% г/г";"0"
"2025-06-08";9.63853096;"A";"Данные СберИндекса";"Неделя";"Локальный транспорт";"2";"% г/г";"0"
"2025-06-15";5.99531925;"A";"Данные СберИндекса";"Неделя";"Локальный транспорт";"2";"% г/г";"0"
"2025-06-22";8.61615132;"A";"Данные СберИндекса";"Неделя";"Локальный транспорт";"2";"% г/г";"0"
"2025-06-29";7.32981998;"A";"Данные СберИндекса";"Неделя";"Локальный транспорт";"2";"% г/г";"0"
"2025-07-06";7.58994484;"A";"Данные СберИндекса";"Неделя";"Локальный транспорт";"2";"% г/г";"0"
"2025-07-13";5.68763371;"A";"Данные СберИндекса";"Неделя";"Локальный транспорт";"2";"% г/г";"0"
"2025-07-20";7.58113841;"A";"Данные СберИндекса";"Неделя";"Локальный транспорт";"2";"% г/г";"0"
"2025-07-27";6.20832569;"A";"Данные СберИндекса";"Неделя";"Локальный транспорт";"2";"% г/г";"0"
"2025-08-03";5.61888912;"A";"Данные СберИндекса";"Неделя";"Локальный транспорт";"2";"% г/г";"0"
"2025-08-10";5.17659739;"A";"Данные СберИндекса";"Неделя";"Локальный транспорт";"2";"% г/г";"0"
"2025-08-17";5.88785454;"A";"Данные СберИндекса";"Неделя";"Локальный транспорт";"2";"% г/г";"0"
"2025-08-24";4.50895519;"A";"Данные СберИндекса";"Неделя";"Локальный транспорт";"2";"% г/г";"0"
"2025-08-31";5.28597313;"A";"Данные СберИндекса";"Неделя";"Локальный транспорт";"2";"% г/г";"0"
"2025-09-07";4.71597062;"A";"Данные СберИндекса";"Неделя";"Локальный транспорт";"2";"% г/г";"0"
"2025-09-14";3.97729599;"A";"Данные СберИндекса";"Неделя";"Локальный транспорт";"2";"% г/г";"0"
"2025-09-21";5.75766914;"A";"Данные СберИндекса";"Неделя";"Локальный транспорт";"2";"% г/г";"0"
"2025-09-28";6.44451628;"A";"Данные СберИндекса";"Неделя";"Локальный транспорт";"2";"% г/г";"0"
"2025-10-05";7.25529008;"A";"Данные СберИндекса";"Неделя";"Локальный транспорт";"2";"% г/г";"0"
"2025-10-12";6.52918533;"A";"Данные СберИндекса";"Неделя";"Локальный транспорт";"2";"% г/г";"0"
"2025-10-19";7.13439311;"A";"Данные СберИндекса";"Неделя";"Локальный транспорт";"2";"% г/г";"0"
"2025-10-26";7.87435249;"A";"Данные СберИндекса";"Неделя";"Локальный транспорт";"2";"% г/г";"0"
"2025-11-02";6.78243285;"A";"Данные СберИндекса";"Неделя";"Локальный транспорт";"2";"% г/г";"0"
"2025-11-09";1.22485066;"A";"Данные СберИндекса";"Неделя";"Локальный транспорт";"2";"% г/г";"0"
"2025-11-16";5.97754815;"A";"Данные СберИндекса";"Неделя";"Локальный транспорт";"2";"% г/г";"0"
"2025-11-23";6.18998891;"A";"Данные СберИндекса";"Неделя";"Локальный транспорт";"2";"% г/г";"0"
"2025-11-30";5.9228241;"A";"Данные СберИндекса";"Неделя";"Локальный транспорт";"2";"% г/г";"0"
"2025-12-07";6.85134315;"A";"Данные СберИндекса";"Неделя";"Локальный транспорт";"2";"% г/г";"0"
"2025-12-14";4.60941007;"A";"Данные СберИндекса";"Неделя";"Локальный транспорт";"2";"% г/г";"0"
"2025-12-21";5.32636236;"A";"Данные СберИндекса";"Неделя";"Локальный транспорт";"2";"% г/г";"0"
"2025-12-28";5.51948357;"A";"Данные СберИндекса";"Неделя";"Локальный транспорт";"2";"% г/г";"0"
"2026-01-04";15.02028982;"A";"Данные СберИндекса";"Неделя";"Локальный транспорт";"2";"% г/г";"0"
"2026-01-11";0.17967263;"A";"Данные СберИндекса";"Неделя";"Локальный транспорт";"2";"% г/г";"0"
"2026-01-18";8.2008511;"A";"Данные СберИндекса";"Неделя";"Локальный транспорт";"2";"% г/г";"0"
"2026-01-25";6.34146591;"A";"Данные СберИндекса";"Неделя";"Локальный транспорт";"2";"% г/г";"0"
"2026-02-01";6.8913081;"A";"Данные СберИндекса";"Неделя";"Локальный транспорт";"2";"% г/г";"0"
"2026-02-08";4.34014852;"A";"Данные СберИндекса";"Неделя";"Локальный транспорт";"2";"% г/г";"0"
"2026-02-15";10.08750259;"A";"Данные СберИндекса";"Неделя";"Локальный транспорт";"2";"% г/г";"0"
"2026-02-22";11.19193309;"A";"Данные СберИндекса";"Неделя";"Локальный транспорт";"2";"% г/г";"0"
"2026-03-01";7.80134845;"A";"Данные СберИндекса";"Неделя";"Локальный транспорт";"2";"% г/г";"0"
"2026-03-08";9.1357622;"A";"Данные СберИндекса";"Неделя";"Локальный транспорт";"2";"% г/г";"0"
"2026-03-15";7.98882341;"A";"Данные СберИндекса";"Неделя";"Локальный транспорт";"2";"% г/г";"0"
"2026-03-22";11.26008199;"A";"Данные СберИндекса";"Неделя";"Локальный транспорт";"2";"% г/г";"0"
"2026-03-29";10.38949319;"A";"Данные СберИндекса";"Неделя";"Локальный транспорт";"2";"% г/г";"0"
"2026-04-05";10.14235745;"A";"Данные СберИндекса";"Неделя";"Локальный транспорт";"2";"% г/г";"0"
"2026-04-12";3.92234231;"A";"Данные СберИндекса";"Неделя";"Локальный транспорт";"2";"% г/г";"0"
"2026-04-19";8.94553598;"A";"Данные СберИндекса";"Неделя";"Локальный транспорт";"2";"% г/г";"0"
"2026-04-26";7.68532854;"A";"Данные СберИндекса";"Неделя";"Локальный транспорт";"2";"% г/г";"0"
"2026-05-03";12.42891527;"A";"Данные СберИндекса";"Неделя";"Локальный транспорт";"2";"% г/г";"0"
"2026-05-10";14.7266525;"A";"Данные СберИндекса";"Неделя";"Локальный транспорт";"2";"% г/г";"0"
"2026-05-17";5.75032103;"A";"Данные СберИндекса";"Неделя";"Локальный транспорт";"2";"% г/г";"0"
"2026-05-24";13.09998798;"A";"Данные СберИндекса";"Неделя";"Локальный транспорт";"2";"% г/г";"0"
"2026-05-31";12.67557872;"A";"Данные СберИндекса";"Неделя";"Локальный транспорт";"2";"% г/г";"0"
"2026-06-07";11.85937686;"A";"Данные СберИндекса";"Неделя";"Локальный транспорт";"2";"% г/г";"0"
"2026-06-14";14.52167889;"A";"Данные СберИндекса";"Неделя";"Локальный транспорт";"2";"% г/г";"0"
"2026-06-21";14.48194074;"A";"Данные СберИндекса";"Неделя";"Локальный транспорт";"2";"% г/г";"0"
"2026-06-28";14.78418461;"A";"Данные СберИндекса";"Неделя";"Локальный транспорт";"2";"% г/г";"0"
"2026-07-05";15.05693657;"A";"Данные СберИндекса";"Неделя";"Локальный транспорт";"2";"% г/г";"0"
"2026-07-12";14.83797071;"A";"Данные СберИндекса";"Неделя";"Локальный транспорт";"2";"% г/г";"0"
"2026-07-19";15.16921141;"A";"Данные СберИндекса";"Неделя";"Локальный транспорт";"2";"% г/г";"0"
"2026-07-26";14.699574;"A";"Данные СберИндекса";"Неделя";"Локальный транспорт";"2";"% г/г";"0"
"2026-08-02";14.43232154;"A";"Данные СберИндекса";"Неделя";"Локальный транспорт";"2";"% г/г";"0"
"2026-08-09";13.58483322;"A";"Данные СберИндекса";"Неделя";"Локальный транспорт";"2";"% г/г";"0"
"2026-08-16";16.61700454;"A";"Данные СберИндекса";"Неделя";"Локальный транспорт";"2";"% г/г";"0"
"2026-08-23";17.237593;"A";"Данные СберИндекса";"Неделя";"Локальный транспорт";"2";"% г/г";"0"
"2026-08-30";17.27569;"A";"Данные СберИндекса";"Неделя";"Локальный транспорт";"2";"% г/г";"0"
"2026-09-06";16.84796609;"A";"Данные СберИндекса";"Неделя";"Локальный транспорт";"2";"% г/г";"0"
"2026-09-13";16.21995126;"A";"Данные СберИндекса";"Неделя";"Локальный транспорт";"2";"% г/г";"0"
"2026-09-20";15.71204787;"A";"Данные СберИндекса";"Неделя";"Локальный транспорт";"2";"% г/г";"0"
"2026-09-27";14.89061796;"A";"Данные СберИндекса";"Неделя";"Локальный транспорт";"2";"% г/г";"0"
"2026-10-04";14.4469627;"A";"Данные СберИндекса";"Неделя";"Локальный транспорт";"2";"% г/г";"0"
"2023-11-12";42.97017297;"A";"Данные СберИндекса";"Неделя";"Развлечения";"2";"% г/г";"0"
"2023-11-19";39.9661352;"A";"Данные СберИндекса";"Неделя";"Развлечения";"2";"% г/г";"0"
"2023-11-26";35.60793432;"A";"Данные СберИндекса";"Неделя";"Развлечения";"2";"% г/г";"0"
"2023-12-03";34.18779595;"A";"Данные СберИндекса";"Неделя";"Развлечения";"2";"% г/г";"0"
"2023-12-10";30.36522548;"A";"Данные СберИндекса";"Неделя";"Развлечения";"2";"% г/г";"0"
"2023-12-17";30.19636066;"A";"Данные СберИндекса";"Неделя";"Развлечения";"2";"% г/г";"0"
"2023-12-24";26.61395529;"A";"Данные СберИндекса";"Неделя";"Развлечения";"2";"% г/г";"0"
"2023-12-31";24.40927899;"A";"Данные СберИндекса";"Неделя";"Развлечения";"2";"% г/г";"0"
"2024-01-07";18.7064143;"A";"Данные СберИндекса";"Неделя";"Развлечения";"2";"% г/г";"0"
"2024-01-14";21.71638302;"A";"Данные СберИндекса";"Неделя";"Развлечения";"2";"% г/г";"0"
"2024-01-21";20.05460546;"A";"Данные СберИндекса";"Неделя";"Развлечения";"2";"% г/г";"0"
"2024-01-28";19.21379328;"A";"Данные СберИндекса";"Неделя";"Развлечения";"2";"% г/г";"0"
"2024-02-04";22.05667606;"A";"Данные СберИндекса";"Неделя";"Развлечения";"2";"% г/г";"0"
"2024-02-11";25.24854159;"A";"Данные СберИндекса";"Неделя";"Развлечения";"2";"% г/г";"0"
"2024-02-18";22.05208178;"A";"Данные СберИндекса";"Неделя";"Развлечения";"2";"% г/г";"0"
"2024-02-25";21.18782173;"A";"Данные СберИндекса";"Неделя";"Развлечения";"2";"% г/г";"0"
"2024-03-03";17.39539302;"A";"Данные СберИндекса";"Неделя";"Развлечения";"2";"% г/г";"0"
"2024-03-10";20.62348264;"A";"Данные СберИндекса";"Неделя";"Развлечения";"2";"% г/г";"0"
"2024-03-17";11.80993083;"A";"Данные СберИндекса";"Неделя";"Развлечения";"2";"% г/г";"0"
"2024-03-24";-4.17619428;"A";"Данные СберИндекса";"Неделя";"Развлечения";"2";"% г/г";"0"
"2024-03-31";-9.44162382;"A";"Данные СберИндекса";"Неделя";"Развлечения";"2";"% г/г";"0"
"2024-04-07";3.52883019;"A";"Данные СберИндекса";"Неделя";"Развлечения";"2";"% г/г";"0"
"2024-04-14";14.86263046;"A";"Данные СберИндекса";"Неделя";"Развлечения";"2";"% г/г";"0"
"2024-04-21";8.67230236;"A";"Данные СберИндекса";"Неделя";"Развлечения";"2";"% г/г";"0"
"2024-04-28";7.87041738;"A";"Данные СберИндекса";"Неделя";"Развлечения";"2";"% г/г";"0"
"2024-05-05";15.34513252;"A";"Данные СберИндекса";"Неделя";"Развлечения";"2";"% г/г";"0"
"2024-05-12";17.32410651;"A";"Данные СберИндекса";"Неделя";"Развлечения";"2";"% г/г";"0"
"2024-05-19";13.61630233;"A";"Данные СберИндекса";"Неделя";"Развлечения";"2";"% г/г";"0"
"2024-05-26";17.40452282;"A";"Данные СберИндекса";"Неделя";"Развлечения";"2";"% г/г";"0"
"2024-06-02";18.8133398;"A";"Данные СберИндекса";"Неделя";"Развлечения";"2";"% г/г";"0"
"2024-06-09";14.17911012;"A";"Данные СберИндекса";"Неделя";"Развлечения";"2";"% г/г";"0"
"2024-06-16";19.97902764;"A";"Данные СберИндекса";"Неделя";"Развлечения";"2";"% г/г";"0"
"2024-06-23";22.65878332;"A";"Данные СберИндекса";"Неделя";"Развлечения";"2";"% г/г";"0"
"2024-06-30";20.4381225;"A";"Данные СберИндекса";"Неделя";"Развлечения";"2";"% г/г";"0"
"2024-07-07";16.51431754;"A";"Данные СберИндекса";"Неделя";"Развлечения";"2";"% г/г";"0"
"2024-07-14";18.26913483;"A";"Данные СберИндекса";"Неделя";"Развлечения";"2";"% г/г";"0"
"2024-07-21";17.91712259;"A";"Данные СберИндекса";"Неделя";"Развлечения";"2";"% г/г";"0"
"2024-07-28";18.27863154;"A";"Данные СберИндекса";"Неделя";"Развлечения";"2";"% г/г";"0"
"2024-08-04";18.70745383;"A";"Данные СберИндекса";"Неделя";"Развлечения";"2";"% г/г";"0"
"2024-08-11";20.42680358;"A";"Данные СберИндекса";"Неделя";"Развлечения";"2";"% г/г";"0"
"2024-08-18";19.22652218;"A";"Данные СберИндекса";"Неделя";"Развлечения";"2";"% г/г";"0"
"2024-08-25";23.68622339;"A";"Данные СберИндекса";"Неделя";"Развлечения";"2";"% г/г";"0"
"2024-09-01";20.65696758;"A";"Данные СберИндекса";"Неделя";"Развлечения";"2";"% г/г";"0"
"2024-09-08";16.2914772;"A";"Данные СберИндекса";"Неделя";"Развлечения";"2";"% г/г";"0"
"2024-09-15";15.24566652;"A";"Данные СберИндекса";"Неделя";"Развлечения";"2";"% г/г";"0"
"2024-09-22";14.57722481;"A";"Данные СберИндекса";"Неделя";"Развлечения";"2";"% г/г";"0"
"2024-09-29";11.89505434;"A";"Данные СберИндекса";"Неделя";"Развлечения";"2";"% г/г";"0"
"2024-10-06";13.93841486;"A";"Данные СберИндекса";"Неделя";"Развлечения";"2";"% г/г";"0"
"2024-10-13";13.71363406;"A";"Данные СберИндекса";"Неделя";"Развлечения";"2";"% г/г";"0"
"2024-10-20";14.94524454;"A";"Данные СберИндекса";"Неделя";"Развлечения";"2";"% г/г";"0"
"2024-10-27";14.17939501;"A";"Данные СберИндекса";"Неделя";"Развлечения";"2";"% г/г";"0"
"2024-11-03";9.22263328;"A";"Данные СберИндекса";"Неделя";"Развлечения";"2";"% г/г";"0"
"2024-11-10";7.37978308;"A";"Данные СберИндекса";"Неделя";"Развлечения";"2";"% г/г";"0"
"2024-11-17";9.17264495;"A";"Данные СберИндекса";"Неделя";"Развлечения";"2";"% г/г";"0"
"2024-11-24";11.92170092;"A";"Данные СберИндекса";"Неделя";"Развлечения";"2";"% г/г";"0"
"2024-12-01";15.14942194;"A";"Данные СберИндекса";"Неделя";"Развлечения";"2";"% г/г";"0"
"2024-12-08";24.26038139;"A";"Данные СберИндекса";"Неделя";"Развлечения";"2";"% г/г";"0"
"2024-12-15";24.73930622;"A";"Данные СберИндекса";"Неделя";"Развлечения";"2";"% г/г";"0"
"2024-12-22";23.21802848;"A";"Данные СберИндекса";"Неделя";"Развлечения";"2";"% г/г";"0"
"2024-12-29";21.02942089;"A";"Данные СберИндекса";"Неделя";"Развлечения";"2";"% г/г";"0"
"2025-01-05";24.05408771;"A";"Данные СберИндекса";"Неделя";"Развлечения";"2";"% г/г";"0"
"2025-01-12";36.58042193;"A";"Данные СберИндекса";"Неделя";"Развлечения";"2";"% г/г";"0"
"2025-01-19";22.01836071;"A";"Данные СберИндекса";"Неделя";"Развлечения";"2";"% г/г";"0"
"2025-01-26";20.78809742;"A";"Данные СберИндекса";"Неделя";"Развлечения";"2";"% г/г";"0"
"2025-02-02";16.55793483;"A";"Данные СберИндекса";"Неделя";"Развлечения";"2";"% г/г";"0"
"2025-02-09";13.97326807;"A";"Данные СберИндекса";"Неделя";"Развлечения";"2";"% г/г";"0"
"2025-02-16";19.10513417;"A";"Данные СберИндекса";"Неделя";"Развлечения";"2";"% г/г";"0"
"2025-02-23";10.9410698;"A";"Данные СберИндекса";"Неделя";"Развлечения";"2";"% г/г";"0"
"2025-03-02";12.15699489;"A";"Данные СберИндекса";"Неделя";"Развлечения";"2";"% г/г";"0"
"2025-03-09";15.11174733;"A";"Данные СберИндекса";"Неделя";"Развлечения";"2";"% г/г";"0"
"2025-03-16";23.55777333;"A";"Данные СберИндекса";"Неделя";"Развлечения";"2";"% г/г";"0"
"2025-03-23";42.76132178;"A";"Данные СберИндекса";"Неделя";"Развлечения";"2";"% г/г";"0"
"2025-03-30";61.55318209;"A";"Данные СберИндекса";"Неделя";"Развлечения";"2";"% г/г";"0"
"2025-04-06";42.34622786;"A";"Данные СберИндекса";"Неделя";"Развлечения";"2";"% г/г";"0"
"2025-04-13";34.60251465;"A";"Данные СберИндекса";"Неделя";"Развлечения";"2";"% г/г";"0"
"2025-04-20";26.94872916;"A";"Данные СберИндекса";"Неделя";"Развлечения";"2";"% г/г";"0"
"2025-04-27";29.84833322;"A";"Данные СберИндекса";"Неделя";"Развлечения";"2";"% г/г";"0"
"2025-05-04";33.81408229;"A";"Данные СберИндекса";"Неделя";"Развлечения";"2";"% г/г";"0"
"2025-05-11";25.67129006;"A";"Данные СберИндекса";"Неделя";"Развлечения";"2";"% г/г";"0"
"2025-05-18";27.58292148;"A";"Данные СберИндекса";"Неделя";"Развлечения";"2";"% г/г";"0"
"2025-05-25";26.05801557;"A";"Данные СберИндекса";"Неделя";"Развлечения";"2";"% г/г";"0"
"2025-06-01";25.29483784;"A";"Данные СберИндекса";"Неделя";"Развлечения";"2";"% г/г";"0"
"2025-06-08";23.77023645;"A";"Данные СберИндекса";"Неделя";"Развлечения";"2";"% г/г";"0"
"2025-06-15";26.53804361;"A";"Данные СберИндекса";"Неделя";"Развлечения";"2";"% г/г";"0"
"2025-06-22";21.24313653;"A";"Данные СберИндекса";"Неделя";"Развлечения";"2";"% г/г";"0"
"2025-06-29";21.17584967;"A";"Данные СберИндекса";"Неделя";"Развлечения";"2";"% г/г";"0"
"2025-07-06";16.54129867;"A";"Данные СберИндекса";"Неделя";"Развлечения";"2";"% г/г";"0"
"2025-07-13";13.47198277;"A";"Данные СберИндекса";"Неделя";"Развлечения";"2";"% г/г";"0"
"2025-07-20";15.28363772;"A";"Данные СберИндекса";"Неделя";"Развлечения";"2";"% г/г";"0"
"2025-07-27";15.70364544;"A";"Данные СберИндекса";"Неделя";"Развлечения";"2";"% г/г";"0"
"2025-08-03";13.80642461;"A";"Данные СберИндекса";"Неделя";"Развлечения";"2";"% г/г";"0"
"2025-08-10";13.22052579;"A";"Данные СберИндекса";"Неделя";"Развлечения";"2";"% г/г";"0"
"2025-08-17";15.01114447;"A";"Данные СберИндекса";"Неделя";"Развлечения";"2";"% г/г";"0"
"2025-08-24";12.2141209;"A";"Данные СберИндекса";"Неделя";"Развлечения";"2";"% г/г";"0"
"2025-08-31";14.20257557;"A";"Данные СберИндекса";"Неделя";"Развлечения";"2";"% г/г";"0"
"2025-09-07";18.58916166;"A";"Данные СберИндекса";"Неделя";"Развлечения";"2";"% г/г";"0"
"2025-09-14";16.84248131;"A";"Данные СберИндекса";"Неделя";"Развлечения";"2";"% г/г";"0"
"2025-09-21";18.93538298;"A";"Данные СберИндекса";"Неделя";"Развлечения";"2";"% г/г";"0"
"2025-09-28";19.20095272;"A";"Данные СберИндекса";"Неделя";"Развлечения";"2";"% г/г";"0"
"2025-10-05";18.74156351;"A";"Данные СберИндекса";"Неделя";"Развлечения";"2";"% г/г";"0"
"2025-10-12";20.36726628;"A";"Данные СберИндекса";"Неделя";"Развлечения";"2";"% г/г";"0"
"2025-10-19";19.40676474;"A";"Данные СберИндекса";"Неделя";"Развлечения";"2";"% г/г";"0"
"2025-10-26";22.29692438;"A";"Данные СберИндекса";"Неделя";"Развлечения";"2";"% г/г";"0"
"2025-11-02";19.85984073;"A";"Данные СберИндекса";"Неделя";"Развлечения";"2";"% г/г";"0"
"2025-11-09";20.04815073;"A";"Данные СберИндекса";"Неделя";"Развлечения";"2";"% г/г";"0"
"2025-11-16";22.42875428;"A";"Данные СберИндекса";"Неделя";"Развлечения";"2";"% г/г";"0"
"2025-11-23";21.14306452;"A";"Данные СберИндекса";"Неделя";"Развлечения";"2";"% г/г";"0"
"2025-11-30";16.449079;"A";"Данные СберИндекса";"Неделя";"Развлечения";"2";"% г/г";"0"
"2025-12-07";16.28756081;"A";"Данные СберИндекса";"Неделя";"Развлечения";"2";"% г/г";"0"
"2025-12-14";16.25045145;"A";"Данные СберИндекса";"Неделя";"Развлечения";"2";"% г/г";"0"
"2025-12-21";12.95865018;"A";"Данные СберИндекса";"Неделя";"Развлечения";"2";"% г/г";"0"
"2025-12-28";8.3020211;"A";"Данные СберИндекса";"Неделя";"Развлечения";"2";"% г/г";"0"
"2026-01-04";9.22893109;"A";"Данные СберИндекса";"Неделя";"Развлечения";"2";"% г/г";"0"
"2026-01-11";28.31476186;"A";"Данные СберИндекса";"Неделя";"Развлечения";"2";"% г/г";"0"
"2026-01-18";9.43693473;"A";"Данные СберИндекса";"Неделя";"Развлечения";"2";"% г/г";"0"
"2026-01-25";9.75792166;"A";"Данные СберИндекса";"Неделя";"Развлечения";"2";"% г/г";"0"
"2026-02-01";7.74165759;"A";"Данные СберИндекса";"Неделя";"Развлечения";"2";"% г/г";"0"
"2026-02-08";6.87659074;"A";"Данные СберИндекса";"Неделя";"Развлечения";"2";"% г/г";"0"
"2026-02-15";9.52120596;"A";"Данные СберИндекса";"Неделя";"Развлечения";"2";"% г/г";"0"
"2026-02-22";11.38040822;"A";"Данные СберИндекса";"Неделя";"Развлечения";"2";"% г/г";"0"
"2026-03-01";17.46478338;"A";"Данные СберИндекса";"Неделя";"Развлечения";"2";"% г/г";"0"
"2026-03-08";16.83708655;"A";"Данные СберИндекса";"Неделя";"Развлечения";"2";"% г/г";"0"
"2026-03-15";12.13528721;"A";"Данные СберИндекса";"Неделя";"Развлечения";"2";"% г/г";"0"
"2026-03-22";7.30305584;"A";"Данные СберИндекса";"Неделя";"Развлечения";"2";"% г/г";"0"
"2026-03-29";6.32478183;"A";"Данные СберИндекса";"Неделя";"Развлечения";"2";"% г/г";"0"
"2026-04-05";15.57459603;"A";"Данные СберИндекса";"Неделя";"Развлечения";"2";"% г/г";"0"
"2026-04-12";-1.40934384;"A";"Данные СберИндекса";"Неделя";"Развлечения";"2";"% г/г";"0"
"2026-04-19";12.82614539;"A";"Данные СберИндекса";"Неделя";"Развлечения";"2";"% г/г";"0"
"2026-04-26";9.45311168;"A";"Данные СберИндекса";"Неделя";"Развлечения";"2";"% г/г";"0"
"2026-05-03";2.28044944;"A";"Данные СберИндекса";"Неделя";"Развлечения";"2";"% г/г";"0"
"2026-05-10";-0.68391711;"A";"Данные СберИндекса";"Неделя";"Развлечения";"2";"% г/г";"0"
"2026-05-17";5.94354402;"A";"Данные СберИндекса";"Неделя";"Развлечения";"2";"% г/г";"0"
"2026-05-24";4.10544616;"A";"Данные СберИндекса";"Неделя";"Развлечения";"2";"% г/г";"0"
"2026-05-31";4.14592623;"A";"Данные СберИндекса";"Неделя";"Развлечения";"2";"% г/г";"0"
"2026-06-07";6.07417138;"A";"Данные СберИндекса";"Неделя";"Развлечения";"2";"% г/г";"0"
"2026-06-14";2.17421773;"A";"Данные СберИндекса";"Неделя";"Развлечения";"2";"% г/г";"0"
"2026-06-21";2.7194202;"A";"Данные СберИндекса";"Неделя";"Развлечения";"2";"% г/г";"0"
"2026-06-28";1.72295676;"A";"Данные СберИндекса";"Неделя";"Развлечения";"2";"% г/г";"0"
"2026-07-05";1.22007639;"A";"Данные СберИндекса";"Неделя";"Развлечения";"2";"% г/г";"0"
"2026-07-12";5.76172189;"A";"Данные СберИндекса";"Неделя";"Развлечения";"2";"% г/г";"0"
"2026-07-19";6.31537396;"A";"Данные СберИндекса";"Неделя";"Развлечения";"2";"% г/г";"0"
"2026-07-26";6.68439141;"A";"Данные СберИндекса";"Неделя";"Развлечения";"2";"% г/г";"0"
"2026-08-02";6.40769626;"A";"Данные СберИндекса";"Неделя";"Развлечения";"2";"% г/г";"0"
"2026-08-09";5.89561747;"A";"Данные СберИндекса";"Неделя";"Развлечения";"2";"% г/г";"0"
"2026-08-16";12.58395776;"A";"Данные СберИндекса";"Неделя";"Развлечения";"2";"% г/г";"0"
"2026-08-23";16.810941;"A";"Данные СберИндекса";"Неделя";"Развлечения";"2";"% г/г";"0"
"2026-08-30";12.97967442;"A";"Данные СберИндекса";"Неделя";"Развлечения";"2";"% г/г";"0"
"2026-09-06";8.93314979;"A";"Данные СберИндекса";"Неделя";"Развлечения";"2";"% г/г";"0"
"2026-09-13";8.10774916;"A";"Данные СберИндекса";"Неделя";"Развлечения";"2";"% г/г";"0"
"2026-09-20";8.36970129;"A";"Данные СберИндекса";"Неделя";"Развлечения";"2";"% г/г";"0"
"2026-09-27";10.67693166;"A";"Данные СберИндекса";"Неделя";"Развлечения";"2";"% г/г";"0"
"2026-10-04";9.30109637;"A";"Данные СберИндекса";"Неделя";"Развлечения";"2";"% г/г";"0"
"2023-11-12";15.79120946;"A";"Данные СберИндекса";"Неделя";"Ж/д билеты";"2";"% г/г";"0"
"2023-11-19";12.66589301;"A";"Данные СберИндекса";"Неделя";"Ж/д билеты";"2";"% г/г";"0"
"2023-11-26";13.0985858;"A";"Данные СберИндекса";"Неделя";"Ж/д билеты";"2";"% г/г";"0"
"2023-12-03";12.02656597;"A";"Данные СберИндекса";"Неделя";"Ж/д билеты";"2";"% г/г";"0"
"2023-12-10";11.30341264;"A";"Данные СберИндекса";"Неделя";"Ж/д билеты";"2";"% г/г";"0"
"2023-12-17";10.77418894;"A";"Данные СберИндекса";"Неделя";"Ж/д билеты";"2";"% г/г";"0"
"2023-12-24";11.61746514;"A";"Данные СберИндекса";"Неделя";"Ж/д билеты";"2";"% г/г";"0"
"2023-12-31";14.5064067;"A";"Данные СберИндекса";"Неделя";"Ж/д билеты";"2";"% г/г";"0"
"2024-01-07";8.02251734;"A";"Данные СберИндекса";"Неделя";"Ж/д билеты";"2";"% г/г";"0"
"2024-01-14";20.33417249;"A";"Данные СберИндекса";"Неделя";"Ж/д билеты";"2";"% г/г";"0"
"2024-01-21";20.58198249;"A";"Данные СберИндекса";"Неделя";"Ж/д билеты";"2";"% г/г";"0"
"2024-01-28";19.13816624;"A";"Данные СберИндекса";"Неделя";"Ж/д билеты";"2";"% г/г";"0"
"2024-02-04";22.75202088;"A";"Данные СберИндекса";"Неделя";"Ж/д билеты";"2";"% г/г";"0"
"2024-02-11";26.54460034;"A";"Данные СберИндекса";"Неделя";"Ж/д билеты";"2";"% г/г";"0"
"2024-02-18";28.41717113;"A";"Данные СберИндекса";"Неделя";"Ж/д билеты";"2";"% г/г";"0"
"2024-02-25";31.46665004;"A";"Данные СберИндекса";"Неделя";"Ж/д билеты";"2";"% г/г";"0"
"2024-03-03";33.96263078;"A";"Данные СберИндекса";"Неделя";"Ж/д билеты";"2";"% г/г";"0"
"2024-03-10";33.52742319;"A";"Данные СберИндекса";"Неделя";"Ж/д билеты";"2";"% г/г";"0"
"2024-03-17";33.68095304;"A";"Данные СберИндекса";"Неделя";"Ж/д билеты";"2";"% г/г";"0"
"2024-03-24";38.60669694;"A";"Данные СберИндекса";"Неделя";"Ж/д билеты";"2";"% г/г";"0"
"2024-03-31";35.0761964;"A";"Данные СберИндекса";"Неделя";"Ж/д билеты";"2";"% г/г";"0"
"2024-04-07";36.17812469;"A";"Данные СберИндекса";"Неделя";"Ж/д билеты";"2";"% г/г";"0"
"2024-04-14";33.02945662;"A";"Данные СберИндекса";"Неделя";"Ж/д билеты";"2";"% г/г";"0"
"2024-04-21";26.87378452;"A";"Данные СберИндекса";"Неделя";"Ж/д билеты";"2";"% г/г";"0"
"2024-04-28";22.92161309;"A";"Данные СберИндекса";"Неделя";"Ж/д билеты";"2";"% г/г";"0"
"2024-05-05";18.66311066;"A";"Данные СберИндекса";"Неделя";"Ж/д билеты";"2";"% г/г";"0"
"2024-05-12";21.9949837;"A";"Данные СберИндекса";"Неделя";"Ж/д билеты";"2";"% г/г";"0"
"2024-05-19";6.45061097;"A";"Данные СберИндекса";"Неделя";"Ж/д билеты";"2";"% г/г";"0"
"2024-05-26";13.27970401;"A";"Данные СберИндекса";"Неделя";"Ж/д билеты";"2";"% г/г";"0"
"2024-06-02";14.23899053;"A";"Данные СберИндекса";"Неделя";"Ж/д билеты";"2";"% г/г";"0"
"2024-06-09";14.18555207;"A";"Данные СберИндекса";"Неделя";"Ж/д билеты";"2";"% г/г";"0"
"2024-06-16";12.038929;"A";"Данные СберИндекса";"Неделя";"Ж/д билеты";"2";"% г/г";"0"
"2024-06-23";7.91798143;"A";"Данные СберИндекса";"Неделя";"Ж/д билеты";"2";"% г/г";"0"
"2024-06-30";5.80489477;"A";"Данные СберИндекса";"Неделя";"Ж/д билеты";"2";"% г/г";"0"
"2024-07-07";0.51858117;"A";"Данные СберИндекса";"Неделя";"Ж/д билеты";"2";"% г/г";"0"
"2024-07-14";1.3108911;"A";"Данные СберИндекса";"Неделя";"Ж/д билеты";"2";"% г/г";"0"
"2024-07-21";7.10927149;"A";"Данные СберИндекса";"Неделя";"Ж/д билеты";"2";"% г/г";"0"
"2024-07-28";9.3904625;"A";"Данные СберИндекса";"Неделя";"Ж/д билеты";"2";"% г/г";"0"
"2024-08-04";11.30402508;"A";"Данные СберИндекса";"Неделя";"Ж/д билеты";"2";"% г/г";"0"
"2024-08-11";12.82109389;"A";"Данные СберИндекса";"Неделя";"Ж/д билеты";"2";"% г/г";"0"
"2024-08-18";8.24696578;"A";"Данные СберИндекса";"Неделя";"Ж/д билеты";"2";"% г/г";"0"
"2024-08-25";12.96981239;"A";"Данные СберИндекса";"Неделя";"Ж/д билеты";"2";"% г/г";"0"
"2024-09-01";13.15824693;"A";"Данные СберИндекса";"Неделя";"Ж/д билеты";"2";"% г/г";"0"
"2024-09-08";17.33216812;"A";"Данные СберИндекса";"Неделя";"Ж/д билеты";"2";"% г/г";"0"
"2024-09-15";19.7907634;"A";"Данные СберИндекса";"Неделя";"Ж/д билеты";"2";"% г/г";"0"
"2024-09-22";19.62885988;"A";"Данные СберИндекса";"Неделя";"Ж/д билеты";"2";"% г/г";"0"
"2024-09-29";19.39614356;"A";"Данные СберИндекса";"Неделя";"Ж/д билеты";"2";"% г/г";"0"
"2024-10-06";27.85146314;"A";"Данные СберИндекса";"Неделя";"Ж/д билеты";"2";"% г/г";"0"
"2024-10-13";30.18591677;"A";"Данные СберИндекса";"Неделя";"Ж/д билеты";"2";"% г/г";"0"
"2024-10-20";25.07702274;"A";"Данные СберИндекса";"Неделя";"Ж/д билеты";"2";"% г/г";"0"
"2024-10-27";16.95386468;"A";"Данные СберИндекса";"Неделя";"Ж/д билеты";"2";"% г/г";"0"
"2024-11-03";14.33099014;"A";"Данные СберИндекса";"Неделя";"Ж/д билеты";"2";"% г/г";"0"
"2024-11-10";19.30876633;"A";"Данные СберИндекса";"Неделя";"Ж/д билеты";"2";"% г/г";"0"
"2024-11-17";18.24320433;"A";"Данные СберИндекса";"Неделя";"Ж/д билеты";"2";"% г/г";"0"
"2024-11-24";16.24678037;"A";"Данные СберИндекса";"Неделя";"Ж/д билеты";"2";"% г/г";"0"
"2024-12-01";17.2133365;"A";"Данные СберИндекса";"Неделя";"Ж/д билеты";"2";"% г/г";"0"
"2024-12-08";17.73780171;"A";"Данные СберИндекса";"Неделя";"Ж/д билеты";"2";"% г/г";"0"
"2024-12-15";18.3633207;"A";"Данные СберИндекса";"Неделя";"Ж/д билеты";"2";"% г/г";"0"
"2024-12-22";16.68182253;"A";"Данные СберИндекса";"Неделя";"Ж/д билеты";"2";"% г/г";"0"
"2024-12-29";16.16474209;"A";"Данные СберИндекса";"Неделя";"Ж/д билеты";"2";"% г/г";"0"
"2025-01-05";24.29811985;"A";"Данные СберИндекса";"Неделя";"Ж/д билеты";"2";"% г/г";"0"
"2025-01-12";7.14626308;"A";"Данные СберИндекса";"Неделя";"Ж/д билеты";"2";"% г/г";"0"
"2025-01-19";18.75504104;"A";"Данные СберИндекса";"Неделя";"Ж/д билеты";"2";"% г/г";"0"
"2025-01-26";20.12699664;"A";"Данные СберИндекса";"Неделя";"Ж/д билеты";"2";"% г/г";"0"
"2025-02-02";18.52272589;"A";"Данные СберИндекса";"Неделя";"Ж/д билеты";"2";"% г/г";"0"
"2025-02-09";17.23168729;"A";"Данные СберИндекса";"Неделя";"Ж/д билеты";"2";"% г/г";"0"
"2025-02-16";17.06891159;"A";"Данные СберИндекса";"Неделя";"Ж/д билеты";"2";"% г/г";"0"
"2025-02-23";17.19926678;"A";"Данные СберИндекса";"Неделя";"Ж/д билеты";"2";"% г/г";"0"
"2025-03-02";16.63835157;"A";"Данные СберИндекса";"Неделя";"Ж/д билеты";"2";"% г/г";"0"
"2025-03-09";22.13194103;"A";"Данные СберИндекса";"Неделя";"Ж/д билеты";"2";"% г/г";"0"
"2025-03-16";25.62930825;"A";"Данные СберИндекса";"Неделя";"Ж/д билеты";"2";"% г/г";"0"
"2025-03-23";21.17739498;"A";"Данные СберИндекса";"Неделя";"Ж/д билеты";"2";"% г/г";"0"
"2025-03-30";22.94449029;"A";"Данные СберИндекса";"Неделя";"Ж/д билеты";"2";"% г/г";"0"
"2025-04-06";16.71130433;"A";"Данные СберИндекса";"Неделя";"Ж/д билеты";"2";"% г/г";"0"
"2025-04-13";13.72622125;"A";"Данные СберИндекса";"Неделя";"Ж/д билеты";"2";"% г/г";"0"
"2025-04-20";12.31796079;"A";"Данные СберИндекса";"Неделя";"Ж/д билеты";"2";"% г/г";"0"
"2025-04-27";13.72723543;"A";"Данные СберИндекса";"Неделя";"Ж/д билеты";"2";"% г/г";"0"
"2025-05-04";17.07707072;"A";"Данные СберИндекса";"Неделя";"Ж/д билеты";"2";"% г/г";"0"
"2025-05-11";13.67490415;"A";"Данные СберИндекса";"Неделя";"Ж/д билеты";"2";"% г/г";"0"
"2025-05-18";19.92256988;"A";"Данные СберИндекса";"Неделя";"Ж/д билеты";"2";"% г/г";"0"
"2025-05-25";18.86010524;"A";"Данные СберИндекса";"Неделя";"Ж/д билеты";"2";"% г/г";"0"
"2025-06-01";18.45712464;"A";"Данные СберИндекса";"Неделя";"Ж/д билеты";"2";"% г/г";"0"
"2025-06-08";11.93940851;"A";"Данные СберИндекса";"Неделя";"Ж/д билеты";"2";"% г/г";"0"
"2025-06-15";12.6462569;"A";"Данные СберИндекса";"Неделя";"Ж/д билеты";"2";"% г/г";"0"
"2025-06-22";14.00324091;"A";"Данные СберИндекса";"Неделя";"Ж/д билеты";"2";"% г/г";"0"
"2025-06-29";18.91823599;"A";"Данные СберИндекса";"Неделя";"Ж/д билеты";"2";"% г/г";"0"
"2025-07-06";23.76336124;"A";"Данные СберИндекса";"Неделя";"Ж/д билеты";"2";"% г/г";"0"
"2025-07-13";23.77862008;"A";"Данные СберИндекса";"Неделя";"Ж/д билеты";"2";"% г/г";"0"
"2025-07-20";19.82976408;"A";"Данные СберИндекса";"Неделя";"Ж/д билеты";"2";"% г/г";"0"
"2025-07-27";16.80469429;"A";"Данные СберИндекса";"Неделя";"Ж/д билеты";"2";"% г/г";"0"
"2025-08-03";17.17949085;"A";"Данные СберИндекса";"Неделя";"Ж/д билеты";"2";"% г/г";"0"
"2025-08-10";15.27115013;"A";"Данные СберИндекса";"Неделя";"Ж/д билеты";"2";"% г/г";"0"
"2025-08-17";17.57931235;"A";"Данные СберИндекса";"Неделя";"Ж/д билеты";"2";"% г/г";"0"
"2025-08-24";18.17715387;"A";"Данные СберИндекса";"Неделя";"Ж/д билеты";"2";"% г/г";"0"
"2025-08-31";16.64657196;"A";"Данные СберИндекса";"Неделя";"Ж/д билеты";"2";"% г/г";"0"
"2025-09-07";13.68679697;"A";"Данные СберИндекса";"Неделя";"Ж/д билеты";"2";"% г/г";"0"
"2025-09-14";11.10014519;"A";"Данные СберИндекса";"Неделя";"Ж/д билеты";"2";"% г/г";"0"
"2025-09-21";11.58699871;"A";"Данные СберИндекса";"Неделя";"Ж/д билеты";"2";"% г/г";"0"
"2025-09-28";8.40500705;"A";"Данные СберИндекса";"Неделя";"Ж/д билеты";"2";"% г/г";"0"
"2025-10-05";9.95021627;"A";"Данные СберИндекса";"Неделя";"Ж/д билеты";"2";"% г/г";"0"
"2025-10-12";10.62503764;"A";"Данные СберИндекса";"Неделя";"Ж/д билеты";"2";"% г/г";"0"
"2025-10-19";14.49578547;"A";"Данные СберИндекса";"Неделя";"Ж/д билеты";"2";"% г/г";"0"
"2025-10-26";16.49418061;"A";"Данные СберИндекса";"Неделя";"Ж/д билеты";"2";"% г/г";"0"
"2025-11-02";13.36434247;"A";"Данные СберИндекса";"Неделя";"Ж/д билеты";"2";"% г/г";"0"
"2025-11-09";3.49403981;"A";"Данные СберИндекса";"Неделя";"Ж/д билеты";"2";"% г/г";"0"
"2025-11-16";9.58061756;"A";"Данные СберИндекса";"Неделя";"Ж/д билеты";"2";"% г/г";"0"
"2025-11-23";10.27701026;"A";"Данные СберИндекса";"Неделя";"Ж/д билеты";"2";"% г/г";"0"
"2025-11-30";8.73331989;"A";"Данные СберИндекса";"Неделя";"Ж/д билеты";"2";"% г/г";"0"
"2025-12-07";12.89185455;"A";"Данные СберИндекса";"Неделя";"Ж/д билеты";"2";"% г/г";"0"
"2025-12-14";12.18109703;"A";"Данные СберИндекса";"Неделя";"Ж/д билеты";"2";"% г/г";"0"
"2025-12-21";14.36302979;"A";"Данные СберИндекса";"Неделя";"Ж/д билеты";"2";"% г/г";"0"
"2025-12-28";15.59966278;"A";"Данные СберИндекса";"Неделя";"Ж/д билеты";"2";"% г/г";"0"
"2026-01-04";6.22655031;"A";"Данные СберИндекса";"Неделя";"Ж/д билеты";"2";"% г/г";"0"
"2026-01-11";15.11822887;"A";"Данные СберИндекса";"Неделя";"Ж/д билеты";"2";"% г/г";"0"
"2026-01-18";9.37965528;"A";"Данные СберИндекса";"Неделя";"Ж/д билеты";"2";"% г/г";"0"
"2026-01-25";6.50252654;"A";"Данные СберИндекса";"Неделя";"Ж/д билеты";"2";"% г/г";"0"
"2026-02-01";5.05546053;"A";"Данные СберИндекса";"Неделя";"Ж/д билеты";"2";"% г/г";"0"
"2026-02-08";3.08069482;"A";"Данные СберИндекса";"Неделя";"Ж/д билеты";"2";"% г/г";"0"
"2026-02-15";7.3771012;"A";"Данные СберИндекса";"Неделя";"Ж/д билеты";"2";"% г/г";"0"
"2026-02-22";10.1110045;"A";"Данные СберИндекса";"Неделя";"Ж/д билеты";"2";"% г/г";"0"
"2026-03-01";6.98871399;"A";"Данные СберИндекса";"Неделя";"Ж/д билеты";"2";"% г/г";"0"
"2026-03-08";4.82929078;"A";"Данные СберИндекса";"Неделя";"Ж/д билеты";"2";"% г/г";"0"
"2026-03-15";2.53923058;"A";"Данные СберИндекса";"Неделя";"Ж/д билеты";"2";"% г/г";"0"
"2026-03-22";5.82128312;"A";"Данные СберИндекса";"Неделя";"Ж/д билеты";"2";"% г/г";"0"
"2026-03-29";8.26451352;"A";"Данные СберИндекса";"Неделя";"Ж/д билеты";"2";"% г/г";"0"
"2026-04-05";4.569874;"A";"Данные СберИндекса";"Неделя";"Ж/д билеты";"2";"% г/г";"0"
"2026-04-12";2.78887996;"A";"Данные СберИндекса";"Неделя";"Ж/д билеты";"2";"% г/г";"0"
"2026-04-19";9.67606921;"A";"Данные СберИндекса";"Неделя";"Ж/д билеты";"2";"% г/г";"0"
"2026-04-26";7.48034031;"A";"Данные СберИндекса";"Неделя";"Ж/д билеты";"2";"% г/г";"0"
"2026-05-03";6.7887465;"A";"Данные СберИндекса";"Неделя";"Ж/д билеты";"2";"% г/г";"0"
"2026-05-10";9.2690651;"A";"Данные СберИндекса";"Неделя";"Ж/д билеты";"2";"% г/г";"0"
"2026-05-17";6.73680994;"A";"Данные СберИндекса";"Неделя";"Ж/д билеты";"2";"% г/г";"0"
"2026-05-24";7.6005465;"A";"Данные СберИндекса";"Неделя";"Ж/д билеты";"2";"% г/г";"0"
"2026-05-31";6.86639679;"A";"Данные СберИндекса";"Неделя";"Ж/д билеты";"2";"% г/г";"0"
"2026-06-07";7.53453362;"A";"Данные СберИндекса";"Неделя";"Ж/д билеты";"2";"% г/г";"0"
"2026-06-14";7.4174267;"A";"Данные СберИндекса";"Неделя";"Ж/д билеты";"2";"% г/г";"0"
"2026-06-21";9.81246552;"A";"Данные СберИндекса";"Неделя";"Ж/д билеты";"2";"% г/г";"0"
"2026-06-28";7.50891852;"A";"Данные СберИндекса";"Неделя";"Ж/д билеты";"2";"% г/г";"0"
"2026-07-05";8.07911152;"A";"Данные СберИндекса";"Неделя";"Ж/д билеты";"2";"% г/г";"0"
"2026-07-12";11.53385447;"A";"Данные СберИндекса";"Неделя";"Ж/д билеты";"2";"% г/г";"0"
"2026-07-19";13.65563681;"A";"Данные СберИндекса";"Неделя";"Ж/д билеты";"2";"% г/г";"0"
"2026-07-26";10.53441973;"A";"Данные СберИндекса";"Неделя";"Ж/д билеты";"2";"% г/г";"0"
"2026-08-02";7.62133611;"A";"Данные СберИндекса";"Неделя";"Ж/д билеты";"2";"% г/г";"0"
"2026-08-09";7.35227911;"A";"Данные СберИндекса";"Неделя";"Ж/д билеты";"2";"% г/г";"0"
"2026-08-16";10.34411823;"A";"Данные СберИндекса";"Неделя";"Ж/д билеты";"2";"% г/г";"0"
"2026-08-23";10.57188565;"A";"Данные СберИндекса";"Неделя";"Ж/д билеты";"2";"% г/г";"0"
"2026-08-30";9.59280859;"A";"Данные СберИндекса";"Неделя";"Ж/д билеты";"2";"% г/г";"0"
"2026-09-06";9.58554987;"A";"Данные СберИндекса";"Неделя";"Ж/д билеты";"2";"% г/г";"0"
"2026-09-13";9.10402522;"A";"Данные СберИндекса";"Неделя";"Ж/д билеты";"2";"% г/г";"0"
"2026-09-20";10.20803028;"A";"Данные СберИндекса";"Неделя";"Ж/д билеты";"2";"% г/г";"0"
"2026-09-27";10.60627311;"A";"Данные СберИндекса";"Неделя";"Ж/д билеты";"2";"% г/г";"0"
"2026-10-04";7.43745216;"A";"Данные СберИндекса";"Неделя";"Ж/д билеты";"2";"% г/г";"0"
"2023-11-12";20.92739839;"A";"Данные СберИндекса";"Неделя";"Все категории ";"2";"% г/г";"0"
"2023-11-19";19.8454719;"A";"Данные СберИндекса";"Неделя";"Все категории ";"2";"% г/г";"0"
"2023-11-26";20.59959973;"A";"Данные СберИндекса";"Неделя";"Все категории ";"2";"% г/г";"0"
"2023-12-03";20.13390685;"A";"Данные СберИндекса";"Неделя";"Все категории ";"2";"% г/г";"0"
"2023-12-10";19.82003451;"A";"Данные СберИндекса";"Неделя";"Все категории ";"2";"% г/г";"0"
"2023-12-17";19.69150271;"A";"Данные СберИндекса";"Неделя";"Все категории ";"2";"% г/г";"0"
"2023-12-24";19.46891427;"A";"Данные СберИндекса";"Неделя";"Все категории ";"2";"% г/г";"0"
"2023-12-31";23.1725674;"A";"Данные СберИндекса";"Неделя";"Все категории ";"2";"% г/г";"0"
"2024-01-07";12.34327038;"A";"Данные СберИндекса";"Неделя";"Все категории ";"2";"% г/г";"0"
"2024-01-14";16.87720574;"A";"Данные СберИндекса";"Неделя";"Все категории ";"2";"% г/г";"0"
"2024-01-21";18.47421541;"A";"Данные СберИндекса";"Неделя";"Все категории ";"2";"% г/г";"0"
"2024-01-28";18.47627544;"A";"Данные СберИндекса";"Неделя";"Все категории ";"2";"% г/г";"0"
"2024-02-04";19.61901127;"A";"Данные СберИндекса";"Неделя";"Все категории ";"2";"% г/г";"0"
"2024-02-11";20.71996103;"A";"Данные СберИндекса";"Неделя";"Все категории ";"2";"% г/г";"0"
"2024-02-18";20.14130947;"A";"Данные СберИндекса";"Неделя";"Все категории ";"2";"% г/г";"0"
"2024-02-25";21.32912175;"A";"Данные СберИндекса";"Неделя";"Все категории ";"2";"% г/г";"0"
"2024-03-03";19.51711552;"A";"Данные СберИндекса";"Неделя";"Все категории ";"2";"% г/г";"0"
"2024-03-10";22.1316083;"A";"Данные СберИндекса";"Неделя";"Все категории ";"2";"% г/г";"0"
"2024-03-17";18.7836346;"A";"Данные СберИндекса";"Неделя";"Все категории ";"2";"% г/г";"0"
"2024-03-24";18.1143546;"A";"Данные СберИндекса";"Неделя";"Все категории ";"2";"% г/г";"0"
"2024-03-31";20.42462826;"A";"Данные СберИндекса";"Неделя";"Все категории ";"2";"% г/г";"0"
"2024-04-07";18.53993573;"A";"Данные СберИндекса";"Неделя";"Все категории ";"2";"% г/г";"0"
"2024-04-14";17.48453187;"A";"Данные СберИндекса";"Неделя";"Все категории ";"2";"% г/г";"0"
"2024-04-21";20.01045411;"A";"Данные СберИндекса";"Неделя";"Все категории ";"2";"% г/г";"0"
"2024-04-28";18.85442694;"A";"Данные СберИндекса";"Неделя";"Все категории ";"2";"% г/г";"0"
"2024-05-05";16.88374072;"A";"Данные СберИндекса";"Неделя";"Все категории ";"2";"% г/г";"0"
"2024-05-12";16.49781618;"A";"Данные СберИндекса";"Неделя";"Все категории ";"2";"% г/г";"0"
"2024-05-19";15.97240059;"A";"Данные СберИндекса";"Неделя";"Все категории ";"2";"% г/г";"0"
"2024-05-26";18.50563123;"A";"Данные СберИндекса";"Неделя";"Все категории ";"2";"% г/г";"0"
"2024-06-02";17.12235801;"A";"Данные СберИндекса";"Неделя";"Все категории ";"2";"% г/г";"0"
"2024-06-09";17.54925762;"A";"Данные СберИндекса";"Неделя";"Все категории ";"2";"% г/г";"0"
"2024-06-16";19.37119268;"A";"Данные СберИндекса";"Неделя";"Все категории ";"2";"% г/г";"0"
"2024-06-23";18.03287674;"A";"Данные СберИндекса";"Неделя";"Все категории ";"2";"% г/г";"0"
"2024-06-30";18.44887028;"A";"Данные СберИндекса";"Неделя";"Все категории ";"2";"% г/г";"0"
"2024-07-07";17.41800973;"A";"Данные СберИндекса";"Неделя";"Все категории ";"2";"% г/г";"0"
"2024-07-14";17.07447259;"A";"Данные СберИндекса";"Неделя";"Все категории ";"2";"% г/г";"0"
"2024-07-21";18.90106507;"A";"Данные СберИндекса";"Неделя";"Все категории ";"2";"% г/г";"0"
"2024-07-28";17.50199448;"A";"Данные СберИндекса";"Неделя";"Все категории ";"2";"% г/г";"0"
"2024-08-04";16.78538744;"A";"Данные СберИндекса";"Неделя";"Все категории ";"2";"% г/г";"0"
"2024-08-11";15.83664938;"A";"Данные СберИндекса";"Неделя";"Все категории ";"2";"% г/г";"0"
"2024-08-18";16.35529137;"A";"Данные СберИндекса";"Неделя";"Все категории ";"2";"% г/г";"0"
"2024-08-25";16.36434049;"A";"Данные СберИндекса";"Неделя";"Все категории ";"2";"% г/г";"0"
"2024-09-01";15.09898072;"A";"Данные СберИндекса";"Неделя";"Все категории ";"2";"% г/г";"0"
"2024-09-08";16.54492452;"A";"Данные СберИндекса";"Неделя";"Все категории ";"2";"% г/г";"0"
"2024-09-15";16.45927555;"A";"Данные СберИндекса";"Неделя";"Все категории ";"2";"% г/г";"0"
"2024-09-22";16.15101373;"A";"Данные СберИндекса";"Неделя";"Все категории ";"2";"% г/г";"0"
"2024-09-29";15.38023889;"A";"Данные СберИндекса";"Неделя";"Все категории ";"2";"% г/г";"0"
"2024-10-06";15.54397612;"A";"Данные СберИндекса";"Неделя";"Все категории ";"2";"% г/г";"0"
"2024-10-13";14.47515149;"A";"Данные СберИндекса";"Неделя";"Все категории ";"2";"% г/г";"0"
"2024-10-20";17.2113365;"A";"Данные СберИндекса";"Неделя";"Все категории ";"2";"% г/г";"0"
"2024-10-27";15.3529923;"A";"Данные СберИндекса";"Неделя";"Все категории ";"2";"% г/г";"0"
"2024-11-03";14.56234475;"A";"Данные СберИндекса";"Неделя";"Все категории ";"2";"% г/г";"0"
"2024-11-10";14.21829191;"A";"Данные СберИндекса";"Неделя";"Все категории ";"2";"% г/г";"0"
"2024-11-17";16.32970977;"A";"Данные СберИндекса";"Неделя";"Все категории ";"2";"% г/г";"0"
"2024-11-24";13.43434451;"A";"Данные СберИндекса";"Неделя";"Все категории ";"2";"% г/г";"0"
"2024-12-01";16.32491898;"A";"Данные СберИндекса";"Неделя";"Все категории ";"2";"% г/г";"0"
"2024-12-08";16.70597374;"A";"Данные СберИндекса";"Неделя";"Все категории ";"2";"% г/г";"0"
"2024-12-15";16.69729762;"A";"Данные СберИндекса";"Неделя";"Все категории ";"2";"% г/г";"0"
"2024-12-22";14.94161613;"A";"Данные СберИндекса";"Неделя";"Все категории ";"2";"% г/г";"0"
"2024-12-29";14.36524941;"A";"Данные СберИндекса";"Неделя";"Все категории ";"2";"% г/г";"0"
"2025-01-05";27.93696941;"A";"Данные СберИндекса";"Неделя";"Все категории ";"2";"% г/г";"0"
"2025-01-12";14.28444644;"A";"Данные СберИндекса";"Неделя";"Все категории ";"2";"% г/г";"0"
"2025-01-19";16.27967826;"A";"Данные СберИндекса";"Неделя";"Все категории ";"2";"% г/г";"0"
"2025-01-26";15.48279727;"A";"Данные СберИндекса";"Неделя";"Все категории ";"2";"% г/г";"0"
"2025-02-02";13.20496453;"A";"Данные СберИндекса";"Неделя";"Все категории ";"2";"% г/г";"0"
"2025-02-09";13.87596052;"A";"Данные СберИндекса";"Неделя";"Все категории ";"2";"% г/г";"0"
"2025-02-16";14.97696868;"A";"Данные СберИндекса";"Неделя";"Все категории ";"2";"% г/г";"0"
"2025-02-23";13.41903445;"A";"Данные СберИндекса";"Неделя";"Все категории ";"2";"% г/г";"0"
"2025-03-02";11.23974473;"A";"Данные СберИндекса";"Неделя";"Все категории ";"2";"% г/г";"0"
"2025-03-09";13.18022619;"A";"Данные СберИндекса";"Неделя";"Все категории ";"2";"% г/г";"0"
"2025-03-16";15.29643045;"A";"Данные СберИндекса";"Неделя";"Все категории ";"2";"% г/г";"0"
"2025-03-23";14.77100548;"A";"Данные СберИндекса";"Неделя";"Все категории ";"2";"% г/г";"0"
"2025-03-30";13.74280252;"A";"Данные СберИндекса";"Неделя";"Все категории ";"2";"% г/г";"0"
"2025-04-06";13.39407824;"A";"Данные СберИндекса";"Неделя";"Все категории ";"2";"% г/г";"0"
"2025-04-13";12.69996996;"A";"Данные СберИндекса";"Неделя";"Все категории ";"2";"% г/г";"0"
"2025-04-20";14.13688379;"A";"Данные СберИндекса";"Неделя";"Все категории ";"2";"% г/г";"0"
"2025-04-27";11.19087012;"A";"Данные СберИндекса";"Неделя";"Все категории ";"2";"% г/г";"0"
"2025-05-04";14.74198598;"A";"Данные СберИндекса";"Неделя";"Все категории ";"2";"% г/г";"0"
"2025-05-11";14.19287322;"A";"Данные СберИндекса";"Неделя";"Все категории ";"2";"% г/г";"0"
"2025-05-18";14.55336138;"A";"Данные СберИндекса";"Неделя";"Все категории ";"2";"% г/г";"0"
"2025-05-25";13.27015871;"A";"Данные СберИндекса";"Неделя";"Все категории ";"2";"% г/г";"0"
"2025-06-01";13.34906071;"A";"Данные СберИндекса";"Неделя";"Все категории ";"2";"% г/г";"0"
"2025-06-08";12.2587047;"A";"Данные СберИндекса";"Неделя";"Все категории ";"2";"% г/г";"0"
"2025-06-15";11.67870048;"A";"Данные СберИндекса";"Неделя";"Все категории ";"2";"% г/г";"0"
"2025-06-22";11.12458681;"A";"Данные СберИндекса";"Неделя";"Все категории ";"2";"% г/г";"0"
"2025-06-29";10.43850014;"A";"Данные СберИндекса";"Неделя";"Все категории ";"2";"% г/г";"0"
"2025-07-06";10.24375876;"A";"Данные СберИндекса";"Неделя";"Все категории ";"2";"% г/г";"0"
"2025-07-13";9.88623749;"A";"Данные СберИндекса";"Неделя";"Все категории ";"2";"% г/г";"0"
"2025-07-20";10.58647499;"A";"Данные СберИндекса";"Неделя";"Все категории ";"2";"% г/г";"0"
"2025-07-27";9.97685559;"A";"Данные СберИндекса";"Неделя";"Все категории ";"2";"% г/г";"0"
"2025-08-03";9.62048539;"A";"Данные СберИндекса";"Неделя";"Все категории ";"2";"% г/г";"0"
"2025-08-10";9.80024954;"A";"Данные СберИндекса";"Неделя";"Все категории ";"2";"% г/г";"0"
"2025-08-17";9.86338193;"A";"Данные СберИндекса";"Неделя";"Все категории ";"2";"% г/г";"0"
"2025-08-24";9.46453151;"A";"Данные СберИндекса";"Неделя";"Все категории ";"2";"% г/г";"0"
"2025-08-31";10.55392087;"A";"Данные СберИндекса";"Неделя";"Все категории ";"2";"% г/г";"0"
"2025-09-07";9.09516886;"A";"Данные СберИндекса";"Неделя";"Все категории ";"2";"% г/г";"0"
"2025-09-14";8.81985131;"A";"Данные СберИндекса";"Неделя";"Все категории ";"2";"% г/г";"0"
"2025-09-21";10.13388447;"A";"Данные СберИндекса";"Неделя";"Все категории ";"2";"% г/г";"0"
"2025-09-28";9.08915678;"A";"Данные СберИндекса";"Неделя";"Все категории ";"2";"% г/г";"0"
"2025-10-05";9.39827708;"A";"Данные СберИндекса";"Неделя";"Все категории ";"2";"% г/г";"0"
"2025-10-12";7.87007239;"A";"Данные СберИндекса";"Неделя";"Все категории ";"2";"% г/г";"0"
"2025-10-19";8.02716189;"A";"Данные СберИндекса";"Неделя";"Все категории ";"2";"% г/г";"0"
"2025-10-26";8.9738473;"A";"Данные СберИндекса";"Неделя";"Все категории ";"2";"% г/г";"0"
"2025-11-02";7.99018214;"A";"Данные СберИндекса";"Неделя";"Все категории ";"2";"% г/г";"0"
"2025-11-09";4.23211426;"A";"Данные СберИндекса";"Неделя";"Все категории ";"2";"% г/г";"0"
"2025-11-16";8.31152841;"A";"Данные СберИндекса";"Неделя";"Все категории ";"2";"% г/г";"0"
"2025-11-23";7.72823255;"A";"Данные СберИндекса";"Неделя";"Все категории ";"2";"% г/г";"0"
"2025-11-30";7.08040278;"A";"Данные СберИндекса";"Неделя";"Все категории ";"2";"% г/г";"0"
"2025-12-07";6.87732104;"A";"Данные СберИндекса";"Неделя";"Все категории ";"2";"% г/г";"0"
"2025-12-14";5.39560296;"A";"Данные СберИндекса";"Неделя";"Все категории ";"2";"% г/г";"0"
"2025-12-21";6.58259423;"A";"Данные СберИндекса";"Неделя";"Все категории ";"2";"% г/г";"0"
"2025-12-28";5.81248741;"A";"Данные СберИндекса";"Неделя";"Все категории ";"2";"% г/г";"0"
"2026-01-04";15.35864982;"A";"Данные СберИндекса";"Неделя";"Все категории ";"2";"% г/г";"0"
"2026-01-11";6.10532664;"A";"Данные СберИндекса";"Неделя";"Все категории ";"2";"% г/г";"0"
"2026-01-18";6.85452166;"A";"Данные СберИндекса";"Неделя";"Все категории ";"2";"% г/г";"0"
"2026-01-25";6.96543394;"A";"Данные СберИндекса";"Неделя";"Все категории ";"2";"% г/г";"0"
"2026-02-01";6.77773614;"A";"Данные СберИндекса";"Неделя";"Все категории ";"2";"% г/г";"0"
"2026-02-08";6.26091322;"A";"Данные СберИндекса";"Неделя";"Все категории ";"2";"% г/г";"0"
"2026-02-15";6.80932728;"A";"Данные СберИндекса";"Неделя";"Все категории ";"2";"% г/г";"0"
"2026-02-22";6.14812048;"A";"Данные СберИндекса";"Неделя";"Все категории ";"2";"% г/г";"0"
"2026-03-01";6.63314737;"A";"Данные СберИндекса";"Неделя";"Все категории ";"2";"% г/г";"0"
"2026-03-08";6.48441047;"A";"Данные СберИндекса";"Неделя";"Все категории ";"2";"% г/г";"0"
"2026-03-15";5.98979062;"A";"Данные СберИндекса";"Неделя";"Все категории ";"2";"% г/г";"0"
"2026-03-22";6.34205639;"A";"Данные СберИндекса";"Неделя";"Все категории ";"2";"% г/г";"0"
"2026-03-29";6.02862015;"A";"Данные СберИндекса";"Неделя";"Все категории ";"2";"% г/г";"0"
"2026-04-05";5.75545507;"A";"Данные СберИндекса";"Неделя";"Все категории ";"2";"% г/г";"0"
"2026-04-12";4.25946452;"A";"Данные СберИндекса";"Неделя";"Все категории ";"2";"% г/г";"0"
"2026-04-19";6.56585428;"A";"Данные СберИндекса";"Неделя";"Все категории ";"2";"% г/г";"0"
"2026-04-26";7.44884973;"A";"Данные СберИндекса";"Неделя";"Все категории ";"2";"% г/г";"0"
"2026-05-03";6.87456033;"A";"Данные СберИндекса";"Неделя";"Все категории ";"2";"% г/г";"0"
"2026-05-10";7.03835513;"A";"Данные СберИндекса";"Неделя";"Все категории ";"2";"% г/г";"0"
"2026-05-17";5.88665093;"A";"Данные СберИндекса";"Неделя";"Все категории ";"2";"% г/г";"0"
"2026-05-24";9.05478602;"A";"Данные СберИндекса";"Неделя";"Все категории ";"2";"% г/г";"0"
"2026-05-31";8.6402604;"A";"Данные СберИндекса";"Неделя";"Все категории ";"2";"% г/г";"0"
"2026-06-07";7.24268996;"A";"Данные СберИндекса";"Неделя";"Все категории ";"2";"% г/г";"0"
"2026-06-14";9.00262291;"A";"Данные СберИндекса";"Неделя";"Все категории ";"2";"% г/г";"0"
"2026-06-21";10.10222098;"A";"Данные СберИндекса";"Неделя";"Все категории ";"2";"% г/г";"0"
"2026-06-28";9.75441516;"A";"Данные СберИндекса";"Неделя";"Все категории ";"2";"% г/г";"0"
"2026-07-05";8.89194454;"A";"Данные СберИндекса";"Неделя";"Все категории ";"2";"% г/г";"0"
"2026-07-12";9.76106788;"A";"Данные СберИндекса";"Неделя";"Все категории ";"2";"% г/г";"0"
"2026-07-19";9.89495403;"A";"Данные СберИндекса";"Неделя";"Все категории ";"2";"% г/г";"0"
"2026-07-26";9.8900116;"A";"Данные СберИндекса";"Неделя";"Все категории ";"2";"% г/г";"0"
"2026-08-02";8.56596558;"A";"Данные СберИндекса";"Неделя";"Все категории ";"2";"% г/г";"0"
"2026-08-09";8.16232481;"A";"Данные СберИндекса";"Неделя";"Все категории ";"2";"% г/г";"0"
"2026-08-16";10.50207568;"A";"Данные СберИндекса";"Неделя";"Все категории ";"2";"% г/г";"0"
"2026-08-23";10.10744474;"A";"Данные СберИндекса";"Неделя";"Все категории ";"2";"% г/г";"0"
"2026-08-30";9.54029958;"A";"Данные СберИндекса";"Неделя";"Все категории ";"2";"% г/г";"0"
"2026-09-06";9.28013374;"A";"Данные СберИндекса";"Неделя";"Все категории ";"2";"% г/г";"0"
"2026-09-13";7.54901605;"A";"Данные СберИндекса";"Неделя";"Все категории ";"2";"% г/г";"0"
"2026-09-20";7.80899121;"A";"Данные СберИндекса";"Неделя";"Все категории ";"2";"% г/г";"0"
"2026-09-27";7.54823102;"A";"Данные СберИндекса";"Неделя";"Все категории ";"2";"% г/г";"0"
"2026-10-04";6.73893806;"A";"Данные СберИндекса";"Неделя";"Все категории ";"2";"% г/г";"0"
"2023-11-12";30.8059631;"A";"Данные СберИндекса";"Неделя";"Отели";"2";"% г/г";"0"
"2023-11-19";29.79873926;"A";"Данные СберИндекса";"Неделя";"Отели";"2";"% г/г";"0"
"2023-11-26";36.34820596;"A";"Данные СберИндекса";"Неделя";"Отели";"2";"% г/г";"0"
"2023-12-03";24.14833976;"A";"Данные СберИндекса";"Неделя";"Отели";"2";"% г/г";"0"
"2023-12-10";25.04062169;"A";"Данные СберИндекса";"Неделя";"Отели";"2";"% г/г";"0"
"2023-12-17";25.86181414;"A";"Данные СберИндекса";"Неделя";"Отели";"2";"% г/г";"0"
"2023-12-24";26.70821945;"A";"Данные СберИндекса";"Неделя";"Отели";"2";"% г/г";"0"
"2023-12-31";26.48801001;"A";"Данные СберИндекса";"Неделя";"Отели";"2";"% г/г";"0"
"2024-01-07";16.98261076;"A";"Данные СберИндекса";"Неделя";"Отели";"2";"% г/г";"0"
"2024-01-14";24.23101877;"A";"Данные СберИндекса";"Неделя";"Отели";"2";"% г/г";"0"
"2024-01-21";24.33576287;"A";"Данные СберИндекса";"Неделя";"Отели";"2";"% г/г";"0"
"2024-01-28";23.42923506;"A";"Данные СберИндекса";"Неделя";"Отели";"2";"% г/г";"0"
"2024-02-04";22.59331707;"A";"Данные СберИндекса";"Неделя";"Отели";"2";"% г/г";"0"
"2024-02-11";21.8909177;"A";"Данные СберИндекса";"Неделя";"Отели";"2";"% г/г";"0"
"2024-02-18";19.75008193;"A";"Данные СберИндекса";"Неделя";"Отели";"2";"% г/г";"0"
"2024-02-25";18.09101191;"A";"Данные СберИндекса";"Неделя";"Отели";"2";"% г/г";"0"
"2024-03-03";23.26773893;"A";"Данные СберИндекса";"Неделя";"Отели";"2";"% г/г";"0"
"2024-03-10";23.99383937;"A";"Данные СберИндекса";"Неделя";"Отели";"2";"% г/г";"0"
"2024-03-17";15.60151796;"A";"Данные СберИндекса";"Неделя";"Отели";"2";"% г/г";"0"
"2024-03-24";15.44185267;"A";"Данные СберИндекса";"Неделя";"Отели";"2";"% г/г";"0"
"2024-03-31";16.19933673;"A";"Данные СберИндекса";"Неделя";"Отели";"2";"% г/г";"0"
"2024-04-07";18.11425412;"A";"Данные СберИндекса";"Неделя";"Отели";"2";"% г/г";"0"
"2024-04-14";19.09261362;"A";"Данные СберИндекса";"Неделя";"Отели";"2";"% г/г";"0"
"2024-04-21";15.34249091;"A";"Данные СберИндекса";"Неделя";"Отели";"2";"% г/г";"0"
"2024-04-28";16.12256286;"A";"Данные СберИндекса";"Неделя";"Отели";"2";"% г/г";"0"
"2024-05-05";6.06946535;"A";"Данные СберИндекса";"Неделя";"Отели";"2";"% г/г";"0"
"2024-05-12";15.04021126;"A";"Данные СберИндекса";"Неделя";"Отели";"2";"% г/г";"0"
"2024-05-19";9.44947483;"A";"Данные СберИндекса";"Неделя";"Отели";"2";"% г/г";"0"
"2024-05-26";11.32481096;"A";"Данные СберИндекса";"Неделя";"Отели";"2";"% г/г";"0"
"2024-06-02";12.68914821;"A";"Данные СберИндекса";"Неделя";"Отели";"2";"% г/г";"0"
"2024-06-09";13.27979981;"A";"Данные СберИндекса";"Неделя";"Отели";"2";"% г/г";"0"
"2024-06-16";15.44359881;"A";"Данные СберИндекса";"Неделя";"Отели";"2";"% г/г";"0"
"2024-06-23";17.31247962;"A";"Данные СберИндекса";"Неделя";"Отели";"2";"% г/г";"0"
"2024-06-30";16.94257726;"A";"Данные СберИндекса";"Неделя";"Отели";"2";"% г/г";"0"
"2024-07-07";14.41095909;"A";"Данные СберИндекса";"Неделя";"Отели";"2";"% г/г";"0"
"2024-07-14";15.75582527;"A";"Данные СберИндекса";"Неделя";"Отели";"2";"% г/г";"0"
"2024-07-21";16.55195907;"A";"Данные СберИндекса";"Неделя";"Отели";"2";"% г/г";"0"
"2024-07-28";14.75873574;"A";"Данные СберИндекса";"Неделя";"Отели";"2";"% г/г";"0"
"2024-08-04";11.90994701;"A";"Данные СберИндекса";"Неделя";"Отели";"2";"% г/г";"0"
"2024-08-11";11.6101809;"A";"Данные СберИндекса";"Неделя";"Отели";"2";"% г/г";"0"
"2024-08-18";11.81990636;"A";"Данные СберИндекса";"Неделя";"Отели";"2";"% г/г";"0"
"2024-08-25";15.68594922;"A";"Данные СберИндекса";"Неделя";"Отели";"2";"% г/г";"0"
"2024-09-01";16.18350269;"A";"Данные СберИндекса";"Неделя";"Отели";"2";"% г/г";"0"
"2024-09-08";15.23086833;"A";"Данные СберИндекса";"Неделя";"Отели";"2";"% г/г";"0"
"2024-09-15";16.26580805;"A";"Данные СберИндекса";"Неделя";"Отели";"2";"% г/г";"0"
"2024-09-22";14.634;"A";"Данные СберИндекса";"Неделя";"Отели";"2";"% г/г";"0"
"2024-09-29";11.90616176;"A";"Данные СберИндекса";"Неделя";"Отели";"2";"% г/г";"0"
"2024-10-06";16.77583564;"A";"Данные СберИндекса";"Неделя";"Отели";"2";"% г/г";"0"
"2024-10-13";16.25182247;"A";"Данные СберИндекса";"Неделя";"Отели";"2";"% г/г";"0"
"2024-10-20";15.69552576;"A";"Данные СберИндекса";"Неделя";"Отели";"2";"% г/г";"0"
"2024-10-27";16.73419154;"A";"Данные СберИндекса";"Неделя";"Отели";"2";"% г/г";"0"
"2024-11-03";13.28800383;"A";"Данные СберИндекса";"Неделя";"Отели";"2";"% г/г";"0"
"2024-11-10";12.82781744;"A";"Данные СберИндекса";"Неделя";"Отели";"2";"% г/г";"0"
"2024-11-17";15.54570659;"A";"Данные СберИндекса";"Неделя";"Отели";"2";"% г/г";"0"
"2024-11-24";16.81306486;"A";"Данные СберИндекса";"Неделя";"Отели";"2";"% г/г";"0"
"2024-12-01";17.87162037;"A";"Данные СберИндекса";"Неделя";"Отели";"2";"% г/г";"0"
"2024-12-08";17.54499754;"A";"Данные СберИндекса";"Неделя";"Отели";"2";"% г/г";"0"
"2024-12-15";17.61604064;"A";"Данные СберИндекса";"Неделя";"Отели";"2";"% г/г";"0"
"2024-12-22";15.00588212;"A";"Данные СберИндекса";"Неделя";"Отели";"2";"% г/г";"0"
"2024-12-29";10.49318189;"A";"Данные СберИндекса";"Неделя";"Отели";"2";"% г/г";"0"
"2025-01-05";23.9328569;"A";"Данные СберИндекса";"Неделя";"Отели";"2";"% г/г";"0"
"2025-01-12";14.6052399;"A";"Данные СберИндекса";"Неделя";"Отели";"2";"% г/г";"0"
"2025-01-19";12.17805251;"A";"Данные СберИндекса";"Неделя";"Отели";"2";"% г/г";"0"
"2025-01-26";12.79441098;"A";"Данные СберИндекса";"Неделя";"Отели";"2";"% г/г";"0"
"2025-02-02";11.78194921;"A";"Данные СберИндекса";"Неделя";"Отели";"2";"% г/г";"0"
"2025-02-09";9.58039524;"A";"Данные СберИндекса";"Неделя";"Отели";"2";"% г/г";"0"
"2025-02-16";10.66804084;"A";"Данные СберИндекса";"Неделя";"Отели";"2";"% г/г";"0"
"2025-02-23";7.92232011;"A";"Данные СберИндекса";"Неделя";"Отели";"2";"% г/г";"0"
"2025-03-02";8.90234055;"A";"Данные СберИндекса";"Неделя";"Отели";"2";"% г/г";"0"
"2025-03-09";11.69111141;"A";"Данные СберИндекса";"Неделя";"Отели";"2";"% г/г";"0"
"2025-03-16";17.48963361;"A";"Данные СберИндекса";"Неделя";"Отели";"2";"% г/г";"0"
"2025-03-23";16.51006227;"A";"Данные СберИндекса";"Неделя";"Отели";"2";"% г/г";"0"
"2025-03-30";18.86125893;"A";"Данные СберИндекса";"Неделя";"Отели";"2";"% г/г";"0"
"2025-04-06";18.99070227;"A";"Данные СберИндекса";"Неделя";"Отели";"2";"% г/г";"0"
"2025-04-13";17.06599785;"A";"Данные СберИндекса";"Неделя";"Отели";"2";"% г/г";"0"
"2025-04-20";15.19297332;"A";"Данные СберИндекса";"Неделя";"Отели";"2";"% г/г";"0"
"2025-04-27";14.46597982;"A";"Данные СберИндекса";"Неделя";"Отели";"2";"% г/г";"0"
"2025-05-04";31.76571517;"A";"Данные СберИндекса";"Неделя";"Отели";"2";"% г/г";"0"
"2025-05-11";20.27238833;"A";"Данные СберИндекса";"Неделя";"Отели";"2";"% г/г";"0"
"2025-05-18";21.09774826;"A";"Данные СберИндекса";"Неделя";"Отели";"2";"% г/г";"0"
"2025-05-25";19.52855664;"A";"Данные СберИндекса";"Неделя";"Отели";"2";"% г/г";"0"
"2025-06-01";16.57351316;"A";"Данные СберИндекса";"Неделя";"Отели";"2";"% г/г";"0"
"2025-06-08";9.91344731;"A";"Данные СберИндекса";"Неделя";"Отели";"2";"% г/г";"0"
"2025-06-15";12.02009421;"A";"Данные СберИндекса";"Неделя";"Отели";"2";"% г/г";"0"
"2025-06-22";7.66454077;"A";"Данные СберИндекса";"Неделя";"Отели";"2";"% г/г";"0"
"2025-06-29";5.73344794;"A";"Данные СберИндекса";"Неделя";"Отели";"2";"% г/г";"0"
"2025-07-06";4.89744691;"A";"Данные СберИндекса";"Неделя";"Отели";"2";"% г/г";"0"
"2025-07-13";6.38513344;"A";"Данные СберИндекса";"Неделя";"Отели";"2";"% г/г";"0"
"2025-07-20";7.24228065;"A";"Данные СберИндекса";"Неделя";"Отели";"2";"% г/г";"0"
"2025-07-27";7.07570809;"A";"Данные СберИндекса";"Неделя";"Отели";"2";"% г/г";"0"
"2025-08-03";5.07764638;"A";"Данные СберИндекса";"Неделя";"Отели";"2";"% г/г";"0"
"2025-08-10";4.88453874;"A";"Данные СберИндекса";"Неделя";"Отели";"2";"% г/г";"0"
"2025-08-17";4.70679049;"A";"Данные СберИндекса";"Неделя";"Отели";"2";"% г/г";"0"
"2025-08-24";3.50797913;"A";"Данные СберИндекса";"Неделя";"Отели";"2";"% г/г";"0"
"2025-08-31";3.18107729;"A";"Данные СберИндекса";"Неделя";"Отели";"2";"% г/г";"0"
"2025-09-07";5.72716138;"A";"Данные СберИндекса";"Неделя";"Отели";"2";"% г/г";"0"
"2025-09-14";4.19463398;"A";"Данные СберИндекса";"Неделя";"Отели";"2";"% г/г";"0"
"2025-09-21";6.62802998;"A";"Данные СберИндекса";"Неделя";"Отели";"2";"% г/г";"0"
"2025-09-28";6.52116001;"A";"Данные СберИндекса";"Неделя";"Отели";"2";"% г/г";"0"
"2025-10-05";4.82191935;"A";"Данные СберИндекса";"Неделя";"Отели";"2";"% г/г";"0"
"2025-10-12";6.10246017;"A";"Данные СберИндекса";"Неделя";"Отели";"2";"% г/г";"0"
"2025-10-19";6.23779826;"A";"Данные СберИндекса";"Неделя";"Отели";"2";"% г/г";"0"
"2025-10-26";5.2353142;"A";"Данные СберИндекса";"Неделя";"Отели";"2";"% г/г";"0"
"2025-11-02";7.24009817;"A";"Данные СберИндекса";"Неделя";"Отели";"2";"% г/г";"0"
"2025-11-09";-0.72529277;"A";"Данные СберИндекса";"Неделя";"Отели";"2";"% г/г";"0"
"2025-11-16";1.02898209;"A";"Данные СберИндекса";"Неделя";"Отели";"2";"% г/г";"0"
"2025-11-23";-4.09249606;"A";"Данные СберИндекса";"Неделя";"Отели";"2";"% г/г";"0"
"2025-11-30";0.23944783;"A";"Данные СберИндекса";"Неделя";"Отели";"2";"% г/г";"0"
"2025-12-07";1.42462412;"A";"Данные СберИндекса";"Неделя";"Отели";"2";"% г/г";"0"
"2025-12-14";-0.13119328;"A";"Данные СберИндекса";"Неделя";"Отели";"2";"% г/г";"0"
"2025-12-21";2.62357624;"A";"Данные СберИндекса";"Неделя";"Отели";"2";"% г/г";"0"
"2025-12-28";-1.96801937;"A";"Данные СберИндекса";"Неделя";"Отели";"2";"% г/г";"0"
"2026-01-04";1.10280557;"A";"Данные СберИндекса";"Неделя";"Отели";"2";"% г/г";"0"
"2026-01-11";7.51763726;"A";"Данные СберИндекса";"Неделя";"Отели";"2";"% г/г";"0"
"2026-01-18";-1.06394201;"A";"Данные СберИндекса";"Неделя";"Отели";"2";"% г/г";"0"
"2026-01-25";0.47577539;"A";"Данные СберИндекса";"Неделя";"Отели";"2";"% г/г";"0"
"2026-02-01";0.73896311;"A";"Данные СберИндекса";"Неделя";"Отели";"2";"% г/г";"0"
"2026-02-08";0.28334642;"A";"Данные СберИндекса";"Неделя";"Отели";"2";"% г/г";"0"
"2026-02-15";2.97248922;"A";"Данные СберИндекса";"Неделя";"Отели";"2";"% г/г";"0"
"2026-02-22";4.8261711;"A";"Данные СберИндекса";"Неделя";"Отели";"2";"% г/г";"0"
"2026-03-01";4.22433605;"A";"Данные СберИндекса";"Неделя";"Отели";"2";"% г/г";"0"
"2026-03-08";3.48030915;"A";"Данные СберИндекса";"Неделя";"Отели";"2";"% г/г";"0"
"2026-03-15";2.28642949;"A";"Данные СберИндекса";"Неделя";"Отели";"2";"% г/г";"0"
"2026-03-22";1.82837036;"A";"Данные СберИндекса";"Неделя";"Отели";"2";"% г/г";"0"
"2026-03-29";2.69262593;"A";"Данные СберИндекса";"Неделя";"Отели";"2";"% г/г";"0"
"2026-04-05";0.40989597;"A";"Данные СберИндекса";"Неделя";"Отели";"2";"% г/г";"0"
"2026-04-12";-7.27522911;"A";"Данные СберИндекса";"Неделя";"Отели";"2";"% г/г";"0"
"2026-04-19";1.37545351;"A";"Данные СберИндекса";"Неделя";"Отели";"2";"% г/г";"0"
"2026-04-26";-1.35508162;"A";"Данные СберИндекса";"Неделя";"Отели";"2";"% г/г";"0"
"2026-05-03";-4.22094081;"A";"Данные СберИндекса";"Неделя";"Отели";"2";"% г/г";"0"
"2026-05-10";-5.13577154;"A";"Данные СберИндекса";"Неделя";"Отели";"2";"% г/г";"0"
"2026-05-17";-4.08108879;"A";"Данные СберИндекса";"Неделя";"Отели";"2";"% г/г";"0"
"2026-05-24";-2.47519882;"A";"Данные СберИндекса";"Неделя";"Отели";"2";"% г/г";"0"
"2026-05-31";-3.01328482;"A";"Данные СберИндекса";"Неделя";"Отели";"2";"% г/г";"0"
"2026-06-07";-3.04377843;"A";"Данные СберИндекса";"Неделя";"Отели";"2";"% г/г";"0"
"2026-06-14";-1.5501614;"A";"Данные СберИндекса";"Неделя";"Отели";"2";"% г/г";"0"
"2026-06-21";-1.29266764;"A";"Данные СберИндекса";"Неделя";"Отели";"2";"% г/г";"0"
"2026-06-28";-1.55961502;"A";"Данные СберИндекса";"Неделя";"Отели";"2";"% г/г";"0"
"2026-07-05";-3.11364198;"A";"Данные СберИндекса";"Неделя";"Отели";"2";"% г/г";"0"
"2026-07-12";-5.32160242;"A";"Данные СберИндекса";"Неделя";"Отели";"2";"% г/г";"0"
"2026-07-19";-5.250587;"A";"Данные СберИндекса";"Неделя";"Отели";"2";"% г/г";"0"
"2026-07-26";-3.95627276;"A";"Данные СберИндекса";"Неделя";"Отели";"2";"% г/г";"0"
"2026-08-02";-3.21861381;"A";"Данные СберИндекса";"Неделя";"Отели";"2";"% г/г";"0"
"2026-08-09";-2.60826574;"A";"Данные СберИндекса";"Неделя";"Отели";"2";"% г/г";"0"
"2026-08-16";-1.44610084;"A";"Данные СберИндекса";"Неделя";"Отели";"2";"% г/г";"0"
"2026-08-23";-1.51008209;"A";"Данные СберИндекса";"Неделя";"Отели";"2";"% г/г";"0"
"2026-08-30";-2.17423499;"A";"Данные СберИндекса";"Неделя";"Отели";"2";"% г/г";"0"
"2026-09-06";-4.67625135;"A";"Данные СберИндекса";"Неделя";"Отели";"2";"% г/г";"0"
"2026-09-13";-4.23930293;"A";"Данные СберИндекса";"Неделя";"Отели";"2";"% г/г";"0"
"2026-09-20";-4.25603445;"A";"Данные СберИндекса";"Неделя";"Отели";"2";"% г/г";"0"
"2026-09-27";-2.07251773;"A";"Данные СберИндекса";"Неделя";"Отели";"2";"% г/г";"0"
"2026-10-04";-1.28730382;"A";"Данные СберИндекса";"Неделя";"Отели";"2";"% г/г";"0"
"2023-11-12";27.47978514;"A";"Данные СберИндекса";"Неделя";"Услуги фото и печати";"2";"% г/г";"0"
"2023-11-19";27.86562291;"A";"Данные СберИндекса";"Неделя";"Услуги фото и печати";"2";"% г/г";"0"
"2023-11-26";25.80766583;"A";"Данные СберИндекса";"Неделя";"Услуги фото и печати";"2";"% г/г";"0"
"2023-12-03";25.30840905;"A";"Данные СберИндекса";"Неделя";"Услуги фото и печати";"2";"% г/г";"0"
"2023-12-10";18.27614864;"A";"Данные СберИндекса";"Неделя";"Услуги фото и печати";"2";"% г/г";"0"
"2023-12-17";16.31590164;"A";"Данные СберИндекса";"Неделя";"Услуги фото и печати";"2";"% г/г";"0"
"2023-12-24";18.74806065;"A";"Данные СберИндекса";"Неделя";"Услуги фото и печати";"2";"% г/г";"0"
"2023-12-31";24.15454916;"A";"Данные СберИндекса";"Неделя";"Услуги фото и печати";"2";"% г/г";"0"
"2024-01-07";8.58739142;"A";"Данные СберИндекса";"Неделя";"Услуги фото и печати";"2";"% г/г";"0"
"2024-01-14";11.84961644;"A";"Данные СберИндекса";"Неделя";"Услуги фото и печати";"2";"% г/г";"0"
"2024-01-21";17.56056571;"A";"Данные СберИндекса";"Неделя";"Услуги фото и печати";"2";"% г/г";"0"
"2024-01-28";17.38917191;"A";"Данные СберИндекса";"Неделя";"Услуги фото и печати";"2";"% г/г";"0"
"2024-02-04";20.73205223;"A";"Данные СберИндекса";"Неделя";"Услуги фото и печати";"2";"% г/г";"0"
"2024-02-11";22.77376356;"A";"Данные СберИндекса";"Неделя";"Услуги фото и печати";"2";"% г/г";"0"
"2024-02-18";22.78984457;"A";"Данные СберИндекса";"Неделя";"Услуги фото и печати";"2";"% г/г";"0"
"2024-02-25";28.88087988;"A";"Данные СберИндекса";"Неделя";"Услуги фото и печати";"2";"% г/г";"0"
"2024-03-03";19.34666916;"A";"Данные СберИндекса";"Неделя";"Услуги фото и печати";"2";"% г/г";"0"
"2024-03-10";15.4057037;"A";"Данные СберИндекса";"Неделя";"Услуги фото и печати";"2";"% г/г";"0"
"2024-03-17";12.39835051;"A";"Данные СберИндекса";"Неделя";"Услуги фото и печати";"2";"% г/г";"0"
"2024-03-24";12.17985892;"A";"Данные СберИндекса";"Неделя";"Услуги фото и печати";"2";"% г/г";"0"
"2024-03-31";13.71427598;"A";"Данные СберИндекса";"Неделя";"Услуги фото и печати";"2";"% г/г";"0"
"2024-04-07";15.88319282;"A";"Данные СберИндекса";"Неделя";"Услуги фото и печати";"2";"% г/г";"0"
"2024-04-14";16.34423466;"A";"Данные СберИндекса";"Неделя";"Услуги фото и печати";"2";"% г/г";"0"
"2024-04-21";17.62545382;"A";"Данные СберИндекса";"Неделя";"Услуги фото и печати";"2";"% г/г";"0"
"2024-04-28";19.44757485;"A";"Данные СберИндекса";"Неделя";"Услуги фото и печати";"2";"% г/г";"0"
"2024-05-05";6.57162361;"A";"Данные СберИндекса";"Неделя";"Услуги фото и печати";"2";"% г/г";"0"
"2024-05-12";14.46166755;"A";"Данные СберИндекса";"Неделя";"Услуги фото и печати";"2";"% г/г";"0"
"2024-05-19";11.5940296;"A";"Данные СберИндекса";"Неделя";"Услуги фото и печати";"2";"% г/г";"0"
"2024-05-26";16.50555951;"A";"Данные СберИндекса";"Неделя";"Услуги фото и печати";"2";"% г/г";"0"
"2024-06-02";15.24502793;"A";"Данные СберИндекса";"Неделя";"Услуги фото и печати";"2";"% г/г";"0"
"2024-06-09";18.65935974;"A";"Данные СберИндекса";"Неделя";"Услуги фото и печати";"2";"% г/г";"0"
"2024-06-16";17.22182725;"A";"Данные СберИндекса";"Неделя";"Услуги фото и печати";"2";"% г/г";"0"
"2024-06-23";19.65587326;"A";"Данные СберИндекса";"Неделя";"Услуги фото и печати";"2";"% г/г";"0"
"2024-06-30";20.59236274;"A";"Данные СберИндекса";"Неделя";"Услуги фото и печати";"2";"% г/г";"0"
"2024-07-07";19.7829538;"A";"Данные СберИндекса";"Неделя";"Услуги фото и печати";"2";"% г/г";"0"
"2024-07-14";20.97184368;"A";"Данные СберИндекса";"Неделя";"Услуги фото и печати";"2";"% г/г";"0"
"2024-07-21";21.96321456;"A";"Данные СберИндекса";"Неделя";"Услуги фото и печати";"2";"% г/г";"0"
"2024-07-28";23.53954644;"A";"Данные СберИндекса";"Неделя";"Услуги фото и печати";"2";"% г/г";"0"
"2024-08-04";25.70277017;"A";"Данные СберИндекса";"Неделя";"Услуги фото и печати";"2";"% г/г";"0"
"2024-08-11";25.42406736;"A";"Данные СберИндекса";"Неделя";"Услуги фото и печати";"2";"% г/г";"0"
"2024-08-18";26.74751251;"A";"Данные СберИндекса";"Неделя";"Услуги фото и печати";"2";"% г/г";"0"
"2024-08-25";24.63608226;"A";"Данные СберИндекса";"Неделя";"Услуги фото и печати";"2";"% г/г";"0"
"2024-09-01";22.41580188;"A";"Данные СберИндекса";"Неделя";"Услуги фото и печати";"2";"% г/г";"0"
"2024-09-08";23.20669229;"A";"Данные СберИндекса";"Неделя";"Услуги фото и печати";"2";"% г/г";"0"
"2024-09-15";22.47365621;"A";"Данные СберИндекса";"Неделя";"Услуги фото и печати";"2";"% г/г";"0"
"2024-09-22";22.5728304;"A";"Данные СберИндекса";"Неделя";"Услуги фото и печати";"2";"% г/г";"0"
"2024-09-29";20.97412009;"A";"Данные СберИндекса";"Неделя";"Услуги фото и печати";"2";"% г/г";"0"
"2024-10-06";23.96252396;"A";"Данные СберИндекса";"Неделя";"Услуги фото и печати";"2";"% г/г";"0"
"2024-10-13";23.8311857;"A";"Данные СберИндекса";"Неделя";"Услуги фото и печати";"2";"% г/г";"0"
"2024-10-20";23.77519163;"A";"Данные СберИндекса";"Неделя";"Услуги фото и печати";"2";"% г/г";"0"
"2024-10-27";24.67918739;"A";"Данные СберИндекса";"Неделя";"Услуги фото и печати";"2";"% г/г";"0"
"2024-11-03";24.47224246;"A";"Данные СберИндекса";"Неделя";"Услуги фото и печати";"2";"% г/г";"0"
"2024-11-10";20.01785784;"A";"Данные СберИндекса";"Неделя";"Услуги фото и печати";"2";"% г/г";"0"
"2024-11-17";22.36889109;"A";"Данные СберИндекса";"Неделя";"Услуги фото и печати";"2";"% г/г";"0"
"2024-11-24";20.12110137;"A";"Данные СберИндекса";"Неделя";"Услуги фото и печати";"2";"% г/г";"0"
"2024-12-01";28.49177377;"A";"Данные СберИндекса";"Неделя";"Услуги фото и печати";"2";"% г/г";"0"
"2024-12-08";28.82401607;"A";"Данные СберИндекса";"Неделя";"Услуги фото и печати";"2";"% г/г";"0"
"2024-12-15";29.83645742;"A";"Данные СберИндекса";"Неделя";"Услуги фото и печати";"2";"% г/г";"0"
"2024-12-22";25.47375853;"A";"Данные СберИндекса";"Неделя";"Услуги фото и печати";"2";"% г/г";"0"
"2024-12-29";33.98889707;"A";"Данные СберИндекса";"Неделя";"Услуги фото и печати";"2";"% г/г";"0"
"2025-01-05";37.88861624;"A";"Данные СберИндекса";"Неделя";"Услуги фото и печати";"2";"% г/г";"0"
"2025-01-12";22.53952832;"A";"Данные СберИндекса";"Неделя";"Услуги фото и печати";"2";"% г/г";"0"
"2025-01-19";31.34835295;"A";"Данные СберИндекса";"Неделя";"Услуги фото и печати";"2";"% г/г";"0"
"2025-01-26";32.61232956;"A";"Данные СберИндекса";"Неделя";"Услуги фото и печати";"2";"% г/г";"0"
"2025-02-02";29.58170312;"A";"Данные СберИндекса";"Неделя";"Услуги фото и печати";"2";"% г/г";"0"
"2025-02-09";28.88686215;"A";"Данные СберИндекса";"Неделя";"Услуги фото и печати";"2";"% г/г";"0"
"2025-02-16";30.5338989;"A";"Данные СберИндекса";"Неделя";"Услуги фото и печати";"2";"% г/г";"0"
"2025-02-23";29.42472758;"A";"Данные СберИндекса";"Неделя";"Услуги фото и печати";"2";"% г/г";"0"
"2025-03-02";26.98786758;"A";"Данные СберИндекса";"Неделя";"Услуги фото и печати";"2";"% г/г";"0"
"2025-03-09";35.58906726;"A";"Данные СберИндекса";"Неделя";"Услуги фото и печати";"2";"% г/г";"0"
"2025-03-16";32.60111124;"A";"Данные СберИндекса";"Неделя";"Услуги фото и печати";"2";"% г/г";"0"
"2025-03-23";34.10657097;"A";"Данные СберИндекса";"Неделя";"Услуги фото и печати";"2";"% г/г";"0"
"2025-03-30";32.79583823;"A";"Данные СберИндекса";"Неделя";"Услуги фото и печати";"2";"% г/г";"0"
"2025-04-06";31.07554225;"A";"Данные СберИндекса";"Неделя";"Услуги фото и печати";"2";"% г/г";"0"
"2025-04-13";32.10013536;"A";"Данные СберИндекса";"Неделя";"Услуги фото и печати";"2";"% г/г";"0"
"2025-04-20";30.81111731;"A";"Данные СберИндекса";"Неделя";"Услуги фото и печати";"2";"% г/г";"0"
"2025-04-27";32.13577314;"A";"Данные СберИндекса";"Неделя";"Услуги фото и печати";"2";"% г/г";"0"
"2025-05-04";46.98635732;"A";"Данные СберИндекса";"Неделя";"Услуги фото и печати";"2";"% г/г";"0"
"2025-05-11";40.00327614;"A";"Данные СберИндекса";"Неделя";"Услуги фото и печати";"2";"% г/г";"0"
"2025-05-18";37.12096414;"A";"Данные СберИндекса";"Неделя";"Услуги фото и печати";"2";"% г/г";"0"
"2025-05-25";30.85300789;"A";"Данные СберИндекса";"Неделя";"Услуги фото и печати";"2";"% г/г";"0"
"2025-06-01";31.53441092;"A";"Данные СберИндекса";"Неделя";"Услуги фото и печати";"2";"% г/г";"0"
"2025-06-08";30.1845736;"A";"Данные СберИндекса";"Неделя";"Услуги фото и печати";"2";"% г/г";"0"
"2025-06-15";27.24560286;"A";"Данные СберИндекса";"Неделя";"Услуги фото и печати";"2";"% г/г";"0"
"2025-06-22";33.59370621;"A";"Данные СберИндекса";"Неделя";"Услуги фото и печати";"2";"% г/г";"0"
"2025-06-29";29.13451224;"A";"Данные СберИндекса";"Неделя";"Услуги фото и печати";"2";"% г/г";"0"
"2025-07-06";27.44268129;"A";"Данные СберИндекса";"Неделя";"Услуги фото и печати";"2";"% г/г";"0"
"2025-07-13";24.92041919;"A";"Данные СберИндекса";"Неделя";"Услуги фото и печати";"2";"% г/г";"0"
"2025-07-20";25.41004789;"A";"Данные СберИндекса";"Неделя";"Услуги фото и печати";"2";"% г/г";"0"
"2025-07-27";24.28467848;"A";"Данные СберИндекса";"Неделя";"Услуги фото и печати";"2";"% г/г";"0"
"2025-08-03";24.32485605;"A";"Данные СберИндекса";"Неделя";"Услуги фото и печати";"2";"% г/г";"0"
"2025-08-10";25.27632119;"A";"Данные СберИндекса";"Неделя";"Услуги фото и печати";"2";"% г/г";"0"
"2025-08-17";26.54251068;"A";"Данные СберИндекса";"Неделя";"Услуги фото и печати";"2";"% г/г";"0"
"2025-08-24";26.8778785;"A";"Данные СберИндекса";"Неделя";"Услуги фото и печати";"2";"% г/г";"0"
"2025-08-31";26.91296185;"A";"Данные СберИндекса";"Неделя";"Услуги фото и печати";"2";"% г/г";"0"
"2025-09-07";21.26640074;"A";"Данные СберИндекса";"Неделя";"Услуги фото и печати";"2";"% г/г";"0"
"2025-09-14";21.47421407;"A";"Данные СберИндекса";"Неделя";"Услуги фото и печати";"2";"% г/г";"0"
"2025-09-21";22.83832485;"A";"Данные СберИндекса";"Неделя";"Услуги фото и печати";"2";"% г/г";"0"
"2025-09-28";22.70506383;"A";"Данные СберИндекса";"Неделя";"Услуги фото и печати";"2";"% г/г";"0"
"2025-10-05";21.6100466;"A";"Данные СберИндекса";"Неделя";"Услуги фото и печати";"2";"% г/г";"0"
"2025-10-12";22.11102949;"A";"Данные СберИндекса";"Неделя";"Услуги фото и печати";"2";"% г/г";"0"
"2025-10-19";25.18269131;"A";"Данные СберИндекса";"Неделя";"Услуги фото и печати";"2";"% г/г";"0"
"2025-10-26";22.32467629;"A";"Данные СберИндекса";"Неделя";"Услуги фото и печати";"2";"% г/г";"0"
"2025-11-02";20.59833867;"A";"Данные СберИндекса";"Неделя";"Услуги фото и печати";"2";"% г/г";"0"
"2025-11-09";15.00458435;"A";"Данные СберИндекса";"Неделя";"Услуги фото и печати";"2";"% г/г";"0"
"2025-11-16";19.722237;"A";"Данные СберИндекса";"Неделя";"Услуги фото и печати";"2";"% г/г";"0"
"2025-11-23";15.4443104;"A";"Данные СберИндекса";"Неделя";"Услуги фото и печати";"2";"% г/г";"0"
"2025-11-30";12.7128728;"A";"Данные СберИндекса";"Неделя";"Услуги фото и печати";"2";"% г/г";"0"
"2025-12-07";14.18866837;"A";"Данные СберИндекса";"Неделя";"Услуги фото и печати";"2";"% г/г";"0"
"2025-12-14";12.78275711;"A";"Данные СберИндекса";"Неделя";"Услуги фото и печати";"2";"% г/г";"0"
"2025-12-21";16.95581606;"A";"Данные СберИндекса";"Неделя";"Услуги фото и печати";"2";"% г/г";"0"
"2025-12-28";18.19935901;"A";"Данные СберИндекса";"Неделя";"Услуги фото и печати";"2";"% г/г";"0"
"2026-01-04";32.79641105;"A";"Данные СберИндекса";"Неделя";"Услуги фото и печати";"2";"% г/г";"0"
"2026-01-11";8.83033568;"A";"Данные СберИндекса";"Неделя";"Услуги фото и печати";"2";"% г/г";"0"
"2026-01-18";14.40861364;"A";"Данные СберИндекса";"Неделя";"Услуги фото и печати";"2";"% г/г";"0"
"2026-01-25";10.98911013;"A";"Данные СберИндекса";"Неделя";"Услуги фото и печати";"2";"% г/г";"0"
"2026-02-01";9.18590472;"A";"Данные СберИндекса";"Неделя";"Услуги фото и печати";"2";"% г/г";"0"
"2026-02-08";6.90215713;"A";"Данные СберИндекса";"Неделя";"Услуги фото и печати";"2";"% г/г";"0"
"2026-02-15";9.18126026;"A";"Данные СберИндекса";"Неделя";"Услуги фото и печати";"2";"% г/г";"0"
"2026-02-22";9.67200162;"A";"Данные СберИндекса";"Неделя";"Услуги фото и печати";"2";"% г/г";"0"
"2026-03-01";9.39469769;"A";"Данные СберИндекса";"Неделя";"Услуги фото и печати";"2";"% г/г";"0"
"2026-03-08";10.9167617;"A";"Данные СберИндекса";"Неделя";"Услуги фото и печати";"2";"% г/г";"0"
"2026-03-15";7.14773701;"A";"Данные СберИндекса";"Неделя";"Услуги фото и печати";"2";"% г/г";"0"
"2026-03-22";8.1308939;"A";"Данные СберИндекса";"Неделя";"Услуги фото и печати";"2";"% г/г";"0"
"2026-03-29";7.49662858;"A";"Данные СберИндекса";"Неделя";"Услуги фото и печати";"2";"% г/г";"0"
"2026-04-05";7.97576398;"A";"Данные СберИндекса";"Неделя";"Услуги фото и печати";"2";"% г/г";"0"
"2026-04-12";3.68648124;"A";"Данные СберИндекса";"Неделя";"Услуги фото и печати";"2";"% г/г";"0"
"2026-04-19";15.25084705;"A";"Данные СберИндекса";"Неделя";"Услуги фото и печати";"2";"% г/г";"0"
"2026-04-26";12.80364542;"A";"Данные СберИндекса";"Неделя";"Услуги фото и печати";"2";"% г/г";"0"
"2026-05-03";9.70568592;"A";"Данные СберИндекса";"Неделя";"Услуги фото и печати";"2";"% г/г";"0"
"2026-05-10";7.12738166;"A";"Данные СберИндекса";"Неделя";"Услуги фото и печати";"2";"% г/г";"0"
"2026-05-17";0.90189797;"A";"Данные СберИндекса";"Неделя";"Услуги фото и печати";"2";"% г/г";"0"
"2026-05-24";14.1602461;"A";"Данные СберИндекса";"Неделя";"Услуги фото и печати";"2";"% г/г";"0"
"2026-05-31";14.16920052;"A";"Данные СберИндекса";"Неделя";"Услуги фото и печати";"2";"% г/г";"0"
"2026-06-07";11.39522069;"A";"Данные СберИндекса";"Неделя";"Услуги фото и печати";"2";"% г/г";"0"
"2026-06-14";14.33798529;"A";"Данные СберИндекса";"Неделя";"Услуги фото и печати";"2";"% г/г";"0"
"2026-06-21";13.45296597;"A";"Данные СберИндекса";"Неделя";"Услуги фото и печати";"2";"% г/г";"0"
"2026-06-28";14.3796861;"A";"Данные СберИндекса";"Неделя";"Услуги фото и печати";"2";"% г/г";"0"
"2026-07-05";12.87993641;"A";"Данные СберИндекса";"Неделя";"Услуги фото и печати";"2";"% г/г";"0"
"2026-07-12";11.82444995;"A";"Данные СберИндекса";"Неделя";"Услуги фото и печати";"2";"% г/г";"0"
"2026-07-19";11.41534142;"A";"Данные СберИндекса";"Неделя";"Услуги фото и печати";"2";"% г/г";"0"
"2026-07-26";11.00746264;"A";"Данные СберИндекса";"Неделя";"Услуги фото и печати";"2";"% г/г";"0"
"2026-08-02";11.87566067;"A";"Данные СберИндекса";"Неделя";"Услуги фото и печати";"2";"% г/г";"0"
"2026-08-09";12.58603404;"A";"Данные СберИндекса";"Неделя";"Услуги фото и печати";"2";"% г/г";"0"
"2026-08-16";15.68282038;"A";"Данные СберИндекса";"Неделя";"Услуги фото и печати";"2";"% г/г";"0"
"2026-08-23";15.54892276;"A";"Данные СберИндекса";"Неделя";"Услуги фото и печати";"2";"% г/г";"0"
"2026-08-30";15.99189005;"A";"Данные СберИндекса";"Неделя";"Услуги фото и печати";"2";"% г/г";"0"
"2026-09-06";17.14347217;"A";"Данные СберИндекса";"Неделя";"Услуги фото и печати";"2";"% г/г";"0"
"2026-09-13";16.2853541;"A";"Данные СберИндекса";"Неделя";"Услуги фото и печати";"2";"% г/г";"0"
"2026-09-20";14.64371648;"A";"Данные СберИндекса";"Неделя";"Услуги фото и печати";"2";"% г/г";"0"
"2026-09-27";16.8385998;"A";"Данные СберИндекса";"Неделя";"Услуги фото и печати";"2";"% г/г";"0"
"2026-10-04";16.55026151;"A";"Данные СберИндекса";"Неделя";"Услуги фото и печати";"2";"% г/г";"0"
"2023-11-12";17.4109309;"A";"Данные СберИндекса";"Неделя";"Ювелирные изделия и часы";"2";"% г/г";"0"
"2023-11-19";14.41920903;"A";"Данные СберИндекса";"Неделя";"Ювелирные изделия и часы";"2";"% г/г";"0"
"2023-11-26";13.78414696;"A";"Данные СберИндекса";"Неделя";"Ювелирные изделия и часы";"2";"% г/г";"0"
"2023-12-03";14.69244483;"A";"Данные СберИндекса";"Неделя";"Ювелирные изделия и часы";"2";"% г/г";"0"
"2023-12-10";15.19141817;"A";"Данные СберИндекса";"Неделя";"Ювелирные изделия и часы";"2";"% г/г";"0"
"2023-12-17";14.61849011;"A";"Данные СберИндекса";"Неделя";"Ювелирные изделия и часы";"2";"% г/г";"0"
"2023-12-24";14.6092936;"A";"Данные СберИндекса";"Неделя";"Ювелирные изделия и часы";"2";"% г/г";"0"
"2023-12-31";15.95106945;"A";"Данные СберИндекса";"Неделя";"Ювелирные изделия и часы";"2";"% г/г";"0"
"2024-01-07";16.31326008;"A";"Данные СберИндекса";"Неделя";"Ювелирные изделия и часы";"2";"% г/г";"0"
"2024-01-14";19.54878245;"A";"Данные СберИндекса";"Неделя";"Ювелирные изделия и часы";"2";"% г/г";"0"
"2024-01-21";19.91243997;"A";"Данные СберИндекса";"Неделя";"Ювелирные изделия и часы";"2";"% г/г";"0"
"2024-01-28";20.58235204;"A";"Данные СберИндекса";"Неделя";"Ювелирные изделия и часы";"2";"% г/г";"0"
"2024-02-04";27.28688949;"A";"Данные СберИндекса";"Неделя";"Ювелирные изделия и часы";"2";"% г/г";"0"
"2024-02-11";30.3784145;"A";"Данные СберИндекса";"Неделя";"Ювелирные изделия и часы";"2";"% г/г";"0"
"2024-02-18";30.6705679;"A";"Данные СберИндекса";"Неделя";"Ювелирные изделия и часы";"2";"% г/г";"0"
"2024-02-25";29.47730733;"A";"Данные СберИндекса";"Неделя";"Ювелирные изделия и часы";"2";"% г/г";"0"
"2024-03-03";24.84922834;"A";"Данные СберИндекса";"Неделя";"Ювелирные изделия и часы";"2";"% г/г";"0"
"2024-03-10";27.52501354;"A";"Данные СберИндекса";"Неделя";"Ювелирные изделия и часы";"2";"% г/г";"0"
"2024-03-17";25.9737234;"A";"Данные СберИндекса";"Неделя";"Ювелирные изделия и часы";"2";"% г/г";"0"
"2024-03-24";24.83582176;"A";"Данные СберИндекса";"Неделя";"Ювелирные изделия и часы";"2";"% г/г";"0"
"2024-03-31";23.94874722;"A";"Данные СберИндекса";"Неделя";"Ювелирные изделия и часы";"2";"% г/г";"0"
"2024-04-07";21.4127241;"A";"Данные СберИндекса";"Неделя";"Ювелирные изделия и часы";"2";"% г/г";"0"
"2024-04-14";21.24202114;"A";"Данные СберИндекса";"Неделя";"Ювелирные изделия и часы";"2";"% г/г";"0"
"2024-04-21";22.49692257;"A";"Данные СберИндекса";"Неделя";"Ювелирные изделия и часы";"2";"% г/г";"0"
"2024-04-28";22.37501646;"A";"Данные СберИндекса";"Неделя";"Ювелирные изделия и часы";"2";"% г/г";"0"
"2024-05-05";16.16765397;"A";"Данные СберИндекса";"Неделя";"Ювелирные изделия и часы";"2";"% г/г";"0"
"2024-05-12";14.54819856;"A";"Данные СберИндекса";"Неделя";"Ювелирные изделия и часы";"2";"% г/г";"0"
"2024-05-19";13.87116229;"A";"Данные СберИндекса";"Неделя";"Ювелирные изделия и часы";"2";"% г/г";"0"
"2024-05-26";14.87921586;"A";"Данные СберИндекса";"Неделя";"Ювелирные изделия и часы";"2";"% г/г";"0"
"2024-06-02";14.80587087;"A";"Данные СберИндекса";"Неделя";"Ювелирные изделия и часы";"2";"% г/г";"0"
"2024-06-09";15.63544558;"A";"Данные СберИндекса";"Неделя";"Ювелирные изделия и часы";"2";"% г/г";"0"
"2024-06-16";15.54277101;"A";"Данные СберИндекса";"Неделя";"Ювелирные изделия и часы";"2";"% г/г";"0"
"2024-06-23";15.93045841;"A";"Данные СберИндекса";"Неделя";"Ювелирные изделия и часы";"2";"% г/г";"0"
"2024-06-30";15.06639724;"A";"Данные СберИндекса";"Неделя";"Ювелирные изделия и часы";"2";"% г/г";"0"
"2024-07-07";14.22386234;"A";"Данные СберИндекса";"Неделя";"Ювелирные изделия и часы";"2";"% г/г";"0"
"2024-07-14";14.23464437;"A";"Данные СберИндекса";"Неделя";"Ювелирные изделия и часы";"2";"% г/г";"0"
"2024-07-21";15.2173759;"A";"Данные СберИндекса";"Неделя";"Ювелирные изделия и часы";"2";"% г/г";"0"
"2024-07-28";15.16604799;"A";"Данные СберИндекса";"Неделя";"Ювелирные изделия и часы";"2";"% г/г";"0"
"2024-08-04";15.50127138;"A";"Данные СберИндекса";"Неделя";"Ювелирные изделия и часы";"2";"% г/г";"0"
"2024-08-11";14.51076559;"A";"Данные СберИндекса";"Неделя";"Ювелирные изделия и часы";"2";"% г/г";"0"
"2024-08-18";14.85875395;"A";"Данные СберИндекса";"Неделя";"Ювелирные изделия и часы";"2";"% г/г";"0"
"2024-08-25";16.5198061;"A";"Данные СберИндекса";"Неделя";"Ювелирные изделия и часы";"2";"% г/г";"0"
"2024-09-01";16.69193627;"A";"Данные СберИндекса";"Неделя";"Ювелирные изделия и часы";"2";"% г/г";"0"
"2024-09-08";14.90971065;"A";"Данные СберИндекса";"Неделя";"Ювелирные изделия и часы";"2";"% г/г";"0"
"2024-09-15";16.01290735;"A";"Данные СберИндекса";"Неделя";"Ювелирные изделия и часы";"2";"% г/г";"0"
"2024-09-22";16.18633059;"A";"Данные СберИндекса";"Неделя";"Ювелирные изделия и часы";"2";"% г/г";"0"
"2024-09-29";15.03817614;"A";"Данные СберИндекса";"Неделя";"Ювелирные изделия и часы";"2";"% г/г";"0"
"2024-10-06";17.30603287;"A";"Данные СберИндекса";"Неделя";"Ювелирные изделия и часы";"2";"% г/г";"0"
"2024-10-13";17.97523192;"A";"Данные СберИндекса";"Неделя";"Ювелирные изделия и часы";"2";"% г/г";"0"
"2024-10-20";19.28226828;"A";"Данные СберИндекса";"Неделя";"Ювелирные изделия и часы";"2";"% г/г";"0"
"2024-10-27";19.58654557;"A";"Данные СберИндекса";"Неделя";"Ювелирные изделия и часы";"2";"% г/г";"0"
"2024-11-03";19.26601547;"A";"Данные СберИндекса";"Неделя";"Ювелирные изделия и часы";"2";"% г/г";"0"
"2024-11-10";14.34034111;"A";"Данные СберИндекса";"Неделя";"Ювелирные изделия и часы";"2";"% г/г";"0"
"2024-11-17";15.80116571;"A";"Данные СберИндекса";"Неделя";"Ювелирные изделия и часы";"2";"% г/г";"0"
"2024-11-24";12.79420938;"A";"Данные СберИндекса";"Неделя";"Ювелирные изделия и часы";"2";"% г/г";"0"
"2024-12-01";14.6632917;"A";"Данные СберИндекса";"Неделя";"Ювелирные изделия и часы";"2";"% г/г";"0"
"2024-12-08";9.91071785;"A";"Данные СберИндекса";"Неделя";"Ювелирные изделия и часы";"2";"% г/г";"0"
"2024-12-15";8.89637685;"A";"Данные СберИндекса";"Неделя";"Ювелирные изделия и часы";"2";"% г/г";"0"
"2024-12-22";6.84439616;"A";"Данные СберИндекса";"Неделя";"Ювелирные изделия и часы";"2";"% г/г";"0"
"2024-12-29";7.07198794;"A";"Данные СберИндекса";"Неделя";"Ювелирные изделия и часы";"2";"% г/г";"0"
"2025-01-05";21.61504259;"A";"Данные СберИндекса";"Неделя";"Ювелирные изделия и часы";"2";"% г/г";"0"
"2025-01-12";8.19632338;"A";"Данные СберИндекса";"Неделя";"Ювелирные изделия и часы";"2";"% г/г";"0"
"2025-01-19";5.59658791;"A";"Данные СберИндекса";"Неделя";"Ювелирные изделия и часы";"2";"% г/г";"0"
"2025-01-26";4.32294843;"A";"Данные СберИндекса";"Неделя";"Ювелирные изделия и часы";"2";"% г/г";"0"
"2025-02-02";0.52441006;"A";"Данные СберИндекса";"Неделя";"Ювелирные изделия и часы";"2";"% г/г";"0"
"2025-02-09";-1.49665279;"A";"Данные СберИндекса";"Неделя";"Ювелирные изделия и часы";"2";"% г/г";"0"
"2025-02-16";-0.32514392;"A";"Данные СберИндекса";"Неделя";"Ювелирные изделия и часы";"2";"% г/г";"0"
"2025-02-23";-1.23080505;"A";"Данные СберИндекса";"Неделя";"Ювелирные изделия и часы";"2";"% г/г";"0"
"2025-03-02";-2.740534;"A";"Данные СберИндекса";"Неделя";"Ювелирные изделия и часы";"2";"% г/г";"0"
"2025-03-09";-4.20932782;"A";"Данные СберИндекса";"Неделя";"Ювелирные изделия и часы";"2";"% г/г";"0"
"2025-03-16";-3.09232433;"A";"Данные СберИндекса";"Неделя";"Ювелирные изделия и часы";"2";"% г/г";"0"
"2025-03-23";-3.2589602;"A";"Данные СберИндекса";"Неделя";"Ювелирные изделия и часы";"2";"% г/г";"0"
"2025-03-30";-2.71046988;"A";"Данные СберИндекса";"Неделя";"Ювелирные изделия и часы";"2";"% г/г";"0"
"2025-04-06";1.50032387;"A";"Данные СберИндекса";"Неделя";"Ювелирные изделия и часы";"2";"% г/г";"0"
"2025-04-13";2.15613212;"A";"Данные СберИндекса";"Неделя";"Ювелирные изделия и часы";"2";"% г/г";"0"
"2025-04-20";0.5546056;"A";"Данные СберИндекса";"Неделя";"Ювелирные изделия и часы";"2";"% г/г";"0"
"2025-04-27";0.89868273;"A";"Данные СберИндекса";"Неделя";"Ювелирные изделия и часы";"2";"% г/г";"0"
"2025-05-04";2.1790544;"A";"Данные СберИндекса";"Неделя";"Ювелирные изделия и часы";"2";"% г/г";"0"
"2025-05-11";0.2449886;"A";"Данные СберИндекса";"Неделя";"Ювелирные изделия и часы";"2";"% г/г";"0"
"2025-05-18";1.46229681;"A";"Данные СберИндекса";"Неделя";"Ювелирные изделия и часы";"2";"% г/г";"0"
"2025-05-25";0.97575124;"A";"Данные СберИндекса";"Неделя";"Ювелирные изделия и часы";"2";"% г/г";"0"
"2025-06-01";0.46416322;"A";"Данные СберИндекса";"Неделя";"Ювелирные изделия и часы";"2";"% г/г";"0"
"2025-06-08";0.09370922;"A";"Данные СберИндекса";"Неделя";"Ювелирные изделия и часы";"2";"% г/г";"0"
"2025-06-15";0.92178678;"A";"Данные СберИндекса";"Неделя";"Ювелирные изделия и часы";"2";"% г/г";"0"
"2025-06-22";0.86747181;"A";"Данные СберИндекса";"Неделя";"Ювелирные изделия и часы";"2";"% г/г";"0"
"2025-06-29";0.64024441;"A";"Данные СберИндекса";"Неделя";"Ювелирные изделия и часы";"2";"% г/г";"0"
"2025-07-06";-2.63589008;"A";"Данные СберИндекса";"Неделя";"Ювелирные изделия и часы";"2";"% г/г";"0"
"2025-07-13";-4.3252499;"A";"Данные СберИндекса";"Неделя";"Ювелирные изделия и часы";"2";"% г/г";"0"
"2025-07-20";-3.42953722;"A";"Данные СберИндекса";"Неделя";"Ювелирные изделия и часы";"2";"% г/г";"0"
"2025-07-27";-3.77720499;"A";"Данные СберИндекса";"Неделя";"Ювелирные изделия и часы";"2";"% г/г";"0"
"2025-08-03";-4.62195245;"A";"Данные СберИндекса";"Неделя";"Ювелирные изделия и часы";"2";"% г/г";"0"
"2025-08-10";-4.97175694;"A";"Данные СберИндекса";"Неделя";"Ювелирные изделия и часы";"2";"% г/г";"0"
"2025-08-17";-4.98157414;"A";"Данные СберИндекса";"Неделя";"Ювелирные изделия и часы";"2";"% г/г";"0"
"2025-08-24";-5.89065074;"A";"Данные СберИндекса";"Неделя";"Ювелирные изделия и часы";"2";"% г/г";"0"
"2025-08-31";-6.60497531;"A";"Данные СберИндекса";"Неделя";"Ювелирные изделия и часы";"2";"% г/г";"0"
"2025-09-07";-9.04359135;"A";"Данные СберИндекса";"Неделя";"Ювелирные изделия и часы";"2";"% г/г";"0"
"2025-09-14";-9.82985689;"A";"Данные СберИндекса";"Неделя";"Ювелирные изделия и часы";"2";"% г/г";"0"
"2025-09-21";-9.40263703;"A";"Данные СберИндекса";"Неделя";"Ювелирные изделия и часы";"2";"% г/г";"0"
"2025-09-28";-9.44667798;"A";"Данные СберИндекса";"Неделя";"Ювелирные изделия и часы";"2";"% г/г";"0"
"2025-10-05";-7.7249619;"A";"Данные СберИндекса";"Неделя";"Ювелирные изделия и часы";"2";"% г/г";"0"
"2025-10-12";-6.90104277;"A";"Данные СберИндекса";"Неделя";"Ювелирные изделия и часы";"2";"% г/г";"0"
"2025-10-19";-6.81503701;"A";"Данные СберИндекса";"Неделя";"Ювелирные изделия и часы";"2";"% г/г";"0"
"2025-10-26";-7.39134373;"A";"Данные СберИндекса";"Неделя";"Ювелирные изделия и часы";"2";"% г/г";"0"
"2025-11-02";-9.13748539;"A";"Данные СберИндекса";"Неделя";"Ювелирные изделия и часы";"2";"% г/г";"0"
"2025-11-09";-8.67973679;"A";"Данные СберИндекса";"Неделя";"Ювелирные изделия и часы";"2";"% г/г";"0"
"2025-11-16";-7.1506941;"A";"Данные СберИндекса";"Неделя";"Ювелирные изделия и часы";"2";"% г/г";"0"
"2025-11-23";-5.29846854;"A";"Данные СберИндекса";"Неделя";"Ювелирные изделия и часы";"2";"% г/г";"0"
"2025-11-30";-5.03304908;"A";"Данные СберИндекса";"Неделя";"Ювелирные изделия и часы";"2";"% г/г";"0"
"2025-12-07";-4.64060386;"A";"Данные СберИндекса";"Неделя";"Ювелирные изделия и часы";"2";"% г/г";"0"
"2025-12-14";-5.19902656;"A";"Данные СберИндекса";"Неделя";"Ювелирные изделия и часы";"2";"% г/г";"0"
"2025-12-21";-5.07433932;"A";"Данные СберИндекса";"Неделя";"Ювелирные изделия и часы";"2";"% г/г";"0"
"2025-12-28";-5.17496825;"A";"Данные СберИндекса";"Неделя";"Ювелирные изделия и часы";"2";"% г/г";"0"
"2026-01-04";-0.32974301;"A";"Данные СберИндекса";"Неделя";"Ювелирные изделия и часы";"2";"% г/г";"0"
"2026-01-11";-1.60713029;"A";"Данные СберИндекса";"Неделя";"Ювелирные изделия и часы";"2";"% г/г";"0"
"2026-01-18";0.56517086;"A";"Данные СберИндекса";"Неделя";"Ювелирные изделия и часы";"2";"% г/г";"0"
"2026-01-25";0.80092923;"A";"Данные СберИндекса";"Неделя";"Ювелирные изделия и часы";"2";"% г/г";"0"
"2026-02-01";0.9293313;"A";"Данные СберИндекса";"Неделя";"Ювелирные изделия и часы";"2";"% г/г";"0"
"2026-02-08";-1.12928918;"A";"Данные СберИндекса";"Неделя";"Ювелирные изделия и часы";"2";"% г/г";"0"
"2026-02-15";-2.45298177;"A";"Данные СберИндекса";"Неделя";"Ювелирные изделия и часы";"2";"% г/г";"0"
"2026-02-22";-2.24889626;"A";"Данные СберИндекса";"Неделя";"Ювелирные изделия и часы";"2";"% г/г";"0"
"2026-03-01";-2.31987348;"A";"Данные СберИндекса";"Неделя";"Ювелирные изделия и часы";"2";"% г/г";"0"
"2026-03-08";-2.20195632;"A";"Данные СберИндекса";"Неделя";"Ювелирные изделия и часы";"2";"% г/г";"0"
"2026-03-15";-0.48954871;"A";"Данные СберИндекса";"Неделя";"Ювелирные изделия и часы";"2";"% г/г";"0"
"2026-03-22";-0.88674855;"A";"Данные СберИндекса";"Неделя";"Ювелирные изделия и часы";"2";"% г/г";"0"
"2026-03-29";-1.57047083;"A";"Данные СберИндекса";"Неделя";"Ювелирные изделия и часы";"2";"% г/г";"0"
"2026-04-05";-1.84789108;"A";"Данные СберИндекса";"Неделя";"Ювелирные изделия и часы";"2";"% г/г";"0"
"2026-04-12";-2.97679207;"A";"Данные СберИндекса";"Неделя";"Ювелирные изделия и часы";"2";"% г/г";"0"
"2026-04-19";1.61819176;"A";"Данные СберИндекса";"Неделя";"Ювелирные изделия и часы";"2";"% г/г";"0"
"2026-04-26";1.27021514;"A";"Данные СберИндекса";"Неделя";"Ювелирные изделия и часы";"2";"% г/г";"0"
"2026-05-03";0.24232265;"A";"Данные СберИндекса";"Неделя";"Ювелирные изделия и часы";"2";"% г/г";"0"
"2026-05-10";-0.46802824;"A";"Данные СберИндекса";"Неделя";"Ювелирные изделия и часы";"2";"% г/г";"0"
"2026-05-17";0.33139458;"A";"Данные СберИндекса";"Неделя";"Ювелирные изделия и часы";"2";"% г/г";"0"
"2026-05-24";8.62023689;"A";"Данные СберИндекса";"Неделя";"Ювелирные изделия и часы";"2";"% г/г";"0"
"2026-05-31";9.55788463;"A";"Данные СберИндекса";"Неделя";"Ювелирные изделия и часы";"2";"% г/г";"0"
"2026-06-07";8.47874423;"A";"Данные СберИндекса";"Неделя";"Ювелирные изделия и часы";"2";"% г/г";"0"
"2026-06-14";4.61719089;"A";"Данные СберИндекса";"Неделя";"Ювелирные изделия и часы";"2";"% г/г";"0"
"2026-06-21";4.36075372;"A";"Данные СберИндекса";"Неделя";"Ювелирные изделия и часы";"2";"% г/г";"0"
"2026-06-28";4.21862137;"A";"Данные СберИндекса";"Неделя";"Ювелирные изделия и часы";"2";"% г/г";"0"
"2026-07-05";4.19728989;"A";"Данные СберИндекса";"Неделя";"Ювелирные изделия и часы";"2";"% г/г";"0"
"2026-07-12";6.19209996;"A";"Данные СберИндекса";"Неделя";"Ювелирные изделия и часы";"2";"% г/г";"0"
"2026-07-19";5.85814333;"A";"Данные СберИндекса";"Неделя";"Ювелирные изделия и часы";"2";"% г/г";"0"
"2026-07-26";6.2276783;"A";"Данные СберИндекса";"Неделя";"Ювелирные изделия и часы";"2";"% г/г";"0"
"2026-08-02";6.04130287;"A";"Данные СберИндекса";"Неделя";"Ювелирные изделия и часы";"2";"% г/г";"0"
"2026-08-09";5.22191407;"A";"Данные СберИндекса";"Неделя";"Ювелирные изделия и часы";"2";"% г/г";"0"
"2026-08-16";9.05188713;"A";"Данные СберИндекса";"Неделя";"Ювелирные изделия и часы";"2";"% г/г";"0"
"2026-08-23";8.96410308;"A";"Данные СберИндекса";"Неделя";"Ювелирные изделия и часы";"2";"% г/г";"0"
"2026-08-30";8.9584194;"A";"Данные СберИндекса";"Неделя";"Ювелирные изделия и часы";"2";"% г/г";"0"
"2026-09-06";8.74045927;"A";"Данные СберИндекса";"Неделя";"Ювелирные изделия и часы";"2";"% г/г";"0"
"2026-09-13";7.52568714;"A";"Данные СберИндекса";"Неделя";"Ювелирные изделия и часы";"2";"% г/г";"0"
"2026-09-20";7.06665822;"A";"Данные СберИндекса";"Неделя";"Ювелирные изделия и часы";"2";"% г/г";"0"
"2026-09-27";7.60001846;"A";"Данные СберИндекса";"Неделя";"Ювелирные изделия и часы";"2";"% г/г";"0"
"2026-10-04";7.33402401;"A";"Данные СберИндекса";"Неделя";"Ювелирные изделия и часы";"2";"% г/г";"0"
"2023-11-12";37.58335301;"A";"Данные СберИндекса";"Неделя";"Телекоммуникационные услуги";"2";"% г/г";"0"
"2023-11-19";36.33637598;"A";"Данные СберИндекса";"Неделя";"Телекоммуникационные услуги";"2";"% г/г";"0"
"2023-11-26";37.14005024;"A";"Данные СберИндекса";"Неделя";"Телекоммуникационные услуги";"2";"% г/г";"0"
"2023-12-03";33.13885561;"A";"Данные СберИндекса";"Неделя";"Телекоммуникационные услуги";"2";"% г/г";"0"
"2023-12-10";28.94846784;"A";"Данные СберИндекса";"Неделя";"Телекоммуникационные услуги";"2";"% г/г";"0"
"2023-12-17";27.97322037;"A";"Данные СберИндекса";"Неделя";"Телекоммуникационные услуги";"2";"% г/г";"0"
"2023-12-24";27.51218686;"A";"Данные СберИндекса";"Неделя";"Телекоммуникационные услуги";"2";"% г/г";"0"
"2023-12-31";26.48904104;"A";"Данные СберИндекса";"Неделя";"Телекоммуникационные услуги";"2";"% г/г";"0"
"2024-01-07";27.03306826;"A";"Данные СберИндекса";"Неделя";"Телекоммуникационные услуги";"2";"% г/г";"0"
"2024-01-14";27.17818273;"A";"Данные СберИндекса";"Неделя";"Телекоммуникационные услуги";"2";"% г/г";"0"
"2024-01-21";28.9198694;"A";"Данные СберИндекса";"Неделя";"Телекоммуникационные услуги";"2";"% г/г";"0"
"2024-01-28";29.04213934;"A";"Данные СберИндекса";"Неделя";"Телекоммуникационные услуги";"2";"% г/г";"0"
"2024-02-04";27.88586738;"A";"Данные СберИндекса";"Неделя";"Телекоммуникационные услуги";"2";"% г/г";"0"
"2024-02-11";28.78211483;"A";"Данные СберИндекса";"Неделя";"Телекоммуникационные услуги";"2";"% г/г";"0"
"2024-02-18";29.02644388;"A";"Данные СберИндекса";"Неделя";"Телекоммуникационные услуги";"2";"% г/г";"0"
"2024-02-25";29.15452693;"A";"Данные СберИндекса";"Неделя";"Телекоммуникационные услуги";"2";"% г/г";"0"
"2024-03-03";24.25327334;"A";"Данные СберИндекса";"Неделя";"Телекоммуникационные услуги";"2";"% г/г";"0"
"2024-03-10";24.49122462;"A";"Данные СберИндекса";"Неделя";"Телекоммуникационные услуги";"2";"% г/г";"0"
"2024-03-17";24.87005914;"A";"Данные СберИндекса";"Неделя";"Телекоммуникационные услуги";"2";"% г/г";"0"
"2024-03-24";27.61835919;"A";"Данные СберИндекса";"Неделя";"Телекоммуникационные услуги";"2";"% г/г";"0"
"2024-03-31";23.60813272;"A";"Данные СберИндекса";"Неделя";"Телекоммуникационные услуги";"2";"% г/г";"0"
"2024-04-07";28.60054162;"A";"Данные СберИндекса";"Неделя";"Телекоммуникационные услуги";"2";"% г/г";"0"
"2024-04-14";24.51456754;"A";"Данные СберИндекса";"Неделя";"Телекоммуникационные услуги";"2";"% г/г";"0"
"2024-04-21";27.29174959;"A";"Данные СберИндекса";"Неделя";"Телекоммуникационные услуги";"2";"% г/г";"0"
"2024-04-28";27.29551196;"A";"Данные СберИндекса";"Неделя";"Телекоммуникационные услуги";"2";"% г/г";"0"
"2024-05-05";22.14888222;"A";"Данные СберИндекса";"Неделя";"Телекоммуникационные услуги";"2";"% г/г";"0"
"2024-05-12";21.77714928;"A";"Данные СберИндекса";"Неделя";"Телекоммуникационные услуги";"2";"% г/г";"0"
"2024-05-19";23.69988172;"A";"Данные СберИндекса";"Неделя";"Телекоммуникационные услуги";"2";"% г/г";"0"
"2024-05-26";24.25235718;"A";"Данные СберИндекса";"Неделя";"Телекоммуникационные услуги";"2";"% г/г";"0"
"2024-06-02";20.52927197;"A";"Данные СберИндекса";"Неделя";"Телекоммуникационные услуги";"2";"% г/г";"0"
"2024-06-09";23.61359268;"A";"Данные СберИндекса";"Неделя";"Телекоммуникационные услуги";"2";"% г/г";"0"
"2024-06-16";24.67686467;"A";"Данные СберИндекса";"Неделя";"Телекоммуникационные услуги";"2";"% г/г";"0"
"2024-06-23";24.59761456;"A";"Данные СберИндекса";"Неделя";"Телекоммуникационные услуги";"2";"% г/г";"0"
"2024-06-30";21.60274902;"A";"Данные СберИндекса";"Неделя";"Телекоммуникационные услуги";"2";"% г/г";"0"
"2024-07-07";23.93287403;"A";"Данные СберИндекса";"Неделя";"Телекоммуникационные услуги";"2";"% г/г";"0"
"2024-07-14";20.16150015;"A";"Данные СберИндекса";"Неделя";"Телекоммуникационные услуги";"2";"% г/г";"0"
"2024-07-21";23.18332871;"A";"Данные СберИндекса";"Неделя";"Телекоммуникационные услуги";"2";"% г/г";"0"
"2024-07-28";23.22843725;"A";"Данные СберИндекса";"Неделя";"Телекоммуникационные услуги";"2";"% г/г";"0"
"2024-08-04";21.13364002;"A";"Данные СберИндекса";"Неделя";"Телекоммуникационные услуги";"2";"% г/г";"0"
"2024-08-11";20.83433015;"A";"Данные СберИндекса";"Неделя";"Телекоммуникационные услуги";"2";"% г/г";"0"
"2024-08-18";20.75344701;"A";"Данные СберИндекса";"Неделя";"Телекоммуникационные услуги";"2";"% г/г";"0"
"2024-08-25";24.09549196;"A";"Данные СберИндекса";"Неделя";"Телекоммуникационные услуги";"2";"% г/г";"0"
"2024-09-01";18.92185198;"A";"Данные СберИндекса";"Неделя";"Телекоммуникационные услуги";"2";"% г/г";"0"
"2024-09-08";23.97856634;"A";"Данные СберИндекса";"Неделя";"Телекоммуникационные услуги";"2";"% г/г";"0"
"2024-09-15";23.75241065;"A";"Данные СберИндекса";"Неделя";"Телекоммуникационные услуги";"2";"% г/г";"0"
"2024-09-22";24.19591933;"A";"Данные СберИндекса";"Неделя";"Телекоммуникационные услуги";"2";"% г/г";"0"
"2024-09-29";18.33593797;"A";"Данные СберИндекса";"Неделя";"Телекоммуникационные услуги";"2";"% г/г";"0"
"2024-10-06";21.51339853;"A";"Данные СберИндекса";"Неделя";"Телекоммуникационные услуги";"2";"% г/г";"0"
"2024-10-13";15.85987651;"A";"Данные СберИндекса";"Неделя";"Телекоммуникационные услуги";"2";"% г/г";"0"
"2024-10-20";17.39314547;"A";"Данные СберИндекса";"Неделя";"Телекоммуникационные услуги";"2";"% г/г";"0"
"2024-10-27";17.31392353;"A";"Данные СберИндекса";"Неделя";"Телекоммуникационные услуги";"2";"% г/г";"0"
"2024-11-03";19.17942421;"A";"Данные СберИндекса";"Неделя";"Телекоммуникационные услуги";"2";"% г/г";"0"
"2024-11-10";25.25061176;"A";"Данные СберИндекса";"Неделя";"Телекоммуникационные услуги";"2";"% г/г";"0"
"2024-11-17";25.14104656;"A";"Данные СберИндекса";"Неделя";"Телекоммуникационные услуги";"2";"% г/г";"0"
"2024-11-24";28.00906624;"A";"Данные СберИндекса";"Неделя";"Телекоммуникационные услуги";"2";"% г/г";"0"
"2024-12-01";23.83619394;"A";"Данные СберИндекса";"Неделя";"Телекоммуникационные услуги";"2";"% г/г";"0"
"2024-12-08";24.25396857;"A";"Данные СберИндекса";"Неделя";"Телекоммуникационные услуги";"2";"% г/г";"0"
"2024-12-15";23.07046475;"A";"Данные СберИндекса";"Неделя";"Телекоммуникационные услуги";"2";"% г/г";"0"
"2024-12-22";22.40888818;"A";"Данные СберИндекса";"Неделя";"Телекоммуникационные услуги";"2";"% г/г";"0"
"2024-12-29";22.34567772;"A";"Данные СберИндекса";"Неделя";"Телекоммуникационные услуги";"2";"% г/г";"0"
"2025-01-05";26.35104931;"A";"Данные СберИндекса";"Неделя";"Телекоммуникационные услуги";"2";"% г/г";"0"
"2025-01-12";22.42667679;"A";"Данные СберИндекса";"Неделя";"Телекоммуникационные услуги";"2";"% г/г";"0"
"2025-01-19";24.63985587;"A";"Данные СберИндекса";"Неделя";"Телекоммуникационные услуги";"2";"% г/г";"0"
"2025-01-26";25.10386814;"A";"Данные СберИндекса";"Неделя";"Телекоммуникационные услуги";"2";"% г/г";"0"
"2025-02-02";21.26366266;"A";"Данные СберИндекса";"Неделя";"Телекоммуникационные услуги";"2";"% г/г";"0"
"2025-02-09";21.20931344;"A";"Данные СберИндекса";"Неделя";"Телекоммуникационные услуги";"2";"% г/г";"0"
"2025-02-16";21.38244713;"A";"Данные СберИндекса";"Неделя";"Телекоммуникационные услуги";"2";"% г/г";"0"
"2025-02-23";21.77451372;"A";"Данные СберИндекса";"Неделя";"Телекоммуникационные услуги";"2";"% г/г";"0"
"2025-03-02";21.57873188;"A";"Данные СберИндекса";"Неделя";"Телекоммуникационные услуги";"2";"% г/г";"0"
"2025-03-09";24.36258665;"A";"Данные СберИндекса";"Неделя";"Телекоммуникационные услуги";"2";"% г/г";"0"
"2025-03-16";24.10617379;"A";"Данные СберИндекса";"Неделя";"Телекоммуникационные услуги";"2";"% г/г";"0"
"2025-03-23";22.95892061;"A";"Данные СберИндекса";"Неделя";"Телекоммуникационные услуги";"2";"% г/г";"0"
"2025-03-30";21.42542746;"A";"Данные СберИндекса";"Неделя";"Телекоммуникационные услуги";"2";"% г/г";"0"
"2025-04-06";21.82911857;"A";"Данные СберИндекса";"Неделя";"Телекоммуникационные услуги";"2";"% г/г";"0"
"2025-04-13";21.5434333;"A";"Данные СберИндекса";"Неделя";"Телекоммуникационные услуги";"2";"% г/г";"0"
"2025-04-20";23.11557255;"A";"Данные СберИндекса";"Неделя";"Телекоммуникационные услуги";"2";"% г/г";"0"
"2025-04-27";21.0915367;"A";"Данные СберИндекса";"Неделя";"Телекоммуникационные услуги";"2";"% г/г";"0"
"2025-05-04";26.75548909;"A";"Данные СберИндекса";"Неделя";"Телекоммуникационные услуги";"2";"% г/г";"0"
"2025-05-11";24.65787251;"A";"Данные СберИндекса";"Неделя";"Телекоммуникационные услуги";"2";"% г/г";"0"
"2025-05-18";22.96727689;"A";"Данные СберИндекса";"Неделя";"Телекоммуникационные услуги";"2";"% г/г";"0"
"2025-05-25";23.44246443;"A";"Данные СберИндекса";"Неделя";"Телекоммуникационные услуги";"2";"% г/г";"0"
"2025-06-01";22.32422479;"A";"Данные СберИндекса";"Неделя";"Телекоммуникационные услуги";"2";"% г/г";"0"
"2025-06-08";20.12398737;"A";"Данные СберИндекса";"Неделя";"Телекоммуникационные услуги";"2";"% г/г";"0"
"2025-06-15";17.52326988;"A";"Данные СберИндекса";"Неделя";"Телекоммуникационные услуги";"2";"% г/г";"0"
"2025-06-22";17.56607326;"A";"Данные СберИндекса";"Неделя";"Телекоммуникационные услуги";"2";"% г/г";"0"
"2025-06-29";16.33813797;"A";"Данные СберИндекса";"Неделя";"Телекоммуникационные услуги";"2";"% г/г";"0"
"2025-07-06";21.11935752;"A";"Данные СберИндекса";"Неделя";"Телекоммуникационные услуги";"2";"% г/г";"0"
"2025-07-13";16.5733351;"A";"Данные СберИндекса";"Неделя";"Телекоммуникационные услуги";"2";"% г/г";"0"
"2025-07-20";15.68978097;"A";"Данные СберИндекса";"Неделя";"Телекоммуникационные услуги";"2";"% г/г";"0"
"2025-07-27";15.13525988;"A";"Данные СберИндекса";"Неделя";"Телекоммуникационные услуги";"2";"% г/г";"0"
"2025-08-03";15.90744005;"A";"Данные СберИндекса";"Неделя";"Телекоммуникационные услуги";"2";"% г/г";"0"
"2025-08-10";16.39264049;"A";"Данные СберИндекса";"Неделя";"Телекоммуникационные услуги";"2";"% г/г";"0"
"2025-08-17";15.8463547;"A";"Данные СберИндекса";"Неделя";"Телекоммуникационные услуги";"2";"% г/г";"0"
"2025-08-24";15.98363725;"A";"Данные СберИндекса";"Неделя";"Телекоммуникационные услуги";"2";"% г/г";"0"
"2025-08-31";16.0758334;"A";"Данные СберИндекса";"Неделя";"Телекоммуникационные услуги";"2";"% г/г";"0"
"2025-09-07";18.26234808;"A";"Данные СберИндекса";"Неделя";"Телекоммуникационные услуги";"2";"% г/г";"0"
"2025-09-14";14.10922561;"A";"Данные СберИндекса";"Неделя";"Телекоммуникационные услуги";"2";"% г/г";"0"
"2025-09-21";14.58324801;"A";"Данные СберИндекса";"Неделя";"Телекоммуникационные услуги";"2";"% г/г";"0"
"2025-09-28";16.47058906;"A";"Данные СберИндекса";"Неделя";"Телекоммуникационные услуги";"2";"% г/г";"0"
"2025-10-05";15.44079171;"A";"Данные СберИндекса";"Неделя";"Телекоммуникационные услуги";"2";"% г/г";"0"
"2025-10-12";15.04827044;"A";"Данные СберИндекса";"Неделя";"Телекоммуникационные услуги";"2";"% г/г";"0"
"2025-10-19";13.65377534;"A";"Данные СберИндекса";"Неделя";"Телекоммуникационные услуги";"2";"% г/г";"0"
"2025-10-26";15.3590263;"A";"Данные СберИндекса";"Неделя";"Телекоммуникационные услуги";"2";"% г/г";"0"
"2025-11-02";13.33687672;"A";"Данные СберИндекса";"Неделя";"Телекоммуникационные услуги";"2";"% г/г";"0"
"2025-11-09";7.91876555;"A";"Данные СберИндекса";"Неделя";"Телекоммуникационные услуги";"2";"% г/г";"0"
"2025-11-16";12.18176191;"A";"Данные СберИндекса";"Неделя";"Телекоммуникационные услуги";"2";"% г/г";"0"
"2025-11-23";9.41526224;"A";"Данные СберИндекса";"Неделя";"Телекоммуникационные услуги";"2";"% г/г";"0"
"2025-11-30";8.94284735;"A";"Данные СберИндекса";"Неделя";"Телекоммуникационные услуги";"2";"% г/г";"0"
"2025-12-07";15.41705293;"A";"Данные СберИндекса";"Неделя";"Телекоммуникационные услуги";"2";"% г/г";"0"
"2025-12-14";10.60997193;"A";"Данные СберИндекса";"Неделя";"Телекоммуникационные услуги";"2";"% г/г";"0"
"2025-12-21";11.53643304;"A";"Данные СберИндекса";"Неделя";"Телекоммуникационные услуги";"2";"% г/г";"0"
"2025-12-28";9.68277786;"A";"Данные СберИндекса";"Неделя";"Телекоммуникационные услуги";"2";"% г/г";"0"
"2026-01-04";14.44985216;"A";"Данные СберИндекса";"Неделя";"Телекоммуникационные услуги";"2";"% г/г";"0"
"2026-01-11";2.71277313;"A";"Данные СберИндекса";"Неделя";"Телекоммуникационные услуги";"2";"% г/г";"0"
"2026-01-18";10.48820375;"A";"Данные СберИндекса";"Неделя";"Телекоммуникационные услуги";"2";"% г/г";"0"
"2026-01-25";12.20302293;"A";"Данные СберИндекса";"Неделя";"Телекоммуникационные услуги";"2";"% г/г";"0"
"2026-02-01";11.25913361;"A";"Данные СберИндекса";"Неделя";"Телекоммуникационные услуги";"2";"% г/г";"0"
"2026-02-08";12.8776805;"A";"Данные СберИндекса";"Неделя";"Телекоммуникационные услуги";"2";"% г/г";"0"
"2026-02-15";14.40611242;"A";"Данные СберИндекса";"Неделя";"Телекоммуникационные услуги";"2";"% г/г";"0"
"2026-02-22";13.64845112;"A";"Данные СберИндекса";"Неделя";"Телекоммуникационные услуги";"2";"% г/г";"0"
"2026-03-01";13.42804243;"A";"Данные СберИндекса";"Неделя";"Телекоммуникационные услуги";"2";"% г/г";"0"
"2026-03-08";13.34311626;"A";"Данные СберИндекса";"Неделя";"Телекоммуникационные услуги";"2";"% г/г";"0"
"2026-03-15";11.19992036;"A";"Данные СберИндекса";"Неделя";"Телекоммуникационные услуги";"2";"% г/г";"0"
"2026-03-22";11.79442475;"A";"Данные СберИндекса";"Неделя";"Телекоммуникационные услуги";"2";"% г/г";"0"
"2026-03-29";12.43497509;"A";"Данные СберИндекса";"Неделя";"Телекоммуникационные услуги";"2";"% г/г";"0"
"2026-04-05";14.53824581;"A";"Данные СберИндекса";"Неделя";"Телекоммуникационные услуги";"2";"% г/г";"0"
"2026-04-12";7.83728976;"A";"Данные СберИндекса";"Неделя";"Телекоммуникационные услуги";"2";"% г/г";"0"
"2026-04-19";9.06038957;"A";"Данные СберИндекса";"Неделя";"Телекоммуникационные услуги";"2";"% г/г";"0"
"2026-04-26";9.78626217;"A";"Данные СберИндекса";"Неделя";"Телекоммуникационные услуги";"2";"% г/г";"0"
"2026-05-03";8.3365634;"A";"Данные СберИндекса";"Неделя";"Телекоммуникационные услуги";"2";"% г/г";"0"
"2026-05-10";7.87303378;"A";"Данные СберИндекса";"Неделя";"Телекоммуникационные услуги";"2";"% г/г";"0"
"2026-05-17";4.00925751;"A";"Данные СберИндекса";"Неделя";"Телекоммуникационные услуги";"2";"% г/г";"0"
"2026-05-24";8.39014322;"A";"Данные СберИндекса";"Неделя";"Телекоммуникационные услуги";"2";"% г/г";"0"
"2026-05-31";9.09550782;"A";"Данные СберИндекса";"Неделя";"Телекоммуникационные услуги";"2";"% г/г";"0"
"2026-06-07";11.16369268;"A";"Данные СберИндекса";"Неделя";"Телекоммуникационные услуги";"2";"% г/г";"0"
"2026-06-14";10.54917238;"A";"Данные СберИндекса";"Неделя";"Телекоммуникационные услуги";"2";"% г/г";"0"
"2026-06-21";11.08030749;"A";"Данные СберИндекса";"Неделя";"Телекоммуникационные услуги";"2";"% г/г";"0"
"2026-06-28";11.06783718;"A";"Данные СберИндекса";"Неделя";"Телекоммуникационные услуги";"2";"% г/г";"0"
"2026-07-05";8.92786005;"A";"Данные СберИндекса";"Неделя";"Телекоммуникационные услуги";"2";"% г/г";"0"
"2026-07-12";10.11823372;"A";"Данные СберИндекса";"Неделя";"Телекоммуникационные услуги";"2";"% г/г";"0"
"2026-07-19";10.69933204;"A";"Данные СберИндекса";"Неделя";"Телекоммуникационные услуги";"2";"% г/г";"0"
"2026-07-26";11.78308066;"A";"Данные СберИндекса";"Неделя";"Телекоммуникационные услуги";"2";"% г/г";"0"
"2026-08-02";10.46354413;"A";"Данные СберИндекса";"Неделя";"Телекоммуникационные услуги";"2";"% г/г";"0"
"2026-08-09";10.17771023;"A";"Данные СберИндекса";"Неделя";"Телекоммуникационные услуги";"2";"% г/г";"0"
"2026-08-16";16.30414082;"A";"Данные СберИндекса";"Неделя";"Телекоммуникационные услуги";"2";"% г/г";"0"
"2026-08-23";15.48335756;"A";"Данные СберИндекса";"Неделя";"Телекоммуникационные услуги";"2";"% г/г";"0"
"2026-08-30";14.37574038;"A";"Данные СберИндекса";"Неделя";"Телекоммуникационные услуги";"2";"% г/г";"0"
"2026-09-06";13.09408072;"A";"Данные СберИндекса";"Неделя";"Телекоммуникационные услуги";"2";"% г/г";"0"
"2026-09-13";11.77985373;"A";"Данные СберИндекса";"Неделя";"Телекоммуникационные услуги";"2";"% г/г";"0"
"2026-09-20";13.78820614;"A";"Данные СберИндекса";"Неделя";"Телекоммуникационные услуги";"2";"% г/г";"0"
"2026-09-27";12.74327013;"A";"Данные СберИндекса";"Неделя";"Телекоммуникационные услуги";"2";"% г/г";"0"
"2026-10-04";12.79379769;"A";"Данные СберИндекса";"Неделя";"Телекоммуникационные услуги";"2";"% г/г";"0"
"2023-11-12";29.77260526;"A";"Данные СберИндекса";"Неделя";"Табачные магазины";"2";"% г/г";"0"
"2023-11-19";30.67204948;"A";"Данные СберИндекса";"Неделя";"Табачные магазины";"2";"% г/г";"0"
"2023-11-26";31.10676644;"A";"Данные СберИндекса";"Неделя";"Табачные магазины";"2";"% г/г";"0"
"2023-12-03";31.85664914;"A";"Данные СберИндекса";"Неделя";"Табачные магазины";"2";"% г/г";"0"
"2023-12-10";30.45464823;"A";"Данные СберИндекса";"Неделя";"Табачные магазины";"2";"% г/г";"0"
"2023-12-17";30.2626556;"A";"Данные СберИндекса";"Неделя";"Табачные магазины";"2";"% г/г";"0"
"2023-12-24";30.18615195;"A";"Данные СберИндекса";"Неделя";"Табачные магазины";"2";"% г/г";"0"
"2023-12-31";36.94803566;"A";"Данные СберИндекса";"Неделя";"Табачные магазины";"2";"% г/г";"0"
"2024-01-07";20.27905428;"A";"Данные СберИндекса";"Неделя";"Табачные магазины";"2";"% г/г";"0"
"2024-01-14";28.15643261;"A";"Данные СберИндекса";"Неделя";"Табачные магазины";"2";"% г/г";"0"
"2024-01-21";32.7231624;"A";"Данные СберИндекса";"Неделя";"Табачные магазины";"2";"% г/г";"0"
"2024-01-28";32.91624185;"A";"Данные СберИндекса";"Неделя";"Табачные магазины";"2";"% г/г";"0"
"2024-02-04";35.03082649;"A";"Данные СберИндекса";"Неделя";"Табачные магазины";"2";"% г/г";"0"
"2024-02-11";35.23811319;"A";"Данные СберИндекса";"Неделя";"Табачные магазины";"2";"% г/г";"0"
"2024-02-18";35.96408729;"A";"Данные СберИндекса";"Неделя";"Табачные магазины";"2";"% г/г";"0"
"2024-02-25";36.89543486;"A";"Данные СберИндекса";"Неделя";"Табачные магазины";"2";"% г/г";"0"
"2024-03-03";33.8152436;"A";"Данные СберИндекса";"Неделя";"Табачные магазины";"2";"% г/г";"0"
"2024-03-10";33.89308985;"A";"Данные СберИндекса";"Неделя";"Табачные магазины";"2";"% г/г";"0"
"2024-03-17";32.20322777;"A";"Данные СберИндекса";"Неделя";"Табачные магазины";"2";"% г/г";"0"
"2024-03-24";31.30631353;"A";"Данные СберИндекса";"Неделя";"Табачные магазины";"2";"% г/г";"0"
"2024-03-31";34.22212774;"A";"Данные СберИндекса";"Неделя";"Табачные магазины";"2";"% г/г";"0"
"2024-04-07";30.48069933;"A";"Данные СберИндекса";"Неделя";"Табачные магазины";"2";"% г/г";"0"
"2024-04-14";29.81009891;"A";"Данные СберИндекса";"Неделя";"Табачные магазины";"2";"% г/г";"0"
"2024-04-21";31.43838873;"A";"Данные СберИндекса";"Неделя";"Табачные магазины";"2";"% г/г";"0"
"2024-04-28";31.97518971;"A";"Данные СберИндекса";"Неделя";"Табачные магазины";"2";"% г/г";"0"
"2024-05-05";24.19746752;"A";"Данные СберИндекса";"Неделя";"Табачные магазины";"2";"% г/г";"0"
"2024-05-12";25.94143252;"A";"Данные СберИндекса";"Неделя";"Табачные магазины";"2";"% г/г";"0"
"2024-05-19";26.72403213;"A";"Данные СберИндекса";"Неделя";"Табачные магазины";"2";"% г/г";"0"
"2024-05-26";27.21213088;"A";"Данные СберИндекса";"Неделя";"Табачные магазины";"2";"% г/г";"0"
"2024-06-02";24.4531667;"A";"Данные СберИндекса";"Неделя";"Табачные магазины";"2";"% г/г";"0"
"2024-06-09";21.65352443;"A";"Данные СберИндекса";"Неделя";"Табачные магазины";"2";"% г/г";"0"
"2024-06-16";25.40693629;"A";"Данные СберИндекса";"Неделя";"Табачные магазины";"2";"% г/г";"0"
"2024-06-23";22.22252115;"A";"Данные СберИндекса";"Неделя";"Табачные магазины";"2";"% г/г";"0"
"2024-06-30";23.65973434;"A";"Данные СберИндекса";"Неделя";"Табачные магазины";"2";"% г/г";"0"
"2024-07-07";23.02539631;"A";"Данные СберИндекса";"Неделя";"Табачные магазины";"2";"% г/г";"0"
"2024-07-14";22.56760931;"A";"Данные СберИндекса";"Неделя";"Табачные магазины";"2";"% г/г";"0"
"2024-07-21";24.68239745;"A";"Данные СберИндекса";"Неделя";"Табачные магазины";"2";"% г/г";"0"
"2024-07-28";22.24374646;"A";"Данные СберИндекса";"Неделя";"Табачные магазины";"2";"% г/г";"0"
"2024-08-04";20.24898761;"A";"Данные СберИндекса";"Неделя";"Табачные магазины";"2";"% г/г";"0"
"2024-08-11";18.35690813;"A";"Данные СберИндекса";"Неделя";"Табачные магазины";"2";"% г/г";"0"
"2024-08-18";20.08116216;"A";"Данные СберИндекса";"Неделя";"Табачные магазины";"2";"% г/г";"0"
"2024-08-25";20.16775028;"A";"Данные СберИндекса";"Неделя";"Табачные магазины";"2";"% г/г";"0"
"2024-09-01";17.68476854;"A";"Данные СберИндекса";"Неделя";"Табачные магазины";"2";"% г/г";"0"
"2024-09-08";16.11156175;"A";"Данные СберИндекса";"Неделя";"Табачные магазины";"2";"% г/г";"0"
"2024-09-15";14.29697036;"A";"Данные СберИндекса";"Неделя";"Табачные магазины";"2";"% г/г";"0"
"2024-09-22";12.92940676;"A";"Данные СберИндекса";"Неделя";"Табачные магазины";"2";"% г/г";"0"
"2024-09-29";11.24933547;"A";"Данные СберИндекса";"Неделя";"Табачные магазины";"2";"% г/г";"0"
"2024-10-06";14.83987182;"A";"Данные СберИндекса";"Неделя";"Табачные магазины";"2";"% г/г";"0"
"2024-10-13";12.90815751;"A";"Данные СберИндекса";"Неделя";"Табачные магазины";"2";"% г/г";"0"
"2024-10-20";15.82122818;"A";"Данные СберИндекса";"Неделя";"Табачные магазины";"2";"% г/г";"0"
"2024-10-27";15.21402127;"A";"Данные СберИндекса";"Неделя";"Табачные магазины";"2";"% г/г";"0"
"2024-11-03";12.96750574;"A";"Данные СберИндекса";"Неделя";"Табачные магазины";"2";"% г/г";"0"
"2024-11-10";13.40969514;"A";"Данные СберИндекса";"Неделя";"Табачные магазины";"2";"% г/г";"0"
"2024-11-17";15.1142347;"A";"Данные СберИндекса";"Неделя";"Табачные магазины";"2";"% г/г";"0"
"2024-11-24";14.57178795;"A";"Данные СберИндекса";"Неделя";"Табачные магазины";"2";"% г/г";"0"
"2024-12-01";16.33509518;"A";"Данные СберИндекса";"Неделя";"Табачные магазины";"2";"% г/г";"0"
"2024-12-08";17.00702147;"A";"Данные СберИндекса";"Неделя";"Табачные магазины";"2";"% г/г";"0"
"2024-12-15";17.09113198;"A";"Данные СберИндекса";"Неделя";"Табачные магазины";"2";"% г/г";"0"
"2024-12-22";13.96656785;"A";"Данные СберИндекса";"Неделя";"Табачные магазины";"2";"% г/г";"0"
"2024-12-29";11.36438653;"A";"Данные СберИндекса";"Неделя";"Табачные магазины";"2";"% г/г";"0"
"2025-01-05";28.50271426;"A";"Данные СберИндекса";"Неделя";"Табачные магазины";"2";"% г/г";"0"
"2025-01-12";10.16176267;"A";"Данные СберИндекса";"Неделя";"Табачные магазины";"2";"% г/г";"0"
"2025-01-19";13.13940375;"A";"Данные СберИндекса";"Неделя";"Табачные магазины";"2";"% г/г";"0"
"2025-01-26";11.73527725;"A";"Данные СберИндекса";"Неделя";"Табачные магазины";"2";"% г/г";"0"
"2025-02-02";9.6149258;"A";"Данные СберИндекса";"Неделя";"Табачные магазины";"2";"% г/г";"0"
"2025-02-09";9.5488658;"A";"Данные СберИндекса";"Неделя";"Табачные магазины";"2";"% г/г";"0"
"2025-02-16";10.48784238;"A";"Данные СберИндекса";"Неделя";"Табачные магазины";"2";"% г/г";"0"
"2025-02-23";8.08725489;"A";"Данные СберИндекса";"Неделя";"Табачные магазины";"2";"% г/г";"0"
"2025-03-02";6.85753166;"A";"Данные СберИндекса";"Неделя";"Табачные магазины";"2";"% г/г";"0"
"2025-03-09";9.22772778;"A";"Данные СберИндекса";"Неделя";"Табачные магазины";"2";"% г/г";"0"
"2025-03-16";11.21948098;"A";"Данные СберИндекса";"Неделя";"Табачные магазины";"2";"% г/г";"0"
"2025-03-23";10.47095117;"A";"Данные СберИндекса";"Неделя";"Табачные магазины";"2";"% г/г";"0"
"2025-03-30";9.3235351;"A";"Данные СберИндекса";"Неделя";"Табачные магазины";"2";"% г/г";"0"
"2025-04-06";9.00903862;"A";"Данные СберИндекса";"Неделя";"Табачные магазины";"2";"% г/г";"0"
"2025-04-13";7.28052092;"A";"Данные СберИндекса";"Неделя";"Табачные магазины";"2";"% г/г";"0"
"2025-04-20";9.65449418;"A";"Данные СберИндекса";"Неделя";"Табачные магазины";"2";"% г/г";"0"
"2025-04-27";5.63308023;"A";"Данные СберИндекса";"Неделя";"Табачные магазины";"2";"% г/г";"0"
"2025-05-04";11.79166571;"A";"Данные СберИндекса";"Неделя";"Табачные магазины";"2";"% г/г";"0"
"2025-05-11";8.75182437;"A";"Данные СберИндекса";"Неделя";"Табачные магазины";"2";"% г/г";"0"
"2025-05-18";9.4214065;"A";"Данные СберИндекса";"Неделя";"Табачные магазины";"2";"% г/г";"0"
"2025-05-25";8.70036166;"A";"Данные СберИндекса";"Неделя";"Табачные магазины";"2";"% г/г";"0"
"2025-06-01";8.8159322;"A";"Данные СберИндекса";"Неделя";"Табачные магазины";"2";"% г/г";"0"
"2025-06-08";8.36157913;"A";"Данные СберИндекса";"Неделя";"Табачные магазины";"2";"% г/г";"0"
"2025-06-15";7.46305865;"A";"Данные СберИндекса";"Неделя";"Табачные магазины";"2";"% г/г";"0"
"2025-06-22";6.8208254;"A";"Данные СберИндекса";"Неделя";"Табачные магазины";"2";"% г/г";"0"
"2025-06-29";6.34056745;"A";"Данные СберИндекса";"Неделя";"Табачные магазины";"2";"% г/г";"0"
"2025-07-06";5.8115222;"A";"Данные СберИндекса";"Неделя";"Табачные магазины";"2";"% г/г";"0"
"2025-07-13";5.22917054;"A";"Данные СберИндекса";"Неделя";"Табачные магазины";"2";"% г/г";"0"
"2025-07-20";7.42219101;"A";"Данные СберИндекса";"Неделя";"Табачные магазины";"2";"% г/г";"0"
"2025-07-27";6.79596692;"A";"Данные СберИндекса";"Неделя";"Табачные магазины";"2";"% г/г";"0"
"2025-08-03";7.49388653;"A";"Данные СберИндекса";"Неделя";"Табачные магазины";"2";"% г/г";"0"
"2025-08-10";7.14521148;"A";"Данные СберИндекса";"Неделя";"Табачные магазины";"2";"% г/г";"0"
"2025-08-17";6.91076642;"A";"Данные СберИндекса";"Неделя";"Табачные магазины";"2";"% г/г";"0"
"2025-08-24";5.58466722;"A";"Данные СберИндекса";"Неделя";"Табачные магазины";"2";"% г/г";"0"
"2025-08-31";6.54352884;"A";"Данные СберИндекса";"Неделя";"Табачные магазины";"2";"% г/г";"0"
"2025-09-07";7.88580283;"A";"Данные СберИндекса";"Неделя";"Табачные магазины";"2";"% г/г";"0"
"2025-09-14";8.61822692;"A";"Данные СберИндекса";"Неделя";"Табачные магазины";"2";"% г/г";"0"
"2025-09-21";10.822731;"A";"Данные СберИндекса";"Неделя";"Табачные магазины";"2";"% г/г";"0"
"2025-09-28";9.11879662;"A";"Данные СберИндекса";"Неделя";"Табачные магазины";"2";"% г/г";"0"
"2025-10-05";9.75866138;"A";"Данные СберИндекса";"Неделя";"Табачные магазины";"2";"% г/г";"0"
"2025-10-12";9.0387415;"A";"Данные СберИндекса";"Неделя";"Табачные магазины";"2";"% г/г";"0"
"2025-10-19";9.08662147;"A";"Данные СберИндекса";"Неделя";"Табачные магазины";"2";"% г/г";"0"
"2025-10-26";9.65146078;"A";"Данные СберИндекса";"Неделя";"Табачные магазины";"2";"% г/г";"0"
"2025-11-02";10.43002838;"A";"Данные СберИндекса";"Неделя";"Табачные магазины";"2";"% г/г";"0"
"2025-11-09";6.73477972;"A";"Данные СберИндекса";"Неделя";"Табачные магазины";"2";"% г/г";"0"
"2025-11-16";10.68382237;"A";"Данные СберИндекса";"Неделя";"Табачные магазины";"2";"% г/г";"0"
"2025-11-23";8.67679448;"A";"Данные СберИндекса";"Неделя";"Табачные магазины";"2";"% г/г";"0"
"2025-11-30";6.89051497;"A";"Данные СберИндекса";"Неделя";"Табачные магазины";"2";"% г/г";"0"
"2025-12-07";5.83294071;"A";"Данные СберИндекса";"Неделя";"Табачные магазины";"2";"% г/г";"0"
"2025-12-14";3.0616114;"A";"Данные СберИндекса";"Неделя";"Табачные магазины";"2";"% г/г";"0"
"2025-12-21";5.2672838;"A";"Данные СберИндекса";"Неделя";"Табачные магазины";"2";"% г/г";"0"
"2025-12-28";0.21072712;"A";"Данные СберИндекса";"Неделя";"Табачные магазины";"2";"% г/г";"0"
"2026-01-04";12.10565867;"A";"Данные СберИндекса";"Неделя";"Табачные магазины";"2";"% г/г";"0"
"2026-01-11";-5.60207726;"A";"Данные СберИндекса";"Неделя";"Табачные магазины";"2";"% г/г";"0"
"2026-01-18";-3.00421357;"A";"Данные СберИндекса";"Неделя";"Табачные магазины";"2";"% г/г";"0"
"2026-01-25";-2.52494343;"A";"Данные СберИндекса";"Неделя";"Табачные магазины";"2";"% г/г";"0"
"2026-02-01";-2.77570154;"A";"Данные СберИндекса";"Неделя";"Табачные магазины";"2";"% г/г";"0"
"2026-02-08";-3.65594154;"A";"Данные СберИндекса";"Неделя";"Табачные магазины";"2";"% г/г";"0"
"2026-02-15";-1.84546389;"A";"Данные СберИндекса";"Неделя";"Табачные магазины";"2";"% г/г";"0"
"2026-02-22";-1.73336157;"A";"Данные СберИндекса";"Неделя";"Табачные магазины";"2";"% г/г";"0"
"2026-03-01";-1.81726074;"A";"Данные СберИндекса";"Неделя";"Табачные магазины";"2";"% г/г";"0"
"2026-03-08";-1.31195627;"A";"Данные СберИндекса";"Неделя";"Табачные магазины";"2";"% г/г";"0"
"2026-03-15";-2.52055085;"A";"Данные СберИндекса";"Неделя";"Табачные магазины";"2";"% г/г";"0"
"2026-03-22";-1.89550266;"A";"Данные СберИндекса";"Неделя";"Табачные магазины";"2";"% г/г";"0"
"2026-03-29";-1.6320287;"A";"Данные СберИндекса";"Неделя";"Табачные магазины";"2";"% г/г";"0"
"2026-04-05";-3.48613732;"A";"Данные СберИндекса";"Неделя";"Табачные магазины";"2";"% г/г";"0"
"2026-04-12";-4.18556536;"A";"Данные СберИндекса";"Неделя";"Табачные магазины";"2";"% г/г";"0"
"2026-04-19";-3.61230781;"A";"Данные СберИндекса";"Неделя";"Табачные магазины";"2";"% г/г";"0"
"2026-04-26";-4.34141343;"A";"Данные СберИндекса";"Неделя";"Табачные магазины";"2";"% г/г";"0"
"2026-05-03";-3.32290988;"A";"Данные СберИндекса";"Неделя";"Табачные магазины";"2";"% г/г";"0"
"2026-05-10";-2.44720963;"A";"Данные СберИндекса";"Неделя";"Табачные магазины";"2";"% г/г";"0"
"2026-05-17";-5.10546727;"A";"Данные СберИндекса";"Неделя";"Табачные магазины";"2";"% г/г";"0"
"2026-05-24";-3.75299482;"A";"Данные СберИндекса";"Неделя";"Табачные магазины";"2";"% г/г";"0"
"2026-05-31";-3.39320079;"A";"Данные СберИндекса";"Неделя";"Табачные магазины";"2";"% г/г";"0"
"2026-06-07";-4.30186092;"A";"Данные СберИндекса";"Неделя";"Табачные магазины";"2";"% г/г";"0"
"2026-06-14";-3.44270398;"A";"Данные СберИндекса";"Неделя";"Табачные магазины";"2";"% г/г";"0"
"2026-06-21";-2.57500104;"A";"Данные СберИндекса";"Неделя";"Табачные магазины";"2";"% г/г";"0"
"2026-06-28";-3.20451715;"A";"Данные СберИндекса";"Неделя";"Табачные магазины";"2";"% г/г";"0"
"2026-07-05";-3.80720741;"A";"Данные СберИндекса";"Неделя";"Табачные магазины";"2";"% г/г";"0"
"2026-07-12";-4.16839899;"A";"Данные СберИндекса";"Неделя";"Табачные магазины";"2";"% г/г";"0"
"2026-07-19";-4.20805578;"A";"Данные СберИндекса";"Неделя";"Табачные магазины";"2";"% г/г";"0"
"2026-07-26";-4.24976956;"A";"Данные СберИндекса";"Неделя";"Табачные магазины";"2";"% г/г";"0"
"2026-08-02";-5.36157355;"A";"Данные СберИндекса";"Неделя";"Табачные магазины";"2";"% г/г";"0"
"2026-08-09";-5.75872837;"A";"Данные СберИндекса";"Неделя";"Табачные магазины";"2";"% г/г";"0"
"2026-08-16";-5.39637078;"A";"Данные СберИндекса";"Неделя";"Табачные магазины";"2";"% г/г";"0"
"2026-08-23";-5.62880348;"A";"Данные СберИндекса";"Неделя";"Табачные магазины";"2";"% г/г";"0"
"2026-08-30";-6.30189772;"A";"Данные СберИндекса";"Неделя";"Табачные магазины";"2";"% г/г";"0"
"2026-09-06";-7.40284036;"A";"Данные СберИндекса";"Неделя";"Табачные магазины";"2";"% г/г";"0"
"2026-09-13";-8.3299221;"A";"Данные СберИндекса";"Неделя";"Табачные магазины";"2";"% г/г";"0"
"2026-09-20";-7.54795485;"A";"Данные СберИндекса";"Неделя";"Табачные магазины";"2";"% г/г";"0"
"2026-09-27";-7.53532684;"A";"Данные СберИндекса";"Неделя";"Табачные магазины";"2";"% г/г";"0"
"2026-10-04";-8.60714814;"A";"Данные СберИндекса";"Неделя";"Табачные магазины";"2";"% г/г";"0"
"2023-11-12";-19.63382622;"A";"Данные СберИндекса";"Неделя";"Электроника и телекоммуникационное оборудование";"2";"% г/г";"0"
"2023-11-19";-16.75200388;"A";"Данные СберИндекса";"Неделя";"Электроника и телекоммуникационное оборудование";"2";"% г/г";"0"
"2023-11-26";-16.89484695;"A";"Данные СберИндекса";"Неделя";"Электроника и телекоммуникационное оборудование";"2";"% г/г";"0"
"2023-12-03";-16.05440799;"A";"Данные СберИндекса";"Неделя";"Электроника и телекоммуникационное оборудование";"2";"% г/г";"0"
"2023-12-10";-18.67162448;"A";"Данные СберИндекса";"Неделя";"Электроника и телекоммуникационное оборудование";"2";"% г/г";"0"
"2023-12-17";-20.50998685;"A";"Данные СберИндекса";"Неделя";"Электроника и телекоммуникационное оборудование";"2";"% г/г";"0"
"2023-12-24";-19.12331674;"A";"Данные СберИндекса";"Неделя";"Электроника и телекоммуникационное оборудование";"2";"% г/г";"0"
"2023-12-31";-12.26651605;"A";"Данные СберИндекса";"Неделя";"Электроника и телекоммуникационное оборудование";"2";"% г/г";"0"
"2024-01-07";-20.91869101;"A";"Данные СберИндекса";"Неделя";"Электроника и телекоммуникационное оборудование";"2";"% г/г";"0"
"2024-01-14";-18.22369073;"A";"Данные СберИндекса";"Неделя";"Электроника и телекоммуникационное оборудование";"2";"% г/г";"0"
"2024-01-21";-14.91417782;"A";"Данные СберИндекса";"Неделя";"Электроника и телекоммуникационное оборудование";"2";"% г/г";"0"
"2024-01-28";-13.94349976;"A";"Данные СберИндекса";"Неделя";"Электроника и телекоммуникационное оборудование";"2";"% г/г";"0"
"2024-02-04";-12.82004297;"A";"Данные СберИндекса";"Неделя";"Электроника и телекоммуникационное оборудование";"2";"% г/г";"0"
"2024-02-11";-13.44791307;"A";"Данные СберИндекса";"Неделя";"Электроника и телекоммуникационное оборудование";"2";"% г/г";"0"
"2024-02-18";-15.27030831;"A";"Данные СберИндекса";"Неделя";"Электроника и телекоммуникационное оборудование";"2";"% г/г";"0"
"2024-02-25";-12.96174642;"A";"Данные СберИндекса";"Неделя";"Электроника и телекоммуникационное оборудование";"2";"% г/г";"0"
"2024-03-03";-16.73463561;"A";"Данные СберИндекса";"Неделя";"Электроника и телекоммуникационное оборудование";"2";"% г/г";"0"
"2024-03-10";-14.19594683;"A";"Данные СберИндекса";"Неделя";"Электроника и телекоммуникационное оборудование";"2";"% г/г";"0"
"2024-03-17";-15.5534562;"A";"Данные СберИндекса";"Неделя";"Электроника и телекоммуникационное оборудование";"2";"% г/г";"0"
"2024-03-24";-14.35382626;"A";"Данные СберИндекса";"Неделя";"Электроника и телекоммуникационное оборудование";"2";"% г/г";"0"
"2024-03-31";-12.62536679;"A";"Данные СберИндекса";"Неделя";"Электроника и телекоммуникационное оборудование";"2";"% г/г";"0"
"2024-04-07";-11.65350804;"A";"Данные СберИндекса";"Неделя";"Электроника и телекоммуникационное оборудование";"2";"% г/г";"0"
"2024-04-14";-12.04332387;"A";"Данные СберИндекса";"Неделя";"Электроника и телекоммуникационное оборудование";"2";"% г/г";"0"
"2024-04-21";-10.58819661;"A";"Данные СберИндекса";"Неделя";"Электроника и телекоммуникационное оборудование";"2";"% г/г";"0"
"2024-04-28";-11.42054584;"A";"Данные СберИндекса";"Неделя";"Электроника и телекоммуникационное оборудование";"2";"% г/г";"0"
"2024-05-05";-14.02641129;"A";"Данные СберИндекса";"Неделя";"Электроника и телекоммуникационное оборудование";"2";"% г/г";"0"
"2024-05-12";-13.4626013;"A";"Данные СберИндекса";"Неделя";"Электроника и телекоммуникационное оборудование";"2";"% г/г";"0"
"2024-05-19";-13.75881794;"A";"Данные СберИндекса";"Неделя";"Электроника и телекоммуникационное оборудование";"2";"% г/г";"0"
"2024-05-26";-10.80270634;"A";"Данные СберИндекса";"Неделя";"Электроника и телекоммуникационное оборудование";"2";"% г/г";"0"
"2024-06-02";-7.52823597;"A";"Данные СберИндекса";"Неделя";"Электроника и телекоммуникационное оборудование";"2";"% г/г";"0"
"2024-06-09";-6.46393993;"A";"Данные СберИндекса";"Неделя";"Электроника и телекоммуникационное оборудование";"2";"% г/г";"0"
"2024-06-16";-6.50896188;"A";"Данные СберИндекса";"Неделя";"Электроника и телекоммуникационное оборудование";"2";"% г/г";"0"
"2024-06-23";-6.9805569;"A";"Данные СберИндекса";"Неделя";"Электроника и телекоммуникационное оборудование";"2";"% г/г";"0"
"2024-06-30";-8.90716199;"A";"Данные СберИндекса";"Неделя";"Электроника и телекоммуникационное оборудование";"2";"% г/г";"0"
"2024-07-07";-9.37275003;"A";"Данные СберИндекса";"Неделя";"Электроника и телекоммуникационное оборудование";"2";"% г/г";"0"
"2024-07-14";-9.79315603;"A";"Данные СберИндекса";"Неделя";"Электроника и телекоммуникационное оборудование";"2";"% г/г";"0"
"2024-07-21";-7.38342157;"A";"Данные СберИндекса";"Неделя";"Электроника и телекоммуникационное оборудование";"2";"% г/г";"0"
"2024-07-28";-8.75831701;"A";"Данные СберИндекса";"Неделя";"Электроника и телекоммуникационное оборудование";"2";"% г/г";"0"
"2024-08-04";-4.49325684;"A";"Данные СберИндекса";"Неделя";"Электроника и телекоммуникационное оборудование";"2";"% г/г";"0"
"2024-08-11";-1.74363381;"A";"Данные СберИндекса";"Неделя";"Электроника и телекоммуникационное оборудование";"2";"% г/г";"0"
"2024-08-18";0.73382575;"A";"Данные СберИндекса";"Неделя";"Электроника и телекоммуникационное оборудование";"2";"% г/г";"0"
"2024-08-25";2.24351738;"A";"Данные СберИндекса";"Неделя";"Электроника и телекоммуникационное оборудование";"2";"% г/г";"0"
"2024-09-01";0.4585906;"A";"Данные СберИндекса";"Неделя";"Электроника и телекоммуникационное оборудование";"2";"% г/г";"0"
"2024-09-08";3.68389032;"A";"Данные СберИндекса";"Неделя";"Электроника и телекоммуникационное оборудование";"2";"% г/г";"0"
"2024-09-15";3.57041992;"A";"Данные СберИндекса";"Неделя";"Электроника и телекоммуникационное оборудование";"2";"% г/г";"0"
"2024-09-22";3.37892785;"A";"Данные СберИндекса";"Неделя";"Электроника и телекоммуникационное оборудование";"2";"% г/г";"0"
"2024-09-29";2.01025656;"A";"Данные СберИндекса";"Неделя";"Электроника и телекоммуникационное оборудование";"2";"% г/г";"0"
"2024-10-06";3.6378668;"A";"Данные СберИндекса";"Неделя";"Электроника и телекоммуникационное оборудование";"2";"% г/г";"0"
"2024-10-13";3.57828811;"A";"Данные СберИндекса";"Неделя";"Электроника и телекоммуникационное оборудование";"2";"% г/г";"0"
"2024-10-20";7.58032113;"A";"Данные СберИндекса";"Неделя";"Электроника и телекоммуникационное оборудование";"2";"% г/г";"0"
"2024-10-27";8.9925374;"A";"Данные СберИндекса";"Неделя";"Электроника и телекоммуникационное оборудование";"2";"% г/г";"0"
"2024-11-03";7.03148365;"A";"Данные СберИндекса";"Неделя";"Электроника и телекоммуникационное оборудование";"2";"% г/г";"0"
"2024-11-10";6.33622091;"A";"Данные СберИндекса";"Неделя";"Электроника и телекоммуникационное оборудование";"2";"% г/г";"0"
"2024-11-17";9.77169836;"A";"Данные СберИндекса";"Неделя";"Электроника и телекоммуникационное оборудование";"2";"% г/г";"0"
"2024-11-24";8.39966556;"A";"Данные СберИндекса";"Неделя";"Электроника и телекоммуникационное оборудование";"2";"% г/г";"0"
"2024-12-01";11.95612681;"A";"Данные СберИндекса";"Неделя";"Электроника и телекоммуникационное оборудование";"2";"% г/г";"0"
"2024-12-08";9.34926942;"A";"Данные СберИндекса";"Неделя";"Электроника и телекоммуникационное оборудование";"2";"% г/г";"0"
"2024-12-15";7.54575646;"A";"Данные СберИндекса";"Неделя";"Электроника и телекоммуникационное оборудование";"2";"% г/г";"0"
"2024-12-22";3.61561729;"A";"Данные СберИндекса";"Неделя";"Электроника и телекоммуникационное оборудование";"2";"% г/г";"0"
"2024-12-29";3.8045766;"A";"Данные СберИндекса";"Неделя";"Электроника и телекоммуникационное оборудование";"2";"% г/г";"0"
"2025-01-05";26.95776465;"A";"Данные СберИндекса";"Неделя";"Электроника и телекоммуникационное оборудование";"2";"% г/г";"0"
"2025-01-12";3.49788317;"A";"Данные СберИндекса";"Неделя";"Электроника и телекоммуникационное оборудование";"2";"% г/г";"0"
"2025-01-19";1.5305642;"A";"Данные СберИндекса";"Неделя";"Электроника и телекоммуникационное оборудование";"2";"% г/г";"0"
"2025-01-26";0.57669227;"A";"Данные СберИндекса";"Неделя";"Электроника и телекоммуникационное оборудование";"2";"% г/г";"0"
"2025-02-02";-2.28045275;"A";"Данные СберИндекса";"Неделя";"Электроника и телекоммуникационное оборудование";"2";"% г/г";"0"
"2025-02-09";-2.67026747;"A";"Данные СберИндекса";"Неделя";"Электроника и телекоммуникационное оборудование";"2";"% г/г";"0"
"2025-02-16";-1.34860296;"A";"Данные СберИндекса";"Неделя";"Электроника и телекоммуникационное оборудование";"2";"% г/г";"0"
"2025-02-23";-2.62564691;"A";"Данные СберИндекса";"Неделя";"Электроника и телекоммуникационное оборудование";"2";"% г/г";"0"
"2025-03-02";-4.13953809;"A";"Данные СберИндекса";"Неделя";"Электроника и телекоммуникационное оборудование";"2";"% г/г";"0"
"2025-03-09";-2.29278169;"A";"Данные СберИндекса";"Неделя";"Электроника и телекоммуникационное оборудование";"2";"% г/г";"0"
"2025-03-16";-1.69094835;"A";"Данные СберИндекса";"Неделя";"Электроника и телекоммуникационное оборудование";"2";"% г/г";"0"
"2025-03-23";-1.70297899;"A";"Данные СберИндекса";"Неделя";"Электроника и телекоммуникационное оборудование";"2";"% г/г";"0"
"2025-03-30";-3.9635905;"A";"Данные СберИндекса";"Неделя";"Электроника и телекоммуникационное оборудование";"2";"% г/г";"0"
"2025-04-06";-0.25016219;"A";"Данные СберИндекса";"Неделя";"Электроника и телекоммуникационное оборудование";"2";"% г/г";"0"
"2025-04-13";-1.30373834;"A";"Данные СберИндекса";"Неделя";"Электроника и телекоммуникационное оборудование";"2";"% г/г";"0"
"2025-04-20";-5.30401077;"A";"Данные СберИндекса";"Неделя";"Электроника и телекоммуникационное оборудование";"2";"% г/г";"0"
"2025-04-27";-3.3820232;"A";"Данные СберИндекса";"Неделя";"Электроника и телекоммуникационное оборудование";"2";"% г/г";"0"
"2025-05-04";-0.53572141;"A";"Данные СберИндекса";"Неделя";"Электроника и телекоммуникационное оборудование";"2";"% г/г";"0"
"2025-05-11";-4.07302639;"A";"Данные СберИндекса";"Неделя";"Электроника и телекоммуникационное оборудование";"2";"% г/г";"0"
"2025-05-18";-2.37054789;"A";"Данные СберИндекса";"Неделя";"Электроника и телекоммуникационное оборудование";"2";"% г/г";"0"
"2025-05-25";-3.43265199;"A";"Данные СберИндекса";"Неделя";"Электроника и телекоммуникационное оборудование";"2";"% г/г";"0"
"2025-06-01";-4.28217733;"A";"Данные СберИндекса";"Неделя";"Электроника и телекоммуникационное оборудование";"2";"% г/г";"0"
"2025-06-08";-7.88962681;"A";"Данные СберИндекса";"Неделя";"Электроника и телекоммуникационное оборудование";"2";"% г/г";"0"
"2025-06-15";-10.31977171;"A";"Данные СберИндекса";"Неделя";"Электроника и телекоммуникационное оборудование";"2";"% г/г";"0"
"2025-06-22";-8.10047031;"A";"Данные СберИндекса";"Неделя";"Электроника и телекоммуникационное оборудование";"2";"% г/г";"0"
"2025-06-29";-8.77368767;"A";"Данные СберИндекса";"Неделя";"Электроника и телекоммуникационное оборудование";"2";"% г/г";"0"
"2025-07-06";-10.38663948;"A";"Данные СберИндекса";"Неделя";"Электроника и телекоммуникационное оборудование";"2";"% г/г";"0"
"2025-07-13";-11.91434157;"A";"Данные СберИндекса";"Неделя";"Электроника и телекоммуникационное оборудование";"2";"% г/г";"0"
"2025-07-20";-10.47784339;"A";"Данные СберИндекса";"Неделя";"Электроника и телекоммуникационное оборудование";"2";"% г/г";"0"
"2025-07-27";-10.76384427;"A";"Данные СберИндекса";"Неделя";"Электроника и телекоммуникационное оборудование";"2";"% г/г";"0"
"2025-08-03";-9.50995962;"A";"Данные СберИндекса";"Неделя";"Электроника и телекоммуникационное оборудование";"2";"% г/г";"0"
"2025-08-10";-6.65263987;"A";"Данные СберИндекса";"Неделя";"Электроника и телекоммуникационное оборудование";"2";"% г/г";"0"
"2025-08-17";-6.06189122;"A";"Данные СберИндекса";"Неделя";"Электроника и телекоммуникационное оборудование";"2";"% г/г";"0"
"2025-08-24";-5.25782977;"A";"Данные СберИндекса";"Неделя";"Электроника и телекоммуникационное оборудование";"2";"% г/г";"0"
"2025-08-31";-6.02391218;"A";"Данные СберИндекса";"Неделя";"Электроника и телекоммуникационное оборудование";"2";"% г/г";"0"
"2025-09-07";-9.53240127;"A";"Данные СберИндекса";"Неделя";"Электроника и телекоммуникационное оборудование";"2";"% г/г";"0"
"2025-09-14";-11.19450606;"A";"Данные СберИндекса";"Неделя";"Электроника и телекоммуникационное оборудование";"2";"% г/г";"0"
"2025-09-21";-11.1966662;"A";"Данные СберИндекса";"Неделя";"Электроника и телекоммуникационное оборудование";"2";"% г/г";"0"
"2025-09-28";-11.28898736;"A";"Данные СберИндекса";"Неделя";"Электроника и телекоммуникационное оборудование";"2";"% г/г";"0"
"2025-10-05";-8.99569381;"A";"Данные СберИндекса";"Неделя";"Электроника и телекоммуникационное оборудование";"2";"% г/г";"0"
"2025-10-12";-10.27469289;"A";"Данные СберИндекса";"Неделя";"Электроника и телекоммуникационное оборудование";"2";"% г/г";"0"
"2025-10-19";-10.52736723;"A";"Данные СберИндекса";"Неделя";"Электроника и телекоммуникационное оборудование";"2";"% г/г";"0"
"2025-10-26";-11.27656;"A";"Данные СберИндекса";"Неделя";"Электроника и телекоммуникационное оборудование";"2";"% г/г";"0"
"2025-11-02";-11.02575901;"A";"Данные СберИндекса";"Неделя";"Электроника и телекоммуникационное оборудование";"2";"% г/г";"0"
"2025-11-09";-12.16312108;"A";"Данные СберИндекса";"Неделя";"Электроника и телекоммуникационное оборудование";"2";"% г/г";"0"
"2025-11-16";-9.00899263;"A";"Данные СберИндекса";"Неделя";"Электроника и телекоммуникационное оборудование";"2";"% г/г";"0"
"2025-11-23";-9.26144238;"A";"Данные СберИндекса";"Неделя";"Электроника и телекоммуникационное оборудование";"2";"% г/г";"0"
"2025-11-30";-10.6208653;"A";"Данные СберИндекса";"Неделя";"Электроника и телекоммуникационное оборудование";"2";"% г/г";"0"
"2025-12-07";-5.92255597;"A";"Данные СберИндекса";"Неделя";"Электроника и телекоммуникационное оборудование";"2";"% г/г";"0"
"2025-12-14";-7.51843464;"A";"Данные СберИндекса";"Неделя";"Электроника и телекоммуникационное оборудование";"2";"% г/г";"0"
"2025-12-21";-6.92430576;"A";"Данные СберИндекса";"Неделя";"Электроника и телекоммуникационное оборудование";"2";"% г/г";"0"
"2025-12-28";-9.90253351;"A";"Данные СберИндекса";"Неделя";"Электроника и телекоммуникационное оборудование";"2";"% г/г";"0"
"2026-01-04";1.45975272;"A";"Данные СберИндекса";"Неделя";"Электроника и телекоммуникационное оборудование";"2";"% г/г";"0"
"2026-01-11";-14.44872239;"A";"Данные СберИндекса";"Неделя";"Электроника и телекоммуникационное оборудование";"2";"% г/г";"0"
"2026-01-18";-17.98537097;"A";"Данные СберИндекса";"Неделя";"Электроника и телекоммуникационное оборудование";"2";"% г/г";"0"
"2026-01-25";-18.72440225;"A";"Данные СберИндекса";"Неделя";"Электроника и телекоммуникационное оборудование";"2";"% г/г";"0"
"2026-02-01";-20.08660301;"A";"Данные СберИндекса";"Неделя";"Электроника и телекоммуникационное оборудование";"2";"% г/г";"0"
"2026-02-08";-18.65082802;"A";"Данные СберИндекса";"Неделя";"Электроника и телекоммуникационное оборудование";"2";"% г/г";"0"
"2026-02-15";-17.14558254;"A";"Данные СберИндекса";"Неделя";"Электроника и телекоммуникационное оборудование";"2";"% г/г";"0"
"2026-02-22";-17.71072526;"A";"Данные СберИндекса";"Неделя";"Электроника и телекоммуникационное оборудование";"2";"% г/г";"0"
"2026-03-01";-15.64717785;"A";"Данные СберИндекса";"Неделя";"Электроника и телекоммуникационное оборудование";"2";"% г/г";"0"
"2026-03-08";-12.91189511;"A";"Данные СберИндекса";"Неделя";"Электроника и телекоммуникационное оборудование";"2";"% г/г";"0"
"2026-03-15";-13.74372686;"A";"Данные СберИндекса";"Неделя";"Электроника и телекоммуникационное оборудование";"2";"% г/г";"0"
"2026-03-22";-13.78575889;"A";"Данные СберИндекса";"Неделя";"Электроника и телекоммуникационное оборудование";"2";"% г/г";"0"
"2026-03-29";-15.55536918;"A";"Данные СберИндекса";"Неделя";"Электроника и телекоммуникационное оборудование";"2";"% г/г";"0"
"2026-04-05";-19.58779277;"A";"Данные СберИндекса";"Неделя";"Электроника и телекоммуникационное оборудование";"2";"% г/г";"0"
"2026-04-12";-21.05373524;"A";"Данные СберИндекса";"Неделя";"Электроника и телекоммуникационное оборудование";"2";"% г/г";"0"
"2026-04-19";-16.02725159;"A";"Данные СберИндекса";"Неделя";"Электроника и телекоммуникационное оборудование";"2";"% г/г";"0"
"2026-04-26";-18.38814154;"A";"Данные СберИндекса";"Неделя";"Электроника и телекоммуникационное оборудование";"2";"% г/г";"0"
"2026-05-03";-17.21178875;"A";"Данные СберИндекса";"Неделя";"Электроника и телекоммуникационное оборудование";"2";"% г/г";"0"
"2026-05-10";-14.88653428;"A";"Данные СберИндекса";"Неделя";"Электроника и телекоммуникационное оборудование";"2";"% г/г";"0"
"2026-05-17";-15.82671994;"A";"Данные СберИндекса";"Неделя";"Электроника и телекоммуникационное оборудование";"2";"% г/г";"0"
"2026-05-24";-16.86735638;"A";"Данные СберИндекса";"Неделя";"Электроника и телекоммуникационное оборудование";"2";"% г/г";"0"
"2026-05-31";-16.84995272;"A";"Данные СберИндекса";"Неделя";"Электроника и телекоммуникационное оборудование";"2";"% г/г";"0"
"2026-06-07";-17.08496887;"A";"Данные СберИндекса";"Неделя";"Электроника и телекоммуникационное оборудование";"2";"% г/г";"0"
"2026-06-14";-16.74853662;"A";"Данные СберИндекса";"Неделя";"Электроника и телекоммуникационное оборудование";"2";"% г/г";"0"
"2026-06-21";-16.74899629;"A";"Данные СберИндекса";"Неделя";"Электроника и телекоммуникационное оборудование";"2";"% г/г";"0"
"2026-06-28";-16.74759921;"A";"Данные СберИндекса";"Неделя";"Электроника и телекоммуникационное оборудование";"2";"% г/г";"0"
"2026-07-05";-17.34785289;"A";"Данные СберИндекса";"Неделя";"Электроника и телекоммуникационное оборудование";"2";"% г/г";"0"
"2026-07-12";-16.88117006;"A";"Данные СберИндекса";"Неделя";"Электроника и телекоммуникационное оборудование";"2";"% г/г";"0"
"2026-07-19";-16.94225514;"A";"Данные СберИндекса";"Неделя";"Электроника и телекоммуникационное оборудование";"2";"% г/г";"0"
"2026-07-26";-16.48315005;"A";"Данные СберИндекса";"Неделя";"Электроника и телекоммуникационное оборудование";"2";"% г/г";"0"
"2026-08-02";-16.33078688;"A";"Данные СберИндекса";"Неделя";"Электроника и телекоммуникационное оборудование";"2";"% г/г";"0"
"2026-08-09";-16.03407826;"A";"Данные СберИндекса";"Неделя";"Электроника и телекоммуникационное оборудование";"2";"% г/г";"0"
"2026-08-16";-16.88813828;"A";"Данные СберИндекса";"Неделя";"Электроника и телекоммуникационное оборудование";"2";"% г/г";"0"
"2026-08-23";-16.99032347;"A";"Данные СберИндекса";"Неделя";"Электроника и телекоммуникационное оборудование";"2";"% г/г";"0"
"2026-08-30";-16.98489689;"A";"Данные СберИндекса";"Неделя";"Электроника и телекоммуникационное оборудование";"2";"% г/г";"0"
"2026-09-06";-15.43865256;"A";"Данные СберИндекса";"Неделя";"Электроника и телекоммуникационное оборудование";"2";"% г/г";"0"
"2026-09-13";-14.67560528;"A";"Данные СберИндекса";"Неделя";"Электроника и телекоммуникационное оборудование";"2";"% г/г";"0"
"2026-09-20";-14.8526694;"A";"Данные СберИндекса";"Неделя";"Электроника и телекоммуникационное оборудование";"2";"% г/г";"0"
"2026-09-27";-14.88378373;"A";"Данные СберИндекса";"Неделя";"Электроника и телекоммуникационное оборудование";"2";"% г/г";"0"
"2026-10-04";-16.36356832;"A";"Данные СберИндекса";"Неделя";"Электроника и телекоммуникационное оборудование";"2";"% г/г";"0"
"2023-11-12";25.20552206;"A";"Данные СберИндекса";"Неделя";"Образование";"2";"% г/г";"0"
"2023-11-19";21.77805728;"A";"Данные СберИндекса";"Неделя";"Образование";"2";"% г/г";"0"
"2023-11-26";20.86270558;"A";"Данные СберИндекса";"Неделя";"Образование";"2";"% г/г";"0"
"2023-12-03";18.39089647;"A";"Данные СберИндекса";"Неделя";"Образование";"2";"% г/г";"0"
"2023-12-10";16.69445229;"A";"Данные СберИндекса";"Неделя";"Образование";"2";"% г/г";"0"
"2023-12-17";15.61501119;"A";"Данные СберИндекса";"Неделя";"Образование";"2";"% г/г";"0"
"2023-12-24";14.59979749;"A";"Данные СберИндекса";"Неделя";"Образование";"2";"% г/г";"0"
"2023-12-31";15.89608282;"A";"Данные СберИндекса";"Неделя";"Образование";"2";"% г/г";"0"
"2024-01-07";9.72154904;"A";"Данные СберИндекса";"Неделя";"Образование";"2";"% г/г";"0"
"2024-01-14";11.9548818;"A";"Данные СберИндекса";"Неделя";"Образование";"2";"% г/г";"0"
"2024-01-21";11.33741674;"A";"Данные СберИндекса";"Неделя";"Образование";"2";"% г/г";"0"
"2024-01-28";10.78818032;"A";"Данные СберИндекса";"Неделя";"Образование";"2";"% г/г";"0"
"2024-02-04";13.17841066;"A";"Данные СберИндекса";"Неделя";"Образование";"2";"% г/г";"0"
"2024-02-11";13.7069098;"A";"Данные СберИндекса";"Неделя";"Образование";"2";"% г/г";"0"
"2024-02-18";11.38271385;"A";"Данные СберИндекса";"Неделя";"Образование";"2";"% г/г";"0"
"2024-02-25";11.04348251;"A";"Данные СберИндекса";"Неделя";"Образование";"2";"% г/г";"0"
"2024-03-03";7.86838009;"A";"Данные СберИндекса";"Неделя";"Образование";"2";"% г/г";"0"
"2024-03-10";5.73845607;"A";"Данные СберИндекса";"Неделя";"Образование";"2";"% г/г";"0"
"2024-03-17";4.60099321;"A";"Данные СберИндекса";"Неделя";"Образование";"2";"% г/г";"0"
"2024-03-24";4.07460136;"A";"Данные СберИндекса";"Неделя";"Образование";"2";"% г/г";"0"
"2024-03-31";4.96579124;"A";"Данные СберИндекса";"Неделя";"Образование";"2";"% г/г";"0"
"2024-04-07";7.46950503;"A";"Данные СберИндекса";"Неделя";"Образование";"2";"% г/г";"0"
"2024-04-14";6.63718024;"A";"Данные СберИндекса";"Неделя";"Образование";"2";"% г/г";"0"
"2024-04-21";5.73731659;"A";"Данные СберИндекса";"Неделя";"Образование";"2";"% г/г";"0"
"2024-04-28";2.8137033;"A";"Данные СберИндекса";"Неделя";"Образование";"2";"% г/г";"0"
"2024-05-05";1.22784624;"A";"Данные СберИндекса";"Неделя";"Образование";"2";"% г/г";"0"
"2024-05-12";-0.90151796;"A";"Данные СберИндекса";"Неделя";"Образование";"2";"% г/г";"0"
"2024-05-19";-0.0222377;"A";"Данные СберИндекса";"Неделя";"Образование";"2";"% г/г";"0"
"2024-05-26";-0.5666839;"A";"Данные СберИндекса";"Неделя";"Образование";"2";"% г/г";"0"
"2024-06-02";-3.54289465;"A";"Данные СберИндекса";"Неделя";"Образование";"2";"% г/г";"0"
"2024-06-09";-8.56942835;"A";"Данные СберИндекса";"Неделя";"Образование";"2";"% г/г";"0"
"2024-06-16";-10.42628315;"A";"Данные СберИндекса";"Неделя";"Образование";"2";"% г/г";"0"
"2024-06-23";-11.09097565;"A";"Данные СберИндекса";"Неделя";"Образование";"2";"% г/г";"0"
"2024-06-30";-10.57392994;"A";"Данные СберИндекса";"Неделя";"Образование";"2";"% г/г";"0"
"2024-07-07";-7.81781454;"A";"Данные СберИндекса";"Неделя";"Образование";"2";"% г/г";"0"
"2024-07-14";-8.92954677;"A";"Данные СберИндекса";"Неделя";"Образование";"2";"% г/г";"0"
"2024-07-21";-8.22913845;"A";"Данные СберИндекса";"Неделя";"Образование";"2";"% г/г";"0"
"2024-07-28";-9.44822545;"A";"Данные СберИндекса";"Неделя";"Образование";"2";"% г/г";"0"
"2024-08-04";-6.58202895;"A";"Данные СберИндекса";"Неделя";"Образование";"2";"% г/г";"0"
"2024-08-11";-6.61670074;"A";"Данные СберИндекса";"Неделя";"Образование";"2";"% г/г";"0"
"2024-08-18";-7.03443225;"A";"Данные СберИндекса";"Неделя";"Образование";"2";"% г/г";"0"
"2024-08-25";-4.50633339;"A";"Данные СберИндекса";"Неделя";"Образование";"2";"% г/г";"0"
"2024-09-01";-3.65627737;"A";"Данные СберИндекса";"Неделя";"Образование";"2";"% г/г";"0"
"2024-09-08";-5.70687737;"A";"Данные СберИндекса";"Неделя";"Образование";"2";"% г/г";"0"
"2024-09-15";-6.64809486;"A";"Данные СберИндекса";"Неделя";"Образование";"2";"% г/г";"0"
"2024-09-22";-8.51732132;"A";"Данные СберИндекса";"Неделя";"Образование";"2";"% г/г";"0"
"2024-09-29";-9.52886264;"A";"Данные СберИндекса";"Неделя";"Образование";"2";"% г/г";"0"
"2024-10-06";-8.75357498;"A";"Данные СберИндекса";"Неделя";"Образование";"2";"% г/г";"0"
"2024-10-13";-9.31809712;"A";"Данные СберИндекса";"Неделя";"Образование";"2";"% г/г";"0"
"2024-10-20";-9.93758919;"A";"Данные СберИндекса";"Неделя";"Образование";"2";"% г/г";"0"
"2024-10-27";-12.32083782;"A";"Данные СберИндекса";"Неделя";"Образование";"2";"% г/г";"0"
"2024-11-03";-11.66201793;"A";"Данные СберИндекса";"Неделя";"Образование";"2";"% г/г";"0"
"2024-11-10";-11.14724761;"A";"Данные СберИндекса";"Неделя";"Образование";"2";"% г/г";"0"
"2024-11-17";-11.16804487;"A";"Данные СберИндекса";"Неделя";"Образование";"2";"% г/г";"0"
"2024-11-24";-14.25754374;"A";"Данные СберИндекса";"Неделя";"Образование";"2";"% г/г";"0"
"2024-12-01";-8.07307837;"A";"Данные СберИндекса";"Неделя";"Образование";"2";"% г/г";"0"
"2024-12-08";-0.88436493;"A";"Данные СберИндекса";"Неделя";"Образование";"2";"% г/г";"0"
"2024-12-15";-0.67156555;"A";"Данные СберИндекса";"Неделя";"Образование";"2";"% г/г";"0"
"2024-12-22";-2.80131054;"A";"Данные СберИндекса";"Неделя";"Образование";"2";"% г/г";"0"
"2024-12-29";-0.35506301;"A";"Данные СберИндекса";"Неделя";"Образование";"2";"% г/г";"0"
"2025-01-05";-3.14541192;"A";"Данные СберИндекса";"Неделя";"Образование";"2";"% г/г";"0"
"2025-01-12";-5.29915329;"A";"Данные СберИндекса";"Неделя";"Образование";"2";"% г/г";"0"
"2025-01-19";0.91162333;"A";"Данные СберИндекса";"Неделя";"Образование";"2";"% г/г";"0"
"2025-01-26";0.43532678;"A";"Данные СберИндекса";"Неделя";"Образование";"2";"% г/г";"0"
"2025-02-02";0.86243978;"A";"Данные СберИндекса";"Неделя";"Образование";"2";"% г/г";"0"
"2025-02-09";-0.28996787;"A";"Данные СберИндекса";"Неделя";"Образование";"2";"% г/г";"0"
"2025-02-16";0.18942606;"A";"Данные СберИндекса";"Неделя";"Образование";"2";"% г/г";"0"
"2025-02-23";0.66671318;"A";"Данные СберИндекса";"Неделя";"Образование";"2";"% г/г";"0"
"2025-03-02";-0.22315853;"A";"Данные СберИндекса";"Неделя";"Образование";"2";"% г/г";"0"
"2025-03-09";0.23458601;"A";"Данные СберИндекса";"Неделя";"Образование";"2";"% г/г";"0"
"2025-03-16";-1.26212302;"A";"Данные СберИндекса";"Неделя";"Образование";"2";"% г/г";"0"
"2025-03-23";-2.4603101;"A";"Данные СберИндекса";"Неделя";"Образование";"2";"% г/г";"0"
"2025-03-30";-2.94869134;"A";"Данные СберИндекса";"Неделя";"Образование";"2";"% г/г";"0"
"2025-04-06";-1.44669488;"A";"Данные СберИндекса";"Неделя";"Образование";"2";"% г/г";"0"
"2025-04-13";-2.0232148;"A";"Данные СберИндекса";"Неделя";"Образование";"2";"% г/г";"0"
"2025-04-20";-3.31043472;"A";"Данные СберИндекса";"Неделя";"Образование";"2";"% г/г";"0"
"2025-04-27";-3.04805058;"A";"Данные СберИндекса";"Неделя";"Образование";"2";"% г/г";"0"
"2025-05-04";1.5256213;"A";"Данные СберИндекса";"Неделя";"Образование";"2";"% г/г";"0"
"2025-05-11";-0.19679427;"A";"Данные СберИндекса";"Неделя";"Образование";"2";"% г/г";"0"
"2025-05-18";1.23505969;"A";"Данные СберИндекса";"Неделя";"Образование";"2";"% г/г";"0"
"2025-05-25";-0.30464376;"A";"Данные СберИндекса";"Неделя";"Образование";"2";"% г/г";"0"
"2025-06-01";3.21513989;"A";"Данные СберИндекса";"Неделя";"Образование";"2";"% г/г";"0"
"2025-06-08";10.00957857;"A";"Данные СберИндекса";"Неделя";"Образование";"2";"% г/г";"0"
"2025-06-15";9.18016291;"A";"Данные СберИндекса";"Неделя";"Образование";"2";"% г/г";"0"
"2025-06-22";12.09170477;"A";"Данные СберИндекса";"Неделя";"Образование";"2";"% г/г";"0"
"2025-06-29";11.35766648;"A";"Данные СберИндекса";"Неделя";"Образование";"2";"% г/г";"0"
"2025-07-06";14.4769788;"A";"Данные СберИндекса";"Неделя";"Образование";"2";"% г/г";"0"
"2025-07-13";10.9972539;"A";"Данные СберИндекса";"Неделя";"Образование";"2";"% г/г";"0"
"2025-07-20";11.22110162;"A";"Данные СберИндекса";"Неделя";"Образование";"2";"% г/г";"0"
"2025-07-27";11.05787368;"A";"Данные СберИндекса";"Неделя";"Образование";"2";"% г/г";"0"
"2025-08-03";11.52763104;"A";"Данные СберИндекса";"Неделя";"Образование";"2";"% г/г";"0"
"2025-08-10";12.39811755;"A";"Данные СберИндекса";"Неделя";"Образование";"2";"% г/г";"0"
"2025-08-17";12.74996956;"A";"Данные СберИндекса";"Неделя";"Образование";"2";"% г/г";"0"
"2025-08-24";13.42529698;"A";"Данные СберИндекса";"Неделя";"Образование";"2";"% г/г";"0"
"2025-08-31";16.27202761;"A";"Данные СберИндекса";"Неделя";"Образование";"2";"% г/г";"0"
"2025-09-07";13.99730229;"A";"Данные СберИндекса";"Неделя";"Образование";"2";"% г/г";"0"
"2025-09-14";12.39536542;"A";"Данные СберИндекса";"Неделя";"Образование";"2";"% г/г";"0"
"2025-09-21";12.68812092;"A";"Данные СберИндекса";"Неделя";"Образование";"2";"% г/г";"0"
"2025-09-28";11.57177638;"A";"Данные СберИндекса";"Неделя";"Образование";"2";"% г/г";"0"
"2025-10-05";12.29987164;"A";"Данные СберИндекса";"Неделя";"Образование";"2";"% г/г";"0"
"2025-10-12";8.83153263;"A";"Данные СберИндекса";"Неделя";"Образование";"2";"% г/г";"0"
"2025-10-19";8.75387726;"A";"Данные СберИндекса";"Неделя";"Образование";"2";"% г/г";"0"
"2025-10-26";9.5414093;"A";"Данные СберИндекса";"Неделя";"Образование";"2";"% г/г";"0"
"2025-11-02";8.80414216;"A";"Данные СберИндекса";"Неделя";"Образование";"2";"% г/г";"0"
"2025-11-09";5.0279142;"A";"Данные СберИндекса";"Неделя";"Образование";"2";"% г/г";"0"
"2025-11-16";8.31098923;"A";"Данные СберИндекса";"Неделя";"Образование";"2";"% г/г";"0"
"2025-11-23";7.89345858;"A";"Данные СберИндекса";"Неделя";"Образование";"2";"% г/г";"0"
"2025-11-30";7.77102749;"A";"Данные СберИндекса";"Неделя";"Образование";"2";"% г/г";"0"
"2025-12-07";8.64282234;"A";"Данные СберИндекса";"Неделя";"Образование";"2";"% г/г";"0"
"2025-12-14";5.55770957;"A";"Данные СберИндекса";"Неделя";"Образование";"2";"% г/г";"0"
"2025-12-21";6.33859991;"A";"Данные СберИндекса";"Неделя";"Образование";"2";"% г/г";"0"
"2025-12-28";12.04549835;"A";"Данные СберИндекса";"Неделя";"Образование";"2";"% г/г";"0"
"2026-01-04";20.47406982;"A";"Данные СберИндекса";"Неделя";"Образование";"2";"% г/г";"0"
"2026-01-11";0.70090403;"A";"Данные СберИндекса";"Неделя";"Образование";"2";"% г/г";"0"
"2026-01-18";13.70411306;"A";"Данные СберИндекса";"Неделя";"Образование";"2";"% г/г";"0"
"2026-01-25";14.82704545;"A";"Данные СберИндекса";"Неделя";"Образование";"2";"% г/г";"0"
"2026-02-01";15.46186785;"A";"Данные СберИндекса";"Неделя";"Образование";"2";"% г/г";"0"
"2026-02-08";13.43690228;"A";"Данные СберИндекса";"Неделя";"Образование";"2";"% г/г";"0"
"2026-02-15";17.41982332;"A";"Данные СберИндекса";"Неделя";"Образование";"2";"% г/г";"0"
"2026-02-22";16.69721912;"A";"Данные СберИндекса";"Неделя";"Образование";"2";"% г/г";"0"
"2026-03-01";15.3398516;"A";"Данные СберИндекса";"Неделя";"Образование";"2";"% г/г";"0"
"2026-03-08";13.98665462;"A";"Данные СберИндекса";"Неделя";"Образование";"2";"% г/г";"0"
"2026-03-15";12.63559064;"A";"Данные СберИндекса";"Неделя";"Образование";"2";"% г/г";"0"
"2026-03-22";12.60830405;"A";"Данные СберИндекса";"Неделя";"Образование";"2";"% г/г";"0"
"2026-03-29";13.05292466;"A";"Данные СберИндекса";"Неделя";"Образование";"2";"% г/г";"0"
"2026-04-05";11.38633739;"A";"Данные СберИндекса";"Неделя";"Образование";"2";"% г/г";"0"
"2026-04-12";8.23801318;"A";"Данные СберИндекса";"Неделя";"Образование";"2";"% г/г";"0"
"2026-04-19";13.72857809;"A";"Данные СберИндекса";"Неделя";"Образование";"2";"% г/г";"0"
"2026-04-26";12.19294232;"A";"Данные СберИндекса";"Неделя";"Образование";"2";"% г/г";"0"
"2026-05-03";15.23634559;"A";"Данные СберИндекса";"Неделя";"Образование";"2";"% г/г";"0"
"2026-05-10";15.84881965;"A";"Данные СберИндекса";"Неделя";"Образование";"2";"% г/г";"0"
"2026-05-17";6.79322268;"A";"Данные СберИндекса";"Неделя";"Образование";"2";"% г/г";"0"
"2026-05-24";15.06088126;"A";"Данные СберИндекса";"Неделя";"Образование";"2";"% г/г";"0"
"2026-05-31";14.93652755;"A";"Данные СберИндекса";"Неделя";"Образование";"2";"% г/г";"0"
"2026-06-07";13.36085957;"A";"Данные СберИндекса";"Неделя";"Образование";"2";"% г/г";"0"
"2026-06-14";11.70561;"A";"Данные СберИндекса";"Неделя";"Образование";"2";"% г/г";"0"
"2026-06-21";11.11828118;"A";"Данные СберИндекса";"Неделя";"Образование";"2";"% г/г";"0"
"2026-06-28";10.35303023;"A";"Данные СберИндекса";"Неделя";"Образование";"2";"% г/г";"0"
"2026-07-05";10.30616413;"A";"Данные СберИндекса";"Неделя";"Образование";"2";"% г/г";"0"
"2026-07-12";13.28126138;"A";"Данные СберИндекса";"Неделя";"Образование";"2";"% г/г";"0"
"2026-07-19";13.64972739;"A";"Данные СберИндекса";"Неделя";"Образование";"2";"% г/г";"0"
"2026-07-26";14.59992346;"A";"Данные СберИндекса";"Неделя";"Образование";"2";"% г/г";"0"
"2026-08-02";15.57051165;"A";"Данные СберИндекса";"Неделя";"Образование";"2";"% г/г";"0"
"2026-08-09";15.59440758;"A";"Данные СберИндекса";"Неделя";"Образование";"2";"% г/г";"0"
"2026-08-16";33.98241075;"A";"Данные СберИндекса";"Неделя";"Образование";"2";"% г/г";"0"
"2026-08-23";33.09779957;"A";"Данные СберИндекса";"Неделя";"Образование";"2";"% г/г";"0"
"2026-08-30";32.50411654;"A";"Данные СберИндекса";"Неделя";"Образование";"2";"% г/г";"0"
"2026-09-06";33.76475458;"A";"Данные СберИндекса";"Неделя";"Образование";"2";"% г/г";"0"
"2026-09-13";29.0623856;"A";"Данные СберИндекса";"Неделя";"Образование";"2";"% г/г";"0"
"2026-09-20";27.78986322;"A";"Данные СберИндекса";"Неделя";"Образование";"2";"% г/г";"0"
"2026-09-27";26.13933141;"A";"Данные СберИндекса";"Неделя";"Образование";"2";"% г/г";"0"
"2026-10-04";25.47713721;"A";"Данные СберИндекса";"Неделя";"Образование";"2";"% г/г";"0"
"2023-11-12";19.94736484;"A";"Данные СберИндекса";"Неделя";"Винные магазины";"2";"% г/г";"0"
"2023-11-19";19.81529579;"A";"Данные СберИндекса";"Неделя";"Винные магазины";"2";"% г/г";"0"
"2023-11-26";19.41619367;"A";"Данные СберИндекса";"Неделя";"Винные магазины";"2";"% г/г";"0"
"2023-12-03";20.75427472;"A";"Данные СберИндекса";"Неделя";"Винные магазины";"2";"% г/г";"0"
"2023-12-10";20.10390209;"A";"Данные СберИндекса";"Неделя";"Винные магазины";"2";"% г/г";"0"
"2023-12-17";19.15013453;"A";"Данные СберИндекса";"Неделя";"Винные магазины";"2";"% г/г";"0"
"2023-12-24";19.2671633;"A";"Данные СберИндекса";"Неделя";"Винные магазины";"2";"% г/г";"0"
"2023-12-31";21.60290951;"A";"Данные СберИндекса";"Неделя";"Винные магазины";"2";"% г/г";"0"
"2024-01-07";13.10977289;"A";"Данные СберИндекса";"Неделя";"Винные магазины";"2";"% г/г";"0"
"2024-01-14";10.58008326;"A";"Данные СберИндекса";"Неделя";"Винные магазины";"2";"% г/г";"0"
"2024-01-21";11.8951055;"A";"Данные СберИндекса";"Неделя";"Винные магазины";"2";"% г/г";"0"
"2024-01-28";12.37188428;"A";"Данные СберИндекса";"Неделя";"Винные магазины";"2";"% г/г";"0"
"2024-02-04";13.49935296;"A";"Данные СберИндекса";"Неделя";"Винные магазины";"2";"% г/г";"0"
"2024-02-11";14.2940609;"A";"Данные СберИндекса";"Неделя";"Винные магазины";"2";"% г/г";"0"
"2024-02-18";13.77236838;"A";"Данные СберИндекса";"Неделя";"Винные магазины";"2";"% г/г";"0"
"2024-02-25";13.45024592;"A";"Данные СберИндекса";"Неделя";"Винные магазины";"2";"% г/г";"0"
"2024-03-03";14.85383008;"A";"Данные СберИндекса";"Неделя";"Винные магазины";"2";"% г/г";"0"
"2024-03-10";18.94269911;"A";"Данные СберИндекса";"Неделя";"Винные магазины";"2";"% г/г";"0"
"2024-03-17";14.5490239;"A";"Данные СберИндекса";"Неделя";"Винные магазины";"2";"% г/г";"0"
"2024-03-24";13.8966052;"A";"Данные СберИндекса";"Неделя";"Винные магазины";"2";"% г/г";"0"
"2024-03-31";16.68035353;"A";"Данные СберИндекса";"Неделя";"Винные магазины";"2";"% г/г";"0"
"2024-04-07";14.61286496;"A";"Данные СберИндекса";"Неделя";"Винные магазины";"2";"% г/г";"0"
"2024-04-14";13.4184698;"A";"Данные СберИндекса";"Неделя";"Винные магазины";"2";"% г/г";"0"
"2024-04-21";16.39067589;"A";"Данные СберИндекса";"Неделя";"Винные магазины";"2";"% г/г";"0"
"2024-04-28";14.77810374;"A";"Данные СберИндекса";"Неделя";"Винные магазины";"2";"% г/г";"0"
"2024-05-05";16.24731677;"A";"Данные СберИндекса";"Неделя";"Винные магазины";"2";"% г/г";"0"
"2024-05-12";17.0964421;"A";"Данные СберИндекса";"Неделя";"Винные магазины";"2";"% г/г";"0"
"2024-05-19";14.12219057;"A";"Данные СберИндекса";"Неделя";"Винные магазины";"2";"% г/г";"0"
"2024-05-26";14.34335387;"A";"Данные СберИндекса";"Неделя";"Винные магазины";"2";"% г/г";"0"
"2024-06-02";15.00730363;"A";"Данные СберИндекса";"Неделя";"Винные магазины";"2";"% г/г";"0"
"2024-06-09";14.32501911;"A";"Данные СберИндекса";"Неделя";"Винные магазины";"2";"% г/г";"0"
"2024-06-16";20.46508179;"A";"Данные СберИндекса";"Неделя";"Винные магазины";"2";"% г/г";"0"
"2024-06-23";18.11086937;"A";"Данные СберИндекса";"Неделя";"Винные магазины";"2";"% г/г";"0"
"2024-06-30";16.48192163;"A";"Данные СберИндекса";"Неделя";"Винные магазины";"2";"% г/г";"0"
"2024-07-07";15.61205663;"A";"Данные СберИндекса";"Неделя";"Винные магазины";"2";"% г/г";"0"
"2024-07-14";17.04134984;"A";"Данные СберИндекса";"Неделя";"Винные магазины";"2";"% г/г";"0"
"2024-07-21";17.7172815;"A";"Данные СберИндекса";"Неделя";"Винные магазины";"2";"% г/г";"0"
"2024-07-28";13.74734008;"A";"Данные СберИндекса";"Неделя";"Винные магазины";"2";"% г/г";"0"
"2024-08-04";11.93479893;"A";"Данные СберИндекса";"Неделя";"Винные магазины";"2";"% г/г";"0"
"2024-08-11";12.57772848;"A";"Данные СберИндекса";"Неделя";"Винные магазины";"2";"% г/г";"0"
"2024-08-18";12.38731892;"A";"Данные СберИндекса";"Неделя";"Винные магазины";"2";"% г/г";"0"
"2024-08-25";17.06940464;"A";"Данные СберИндекса";"Неделя";"Винные магазины";"2";"% г/г";"0"
"2024-09-01";16.7056976;"A";"Данные СберИндекса";"Неделя";"Винные магазины";"2";"% г/г";"0"
"2024-09-08";15.3944311;"A";"Данные СберИндекса";"Неделя";"Винные магазины";"2";"% г/г";"0"
"2024-09-15";16.56997561;"A";"Данные СберИндекса";"Неделя";"Винные магазины";"2";"% г/г";"0"
"2024-09-22";14.62495377;"A";"Данные СберИндекса";"Неделя";"Винные магазины";"2";"% г/г";"0"
"2024-09-29";13.85776202;"A";"Данные СберИндекса";"Неделя";"Винные магазины";"2";"% г/г";"0"
"2024-10-06";16.42781731;"A";"Данные СберИндекса";"Неделя";"Винные магазины";"2";"% г/г";"0"
"2024-10-13";14.76336638;"A";"Данные СберИндекса";"Неделя";"Винные магазины";"2";"% г/г";"0"
"2024-10-20";17.53163856;"A";"Данные СберИндекса";"Неделя";"Винные магазины";"2";"% г/г";"0"
"2024-10-27";18.75251357;"A";"Данные СберИндекса";"Неделя";"Винные магазины";"2";"% г/г";"0"
"2024-11-03";14.7224224;"A";"Данные СберИндекса";"Неделя";"Винные магазины";"2";"% г/г";"0"
"2024-11-10";17.37104022;"A";"Данные СберИндекса";"Неделя";"Винные магазины";"2";"% г/г";"0"
"2024-11-17";18.21804154;"A";"Данные СберИндекса";"Неделя";"Винные магазины";"2";"% г/г";"0"
"2024-11-24";18.75046469;"A";"Данные СберИндекса";"Неделя";"Винные магазины";"2";"% г/г";"0"
"2024-12-01";19.76133426;"A";"Данные СберИндекса";"Неделя";"Винные магазины";"2";"% г/г";"0"
"2024-12-08";22.31175791;"A";"Данные СберИндекса";"Неделя";"Винные магазины";"2";"% г/г";"0"
"2024-12-15";22.95740904;"A";"Данные СберИндекса";"Неделя";"Винные магазины";"2";"% г/г";"0"
"2024-12-22";21.12840452;"A";"Данные СберИндекса";"Неделя";"Винные магазины";"2";"% г/г";"0"
"2024-12-29";12.9229758;"A";"Данные СберИндекса";"Неделя";"Винные магазины";"2";"% г/г";"0"
"2025-01-05";53.33824936;"A";"Данные СберИндекса";"Неделя";"Винные магазины";"2";"% г/г";"0"
"2025-01-12";29.73487094;"A";"Данные СберИндекса";"Неделя";"Винные магазины";"2";"% г/г";"0"
"2025-01-19";26.56624823;"A";"Данные СберИндекса";"Неделя";"Винные магазины";"2";"% г/г";"0"
"2025-01-26";24.42807214;"A";"Данные СберИндекса";"Неделя";"Винные магазины";"2";"% г/г";"0"
"2025-02-02";22.92104898;"A";"Данные СберИндекса";"Неделя";"Винные магазины";"2";"% г/г";"0"
"2025-02-09";21.13415055;"A";"Данные СберИндекса";"Неделя";"Винные магазины";"2";"% г/г";"0"
"2025-02-16";21.5260661;"A";"Данные СберИндекса";"Неделя";"Винные магазины";"2";"% г/г";"0"
"2025-02-23";17.732204;"A";"Данные СберИндекса";"Неделя";"Винные магазины";"2";"% г/г";"0"
"2025-03-02";20.0632801;"A";"Данные СберИндекса";"Неделя";"Винные магазины";"2";"% г/г";"0"
"2025-03-09";18.27931062;"A";"Данные СберИндекса";"Неделя";"Винные магазины";"2";"% г/г";"0"
"2025-03-16";22.0868597;"A";"Данные СберИндекса";"Неделя";"Винные магазины";"2";"% г/г";"0"
"2025-03-23";22.77568855;"A";"Данные СберИндекса";"Неделя";"Винные магазины";"2";"% г/г";"0"
"2025-03-30";22.32877703;"A";"Данные СберИндекса";"Неделя";"Винные магазины";"2";"% г/г";"0"
"2025-04-06";22.83005529;"A";"Данные СберИндекса";"Неделя";"Винные магазины";"2";"% г/г";"0"
"2025-04-13";21.11781669;"A";"Данные СберИндекса";"Неделя";"Винные магазины";"2";"% г/г";"0"
"2025-04-20";25.62757111;"A";"Данные СберИндекса";"Неделя";"Винные магазины";"2";"% г/г";"0"
"2025-04-27";18.76220357;"A";"Данные СберИндекса";"Неделя";"Винные магазины";"2";"% г/г";"0"
"2025-05-04";24.50055715;"A";"Данные СберИндекса";"Неделя";"Винные магазины";"2";"% г/г";"0"
"2025-05-11";25.44816573;"A";"Данные СберИндекса";"Неделя";"Винные магазины";"2";"% г/г";"0"
"2025-05-18";23.26294825;"A";"Данные СберИндекса";"Неделя";"Винные магазины";"2";"% г/г";"0"
"2025-05-25";23.79886845;"A";"Данные СберИндекса";"Неделя";"Винные магазины";"2";"% г/г";"0"
"2025-06-01";22.83994122;"A";"Данные СберИндекса";"Неделя";"Винные магазины";"2";"% г/г";"0"
"2025-06-08";19.82005864;"A";"Данные СберИндекса";"Неделя";"Винные магазины";"2";"% г/г";"0"
"2025-06-15";19.70471657;"A";"Данные СберИндекса";"Неделя";"Винные магазины";"2";"% г/г";"0"
"2025-06-22";16.12607951;"A";"Данные СберИндекса";"Неделя";"Винные магазины";"2";"% г/г";"0"
"2025-06-29";15.59159318;"A";"Данные СберИндекса";"Неделя";"Винные магазины";"2";"% г/г";"0"
"2025-07-06";14.28669737;"A";"Данные СберИндекса";"Неделя";"Винные магазины";"2";"% г/г";"0"
"2025-07-13";17.47156857;"A";"Данные СберИндекса";"Неделя";"Винные магазины";"2";"% г/г";"0"
"2025-07-20";15.41882659;"A";"Данные СберИндекса";"Неделя";"Винные магазины";"2";"% г/г";"0"
"2025-07-27";16.79789239;"A";"Данные СберИндекса";"Неделя";"Винные магазины";"2";"% г/г";"0"
"2025-08-03";18.45135104;"A";"Данные СберИндекса";"Неделя";"Винные магазины";"2";"% г/г";"0"
"2025-08-10";15.65056618;"A";"Данные СберИндекса";"Неделя";"Винные магазины";"2";"% г/г";"0"
"2025-08-17";14.60192691;"A";"Данные СберИндекса";"Неделя";"Винные магазины";"2";"% г/г";"0"
"2025-08-24";12.44293151;"A";"Данные СберИндекса";"Неделя";"Винные магазины";"2";"% г/г";"0"
"2025-08-31";13.0231717;"A";"Данные СберИндекса";"Неделя";"Винные магазины";"2";"% г/г";"0"
"2025-09-07";11.38059771;"A";"Данные СберИндекса";"Неделя";"Винные магазины";"2";"% г/г";"0"
"2025-09-14";9.4973127;"A";"Данные СберИндекса";"Неделя";"Винные магазины";"2";"% г/г";"0"
"2025-09-21";10.24943676;"A";"Данные СберИндекса";"Неделя";"Винные магазины";"2";"% г/г";"0"
"2025-09-28";8.90592536;"A";"Данные СберИндекса";"Неделя";"Винные магазины";"2";"% г/г";"0"
"2025-10-05";7.64171217;"A";"Данные СберИндекса";"Неделя";"Винные магазины";"2";"% г/г";"0"
"2025-10-12";8.05398183;"A";"Данные СберИндекса";"Неделя";"Винные магазины";"2";"% г/г";"0"
"2025-10-19";8.32797384;"A";"Данные СберИндекса";"Неделя";"Винные магазины";"2";"% г/г";"0"
"2025-10-26";9.19222161;"A";"Данные СберИндекса";"Неделя";"Винные магазины";"2";"% г/г";"0"
"2025-11-02";10.75142344;"A";"Данные СберИндекса";"Неделя";"Винные магазины";"2";"% г/г";"0"
"2025-11-09";8.01549214;"A";"Данные СберИндекса";"Неделя";"Винные магазины";"2";"% г/г";"0"
"2025-11-16";7.08721096;"A";"Данные СберИндекса";"Неделя";"Винные магазины";"2";"% г/г";"0"
"2025-11-23";5.28177764;"A";"Данные СберИндекса";"Неделя";"Винные магазины";"2";"% г/г";"0"
"2025-11-30";5.16095074;"A";"Данные СберИндекса";"Неделя";"Винные магазины";"2";"% г/г";"0"
"2025-12-07";3.19213446;"A";"Данные СберИндекса";"Неделя";"Винные магазины";"2";"% г/г";"0"
"2025-12-14";0.32526327;"A";"Данные СберИндекса";"Неделя";"Винные магазины";"2";"% г/г";"0"
"2025-12-21";-0.12663224;"A";"Данные СберИндекса";"Неделя";"Винные магазины";"2";"% г/г";"0"
"2025-12-28";-5.96575725;"A";"Данные СберИндекса";"Неделя";"Винные магазины";"2";"% г/г";"0"
"2026-01-04";7.33332017;"A";"Данные СберИндекса";"Неделя";"Винные магазины";"2";"% г/г";"0"
"2026-01-11";2.65253975;"A";"Данные СберИндекса";"Неделя";"Винные магазины";"2";"% г/г";"0"
"2026-01-18";-0.70966341;"A";"Данные СберИндекса";"Неделя";"Винные магазины";"2";"% г/г";"0"
"2026-01-25";-0.36390845;"A";"Данные СберИндекса";"Неделя";"Винные магазины";"2";"% г/г";"0"
"2026-02-01";-1.03515072;"A";"Данные СберИндекса";"Неделя";"Винные магазины";"2";"% г/г";"0"
"2026-02-08";-0.40871159;"A";"Данные СберИндекса";"Неделя";"Винные магазины";"2";"% г/г";"0"
"2026-02-15";1.62202085;"A";"Данные СберИндекса";"Неделя";"Винные магазины";"2";"% г/г";"0"
"2026-02-22";1.75742444;"A";"Данные СберИндекса";"Неделя";"Винные магазины";"2";"% г/г";"0"
"2026-03-01";1.47656144;"A";"Данные СберИндекса";"Неделя";"Винные магазины";"2";"% г/г";"0"
"2026-03-08";1.12416644;"A";"Данные СберИндекса";"Неделя";"Винные магазины";"2";"% г/г";"0"
"2026-03-15";-0.98636466;"A";"Данные СберИндекса";"Неделя";"Винные магазины";"2";"% г/г";"0"
"2026-03-22";-0.24728258;"A";"Данные СберИндекса";"Неделя";"Винные магазины";"2";"% г/г";"0"
"2026-03-29";-0.12854765;"A";"Данные СберИндекса";"Неделя";"Винные магазины";"2";"% г/г";"0"
"2026-04-05";-1.21057596;"A";"Данные СберИндекса";"Неделя";"Винные магазины";"2";"% г/г";"0"
"2026-04-12";-0.59417493;"A";"Данные СберИндекса";"Неделя";"Винные магазины";"2";"% г/г";"0"
"2026-04-19";-4.80376703;"A";"Данные СберИндекса";"Неделя";"Винные магазины";"2";"% г/г";"0"
"2026-04-26";-2.67852942;"A";"Данные СберИндекса";"Неделя";"Винные магазины";"2";"% г/г";"0"
"2026-05-03";-3.01555261;"A";"Данные СберИндекса";"Неделя";"Винные магазины";"2";"% г/г";"0"
"2026-05-10";-1.8771391;"A";"Данные СберИндекса";"Неделя";"Винные магазины";"2";"% г/г";"0"
"2026-05-17";-1.51015533;"A";"Данные СберИндекса";"Неделя";"Винные магазины";"2";"% г/г";"0"
"2026-05-24";1.27112332;"A";"Данные СберИндекса";"Неделя";"Винные магазины";"2";"% г/г";"0"
"2026-05-31";0.21148652;"A";"Данные СберИндекса";"Неделя";"Винные магазины";"2";"% г/г";"0"
"2026-06-07";-0.88093638;"A";"Данные СберИндекса";"Неделя";"Винные магазины";"2";"% г/г";"0"
"2026-06-14";1.67981914;"A";"Данные СберИндекса";"Неделя";"Винные магазины";"2";"% г/г";"0"
"2026-06-21";3.09591655;"A";"Данные СберИндекса";"Неделя";"Винные магазины";"2";"% г/г";"0"
"2026-06-28";2.8895685;"A";"Данные СберИндекса";"Неделя";"Винные магазины";"2";"% г/г";"0"
"2026-07-05";2.70266521;"A";"Данные СберИндекса";"Неделя";"Винные магазины";"2";"% г/г";"0"
"2026-07-12";4.677242;"A";"Данные СберИндекса";"Неделя";"Винные магазины";"2";"% г/г";"0"
"2026-07-19";5.47789444;"A";"Данные СберИндекса";"Неделя";"Винные магазины";"2";"% г/г";"0"
"2026-07-26";5.81916402;"A";"Данные СберИндекса";"Неделя";"Винные магазины";"2";"% г/г";"0"
"2026-08-02";5.14878972;"A";"Данные СберИндекса";"Неделя";"Винные магазины";"2";"% г/г";"0"
"2026-08-09";5.6060333;"A";"Данные СберИндекса";"Неделя";"Винные магазины";"2";"% г/г";"0"
"2026-08-16";6.38403483;"A";"Данные СберИндекса";"Неделя";"Винные магазины";"2";"% г/г";"0"
"2026-08-23";6.55568593;"A";"Данные СберИндекса";"Неделя";"Винные магазины";"2";"% г/г";"0"
"2026-08-30";6.10380617;"A";"Данные СберИндекса";"Неделя";"Винные магазины";"2";"% г/г";"0"
"2026-09-06";6.2135617;"A";"Данные СберИндекса";"Неделя";"Винные магазины";"2";"% г/г";"0"
"2026-09-13";5.6970446;"A";"Данные СберИндекса";"Неделя";"Винные магазины";"2";"% г/г";"0"
"2026-09-20";6.67261738;"A";"Данные СберИндекса";"Неделя";"Винные магазины";"2";"% г/г";"0"
"2026-09-27";7.66201225;"A";"Данные СберИндекса";"Неделя";"Винные магазины";"2";"% г/г";"0"
"2026-10-04";7.12747489;"A";"Данные СберИндекса";"Неделя";"Винные магазины";"2";"% г/г";"0"
"2023-11-12";25.79515822;"A";"Данные СберИндекса";"Неделя";"Такси, каршеринг, аренда автомобилей";"2";"% г/г";"0"
"2023-11-19";24.02669355;"A";"Данные СберИндекса";"Неделя";"Такси, каршеринг, аренда автомобилей";"2";"% г/г";"0"
"2023-11-26";27.54155739;"A";"Данные СберИндекса";"Неделя";"Такси, каршеринг, аренда автомобилей";"2";"% г/г";"0"
"2023-12-03";24.05381773;"A";"Данные СберИндекса";"Неделя";"Такси, каршеринг, аренда автомобилей";"2";"% г/г";"0"
"2023-12-10";24.93900776;"A";"Данные СберИндекса";"Неделя";"Такси, каршеринг, аренда автомобилей";"2";"% г/г";"0"
"2023-12-17";24.04874943;"A";"Данные СберИндекса";"Неделя";"Такси, каршеринг, аренда автомобилей";"2";"% г/г";"0"
"2023-12-24";19.5801145;"A";"Данные СберИндекса";"Неделя";"Такси, каршеринг, аренда автомобилей";"2";"% г/г";"0"
"2023-12-31";20.00391646;"A";"Данные СберИндекса";"Неделя";"Такси, каршеринг, аренда автомобилей";"2";"% г/г";"0"
"2024-01-07";26.59700652;"A";"Данные СберИндекса";"Неделя";"Такси, каршеринг, аренда автомобилей";"2";"% г/г";"0"
"2024-01-14";20.62954702;"A";"Данные СберИндекса";"Неделя";"Такси, каршеринг, аренда автомобилей";"2";"% г/г";"0"
"2024-01-21";24.00326838;"A";"Данные СберИндекса";"Неделя";"Такси, каршеринг, аренда автомобилей";"2";"% г/г";"0"
"2024-01-28";22.54412355;"A";"Данные СберИндекса";"Неделя";"Такси, каршеринг, аренда автомобилей";"2";"% г/г";"0"
"2024-02-04";21.07402017;"A";"Данные СберИндекса";"Неделя";"Такси, каршеринг, аренда автомобилей";"2";"% г/г";"0"
"2024-02-11";23.46820614;"A";"Данные СберИндекса";"Неделя";"Такси, каршеринг, аренда автомобилей";"2";"% г/г";"0"
"2024-02-18";23.67634642;"A";"Данные СберИндекса";"Неделя";"Такси, каршеринг, аренда автомобилей";"2";"% г/г";"0"
"2024-02-25";20.30981461;"A";"Данные СберИндекса";"Неделя";"Такси, каршеринг, аренда автомобилей";"2";"% г/г";"0"
"2024-03-03";16.7313857;"A";"Данные СберИндекса";"Неделя";"Такси, каршеринг, аренда автомобилей";"2";"% г/г";"0"
"2024-03-10";15.93143557;"A";"Данные СберИндекса";"Неделя";"Такси, каршеринг, аренда автомобилей";"2";"% г/г";"0"
"2024-03-17";14.48308941;"A";"Данные СберИндекса";"Неделя";"Такси, каршеринг, аренда автомобилей";"2";"% г/г";"0"
"2024-03-24";14.06678069;"A";"Данные СберИндекса";"Неделя";"Такси, каршеринг, аренда автомобилей";"2";"% г/г";"0"
"2024-03-31";15.50146367;"A";"Данные СберИндекса";"Неделя";"Такси, каршеринг, аренда автомобилей";"2";"% г/г";"0"
"2024-04-07";18.90454984;"A";"Данные СберИндекса";"Неделя";"Такси, каршеринг, аренда автомобилей";"2";"% г/г";"0"
"2024-04-14";17.18306912;"A";"Данные СберИндекса";"Неделя";"Такси, каршеринг, аренда автомобилей";"2";"% г/г";"0"
"2024-04-21";18.43656468;"A";"Данные СберИндекса";"Неделя";"Такси, каршеринг, аренда автомобилей";"2";"% г/г";"0"
"2024-04-28";17.65780898;"A";"Данные СберИндекса";"Неделя";"Такси, каршеринг, аренда автомобилей";"2";"% г/г";"0"
"2024-05-05";15.26432169;"A";"Данные СберИндекса";"Неделя";"Такси, каршеринг, аренда автомобилей";"2";"% г/г";"0"
"2024-05-12";17.87726579;"A";"Данные СберИндекса";"Неделя";"Такси, каршеринг, аренда автомобилей";"2";"% г/г";"0"
"2024-05-19";19.01676293;"A";"Данные СберИндекса";"Неделя";"Такси, каршеринг, аренда автомобилей";"2";"% г/г";"0"
"2024-05-26";20.37374137;"A";"Данные СберИндекса";"Неделя";"Такси, каршеринг, аренда автомобилей";"2";"% г/г";"0"
"2024-06-02";21.50198909;"A";"Данные СберИндекса";"Неделя";"Такси, каршеринг, аренда автомобилей";"2";"% г/г";"0"
"2024-06-09";22.13764389;"A";"Данные СберИндекса";"Неделя";"Такси, каршеринг, аренда автомобилей";"2";"% г/г";"0"
"2024-06-16";24.02736186;"A";"Данные СберИндекса";"Неделя";"Такси, каршеринг, аренда автомобилей";"2";"% г/г";"0"
"2024-06-23";23.56726121;"A";"Данные СберИндекса";"Неделя";"Такси, каршеринг, аренда автомобилей";"2";"% г/г";"0"
"2024-06-30";22.65051584;"A";"Данные СберИндекса";"Неделя";"Такси, каршеринг, аренда автомобилей";"2";"% г/г";"0"
"2024-07-07";23.05588975;"A";"Данные СберИндекса";"Неделя";"Такси, каршеринг, аренда автомобилей";"2";"% г/г";"0"
"2024-07-14";21.74678463;"A";"Данные СберИндекса";"Неделя";"Такси, каршеринг, аренда автомобилей";"2";"% г/г";"0"
"2024-07-21";22.84045191;"A";"Данные СберИндекса";"Неделя";"Такси, каршеринг, аренда автомобилей";"2";"% г/г";"0"
"2024-07-28";20.62844012;"A";"Данные СберИндекса";"Неделя";"Такси, каршеринг, аренда автомобилей";"2";"% г/г";"0"
"2024-08-04";17.05835778;"A";"Данные СберИндекса";"Неделя";"Такси, каршеринг, аренда автомобилей";"2";"% г/г";"0"
"2024-08-11";17.20145796;"A";"Данные СберИндекса";"Неделя";"Такси, каршеринг, аренда автомобилей";"2";"% г/г";"0"
"2024-08-18";16.69517246;"A";"Данные СберИндекса";"Неделя";"Такси, каршеринг, аренда автомобилей";"2";"% г/г";"0"
"2024-08-25";19.27747325;"A";"Данные СберИндекса";"Неделя";"Такси, каршеринг, аренда автомобилей";"2";"% г/г";"0"
"2024-09-01";18.71097538;"A";"Данные СберИндекса";"Неделя";"Такси, каршеринг, аренда автомобилей";"2";"% г/г";"0"
"2024-09-08";19.02478666;"A";"Данные СберИндекса";"Неделя";"Такси, каршеринг, аренда автомобилей";"2";"% г/г";"0"
"2024-09-15";20.11212801;"A";"Данные СберИндекса";"Неделя";"Такси, каршеринг, аренда автомобилей";"2";"% г/г";"0"
"2024-09-22";19.87554817;"A";"Данные СберИндекса";"Неделя";"Такси, каршеринг, аренда автомобилей";"2";"% г/г";"0"
"2024-09-29";18.68484901;"A";"Данные СберИндекса";"Неделя";"Такси, каршеринг, аренда автомобилей";"2";"% г/г";"0"
"2024-10-06";16.19842094;"A";"Данные СберИндекса";"Неделя";"Такси, каршеринг, аренда автомобилей";"2";"% г/г";"0"
"2024-10-13";15.72896418;"A";"Данные СберИндекса";"Неделя";"Такси, каршеринг, аренда автомобилей";"2";"% г/г";"0"
"2024-10-20";16.02803983;"A";"Данные СберИндекса";"Неделя";"Такси, каршеринг, аренда автомобилей";"2";"% г/г";"0"
"2024-10-27";12.65341908;"A";"Данные СберИндекса";"Неделя";"Такси, каршеринг, аренда автомобилей";"2";"% г/г";"0"
"2024-11-03";17.88288167;"A";"Данные СберИндекса";"Неделя";"Такси, каршеринг, аренда автомобилей";"2";"% г/г";"0"
"2024-11-10";18.76659346;"A";"Данные СберИндекса";"Неделя";"Такси, каршеринг, аренда автомобилей";"2";"% г/г";"0"
"2024-11-17";15.5032263;"A";"Данные СберИндекса";"Неделя";"Такси, каршеринг, аренда автомобилей";"2";"% г/г";"0"
"2024-11-24";13.72141224;"A";"Данные СберИндекса";"Неделя";"Такси, каршеринг, аренда автомобилей";"2";"% г/г";"0"
"2024-12-01";16.71421566;"A";"Данные СберИндекса";"Неделя";"Такси, каршеринг, аренда автомобилей";"2";"% г/г";"0"
"2024-12-08";12.46938542;"A";"Данные СберИндекса";"Неделя";"Такси, каршеринг, аренда автомобилей";"2";"% г/г";"0"
"2024-12-15";12.46857363;"A";"Данные СберИндекса";"Неделя";"Такси, каршеринг, аренда автомобилей";"2";"% г/г";"0"
"2024-12-22";15.85948463;"A";"Данные СберИндекса";"Неделя";"Такси, каршеринг, аренда автомобилей";"2";"% г/г";"0"
"2024-12-29";16.47403006;"A";"Данные СберИндекса";"Неделя";"Такси, каршеринг, аренда автомобилей";"2";"% г/г";"0"
"2025-01-05";9.10237048;"A";"Данные СберИндекса";"Неделя";"Такси, каршеринг, аренда автомобилей";"2";"% г/г";"0"
"2025-01-12";5.92576805;"A";"Данные СберИндекса";"Неделя";"Такси, каршеринг, аренда автомобилей";"2";"% г/г";"0"
"2025-01-19";9.09543889;"A";"Данные СберИндекса";"Неделя";"Такси, каршеринг, аренда автомобилей";"2";"% г/г";"0"
"2025-01-26";12.15243005;"A";"Данные СберИндекса";"Неделя";"Такси, каршеринг, аренда автомобилей";"2";"% г/г";"0"
"2025-02-02";12.66275407;"A";"Данные СберИндекса";"Неделя";"Такси, каршеринг, аренда автомобилей";"2";"% г/г";"0"
"2025-02-09";9.66905092;"A";"Данные СберИндекса";"Неделя";"Такси, каршеринг, аренда автомобилей";"2";"% г/г";"0"
"2025-02-16";9.88619629;"A";"Данные СберИндекса";"Неделя";"Такси, каршеринг, аренда автомобилей";"2";"% г/г";"0"
"2025-02-23";12.38537106;"A";"Данные СберИндекса";"Неделя";"Такси, каршеринг, аренда автомобилей";"2";"% г/г";"0"
"2025-03-02";14.58721824;"A";"Данные СберИндекса";"Неделя";"Такси, каршеринг, аренда автомобилей";"2";"% г/г";"0"
"2025-03-09";13.53013518;"A";"Данные СберИндекса";"Неделя";"Такси, каршеринг, аренда автомобилей";"2";"% г/г";"0"
"2025-03-16";14.22373822;"A";"Данные СберИндекса";"Неделя";"Такси, каршеринг, аренда автомобилей";"2";"% г/г";"0"
"2025-03-23";15.92089635;"A";"Данные СберИндекса";"Неделя";"Такси, каршеринг, аренда автомобилей";"2";"% г/г";"0"
"2025-03-30";14.46734312;"A";"Данные СберИндекса";"Неделя";"Такси, каршеринг, аренда автомобилей";"2";"% г/г";"0"
"2025-04-06";13.51622763;"A";"Данные СберИндекса";"Неделя";"Такси, каршеринг, аренда автомобилей";"2";"% г/г";"0"
"2025-04-13";14.51722904;"A";"Данные СберИндекса";"Неделя";"Такси, каршеринг, аренда автомобилей";"2";"% г/г";"0"
"2025-04-20";12.07384487;"A";"Данные СберИндекса";"Неделя";"Такси, каршеринг, аренда автомобилей";"2";"% г/г";"0"
"2025-04-27";11.69091709;"A";"Данные СберИндекса";"Неделя";"Такси, каршеринг, аренда автомобилей";"2";"% г/г";"0"
"2025-05-04";15.16224975;"A";"Данные СберИндекса";"Неделя";"Такси, каршеринг, аренда автомобилей";"2";"% г/г";"0"
"2025-05-11";8.47953094;"A";"Данные СберИндекса";"Неделя";"Такси, каршеринг, аренда автомобилей";"2";"% г/г";"0"
"2025-05-18";7.30593936;"A";"Данные СберИндекса";"Неделя";"Такси, каршеринг, аренда автомобилей";"2";"% г/г";"0"
"2025-05-25";7.86616436;"A";"Данные СберИндекса";"Неделя";"Такси, каршеринг, аренда автомобилей";"2";"% г/г";"0"
"2025-06-01";7.04557127;"A";"Данные СберИндекса";"Неделя";"Такси, каршеринг, аренда автомобилей";"2";"% г/г";"0"
"2025-06-08";2.64164988;"A";"Данные СберИндекса";"Неделя";"Такси, каршеринг, аренда автомобилей";"2";"% г/г";"0"
"2025-06-15";0.81241626;"A";"Данные СберИндекса";"Неделя";"Такси, каршеринг, аренда автомобилей";"2";"% г/г";"0"
"2025-06-22";1.07009454;"A";"Данные СберИндекса";"Неделя";"Такси, каршеринг, аренда автомобилей";"2";"% г/г";"0"
"2025-06-29";0.455924;"A";"Данные СберИндекса";"Неделя";"Такси, каршеринг, аренда автомобилей";"2";"% г/г";"0"
"2025-07-06";-0.58744948;"A";"Данные СберИндекса";"Неделя";"Такси, каршеринг, аренда автомобилей";"2";"% г/г";"0"
"2025-07-13";0.20680642;"A";"Данные СберИндекса";"Неделя";"Такси, каршеринг, аренда автомобилей";"2";"% г/г";"0"
"2025-07-20";1.02821435;"A";"Данные СберИндекса";"Неделя";"Такси, каршеринг, аренда автомобилей";"2";"% г/г";"0"
"2025-07-27";0.86449275;"A";"Данные СберИндекса";"Неделя";"Такси, каршеринг, аренда автомобилей";"2";"% г/г";"0"
"2025-08-03";0.63179994;"A";"Данные СберИндекса";"Неделя";"Такси, каршеринг, аренда автомобилей";"2";"% г/г";"0"
"2025-08-10";-0.56906263;"A";"Данные СберИндекса";"Неделя";"Такси, каршеринг, аренда автомобилей";"2";"% г/г";"0"
"2025-08-17";-0.94986376;"A";"Данные СберИндекса";"Неделя";"Такси, каршеринг, аренда автомобилей";"2";"% г/г";"0"
"2025-08-24";-1.90905195;"A";"Данные СберИндекса";"Неделя";"Такси, каршеринг, аренда автомобилей";"2";"% г/г";"0"
"2025-08-31";-1.94543708;"A";"Данные СберИндекса";"Неделя";"Такси, каршеринг, аренда автомобилей";"2";"% г/г";"0"
"2025-09-07";-0.75843829;"A";"Данные СберИндекса";"Неделя";"Такси, каршеринг, аренда автомобилей";"2";"% г/г";"0"
"2025-09-14";-0.98490881;"A";"Данные СберИндекса";"Неделя";"Такси, каршеринг, аренда автомобилей";"2";"% г/г";"0"
"2025-09-21";-0.10692678;"A";"Данные СберИндекса";"Неделя";"Такси, каршеринг, аренда автомобилей";"2";"% г/г";"0"
"2025-09-28";0.7112077;"A";"Данные СберИндекса";"Неделя";"Такси, каршеринг, аренда автомобилей";"2";"% г/г";"0"
"2025-10-05";0.32109516;"A";"Данные СберИндекса";"Неделя";"Такси, каршеринг, аренда автомобилей";"2";"% г/г";"0"
"2025-10-12";-0.52586693;"A";"Данные СберИндекса";"Неделя";"Такси, каршеринг, аренда автомобилей";"2";"% г/г";"0"
"2025-10-19";1.06946052;"A";"Данные СберИндекса";"Неделя";"Такси, каршеринг, аренда автомобилей";"2";"% г/г";"0"
"2025-10-26";1.22832964;"A";"Данные СберИндекса";"Неделя";"Такси, каршеринг, аренда автомобилей";"2";"% г/г";"0"
"2025-11-02";-0.98539307;"A";"Данные СберИндекса";"Неделя";"Такси, каршеринг, аренда автомобилей";"2";"% г/г";"0"
"2025-11-09";-5.80355607;"A";"Данные СберИндекса";"Неделя";"Такси, каршеринг, аренда автомобилей";"2";"% г/г";"0"
"2025-11-16";0.66187518;"A";"Данные СберИндекса";"Неделя";"Такси, каршеринг, аренда автомобилей";"2";"% г/г";"0"
"2025-11-23";-0.83308778;"A";"Данные СберИндекса";"Неделя";"Такси, каршеринг, аренда автомобилей";"2";"% г/г";"0"
"2025-11-30";-0.0404615;"A";"Данные СберИндекса";"Неделя";"Такси, каршеринг, аренда автомобилей";"2";"% г/г";"0"
"2025-12-07";-3.01684185;"A";"Данные СберИндекса";"Неделя";"Такси, каршеринг, аренда автомобилей";"2";"% г/г";"0"
"2025-12-14";-1.94815532;"A";"Данные СберИндекса";"Неделя";"Такси, каршеринг, аренда автомобилей";"2";"% г/г";"0"
"2025-12-21";-2.57746425;"A";"Данные СберИндекса";"Неделя";"Такси, каршеринг, аренда автомобилей";"2";"% г/г";"0"
"2025-12-28";3.61655487;"A";"Данные СберИндекса";"Неделя";"Такси, каршеринг, аренда автомобилей";"2";"% г/г";"0"
"2026-01-04";10.37555147;"A";"Данные СберИндекса";"Неделя";"Такси, каршеринг, аренда автомобилей";"2";"% г/г";"0"
"2026-01-11";4.96223155;"A";"Данные СберИндекса";"Неделя";"Такси, каршеринг, аренда автомобилей";"2";"% г/г";"0"
"2026-01-18";8.12866589;"A";"Данные СберИндекса";"Неделя";"Такси, каршеринг, аренда автомобилей";"2";"% г/г";"0"
"2026-01-25";8.10730699;"A";"Данные СберИндекса";"Неделя";"Такси, каршеринг, аренда автомобилей";"2";"% г/г";"0"
"2026-02-01";10.71355698;"A";"Данные СберИндекса";"Неделя";"Такси, каршеринг, аренда автомобилей";"2";"% г/г";"0"
"2026-02-08";8.62606164;"A";"Данные СберИндекса";"Неделя";"Такси, каршеринг, аренда автомобилей";"2";"% г/г";"0"
"2026-02-15";9.78373675;"A";"Данные СберИндекса";"Неделя";"Такси, каршеринг, аренда автомобилей";"2";"% г/г";"0"
"2026-02-22";10.01000153;"A";"Данные СберИндекса";"Неделя";"Такси, каршеринг, аренда автомобилей";"2";"% г/г";"0"
"2026-03-01";7.55716712;"A";"Данные СберИндекса";"Неделя";"Такси, каршеринг, аренда автомобилей";"2";"% г/г";"0"
"2026-03-08";1.97128129;"A";"Данные СберИндекса";"Неделя";"Такси, каршеринг, аренда автомобилей";"2";"% г/г";"0"
"2026-03-15";-4.29233238;"A";"Данные СберИндекса";"Неделя";"Такси, каршеринг, аренда автомобилей";"2";"% г/г";"0"
"2026-03-22";-5.19238084;"A";"Данные СберИндекса";"Неделя";"Такси, каршеринг, аренда автомобилей";"2";"% г/г";"0"
"2026-03-29";-6.01693251;"A";"Данные СберИндекса";"Неделя";"Такси, каршеринг, аренда автомобилей";"2";"% г/г";"0"
"2026-04-05";-8.21976423;"A";"Данные СберИндекса";"Неделя";"Такси, каршеринг, аренда автомобилей";"2";"% г/г";"0"
"2026-04-12";-9.40925855;"A";"Данные СберИндекса";"Неделя";"Такси, каршеринг, аренда автомобилей";"2";"% г/г";"0"
"2026-04-19";-5.44431851;"A";"Данные СберИндекса";"Неделя";"Такси, каршеринг, аренда автомобилей";"2";"% г/г";"0"
"2026-04-26";-5.3638882;"A";"Данные СберИндекса";"Неделя";"Такси, каршеринг, аренда автомобилей";"2";"% г/г";"0"
"2026-05-03";-3.6333046;"A";"Данные СберИндекса";"Неделя";"Такси, каршеринг, аренда автомобилей";"2";"% г/г";"0"
"2026-05-10";-3.64534181;"A";"Данные СберИндекса";"Неделя";"Такси, каршеринг, аренда автомобилей";"2";"% г/г";"0"
"2026-05-17";-6.20895715;"A";"Данные СберИндекса";"Неделя";"Такси, каршеринг, аренда автомобилей";"2";"% г/г";"0"
"2026-05-24";-1.92882533;"A";"Данные СберИндекса";"Неделя";"Такси, каршеринг, аренда автомобилей";"2";"% г/г";"0"
"2026-05-31";-2.04484097;"A";"Данные СберИндекса";"Неделя";"Такси, каршеринг, аренда автомобилей";"2";"% г/г";"0"
"2026-06-07";-3.6873237;"A";"Данные СберИндекса";"Неделя";"Такси, каршеринг, аренда автомобилей";"2";"% г/г";"0"
"2026-06-14";-1.66441879;"A";"Данные СберИндекса";"Неделя";"Такси, каршеринг, аренда автомобилей";"2";"% г/г";"0"
"2026-06-21";-1.35735486;"A";"Данные СберИндекса";"Неделя";"Такси, каршеринг, аренда автомобилей";"2";"% г/г";"0"
"2026-06-28";-1.81153682;"A";"Данные СберИндекса";"Неделя";"Такси, каршеринг, аренда автомобилей";"2";"% г/г";"0"
"2026-07-05";-2.25452129;"A";"Данные СберИндекса";"Неделя";"Такси, каршеринг, аренда автомобилей";"2";"% г/г";"0"
"2026-07-12";-2.66007942;"A";"Данные СберИндекса";"Неделя";"Такси, каршеринг, аренда автомобилей";"2";"% г/г";"0"
"2026-07-19";-2.8623789;"A";"Данные СберИндекса";"Неделя";"Такси, каршеринг, аренда автомобилей";"2";"% г/г";"0"
"2026-07-26";-2.33070898;"A";"Данные СберИндекса";"Неделя";"Такси, каршеринг, аренда автомобилей";"2";"% г/г";"0"
"2026-08-02";-1.82742;"A";"Данные СберИндекса";"Неделя";"Такси, каршеринг, аренда автомобилей";"2";"% г/г";"0"
"2026-08-09";-1.05235964;"A";"Данные СберИндекса";"Неделя";"Такси, каршеринг, аренда автомобилей";"2";"% г/г";"0"
"2026-08-16";3.54208588;"A";"Данные СберИндекса";"Неделя";"Такси, каршеринг, аренда автомобилей";"2";"% г/г";"0"
"2026-08-23";3.38634701;"A";"Данные СберИндекса";"Неделя";"Такси, каршеринг, аренда автомобилей";"2";"% г/г";"0"
"2026-08-30";2.81582932;"A";"Данные СберИндекса";"Неделя";"Такси, каршеринг, аренда автомобилей";"2";"% г/г";"0"
"2026-09-06";1.06436299;"A";"Данные СберИндекса";"Неделя";"Такси, каршеринг, аренда автомобилей";"2";"% г/г";"0"
"2026-09-13";-0.35018403;"A";"Данные СберИндекса";"Неделя";"Такси, каршеринг, аренда автомобилей";"2";"% г/г";"0"
"2026-09-20";-0.15578382;"A";"Данные СберИндекса";"Неделя";"Такси, каршеринг, аренда автомобилей";"2";"% г/г";"0"
"2026-09-27";-1.01726587;"A";"Данные СберИндекса";"Неделя";"Такси, каршеринг, аренда автомобилей";"2";"% г/г";"0"
"2026-10-04";-0.70943686;"A";"Данные СберИндекса";"Неделя";"Такси, каршеринг, аренда автомобилей";"2";"% г/г";"0"
"2023-11-12";-3.38416501;"A";"Данные СберИндекса";"Неделя";"Универсальные магазины";"2";"% г/г";"0"
"2023-11-19";-4.57627449;"A";"Данные СберИндекса";"Неделя";"Универсальные магазины";"2";"% г/г";"0"
"2023-11-26";-4.61522848;"A";"Данные СберИндекса";"Неделя";"Универсальные магазины";"2";"% г/г";"0"
"2023-12-03";-4.87404398;"A";"Данные СберИндекса";"Неделя";"Универсальные магазины";"2";"% г/г";"0"
"2023-12-10";-5.76865927;"A";"Данные СберИндекса";"Неделя";"Универсальные магазины";"2";"% г/г";"0"
"2023-12-17";-5.03110401;"A";"Данные СберИндекса";"Неделя";"Универсальные магазины";"2";"% г/г";"0"
"2023-12-24";-3.87772996;"A";"Данные СберИндекса";"Неделя";"Универсальные магазины";"2";"% г/г";"0"
"2023-12-31";1.16469487;"A";"Данные СберИндекса";"Неделя";"Универсальные магазины";"2";"% г/г";"0"
"2024-01-07";-13.04780238;"A";"Данные СберИндекса";"Неделя";"Универсальные магазины";"2";"% г/г";"0"
"2024-01-14";-8.93906627;"A";"Данные СберИндекса";"Неделя";"Универсальные магазины";"2";"% г/г";"0"
"2024-01-21";-6.71755127;"A";"Данные СберИндекса";"Неделя";"Универсальные магазины";"2";"% г/г";"0"
"2024-01-28";-7.15219577;"A";"Данные СберИндекса";"Неделя";"Универсальные магазины";"2";"% г/г";"0"
"2024-02-04";-6.6224927;"A";"Данные СберИндекса";"Неделя";"Универсальные магазины";"2";"% г/г";"0"
"2024-02-11";-5.19604113;"A";"Данные СберИндекса";"Неделя";"Универсальные магазины";"2";"% г/г";"0"
"2024-02-18";-6.40349065;"A";"Данные СберИндекса";"Неделя";"Универсальные магазины";"2";"% г/г";"0"
"2024-02-25";-4.33190021;"A";"Данные СберИндекса";"Неделя";"Универсальные магазины";"2";"% г/г";"0"
"2024-03-03";-8.32731811;"A";"Данные СберИндекса";"Неделя";"Универсальные магазины";"2";"% г/г";"0"
"2024-03-10";-4.56062274;"A";"Данные СберИндекса";"Неделя";"Универсальные магазины";"2";"% г/г";"0"
"2024-03-17";-9.84176666;"A";"Данные СберИндекса";"Неделя";"Универсальные магазины";"2";"% г/г";"0"
"2024-03-24";-9.23157825;"A";"Данные СберИндекса";"Неделя";"Универсальные магазины";"2";"% г/г";"0"
"2024-03-31";-6.82147476;"A";"Данные СберИндекса";"Неделя";"Универсальные магазины";"2";"% г/г";"0"
"2024-04-07";-6.38336035;"A";"Данные СберИндекса";"Неделя";"Универсальные магазины";"2";"% г/г";"0"
"2024-04-14";-6.86787771;"A";"Данные СберИндекса";"Неделя";"Универсальные магазины";"2";"% г/г";"0"
"2024-04-21";-4.87223176;"A";"Данные СберИндекса";"Неделя";"Универсальные магазины";"2";"% г/г";"0"
"2024-04-28";-6.13784907;"A";"Данные СберИндекса";"Неделя";"Универсальные магазины";"2";"% г/г";"0"
"2024-05-05";-9.68454749;"A";"Данные СберИндекса";"Неделя";"Универсальные магазины";"2";"% г/г";"0"
"2024-05-12";-9.7989883;"A";"Данные СберИндекса";"Неделя";"Универсальные магазины";"2";"% г/г";"0"
"2024-05-19";-11.09101885;"A";"Данные СберИндекса";"Неделя";"Универсальные магазины";"2";"% г/г";"0"
"2024-05-26";-7.17167569;"A";"Данные СберИндекса";"Неделя";"Универсальные магазины";"2";"% г/г";"0"
"2024-06-02";-10.12234875;"A";"Данные СберИндекса";"Неделя";"Универсальные магазины";"2";"% г/г";"0"
"2024-06-09";-7.40902716;"A";"Данные СберИндекса";"Неделя";"Универсальные магазины";"2";"% г/г";"0"
"2024-06-16";-5.86822283;"A";"Данные СберИндекса";"Неделя";"Универсальные магазины";"2";"% г/г";"0"
"2024-06-23";-7.25154818;"A";"Данные СберИндекса";"Неделя";"Универсальные магазины";"2";"% г/г";"0"
"2024-06-30";-7.08923884;"A";"Данные СберИндекса";"Неделя";"Универсальные магазины";"2";"% г/г";"0"
"2024-07-07";-8.32335206;"A";"Данные СберИндекса";"Неделя";"Универсальные магазины";"2";"% г/г";"0"
"2024-07-14";-9.01369014;"A";"Данные СберИндекса";"Неделя";"Универсальные магазины";"2";"% г/г";"0"
"2024-07-21";-7.79480624;"A";"Данные СберИндекса";"Неделя";"Универсальные магазины";"2";"% г/г";"0"
"2024-07-28";-9.22072476;"A";"Данные СберИндекса";"Неделя";"Универсальные магазины";"2";"% г/г";"0"
"2024-08-04";-10.98102287;"A";"Данные СберИндекса";"Неделя";"Универсальные магазины";"2";"% г/г";"0"
"2024-08-11";-12.04234592;"A";"Данные СберИндекса";"Неделя";"Универсальные магазины";"2";"% г/г";"0"
"2024-08-18";-10.55537463;"A";"Данные СберИндекса";"Неделя";"Универсальные магазины";"2";"% г/г";"0"
"2024-08-25";-10.08983648;"A";"Данные СберИндекса";"Неделя";"Универсальные магазины";"2";"% г/г";"0"
"2024-09-01";-11.81372599;"A";"Данные СберИндекса";"Неделя";"Универсальные магазины";"2";"% г/г";"0"
"2024-09-08";-8.43670091;"A";"Данные СберИндекса";"Неделя";"Универсальные магазины";"2";"% г/г";"0"
"2024-09-15";-9.97378142;"A";"Данные СберИндекса";"Неделя";"Универсальные магазины";"2";"% г/г";"0"
"2024-09-22";-9.7625931;"A";"Данные СберИндекса";"Неделя";"Универсальные магазины";"2";"% г/г";"0"
"2024-09-29";-9.90883476;"A";"Данные СберИндекса";"Неделя";"Универсальные магазины";"2";"% г/г";"0"
"2024-10-06";-10.73340958;"A";"Данные СберИндекса";"Неделя";"Универсальные магазины";"2";"% г/г";"0"
"2024-10-13";-11.39564913;"A";"Данные СберИндекса";"Неделя";"Универсальные магазины";"2";"% г/г";"0"
"2024-10-20";-7.90609573;"A";"Данные СберИндекса";"Неделя";"Универсальные магазины";"2";"% г/г";"0"
"2024-10-27";-9.96471033;"A";"Данные СберИндекса";"Неделя";"Универсальные магазины";"2";"% г/г";"0"
"2024-11-03";-11.02656997;"A";"Данные СберИндекса";"Неделя";"Универсальные магазины";"2";"% г/г";"0"
"2024-11-10";-8.40351682;"A";"Данные СберИндекса";"Неделя";"Универсальные магазины";"2";"% г/г";"0"
"2024-11-17";-8.77183484;"A";"Данные СберИндекса";"Неделя";"Универсальные магазины";"2";"% г/г";"0"
"2024-11-24";-10.02967388;"A";"Данные СберИндекса";"Неделя";"Универсальные магазины";"2";"% г/г";"0"
"2024-12-01";-8.56180987;"A";"Данные СберИндекса";"Неделя";"Универсальные магазины";"2";"% г/г";"0"
"2024-12-08";-5.74180291;"A";"Данные СберИндекса";"Неделя";"Универсальные магазины";"2";"% г/г";"0"
"2024-12-15";-6.19296992;"A";"Данные СберИндекса";"Неделя";"Универсальные магазины";"2";"% г/г";"0"
"2024-12-22";-8.63899069;"A";"Данные СберИндекса";"Неделя";"Универсальные магазины";"2";"% г/г";"0"
"2024-12-29";-8.05652381;"A";"Данные СберИндекса";"Неделя";"Универсальные магазины";"2";"% г/г";"0"
"2025-01-05";15.79148797;"A";"Данные СберИндекса";"Неделя";"Универсальные магазины";"2";"% г/г";"0"
"2025-01-12";1.88590907;"A";"Данные СберИндекса";"Неделя";"Универсальные магазины";"2";"% г/г";"0"
"2025-01-19";13.23591663;"A";"Данные СберИндекса";"Неделя";"Универсальные магазины";"2";"% г/г";"0"
"2025-01-26";10.39553179;"A";"Данные СберИндекса";"Неделя";"Универсальные магазины";"2";"% г/г";"0"
"2025-02-02";9.43886962;"A";"Данные СберИндекса";"Неделя";"Универсальные магазины";"2";"% г/г";"0"
"2025-02-09";14.65914645;"A";"Данные СберИндекса";"Неделя";"Универсальные магазины";"2";"% г/г";"0"
"2025-02-16";22.35555381;"A";"Данные СберИндекса";"Неделя";"Универсальные магазины";"2";"% г/г";"0"
"2025-02-23";21.34936102;"A";"Данные СберИндекса";"Неделя";"Универсальные магазины";"2";"% г/г";"0"
"2025-03-02";17.79625152;"A";"Данные СберИндекса";"Неделя";"Универсальные магазины";"2";"% г/г";"0"
"2025-03-09";30.63776567;"A";"Данные СберИндекса";"Неделя";"Универсальные магазины";"2";"% г/г";"0"
"2025-03-16";30.74691916;"A";"Данные СберИндекса";"Неделя";"Универсальные магазины";"2";"% г/г";"0"
"2025-03-23";24.66920839;"A";"Данные СберИндекса";"Неделя";"Универсальные магазины";"2";"% г/г";"0"
"2025-03-30";24.10981904;"A";"Данные СберИндекса";"Неделя";"Универсальные магазины";"2";"% г/г";"0"
"2025-04-06";16.35109901;"A";"Данные СберИндекса";"Неделя";"Универсальные магазины";"2";"% г/г";"0"
"2025-04-13";14.35855335;"A";"Данные СберИндекса";"Неделя";"Универсальные магазины";"2";"% г/г";"0"
"2025-04-20";21.09157514;"A";"Данные СберИндекса";"Неделя";"Универсальные магазины";"2";"% г/г";"0"
"2025-04-27";17.65577273;"A";"Данные СберИндекса";"Неделя";"Универсальные магазины";"2";"% г/г";"0"
"2025-05-04";20.61634712;"A";"Данные СберИндекса";"Неделя";"Универсальные магазины";"2";"% г/г";"0"
"2025-05-11";20.34443229;"A";"Данные СберИндекса";"Неделя";"Универсальные магазины";"2";"% г/г";"0"
"2025-05-18";26.00366607;"A";"Данные СберИндекса";"Неделя";"Универсальные магазины";"2";"% г/г";"0"
"2025-05-25";20.57244405;"A";"Данные СберИндекса";"Неделя";"Универсальные магазины";"2";"% г/г";"0"
"2025-06-01";22.09666867;"A";"Данные СберИндекса";"Неделя";"Универсальные магазины";"2";"% г/г";"0"
"2025-06-08";18.67373395;"A";"Данные СберИндекса";"Неделя";"Универсальные магазины";"2";"% г/г";"0"
"2025-06-15";21.9593652;"A";"Данные СберИндекса";"Неделя";"Универсальные магазины";"2";"% г/г";"0"
"2025-06-22";18.28851794;"A";"Данные СберИндекса";"Неделя";"Универсальные магазины";"2";"% г/г";"0"
"2025-06-29";18.87105093;"A";"Данные СберИндекса";"Неделя";"Универсальные магазины";"2";"% г/г";"0"
"2025-07-06";18.46059868;"A";"Данные СберИндекса";"Неделя";"Универсальные магазины";"2";"% г/г";"0"
"2025-07-13";18.40268487;"A";"Данные СберИндекса";"Неделя";"Универсальные магазины";"2";"% г/г";"0"
"2025-07-20";25.80871205;"A";"Данные СберИндекса";"Неделя";"Универсальные магазины";"2";"% г/г";"0"
"2025-07-27";23.24189414;"A";"Данные СберИндекса";"Неделя";"Универсальные магазины";"2";"% г/г";"0"
"2025-08-03";19.6550816;"A";"Данные СберИндекса";"Неделя";"Универсальные магазины";"2";"% г/г";"0"
"2025-08-10";19.30739499;"A";"Данные СберИндекса";"Неделя";"Универсальные магазины";"2";"% г/г";"0"
"2025-08-17";23.127875;"A";"Данные СберИндекса";"Неделя";"Универсальные магазины";"2";"% г/г";"0"
"2025-08-24";19.86492113;"A";"Данные СберИндекса";"Неделя";"Универсальные магазины";"2";"% г/г";"0"
"2025-08-31";22.27021196;"A";"Данные СберИндекса";"Неделя";"Универсальные магазины";"2";"% г/г";"0"
"2025-09-07";17.54226401;"A";"Данные СберИндекса";"Неделя";"Универсальные магазины";"2";"% г/г";"0"
"2025-09-14";17.00426304;"A";"Данные СберИндекса";"Неделя";"Универсальные магазины";"2";"% г/г";"0"
"2025-09-21";24.61679305;"A";"Данные СберИндекса";"Неделя";"Универсальные магазины";"2";"% г/г";"0"
"2025-09-28";18.89887468;"A";"Данные СберИндекса";"Неделя";"Универсальные магазины";"2";"% г/г";"0"
"2025-10-05";18.53861763;"A";"Данные СберИндекса";"Неделя";"Универсальные магазины";"2";"% г/г";"0"
"2025-10-12";17.01383909;"A";"Данные СберИндекса";"Неделя";"Универсальные магазины";"2";"% г/г";"0"
"2025-10-19";22.3790484;"A";"Данные СберИндекса";"Неделя";"Универсальные магазины";"2";"% г/г";"0"
"2025-10-26";20.85700676;"A";"Данные СберИндекса";"Неделя";"Универсальные магазины";"2";"% г/г";"0"
"2025-11-02";17.86982111;"A";"Данные СберИндекса";"Неделя";"Универсальные магазины";"2";"% г/г";"0"
"2025-11-09";13.56617524;"A";"Данные СберИндекса";"Неделя";"Универсальные магазины";"2";"% г/г";"0"
"2025-11-16";22.18892594;"A";"Данные СберИндекса";"Неделя";"Универсальные магазины";"2";"% г/г";"0"
"2025-11-23";20.04187901;"A";"Данные СберИндекса";"Неделя";"Универсальные магазины";"2";"% г/г";"0"
"2025-11-30";20.57967975;"A";"Данные СберИндекса";"Неделя";"Универсальные магазины";"2";"% г/г";"0"
"2025-12-07";16.88326238;"A";"Данные СберИндекса";"Неделя";"Универсальные магазины";"2";"% г/г";"0"
"2025-12-14";13.46230895;"A";"Данные СберИндекса";"Неделя";"Универсальные магазины";"2";"% г/г";"0"
"2025-12-21";26.920227;"A";"Данные СберИндекса";"Неделя";"Универсальные магазины";"2";"% г/г";"0"
"2025-12-28";22.114972;"A";"Данные СберИндекса";"Неделя";"Универсальные магазины";"2";"% г/г";"0"
"2026-01-04";39.50441047;"A";"Данные СберИндекса";"Неделя";"Универсальные магазины";"2";"% г/г";"0"
"2026-01-11";13.66256701;"A";"Данные СберИндекса";"Неделя";"Универсальные магазины";"2";"% г/г";"0"
"2026-01-18";1.41228105;"A";"Данные СберИндекса";"Неделя";"Универсальные магазины";"2";"% г/г";"0"
"2026-01-25";0.78344664;"A";"Данные СберИндекса";"Неделя";"Универсальные магазины";"2";"% г/г";"0"
"2026-02-01";1.30429409;"A";"Данные СберИндекса";"Неделя";"Универсальные магазины";"2";"% г/г";"0"
"2026-02-08";-1.63534966;"A";"Данные СберИндекса";"Неделя";"Универсальные магазины";"2";"% г/г";"0"
"2026-02-15";-0.21949668;"A";"Данные СберИндекса";"Неделя";"Универсальные магазины";"2";"% г/г";"0"
"2026-02-22";-1.96181206;"A";"Данные СберИндекса";"Неделя";"Универсальные магазины";"2";"% г/г";"0"
"2026-03-01";-0.16626723;"A";"Данные СберИндекса";"Неделя";"Универсальные магазины";"2";"% г/г";"0"
"2026-03-08";-0.9491093;"A";"Данные СберИндекса";"Неделя";"Универсальные магазины";"2";"% г/г";"0"
"2026-03-15";-2.88089608;"A";"Данные СберИндекса";"Неделя";"Универсальные магазины";"2";"% г/г";"0"
"2026-03-22";-2.25388419;"A";"Данные СберИндекса";"Неделя";"Универсальные магазины";"2";"% г/г";"0"
"2026-03-29";-1.90499365;"A";"Данные СберИндекса";"Неделя";"Универсальные магазины";"2";"% г/г";"0"
"2026-04-05";-2.98747346;"A";"Данные СберИндекса";"Неделя";"Универсальные магазины";"2";"% г/г";"0"
"2026-04-12";-4.44188788;"A";"Данные СберИндекса";"Неделя";"Универсальные магазины";"2";"% г/г";"0"
"2026-04-19";-2.22025509;"A";"Данные СберИндекса";"Неделя";"Универсальные магазины";"2";"% г/г";"0"
"2026-04-26";-3.60285592;"A";"Данные СберИндекса";"Неделя";"Универсальные магазины";"2";"% г/г";"0"
"2026-05-03";-2.92334378;"A";"Данные СберИндекса";"Неделя";"Универсальные магазины";"2";"% г/г";"0"
"2026-05-10";-1.62777751;"A";"Данные СберИндекса";"Неделя";"Универсальные магазины";"2";"% г/г";"0"
"2026-05-17";-1.69817504;"A";"Данные СберИндекса";"Неделя";"Универсальные магазины";"2";"% г/г";"0"
"2026-05-24";-0.02985407;"A";"Данные СберИндекса";"Неделя";"Универсальные магазины";"2";"% г/г";"0"
"2026-05-31";-0.10879584;"A";"Данные СберИндекса";"Неделя";"Универсальные магазины";"2";"% г/г";"0"
"2026-06-07";-1.18341048;"A";"Данные СберИндекса";"Неделя";"Универсальные магазины";"2";"% г/г";"0"
"2026-06-14";0.97666465;"A";"Данные СберИндекса";"Неделя";"Универсальные магазины";"2";"% г/г";"0"
"2026-06-21";2.63886711;"A";"Данные СберИндекса";"Неделя";"Универсальные магазины";"2";"% г/г";"0"
"2026-06-28";2.10878299;"A";"Данные СберИндекса";"Неделя";"Универсальные магазины";"2";"% г/г";"0"
"2026-07-05";1.06582755;"A";"Данные СберИндекса";"Неделя";"Универсальные магазины";"2";"% г/г";"0"
"2026-07-12";1.10028371;"A";"Данные СберИндекса";"Неделя";"Универсальные магазины";"2";"% г/г";"0"
"2026-07-19";1.30929157;"A";"Данные СберИндекса";"Неделя";"Универсальные магазины";"2";"% г/г";"0"
"2026-07-26";1.11038554;"A";"Данные СберИндекса";"Неделя";"Универсальные магазины";"2";"% г/г";"0"
"2026-08-02";1.41338508;"A";"Данные СберИндекса";"Неделя";"Универсальные магазины";"2";"% г/г";"0"
"2026-08-09";1.49132714;"A";"Данные СберИндекса";"Неделя";"Универсальные магазины";"2";"% г/г";"0"
"2026-08-16";3.27234432;"A";"Данные СберИндекса";"Неделя";"Универсальные магазины";"2";"% г/г";"0"
"2026-08-23";3.18752789;"A";"Данные СберИндекса";"Неделя";"Универсальные магазины";"2";"% г/г";"0"
"2026-08-30";3.15961607;"A";"Данные СберИндекса";"Неделя";"Универсальные магазины";"2";"% г/г";"0"
"2026-09-06";4.75341406;"A";"Данные СберИндекса";"Неделя";"Универсальные магазины";"2";"% г/г";"0"
"2026-09-13";5.01524497;"A";"Данные СберИндекса";"Неделя";"Универсальные магазины";"2";"% г/г";"0"
"2026-09-20";3.5025304;"A";"Данные СберИндекса";"Неделя";"Универсальные магазины";"2";"% г/г";"0"
"2026-09-27";4.24449385;"A";"Данные СберИндекса";"Неделя";"Универсальные магазины";"2";"% г/г";"0"
"2026-10-04";3.04670172;"A";"Данные СберИндекса";"Неделя";"Универсальные магазины";"2";"% г/г";"0"
"2023-11-12";27.78832729;"A";"Данные СберИндекса";"Неделя";"Ветеринарные услуги";"2";"% г/г";"0"
"2023-11-19";26.12025367;"A";"Данные СберИндекса";"Неделя";"Ветеринарные услуги";"2";"% г/г";"0"
"2023-11-26";26.38323158;"A";"Данные СберИндекса";"Неделя";"Ветеринарные услуги";"2";"% г/г";"0"
"2023-12-03";25.74346305;"A";"Данные СберИндекса";"Неделя";"Ветеринарные услуги";"2";"% г/г";"0"
"2023-12-10";24.36679142;"A";"Данные СберИндекса";"Неделя";"Ветеринарные услуги";"2";"% г/г";"0"
"2023-12-17";23.98504457;"A";"Данные СберИндекса";"Неделя";"Ветеринарные услуги";"2";"% г/г";"0"
"2023-12-24";25.70754013;"A";"Данные СберИндекса";"Неделя";"Ветеринарные услуги";"2";"% г/г";"0"
"2023-12-31";33.67525153;"A";"Данные СберИндекса";"Неделя";"Ветеринарные услуги";"2";"% г/г";"0"
"2024-01-07";12.70242691;"A";"Данные СберИндекса";"Неделя";"Ветеринарные услуги";"2";"% г/г";"0"
"2024-01-14";23.85291703;"A";"Данные СберИндекса";"Неделя";"Ветеринарные услуги";"2";"% г/г";"0"
"2024-01-21";23.82637089;"A";"Данные СберИндекса";"Неделя";"Ветеринарные услуги";"2";"% г/г";"0"
"2024-01-28";24.0607641;"A";"Данные СберИндекса";"Неделя";"Ветеринарные услуги";"2";"% г/г";"0"
"2024-02-04";27.97200449;"A";"Данные СберИндекса";"Неделя";"Ветеринарные услуги";"2";"% г/г";"0"
"2024-02-11";31.2680729;"A";"Данные СберИндекса";"Неделя";"Ветеринарные услуги";"2";"% г/г";"0"
"2024-02-18";30.37985527;"A";"Данные СберИндекса";"Неделя";"Ветеринарные услуги";"2";"% г/г";"0"
"2024-02-25";32.44500163;"A";"Данные СберИндекса";"Неделя";"Ветеринарные услуги";"2";"% г/г";"0"
"2024-03-03";31.25382182;"A";"Данные СберИндекса";"Неделя";"Ветеринарные услуги";"2";"% г/г";"0"
"2024-03-10";29.07348478;"A";"Данные СберИндекса";"Неделя";"Ветеринарные услуги";"2";"% г/г";"0"
"2024-03-17";29.10037684;"A";"Данные СберИндекса";"Неделя";"Ветеринарные услуги";"2";"% г/г";"0"
"2024-03-24";26.58235297;"A";"Данные СберИндекса";"Неделя";"Ветеринарные услуги";"2";"% г/г";"0"
"2024-03-31";30.02585359;"A";"Данные СберИндекса";"Неделя";"Ветеринарные услуги";"2";"% г/г";"0"
"2024-04-07";26.89380529;"A";"Данные СберИндекса";"Неделя";"Ветеринарные услуги";"2";"% г/г";"0"
"2024-04-14";30.71481621;"A";"Данные СберИндекса";"Неделя";"Ветеринарные услуги";"2";"% г/г";"0"
"2024-04-21";28.74129363;"A";"Данные СберИндекса";"Неделя";"Ветеринарные услуги";"2";"% г/г";"0"
"2024-04-28";29.33698247;"A";"Данные СберИндекса";"Неделя";"Ветеринарные услуги";"2";"% г/г";"0"
"2024-05-05";26.04040745;"A";"Данные СберИндекса";"Неделя";"Ветеринарные услуги";"2";"% г/г";"0"
"2024-05-12";27.43555601;"A";"Данные СберИндекса";"Неделя";"Ветеринарные услуги";"2";"% г/г";"0"
"2024-05-19";26.78561536;"A";"Данные СберИндекса";"Неделя";"Ветеринарные услуги";"2";"% г/г";"0"
"2024-05-26";28.66267883;"A";"Данные СберИндекса";"Неделя";"Ветеринарные услуги";"2";"% г/г";"0"
"2024-06-02";27.55074698;"A";"Данные СберИндекса";"Неделя";"Ветеринарные услуги";"2";"% г/г";"0"
"2024-06-09";27.50294598;"A";"Данные СберИндекса";"Неделя";"Ветеринарные услуги";"2";"% г/г";"0"
"2024-06-16";27.0156201;"A";"Данные СберИндекса";"Неделя";"Ветеринарные услуги";"2";"% г/г";"0"
"2024-06-23";27.31425284;"A";"Данные СберИндекса";"Неделя";"Ветеринарные услуги";"2";"% г/г";"0"
"2024-06-30";26.93301369;"A";"Данные СберИндекса";"Неделя";"Ветеринарные услуги";"2";"% г/г";"0"
"2024-07-07";23.18480486;"A";"Данные СберИндекса";"Неделя";"Ветеринарные услуги";"2";"% г/г";"0"
"2024-07-14";23.36055362;"A";"Данные СберИндекса";"Неделя";"Ветеринарные услуги";"2";"% г/г";"0"
"2024-07-21";23.08123896;"A";"Данные СберИндекса";"Неделя";"Ветеринарные услуги";"2";"% г/г";"0"
"2024-07-28";22.23371417;"A";"Данные СберИндекса";"Неделя";"Ветеринарные услуги";"2";"% г/г";"0"
"2024-08-04";23.72868272;"A";"Данные СберИндекса";"Неделя";"Ветеринарные услуги";"2";"% г/г";"0"
"2024-08-11";24.71688773;"A";"Данные СберИндекса";"Неделя";"Ветеринарные услуги";"2";"% г/г";"0"
"2024-08-18";23.87663893;"A";"Данные СберИндекса";"Неделя";"Ветеринарные услуги";"2";"% г/г";"0"
"2024-08-25";24.3715875;"A";"Данные СберИндекса";"Неделя";"Ветеринарные услуги";"2";"% г/г";"0"
"2024-09-01";26.34474883;"A";"Данные СберИндекса";"Неделя";"Ветеринарные услуги";"2";"% г/г";"0"
"2024-09-08";25.2223338;"A";"Данные СберИндекса";"Неделя";"Ветеринарные услуги";"2";"% г/г";"0"
"2024-09-15";27.18367177;"A";"Данные СберИндекса";"Неделя";"Ветеринарные услуги";"2";"% г/г";"0"
"2024-09-22";26.94569077;"A";"Данные СберИндекса";"Неделя";"Ветеринарные услуги";"2";"% г/г";"0"
"2024-09-29";25.75259454;"A";"Данные СберИндекса";"Неделя";"Ветеринарные услуги";"2";"% г/г";"0"
"2024-10-06";24.23649765;"A";"Данные СберИндекса";"Неделя";"Ветеринарные услуги";"2";"% г/г";"0"
"2024-10-13";24.16215011;"A";"Данные СберИндекса";"Неделя";"Ветеринарные услуги";"2";"% г/г";"0"
"2024-10-20";28.75402782;"A";"Данные СберИндекса";"Неделя";"Ветеринарные услуги";"2";"% г/г";"0"
"2024-10-27";28.49859236;"A";"Данные СберИндекса";"Неделя";"Ветеринарные услуги";"2";"% г/г";"0"
"2024-11-03";26.6265097;"A";"Данные СберИндекса";"Неделя";"Ветеринарные услуги";"2";"% г/г";"0"
"2024-11-10";24.88187902;"A";"Данные СберИндекса";"Неделя";"Ветеринарные услуги";"2";"% г/г";"0"
"2024-11-17";28.96676732;"A";"Данные СберИндекса";"Неделя";"Ветеринарные услуги";"2";"% г/г";"0"
"2024-11-24";30.85763896;"A";"Данные СберИндекса";"Неделя";"Ветеринарные услуги";"2";"% г/г";"0"
"2024-12-01";33.83024512;"A";"Данные СберИндекса";"Неделя";"Ветеринарные услуги";"2";"% г/г";"0"
"2024-12-08";38.34979849;"A";"Данные СберИндекса";"Неделя";"Ветеринарные услуги";"2";"% г/г";"0"
"2024-12-15";39.02037237;"A";"Данные СберИндекса";"Неделя";"Ветеринарные услуги";"2";"% г/г";"0"
"2024-12-22";34.31884229;"A";"Данные СберИндекса";"Неделя";"Ветеринарные услуги";"2";"% г/г";"0"
"2024-12-29";38.65284348;"A";"Данные СберИндекса";"Неделя";"Ветеринарные услуги";"2";"% г/г";"0"
"2025-01-05";35.44684177;"A";"Данные СберИндекса";"Неделя";"Ветеринарные услуги";"2";"% г/г";"0"
"2025-01-12";33.0380394;"A";"Данные СберИндекса";"Неделя";"Ветеринарные услуги";"2";"% г/г";"0"
"2025-01-19";35.1663517;"A";"Данные СберИндекса";"Неделя";"Ветеринарные услуги";"2";"% г/г";"0"
"2025-01-26";34.19574065;"A";"Данные СберИндекса";"Неделя";"Ветеринарные услуги";"2";"% г/г";"0"
"2025-02-02";32.9216438;"A";"Данные СберИндекса";"Неделя";"Ветеринарные услуги";"2";"% г/г";"0"
"2025-02-09";31.16402821;"A";"Данные СберИндекса";"Неделя";"Ветеринарные услуги";"2";"% г/г";"0"
"2025-02-16";31.87103504;"A";"Данные СберИндекса";"Неделя";"Ветеринарные услуги";"2";"% г/г";"0"
"2025-02-23";29.8531465;"A";"Данные СберИндекса";"Неделя";"Ветеринарные услуги";"2";"% г/г";"0"
"2025-03-02";27.12491931;"A";"Данные СберИндекса";"Неделя";"Ветеринарные услуги";"2";"% г/г";"0"
"2025-03-09";28.91516757;"A";"Данные СберИндекса";"Неделя";"Ветеринарные услуги";"2";"% г/г";"0"
"2025-03-16";31.53524146;"A";"Данные СберИндекса";"Неделя";"Ветеринарные услуги";"2";"% г/г";"0"
"2025-03-23";31.17624737;"A";"Данные СберИндекса";"Неделя";"Ветеринарные услуги";"2";"% г/г";"0"
"2025-03-30";27.4155122;"A";"Данные СберИндекса";"Неделя";"Ветеринарные услуги";"2";"% г/г";"0"
"2025-04-06";24.67144916;"A";"Данные СберИндекса";"Неделя";"Ветеринарные услуги";"2";"% г/г";"0"
"2025-04-13";20.89980691;"A";"Данные СберИндекса";"Неделя";"Ветеринарные услуги";"2";"% г/г";"0"
"2025-04-20";20.69211595;"A";"Данные СберИндекса";"Неделя";"Ветеринарные услуги";"2";"% г/г";"0"
"2025-04-27";25.12842692;"A";"Данные СберИндекса";"Неделя";"Ветеринарные услуги";"2";"% г/г";"0"
"2025-05-04";28.54955801;"A";"Данные СберИндекса";"Неделя";"Ветеринарные услуги";"2";"% г/г";"0"
"2025-05-11";26.20058639;"A";"Данные СберИндекса";"Неделя";"Ветеринарные услуги";"2";"% г/г";"0"
"2025-05-18";29.92448896;"A";"Данные СберИндекса";"Неделя";"Ветеринарные услуги";"2";"% г/г";"0"
"2025-05-25";27.19271515;"A";"Данные СберИндекса";"Неделя";"Ветеринарные услуги";"2";"% г/г";"0"
"2025-06-01";28.61838938;"A";"Данные СберИндекса";"Неделя";"Ветеринарные услуги";"2";"% г/г";"0"
"2025-06-08";28.60425153;"A";"Данные СберИндекса";"Неделя";"Ветеринарные услуги";"2";"% г/г";"0"
"2025-06-15";29.29458663;"A";"Данные СберИндекса";"Неделя";"Ветеринарные услуги";"2";"% г/г";"0"
"2025-06-22";31.29266383;"A";"Данные СберИндекса";"Неделя";"Ветеринарные услуги";"2";"% г/г";"0"
"2025-06-29";30.69532324;"A";"Данные СберИндекса";"Неделя";"Ветеринарные услуги";"2";"% г/г";"0"
"2025-07-06";31.38302174;"A";"Данные СберИндекса";"Неделя";"Ветеринарные услуги";"2";"% г/г";"0"
"2025-07-13";28.82283256;"A";"Данные СберИндекса";"Неделя";"Ветеринарные услуги";"2";"% г/г";"0"
"2025-07-20";30.8397012;"A";"Данные СберИндекса";"Неделя";"Ветеринарные услуги";"2";"% г/г";"0"
"2025-07-27";30.60793155;"A";"Данные СберИндекса";"Неделя";"Ветеринарные услуги";"2";"% г/г";"0"
"2025-08-03";29.46612542;"A";"Данные СберИндекса";"Неделя";"Ветеринарные услуги";"2";"% г/г";"0"
"2025-08-10";31.71031581;"A";"Данные СберИндекса";"Неделя";"Ветеринарные услуги";"2";"% г/г";"0"
"2025-08-17";31.69726084;"A";"Данные СберИндекса";"Неделя";"Ветеринарные услуги";"2";"% г/г";"0"
"2025-08-24";31.36590657;"A";"Данные СберИндекса";"Неделя";"Ветеринарные услуги";"2";"% г/г";"0"
"2025-08-31";31.40396774;"A";"Данные СберИндекса";"Неделя";"Ветеринарные услуги";"2";"% г/г";"0"
"2025-09-07";29.49242064;"A";"Данные СберИндекса";"Неделя";"Ветеринарные услуги";"2";"% г/г";"0"
"2025-09-14";30.18365347;"A";"Данные СберИндекса";"Неделя";"Ветеринарные услуги";"2";"% г/г";"0"
"2025-09-21";30.86306538;"A";"Данные СберИндекса";"Неделя";"Ветеринарные услуги";"2";"% г/г";"0"
"2025-09-28";29.96035944;"A";"Данные СберИндекса";"Неделя";"Ветеринарные услуги";"2";"% г/г";"0"
"2025-10-05";33.25909247;"A";"Данные СберИндекса";"Неделя";"Ветеринарные услуги";"2";"% г/г";"0"
"2025-10-12";35.49540909;"A";"Данные СберИндекса";"Неделя";"Ветеринарные услуги";"2";"% г/г";"0"
"2025-10-19";33.84980176;"A";"Данные СберИндекса";"Неделя";"Ветеринарные услуги";"2";"% г/г";"0"
"2025-10-26";33.80072877;"A";"Данные СберИндекса";"Неделя";"Ветеринарные услуги";"2";"% г/г";"0"
"2025-11-02";33.60793885;"A";"Данные СберИндекса";"Неделя";"Ветеринарные услуги";"2";"% г/г";"0"
"2025-11-09";35.34074205;"A";"Данные СберИндекса";"Неделя";"Ветеринарные услуги";"2";"% г/г";"0"
"2025-11-16";30.66767619;"A";"Данные СберИндекса";"Неделя";"Ветеринарные услуги";"2";"% г/г";"0"
"2025-11-23";33.05629955;"A";"Данные СберИндекса";"Неделя";"Ветеринарные услуги";"2";"% г/г";"0"
"2025-11-30";32.83424562;"A";"Данные СберИндекса";"Неделя";"Ветеринарные услуги";"2";"% г/г";"0"
"2025-12-07";32.00267272;"A";"Данные СберИндекса";"Неделя";"Ветеринарные услуги";"2";"% г/г";"0"
"2025-12-14";29.46750082;"A";"Данные СберИндекса";"Неделя";"Ветеринарные услуги";"2";"% г/г";"0"
"2025-12-21";32.91912344;"A";"Данные СберИндекса";"Неделя";"Ветеринарные услуги";"2";"% г/г";"0"
"2025-12-28";30.61511054;"A";"Данные СберИндекса";"Неделя";"Ветеринарные услуги";"2";"% г/г";"0"
"2026-01-04";32.67925774;"A";"Данные СберИндекса";"Неделя";"Ветеринарные услуги";"2";"% г/г";"0"
"2026-01-11";24.94710433;"A";"Данные СберИндекса";"Неделя";"Ветеринарные услуги";"2";"% г/г";"0"
"2026-01-18";23.83879883;"A";"Данные СберИндекса";"Неделя";"Ветеринарные услуги";"2";"% г/г";"0"
"2026-01-25";23.9663738;"A";"Данные СберИндекса";"Неделя";"Ветеринарные услуги";"2";"% г/г";"0"
"2026-02-01";21.77585908;"A";"Данные СберИндекса";"Неделя";"Ветеринарные услуги";"2";"% г/г";"0"
"2026-02-08";21.30751654;"A";"Данные СберИндекса";"Неделя";"Ветеринарные услуги";"2";"% г/г";"0"
"2026-02-15";24.0907888;"A";"Данные СберИндекса";"Неделя";"Ветеринарные услуги";"2";"% г/г";"0"
"2026-02-22";24.83322824;"A";"Данные СберИндекса";"Неделя";"Ветеринарные услуги";"2";"% г/г";"0"
"2026-03-01";25.31447985;"A";"Данные СберИндекса";"Неделя";"Ветеринарные услуги";"2";"% г/г";"0"
"2026-03-08";24.2264405;"A";"Данные СберИндекса";"Неделя";"Ветеринарные услуги";"2";"% г/г";"0"
"2026-03-15";27.56057812;"A";"Данные СберИндекса";"Неделя";"Ветеринарные услуги";"2";"% г/г";"0"
"2026-03-22";28.45468918;"A";"Данные СберИндекса";"Неделя";"Ветеринарные услуги";"2";"% г/г";"0"
"2026-03-29";30.75167982;"A";"Данные СберИндекса";"Неделя";"Ветеринарные услуги";"2";"% г/г";"0"
"2026-04-05";26.30103914;"A";"Данные СберИндекса";"Неделя";"Ветеринарные услуги";"2";"% г/г";"0"
"2026-04-12";21.81840276;"A";"Данные СберИндекса";"Неделя";"Ветеринарные услуги";"2";"% г/г";"0"
"2026-04-19";27.21297326;"A";"Данные СберИндекса";"Неделя";"Ветеринарные услуги";"2";"% г/г";"0"
"2026-04-26";22.42950365;"A";"Данные СберИндекса";"Неделя";"Ветеринарные услуги";"2";"% г/г";"0"
"2026-05-03";23.73142078;"A";"Данные СберИндекса";"Неделя";"Ветеринарные услуги";"2";"% г/г";"0"
"2026-05-10";24.39213649;"A";"Данные СберИндекса";"Неделя";"Ветеринарные услуги";"2";"% г/г";"0"
"2026-05-17";24.73380089;"A";"Данные СберИндекса";"Неделя";"Ветеринарные услуги";"2";"% г/г";"0"
"2026-05-24";28.85151824;"A";"Данные СберИндекса";"Неделя";"Ветеринарные услуги";"2";"% г/г";"0"
"2026-05-31";29.53077222;"A";"Данные СберИндекса";"Неделя";"Ветеринарные услуги";"2";"% г/г";"0"
"2026-06-07";25.7701987;"A";"Данные СберИндекса";"Неделя";"Ветеринарные услуги";"2";"% г/г";"0"
"2026-06-14";26.20472458;"A";"Данные СберИндекса";"Неделя";"Ветеринарные услуги";"2";"% г/г";"0"
"2026-06-21";26.76222102;"A";"Данные СберИндекса";"Неделя";"Ветеринарные услуги";"2";"% г/г";"0"
"2026-06-28";26.06451632;"A";"Данные СберИндекса";"Неделя";"Ветеринарные услуги";"2";"% г/г";"0"
"2026-07-05";26.39351941;"A";"Данные СберИндекса";"Неделя";"Ветеринарные услуги";"2";"% г/г";"0"
"2026-07-12";28.0894539;"A";"Данные СберИндекса";"Неделя";"Ветеринарные услуги";"2";"% г/г";"0"
"2026-07-19";27.98719833;"A";"Данные СберИндекса";"Неделя";"Ветеринарные услуги";"2";"% г/г";"0"
"2026-07-26";29.29222845;"A";"Данные СберИндекса";"Неделя";"Ветеринарные услуги";"2";"% г/г";"0"
"2026-08-02";29.47679085;"A";"Данные СберИндекса";"Неделя";"Ветеринарные услуги";"2";"% г/г";"0"
"2026-08-09";26.95025954;"A";"Данные СберИндекса";"Неделя";"Ветеринарные услуги";"2";"% г/г";"0"
"2026-08-16";27.50797891;"A";"Данные СберИндекса";"Неделя";"Ветеринарные услуги";"2";"% г/г";"0"
"2026-08-23";26.50705639;"A";"Данные СберИндекса";"Неделя";"Ветеринарные услуги";"2";"% г/г";"0"
"2026-08-30";26.51635077;"A";"Данные СберИндекса";"Неделя";"Ветеринарные услуги";"2";"% г/г";"0"
"2026-09-06";25.54754633;"A";"Данные СберИндекса";"Неделя";"Ветеринарные услуги";"2";"% г/г";"0"
"2026-09-13";22.88261002;"A";"Данные СберИндекса";"Неделя";"Ветеринарные услуги";"2";"% г/г";"0"
"2026-09-20";25.12555153;"A";"Данные СберИндекса";"Неделя";"Ветеринарные услуги";"2";"% г/г";"0"
"2026-09-27";25.75461954;"A";"Данные СберИндекса";"Неделя";"Ветеринарные услуги";"2";"% г/г";"0"
"2026-10-04";24.24735974;"A";"Данные СберИндекса";"Неделя";"Ветеринарные услуги";"2";"% г/г";"0"
"2023-11-12";4.05253626;"A";"Данные СберИндекса";"Неделя";"Одежда, обувь и аксессуары";"2";"% г/г";"0"
"2023-11-19";-0.20014106;"A";"Данные СберИндекса";"Неделя";"Одежда, обувь и аксессуары";"2";"% г/г";"0"
"2023-11-26";4.41073154;"A";"Данные СберИндекса";"Неделя";"Одежда, обувь и аксессуары";"2";"% г/г";"0"
"2023-12-03";5.80436073;"A";"Данные СберИндекса";"Неделя";"Одежда, обувь и аксессуары";"2";"% г/г";"0"
"2023-12-10";9.28829707;"A";"Данные СберИндекса";"Неделя";"Одежда, обувь и аксессуары";"2";"% г/г";"0"
"2023-12-17";8.80226299;"A";"Данные СберИндекса";"Неделя";"Одежда, обувь и аксессуары";"2";"% г/г";"0"
"2023-12-24";7.86428852;"A";"Данные СберИндекса";"Неделя";"Одежда, обувь и аксессуары";"2";"% г/г";"0"
"2023-12-31";9.2328923;"A";"Данные СберИндекса";"Неделя";"Одежда, обувь и аксессуары";"2";"% г/г";"0"
"2024-01-07";-0.14497532;"A";"Данные СберИндекса";"Неделя";"Одежда, обувь и аксессуары";"2";"% г/г";"0"
"2024-01-14";3.66212992;"A";"Данные СберИндекса";"Неделя";"Одежда, обувь и аксессуары";"2";"% г/г";"0"
"2024-01-21";3.29762818;"A";"Данные СберИндекса";"Неделя";"Одежда, обувь и аксессуары";"2";"% г/г";"0"
"2024-01-28";4.00333578;"A";"Данные СберИндекса";"Неделя";"Одежда, обувь и аксессуары";"2";"% г/г";"0"
"2024-02-04";4.90630816;"A";"Данные СберИндекса";"Неделя";"Одежда, обувь и аксессуары";"2";"% г/г";"0"
"2024-02-11";5.32425113;"A";"Данные СберИндекса";"Неделя";"Одежда, обувь и аксессуары";"2";"% г/г";"0"
"2024-02-18";3.67747293;"A";"Данные СберИндекса";"Неделя";"Одежда, обувь и аксессуары";"2";"% г/г";"0"
"2024-02-25";4.376404;"A";"Данные СберИндекса";"Неделя";"Одежда, обувь и аксессуары";"2";"% г/г";"0"
"2024-03-03";4.76566008;"A";"Данные СберИндекса";"Неделя";"Одежда, обувь и аксессуары";"2";"% г/г";"0"
"2024-03-10";5.86945224;"A";"Данные СберИндекса";"Неделя";"Одежда, обувь и аксессуары";"2";"% г/г";"0"
"2024-03-17";2.08921309;"A";"Данные СберИндекса";"Неделя";"Одежда, обувь и аксессуары";"2";"% г/г";"0"
"2024-03-24";1.55333568;"A";"Данные СберИндекса";"Неделя";"Одежда, обувь и аксессуары";"2";"% г/г";"0"
"2024-03-31";5.72221023;"A";"Данные СберИндекса";"Неделя";"Одежда, обувь и аксессуары";"2";"% г/г";"0"
"2024-04-07";4.21214309;"A";"Данные СберИндекса";"Неделя";"Одежда, обувь и аксессуары";"2";"% г/г";"0"
"2024-04-14";6.72523154;"A";"Данные СберИндекса";"Неделя";"Одежда, обувь и аксессуары";"2";"% г/г";"0"
"2024-04-21";2.49344373;"A";"Данные СберИндекса";"Неделя";"Одежда, обувь и аксессуары";"2";"% г/г";"0"
"2024-04-28";-0.29453813;"A";"Данные СберИндекса";"Неделя";"Одежда, обувь и аксессуары";"2";"% г/г";"0"
"2024-05-05";-2.1172342;"A";"Данные СберИндекса";"Неделя";"Одежда, обувь и аксессуары";"2";"% г/г";"0"
"2024-05-12";-4.06857155;"A";"Данные СберИндекса";"Неделя";"Одежда, обувь и аксессуары";"2";"% г/г";"0"
"2024-05-19";-5.1199738;"A";"Данные СберИндекса";"Неделя";"Одежда, обувь и аксессуары";"2";"% г/г";"0"
"2024-05-26";-0.68632055;"A";"Данные СберИндекса";"Неделя";"Одежда, обувь и аксессуары";"2";"% г/г";"0"
"2024-06-02";2.72843223;"A";"Данные СберИндекса";"Неделя";"Одежда, обувь и аксессуары";"2";"% г/г";"0"
"2024-06-09";6.70475735;"A";"Данные СберИндекса";"Неделя";"Одежда, обувь и аксессуары";"2";"% г/г";"0"
"2024-06-16";6.60039873;"A";"Данные СберИндекса";"Неделя";"Одежда, обувь и аксессуары";"2";"% г/г";"0"
"2024-06-23";5.30064235;"A";"Данные СберИндекса";"Неделя";"Одежда, обувь и аксессуары";"2";"% г/г";"0"
"2024-06-30";4.37821609;"A";"Данные СберИндекса";"Неделя";"Одежда, обувь и аксессуары";"2";"% г/г";"0"
"2024-07-07";1.47637172;"A";"Данные СберИндекса";"Неделя";"Одежда, обувь и аксессуары";"2";"% г/г";"0"
"2024-07-14";1.10960957;"A";"Данные СберИндекса";"Неделя";"Одежда, обувь и аксессуары";"2";"% г/г";"0"
"2024-07-21";1.51485681;"A";"Данные СберИндекса";"Неделя";"Одежда, обувь и аксессуары";"2";"% г/г";"0"
"2024-07-28";0.2053135;"A";"Данные СберИндекса";"Неделя";"Одежда, обувь и аксессуары";"2";"% г/г";"0"
"2024-08-04";-0.08031146;"A";"Данные СберИндекса";"Неделя";"Одежда, обувь и аксессуары";"2";"% г/г";"0"
"2024-08-11";-0.4972351;"A";"Данные СберИндекса";"Неделя";"Одежда, обувь и аксессуары";"2";"% г/г";"0"
"2024-08-18";0.45861445;"A";"Данные СберИндекса";"Неделя";"Одежда, обувь и аксессуары";"2";"% г/г";"0"
"2024-08-25";-1.90050855;"A";"Данные СберИндекса";"Неделя";"Одежда, обувь и аксессуары";"2";"% г/г";"0"
"2024-09-01";-0.85267275;"A";"Данные СберИндекса";"Неделя";"Одежда, обувь и аксессуары";"2";"% г/г";"0"
"2024-09-08";-2.40252276;"A";"Данные СберИндекса";"Неделя";"Одежда, обувь и аксессуары";"2";"% г/г";"0"
"2024-09-15";-2.85555354;"A";"Данные СберИндекса";"Неделя";"Одежда, обувь и аксессуары";"2";"% г/г";"0"
"2024-09-22";0.6011145;"A";"Данные СберИндекса";"Неделя";"Одежда, обувь и аксессуары";"2";"% г/г";"0"
"2024-09-29";1.33806577;"A";"Данные СберИндекса";"Неделя";"Одежда, обувь и аксессуары";"2";"% г/г";"0"
"2024-10-06";-2.49779367;"A";"Данные СберИндекса";"Неделя";"Одежда, обувь и аксессуары";"2";"% г/г";"0"
"2024-10-13";-0.97007782;"A";"Данные СберИндекса";"Неделя";"Одежда, обувь и аксессуары";"2";"% г/г";"0"
"2024-10-20";1.05034407;"A";"Данные СберИндекса";"Неделя";"Одежда, обувь и аксессуары";"2";"% г/г";"0"
"2024-10-27";-4.10743295;"A";"Данные СберИндекса";"Неделя";"Одежда, обувь и аксессуары";"2";"% г/г";"0"
"2024-11-03";-0.6844185;"A";"Данные СберИндекса";"Неделя";"Одежда, обувь и аксессуары";"2";"% г/г";"0"
"2024-11-10";7.42156548;"A";"Данные СберИндекса";"Неделя";"Одежда, обувь и аксессуары";"2";"% г/г";"0"
"2024-11-17";3.58257835;"A";"Данные СберИндекса";"Неделя";"Одежда, обувь и аксессуары";"2";"% г/г";"0"
"2024-11-24";-1.90707403;"A";"Данные СберИндекса";"Неделя";"Одежда, обувь и аксессуары";"2";"% г/г";"0"
"2024-12-01";3.96667387;"A";"Данные СберИндекса";"Неделя";"Одежда, обувь и аксессуары";"2";"% г/г";"0"
"2024-12-08";3.12621972;"A";"Данные СберИндекса";"Неделя";"Одежда, обувь и аксессуары";"2";"% г/г";"0"
"2024-12-15";4.23285711;"A";"Данные СберИндекса";"Неделя";"Одежда, обувь и аксессуары";"2";"% г/г";"0"
"2024-12-22";2.7453473;"A";"Данные СберИндекса";"Неделя";"Одежда, обувь и аксессуары";"2";"% г/г";"0"
"2024-12-29";2.63588612;"A";"Данные СберИндекса";"Неделя";"Одежда, обувь и аксессуары";"2";"% г/г";"0"
"2025-01-05";6.38292315;"A";"Данные СберИндекса";"Неделя";"Одежда, обувь и аксессуары";"2";"% г/г";"0"
"2025-01-12";3.31694121;"A";"Данные СберИндекса";"Неделя";"Одежда, обувь и аксессуары";"2";"% г/г";"0"
"2025-01-19";0.90784072;"A";"Данные СберИндекса";"Неделя";"Одежда, обувь и аксессуары";"2";"% г/г";"0"
"2025-01-26";-0.07978723;"A";"Данные СберИндекса";"Неделя";"Одежда, обувь и аксессуары";"2";"% г/г";"0"
"2025-02-02";-2.28053043;"A";"Данные СберИндекса";"Неделя";"Одежда, обувь и аксессуары";"2";"% г/г";"0"
"2025-02-09";-3.68841583;"A";"Данные СберИндекса";"Неделя";"Одежда, обувь и аксессуары";"2";"% г/г";"0"
"2025-02-16";-2.46001595;"A";"Данные СберИндекса";"Неделя";"Одежда, обувь и аксессуары";"2";"% г/г";"0"
"2025-02-23";-5.41012268;"A";"Данные СберИндекса";"Неделя";"Одежда, обувь и аксессуары";"2";"% г/г";"0"
"2025-03-02";-6.5506864;"A";"Данные СберИндекса";"Неделя";"Одежда, обувь и аксессуары";"2";"% г/г";"0"
"2025-03-09";-1.69550937;"A";"Данные СберИндекса";"Неделя";"Одежда, обувь и аксессуары";"2";"% г/г";"0"
"2025-03-16";2.56226568;"A";"Данные СберИндекса";"Неделя";"Одежда, обувь и аксессуары";"2";"% г/г";"0"
"2025-03-23";0.6451754;"A";"Данные СберИндекса";"Неделя";"Одежда, обувь и аксессуары";"2";"% г/г";"0"
"2025-03-30";-1.31491927;"A";"Данные СберИндекса";"Неделя";"Одежда, обувь и аксессуары";"2";"% г/г";"0"
"2025-04-06";-5.89384366;"A";"Данные СберИндекса";"Неделя";"Одежда, обувь и аксессуары";"2";"% г/г";"0"
"2025-04-13";-8.20565204;"A";"Данные СберИндекса";"Неделя";"Одежда, обувь и аксессуары";"2";"% г/г";"0"
"2025-04-20";-5.00891535;"A";"Данные СберИндекса";"Неделя";"Одежда, обувь и аксессуары";"2";"% г/г";"0"
"2025-04-27";-1.93139654;"A";"Данные СберИндекса";"Неделя";"Одежда, обувь и аксессуары";"2";"% г/г";"0"
"2025-05-04";-1.66435369;"A";"Данные СберИндекса";"Неделя";"Одежда, обувь и аксессуары";"2";"% г/г";"0"
"2025-05-11";-0.83261378;"A";"Данные СберИндекса";"Неделя";"Одежда, обувь и аксессуары";"2";"% г/г";"0"
"2025-05-18";-1.31129664;"A";"Данные СберИндекса";"Неделя";"Одежда, обувь и аксессуары";"2";"% г/г";"0"
"2025-05-25";-2.16916704;"A";"Данные СберИндекса";"Неделя";"Одежда, обувь и аксессуары";"2";"% г/г";"0"
"2025-06-01";-2.20994601;"A";"Данные СберИндекса";"Неделя";"Одежда, обувь и аксессуары";"2";"% г/г";"0"
"2025-06-08";-5.55645105;"A";"Данные СберИндекса";"Неделя";"Одежда, обувь и аксессуары";"2";"% г/г";"0"
"2025-06-15";-5.65536362;"A";"Данные СберИндекса";"Неделя";"Одежда, обувь и аксессуары";"2";"% г/г";"0"
"2025-06-22";-5.96745559;"A";"Данные СберИндекса";"Неделя";"Одежда, обувь и аксессуары";"2";"% г/г";"0"
"2025-06-29";-6.09913972;"A";"Данные СберИндекса";"Неделя";"Одежда, обувь и аксессуары";"2";"% г/г";"0"
"2025-07-06";-5.36446597;"A";"Данные СберИндекса";"Неделя";"Одежда, обувь и аксессуары";"2";"% г/г";"0"
"2025-07-13";-3.74561875;"A";"Данные СберИндекса";"Неделя";"Одежда, обувь и аксессуары";"2";"% г/г";"0"
"2025-07-20";-2.98902478;"A";"Данные СберИндекса";"Неделя";"Одежда, обувь и аксессуары";"2";"% г/г";"0"
"2025-07-27";-3.42584654;"A";"Данные СберИндекса";"Неделя";"Одежда, обувь и аксессуары";"2";"% г/г";"0"
"2025-08-03";-3.75818332;"A";"Данные СберИндекса";"Неделя";"Одежда, обувь и аксессуары";"2";"% г/г";"0"
"2025-08-10";-2.42058486;"A";"Данные СберИндекса";"Неделя";"Одежда, обувь и аксессуары";"2";"% г/г";"0"
"2025-08-17";-1.9261604;"A";"Данные СберИндекса";"Неделя";"Одежда, обувь и аксессуары";"2";"% г/г";"0"
"2025-08-24";0.37179561;"A";"Данные СберИндекса";"Неделя";"Одежда, обувь и аксессуары";"2";"% г/г";"0"
"2025-08-31";1.06354438;"A";"Данные СберИндекса";"Неделя";"Одежда, обувь и аксессуары";"2";"% г/г";"0"
"2025-09-07";-2.78426613;"A";"Данные СберИндекса";"Неделя";"Одежда, обувь и аксессуары";"2";"% г/г";"0"
"2025-09-14";-2.51402301;"A";"Данные СберИндекса";"Неделя";"Одежда, обувь и аксессуары";"2";"% г/г";"0"
"2025-09-21";-2.93443967;"A";"Данные СберИндекса";"Неделя";"Одежда, обувь и аксессуары";"2";"% г/г";"0"
"2025-09-28";-2.44364991;"A";"Данные СберИндекса";"Неделя";"Одежда, обувь и аксессуары";"2";"% г/г";"0"
"2025-10-05";-3.19874576;"A";"Данные СберИндекса";"Неделя";"Одежда, обувь и аксессуары";"2";"% г/г";"0"
"2025-10-12";-8.34508007;"A";"Данные СберИндекса";"Неделя";"Одежда, обувь и аксессуары";"2";"% г/г";"0"
"2025-10-19";-6.85355335;"A";"Данные СберИндекса";"Неделя";"Одежда, обувь и аксессуары";"2";"% г/г";"0"
"2025-10-26";-5.80277912;"A";"Данные СберИндекса";"Неделя";"Одежда, обувь и аксессуары";"2";"% г/г";"0"
"2025-11-02";-8.58534518;"A";"Данные СберИндекса";"Неделя";"Одежда, обувь и аксессуары";"2";"% г/г";"0"
"2025-11-09";-9.6927859;"A";"Данные СберИндекса";"Неделя";"Одежда, обувь и аксессуары";"2";"% г/г";"0"
"2025-11-16";-5.39827402;"A";"Данные СберИндекса";"Неделя";"Одежда, обувь и аксессуары";"2";"% г/г";"0"
"2025-11-23";-4.18853616;"A";"Данные СберИндекса";"Неделя";"Одежда, обувь и аксессуары";"2";"% г/г";"0"
"2025-11-30";-5.83454321;"A";"Данные СберИндекса";"Неделя";"Одежда, обувь и аксессуары";"2";"% г/г";"0"
"2025-12-07";-5.86583302;"A";"Данные СберИндекса";"Неделя";"Одежда, обувь и аксессуары";"2";"% г/г";"0"
"2025-12-14";-4.53506839;"A";"Данные СберИндекса";"Неделя";"Одежда, обувь и аксессуары";"2";"% г/г";"0"
"2025-12-21";-3.86410862;"A";"Данные СберИндекса";"Неделя";"Одежда, обувь и аксессуары";"2";"% г/г";"0"
"2025-12-28";-5.08518365;"A";"Данные СберИндекса";"Неделя";"Одежда, обувь и аксессуары";"2";"% г/г";"0"
"2026-01-04";-2.49007383;"A";"Данные СберИндекса";"Неделя";"Одежда, обувь и аксессуары";"2";"% г/г";"0"
"2026-01-11";-1.06733664;"A";"Данные СберИндекса";"Неделя";"Одежда, обувь и аксессуары";"2";"% г/г";"0"
"2026-01-18";-4.08420741;"A";"Данные СберИндекса";"Неделя";"Одежда, обувь и аксессуары";"2";"% г/г";"0"
"2026-01-25";-5.23943824;"A";"Данные СберИндекса";"Неделя";"Одежда, обувь и аксессуары";"2";"% г/г";"0"
"2026-02-01";-6.17021148;"A";"Данные СберИндекса";"Неделя";"Одежда, обувь и аксессуары";"2";"% г/г";"0"
"2026-02-08";-6.0386254;"A";"Данные СберИндекса";"Неделя";"Одежда, обувь и аксессуары";"2";"% г/г";"0"
"2026-02-15";-5.39791427;"A";"Данные СберИндекса";"Неделя";"Одежда, обувь и аксессуары";"2";"% г/г";"0"
"2026-02-22";-5.45819736;"A";"Данные СберИндекса";"Неделя";"Одежда, обувь и аксессуары";"2";"% г/г";"0"
"2026-03-01";-4.17975786;"A";"Данные СберИндекса";"Неделя";"Одежда, обувь и аксессуары";"2";"% г/г";"0"
"2026-03-08";-5.51204316;"A";"Данные СберИндекса";"Неделя";"Одежда, обувь и аксессуары";"2";"% г/г";"0"
"2026-03-15";-2.72371043;"A";"Данные СберИндекса";"Неделя";"Одежда, обувь и аксессуары";"2";"% г/г";"0"
"2026-03-22";-2.44875566;"A";"Данные СберИндекса";"Неделя";"Одежда, обувь и аксессуары";"2";"% г/г";"0"
"2026-03-29";-3.49704367;"A";"Данные СберИндекса";"Неделя";"Одежда, обувь и аксессуары";"2";"% г/г";"0"
"2026-04-05";-3.41675296;"A";"Данные СберИндекса";"Неделя";"Одежда, обувь и аксессуары";"2";"% г/г";"0"
"2026-04-12";-6.68083018;"A";"Данные СберИндекса";"Неделя";"Одежда, обувь и аксессуары";"2";"% г/г";"0"
"2026-04-19";-7.54919039;"A";"Данные СберИндекса";"Неделя";"Одежда, обувь и аксессуары";"2";"% г/г";"0"
"2026-04-26";-8.68039826;"A";"Данные СберИндекса";"Неделя";"Одежда, обувь и аксессуары";"2";"% г/г";"0"
"2026-05-03";-5.88952475;"A";"Данные СберИндекса";"Неделя";"Одежда, обувь и аксессуары";"2";"% г/г";"0"
"2026-05-10";-1.6602343;"A";"Данные СберИндекса";"Неделя";"Одежда, обувь и аксессуары";"2";"% г/г";"0"
"2026-05-17";1.56465281;"A";"Данные СберИндекса";"Неделя";"Одежда, обувь и аксессуары";"2";"% г/г";"0"
"2026-05-24";2.09014469;"A";"Данные СберИндекса";"Неделя";"Одежда, обувь и аксессуары";"2";"% г/г";"0"
"2026-05-31";-3.17862932;"A";"Данные СберИндекса";"Неделя";"Одежда, обувь и аксессуары";"2";"% г/г";"0"
"2026-06-07";-4.72685265;"A";"Данные СберИндекса";"Неделя";"Одежда, обувь и аксессуары";"2";"% г/г";"0"
"2026-06-14";-7.14218275;"A";"Данные СберИндекса";"Неделя";"Одежда, обувь и аксессуары";"2";"% г/г";"0"
"2026-06-21";-5.23864524;"A";"Данные СберИндекса";"Неделя";"Одежда, обувь и аксессуары";"2";"% г/г";"0"
"2026-06-28";-5.89798014;"A";"Данные СберИндекса";"Неделя";"Одежда, обувь и аксессуары";"2";"% г/г";"0"
"2026-07-05";-7.24571537;"A";"Данные СберИндекса";"Неделя";"Одежда, обувь и аксессуары";"2";"% г/г";"0"
"2026-07-12";-6.83547098;"A";"Данные СберИндекса";"Неделя";"Одежда, обувь и аксессуары";"2";"% г/г";"0"
"2026-07-19";-6.21380473;"A";"Данные СберИндекса";"Неделя";"Одежда, обувь и аксессуары";"2";"% г/г";"0"
"2026-07-26";-4.95201509;"A";"Данные СберИндекса";"Неделя";"Одежда, обувь и аксессуары";"2";"% г/г";"0"
"2026-08-02";-4.88439627;"A";"Данные СберИндекса";"Неделя";"Одежда, обувь и аксессуары";"2";"% г/г";"0"
"2026-08-09";-3.87229048;"A";"Данные СберИндекса";"Неделя";"Одежда, обувь и аксессуары";"2";"% г/г";"0"
"2026-08-16";2.64753344;"A";"Данные СберИндекса";"Неделя";"Одежда, обувь и аксессуары";"2";"% г/г";"0"
"2026-08-23";2.27684899;"A";"Данные СберИндекса";"Неделя";"Одежда, обувь и аксессуары";"2";"% г/г";"0"
"2026-08-30";3.07976617;"A";"Данные СберИндекса";"Неделя";"Одежда, обувь и аксессуары";"2";"% г/г";"0"
"2026-09-06";6.84852888;"A";"Данные СберИндекса";"Неделя";"Одежда, обувь и аксессуары";"2";"% г/г";"0"
"2026-09-13";4.9535457;"A";"Данные СберИндекса";"Неделя";"Одежда, обувь и аксессуары";"2";"% г/г";"0"
"2026-09-20";2.9773558;"A";"Данные СберИндекса";"Неделя";"Одежда, обувь и аксессуары";"2";"% г/г";"0"
"2026-09-27";-1.76953818;"A";"Данные СберИндекса";"Неделя";"Одежда, обувь и аксессуары";"2";"% г/г";"0"
"2026-10-04";-2.2625519;"A";"Данные СберИндекса";"Неделя";"Одежда, обувь и аксессуары";"2";"% г/г";"0"
"2023-11-12";23.8290523;"A";"Данные СберИндекса";"Неделя";"Медицинские услуги";"2";"% г/г";"0"
"2023-11-19";26.0638465;"A";"Данные СберИндекса";"Неделя";"Медицинские услуги";"2";"% г/г";"0"
"2023-11-26";26.08999274;"A";"Данные СберИндекса";"Неделя";"Медицинские услуги";"2";"% г/г";"0"
"2023-12-03";25.30374254;"A";"Данные СберИндекса";"Неделя";"Медицинские услуги";"2";"% г/г";"0"
"2023-12-10";23.83871394;"A";"Данные СберИндекса";"Неделя";"Медицинские услуги";"2";"% г/г";"0"
"2023-12-17";22.28095953;"A";"Данные СберИндекса";"Неделя";"Медицинские услуги";"2";"% г/г";"0"
"2023-12-24";25.21800052;"A";"Данные СберИндекса";"Неделя";"Медицинские услуги";"2";"% г/г";"0"
"2023-12-31";32.35995362;"A";"Данные СберИндекса";"Неделя";"Медицинские услуги";"2";"% г/г";"0"
"2024-01-07";10.41290461;"A";"Данные СберИндекса";"Неделя";"Медицинские услуги";"2";"% г/г";"0"
"2024-01-14";19.18830117;"A";"Данные СберИндекса";"Неделя";"Медицинские услуги";"2";"% г/г";"0"
"2024-01-21";22.7462691;"A";"Данные СберИндекса";"Неделя";"Медицинские услуги";"2";"% г/г";"0"
"2024-01-28";23.97134956;"A";"Данные СберИндекса";"Неделя";"Медицинские услуги";"2";"% г/г";"0"
"2024-02-04";24.89866611;"A";"Данные СберИндекса";"Неделя";"Медицинские услуги";"2";"% г/г";"0"
"2024-02-11";25.58656956;"A";"Данные СберИндекса";"Неделя";"Медицинские услуги";"2";"% г/г";"0"
"2024-02-18";24.50712418;"A";"Данные СберИндекса";"Неделя";"Медицинские услуги";"2";"% г/г";"0"
"2024-02-25";30.59718837;"A";"Данные СберИндекса";"Неделя";"Медицинские услуги";"2";"% г/г";"0"
"2024-03-03";23.77223763;"A";"Данные СберИндекса";"Неделя";"Медицинские услуги";"2";"% г/г";"0"
"2024-03-10";19.01318936;"A";"Данные СберИндекса";"Неделя";"Медицинские услуги";"2";"% г/г";"0"
"2024-03-17";20.71211059;"A";"Данные СберИндекса";"Неделя";"Медицинские услуги";"2";"% г/г";"0"
"2024-03-24";20.89050652;"A";"Данные СберИндекса";"Неделя";"Медицинские услуги";"2";"% г/г";"0"
"2024-03-31";23.29592254;"A";"Данные СберИндекса";"Неделя";"Медицинские услуги";"2";"% г/г";"0"
"2024-04-07";23.56982533;"A";"Данные СберИндекса";"Неделя";"Медицинские услуги";"2";"% г/г";"0"
"2024-04-14";25.76458278;"A";"Данные СберИндекса";"Неделя";"Медицинские услуги";"2";"% г/г";"0"
"2024-04-21";25.50815262;"A";"Данные СберИндекса";"Неделя";"Медицинские услуги";"2";"% г/г";"0"
"2024-04-28";25.88822161;"A";"Данные СберИндекса";"Неделя";"Медицинские услуги";"2";"% г/г";"0"
"2024-05-05";11.94174493;"A";"Данные СберИндекса";"Неделя";"Медицинские услуги";"2";"% г/г";"0"
"2024-05-12";15.79165291;"A";"Данные СберИндекса";"Неделя";"Медицинские услуги";"2";"% г/г";"0"
"2024-05-19";20.74687167;"A";"Данные СберИндекса";"Неделя";"Медицинские услуги";"2";"% г/г";"0"
"2024-05-26";22.99130352;"A";"Данные СберИндекса";"Неделя";"Медицинские услуги";"2";"% г/г";"0"
"2024-06-02";23.02725291;"A";"Данные СберИндекса";"Неделя";"Медицинские услуги";"2";"% г/г";"0"
"2024-06-09";21.40513276;"A";"Данные СберИндекса";"Неделя";"Медицинские услуги";"2";"% г/г";"0"
"2024-06-16";21.57147333;"A";"Данные СберИндекса";"Неделя";"Медицинские услуги";"2";"% г/г";"0"
"2024-06-23";21.4026839;"A";"Данные СберИндекса";"Неделя";"Медицинские услуги";"2";"% г/г";"0"
"2024-06-30";22.23954609;"A";"Данные СберИндекса";"Неделя";"Медицинские услуги";"2";"% г/г";"0"
"2024-07-07";22.75079102;"A";"Данные СберИндекса";"Неделя";"Медицинские услуги";"2";"% г/г";"0"
"2024-07-14";23.772072;"A";"Данные СберИндекса";"Неделя";"Медицинские услуги";"2";"% г/г";"0"
"2024-07-21";24.22098539;"A";"Данные СберИндекса";"Неделя";"Медицинские услуги";"2";"% г/г";"0"
"2024-07-28";24.15097979;"A";"Данные СберИндекса";"Неделя";"Медицинские услуги";"2";"% г/г";"0"
"2024-08-04";22.88370753;"A";"Данные СберИндекса";"Неделя";"Медицинские услуги";"2";"% г/г";"0"
"2024-08-11";21.91015391;"A";"Данные СберИндекса";"Неделя";"Медицинские услуги";"2";"% г/г";"0"
"2024-08-18";21.21250199;"A";"Данные СберИндекса";"Неделя";"Медицинские услуги";"2";"% г/г";"0"
"2024-08-25";22.12005142;"A";"Данные СберИндекса";"Неделя";"Медицинские услуги";"2";"% г/г";"0"
"2024-09-01";25.41322587;"A";"Данные СберИндекса";"Неделя";"Медицинские услуги";"2";"% г/г";"0"
"2024-09-08";20.4526321;"A";"Данные СберИндекса";"Неделя";"Медицинские услуги";"2";"% г/г";"0"
"2024-09-15";22.28766826;"A";"Данные СберИндекса";"Неделя";"Медицинские услуги";"2";"% г/г";"0"
"2024-09-22";22.33535349;"A";"Данные СберИндекса";"Неделя";"Медицинские услуги";"2";"% г/г";"0"
"2024-09-29";21.00899694;"A";"Данные СберИндекса";"Неделя";"Медицинские услуги";"2";"% г/г";"0"
"2024-10-06";22.90127618;"A";"Данные СберИндекса";"Неделя";"Медицинские услуги";"2";"% г/г";"0"
"2024-10-13";23.51680635;"A";"Данные СберИндекса";"Неделя";"Медицинские услуги";"2";"% г/г";"0"
"2024-10-20";24.51450906;"A";"Данные СберИндекса";"Неделя";"Медицинские услуги";"2";"% г/г";"0"
"2024-10-27";25.23353442;"A";"Данные СберИндекса";"Неделя";"Медицинские услуги";"2";"% г/г";"0"
"2024-11-03";26.83962625;"A";"Данные СберИндекса";"Неделя";"Медицинские услуги";"2";"% г/г";"0"
"2024-11-10";21.72546998;"A";"Данные СберИндекса";"Неделя";"Медицинские услуги";"2";"% г/г";"0"
"2024-11-17";23.49489816;"A";"Данные СберИндекса";"Неделя";"Медицинские услуги";"2";"% г/г";"0"
"2024-11-24";25.27131284;"A";"Данные СберИндекса";"Неделя";"Медицинские услуги";"2";"% г/г";"0"
"2024-12-01";29.2504184;"A";"Данные СберИндекса";"Неделя";"Медицинские услуги";"2";"% г/г";"0"
"2024-12-08";28.38365127;"A";"Данные СберИндекса";"Неделя";"Медицинские услуги";"2";"% г/г";"0"
"2024-12-15";30.65975727;"A";"Данные СберИндекса";"Неделя";"Медицинские услуги";"2";"% г/г";"0"
"2024-12-22";30.1210301;"A";"Данные СберИндекса";"Неделя";"Медицинские услуги";"2";"% г/г";"0"
"2024-12-29";41.4219132;"A";"Данные СберИндекса";"Неделя";"Медицинские услуги";"2";"% г/г";"0"
"2025-01-05";21.89188148;"A";"Данные СберИндекса";"Неделя";"Медицинские услуги";"2";"% г/г";"0"
"2025-01-12";11.3748937;"A";"Данные СберИндекса";"Неделя";"Медицинские услуги";"2";"% г/г";"0"
"2025-01-19";27.95465666;"A";"Данные СберИндекса";"Неделя";"Медицинские услуги";"2";"% г/г";"0"
"2025-01-26";27.35900484;"A";"Данные СберИндекса";"Неделя";"Медицинские услуги";"2";"% г/г";"0"
"2025-02-02";26.85993765;"A";"Данные СберИндекса";"Неделя";"Медицинские услуги";"2";"% г/г";"0"
"2025-02-09";24.40623321;"A";"Данные СберИндекса";"Неделя";"Медицинские услуги";"2";"% г/г";"0"
"2025-02-16";25.54349216;"A";"Данные СберИндекса";"Неделя";"Медицинские услуги";"2";"% г/г";"0"
"2025-02-23";31.14306883;"A";"Данные СберИндекса";"Неделя";"Медицинские услуги";"2";"% г/г";"0"
"2025-03-02";24.40374955;"A";"Данные СберИндекса";"Неделя";"Медицинские услуги";"2";"% г/г";"0"
"2025-03-09";32.27201923;"A";"Данные СберИндекса";"Неделя";"Медицинские услуги";"2";"% г/г";"0"
"2025-03-16";26.50084286;"A";"Данные СберИндекса";"Неделя";"Медицинские услуги";"2";"% г/г";"0"
"2025-03-23";26.10518315;"A";"Данные СберИндекса";"Неделя";"Медицинские услуги";"2";"% г/г";"0"
"2025-03-30";24.20957116;"A";"Данные СберИндекса";"Неделя";"Медицинские услуги";"2";"% г/г";"0"
"2025-04-06";22.01944682;"A";"Данные СберИндекса";"Неделя";"Медицинские услуги";"2";"% г/г";"0"
"2025-04-13";21.86569295;"A";"Данные СберИндекса";"Неделя";"Медицинские услуги";"2";"% г/г";"0"
"2025-04-20";19.98525723;"A";"Данные СберИндекса";"Неделя";"Медицинские услуги";"2";"% г/г";"0"
"2025-04-27";20.69998748;"A";"Данные СберИндекса";"Неделя";"Медицинские услуги";"2";"% г/г";"0"
"2025-05-04";32.29327218;"A";"Данные СберИндекса";"Неделя";"Медицинские услуги";"2";"% г/г";"0"
"2025-05-11";22.26821882;"A";"Данные СберИндекса";"Неделя";"Медицинские услуги";"2";"% г/г";"0"
"2025-05-18";24.16847846;"A";"Данные СберИндекса";"Неделя";"Медицинские услуги";"2";"% г/г";"0"
"2025-05-25";22.3637295;"A";"Данные СберИндекса";"Неделя";"Медицинские услуги";"2";"% г/г";"0"
"2025-06-01";22.67893219;"A";"Данные СберИндекса";"Неделя";"Медицинские услуги";"2";"% г/г";"0"
"2025-06-08";20.32938307;"A";"Данные СберИндекса";"Неделя";"Медицинские услуги";"2";"% г/г";"0"
"2025-06-15";14.98944034;"A";"Данные СберИндекса";"Неделя";"Медицинские услуги";"2";"% г/г";"0"
"2025-06-22";22.58302396;"A";"Данные СберИндекса";"Неделя";"Медицинские услуги";"2";"% г/г";"0"
"2025-06-29";21.46547343;"A";"Данные СберИндекса";"Неделя";"Медицинские услуги";"2";"% г/г";"0"
"2025-07-06";20.38972173;"A";"Данные СберИндекса";"Неделя";"Медицинские услуги";"2";"% г/г";"0"
"2025-07-13";18.75674556;"A";"Данные СберИндекса";"Неделя";"Медицинские услуги";"2";"% г/г";"0"
"2025-07-20";19.39125714;"A";"Данные СберИндекса";"Неделя";"Медицинские услуги";"2";"% г/г";"0"
"2025-07-27";18.06183325;"A";"Данные СберИндекса";"Неделя";"Медицинские услуги";"2";"% г/г";"0"
"2025-08-03";17.0114185;"A";"Данные СберИндекса";"Неделя";"Медицинские услуги";"2";"% г/г";"0"
"2025-08-10";16.05260364;"A";"Данные СберИндекса";"Неделя";"Медицинские услуги";"2";"% г/г";"0"
"2025-08-17";15.79401901;"A";"Данные СберИндекса";"Неделя";"Медицинские услуги";"2";"% г/г";"0"
"2025-08-24";16.02333245;"A";"Данные СберИндекса";"Неделя";"Медицинские услуги";"2";"% г/г";"0"
"2025-08-31";16.31635839;"A";"Данные СберИндекса";"Неделя";"Медицинские услуги";"2";"% г/г";"0"
"2025-09-07";16.73218204;"A";"Данные СберИндекса";"Неделя";"Медицинские услуги";"2";"% г/г";"0"
"2025-09-14";16.99350401;"A";"Данные СберИндекса";"Неделя";"Медицинские услуги";"2";"% г/г";"0"
"2025-09-21";17.48605844;"A";"Данные СберИндекса";"Неделя";"Медицинские услуги";"2";"% г/г";"0"
"2025-09-28";16.94875031;"A";"Данные СберИндекса";"Неделя";"Медицинские услуги";"2";"% г/г";"0"
"2025-10-05";16.65875021;"A";"Данные СберИндекса";"Неделя";"Медицинские услуги";"2";"% г/г";"0"
"2025-10-12";16.6230602;"A";"Данные СберИндекса";"Неделя";"Медицинские услуги";"2";"% г/г";"0"
"2025-10-19";16.06337738;"A";"Данные СберИндекса";"Неделя";"Медицинские услуги";"2";"% г/г";"0"
"2025-10-26";16.32024979;"A";"Данные СберИндекса";"Неделя";"Медицинские услуги";"2";"% г/г";"0"
"2025-11-02";16.20903033;"A";"Данные СберИндекса";"Неделя";"Медицинские услуги";"2";"% г/г";"0"
"2025-11-09";10.25478027;"A";"Данные СберИндекса";"Неделя";"Медицинские услуги";"2";"% г/г";"0"
"2025-11-16";16.09284408;"A";"Данные СберИндекса";"Неделя";"Медицинские услуги";"2";"% г/г";"0"
"2025-11-23";14.67314222;"A";"Данные СберИндекса";"Неделя";"Медицинские услуги";"2";"% г/г";"0"
"2025-11-30";14.76610646;"A";"Данные СберИндекса";"Неделя";"Медицинские услуги";"2";"% г/г";"0"
"2025-12-07";13.91160151;"A";"Данные СберИндекса";"Неделя";"Медицинские услуги";"2";"% г/г";"0"
"2025-12-14";12.9089838;"A";"Данные СберИндекса";"Неделя";"Медицинские услуги";"2";"% г/г";"0"
"2025-12-21";13.76597911;"A";"Данные СберИндекса";"Неделя";"Медицинские услуги";"2";"% г/г";"0"
"2025-12-28";15.22470689;"A";"Данные СберИндекса";"Неделя";"Медицинские услуги";"2";"% г/г";"0"
"2026-01-04";30.07009554;"A";"Данные СберИндекса";"Неделя";"Медицинские услуги";"2";"% г/г";"0"
"2026-01-11";-0.51618753;"A";"Данные СберИндекса";"Неделя";"Медицинские услуги";"2";"% г/г";"0"
"2026-01-18";6.00388852;"A";"Данные СберИндекса";"Неделя";"Медицинские услуги";"2";"% г/г";"0"
"2026-01-25";7.54300502;"A";"Данные СберИндекса";"Неделя";"Медицинские услуги";"2";"% г/г";"0"
"2026-02-01";8.09596999;"A";"Данные СберИндекса";"Неделя";"Медицинские услуги";"2";"% г/г";"0"
"2026-02-08";6.95876457;"A";"Данные СберИндекса";"Неделя";"Медицинские услуги";"2";"% г/г";"0"
"2026-02-15";9.46320042;"A";"Данные СберИндекса";"Неделя";"Медицинские услуги";"2";"% г/г";"0"
"2026-02-22";9.92660573;"A";"Данные СберИндекса";"Неделя";"Медицинские услуги";"2";"% г/г";"0"
"2026-03-01";6.19391639;"A";"Данные СберИндекса";"Неделя";"Медицинские услуги";"2";"% г/г";"0"
"2026-03-08";9.61317348;"A";"Данные СберИндекса";"Неделя";"Медицинские услуги";"2";"% г/г";"0"
"2026-03-15";4.9853903;"A";"Данные СберИндекса";"Неделя";"Медицинские услуги";"2";"% г/г";"0"
"2026-03-22";8.94764328;"A";"Данные СберИндекса";"Неделя";"Медицинские услуги";"2";"% г/г";"0"
"2026-03-29";10.60300997;"A";"Данные СберИндекса";"Неделя";"Медицинские услуги";"2";"% г/г";"0"
"2026-04-05";7.91494573;"A";"Данные СберИндекса";"Неделя";"Медицинские услуги";"2";"% г/г";"0"
"2026-04-12";5.55564269;"A";"Данные СберИндекса";"Неделя";"Медицинские услуги";"2";"% г/г";"0"
"2026-04-19";11.90041686;"A";"Данные СберИндекса";"Неделя";"Медицинские услуги";"2";"% г/г";"0"
"2026-04-26";10.44354229;"A";"Данные СберИндекса";"Неделя";"Медицинские услуги";"2";"% г/г";"0"
"2026-05-03";16.7533995;"A";"Данные СберИндекса";"Неделя";"Медицинские услуги";"2";"% г/г";"0"
"2026-05-10";19.68674757;"A";"Данные СберИндекса";"Неделя";"Медицинские услуги";"2";"% г/г";"0"
"2026-05-17";3.99112577;"A";"Данные СберИндекса";"Неделя";"Медицинские услуги";"2";"% г/г";"0"
"2026-05-24";11.13057013;"A";"Данные СберИндекса";"Неделя";"Медицинские услуги";"2";"% г/г";"0"
"2026-05-31";11.53260781;"A";"Данные СберИндекса";"Неделя";"Медицинские услуги";"2";"% г/г";"0"
"2026-06-07";11.4532417;"A";"Данные СберИндекса";"Неделя";"Медицинские услуги";"2";"% г/г";"0"
"2026-06-14";15.69465803;"A";"Данные СберИндекса";"Неделя";"Медицинские услуги";"2";"% г/г";"0"
"2026-06-21";14.29697811;"A";"Данные СберИндекса";"Неделя";"Медицинские услуги";"2";"% г/г";"0"
"2026-06-28";14.0488551;"A";"Данные СберИндекса";"Неделя";"Медицинские услуги";"2";"% г/г";"0"
"2026-07-05";13.14157857;"A";"Данные СберИндекса";"Неделя";"Медицинские услуги";"2";"% г/г";"0"
"2026-07-12";10.72249078;"A";"Данные СберИндекса";"Неделя";"Медицинские услуги";"2";"% г/г";"0"
"2026-07-19";10.79053605;"A";"Данные СберИндекса";"Неделя";"Медицинские услуги";"2";"% г/г";"0"
"2026-07-26";11.2680757;"A";"Данные СберИндекса";"Неделя";"Медицинские услуги";"2";"% г/г";"0"
"2026-08-02";11.34783191;"A";"Данные СберИндекса";"Неделя";"Медицинские услуги";"2";"% г/г";"0"
"2026-08-09";10.80525897;"A";"Данные СберИндекса";"Неделя";"Медицинские услуги";"2";"% г/г";"0"
"2026-08-16";13.53874181;"A";"Данные СберИндекса";"Неделя";"Медицинские услуги";"2";"% г/г";"0"
"2026-08-23";13.45372402;"A";"Данные СберИндекса";"Неделя";"Медицинские услуги";"2";"% г/г";"0"
"2026-08-30";13.38396052;"A";"Данные СберИндекса";"Неделя";"Медицинские услуги";"2";"% г/г";"0"
"2026-09-06";12.7216268;"A";"Данные СберИндекса";"Неделя";"Медицинские услуги";"2";"% г/г";"0"
"2026-09-13";12.3684122;"A";"Данные СберИндекса";"Неделя";"Медицинские услуги";"2";"% г/г";"0"
"2026-09-20";12.56371823;"A";"Данные СберИндекса";"Неделя";"Медицинские услуги";"2";"% г/г";"0"
"2026-09-27";13.10042874;"A";"Данные СберИндекса";"Неделя";"Медицинские услуги";"2";"% г/г";"0"
"2026-10-04";12.34357457;"A";"Данные СберИндекса";"Неделя";"Медицинские услуги";"2";"% г/г";"0"
"2023-11-12";-1.36138724;"A";"Данные СберИндекса";"Неделя";"Контент и СМИ – Физические товары";"2";"% г/г";"0"
"2023-11-19";-0.53316748;"A";"Данные СберИндекса";"Неделя";"Контент и СМИ – Физические товары";"2";"% г/г";"0"
"2023-11-26";-0.7006244;"A";"Данные СберИндекса";"Неделя";"Контент и СМИ – Физические товары";"2";"% г/г";"0"
"2023-12-03";-1.2382028;"A";"Данные СберИндекса";"Неделя";"Контент и СМИ – Физические товары";"2";"% г/г";"0"
"2023-12-10";-2.02860208;"A";"Данные СберИндекса";"Неделя";"Контент и СМИ – Физические товары";"2";"% г/г";"0"
"2023-12-17";-3.07087384;"A";"Данные СберИндекса";"Неделя";"Контент и СМИ – Физические товары";"2";"% г/г";"0"
"2023-12-24";-3.36123128;"A";"Данные СберИндекса";"Неделя";"Контент и СМИ – Физические товары";"2";"% г/г";"0"
"2023-12-31";-1.73492875;"A";"Данные СберИндекса";"Неделя";"Контент и СМИ – Физические товары";"2";"% г/г";"0"
"2024-01-07";-6.53623912;"A";"Данные СберИндекса";"Неделя";"Контент и СМИ – Физические товары";"2";"% г/г";"0"
"2024-01-14";-4.35863816;"A";"Данные СберИндекса";"Неделя";"Контент и СМИ – Физические товары";"2";"% г/г";"0"
"2024-01-21";-2.97540905;"A";"Данные СберИндекса";"Неделя";"Контент и СМИ – Физические товары";"2";"% г/г";"0"
"2024-01-28";-2.59803895;"A";"Данные СберИндекса";"Неделя";"Контент и СМИ – Физические товары";"2";"% г/г";"0"
"2024-02-04";-1.19489816;"A";"Данные СберИндекса";"Неделя";"Контент и СМИ – Физические товары";"2";"% г/г";"0"
"2024-02-11";0.64596313;"A";"Данные СберИндекса";"Неделя";"Контент и СМИ – Физические товары";"2";"% г/г";"0"
"2024-02-18";0.28863071;"A";"Данные СберИндекса";"Неделя";"Контент и СМИ – Физические товары";"2";"% г/г";"0"
"2024-02-25";2.27167741;"A";"Данные СберИндекса";"Неделя";"Контент и СМИ – Физические товары";"2";"% г/г";"0"
"2024-03-03";0.71085819;"A";"Данные СберИндекса";"Неделя";"Контент и СМИ – Физические товары";"2";"% г/г";"0"
"2024-03-10";2.68987466;"A";"Данные СберИндекса";"Неделя";"Контент и СМИ – Физические товары";"2";"% г/г";"0"
"2024-03-17";-0.31785658;"A";"Данные СберИндекса";"Неделя";"Контент и СМИ – Физические товары";"2";"% г/г";"0"
"2024-03-24";-0.58560018;"A";"Данные СберИндекса";"Неделя";"Контент и СМИ – Физические товары";"2";"% г/г";"0"
"2024-03-31";2.80330339;"A";"Данные СберИндекса";"Неделя";"Контент и СМИ – Физические товары";"2";"% г/г";"0"
"2024-04-07";3.60556058;"A";"Данные СберИндекса";"Неделя";"Контент и СМИ – Физические товары";"2";"% г/г";"0"
"2024-04-14";4.84210234;"A";"Данные СберИндекса";"Неделя";"Контент и СМИ – Физические товары";"2";"% г/г";"0"
"2024-04-21";3.09274748;"A";"Данные СберИндекса";"Неделя";"Контент и СМИ – Физические товары";"2";"% г/г";"0"
"2024-04-28";2.20637337;"A";"Данные СберИндекса";"Неделя";"Контент и СМИ – Физические товары";"2";"% г/г";"0"
"2024-05-05";-0.59069497;"A";"Данные СберИндекса";"Неделя";"Контент и СМИ – Физические товары";"2";"% г/г";"0"
"2024-05-12";2.8109907;"A";"Данные СберИндекса";"Неделя";"Контент и СМИ – Физические товары";"2";"% г/г";"0"
"2024-05-19";0.48164784;"A";"Данные СберИндекса";"Неделя";"Контент и СМИ – Физические товары";"2";"% г/г";"0"
"2024-05-26";-0.68877786;"A";"Данные СберИндекса";"Неделя";"Контент и СМИ – Физические товары";"2";"% г/г";"0"
"2024-06-02";-1.27793976;"A";"Данные СберИндекса";"Неделя";"Контент и СМИ – Физические товары";"2";"% г/г";"0"
"2024-06-09";1.14778368;"A";"Данные СберИндекса";"Неделя";"Контент и СМИ – Физические товары";"2";"% г/г";"0"
"2024-06-16";2.74724648;"A";"Данные СберИндекса";"Неделя";"Контент и СМИ – Физические товары";"2";"% г/г";"0"
"2024-06-23";1.7446023;"A";"Данные СберИндекса";"Неделя";"Контент и СМИ – Физические товары";"2";"% г/г";"0"
"2024-06-30";1.97635831;"A";"Данные СберИндекса";"Неделя";"Контент и СМИ – Физические товары";"2";"% г/г";"0"
"2024-07-07";1.87941855;"A";"Данные СберИндекса";"Неделя";"Контент и СМИ – Физические товары";"2";"% г/г";"0"
"2024-07-14";0.87669763;"A";"Данные СберИндекса";"Неделя";"Контент и СМИ – Физические товары";"2";"% г/г";"0"
"2024-07-21";1.66009863;"A";"Данные СберИндекса";"Неделя";"Контент и СМИ – Физические товары";"2";"% г/г";"0"
"2024-07-28";2.21396546;"A";"Данные СберИндекса";"Неделя";"Контент и СМИ – Физические товары";"2";"% г/г";"0"
"2024-08-04";0.76727386;"A";"Данные СберИндекса";"Неделя";"Контент и СМИ – Физические товары";"2";"% г/г";"0"
"2024-08-11";-0.69162248;"A";"Данные СберИндекса";"Неделя";"Контент и СМИ – Физические товары";"2";"% г/г";"0"
"2024-08-18";-2.87133055;"A";"Данные СберИндекса";"Неделя";"Контент и СМИ – Физические товары";"2";"% г/г";"0"
"2024-08-25";-6.24182558;"A";"Данные СберИндекса";"Неделя";"Контент и СМИ – Физические товары";"2";"% г/г";"0"
"2024-09-01";-8.29539071;"A";"Данные СберИндекса";"Неделя";"Контент и СМИ – Физические товары";"2";"% г/г";"0"
"2024-09-08";-3.65493131;"A";"Данные СберИндекса";"Неделя";"Контент и СМИ – Физические товары";"2";"% г/г";"0"
"2024-09-15";-5.29841576;"A";"Данные СберИндекса";"Неделя";"Контент и СМИ – Физические товары";"2";"% г/г";"0"
"2024-09-22";-4.73243931;"A";"Данные СберИндекса";"Неделя";"Контент и СМИ – Физические товары";"2";"% г/г";"0"
"2024-09-29";-4.43698604;"A";"Данные СберИндекса";"Неделя";"Контент и СМИ – Физические товары";"2";"% г/г";"0"
"2024-10-06";-1.25791735;"A";"Данные СберИндекса";"Неделя";"Контент и СМИ – Физические товары";"2";"% г/г";"0"
"2024-10-13";-0.27803498;"A";"Данные СберИндекса";"Неделя";"Контент и СМИ – Физические товары";"2";"% г/г";"0"
"2024-10-20";0.396614;"A";"Данные СберИндекса";"Неделя";"Контент и СМИ – Физические товары";"2";"% г/г";"0"
"2024-10-27";0.84048168;"A";"Данные СберИндекса";"Неделя";"Контент и СМИ – Физические товары";"2";"% г/г";"0"
"2024-11-03";0.7394488;"A";"Данные СберИндекса";"Неделя";"Контент и СМИ – Физические товары";"2";"% г/г";"0"
"2024-11-10";-0.72640888;"A";"Данные СберИндекса";"Неделя";"Контент и СМИ – Физические товары";"2";"% г/г";"0"
"2024-11-17";-0.47080168;"A";"Данные СберИндекса";"Неделя";"Контент и СМИ – Физические товары";"2";"% г/г";"0"
"2024-11-24";-0.93162976;"A";"Данные СберИндекса";"Неделя";"Контент и СМИ – Физические товары";"2";"% г/г";"0"
"2024-12-01";1.68613382;"A";"Данные СберИндекса";"Неделя";"Контент и СМИ – Физические товары";"2";"% г/г";"0"
"2024-12-08";2.65001688;"A";"Данные СберИндекса";"Неделя";"Контент и СМИ – Физические товары";"2";"% г/г";"0"
"2024-12-15";2.34753838;"A";"Данные СберИндекса";"Неделя";"Контент и СМИ – Физические товары";"2";"% г/г";"0"
"2024-12-22";-0.17352149;"A";"Данные СберИндекса";"Неделя";"Контент и СМИ – Физические товары";"2";"% г/г";"0"
"2024-12-29";1.51259577;"A";"Данные СберИндекса";"Неделя";"Контент и СМИ – Физические товары";"2";"% г/г";"0"
"2025-01-05";15.70499065;"A";"Данные СберИндекса";"Неделя";"Контент и СМИ – Физические товары";"2";"% г/г";"0"
"2025-01-12";6.40350784;"A";"Данные СберИндекса";"Неделя";"Контент и СМИ – Физические товары";"2";"% г/г";"0"
"2025-01-19";5.0315651;"A";"Данные СберИндекса";"Неделя";"Контент и СМИ – Физические товары";"2";"% г/г";"0"
"2025-01-26";4.24824379;"A";"Данные СберИндекса";"Неделя";"Контент и СМИ – Физические товары";"2";"% г/г";"0"
"2025-02-02";2.04700205;"A";"Данные СберИндекса";"Неделя";"Контент и СМИ – Физические товары";"2";"% г/г";"0"
"2025-02-09";-0.13163015;"A";"Данные СберИндекса";"Неделя";"Контент и СМИ – Физические товары";"2";"% г/г";"0"
"2025-02-16";1.17232739;"A";"Данные СберИндекса";"Неделя";"Контент и СМИ – Физические товары";"2";"% г/г";"0"
"2025-02-23";-0.35435859;"A";"Данные СберИндекса";"Неделя";"Контент и СМИ – Физические товары";"2";"% г/г";"0"
"2025-03-02";-1.16231828;"A";"Данные СберИндекса";"Неделя";"Контент и СМИ – Физические товары";"2";"% г/г";"0"
"2025-03-09";0.37373705;"A";"Данные СберИндекса";"Неделя";"Контент и СМИ – Физические товары";"2";"% г/г";"0"
"2025-03-16";2.68150603;"A";"Данные СберИндекса";"Неделя";"Контент и СМИ – Физические товары";"2";"% г/г";"0"
"2025-03-23";3.34287317;"A";"Данные СберИндекса";"Неделя";"Контент и СМИ – Физические товары";"2";"% г/г";"0"
"2025-03-30";0.84028829;"A";"Данные СберИндекса";"Неделя";"Контент и СМИ – Физические товары";"2";"% г/г";"0"
"2025-04-06";-0.26314602;"A";"Данные СберИндекса";"Неделя";"Контент и СМИ – Физические товары";"2";"% г/г";"0"
"2025-04-13";1.95183694;"A";"Данные СберИндекса";"Неделя";"Контент и СМИ – Физические товары";"2";"% г/г";"0"
"2025-04-20";-0.34774153;"A";"Данные СберИндекса";"Неделя";"Контент и СМИ – Физические товары";"2";"% г/г";"0"
"2025-04-27";1.47471632;"A";"Данные СберИндекса";"Неделя";"Контент и СМИ – Физические товары";"2";"% г/г";"0"
"2025-05-04";4.44354893;"A";"Данные СберИндекса";"Неделя";"Контент и СМИ – Физические товары";"2";"% г/г";"0"
"2025-05-11";1.31426223;"A";"Данные СберИндекса";"Неделя";"Контент и СМИ – Физические товары";"2";"% г/г";"0"
"2025-05-18";1.47685772;"A";"Данные СберИндекса";"Неделя";"Контент и СМИ – Физические товары";"2";"% г/г";"0"
"2025-05-25";1.11607646;"A";"Данные СберИндекса";"Неделя";"Контент и СМИ – Физические товары";"2";"% г/г";"0"
"2025-06-01";1.10863522;"A";"Данные СберИндекса";"Неделя";"Контент и СМИ – Физические товары";"2";"% г/г";"0"
"2025-06-08";-0.52295212;"A";"Данные СберИндекса";"Неделя";"Контент и СМИ – Физические товары";"2";"% г/г";"0"
"2025-06-15";-0.34457784;"A";"Данные СберИндекса";"Неделя";"Контент и СМИ – Физические товары";"2";"% г/г";"0"
"2025-06-22";0.95083955;"A";"Данные СберИндекса";"Неделя";"Контент и СМИ – Физические товары";"2";"% г/г";"0"
"2025-06-29";1.03901181;"A";"Данные СберИндекса";"Неделя";"Контент и СМИ – Физические товары";"2";"% г/г";"0"
"2025-07-06";0.29911426;"A";"Данные СберИндекса";"Неделя";"Контент и СМИ – Физические товары";"2";"% г/г";"0"
"2025-07-13";-1.912689;"A";"Данные СберИндекса";"Неделя";"Контент и СМИ – Физические товары";"2";"% г/г";"0"
"2025-07-20";-1.71716665;"A";"Данные СберИндекса";"Неделя";"Контент и СМИ – Физические товары";"2";"% г/г";"0"
"2025-07-27";-2.39960423;"A";"Данные СберИндекса";"Неделя";"Контент и СМИ – Физические товары";"2";"% г/г";"0"
"2025-08-03";-4.34100118;"A";"Данные СберИндекса";"Неделя";"Контент и СМИ – Физические товары";"2";"% г/г";"0"
"2025-08-10";-4.65012033;"A";"Данные СберИндекса";"Неделя";"Контент и СМИ – Физические товары";"2";"% г/г";"0"
"2025-08-17";-3.74322695;"A";"Данные СберИндекса";"Неделя";"Контент и СМИ – Физические товары";"2";"% г/г";"0"
"2025-08-24";-3.78489664;"A";"Данные СберИндекса";"Неделя";"Контент и СМИ – Физические товары";"2";"% г/г";"0"
"2025-08-31";-4.60470223;"A";"Данные СберИндекса";"Неделя";"Контент и СМИ – Физические товары";"2";"% г/г";"0"
"2025-09-07";-8.23601189;"A";"Данные СберИндекса";"Неделя";"Контент и СМИ – Физические товары";"2";"% г/г";"0"
"2025-09-14";-9.08203273;"A";"Данные СберИндекса";"Неделя";"Контент и СМИ – Физические товары";"2";"% г/г";"0"
"2025-09-21";-7.53098442;"A";"Данные СберИндекса";"Неделя";"Контент и СМИ – Физические товары";"2";"% г/г";"0"
"2025-09-28";-6.23967138;"A";"Данные СберИндекса";"Неделя";"Контент и СМИ – Физические товары";"2";"% г/г";"0"
"2025-10-05";-4.33746255;"A";"Данные СберИндекса";"Неделя";"Контент и СМИ – Физические товары";"2";"% г/г";"0"
"2025-10-12";-2.42819412;"A";"Данные СберИндекса";"Неделя";"Контент и СМИ – Физические товары";"2";"% г/г";"0"
"2025-10-19";-3.07189115;"A";"Данные СберИндекса";"Неделя";"Контент и СМИ – Физические товары";"2";"% г/г";"0"
"2025-10-26";-3.2435016;"A";"Данные СберИндекса";"Неделя";"Контент и СМИ – Физические товары";"2";"% г/г";"0"
"2025-11-02";-3.40952896;"A";"Данные СберИндекса";"Неделя";"Контент и СМИ – Физические товары";"2";"% г/г";"0"
"2025-11-09";-3.72514803;"A";"Данные СберИндекса";"Неделя";"Контент и СМИ – Физические товары";"2";"% г/г";"0"
"2025-11-16";-2.18446606;"A";"Данные СберИндекса";"Неделя";"Контент и СМИ – Физические товары";"2";"% г/г";"0"
"2025-11-23";-1.98509059;"A";"Данные СберИндекса";"Неделя";"Контент и СМИ – Физические товары";"2";"% г/г";"0"
"2025-11-30";-2.66435487;"A";"Данные СберИндекса";"Неделя";"Контент и СМИ – Физические товары";"2";"% г/г";"0"
"2025-12-07";-2.83792971;"A";"Данные СберИндекса";"Неделя";"Контент и СМИ – Физические товары";"2";"% г/г";"0"
"2025-12-14";-3.93713179;"A";"Данные СберИндекса";"Неделя";"Контент и СМИ – Физические товары";"2";"% г/г";"0"
"2025-12-21";-4.82258486;"A";"Данные СберИндекса";"Неделя";"Контент и СМИ – Физические товары";"2";"% г/г";"0"
"2025-12-28";-7.8267642;"A";"Данные СберИндекса";"Неделя";"Контент и СМИ – Физические товары";"2";"% г/г";"0"
"2026-01-04";-1.59049087;"A";"Данные СберИндекса";"Неделя";"Контент и СМИ – Физические товары";"2";"% г/г";"0"
"2026-01-11";-5.70935592;"A";"Данные СберИндекса";"Неделя";"Контент и СМИ – Физические товары";"2";"% г/г";"0"
"2026-01-18";-9.26701401;"A";"Данные СберИндекса";"Неделя";"Контент и СМИ – Физические товары";"2";"% г/г";"0"
"2026-01-25";-9.19008014;"A";"Данные СберИндекса";"Неделя";"Контент и СМИ – Физические товары";"2";"% г/г";"0"
"2026-02-01";-9.79386594;"A";"Данные СберИндекса";"Неделя";"Контент и СМИ – Физические товары";"2";"% г/г";"0"
"2026-02-08";-9.34828114;"A";"Данные СберИндекса";"Неделя";"Контент и СМИ – Физические товары";"2";"% г/г";"0"
"2026-02-15";-8.70554645;"A";"Данные СберИндекса";"Неделя";"Контент и СМИ – Физические товары";"2";"% г/г";"0"
"2026-02-22";-8.70248302;"A";"Данные СберИндекса";"Неделя";"Контент и СМИ – Физические товары";"2";"% г/г";"0"
"2026-03-01";-6.66211264;"A";"Данные СберИндекса";"Неделя";"Контент и СМИ – Физические товары";"2";"% г/г";"0"
"2026-03-08";-6.16534708;"A";"Данные СберИндекса";"Неделя";"Контент и СМИ – Физические товары";"2";"% г/г";"0"
"2026-03-15";-4.64030284;"A";"Данные СберИндекса";"Неделя";"Контент и СМИ – Физические товары";"2";"% г/г";"0"
"2026-03-22";-4.83269797;"A";"Данные СберИндекса";"Неделя";"Контент и СМИ – Физические товары";"2";"% г/г";"0"
"2026-03-29";-5.35842874;"A";"Данные СберИндекса";"Неделя";"Контент и СМИ – Физические товары";"2";"% г/г";"0"
"2026-04-05";-4.50083609;"A";"Данные СберИндекса";"Неделя";"Контент и СМИ – Физические товары";"2";"% г/г";"0"
"2026-04-12";-6.369651;"A";"Данные СберИндекса";"Неделя";"Контент и СМИ – Физические товары";"2";"% г/г";"0"
"2026-04-19";0.18251453;"A";"Данные СберИндекса";"Неделя";"Контент и СМИ – Физические товары";"2";"% г/г";"0"
"2026-04-26";-0.94751958;"A";"Данные СберИндекса";"Неделя";"Контент и СМИ – Физические товары";"2";"% г/г";"0"
"2026-05-03";-0.43036424;"A";"Данные СберИндекса";"Неделя";"Контент и СМИ – Физические товары";"2";"% г/г";"0"
"2026-05-10";-0.90318431;"A";"Данные СберИндекса";"Неделя";"Контент и СМИ – Физические товары";"2";"% г/г";"0"
"2026-05-17";-2.49871903;"A";"Данные СберИндекса";"Неделя";"Контент и СМИ – Физические товары";"2";"% г/г";"0"
"2026-05-24";-1.424328;"A";"Данные СберИндекса";"Неделя";"Контент и СМИ – Физические товары";"2";"% г/г";"0"
"2026-05-31";0.32824587;"A";"Данные СберИндекса";"Неделя";"Контент и СМИ – Физические товары";"2";"% г/г";"0"
"2026-06-07";0.04663564;"A";"Данные СберИндекса";"Неделя";"Контент и СМИ – Физические товары";"2";"% г/г";"0"
"2026-06-14";-0.05617648;"A";"Данные СберИндекса";"Неделя";"Контент и СМИ – Физические товары";"2";"% г/г";"0"
"2026-06-21";-0.45666507;"A";"Данные СберИндекса";"Неделя";"Контент и СМИ – Физические товары";"2";"% г/г";"0"
"2026-06-28";-0.55033817;"A";"Данные СберИндекса";"Неделя";"Контент и СМИ – Физические товары";"2";"% г/г";"0"
"2026-07-05";-0.65158676;"A";"Данные СберИндекса";"Неделя";"Контент и СМИ – Физические товары";"2";"% г/г";"0"
"2026-07-12";2.03429815;"A";"Данные СберИндекса";"Неделя";"Контент и СМИ – Физические товары";"2";"% г/г";"0"
"2026-07-19";2.53355621;"A";"Данные СберИндекса";"Неделя";"Контент и СМИ – Физические товары";"2";"% г/г";"0"
"2026-07-26";2.69701335;"A";"Данные СберИндекса";"Неделя";"Контент и СМИ – Физические товары";"2";"% г/г";"0"
"2026-08-02";2.40861054;"A";"Данные СберИндекса";"Неделя";"Контент и СМИ – Физические товары";"2";"% г/г";"0"
"2026-08-09";1.46953626;"A";"Данные СберИндекса";"Неделя";"Контент и СМИ – Физические товары";"2";"% г/г";"0"
"2026-08-16";4.18536077;"A";"Данные СберИндекса";"Неделя";"Контент и СМИ – Физические товары";"2";"% г/г";"0"
"2026-08-23";3.59229532;"A";"Данные СберИндекса";"Неделя";"Контент и СМИ – Физические товары";"2";"% г/г";"0"
"2026-08-30";3.24948262;"A";"Данные СберИндекса";"Неделя";"Контент и СМИ – Физические товары";"2";"% г/г";"0"
"2026-09-06";7.39193374;"A";"Данные СберИндекса";"Неделя";"Контент и СМИ – Физические товары";"2";"% г/г";"0"
"2026-09-13";7.86670645;"A";"Данные СберИндекса";"Неделя";"Контент и СМИ – Физические товары";"2";"% г/г";"0"
"2026-09-20";6.72256358;"A";"Данные СберИндекса";"Неделя";"Контент и СМИ – Физические товары";"2";"% г/г";"0"
"2026-09-27";6.19948123;"A";"Данные СберИндекса";"Неделя";"Контент и СМИ – Физические товары";"2";"% г/г";"0"
"2026-10-04";5.69222695;"A";"Данные СберИндекса";"Неделя";"Контент и СМИ – Физические товары";"2";"% г/г";"0"